Experiment,E2E_GFLOPs/Sample,E2E_Latency_ms/Sample,E2E_Total_Params,E2E_Param_Mem_MB,Max_Peak_VRAM_MB,FM_GFLOPs/Sample,FM_Latency_ms/Sample,Geom_GFLOPs/Sample,Geom_Latency_ms/Sample,Classifier_GFLOPs/Sample,Classifier_Latency_ms/Sample,Classifier_Total_Params,Classifier_Param_Mem_MB,Classifier_XGB_Model_Mem_MB,Classifier_Peak_VRAM_MB
train2__val_center_dna_prot_nt_v1_500m_esm1b_650m_PyTorch_Concat__Train2Val_Test,231.7942,9.35,1139801633,2177.33,1961.98,,,,,,,,,,
train2__val_center_dna_prot_nt_v1_500m_esm1b_650m_PyTorch_Concat__Train2Val_ClinVarHQ,231.7942,9.85,1139801633,2177.33,1961.98,,,,,,,,,,
train2__val_center_dna_prot_nt_v1_500m_esm1b_650m_PyTorch_Concat__Train2Val_UniProt,231.7942,9.85,1139801633,2177.33,1961.98,,,,,,,,,,
train2__val_center_dna_prot_nt_v1_500m_esm1b_650m_PyTorch_Concat__Train2Val_ProteinGym,231.7942,9.87,1139801633,2177.33,1961.98,,,,,,,,,,
train2__val_center_dna_prot_nt_v1_500m_esm1b_650m_PyTorch_CrossAttn__Train2Val_Test,231.7942,9.36,1141902881,2185.35,1961.98,,,,,,,,,,
train2__val_center_dna_prot_nt_v1_500m_esm1b_650m_PyTorch_CrossAttn__Train2Val_ClinVarHQ,231.7942,9.87,1141902881,2185.35,1961.98,,,,,,,,,,
train2__val_center_dna_prot_nt_v1_500m_esm1b_650m_PyTorch_CrossAttn__Train2Val_UniProt,231.7942,9.86,1141902881,2185.35,1961.98,,,,,,,,,,
train2__val_center_dna_prot_nt_v1_500m_esm1b_650m_PyTorch_CrossAttn__Train2Val_ProteinGym,231.7942,9.88,1141902881,2185.35,1961.98,,,,,,,,,,
train2__val_center_dna_prot_nt_v1_500m_esm1b_650m_PyTorch_Transformer__Train2Val_Test,231.8026,9.36,1142955041,2189.36,1961.98,,,,,,,,,,
train2__val_center_dna_prot_nt_v1_500m_esm1b_650m_PyTorch_Transformer__Train2Val_ClinVarHQ,231.8026,9.88,1142955041,2189.36,1961.98,,,,,,,,,,
train2__val_center_dna_prot_nt_v1_500m_esm1b_650m_PyTorch_Transformer__Train2Val_UniProt,231.8026,9.87,1142955041,2189.36,1961.98,,,,,,,,,,
train2__val_center_dna_prot_nt_v1_500m_esm1b_650m_PyTorch_Transformer__Train2Val_ProteinGym,231.8026,9.9,1142955041,2189.36,1961.98,,,,,,,,,,
train2__val_center_dna_prot_nt_v1_500m_esm1b_650m_PyTorch_Gating__Train2Val_Test,231.7948,9.35,1140128801,2178.58,1961.98,,,,,,,,,,
train2__val_center_dna_prot_nt_v1_500m_esm1b_650m_PyTorch_Gating__Train2Val_ClinVarHQ,231.7948,9.87,1140128801,2178.58,1961.98,,,,,,,,,,
train2__val_center_dna_prot_nt_v1_500m_esm1b_650m_PyTorch_Gating__Train2Val_UniProt,231.7948,9.85,1140128801,2178.58,1961.98,,,,,,,,,,
train2__val_center_dna_prot_nt_v1_500m_esm1b_650m_PyTorch_Gating__Train2Val_ProteinGym,231.7948,9.88,1140128801,2178.58,1961.98,,,,,,,,,,
train2__val_center_dna_prot_nt_v1_500m_esm1b_650m_Pure_XGBoost_Concat__Train2Val_Test,231.7942,9.35,1139801633,2177.33,1961.98,,,,,,,,,,
train2__val_center_dna_prot_nt_v1_500m_esm1b_650m_Pure_XGBoost_Concat__Train2Val_ClinVarHQ,231.7942,9.86,1139801633,2177.33,1961.98,,,,,,,,,,
train2__val_center_dna_prot_nt_v1_500m_esm1b_650m_Pure_XGBoost_Concat__Train2Val_UniProt,231.7942,9.85,1139801633,2177.33,1961.98,,,,,,,,,,
train2__val_center_dna_prot_nt_v1_500m_esm1b_650m_Pure_XGBoost_Concat__Train2Val_ProteinGym,231.7942,9.88,1139801633,2177.33,1961.98,,,,,,,,,,
train2__val_center_dna_prot_nt_v1_500m_esm1b_650m_Hybrid_Concat_XGBoost__Train2Val_Test,231.7942,9.34,1139801633,2177.33,1961.98,,,,,,,,,,
train2__val_center_dna_prot_nt_v1_500m_esm1b_650m_Hybrid_Concat_XGBoost__Train2Val_ClinVarHQ,231.7942,9.85,1139801633,2177.33,1961.98,,,,,,,,,,
train2__val_center_dna_prot_nt_v1_500m_esm1b_650m_Hybrid_Concat_XGBoost__Train2Val_UniProt,231.7942,9.84,1139801633,2177.33,1961.98,,,,,,,,,,
train2__val_center_dna_prot_nt_v1_500m_esm1b_650m_Hybrid_Concat_XGBoost__Train2Val_ProteinGym,231.7942,9.87,1139801633,2177.33,1961.98,,,,,,,,,,
train2__val_center_dna_prot_nt_v1_500m_esm1b_650m_Hybrid_CrossAttn_XGBoost__Train2Val_Test,231.7942,9.34,1141902881,2185.35,1961.98,,,,,,,,,,
train2__val_center_dna_prot_nt_v1_500m_esm1b_650m_Hybrid_CrossAttn_XGBoost__Train2Val_ClinVarHQ,231.7942,9.85,1141902881,2185.35,1961.98,,,,,,,,,,
train2__val_center_dna_prot_nt_v1_500m_esm1b_650m_Hybrid_CrossAttn_XGBoost__Train2Val_UniProt,231.7942,9.85,1141902881,2185.35,1961.98,,,,,,,,,,
train2__val_center_dna_prot_nt_v1_500m_esm1b_650m_Hybrid_CrossAttn_XGBoost__Train2Val_ProteinGym,231.7942,9.87,1141902881,2185.35,1961.98,,,,,,,,,,
train2__val_center_dna_prot_nt_v1_500m_esm1b_650m_Hybrid_Transformer_XGBoost__Train2Val_Test,231.8026,9.34,1142955041,2189.36,1961.98,,,,,,,,,,
train2__val_center_dna_prot_nt_v1_500m_esm1b_650m_Hybrid_Transformer_XGBoost__Train2Val_ClinVarHQ,231.8026,9.86,1142955041,2189.36,1961.98,,,,,,,,,,
train2__val_center_dna_prot_nt_v1_500m_esm1b_650m_Hybrid_Transformer_XGBoost__Train2Val_UniProt,231.8026,9.84,1142955041,2189.36,1961.98,,,,,,,,,,
train2__val_center_dna_prot_nt_v1_500m_esm1b_650m_Hybrid_Transformer_XGBoost__Train2Val_ProteinGym,231.8026,9.87,1142955041,2189.36,1961.98,,,,,,,,,,
train2__val_center_dna_prot_nt_v1_500m_esm1b_650m_Hybrid_Gating_XGBoost__Train2Val_Test,231.7948,9.34,1140128801,2178.58,1961.98,,,,,,,,,,
train2__val_center_dna_prot_nt_v1_500m_esm1b_650m_Hybrid_Gating_XGBoost__Train2Val_ClinVarHQ,231.7948,9.85,1140128801,2178.58,1961.98,,,,,,,,,,
train2__val_center_dna_prot_nt_v1_500m_esm1b_650m_Hybrid_Gating_XGBoost__Train2Val_UniProt,231.7948,9.84,1140128801,2178.58,1961.98,,,,,,,,,,
train2__val_center_dna_prot_nt_v1_500m_esm1b_650m_Hybrid_Gating_XGBoost__Train2Val_ProteinGym,231.7948,9.87,1140128801,2178.58,1961.98,,,,,,,,,,
train2__val_center_dna_prot_nt_v1_500m_esm2_650m_PyTorch_Concat__Train2Val_Test,231.7932,10.02,1138485793,2174.82,1686.1,,,,,,,,,,
train2__val_center_dna_prot_nt_v1_500m_esm2_650m_PyTorch_Concat__Train2Val_ClinVarHQ,231.7932,10.37,1138485793,2174.82,1686.1,,,,,,,,,,
train2__val_center_dna_prot_nt_v1_500m_esm2_650m_PyTorch_Concat__Train2Val_UniProt,231.7932,10.35,1138485793,2174.82,1686.1,,,,,,,,,,
train2__val_center_dna_prot_nt_v1_500m_esm2_650m_PyTorch_Concat__Train2Val_ProteinGym,231.7932,10.36,1138485793,2174.82,1686.1,,,,,,,,,,
train2__val_center_dna_prot_nt_v1_500m_esm2_650m_PyTorch_CrossAttn__Train2Val_Test,231.7932,10.02,1140587041,2182.84,1686.1,,,,,,,,,,
train2__val_center_dna_prot_nt_v1_500m_esm2_650m_PyTorch_CrossAttn__Train2Val_ClinVarHQ,231.7932,10.38,1140587041,2182.84,1686.1,,,,,,,,,,
train2__val_center_dna_prot_nt_v1_500m_esm2_650m_PyTorch_CrossAttn__Train2Val_UniProt,231.7932,10.35,1140587041,2182.84,1686.1,,,,,,,,,,
train2__val_center_dna_prot_nt_v1_500m_esm2_650m_PyTorch_CrossAttn__Train2Val_ProteinGym,231.7932,10.37,1140587041,2182.84,1686.1,,,,,,,,,,
train2__val_center_dna_prot_nt_v1_500m_esm2_650m_PyTorch_Transformer__Train2Val_Test,231.8016,10.04,1141639201,2186.85,1686.1,,,,,,,,,,
train2__val_center_dna_prot_nt_v1_500m_esm2_650m_PyTorch_Transformer__Train2Val_ClinVarHQ,231.8016,10.38,1141639201,2186.85,1686.1,,,,,,,,,,
train2__val_center_dna_prot_nt_v1_500m_esm2_650m_PyTorch_Transformer__Train2Val_UniProt,231.8016,10.36,1141639201,2186.85,1686.1,,,,,,,,,,
train2__val_center_dna_prot_nt_v1_500m_esm2_650m_PyTorch_Transformer__Train2Val_ProteinGym,231.8016,10.38,1141639201,2186.85,1686.1,,,,,,,,,,
train2__val_center_dna_prot_nt_v1_500m_esm2_650m_PyTorch_Gating__Train2Val_Test,231.7938,10.02,1138812961,2176.07,1686.1,,,,,,,,,,
train2__val_center_dna_prot_nt_v1_500m_esm2_650m_PyTorch_Gating__Train2Val_ClinVarHQ,231.7938,10.37,1138812961,2176.07,1686.1,,,,,,,,,,
train2__val_center_dna_prot_nt_v1_500m_esm2_650m_PyTorch_Gating__Train2Val_UniProt,231.7938,10.35,1138812961,2176.07,1686.1,,,,,,,,,,
train2__val_center_dna_prot_nt_v1_500m_esm2_650m_PyTorch_Gating__Train2Val_ProteinGym,231.7938,10.36,1138812961,2176.07,1686.1,,,,,,,,,,
train2__val_center_dna_prot_nt_v1_500m_esm2_650m_Pure_XGBoost_Concat__Train2Val_Test,231.7932,10.02,1138485793,2174.82,1686.1,,,,,,,,,,
train2__val_center_dna_prot_nt_v1_500m_esm2_650m_Pure_XGBoost_Concat__Train2Val_ClinVarHQ,231.7932,10.37,1138485793,2174.82,1686.1,,,,,,,,,,
train2__val_center_dna_prot_nt_v1_500m_esm2_650m_Pure_XGBoost_Concat__Train2Val_UniProt,231.7932,10.35,1138485793,2174.82,1686.1,,,,,,,,,,
train2__val_center_dna_prot_nt_v1_500m_esm2_650m_Pure_XGBoost_Concat__Train2Val_ProteinGym,231.7932,10.36,1138485793,2174.82,1686.1,,,,,,,,,,
train2__val_center_dna_prot_nt_v1_500m_esm2_650m_Hybrid_Concat_XGBoost__Train2Val_Test,231.7932,10.01,1138485793,2174.82,1686.1,,,,,,,,,,
train2__val_center_dna_prot_nt_v1_500m_esm2_650m_Hybrid_Concat_XGBoost__Train2Val_ClinVarHQ,231.7932,10.36,1138485793,2174.82,1686.1,,,,,,,,,,
train2__val_center_dna_prot_nt_v1_500m_esm2_650m_Hybrid_Concat_XGBoost__Train2Val_UniProt,231.7932,10.34,1138485793,2174.82,1686.1,,,,,,,,,,
train2__val_center_dna_prot_nt_v1_500m_esm2_650m_Hybrid_Concat_XGBoost__Train2Val_ProteinGym,231.7932,10.35,1138485793,2174.82,1686.1,,,,,,,,,,
train2__val_center_dna_prot_nt_v1_500m_esm2_650m_Hybrid_CrossAttn_XGBoost__Train2Val_Test,231.7932,10.01,1140587041,2182.84,1686.1,,,,,,,,,,
train2__val_center_dna_prot_nt_v1_500m_esm2_650m_Hybrid_CrossAttn_XGBoost__Train2Val_ClinVarHQ,231.7932,10.37,1140587041,2182.84,1686.1,,,,,,,,,,
train2__val_center_dna_prot_nt_v1_500m_esm2_650m_Hybrid_CrossAttn_XGBoost__Train2Val_UniProt,231.7932,10.34,1140587041,2182.84,1686.1,,,,,,,,,,
train2__val_center_dna_prot_nt_v1_500m_esm2_650m_Hybrid_CrossAttn_XGBoost__Train2Val_ProteinGym,231.7932,10.35,1140587041,2182.84,1686.1,,,,,,,,,,
train2__val_center_dna_prot_nt_v1_500m_esm2_650m_Hybrid_Transformer_XGBoost__Train2Val_Test,231.8016,10.01,1141639201,2186.85,1686.1,,,,,,,,,,
train2__val_center_dna_prot_nt_v1_500m_esm2_650m_Hybrid_Transformer_XGBoost__Train2Val_ClinVarHQ,231.8016,10.36,1141639201,2186.85,1686.1,,,,,,,,,,
train2__val_center_dna_prot_nt_v1_500m_esm2_650m_Hybrid_Transformer_XGBoost__Train2Val_UniProt,231.8016,10.34,1141639201,2186.85,1686.1,,,,,,,,,,
train2__val_center_dna_prot_nt_v1_500m_esm2_650m_Hybrid_Transformer_XGBoost__Train2Val_ProteinGym,231.8016,10.35,1141639201,2186.85,1686.1,,,,,,,,,,
train2__val_center_dna_prot_nt_v1_500m_esm2_650m_Hybrid_Gating_XGBoost__Train2Val_Test,231.7938,10.01,1138812961,2176.07,1686.1,,,,,,,,,,
train2__val_center_dna_prot_nt_v1_500m_esm2_650m_Hybrid_Gating_XGBoost__Train2Val_ClinVarHQ,231.7938,10.36,1138812961,2176.07,1686.1,,,,,,,,,,
train2__val_center_dna_prot_nt_v1_500m_esm2_650m_Hybrid_Gating_XGBoost__Train2Val_UniProt,231.7938,10.34,1138812961,2176.07,1686.1,,,,,,,,,,
train2__val_center_dna_prot_nt_v1_500m_esm2_650m_Hybrid_Gating_XGBoost__Train2Val_ProteinGym,231.7938,10.35,1138812961,2176.07,1686.1,,,,,,,,,,
train2__val_center_dna_prot_nt_v1_500m_esmc_600m_PyTorch_Concat__Train2Val_Test,216.1122,8.54,1062413995,2029.6,1656.34,,,,,,,,,,
train2__val_center_dna_prot_nt_v1_500m_esmc_600m_PyTorch_Concat__Train2Val_ClinVarHQ,216.1122,8.98,1062413995,2029.6,1656.34,,,,,,,,,,
train2__val_center_dna_prot_nt_v1_500m_esmc_600m_PyTorch_Concat__Train2Val_UniProt,216.1122,8.89,1062413995,2029.6,1656.34,,,,,,,,,,
train2__val_center_dna_prot_nt_v1_500m_esmc_600m_PyTorch_Concat__Train2Val_ProteinGym,216.1122,8.91,1062413995,2029.6,1656.34,,,,,,,,,,
train2__val_center_dna_prot_nt_v1_500m_esmc_600m_PyTorch_CrossAttn__Train2Val_Test,216.1122,8.55,1064515243,2037.62,1656.34,,,,,,,,,,
train2__val_center_dna_prot_nt_v1_500m_esmc_600m_PyTorch_CrossAttn__Train2Val_ClinVarHQ,216.1122,8.98,1064515243,2037.62,1656.34,,,,,,,,,,
train2__val_center_dna_prot_nt_v1_500m_esmc_600m_PyTorch_CrossAttn__Train2Val_UniProt,216.1122,8.9,1064515243,2037.62,1656.34,,,,,,,,,,
train2__val_center_dna_prot_nt_v1_500m_esmc_600m_PyTorch_CrossAttn__Train2Val_ProteinGym,216.1122,8.92,1064515243,2037.62,1656.34,,,,,,,,,,
train2__val_center_dna_prot_nt_v1_500m_esmc_600m_PyTorch_Transformer__Train2Val_Test,216.1206,8.56,1065567403,2041.63,1656.34,,,,,,,,,,
train2__val_center_dna_prot_nt_v1_500m_esmc_600m_PyTorch_Transformer__Train2Val_ClinVarHQ,216.1206,9.0,1065567403,2041.63,1656.34,,,,,,,,,,
train2__val_center_dna_prot_nt_v1_500m_esmc_600m_PyTorch_Transformer__Train2Val_UniProt,216.1206,8.9,1065567403,2041.63,1656.34,,,,,,,,,,
train2__val_center_dna_prot_nt_v1_500m_esmc_600m_PyTorch_Transformer__Train2Val_ProteinGym,216.1206,8.92,1065567403,2041.63,1656.34,,,,,,,,,,
train2__val_center_dna_prot_nt_v1_500m_esmc_600m_PyTorch_Gating__Train2Val_Test,216.1128,8.55,1062741163,2030.85,1656.34,,,,,,,,,,
train2__val_center_dna_prot_nt_v1_500m_esmc_600m_PyTorch_Gating__Train2Val_ClinVarHQ,216.1128,8.98,1062741163,2030.85,1656.34,,,,,,,,,,
train2__val_center_dna_prot_nt_v1_500m_esmc_600m_PyTorch_Gating__Train2Val_UniProt,216.1128,8.89,1062741163,2030.85,1656.34,,,,,,,,,,
train2__val_center_dna_prot_nt_v1_500m_esmc_600m_PyTorch_Gating__Train2Val_ProteinGym,216.1128,8.91,1062741163,2030.85,1656.34,,,,,,,,,,
train2__val_center_dna_prot_nt_v1_500m_esmc_600m_Pure_XGBoost_Concat__Train2Val_Test,216.1122,8.55,1062413995,2029.6,1656.34,,,,,,,,,,
train2__val_center_dna_prot_nt_v1_500m_esmc_600m_Pure_XGBoost_Concat__Train2Val_ClinVarHQ,216.1122,8.98,1062413995,2029.6,1656.34,,,,,,,,,,
train2__val_center_dna_prot_nt_v1_500m_esmc_600m_Pure_XGBoost_Concat__Train2Val_UniProt,216.1122,8.89,1062413995,2029.6,1656.34,,,,,,,,,,
train2__val_center_dna_prot_nt_v1_500m_esmc_600m_Pure_XGBoost_Concat__Train2Val_ProteinGym,216.1122,8.91,1062413995,2029.6,1656.34,,,,,,,,,,
train2__val_center_dna_prot_nt_v1_500m_esmc_600m_Hybrid_Concat_XGBoost__Train2Val_Test,216.1122,8.54,1062413995,2029.6,1656.34,,,,,,,,,,
train2__val_center_dna_prot_nt_v1_500m_esmc_600m_Hybrid_Concat_XGBoost__Train2Val_ClinVarHQ,216.1122,8.97,1062413995,2029.6,1656.34,,,,,,,,,,
train2__val_center_dna_prot_nt_v1_500m_esmc_600m_Hybrid_Concat_XGBoost__Train2Val_UniProt,216.1122,8.88,1062413995,2029.6,1656.34,,,,,,,,,,
train2__val_center_dna_prot_nt_v1_500m_esmc_600m_Hybrid_Concat_XGBoost__Train2Val_ProteinGym,216.1122,8.9,1062413995,2029.6,1656.34,,,,,,,,,,
train2__val_center_dna_prot_nt_v1_500m_esmc_600m_Hybrid_CrossAttn_XGBoost__Train2Val_Test,216.1122,8.54,1064515243,2037.62,1656.34,,,,,,,,,,
train2__val_center_dna_prot_nt_v1_500m_esmc_600m_Hybrid_CrossAttn_XGBoost__Train2Val_ClinVarHQ,216.1122,8.97,1064515243,2037.62,1656.34,,,,,,,,,,
train2__val_center_dna_prot_nt_v1_500m_esmc_600m_Hybrid_CrossAttn_XGBoost__Train2Val_UniProt,216.1122,8.88,1064515243,2037.62,1656.34,,,,,,,,,,
train2__val_center_dna_prot_nt_v1_500m_esmc_600m_Hybrid_CrossAttn_XGBoost__Train2Val_ProteinGym,216.1122,8.9,1064515243,2037.62,1656.34,,,,,,,,,,
train2__val_center_dna_prot_nt_v1_500m_esmc_600m_Hybrid_Transformer_XGBoost__Train2Val_Test,216.1206,8.54,1065567403,2041.63,1656.34,,,,,,,,,,
train2__val_center_dna_prot_nt_v1_500m_esmc_600m_Hybrid_Transformer_XGBoost__Train2Val_ClinVarHQ,216.1206,8.98,1065567403,2041.63,1656.34,,,,,,,,,,
train2__val_center_dna_prot_nt_v1_500m_esmc_600m_Hybrid_Transformer_XGBoost__Train2Val_UniProt,216.1206,8.88,1065567403,2041.63,1656.34,,,,,,,,,,
train2__val_center_dna_prot_nt_v1_500m_esmc_600m_Hybrid_Transformer_XGBoost__Train2Val_ProteinGym,216.1206,8.9,1065567403,2041.63,1656.34,,,,,,,,,,
train2__val_center_dna_prot_nt_v1_500m_esmc_600m_Hybrid_Gating_XGBoost__Train2Val_Test,216.1128,8.54,1062741163,2030.85,1656.34,,,,,,,,,,
train2__val_center_dna_prot_nt_v1_500m_esmc_600m_Hybrid_Gating_XGBoost__Train2Val_ClinVarHQ,216.1128,8.97,1062741163,2030.85,1656.34,,,,,,,,,,
train2__val_center_dna_prot_nt_v1_500m_esmc_600m_Hybrid_Gating_XGBoost__Train2Val_UniProt,216.1128,8.88,1062741163,2030.85,1656.34,,,,,,,,,,
train2__val_center_dna_prot_nt_v1_500m_esmc_600m_Hybrid_Gating_XGBoost__Train2Val_ProteinGym,216.1128,8.9,1062741163,2030.85,1656.34,,,,,,,,,,
train2__val_center_dna_prot_nt_v3_650m_esm1b_650m_PyTorch_Concat__Train2Val_Test,211.0135,12.38,1306062834,3737.96,3643.92,,,,,,,,,,
train2__val_center_dna_prot_nt_v3_650m_esm1b_650m_PyTorch_Concat__Train2Val_ClinVarHQ,211.0135,12.61,1306062834,3737.96,3643.92,,,,,,,,,,
train2__val_center_dna_prot_nt_v3_650m_esm1b_650m_PyTorch_Concat__Train2Val_UniProt,211.0135,12.62,1306062834,3737.96,3643.92,,,,,,,,,,
train2__val_center_dna_prot_nt_v3_650m_esm1b_650m_PyTorch_Concat__Train2Val_ProteinGym,211.0135,12.49,1306062834,3737.96,3643.92,,,,,,,,,,
train2__val_center_dna_prot_nt_v3_650m_esm1b_650m_PyTorch_CrossAttn__Train2Val_Test,211.0135,12.38,1308164082,3745.98,3643.92,,,,,,,,,,
train2__val_center_dna_prot_nt_v3_650m_esm1b_650m_PyTorch_CrossAttn__Train2Val_ClinVarHQ,211.0135,12.62,1308164082,3745.98,3643.92,,,,,,,,,,
train2__val_center_dna_prot_nt_v3_650m_esm1b_650m_PyTorch_CrossAttn__Train2Val_UniProt,211.0135,12.63,1308164082,3745.98,3643.92,,,,,,,,,,
train2__val_center_dna_prot_nt_v3_650m_esm1b_650m_PyTorch_CrossAttn__Train2Val_ProteinGym,211.0135,12.5,1308164082,3745.98,3643.92,,,,,,,,,,
train2__val_center_dna_prot_nt_v3_650m_esm1b_650m_PyTorch_Transformer__Train2Val_Test,211.0219,12.39,1309216242,3749.99,3643.92,,,,,,,,,,
train2__val_center_dna_prot_nt_v3_650m_esm1b_650m_PyTorch_Transformer__Train2Val_ClinVarHQ,211.0219,12.64,1309216242,3749.99,3643.92,,,,,,,,,,
train2__val_center_dna_prot_nt_v3_650m_esm1b_650m_PyTorch_Transformer__Train2Val_UniProt,211.0219,12.64,1309216242,3749.99,3643.92,,,,,,,,,,
train2__val_center_dna_prot_nt_v3_650m_esm1b_650m_PyTorch_Transformer__Train2Val_ProteinGym,211.0219,12.51,1309216242,3749.99,3643.92,,,,,,,,,,
train2__val_center_dna_prot_nt_v3_650m_esm1b_650m_PyTorch_Gating__Train2Val_Test,211.0141,12.38,1306390002,3739.21,3643.92,,,,,,,,,,
train2__val_center_dna_prot_nt_v3_650m_esm1b_650m_PyTorch_Gating__Train2Val_ClinVarHQ,211.0141,12.62,1306390002,3739.21,3643.92,,,,,,,,,,
train2__val_center_dna_prot_nt_v3_650m_esm1b_650m_PyTorch_Gating__Train2Val_UniProt,211.0141,12.62,1306390002,3739.21,3643.92,,,,,,,,,,
train2__val_center_dna_prot_nt_v3_650m_esm1b_650m_PyTorch_Gating__Train2Val_ProteinGym,211.0141,12.49,1306390002,3739.21,3643.92,,,,,,,,,,
train2__val_center_dna_prot_nt_v3_650m_esm1b_650m_Pure_XGBoost_Concat__Train2Val_Test,211.0135,12.38,1306062834,3737.96,3643.92,,,,,,,,,,
train2__val_center_dna_prot_nt_v3_650m_esm1b_650m_Pure_XGBoost_Concat__Train2Val_ClinVarHQ,211.0135,12.62,1306062834,3737.96,3643.92,,,,,,,,,,
train2__val_center_dna_prot_nt_v3_650m_esm1b_650m_Pure_XGBoost_Concat__Train2Val_UniProt,211.0135,12.62,1306062834,3737.96,3643.92,,,,,,,,,,
train2__val_center_dna_prot_nt_v3_650m_esm1b_650m_Pure_XGBoost_Concat__Train2Val_ProteinGym,211.0135,12.49,1306062834,3737.96,3643.92,,,,,,,,,,
train2__val_center_dna_prot_nt_v3_650m_esm1b_650m_Hybrid_Concat_XGBoost__Train2Val_Test,211.0135,12.37,1306062834,3737.96,3643.92,,,,,,,,,,
train2__val_center_dna_prot_nt_v3_650m_esm1b_650m_Hybrid_Concat_XGBoost__Train2Val_ClinVarHQ,211.0135,12.62,1306062834,3737.96,3643.92,,,,,,,,,,
train2__val_center_dna_prot_nt_v3_650m_esm1b_650m_Hybrid_Concat_XGBoost__Train2Val_UniProt,211.0135,12.61,1306062834,3737.96,3643.92,,,,,,,,,,
train2__val_center_dna_prot_nt_v3_650m_esm1b_650m_Hybrid_Concat_XGBoost__Train2Val_ProteinGym,211.0135,12.48,1306062834,3737.96,3643.92,,,,,,,,,,
train2__val_center_dna_prot_nt_v3_650m_esm1b_650m_Hybrid_CrossAttn_XGBoost__Train2Val_Test,211.0135,12.37,1308164082,3745.98,3643.92,,,,,,,,,,
train2__val_center_dna_prot_nt_v3_650m_esm1b_650m_Hybrid_CrossAttn_XGBoost__Train2Val_ClinVarHQ,211.0135,12.61,1308164082,3745.98,3643.92,,,,,,,,,,
train2__val_center_dna_prot_nt_v3_650m_esm1b_650m_Hybrid_CrossAttn_XGBoost__Train2Val_UniProt,211.0135,12.61,1308164082,3745.98,3643.92,,,,,,,,,,
train2__val_center_dna_prot_nt_v3_650m_esm1b_650m_Hybrid_CrossAttn_XGBoost__Train2Val_ProteinGym,211.0135,12.48,1308164082,3745.98,3643.92,,,,,,,,,,
train2__val_center_dna_prot_nt_v3_650m_esm1b_650m_Hybrid_Transformer_XGBoost__Train2Val_Test,211.0219,12.37,1309216242,3749.99,3643.92,,,,,,,,,,
train2__val_center_dna_prot_nt_v3_650m_esm1b_650m_Hybrid_Transformer_XGBoost__Train2Val_ClinVarHQ,211.0219,12.61,1309216242,3749.99,3643.92,,,,,,,,,,
train2__val_center_dna_prot_nt_v3_650m_esm1b_650m_Hybrid_Transformer_XGBoost__Train2Val_UniProt,211.0219,12.61,1309216242,3749.99,3643.92,,,,,,,,,,
train2__val_center_dna_prot_nt_v3_650m_esm1b_650m_Hybrid_Transformer_XGBoost__Train2Val_ProteinGym,211.0219,12.48,1309216242,3749.99,3643.92,,,,,,,,,,
train2__val_center_dna_prot_nt_v3_650m_esm1b_650m_Hybrid_Gating_XGBoost__Train2Val_Test,211.0141,12.37,1306390002,3739.21,3643.92,,,,,,,,,,
train2__val_center_dna_prot_nt_v3_650m_esm1b_650m_Hybrid_Gating_XGBoost__Train2Val_ClinVarHQ,211.0141,12.61,1306390002,3739.21,3643.92,,,,,,,,,,
train2__val_center_dna_prot_nt_v3_650m_esm1b_650m_Hybrid_Gating_XGBoost__Train2Val_UniProt,211.0141,12.61,1306390002,3739.21,3643.92,,,,,,,,,,
train2__val_center_dna_prot_nt_v3_650m_esm1b_650m_Hybrid_Gating_XGBoost__Train2Val_ProteinGym,211.0141,12.48,1306390002,3739.21,3643.92,,,,,,,,,,
train2__val_center_dna_prot_nt_v3_650m_esm2_650m_PyTorch_Concat__Train2Val_Test,211.0125,13.05,1304746994,3735.45,3643.92,,,,,,,,,,
train2__val_center_dna_prot_nt_v3_650m_esm2_650m_PyTorch_Concat__Train2Val_ClinVarHQ,211.0125,13.13,1304746994,3735.45,3643.92,,,,,,,,,,
train2__val_center_dna_prot_nt_v3_650m_esm2_650m_PyTorch_Concat__Train2Val_UniProt,211.0125,13.12,1304746994,3735.45,3643.92,,,,,,,,,,
train2__val_center_dna_prot_nt_v3_650m_esm2_650m_PyTorch_Concat__Train2Val_ProteinGym,211.0125,12.97,1304746994,3735.45,3643.92,,,,,,,,,,
train2__val_center_dna_prot_nt_v3_650m_esm2_650m_PyTorch_CrossAttn__Train2Val_Test,211.0125,13.05,1306848242,3743.47,3643.92,,,,,,,,,,
train2__val_center_dna_prot_nt_v3_650m_esm2_650m_PyTorch_CrossAttn__Train2Val_ClinVarHQ,211.0125,13.14,1306848242,3743.47,3643.92,,,,,,,,,,
train2__val_center_dna_prot_nt_v3_650m_esm2_650m_PyTorch_CrossAttn__Train2Val_UniProt,211.0125,13.12,1306848242,3743.47,3643.92,,,,,,,,,,
train2__val_center_dna_prot_nt_v3_650m_esm2_650m_PyTorch_CrossAttn__Train2Val_ProteinGym,211.0125,12.97,1306848242,3743.47,3643.92,,,,,,,,,,
train2__val_center_dna_prot_nt_v3_650m_esm2_650m_PyTorch_Transformer__Train2Val_Test,211.0209,13.06,1307900402,3747.48,3643.92,,,,,,,,,,
train2__val_center_dna_prot_nt_v3_650m_esm2_650m_PyTorch_Transformer__Train2Val_ClinVarHQ,211.0209,13.15,1307900402,3747.48,3643.92,,,,,,,,,,
train2__val_center_dna_prot_nt_v3_650m_esm2_650m_PyTorch_Transformer__Train2Val_UniProt,211.0209,13.14,1307900402,3747.48,3643.92,,,,,,,,,,
train2__val_center_dna_prot_nt_v3_650m_esm2_650m_PyTorch_Transformer__Train2Val_ProteinGym,211.0209,12.99,1307900402,3747.48,3643.92,,,,,,,,,,
train2__val_center_dna_prot_nt_v3_650m_esm2_650m_PyTorch_Gating__Train2Val_Test,211.0131,13.05,1305074162,3736.7,3643.92,,,,,,,,,,
train2__val_center_dna_prot_nt_v3_650m_esm2_650m_PyTorch_Gating__Train2Val_ClinVarHQ,211.0131,13.13,1305074162,3736.7,3643.92,,,,,,,,,,
train2__val_center_dna_prot_nt_v3_650m_esm2_650m_PyTorch_Gating__Train2Val_UniProt,211.0131,13.12,1305074162,3736.7,3643.92,,,,,,,,,,
train2__val_center_dna_prot_nt_v3_650m_esm2_650m_PyTorch_Gating__Train2Val_ProteinGym,211.0131,12.97,1305074162,3736.7,3643.92,,,,,,,,,,
train2__val_center_dna_prot_nt_v3_650m_esm2_650m_Pure_XGBoost_Concat__Train2Val_Test,211.0125,13.05,1304746994,3735.45,3643.92,,,,,,,,,,
train2__val_center_dna_prot_nt_v3_650m_esm2_650m_Pure_XGBoost_Concat__Train2Val_ClinVarHQ,211.0125,13.13,1304746994,3735.45,3643.92,,,,,,,,,,
train2__val_center_dna_prot_nt_v3_650m_esm2_650m_Pure_XGBoost_Concat__Train2Val_UniProt,211.0125,13.12,1304746994,3735.45,3643.92,,,,,,,,,,
train2__val_center_dna_prot_nt_v3_650m_esm2_650m_Pure_XGBoost_Concat__Train2Val_ProteinGym,211.0125,12.97,1304746994,3735.45,3643.92,,,,,,,,,,
train2__val_center_dna_prot_nt_v3_650m_esm2_650m_Hybrid_Concat_XGBoost__Train2Val_Test,211.0125,13.04,1304746994,3735.45,3643.92,,,,,,,,,,
train2__val_center_dna_prot_nt_v3_650m_esm2_650m_Hybrid_Concat_XGBoost__Train2Val_ClinVarHQ,211.0125,13.12,1304746994,3735.45,3643.92,,,,,,,,,,
train2__val_center_dna_prot_nt_v3_650m_esm2_650m_Hybrid_Concat_XGBoost__Train2Val_UniProt,211.0125,13.11,1304746994,3735.45,3643.92,,,,,,,,,,
train2__val_center_dna_prot_nt_v3_650m_esm2_650m_Hybrid_Concat_XGBoost__Train2Val_ProteinGym,211.0125,12.96,1304746994,3735.45,3643.92,,,,,,,,,,
train2__val_center_dna_prot_nt_v3_650m_esm2_650m_Hybrid_CrossAttn_XGBoost__Train2Val_Test,211.0125,13.04,1306848242,3743.47,3643.92,,,,,,,,,,
train2__val_center_dna_prot_nt_v3_650m_esm2_650m_Hybrid_CrossAttn_XGBoost__Train2Val_ClinVarHQ,211.0125,13.13,1306848242,3743.47,3643.92,,,,,,,,,,
train2__val_center_dna_prot_nt_v3_650m_esm2_650m_Hybrid_CrossAttn_XGBoost__Train2Val_UniProt,211.0125,13.11,1306848242,3743.47,3643.92,,,,,,,,,,
train2__val_center_dna_prot_nt_v3_650m_esm2_650m_Hybrid_CrossAttn_XGBoost__Train2Val_ProteinGym,211.0125,12.96,1306848242,3743.47,3643.92,,,,,,,,,,
train2__val_center_dna_prot_nt_v3_650m_esm2_650m_Hybrid_Transformer_XGBoost__Train2Val_Test,211.0209,13.04,1307900402,3747.48,3643.92,,,,,,,,,,
train2__val_center_dna_prot_nt_v3_650m_esm2_650m_Hybrid_Transformer_XGBoost__Train2Val_ClinVarHQ,211.0209,13.13,1307900402,3747.48,3643.92,,,,,,,,,,
train2__val_center_dna_prot_nt_v3_650m_esm2_650m_Hybrid_Transformer_XGBoost__Train2Val_UniProt,211.0209,13.11,1307900402,3747.48,3643.92,,,,,,,,,,
train2__val_center_dna_prot_nt_v3_650m_esm2_650m_Hybrid_Transformer_XGBoost__Train2Val_ProteinGym,211.0209,12.96,1307900402,3747.48,3643.92,,,,,,,,,,
train2__val_center_dna_prot_nt_v3_650m_esm2_650m_Hybrid_Gating_XGBoost__Train2Val_Test,211.0131,13.04,1305074162,3736.7,3643.92,,,,,,,,,,
train2__val_center_dna_prot_nt_v3_650m_esm2_650m_Hybrid_Gating_XGBoost__Train2Val_ClinVarHQ,211.0131,13.12,1305074162,3736.7,3643.92,,,,,,,,,,
train2__val_center_dna_prot_nt_v3_650m_esm2_650m_Hybrid_Gating_XGBoost__Train2Val_UniProt,211.0131,13.11,1305074162,3736.7,3643.92,,,,,,,,,,
train2__val_center_dna_prot_nt_v3_650m_esm2_650m_Hybrid_Gating_XGBoost__Train2Val_ProteinGym,211.0131,12.96,1305074162,3736.7,3643.92,,,,,,,,,,
train2__val_center_dna_prot_nt_v3_650m_esmc_600m_PyTorch_Concat__Train2Val_Test,195.3314,11.58,1228675196,3590.23,3643.92,,,,,,,,,,
train2__val_center_dna_prot_nt_v3_650m_esmc_600m_PyTorch_Concat__Train2Val_ClinVarHQ,195.3314,11.74,1228675196,3590.23,3643.92,,,,,,,,,,
train2__val_center_dna_prot_nt_v3_650m_esmc_600m_PyTorch_Concat__Train2Val_UniProt,195.3314,11.66,1228675196,3590.23,3643.92,,,,,,,,,,
train2__val_center_dna_prot_nt_v3_650m_esmc_600m_PyTorch_Concat__Train2Val_ProteinGym,195.3314,11.52,1228675196,3590.23,3643.92,,,,,,,,,,
train2__val_center_dna_prot_nt_v3_650m_esmc_600m_PyTorch_CrossAttn__Train2Val_Test,195.3314,11.59,1230776444,3598.25,3643.92,,,,,,,,,,
train2__val_center_dna_prot_nt_v3_650m_esmc_600m_PyTorch_CrossAttn__Train2Val_ClinVarHQ,195.3314,11.75,1230776444,3598.25,3643.92,,,,,,,,,,
train2__val_center_dna_prot_nt_v3_650m_esmc_600m_PyTorch_CrossAttn__Train2Val_UniProt,195.3314,11.67,1230776444,3598.25,3643.92,,,,,,,,,,
train2__val_center_dna_prot_nt_v3_650m_esmc_600m_PyTorch_CrossAttn__Train2Val_ProteinGym,195.3314,11.53,1230776444,3598.25,3643.92,,,,,,,,,,
train2__val_center_dna_prot_nt_v3_650m_esmc_600m_PyTorch_Transformer__Train2Val_Test,195.3398,11.59,1231828604,3602.26,3643.92,,,,,,,,,,
train2__val_center_dna_prot_nt_v3_650m_esmc_600m_PyTorch_Transformer__Train2Val_ClinVarHQ,195.3398,11.76,1231828604,3602.26,3643.92,,,,,,,,,,
train2__val_center_dna_prot_nt_v3_650m_esmc_600m_PyTorch_Transformer__Train2Val_UniProt,195.3398,11.68,1231828604,3602.26,3643.92,,,,,,,,,,
train2__val_center_dna_prot_nt_v3_650m_esmc_600m_PyTorch_Transformer__Train2Val_ProteinGym,195.3398,11.53,1231828604,3602.26,3643.92,,,,,,,,,,
train2__val_center_dna_prot_nt_v3_650m_esmc_600m_PyTorch_Gating__Train2Val_Test,195.3321,11.58,1229002364,3591.48,3643.92,,,,,,,,,,
train2__val_center_dna_prot_nt_v3_650m_esmc_600m_PyTorch_Gating__Train2Val_ClinVarHQ,195.3321,11.74,1229002364,3591.48,3643.92,,,,,,,,,,
train2__val_center_dna_prot_nt_v3_650m_esmc_600m_PyTorch_Gating__Train2Val_UniProt,195.3321,11.65,1229002364,3591.48,3643.92,,,,,,,,,,
train2__val_center_dna_prot_nt_v3_650m_esmc_600m_PyTorch_Gating__Train2Val_ProteinGym,195.3321,11.52,1229002364,3591.48,3643.92,,,,,,,,,,
train2__val_center_dna_prot_nt_v3_650m_esmc_600m_Pure_XGBoost_Concat__Train2Val_Test,195.3314,11.58,1228675196,3590.23,3643.92,,,,,,,,,,
train2__val_center_dna_prot_nt_v3_650m_esmc_600m_Pure_XGBoost_Concat__Train2Val_ClinVarHQ,195.3314,11.74,1228675196,3590.23,3643.92,,,,,,,,,,
train2__val_center_dna_prot_nt_v3_650m_esmc_600m_Pure_XGBoost_Concat__Train2Val_UniProt,195.3314,11.66,1228675196,3590.23,3643.92,,,,,,,,,,
train2__val_center_dna_prot_nt_v3_650m_esmc_600m_Pure_XGBoost_Concat__Train2Val_ProteinGym,195.3314,11.52,1228675196,3590.23,3643.92,,,,,,,,,,
train2__val_center_dna_prot_nt_v3_650m_esmc_600m_Hybrid_Concat_XGBoost__Train2Val_Test,195.3314,11.57,1228675196,3590.23,3643.92,,,,,,,,,,
train2__val_center_dna_prot_nt_v3_650m_esmc_600m_Hybrid_Concat_XGBoost__Train2Val_ClinVarHQ,195.3314,11.74,1228675196,3590.23,3643.92,,,,,,,,,,
train2__val_center_dna_prot_nt_v3_650m_esmc_600m_Hybrid_Concat_XGBoost__Train2Val_UniProt,195.3314,11.65,1228675196,3590.23,3643.92,,,,,,,,,,
train2__val_center_dna_prot_nt_v3_650m_esmc_600m_Hybrid_Concat_XGBoost__Train2Val_ProteinGym,195.3314,11.51,1228675196,3590.23,3643.92,,,,,,,,,,
train2__val_center_dna_prot_nt_v3_650m_esmc_600m_Hybrid_CrossAttn_XGBoost__Train2Val_Test,195.3314,11.57,1230776444,3598.25,3643.92,,,,,,,,,,
train2__val_center_dna_prot_nt_v3_650m_esmc_600m_Hybrid_CrossAttn_XGBoost__Train2Val_ClinVarHQ,195.3314,11.73,1230776444,3598.25,3643.92,,,,,,,,,,
train2__val_center_dna_prot_nt_v3_650m_esmc_600m_Hybrid_CrossAttn_XGBoost__Train2Val_UniProt,195.3314,11.65,1230776444,3598.25,3643.92,,,,,,,,,,
train2__val_center_dna_prot_nt_v3_650m_esmc_600m_Hybrid_CrossAttn_XGBoost__Train2Val_ProteinGym,195.3314,11.51,1230776444,3598.25,3643.92,,,,,,,,,,
train2__val_center_dna_prot_nt_v3_650m_esmc_600m_Hybrid_Transformer_XGBoost__Train2Val_Test,195.3398,11.57,1231828604,3602.26,3643.92,,,,,,,,,,
train2__val_center_dna_prot_nt_v3_650m_esmc_600m_Hybrid_Transformer_XGBoost__Train2Val_ClinVarHQ,195.3398,11.73,1231828604,3602.26,3643.92,,,,,,,,,,
train2__val_center_dna_prot_nt_v3_650m_esmc_600m_Hybrid_Transformer_XGBoost__Train2Val_UniProt,195.3398,11.65,1231828604,3602.26,3643.92,,,,,,,,,,
train2__val_center_dna_prot_nt_v3_650m_esmc_600m_Hybrid_Transformer_XGBoost__Train2Val_ProteinGym,195.3398,11.51,1231828604,3602.26,3643.92,,,,,,,,,,
train2__val_center_dna_prot_nt_v3_650m_esmc_600m_Hybrid_Gating_XGBoost__Train2Val_Test,195.3321,11.57,1229002364,3591.48,3643.92,,,,,,,,,,
train2__val_center_dna_prot_nt_v3_650m_esmc_600m_Hybrid_Gating_XGBoost__Train2Val_ClinVarHQ,195.3321,11.73,1229002364,3591.48,3643.92,,,,,,,,,,
train2__val_center_dna_prot_nt_v3_650m_esmc_600m_Hybrid_Gating_XGBoost__Train2Val_UniProt,195.3321,11.65,1229002364,3591.48,3643.92,,,,,,,,,,
train2__val_center_dna_prot_nt_v3_650m_esmc_600m_Hybrid_Gating_XGBoost__Train2Val_ProteinGym,195.3321,11.51,1229002364,3591.48,3643.92,,,,,,,,,,
train2__val_center_dna_prot_nt_v2_500m_esm1b_650m_PyTorch_Concat__Train2Val_Test,234.4523,10.06,1152316691,2200.95,1961.98,,,,,,,,,,
train2__val_center_dna_prot_nt_v2_500m_esm1b_650m_PyTorch_Concat__Train2Val_ClinVarHQ,234.4523,10.35,1152316691,2200.95,1961.98,,,,,,,,,,
train2__val_center_dna_prot_nt_v2_500m_esm1b_650m_PyTorch_Concat__Train2Val_UniProt,234.4523,10.36,1152316691,2200.95,1961.98,,,,,,,,,,
train2__val_center_dna_prot_nt_v2_500m_esm1b_650m_PyTorch_Concat__Train2Val_ProteinGym,234.4523,10.38,1152316691,2200.95,1961.98,,,,,,,,,,
train2__val_center_dna_prot_nt_v2_500m_esm1b_650m_PyTorch_CrossAttn__Train2Val_Test,234.4523,10.07,1154417939,2208.97,1961.98,,,,,,,,,,
train2__val_center_dna_prot_nt_v2_500m_esm1b_650m_PyTorch_CrossAttn__Train2Val_ClinVarHQ,234.4523,10.35,1154417939,2208.97,1961.98,,,,,,,,,,
train2__val_center_dna_prot_nt_v2_500m_esm1b_650m_PyTorch_CrossAttn__Train2Val_UniProt,234.4523,10.38,1154417939,2208.97,1961.98,,,,,,,,,,
train2__val_center_dna_prot_nt_v2_500m_esm1b_650m_PyTorch_CrossAttn__Train2Val_ProteinGym,234.4523,10.39,1154417939,2208.97,1961.98,,,,,,,,,,
train2__val_center_dna_prot_nt_v2_500m_esm1b_650m_PyTorch_Transformer__Train2Val_Test,234.4607,10.07,1155470099,2212.98,1961.98,,,,,,,,,,
train2__val_center_dna_prot_nt_v2_500m_esm1b_650m_PyTorch_Transformer__Train2Val_ClinVarHQ,234.4607,10.36,1155470099,2212.98,1961.98,,,,,,,,,,
train2__val_center_dna_prot_nt_v2_500m_esm1b_650m_PyTorch_Transformer__Train2Val_UniProt,234.4607,10.39,1155470099,2212.98,1961.98,,,,,,,,,,
train2__val_center_dna_prot_nt_v2_500m_esm1b_650m_PyTorch_Transformer__Train2Val_ProteinGym,234.4607,10.4,1155470099,2212.98,1961.98,,,,,,,,,,
train2__val_center_dna_prot_nt_v2_500m_esm1b_650m_PyTorch_Gating__Train2Val_Test,234.453,10.06,1152643859,2202.2,1961.98,,,,,,,,,,
train2__val_center_dna_prot_nt_v2_500m_esm1b_650m_PyTorch_Gating__Train2Val_ClinVarHQ,234.453,10.35,1152643859,2202.2,1961.98,,,,,,,,,,
train2__val_center_dna_prot_nt_v2_500m_esm1b_650m_PyTorch_Gating__Train2Val_UniProt,234.453,10.37,1152643859,2202.2,1961.98,,,,,,,,,,
train2__val_center_dna_prot_nt_v2_500m_esm1b_650m_PyTorch_Gating__Train2Val_ProteinGym,234.453,10.38,1152643859,2202.2,1961.98,,,,,,,,,,
train2__val_center_dna_prot_nt_v2_500m_esm1b_650m_Pure_XGBoost_Concat__Train2Val_Test,234.4523,10.06,1152316691,2200.95,1961.98,,,,,,,,,,
train2__val_center_dna_prot_nt_v2_500m_esm1b_650m_Pure_XGBoost_Concat__Train2Val_ClinVarHQ,234.4523,10.35,1152316691,2200.95,1961.98,,,,,,,,,,
train2__val_center_dna_prot_nt_v2_500m_esm1b_650m_Pure_XGBoost_Concat__Train2Val_UniProt,234.4523,10.37,1152316691,2200.95,1961.98,,,,,,,,,,
train2__val_center_dna_prot_nt_v2_500m_esm1b_650m_Pure_XGBoost_Concat__Train2Val_ProteinGym,234.4523,10.39,1152316691,2200.95,1961.98,,,,,,,,,,
train2__val_center_dna_prot_nt_v2_500m_esm1b_650m_Hybrid_Concat_XGBoost__Train2Val_Test,234.4523,10.05,1152316691,2200.95,1961.98,,,,,,,,,,
train2__val_center_dna_prot_nt_v2_500m_esm1b_650m_Hybrid_Concat_XGBoost__Train2Val_ClinVarHQ,234.4523,10.34,1152316691,2200.95,1961.98,,,,,,,,,,
train2__val_center_dna_prot_nt_v2_500m_esm1b_650m_Hybrid_Concat_XGBoost__Train2Val_UniProt,234.4523,10.36,1152316691,2200.95,1961.98,,,,,,,,,,
train2__val_center_dna_prot_nt_v2_500m_esm1b_650m_Hybrid_Concat_XGBoost__Train2Val_ProteinGym,234.4523,10.38,1152316691,2200.95,1961.98,,,,,,,,,,
train2__val_center_dna_prot_nt_v2_500m_esm1b_650m_Hybrid_CrossAttn_XGBoost__Train2Val_Test,234.4523,10.05,1154417939,2208.97,1961.98,,,,,,,,,,
train2__val_center_dna_prot_nt_v2_500m_esm1b_650m_Hybrid_CrossAttn_XGBoost__Train2Val_ClinVarHQ,234.4523,10.34,1154417939,2208.97,1961.98,,,,,,,,,,
train2__val_center_dna_prot_nt_v2_500m_esm1b_650m_Hybrid_CrossAttn_XGBoost__Train2Val_UniProt,234.4523,10.36,1154417939,2208.97,1961.98,,,,,,,,,,
train2__val_center_dna_prot_nt_v2_500m_esm1b_650m_Hybrid_CrossAttn_XGBoost__Train2Val_ProteinGym,234.4523,10.38,1154417939,2208.97,1961.98,,,,,,,,,,
train2__val_center_dna_prot_nt_v2_500m_esm1b_650m_Hybrid_Transformer_XGBoost__Train2Val_Test,234.4607,10.05,1155470099,2212.98,1961.98,,,,,,,,,,
train2__val_center_dna_prot_nt_v2_500m_esm1b_650m_Hybrid_Transformer_XGBoost__Train2Val_ClinVarHQ,234.4607,10.34,1155470099,2212.98,1961.98,,,,,,,,,,
train2__val_center_dna_prot_nt_v2_500m_esm1b_650m_Hybrid_Transformer_XGBoost__Train2Val_UniProt,234.4607,10.36,1155470099,2212.98,1961.98,,,,,,,,,,
train2__val_center_dna_prot_nt_v2_500m_esm1b_650m_Hybrid_Transformer_XGBoost__Train2Val_ProteinGym,234.4607,10.38,1155470099,2212.98,1961.98,,,,,,,,,,
train2__val_center_dna_prot_nt_v2_500m_esm1b_650m_Hybrid_Gating_XGBoost__Train2Val_Test,234.453,10.05,1152643859,2202.2,1961.98,,,,,,,,,,
train2__val_center_dna_prot_nt_v2_500m_esm1b_650m_Hybrid_Gating_XGBoost__Train2Val_ClinVarHQ,234.453,10.34,1152643859,2202.2,1961.98,,,,,,,,,,
train2__val_center_dna_prot_nt_v2_500m_esm1b_650m_Hybrid_Gating_XGBoost__Train2Val_UniProt,234.453,10.36,1152643859,2202.2,1961.98,,,,,,,,,,
train2__val_center_dna_prot_nt_v2_500m_esm1b_650m_Hybrid_Gating_XGBoost__Train2Val_ProteinGym,234.453,10.38,1152643859,2202.2,1961.98,,,,,,,,,,
train2__val_center_dna_prot_nt_v2_500m_esm2_650m_PyTorch_Concat__Train2Val_Test,234.4513,10.72,1151000851,2198.44,1686.1,,,,,,,,,,
train2__val_center_dna_prot_nt_v2_500m_esm2_650m_PyTorch_Concat__Train2Val_ClinVarHQ,234.4513,10.87,1151000851,2198.44,1686.1,,,,,,,,,,
train2__val_center_dna_prot_nt_v2_500m_esm2_650m_PyTorch_Concat__Train2Val_UniProt,234.4513,10.87,1151000851,2198.44,1686.1,,,,,,,,,,
train2__val_center_dna_prot_nt_v2_500m_esm2_650m_PyTorch_Concat__Train2Val_ProteinGym,234.4513,10.86,1151000851,2198.44,1686.1,,,,,,,,,,
train2__val_center_dna_prot_nt_v2_500m_esm2_650m_PyTorch_CrossAttn__Train2Val_Test,234.4513,10.73,1153102099,2206.46,1686.1,,,,,,,,,,
train2__val_center_dna_prot_nt_v2_500m_esm2_650m_PyTorch_CrossAttn__Train2Val_ClinVarHQ,234.4513,10.87,1153102099,2206.46,1686.1,,,,,,,,,,
train2__val_center_dna_prot_nt_v2_500m_esm2_650m_PyTorch_CrossAttn__Train2Val_UniProt,234.4513,10.88,1153102099,2206.46,1686.1,,,,,,,,,,
train2__val_center_dna_prot_nt_v2_500m_esm2_650m_PyTorch_CrossAttn__Train2Val_ProteinGym,234.4513,10.88,1153102099,2206.46,1686.1,,,,,,,,,,
train2__val_center_dna_prot_nt_v2_500m_esm2_650m_PyTorch_Transformer__Train2Val_Test,234.4597,10.74,1154154259,2210.47,1686.1,,,,,,,,,,
train2__val_center_dna_prot_nt_v2_500m_esm2_650m_PyTorch_Transformer__Train2Val_ClinVarHQ,234.4597,10.88,1154154259,2210.47,1686.1,,,,,,,,,,
train2__val_center_dna_prot_nt_v2_500m_esm2_650m_PyTorch_Transformer__Train2Val_UniProt,234.4597,10.89,1154154259,2210.47,1686.1,,,,,,,,,,
train2__val_center_dna_prot_nt_v2_500m_esm2_650m_PyTorch_Transformer__Train2Val_ProteinGym,234.4597,10.88,1154154259,2210.47,1686.1,,,,,,,,,,
train2__val_center_dna_prot_nt_v2_500m_esm2_650m_PyTorch_Gating__Train2Val_Test,234.452,10.73,1151328019,2199.69,1686.1,,,,,,,,,,
train2__val_center_dna_prot_nt_v2_500m_esm2_650m_PyTorch_Gating__Train2Val_ClinVarHQ,234.452,10.86,1151328019,2199.69,1686.1,,,,,,,,,,
train2__val_center_dna_prot_nt_v2_500m_esm2_650m_PyTorch_Gating__Train2Val_UniProt,234.452,10.87,1151328019,2199.69,1686.1,,,,,,,,,,
train2__val_center_dna_prot_nt_v2_500m_esm2_650m_PyTorch_Gating__Train2Val_ProteinGym,234.452,10.87,1151328019,2199.69,1686.1,,,,,,,,,,
train2__val_center_dna_prot_nt_v2_500m_esm2_650m_Pure_XGBoost_Concat__Train2Val_Test,234.4513,10.73,1151000851,2198.44,1686.1,,,,,,,,,,
train2__val_center_dna_prot_nt_v2_500m_esm2_650m_Pure_XGBoost_Concat__Train2Val_ClinVarHQ,234.4513,10.86,1151000851,2198.44,1686.1,,,,,,,,,,
train2__val_center_dna_prot_nt_v2_500m_esm2_650m_Pure_XGBoost_Concat__Train2Val_UniProt,234.4513,10.87,1151000851,2198.44,1686.1,,,,,,,,,,
train2__val_center_dna_prot_nt_v2_500m_esm2_650m_Pure_XGBoost_Concat__Train2Val_ProteinGym,234.4513,10.87,1151000851,2198.44,1686.1,,,,,,,,,,
train2__val_center_dna_prot_nt_v2_500m_esm2_650m_Hybrid_Concat_XGBoost__Train2Val_Test,234.4513,10.72,1151000851,2198.44,1686.1,,,,,,,,,,
train2__val_center_dna_prot_nt_v2_500m_esm2_650m_Hybrid_Concat_XGBoost__Train2Val_ClinVarHQ,234.4513,10.86,1151000851,2198.44,1686.1,,,,,,,,,,
train2__val_center_dna_prot_nt_v2_500m_esm2_650m_Hybrid_Concat_XGBoost__Train2Val_UniProt,234.4513,10.86,1151000851,2198.44,1686.1,,,,,,,,,,
train2__val_center_dna_prot_nt_v2_500m_esm2_650m_Hybrid_Concat_XGBoost__Train2Val_ProteinGym,234.4513,10.86,1151000851,2198.44,1686.1,,,,,,,,,,
train2__val_center_dna_prot_nt_v2_500m_esm2_650m_Hybrid_CrossAttn_XGBoost__Train2Val_Test,234.4513,10.72,1153102099,2206.46,1686.1,,,,,,,,,,
train2__val_center_dna_prot_nt_v2_500m_esm2_650m_Hybrid_CrossAttn_XGBoost__Train2Val_ClinVarHQ,234.4513,10.85,1153102099,2206.46,1686.1,,,,,,,,,,
train2__val_center_dna_prot_nt_v2_500m_esm2_650m_Hybrid_CrossAttn_XGBoost__Train2Val_UniProt,234.4513,10.86,1153102099,2206.46,1686.1,,,,,,,,,,
train2__val_center_dna_prot_nt_v2_500m_esm2_650m_Hybrid_CrossAttn_XGBoost__Train2Val_ProteinGym,234.4513,10.87,1153102099,2206.46,1686.1,,,,,,,,,,
train2__val_center_dna_prot_nt_v2_500m_esm2_650m_Hybrid_Transformer_XGBoost__Train2Val_Test,234.4597,10.72,1154154259,2210.47,1686.1,,,,,,,,,,
train2__val_center_dna_prot_nt_v2_500m_esm2_650m_Hybrid_Transformer_XGBoost__Train2Val_ClinVarHQ,234.4597,10.85,1154154259,2210.47,1686.1,,,,,,,,,,
train2__val_center_dna_prot_nt_v2_500m_esm2_650m_Hybrid_Transformer_XGBoost__Train2Val_UniProt,234.4597,10.86,1154154259,2210.47,1686.1,,,,,,,,,,
train2__val_center_dna_prot_nt_v2_500m_esm2_650m_Hybrid_Transformer_XGBoost__Train2Val_ProteinGym,234.4597,10.86,1154154259,2210.47,1686.1,,,,,,,,,,
train2__val_center_dna_prot_nt_v2_500m_esm2_650m_Hybrid_Gating_XGBoost__Train2Val_Test,234.452,10.72,1151328019,2199.69,1686.1,,,,,,,,,,
train2__val_center_dna_prot_nt_v2_500m_esm2_650m_Hybrid_Gating_XGBoost__Train2Val_ClinVarHQ,234.452,10.85,1151328019,2199.69,1686.1,,,,,,,,,,
train2__val_center_dna_prot_nt_v2_500m_esm2_650m_Hybrid_Gating_XGBoost__Train2Val_UniProt,234.452,10.86,1151328019,2199.69,1686.1,,,,,,,,,,
train2__val_center_dna_prot_nt_v2_500m_esm2_650m_Hybrid_Gating_XGBoost__Train2Val_ProteinGym,234.452,10.86,1151328019,2199.69,1686.1,,,,,,,,,,
train2__val_center_dna_prot_nt_v2_500m_esmc_600m_PyTorch_Concat__Train2Val_Test,218.7703,9.26,1074929053,2053.22,1469.0,,,,,,,,,,
train2__val_center_dna_prot_nt_v2_500m_esmc_600m_PyTorch_Concat__Train2Val_ClinVarHQ,218.7703,9.47,1074929053,2053.22,1469.0,,,,,,,,,,
train2__val_center_dna_prot_nt_v2_500m_esmc_600m_PyTorch_Concat__Train2Val_UniProt,218.7703,9.41,1074929053,2053.22,1469.0,,,,,,,,,,
train2__val_center_dna_prot_nt_v2_500m_esmc_600m_PyTorch_Concat__Train2Val_ProteinGym,218.7703,9.41,1074929053,2053.22,1469.0,,,,,,,,,,
train2__val_center_dna_prot_nt_v2_500m_esmc_600m_PyTorch_CrossAttn__Train2Val_Test,218.7703,9.26,1077030301,2061.24,1469.0,,,,,,,,,,
train2__val_center_dna_prot_nt_v2_500m_esmc_600m_PyTorch_CrossAttn__Train2Val_ClinVarHQ,218.7703,9.48,1077030301,2061.24,1469.0,,,,,,,,,,
train2__val_center_dna_prot_nt_v2_500m_esmc_600m_PyTorch_CrossAttn__Train2Val_UniProt,218.7703,9.41,1077030301,2061.24,1469.0,,,,,,,,,,
train2__val_center_dna_prot_nt_v2_500m_esmc_600m_PyTorch_CrossAttn__Train2Val_ProteinGym,218.7703,9.43,1077030301,2061.24,1469.0,,,,,,,,,,
train2__val_center_dna_prot_nt_v2_500m_esmc_600m_PyTorch_Transformer__Train2Val_Test,218.7787,9.27,1078082461,2065.25,1469.0,,,,,,,,,,
train2__val_center_dna_prot_nt_v2_500m_esmc_600m_PyTorch_Transformer__Train2Val_ClinVarHQ,218.7787,9.5,1078082461,2065.25,1469.0,,,,,,,,,,
train2__val_center_dna_prot_nt_v2_500m_esmc_600m_PyTorch_Transformer__Train2Val_UniProt,218.7787,9.43,1078082461,2065.25,1469.0,,,,,,,,,,
train2__val_center_dna_prot_nt_v2_500m_esmc_600m_PyTorch_Transformer__Train2Val_ProteinGym,218.7787,9.43,1078082461,2065.25,1469.0,,,,,,,,,,
train2__val_center_dna_prot_nt_v2_500m_esmc_600m_PyTorch_Gating__Train2Val_Test,218.771,9.26,1075256221,2054.47,1469.0,,,,,,,,,,
train2__val_center_dna_prot_nt_v2_500m_esmc_600m_PyTorch_Gating__Train2Val_ClinVarHQ,218.771,9.48,1075256221,2054.47,1469.0,,,,,,,,,,
train2__val_center_dna_prot_nt_v2_500m_esmc_600m_PyTorch_Gating__Train2Val_UniProt,218.771,9.41,1075256221,2054.47,1469.0,,,,,,,,,,
train2__val_center_dna_prot_nt_v2_500m_esmc_600m_PyTorch_Gating__Train2Val_ProteinGym,218.771,9.42,1075256221,2054.47,1469.0,,,,,,,,,,
train2__val_center_dna_prot_nt_v2_500m_esmc_600m_Pure_XGBoost_Concat__Train2Val_Test,218.7703,9.26,1074929053,2053.22,1469.0,,,,,,,,,,
train2__val_center_dna_prot_nt_v2_500m_esmc_600m_Pure_XGBoost_Concat__Train2Val_ClinVarHQ,218.7703,9.47,1074929053,2053.22,1469.0,,,,,,,,,,
train2__val_center_dna_prot_nt_v2_500m_esmc_600m_Pure_XGBoost_Concat__Train2Val_UniProt,218.7703,9.41,1074929053,2053.22,1469.0,,,,,,,,,,
train2__val_center_dna_prot_nt_v2_500m_esmc_600m_Pure_XGBoost_Concat__Train2Val_ProteinGym,218.7703,9.42,1074929053,2053.22,1469.0,,,,,,,,,,
train2__val_center_dna_prot_nt_v2_500m_esmc_600m_Hybrid_Concat_XGBoost__Train2Val_Test,218.7703,9.25,1074929053,2053.22,1469.0,,,,,,,,,,
train2__val_center_dna_prot_nt_v2_500m_esmc_600m_Hybrid_Concat_XGBoost__Train2Val_ClinVarHQ,218.7703,9.46,1074929053,2053.22,1469.0,,,,,,,,,,
train2__val_center_dna_prot_nt_v2_500m_esmc_600m_Hybrid_Concat_XGBoost__Train2Val_UniProt,218.7703,9.4,1074929053,2053.22,1469.0,,,,,,,,,,
train2__val_center_dna_prot_nt_v2_500m_esmc_600m_Hybrid_Concat_XGBoost__Train2Val_ProteinGym,218.7703,9.41,1074929053,2053.22,1469.0,,,,,,,,,,
train2__val_center_dna_prot_nt_v2_500m_esmc_600m_Hybrid_CrossAttn_XGBoost__Train2Val_Test,218.7703,9.25,1077030301,2061.24,1469.0,,,,,,,,,,
train2__val_center_dna_prot_nt_v2_500m_esmc_600m_Hybrid_CrossAttn_XGBoost__Train2Val_ClinVarHQ,218.7703,9.46,1077030301,2061.24,1469.0,,,,,,,,,,
train2__val_center_dna_prot_nt_v2_500m_esmc_600m_Hybrid_CrossAttn_XGBoost__Train2Val_UniProt,218.7703,9.4,1077030301,2061.24,1469.0,,,,,,,,,,
train2__val_center_dna_prot_nt_v2_500m_esmc_600m_Hybrid_CrossAttn_XGBoost__Train2Val_ProteinGym,218.7703,9.41,1077030301,2061.24,1469.0,,,,,,,,,,
train2__val_center_dna_prot_nt_v2_500m_esmc_600m_Hybrid_Transformer_XGBoost__Train2Val_Test,218.7787,9.25,1078082461,2065.25,1469.0,,,,,,,,,,
train2__val_center_dna_prot_nt_v2_500m_esmc_600m_Hybrid_Transformer_XGBoost__Train2Val_ClinVarHQ,218.7787,9.46,1078082461,2065.25,1469.0,,,,,,,,,,
train2__val_center_dna_prot_nt_v2_500m_esmc_600m_Hybrid_Transformer_XGBoost__Train2Val_UniProt,218.7787,9.4,1078082461,2065.25,1469.0,,,,,,,,,,
train2__val_center_dna_prot_nt_v2_500m_esmc_600m_Hybrid_Transformer_XGBoost__Train2Val_ProteinGym,218.7787,9.41,1078082461,2065.25,1469.0,,,,,,,,,,
train2__val_center_dna_prot_nt_v2_500m_esmc_600m_Hybrid_Gating_XGBoost__Train2Val_Test,218.771,9.25,1075256221,2054.47,1469.0,,,,,,,,,,
train2__val_center_dna_prot_nt_v2_500m_esmc_600m_Hybrid_Gating_XGBoost__Train2Val_ClinVarHQ,218.771,9.46,1075256221,2054.47,1469.0,,,,,,,,,,
train2__val_center_dna_prot_nt_v2_500m_esmc_600m_Hybrid_Gating_XGBoost__Train2Val_UniProt,218.771,9.4,1075256221,2054.47,1469.0,,,,,,,,,,
train2__val_center_dna_prot_nt_v2_500m_esmc_600m_Hybrid_Gating_XGBoost__Train2Val_ProteinGym,218.771,9.41,1075256221,2054.47,1469.0,,,,,,,,,,
train2__val_center_dna_nt_v3_650m_None_PyTorch_Concat__Train2Val_Test,76.9386,6.89,652849212,2490.42,3643.92,,,,,,,,,,
train2__val_center_dna_nt_v3_650m_None_PyTorch_Concat__Train2Val_ClinVarHQ,76.9386,6.99,652849212,2490.42,3643.92,,,,,,,,,,
train2__val_center_dna_nt_v3_650m_None_PyTorch_Concat__Train2Val_UniProt,76.9386,6.96,652849212,2490.42,3643.92,,,,,,,,,,
train2__val_center_dna_nt_v3_650m_None_PyTorch_Concat__Train2Val_ProteinGym,76.9386,6.81,652849212,2490.42,3643.92,,,,,,,,,,
train2__val_center_dna_nt_v3_650m_None_Pure_XGBoost_Concat__Train2Val_Test,76.9386,6.89,652849212,2490.42,3643.92,,,,,,,,,,
train2__val_center_dna_nt_v3_650m_None_Pure_XGBoost_Concat__Train2Val_ClinVarHQ,76.9386,6.99,652849212,2490.42,3643.92,,,,,,,,,,
train2__val_center_dna_nt_v3_650m_None_Pure_XGBoost_Concat__Train2Val_UniProt,76.9386,6.97,652849212,2490.42,3643.92,,,,,,,,,,
train2__val_center_dna_nt_v3_650m_None_Pure_XGBoost_Concat__Train2Val_ProteinGym,76.9386,6.82,652849212,2490.42,3643.92,,,,,,,,,,
train2__val_center_dna_nt_v3_650m_None_Hybrid_Concat_XGBoost__Train2Val_Test,76.9386,6.89,652849212,2490.42,3643.92,,,,,,,,,,
train2__val_center_dna_nt_v3_650m_None_Hybrid_Concat_XGBoost__Train2Val_ClinVarHQ,76.9386,6.98,652849212,2490.42,3643.92,,,,,,,,,,
train2__val_center_dna_nt_v3_650m_None_Hybrid_Concat_XGBoost__Train2Val_UniProt,76.9386,6.96,652849212,2490.42,3643.92,,,,,,,,,,
train2__val_center_dna_nt_v3_650m_None_Hybrid_Concat_XGBoost__Train2Val_ProteinGym,76.9386,6.81,652849212,2490.42,3643.92,,,,,,,,,,
train2__val_center_prot_None_esmc_600m_PyTorch_Concat__Train2Val_Test,118.3928,4.68,575860161,1099.94,1469.0,,,,,,,,,,
train2__val_center_prot_None_esmc_600m_PyTorch_Concat__Train2Val_ClinVarHQ,118.3928,4.75,575860161,1099.94,1469.0,,,,,,,,,,
train2__val_center_prot_None_esmc_600m_PyTorch_Concat__Train2Val_UniProt,118.3928,4.7,575860161,1099.94,1469.0,,,,,,,,,,
train2__val_center_prot_None_esmc_600m_PyTorch_Concat__Train2Val_ProteinGym,118.3928,4.7,575860161,1099.94,1469.0,,,,,,,,,,
train2__val_center_prot_None_esmc_600m_Pure_XGBoost_Concat__Train2Val_Test,118.3928,4.68,575860161,1099.94,1469.0,,,,,,,,,,
train2__val_center_prot_None_esmc_600m_Pure_XGBoost_Concat__Train2Val_ClinVarHQ,118.3928,4.76,575860161,1099.94,1469.0,,,,,,,,,,
train2__val_center_prot_None_esmc_600m_Pure_XGBoost_Concat__Train2Val_UniProt,118.3928,4.7,575860161,1099.94,1469.0,,,,,,,,,,
train2__val_center_prot_None_esmc_600m_Pure_XGBoost_Concat__Train2Val_ProteinGym,118.3928,4.7,575860161,1099.94,1469.0,,,,,,,,,,
train2__val_center_prot_None_esmc_600m_Hybrid_Concat_XGBoost__Train2Val_Test,118.3928,4.68,575860161,1099.94,1469.0,,,,,,,,,,
train2__val_center_prot_None_esmc_600m_Hybrid_Concat_XGBoost__Train2Val_ClinVarHQ,118.3928,4.76,575860161,1099.94,1469.0,,,,,,,,,,
train2__val_center_prot_None_esmc_600m_Hybrid_Concat_XGBoost__Train2Val_UniProt,118.3928,4.69,575860161,1099.94,1469.0,,,,,,,,,,
train2__val_center_prot_None_esmc_600m_Hybrid_Concat_XGBoost__Train2Val_ProteinGym,118.3928,4.7,575860161,1099.94,1469.0,,,,,,,,,,
train2__val_center_dna_geom_prot_nt_v3_650m_esmc_600m_PyTorch_Concat__Train2Val_Test,195.3315,11.58,1228725756,3590.42,3643.92,,,,,,,,,,
train2__val_center_dna_geom_prot_nt_v3_650m_esmc_600m_PyTorch_Concat__Train2Val_ClinVarHQ,195.3315,11.74,1228725756,3590.42,3643.92,,,,,,,,,,
train2__val_center_dna_geom_prot_nt_v3_650m_esmc_600m_PyTorch_Concat__Train2Val_UniProt,195.3315,11.66,1228725756,3590.42,3643.92,,,,,,,,,,
train2__val_center_dna_geom_prot_nt_v3_650m_esmc_600m_PyTorch_Concat__Train2Val_ProteinGym,195.3315,11.52,1228725756,3590.42,3643.92,,,,,,,,,,
train2__val_center_dna_geom_prot_nt_v3_650m_esmc_600m_PyTorch_CrossAttn__Train2Val_Test,195.3315,11.59,1230827004,3598.44,3643.92,,,,,,,,,,
train2__val_center_dna_geom_prot_nt_v3_650m_esmc_600m_PyTorch_CrossAttn__Train2Val_ClinVarHQ,195.3315,11.74,1230827004,3598.44,3643.92,,,,,,,,,,
train2__val_center_dna_geom_prot_nt_v3_650m_esmc_600m_PyTorch_CrossAttn__Train2Val_UniProt,195.3315,11.66,1230827004,3598.44,3643.92,,,,,,,,,,
train2__val_center_dna_geom_prot_nt_v3_650m_esmc_600m_PyTorch_CrossAttn__Train2Val_ProteinGym,195.3315,11.53,1230827004,3598.44,3643.92,,,,,,,,,,
train2__val_center_dna_geom_prot_nt_v3_650m_esmc_600m_PyTorch_Transformer__Train2Val_Test,195.3399,11.59,1231879164,3602.45,3643.92,,,,,,,,,,
train2__val_center_dna_geom_prot_nt_v3_650m_esmc_600m_PyTorch_Transformer__Train2Val_ClinVarHQ,195.3399,11.75,1231879164,3602.45,3643.92,,,,,,,,,,
train2__val_center_dna_geom_prot_nt_v3_650m_esmc_600m_PyTorch_Transformer__Train2Val_UniProt,195.3399,11.68,1231879164,3602.45,3643.92,,,,,,,,,,
train2__val_center_dna_geom_prot_nt_v3_650m_esmc_600m_PyTorch_Transformer__Train2Val_ProteinGym,195.3399,11.54,1231879164,3602.45,3643.92,,,,,,,,,,
train2__val_center_dna_geom_prot_nt_v3_650m_esmc_600m_PyTorch_Gating__Train2Val_Test,195.3322,11.58,1229052924,3591.67,3643.92,,,,,,,,,,
train2__val_center_dna_geom_prot_nt_v3_650m_esmc_600m_PyTorch_Gating__Train2Val_ClinVarHQ,195.3322,11.75,1229052924,3591.67,3643.92,,,,,,,,,,
train2__val_center_dna_geom_prot_nt_v3_650m_esmc_600m_PyTorch_Gating__Train2Val_UniProt,195.3322,11.66,1229052924,3591.67,3643.92,,,,,,,,,,
train2__val_center_dna_geom_prot_nt_v3_650m_esmc_600m_PyTorch_Gating__Train2Val_ProteinGym,195.3322,11.52,1229052924,3591.67,3643.92,,,,,,,,,,
train2__val_center_dna_geom_prot_nt_v3_650m_esmc_600m_Pure_XGBoost_Concat__Train2Val_Test,195.3315,11.58,1228725756,3590.42,3643.92,,,,,,,,,,
train2__val_center_dna_geom_prot_nt_v3_650m_esmc_600m_Pure_XGBoost_Concat__Train2Val_ClinVarHQ,195.3315,11.74,1228725756,3590.42,3643.92,,,,,,,,,,
train2__val_center_dna_geom_prot_nt_v3_650m_esmc_600m_Pure_XGBoost_Concat__Train2Val_UniProt,195.3315,11.66,1228725756,3590.42,3643.92,,,,,,,,,,
train2__val_center_dna_geom_prot_nt_v3_650m_esmc_600m_Pure_XGBoost_Concat__Train2Val_ProteinGym,195.3315,11.52,1228725756,3590.42,3643.92,,,,,,,,,,
train2__val_center_dna_geom_prot_nt_v3_650m_esmc_600m_Hybrid_Concat_XGBoost__Train2Val_Test,195.3315,11.57,1228725756,3590.42,3643.92,,,,,,,,,,
train2__val_center_dna_geom_prot_nt_v3_650m_esmc_600m_Hybrid_Concat_XGBoost__Train2Val_ClinVarHQ,195.3315,11.73,1228725756,3590.42,3643.92,,,,,,,,,,
train2__val_center_dna_geom_prot_nt_v3_650m_esmc_600m_Hybrid_Concat_XGBoost__Train2Val_UniProt,195.3315,11.65,1228725756,3590.42,3643.92,,,,,,,,,,
train2__val_center_dna_geom_prot_nt_v3_650m_esmc_600m_Hybrid_Concat_XGBoost__Train2Val_ProteinGym,195.3315,11.51,1228725756,3590.42,3643.92,,,,,,,,,,
train2__val_center_dna_nt_v3_650m_None_PyTorch_Concat__Train2Val_Test,76.9386,6.9,652849212,2490.42,3643.92,,,,,,,,,,
train2__val_center_dna_nt_v3_650m_None_PyTorch_Concat__Train2Val_ClinVarHQ,76.9386,6.98,652849212,2490.42,3643.92,,,,,,,,,,
train2__val_center_dna_nt_v3_650m_None_PyTorch_Concat__Train2Val_UniProt,76.9386,6.97,652849212,2490.42,3643.92,,,,,,,,,,
train2__val_center_dna_nt_v3_650m_None_PyTorch_Concat__Train2Val_ProteinGym,76.9386,6.81,652849212,2490.42,3643.92,,,,,,,,,,
train2__val_center_dna_nt_v3_650m_None_Pure_XGBoost_Concat__Train2Val_Test,76.9386,6.89,652849212,2490.42,3643.92,,,,,,,,,,
train2__val_center_dna_nt_v3_650m_None_Pure_XGBoost_Concat__Train2Val_ClinVarHQ,76.9386,6.99,652849212,2490.42,3643.92,,,,,,,,,,
train2__val_center_dna_nt_v3_650m_None_Pure_XGBoost_Concat__Train2Val_UniProt,76.9386,6.97,652849212,2490.42,3643.92,,,,,,,,,,
train2__val_center_dna_nt_v3_650m_None_Pure_XGBoost_Concat__Train2Val_ProteinGym,76.9386,6.82,652849212,2490.42,3643.92,,,,,,,,,,
train2__val_center_dna_nt_v3_650m_None_Hybrid_Concat_XGBoost__Train2Val_Test,76.9386,6.89,652849212,2490.42,3643.92,,,,,,,,,,
train2__val_center_dna_nt_v3_650m_None_Hybrid_Concat_XGBoost__Train2Val_ClinVarHQ,76.9386,6.98,652849212,2490.42,3643.92,,,,,,,,,,
train2__val_center_dna_nt_v3_650m_None_Hybrid_Concat_XGBoost__Train2Val_UniProt,76.9386,6.96,652849212,2490.42,3643.92,,,,,,,,,,
train2__val_center_dna_nt_v3_650m_None_Hybrid_Concat_XGBoost__Train2Val_ProteinGym,76.9386,6.81,652849212,2490.42,3643.92,,,,,,,,,,
train2__val_center_prot_None_esmc_600m_PyTorch_Concat__Train2Val_Test,118.3928,4.68,575860161,1099.94,1469.0,,,,,,,,,,
train2__val_center_prot_None_esmc_600m_PyTorch_Concat__Train2Val_ClinVarHQ,118.3928,4.76,575860161,1099.94,1469.0,,,,,,,,,,
train2__val_center_prot_None_esmc_600m_PyTorch_Concat__Train2Val_UniProt,118.3928,4.69,575860161,1099.94,1469.0,,,,,,,,,,
train2__val_center_prot_None_esmc_600m_PyTorch_Concat__Train2Val_ProteinGym,118.3928,4.7,575860161,1099.94,1469.0,,,,,,,,,,
train2__val_center_prot_None_esmc_600m_Pure_XGBoost_Concat__Train2Val_Test,118.3928,4.68,575860161,1099.94,1469.0,,,,,,,,,,
train2__val_center_prot_None_esmc_600m_Pure_XGBoost_Concat__Train2Val_ClinVarHQ,118.3928,4.76,575860161,1099.94,1469.0,,,,,,,,,,
train2__val_center_prot_None_esmc_600m_Pure_XGBoost_Concat__Train2Val_UniProt,118.3928,4.69,575860161,1099.94,1469.0,,,,,,,,,,
train2__val_center_prot_None_esmc_600m_Pure_XGBoost_Concat__Train2Val_ProteinGym,118.3928,4.71,575860161,1099.94,1469.0,,,,,,,,,,
train2__val_center_prot_None_esmc_600m_Hybrid_Concat_XGBoost__Train2Val_Test,118.3928,4.68,575860161,1099.94,1469.0,,,,,,,,,,
train2__val_center_prot_None_esmc_600m_Hybrid_Concat_XGBoost__Train2Val_ClinVarHQ,118.3928,4.75,575860161,1099.94,1469.0,,,,,,,,,,
train2__val_center_prot_None_esmc_600m_Hybrid_Concat_XGBoost__Train2Val_UniProt,118.3928,4.69,575860161,1099.94,1469.0,,,,,,,,,,
train2__val_center_prot_None_esmc_600m_Hybrid_Concat_XGBoost__Train2Val_ProteinGym,118.3928,4.7,575860161,1099.94,1469.0,,,,,,,,,,
train2__val_center_dna_geom_prot_nt_v3_650m_esmc_600m_Hybrid_CrossAttn_XGBoost__Train2Val_Test,195.3315,11.57,1230827004,3598.44,3643.92,,,,,,,,,,
train2__val_center_dna_geom_prot_nt_v3_650m_esmc_600m_Hybrid_CrossAttn_XGBoost__Train2Val_ClinVarHQ,195.3315,11.73,1230827004,3598.44,3643.92,,,,,,,,,,
train2__val_center_dna_geom_prot_nt_v3_650m_esmc_600m_Hybrid_CrossAttn_XGBoost__Train2Val_UniProt,195.3315,11.65,1230827004,3598.44,3643.92,,,,,,,,,,
train2__val_center_dna_geom_prot_nt_v3_650m_esmc_600m_Hybrid_CrossAttn_XGBoost__Train2Val_ProteinGym,195.3315,11.51,1230827004,3598.44,3643.92,,,,,,,,,,
train2__val_center_dna_geom_prot_nt_v3_650m_esmc_600m_Hybrid_Transformer_XGBoost__Train2Val_Test,195.3399,11.57,1231879164,3602.45,3643.92,,,,,,,,,,
train2__val_center_dna_geom_prot_nt_v3_650m_esmc_600m_Hybrid_Transformer_XGBoost__Train2Val_ClinVarHQ,195.3399,11.74,1231879164,3602.45,3643.92,,,,,,,,,,
train2__val_center_dna_geom_prot_nt_v3_650m_esmc_600m_Hybrid_Transformer_XGBoost__Train2Val_UniProt,195.3399,11.65,1231879164,3602.45,3643.92,,,,,,,,,,
train2__val_center_dna_geom_prot_nt_v3_650m_esmc_600m_Hybrid_Transformer_XGBoost__Train2Val_ProteinGym,195.3399,11.51,1231879164,3602.45,3643.92,,,,,,,,,,
train2__val_center_dna_geom_prot_nt_v3_650m_esmc_600m_Hybrid_Gating_XGBoost__Train2Val_Test,195.3322,11.57,1229052924,3591.67,3643.92,,,,,,,,,,
train2__val_center_dna_geom_prot_nt_v3_650m_esmc_600m_Hybrid_Gating_XGBoost__Train2Val_ClinVarHQ,195.3322,11.73,1229052924,3591.67,3643.92,,,,,,,,,,
train2__val_center_dna_geom_prot_nt_v3_650m_esmc_600m_Hybrid_Gating_XGBoost__Train2Val_UniProt,195.3322,11.65,1229052924,3591.67,3643.92,,,,,,,,,,
train2__val_center_dna_geom_prot_nt_v3_650m_esmc_600m_Hybrid_Gating_XGBoost__Train2Val_ProteinGym,195.3322,11.51,1229052924,3591.67,3643.92,,,,,,,,,,
train2__val_center_bio_dna_prot_nt_v3_650m_esmc_600m_PyTorch_Concat__Train2Val_Test,195.3315,11.58,1228726140,3590.42,3643.92,,,,,,,,,,
train2__val_center_bio_dna_prot_nt_v3_650m_esmc_600m_PyTorch_Concat__Train2Val_ClinVarHQ,195.3315,11.74,1228726140,3590.42,3643.92,,,,,,,,,,
train2__val_center_bio_dna_prot_nt_v3_650m_esmc_600m_PyTorch_Concat__Train2Val_UniProt,195.3315,11.66,1228726140,3590.42,3643.92,,,,,,,,,,
train2__val_center_bio_dna_prot_nt_v3_650m_esmc_600m_PyTorch_Concat__Train2Val_ProteinGym,195.3315,11.52,1228726140,3590.42,3643.92,,,,,,,,,,
train2__val_center_bio_dna_prot_nt_v3_650m_esmc_600m_PyTorch_CrossAttn__Train2Val_Test,195.3315,11.59,1230827388,3598.44,3643.92,,,,,,,,,,
train2__val_center_bio_dna_prot_nt_v3_650m_esmc_600m_PyTorch_CrossAttn__Train2Val_ClinVarHQ,195.3315,11.75,1230827388,3598.44,3643.92,,,,,,,,,,
train2__val_center_bio_dna_prot_nt_v3_650m_esmc_600m_PyTorch_CrossAttn__Train2Val_UniProt,195.3315,11.67,1230827388,3598.44,3643.92,,,,,,,,,,
train2__val_center_bio_dna_prot_nt_v3_650m_esmc_600m_PyTorch_CrossAttn__Train2Val_ProteinGym,195.3315,11.53,1230827388,3598.44,3643.92,,,,,,,,,,
train2__val_center_bio_dna_prot_nt_v3_650m_esmc_600m_PyTorch_Transformer__Train2Val_Test,195.3399,11.6,1231879548,3602.45,3643.92,,,,,,,,,,
train2__val_center_bio_dna_prot_nt_v3_650m_esmc_600m_PyTorch_Transformer__Train2Val_ClinVarHQ,195.3399,11.77,1231879548,3602.45,3643.92,,,,,,,,,,
train2__val_center_bio_dna_prot_nt_v3_650m_esmc_600m_PyTorch_Transformer__Train2Val_UniProt,195.3399,11.68,1231879548,3602.45,3643.92,,,,,,,,,,
train2__val_center_bio_dna_prot_nt_v3_650m_esmc_600m_PyTorch_Transformer__Train2Val_ProteinGym,195.3399,11.54,1231879548,3602.45,3643.92,,,,,,,,,,
train2__val_center_bio_dna_prot_nt_v3_650m_esmc_600m_PyTorch_Gating__Train2Val_Test,195.3322,11.58,1229053308,3591.67,3643.92,,,,,,,,,,
train2__val_center_bio_dna_prot_nt_v3_650m_esmc_600m_PyTorch_Gating__Train2Val_ClinVarHQ,195.3322,11.74,1229053308,3591.67,3643.92,,,,,,,,,,
train2__val_center_bio_dna_prot_nt_v3_650m_esmc_600m_PyTorch_Gating__Train2Val_UniProt,195.3322,11.66,1229053308,3591.67,3643.92,,,,,,,,,,
train2__val_center_bio_dna_prot_nt_v3_650m_esmc_600m_PyTorch_Gating__Train2Val_ProteinGym,195.3322,11.52,1229053308,3591.67,3643.92,,,,,,,,,,
train2__val_center_bio_dna_prot_nt_v3_650m_esmc_600m_Pure_XGBoost_Concat__Train2Val_Test,195.3315,11.58,1228726140,3590.42,3643.92,,,,,,,,,,
train2__val_center_bio_dna_prot_nt_v3_650m_esmc_600m_Pure_XGBoost_Concat__Train2Val_ClinVarHQ,195.3315,11.74,1228726140,3590.42,3643.92,,,,,,,,,,
train2__val_center_bio_dna_prot_nt_v3_650m_esmc_600m_Pure_XGBoost_Concat__Train2Val_UniProt,195.3315,11.66,1228726140,3590.42,3643.92,,,,,,,,,,
train2__val_center_bio_dna_prot_nt_v3_650m_esmc_600m_Pure_XGBoost_Concat__Train2Val_ProteinGym,195.3315,11.52,1228726140,3590.42,3643.92,,,,,,,,,,
train2__val_center_bio_dna_prot_nt_v3_650m_esmc_600m_Hybrid_Concat_XGBoost__Train2Val_Test,195.3315,11.57,1228726140,3590.42,3643.92,,,,,,,,,,
train2__val_center_bio_dna_prot_nt_v3_650m_esmc_600m_Hybrid_Concat_XGBoost__Train2Val_ClinVarHQ,195.3315,11.73,1228726140,3590.42,3643.92,,,,,,,,,,
train2__val_center_bio_dna_prot_nt_v3_650m_esmc_600m_Hybrid_Concat_XGBoost__Train2Val_UniProt,195.3315,11.65,1228726140,3590.42,3643.92,,,,,,,,,,
train2__val_center_bio_dna_prot_nt_v3_650m_esmc_600m_Hybrid_Concat_XGBoost__Train2Val_ProteinGym,195.3315,11.51,1228726140,3590.42,3643.92,,,,,,,,,,
train2__val_center_bio_dna_prot_nt_v3_650m_esmc_600m_Hybrid_CrossAttn_XGBoost__Train2Val_Test,195.3315,11.57,1230827388,3598.44,3643.92,,,,,,,,,,
train2__val_center_bio_dna_prot_nt_v3_650m_esmc_600m_Hybrid_CrossAttn_XGBoost__Train2Val_ClinVarHQ,195.3315,11.73,1230827388,3598.44,3643.92,,,,,,,,,,
train2__val_center_bio_dna_prot_nt_v3_650m_esmc_600m_Hybrid_CrossAttn_XGBoost__Train2Val_UniProt,195.3315,11.65,1230827388,3598.44,3643.92,,,,,,,,,,
train2__val_center_bio_dna_prot_nt_v3_650m_esmc_600m_Hybrid_CrossAttn_XGBoost__Train2Val_ProteinGym,195.3315,11.51,1230827388,3598.44,3643.92,,,,,,,,,,
train2__val_center_bio_dna_prot_nt_v3_650m_esmc_600m_Hybrid_Transformer_XGBoost__Train2Val_Test,195.3399,11.57,1231879548,3602.45,3643.92,,,,,,,,,,
train2__val_center_bio_dna_prot_nt_v3_650m_esmc_600m_Hybrid_Transformer_XGBoost__Train2Val_ClinVarHQ,195.3399,11.73,1231879548,3602.45,3643.92,,,,,,,,,,
train2__val_center_bio_dna_prot_nt_v3_650m_esmc_600m_Hybrid_Transformer_XGBoost__Train2Val_UniProt,195.3399,11.65,1231879548,3602.45,3643.92,,,,,,,,,,
train2__val_center_bio_dna_prot_nt_v3_650m_esmc_600m_Hybrid_Transformer_XGBoost__Train2Val_ProteinGym,195.3399,11.51,1231879548,3602.45,3643.92,,,,,,,,,,
train2__val_center_bio_dna_prot_nt_v3_650m_esmc_600m_Hybrid_Gating_XGBoost__Train2Val_Test,195.3322,11.57,1229053308,3591.67,3643.92,,,,,,,,,,
train2__val_center_bio_dna_prot_nt_v3_650m_esmc_600m_Hybrid_Gating_XGBoost__Train2Val_ClinVarHQ,195.3322,11.73,1229053308,3591.67,3643.92,,,,,,,,,,
train2__val_center_bio_dna_prot_nt_v3_650m_esmc_600m_Hybrid_Gating_XGBoost__Train2Val_UniProt,195.3322,11.65,1229053308,3591.67,3643.92,,,,,,,,,,
train2__val_center_bio_dna_prot_nt_v3_650m_esmc_600m_Hybrid_Gating_XGBoost__Train2Val_ProteinGym,195.3322,11.51,1229053308,3591.67,3643.92,,,,,,,,,,
train2__val_center_bio_dna_geom_prot_nt_v3_650m_esmc_600m_PyTorch_Concat__Train2Val_Test,195.3315,11.58,1228727164,3590.43,3643.92,,,,,,,,,,
train2__val_center_bio_dna_geom_prot_nt_v3_650m_esmc_600m_PyTorch_Concat__Train2Val_ClinVarHQ,195.3315,11.74,1228727164,3590.43,3643.92,,,,,,,,,,
train2__val_center_bio_dna_geom_prot_nt_v3_650m_esmc_600m_PyTorch_Concat__Train2Val_UniProt,195.3315,11.66,1228727164,3590.43,3643.92,,,,,,,,,,
train2__val_center_bio_dna_geom_prot_nt_v3_650m_esmc_600m_PyTorch_Concat__Train2Val_ProteinGym,195.3315,11.52,1228727164,3590.43,3643.92,,,,,,,,,,
train2__val_center_bio_dna_geom_prot_nt_v3_650m_esmc_600m_PyTorch_CrossAttn__Train2Val_Test,195.3315,11.59,1230828412,3598.44,3643.92,,,,,,,,,,
train2__val_center_bio_dna_geom_prot_nt_v3_650m_esmc_600m_PyTorch_CrossAttn__Train2Val_ClinVarHQ,195.3315,11.75,1230828412,3598.44,3643.92,,,,,,,,,,
train2__val_center_bio_dna_geom_prot_nt_v3_650m_esmc_600m_PyTorch_CrossAttn__Train2Val_UniProt,195.3315,11.67,1230828412,3598.44,3643.92,,,,,,,,,,
train2__val_center_bio_dna_geom_prot_nt_v3_650m_esmc_600m_PyTorch_CrossAttn__Train2Val_ProteinGym,195.3315,11.53,1230828412,3598.44,3643.92,,,,,,,,,,
train2__val_center_bio_dna_geom_prot_nt_v3_650m_esmc_600m_PyTorch_Transformer__Train2Val_Test,195.3399,11.6,1231880572,3602.46,3643.92,,,,,,,,,,
train2__val_center_bio_dna_geom_prot_nt_v3_650m_esmc_600m_PyTorch_Transformer__Train2Val_ClinVarHQ,195.3399,11.76,1231880572,3602.46,3643.92,,,,,,,,,,
train2__val_center_bio_dna_geom_prot_nt_v3_650m_esmc_600m_PyTorch_Transformer__Train2Val_UniProt,195.3399,11.68,1231880572,3602.46,3643.92,,,,,,,,,,
train2__val_center_bio_dna_geom_prot_nt_v3_650m_esmc_600m_PyTorch_Transformer__Train2Val_ProteinGym,195.3399,11.54,1231880572,3602.46,3643.92,,,,,,,,,,
train2__val_center_bio_dna_geom_prot_nt_v3_650m_esmc_600m_PyTorch_Gating__Train2Val_Test,195.3322,11.58,1229054332,3591.68,3643.92,,,,,,,,,,
train2__val_center_bio_dna_geom_prot_nt_v3_650m_esmc_600m_PyTorch_Gating__Train2Val_ClinVarHQ,195.3322,11.74,1229054332,3591.68,3643.92,,,,,,,,,,
train2__val_center_bio_dna_geom_prot_nt_v3_650m_esmc_600m_PyTorch_Gating__Train2Val_UniProt,195.3322,11.66,1229054332,3591.68,3643.92,,,,,,,,,,
train2__val_center_bio_dna_geom_prot_nt_v3_650m_esmc_600m_PyTorch_Gating__Train2Val_ProteinGym,195.3322,11.52,1229054332,3591.68,3643.92,,,,,,,,,,
train2__val_center_bio_dna_geom_prot_nt_v3_650m_esmc_600m_Pure_XGBoost_Concat__Train2Val_Test,195.3315,11.58,1228727164,3590.43,3643.92,,,,,,,,,,
train2__val_center_bio_dna_geom_prot_nt_v3_650m_esmc_600m_Pure_XGBoost_Concat__Train2Val_ClinVarHQ,195.3315,11.74,1228727164,3590.43,3643.92,,,,,,,,,,
train2__val_center_bio_dna_geom_prot_nt_v3_650m_esmc_600m_Pure_XGBoost_Concat__Train2Val_UniProt,195.3315,11.66,1228727164,3590.43,3643.92,,,,,,,,,,
train2__val_center_bio_dna_geom_prot_nt_v3_650m_esmc_600m_Pure_XGBoost_Concat__Train2Val_ProteinGym,195.3315,11.52,1228727164,3590.43,3643.92,,,,,,,,,,
train2__val_center_bio_dna_geom_prot_nt_v3_650m_esmc_600m_Hybrid_Concat_XGBoost__Train2Val_Test,195.3315,11.57,1228727164,3590.43,3643.92,,,,,,,,,,
train2__val_center_bio_dna_geom_prot_nt_v3_650m_esmc_600m_Hybrid_Concat_XGBoost__Train2Val_ClinVarHQ,195.3315,11.73,1228727164,3590.43,3643.92,,,,,,,,,,
train2__val_center_bio_dna_geom_prot_nt_v3_650m_esmc_600m_Hybrid_Concat_XGBoost__Train2Val_UniProt,195.3315,11.65,1228727164,3590.43,3643.92,,,,,,,,,,
train2__val_center_bio_dna_geom_prot_nt_v3_650m_esmc_600m_Hybrid_Concat_XGBoost__Train2Val_ProteinGym,195.3315,11.51,1228727164,3590.43,3643.92,,,,,,,,,,
train2__val_center_bio_dna_geom_prot_nt_v3_650m_esmc_600m_Hybrid_CrossAttn_XGBoost__Train2Val_Test,195.3315,11.57,1230828412,3598.44,3643.92,,,,,,,,,,
train2__val_center_bio_dna_geom_prot_nt_v3_650m_esmc_600m_Hybrid_CrossAttn_XGBoost__Train2Val_ClinVarHQ,195.3315,11.73,1230828412,3598.44,3643.92,,,,,,,,,,
train2__val_center_bio_dna_geom_prot_nt_v3_650m_esmc_600m_Hybrid_CrossAttn_XGBoost__Train2Val_UniProt,195.3315,11.65,1230828412,3598.44,3643.92,,,,,,,,,,
train2__val_center_bio_dna_geom_prot_nt_v3_650m_esmc_600m_Hybrid_CrossAttn_XGBoost__Train2Val_ProteinGym,195.3315,11.51,1230828412,3598.44,3643.92,,,,,,,,,,
train2__val_center_bio_dna_geom_prot_nt_v3_650m_esmc_600m_Hybrid_Transformer_XGBoost__Train2Val_Test,195.3399,11.57,1231880572,3602.46,3643.92,,,,,,,,,,
train2__val_center_bio_dna_geom_prot_nt_v3_650m_esmc_600m_Hybrid_Transformer_XGBoost__Train2Val_ClinVarHQ,195.3399,11.73,1231880572,3602.46,3643.92,,,,,,,,,,
train2__val_center_bio_dna_geom_prot_nt_v3_650m_esmc_600m_Hybrid_Transformer_XGBoost__Train2Val_UniProt,195.3399,11.65,1231880572,3602.46,3643.92,,,,,,,,,,
train2__val_center_bio_dna_geom_prot_nt_v3_650m_esmc_600m_Hybrid_Transformer_XGBoost__Train2Val_ProteinGym,195.3399,11.51,1231880572,3602.46,3643.92,,,,,,,,,,
train2__val_center_bio_dna_geom_prot_nt_v3_650m_esmc_600m_Hybrid_Gating_XGBoost__Train2Val_Test,195.3322,11.57,1229054332,3591.68,3643.92,,,,,,,,,,
train2__val_center_bio_dna_geom_prot_nt_v3_650m_esmc_600m_Hybrid_Gating_XGBoost__Train2Val_ClinVarHQ,195.3322,11.73,1229054332,3591.68,3643.92,,,,,,,,,,
train2__val_center_bio_dna_geom_prot_nt_v3_650m_esmc_600m_Hybrid_Gating_XGBoost__Train2Val_UniProt,195.3322,11.65,1229054332,3591.68,3643.92,,,,,,,,,,
train2__val_center_bio_dna_geom_prot_nt_v3_650m_esmc_600m_Hybrid_Gating_XGBoost__Train2Val_ProteinGym,195.3322,11.51,1229054332,3591.68,3643.92,,,,,,,,,,
train2__val_center_bio_geom_nt_v3_650m_esmc_600m_PyTorch_Concat__Train2Val_Test,0.0002,0.0,86145,0.33,0.0,,,,,,,,,,
train2__val_center_bio_geom_nt_v3_650m_esmc_600m_PyTorch_Concat__Train2Val_ClinVarHQ,0.0002,0.0,86145,0.33,0.0,,,,,,,,,,
train2__val_center_bio_geom_nt_v3_650m_esmc_600m_PyTorch_Concat__Train2Val_UniProt,0.0002,0.0,86145,0.33,0.0,,,,,,,,,,
train2__val_center_bio_geom_nt_v3_650m_esmc_600m_PyTorch_Concat__Train2Val_ProteinGym,0.0002,0.0,86145,0.33,0.0,,,,,,,,,,
train2__val_center_bio_geom_nt_v3_650m_esmc_600m_Pure_XGBoost_Concat__Train2Val_Test,0.0002,0.0,86145,0.33,0.0,,,,,,,,,,
train2__val_center_bio_geom_nt_v3_650m_esmc_600m_Pure_XGBoost_Concat__Train2Val_ClinVarHQ,0.0002,0.0,86145,0.33,0.0,,,,,,,,,,
train2__val_center_bio_geom_nt_v3_650m_esmc_600m_Pure_XGBoost_Concat__Train2Val_UniProt,0.0002,0.0,86145,0.33,0.0,,,,,,,,,,
train2__val_center_bio_geom_nt_v3_650m_esmc_600m_Pure_XGBoost_Concat__Train2Val_ProteinGym,0.0002,0.0,86145,0.33,0.0,,,,,,,,,,
train2__val_center_bio_geom_nt_v3_650m_esmc_600m_Hybrid_Concat_XGBoost__Train2Val_Test,0.0002,0.0,86145,0.33,0.0,,,,,,,,,,
train2__val_center_bio_geom_nt_v3_650m_esmc_600m_Hybrid_Concat_XGBoost__Train2Val_ClinVarHQ,0.0002,0.0,86145,0.33,0.0,,,,,,,,,,
train2__val_center_bio_geom_nt_v3_650m_esmc_600m_Hybrid_Concat_XGBoost__Train2Val_UniProt,0.0002,0.0,86145,0.33,0.0,,,,,,,,,,
train2__val_center_bio_geom_nt_v3_650m_esmc_600m_Hybrid_Concat_XGBoost__Train2Val_ProteinGym,0.0002,0.0,86145,0.33,0.0,,,,,,,,,,
train2__val_cls_dna_prot_nt_v1_500m_esm1b_650m_PyTorch_Concat__Train2Val_Test,231.7942,9.35,1139801633,2177.33,1961.98,,,,,,,,,,
train2__val_cls_dna_prot_nt_v1_500m_esm1b_650m_PyTorch_Concat__Train2Val_ClinVarHQ,231.7942,9.87,1139801633,2177.33,1961.98,,,,,,,,,,
train2__val_cls_dna_prot_nt_v1_500m_esm1b_650m_PyTorch_Concat__Train2Val_UniProt,231.7942,9.85,1139801633,2177.33,1961.98,,,,,,,,,,
train2__val_cls_dna_prot_nt_v1_500m_esm1b_650m_PyTorch_Concat__Train2Val_ProteinGym,231.7942,9.88,1139801633,2177.33,1961.98,,,,,,,,,,
train2__val_cls_dna_prot_nt_v1_500m_esm1b_650m_PyTorch_CrossAttn__Train2Val_Test,231.7942,9.36,1141902881,2185.35,1961.98,,,,,,,,,,
train2__val_cls_dna_prot_nt_v1_500m_esm1b_650m_PyTorch_CrossAttn__Train2Val_ClinVarHQ,231.7942,9.87,1141902881,2185.35,1961.98,,,,,,,,,,
train2__val_cls_dna_prot_nt_v1_500m_esm1b_650m_PyTorch_CrossAttn__Train2Val_UniProt,231.7942,9.86,1141902881,2185.35,1961.98,,,,,,,,,,
train2__val_cls_dna_prot_nt_v1_500m_esm1b_650m_PyTorch_CrossAttn__Train2Val_ProteinGym,231.7942,9.89,1141902881,2185.35,1961.98,,,,,,,,,,
train2__val_cls_dna_prot_nt_v1_500m_esm1b_650m_PyTorch_Transformer__Train2Val_Test,231.8026,9.37,1142955041,2189.36,1961.98,,,,,,,,,,
train2__val_cls_dna_prot_nt_v1_500m_esm1b_650m_PyTorch_Transformer__Train2Val_ClinVarHQ,231.8026,9.88,1142955041,2189.36,1961.98,,,,,,,,,,
train2__val_cls_dna_prot_nt_v1_500m_esm1b_650m_PyTorch_Transformer__Train2Val_UniProt,231.8026,9.87,1142955041,2189.36,1961.98,,,,,,,,,,
train2__val_cls_dna_prot_nt_v1_500m_esm1b_650m_PyTorch_Transformer__Train2Val_ProteinGym,231.8026,9.9,1142955041,2189.36,1961.98,,,,,,,,,,
train2__val_cls_dna_prot_nt_v1_500m_esm1b_650m_PyTorch_Gating__Train2Val_Test,231.7948,9.35,1140128801,2178.58,1961.98,,,,,,,,,,
train2__val_cls_dna_prot_nt_v1_500m_esm1b_650m_PyTorch_Gating__Train2Val_ClinVarHQ,231.7948,9.86,1140128801,2178.58,1961.98,,,,,,,,,,
train2__val_cls_dna_prot_nt_v1_500m_esm1b_650m_PyTorch_Gating__Train2Val_UniProt,231.7948,9.85,1140128801,2178.58,1961.98,,,,,,,,,,
train2__val_cls_dna_prot_nt_v1_500m_esm1b_650m_PyTorch_Gating__Train2Val_ProteinGym,231.7948,9.88,1140128801,2178.58,1961.98,,,,,,,,,,
train2__val_cls_dna_prot_nt_v1_500m_esm1b_650m_Pure_XGBoost_Concat__Train2Val_Test,231.7942,9.35,1139801633,2177.33,1961.98,,,,,,,,,,
train2__val_cls_dna_prot_nt_v1_500m_esm1b_650m_Pure_XGBoost_Concat__Train2Val_ClinVarHQ,231.7942,9.86,1139801633,2177.33,1961.98,,,,,,,,,,
train2__val_cls_dna_prot_nt_v1_500m_esm1b_650m_Pure_XGBoost_Concat__Train2Val_UniProt,231.7942,9.85,1139801633,2177.33,1961.98,,,,,,,,,,
train2__val_cls_dna_prot_nt_v1_500m_esm1b_650m_Pure_XGBoost_Concat__Train2Val_ProteinGym,231.7942,9.88,1139801633,2177.33,1961.98,,,,,,,,,,
train2__val_cls_dna_prot_nt_v1_500m_esm1b_650m_Hybrid_Concat_XGBoost__Train2Val_Test,231.7942,9.34,1139801633,2177.33,1961.98,,,,,,,,,,
train2__val_cls_dna_prot_nt_v1_500m_esm1b_650m_Hybrid_Concat_XGBoost__Train2Val_ClinVarHQ,231.7942,9.85,1139801633,2177.33,1961.98,,,,,,,,,,
train2__val_cls_dna_prot_nt_v1_500m_esm1b_650m_Hybrid_Concat_XGBoost__Train2Val_UniProt,231.7942,9.84,1139801633,2177.33,1961.98,,,,,,,,,,
train2__val_cls_dna_prot_nt_v1_500m_esm1b_650m_Hybrid_Concat_XGBoost__Train2Val_ProteinGym,231.7942,9.87,1139801633,2177.33,1961.98,,,,,,,,,,
train2__val_cls_dna_prot_nt_v1_500m_esm1b_650m_Hybrid_CrossAttn_XGBoost__Train2Val_Test,231.7942,9.34,1141902881,2185.35,1961.98,,,,,,,,,,
train2__val_cls_dna_prot_nt_v1_500m_esm1b_650m_Hybrid_CrossAttn_XGBoost__Train2Val_ClinVarHQ,231.7942,9.86,1141902881,2185.35,1961.98,,,,,,,,,,
train2__val_cls_dna_prot_nt_v1_500m_esm1b_650m_Hybrid_CrossAttn_XGBoost__Train2Val_UniProt,231.7942,9.84,1141902881,2185.35,1961.98,,,,,,,,,,
train2__val_cls_dna_prot_nt_v1_500m_esm1b_650m_Hybrid_CrossAttn_XGBoost__Train2Val_ProteinGym,231.7942,9.87,1141902881,2185.35,1961.98,,,,,,,,,,
train2__val_cls_dna_prot_nt_v1_500m_esm1b_650m_Hybrid_Transformer_XGBoost__Train2Val_Test,231.8026,9.34,1142955041,2189.36,1961.98,,,,,,,,,,
train2__val_cls_dna_prot_nt_v1_500m_esm1b_650m_Hybrid_Transformer_XGBoost__Train2Val_ClinVarHQ,231.8026,9.85,1142955041,2189.36,1961.98,,,,,,,,,,
train2__val_cls_dna_prot_nt_v1_500m_esm1b_650m_Hybrid_Transformer_XGBoost__Train2Val_UniProt,231.8026,9.84,1142955041,2189.36,1961.98,,,,,,,,,,
train2__val_cls_dna_prot_nt_v1_500m_esm1b_650m_Hybrid_Transformer_XGBoost__Train2Val_ProteinGym,231.8026,9.87,1142955041,2189.36,1961.98,,,,,,,,,,
train2__val_cls_dna_prot_nt_v1_500m_esm1b_650m_Hybrid_Gating_XGBoost__Train2Val_Test,231.7948,9.34,1140128801,2178.58,1961.98,,,,,,,,,,
train2__val_cls_dna_prot_nt_v1_500m_esm1b_650m_Hybrid_Gating_XGBoost__Train2Val_ClinVarHQ,231.7948,9.86,1140128801,2178.58,1961.98,,,,,,,,,,
train2__val_cls_dna_prot_nt_v1_500m_esm1b_650m_Hybrid_Gating_XGBoost__Train2Val_UniProt,231.7948,9.84,1140128801,2178.58,1961.98,,,,,,,,,,
train2__val_cls_dna_prot_nt_v1_500m_esm1b_650m_Hybrid_Gating_XGBoost__Train2Val_ProteinGym,231.7948,9.87,1140128801,2178.58,1961.98,,,,,,,,,,
train2__val_cls_dna_prot_nt_v1_500m_esm2_650m_PyTorch_Concat__Train2Val_Test,231.7932,10.02,1138485793,2174.82,1686.1,,,,,,,,,,
train2__val_cls_dna_prot_nt_v1_500m_esm2_650m_PyTorch_Concat__Train2Val_ClinVarHQ,231.7932,10.37,1138485793,2174.82,1686.1,,,,,,,,,,
train2__val_cls_dna_prot_nt_v1_500m_esm2_650m_PyTorch_Concat__Train2Val_UniProt,231.7932,10.35,1138485793,2174.82,1686.1,,,,,,,,,,
train2__val_cls_dna_prot_nt_v1_500m_esm2_650m_PyTorch_Concat__Train2Val_ProteinGym,231.7932,10.36,1138485793,2174.82,1686.1,,,,,,,,,,
train2__val_cls_dna_prot_nt_v1_500m_esm2_650m_PyTorch_CrossAttn__Train2Val_Test,231.7932,10.03,1140587041,2182.84,1686.1,,,,,,,,,,
train2__val_cls_dna_prot_nt_v1_500m_esm2_650m_PyTorch_CrossAttn__Train2Val_ClinVarHQ,231.7932,10.38,1140587041,2182.84,1686.1,,,,,,,,,,
train2__val_cls_dna_prot_nt_v1_500m_esm2_650m_PyTorch_CrossAttn__Train2Val_UniProt,231.7932,10.36,1140587041,2182.84,1686.1,,,,,,,,,,
train2__val_cls_dna_prot_nt_v1_500m_esm2_650m_PyTorch_CrossAttn__Train2Val_ProteinGym,231.7932,10.37,1140587041,2182.84,1686.1,,,,,,,,,,
train2__val_cls_dna_prot_nt_v1_500m_esm2_650m_PyTorch_Transformer__Train2Val_Test,231.8016,10.04,1141639201,2186.85,1686.1,,,,,,,,,,
train2__val_cls_dna_prot_nt_v1_500m_esm2_650m_PyTorch_Transformer__Train2Val_ClinVarHQ,231.8016,10.39,1141639201,2186.85,1686.1,,,,,,,,,,
train2__val_cls_dna_prot_nt_v1_500m_esm2_650m_PyTorch_Transformer__Train2Val_UniProt,231.8016,10.37,1141639201,2186.85,1686.1,,,,,,,,,,
train2__val_cls_dna_prot_nt_v1_500m_esm2_650m_PyTorch_Transformer__Train2Val_ProteinGym,231.8016,10.38,1141639201,2186.85,1686.1,,,,,,,,,,
train2__val_cls_dna_prot_nt_v1_500m_esm2_650m_PyTorch_Gating__Train2Val_Test,231.7938,10.02,1138812961,2176.07,1686.1,,,,,,,,,,
train2__val_cls_dna_prot_nt_v1_500m_esm2_650m_PyTorch_Gating__Train2Val_ClinVarHQ,231.7938,10.37,1138812961,2176.07,1686.1,,,,,,,,,,
train2__val_cls_dna_prot_nt_v1_500m_esm2_650m_PyTorch_Gating__Train2Val_UniProt,231.7938,10.35,1138812961,2176.07,1686.1,,,,,,,,,,
train2__val_cls_dna_prot_nt_v1_500m_esm2_650m_PyTorch_Gating__Train2Val_ProteinGym,231.7938,10.36,1138812961,2176.07,1686.1,,,,,,,,,,
train2__val_cls_dna_prot_nt_v1_500m_esm2_650m_Pure_XGBoost_Concat__Train2Val_Test,231.7932,10.02,1138485793,2174.82,1686.1,,,,,,,,,,
train2__val_cls_dna_prot_nt_v1_500m_esm2_650m_Pure_XGBoost_Concat__Train2Val_ClinVarHQ,231.7932,10.37,1138485793,2174.82,1686.1,,,,,,,,,,
train2__val_cls_dna_prot_nt_v1_500m_esm2_650m_Pure_XGBoost_Concat__Train2Val_UniProt,231.7932,10.35,1138485793,2174.82,1686.1,,,,,,,,,,
train2__val_cls_dna_prot_nt_v1_500m_esm2_650m_Pure_XGBoost_Concat__Train2Val_ProteinGym,231.7932,10.36,1138485793,2174.82,1686.1,,,,,,,,,,
train2__val_cls_dna_prot_nt_v1_500m_esm2_650m_Hybrid_Concat_XGBoost__Train2Val_Test,231.7932,10.01,1138485793,2174.82,1686.1,,,,,,,,,,
train2__val_cls_dna_prot_nt_v1_500m_esm2_650m_Hybrid_Concat_XGBoost__Train2Val_ClinVarHQ,231.7932,10.36,1138485793,2174.82,1686.1,,,,,,,,,,
train2__val_cls_dna_prot_nt_v1_500m_esm2_650m_Hybrid_Concat_XGBoost__Train2Val_UniProt,231.7932,10.34,1138485793,2174.82,1686.1,,,,,,,,,,
train2__val_cls_dna_prot_nt_v1_500m_esm2_650m_Hybrid_Concat_XGBoost__Train2Val_ProteinGym,231.7932,10.35,1138485793,2174.82,1686.1,,,,,,,,,,
train2__val_cls_dna_prot_nt_v1_500m_esm2_650m_Hybrid_CrossAttn_XGBoost__Train2Val_Test,231.7932,10.01,1140587041,2182.84,1686.1,,,,,,,,,,
train2__val_cls_dna_prot_nt_v1_500m_esm2_650m_Hybrid_CrossAttn_XGBoost__Train2Val_ClinVarHQ,231.7932,10.36,1140587041,2182.84,1686.1,,,,,,,,,,
train2__val_cls_dna_prot_nt_v1_500m_esm2_650m_Hybrid_CrossAttn_XGBoost__Train2Val_UniProt,231.7932,10.34,1140587041,2182.84,1686.1,,,,,,,,,,
train2__val_cls_dna_prot_nt_v1_500m_esm2_650m_Hybrid_CrossAttn_XGBoost__Train2Val_ProteinGym,231.7932,10.35,1140587041,2182.84,1686.1,,,,,,,,,,
train2__val_cls_dna_prot_nt_v1_500m_esm2_650m_Hybrid_Transformer_XGBoost__Train2Val_Test,231.8016,10.01,1141639201,2186.85,1686.1,,,,,,,,,,
train2__val_cls_dna_prot_nt_v1_500m_esm2_650m_Hybrid_Transformer_XGBoost__Train2Val_ClinVarHQ,231.8016,10.36,1141639201,2186.85,1686.1,,,,,,,,,,
train2__val_cls_dna_prot_nt_v1_500m_esm2_650m_Hybrid_Transformer_XGBoost__Train2Val_UniProt,231.8016,10.34,1141639201,2186.85,1686.1,,,,,,,,,,
train2__val_cls_dna_prot_nt_v1_500m_esm2_650m_Hybrid_Transformer_XGBoost__Train2Val_ProteinGym,231.8016,10.35,1141639201,2186.85,1686.1,,,,,,,,,,
train2__val_cls_dna_prot_nt_v1_500m_esm2_650m_Hybrid_Gating_XGBoost__Train2Val_Test,231.7938,10.01,1138812961,2176.07,1686.1,,,,,,,,,,
train2__val_cls_dna_prot_nt_v1_500m_esm2_650m_Hybrid_Gating_XGBoost__Train2Val_ClinVarHQ,231.7938,10.37,1138812961,2176.07,1686.1,,,,,,,,,,
train2__val_cls_dna_prot_nt_v1_500m_esm2_650m_Hybrid_Gating_XGBoost__Train2Val_UniProt,231.7938,10.34,1138812961,2176.07,1686.1,,,,,,,,,,
train2__val_cls_dna_prot_nt_v1_500m_esm2_650m_Hybrid_Gating_XGBoost__Train2Val_ProteinGym,231.7938,10.35,1138812961,2176.07,1686.1,,,,,,,,,,
train2__val_cls_dna_prot_nt_v1_500m_esmc_600m_PyTorch_Concat__Train2Val_Test,216.1122,8.55,1062413995,2029.6,1656.34,,,,,,,,,,
train2__val_cls_dna_prot_nt_v1_500m_esmc_600m_PyTorch_Concat__Train2Val_ClinVarHQ,216.1122,8.98,1062413995,2029.6,1656.34,,,,,,,,,,
train2__val_cls_dna_prot_nt_v1_500m_esmc_600m_PyTorch_Concat__Train2Val_UniProt,216.1122,8.89,1062413995,2029.6,1656.34,,,,,,,,,,
train2__val_cls_dna_prot_nt_v1_500m_esmc_600m_PyTorch_Concat__Train2Val_ProteinGym,216.1122,8.91,1062413995,2029.6,1656.34,,,,,,,,,,
train2__val_cls_dna_prot_nt_v1_500m_esmc_600m_PyTorch_CrossAttn__Train2Val_Test,216.1122,8.56,1064515243,2037.62,1656.34,,,,,,,,,,
train2__val_cls_dna_prot_nt_v1_500m_esmc_600m_PyTorch_CrossAttn__Train2Val_ClinVarHQ,216.1122,8.99,1064515243,2037.62,1656.34,,,,,,,,,,
train2__val_cls_dna_prot_nt_v1_500m_esmc_600m_PyTorch_CrossAttn__Train2Val_UniProt,216.1122,8.9,1064515243,2037.62,1656.34,,,,,,,,,,
train2__val_cls_dna_prot_nt_v1_500m_esmc_600m_PyTorch_CrossAttn__Train2Val_ProteinGym,216.1122,8.92,1064515243,2037.62,1656.34,,,,,,,,,,
train2__val_cls_dna_prot_nt_v1_500m_esmc_600m_PyTorch_Transformer__Train2Val_Test,216.1206,8.57,1065567403,2041.63,1656.34,,,,,,,,,,
train2__val_cls_dna_prot_nt_v1_500m_esmc_600m_PyTorch_Transformer__Train2Val_ClinVarHQ,216.1206,9.0,1065567403,2041.63,1656.34,,,,,,,,,,
train2__val_cls_dna_prot_nt_v1_500m_esmc_600m_PyTorch_Transformer__Train2Val_UniProt,216.1206,8.91,1065567403,2041.63,1656.34,,,,,,,,,,
train2__val_cls_dna_prot_nt_v1_500m_esmc_600m_PyTorch_Transformer__Train2Val_ProteinGym,216.1206,8.93,1065567403,2041.63,1656.34,,,,,,,,,,
train2__val_cls_dna_prot_nt_v1_500m_esmc_600m_PyTorch_Gating__Train2Val_Test,216.1128,8.55,1062741163,2030.85,1656.34,,,,,,,,,,
train2__val_cls_dna_prot_nt_v1_500m_esmc_600m_PyTorch_Gating__Train2Val_ClinVarHQ,216.1128,8.98,1062741163,2030.85,1656.34,,,,,,,,,,
train2__val_cls_dna_prot_nt_v1_500m_esmc_600m_PyTorch_Gating__Train2Val_UniProt,216.1128,8.89,1062741163,2030.85,1656.34,,,,,,,,,,
train2__val_cls_dna_prot_nt_v1_500m_esmc_600m_PyTorch_Gating__Train2Val_ProteinGym,216.1128,8.91,1062741163,2030.85,1656.34,,,,,,,,,,
train2__val_cls_dna_prot_nt_v1_500m_esmc_600m_Pure_XGBoost_Concat__Train2Val_Test,216.1122,8.55,1062413995,2029.6,1656.34,,,,,,,,,,
train2__val_cls_dna_prot_nt_v1_500m_esmc_600m_Pure_XGBoost_Concat__Train2Val_ClinVarHQ,216.1122,8.98,1062413995,2029.6,1656.34,,,,,,,,,,
train2__val_cls_dna_prot_nt_v1_500m_esmc_600m_Pure_XGBoost_Concat__Train2Val_UniProt,216.1122,8.89,1062413995,2029.6,1656.34,,,,,,,,,,
train2__val_cls_dna_prot_nt_v1_500m_esmc_600m_Pure_XGBoost_Concat__Train2Val_ProteinGym,216.1122,8.91,1062413995,2029.6,1656.34,,,,,,,,,,
train2__val_cls_dna_prot_nt_v1_500m_esmc_600m_Hybrid_Concat_XGBoost__Train2Val_Test,216.1122,8.54,1062413995,2029.6,1656.34,,,,,,,,,,
train2__val_cls_dna_prot_nt_v1_500m_esmc_600m_Hybrid_Concat_XGBoost__Train2Val_ClinVarHQ,216.1122,8.97,1062413995,2029.6,1656.34,,,,,,,,,,
train2__val_cls_dna_prot_nt_v1_500m_esmc_600m_Hybrid_Concat_XGBoost__Train2Val_UniProt,216.1122,8.88,1062413995,2029.6,1656.34,,,,,,,,,,
train2__val_cls_dna_prot_nt_v1_500m_esmc_600m_Hybrid_Concat_XGBoost__Train2Val_ProteinGym,216.1122,8.9,1062413995,2029.6,1656.34,,,,,,,,,,
train2__val_cls_dna_prot_nt_v1_500m_esmc_600m_Hybrid_CrossAttn_XGBoost__Train2Val_Test,216.1122,8.54,1064515243,2037.62,1656.34,,,,,,,,,,
train2__val_cls_dna_prot_nt_v1_500m_esmc_600m_Hybrid_CrossAttn_XGBoost__Train2Val_ClinVarHQ,216.1122,8.97,1064515243,2037.62,1656.34,,,,,,,,,,
train2__val_cls_dna_prot_nt_v1_500m_esmc_600m_Hybrid_CrossAttn_XGBoost__Train2Val_UniProt,216.1122,8.88,1064515243,2037.62,1656.34,,,,,,,,,,
train2__val_cls_dna_prot_nt_v1_500m_esmc_600m_Hybrid_CrossAttn_XGBoost__Train2Val_ProteinGym,216.1122,8.9,1064515243,2037.62,1656.34,,,,,,,,,,
train2__val_cls_dna_prot_nt_v1_500m_esmc_600m_Hybrid_Transformer_XGBoost__Train2Val_Test,216.1206,8.54,1065567403,2041.63,1656.34,,,,,,,,,,
train2__val_cls_dna_prot_nt_v1_500m_esmc_600m_Hybrid_Transformer_XGBoost__Train2Val_ClinVarHQ,216.1206,8.98,1065567403,2041.63,1656.34,,,,,,,,,,
train2__val_cls_dna_prot_nt_v1_500m_esmc_600m_Hybrid_Transformer_XGBoost__Train2Val_UniProt,216.1206,8.88,1065567403,2041.63,1656.34,,,,,,,,,,
train2__val_cls_dna_prot_nt_v1_500m_esmc_600m_Hybrid_Transformer_XGBoost__Train2Val_ProteinGym,216.1206,8.9,1065567403,2041.63,1656.34,,,,,,,,,,
train2__val_cls_dna_prot_nt_v1_500m_esmc_600m_Hybrid_Gating_XGBoost__Train2Val_Test,216.1128,8.54,1062741163,2030.85,1656.34,,,,,,,,,,
train2__val_cls_dna_prot_nt_v1_500m_esmc_600m_Hybrid_Gating_XGBoost__Train2Val_ClinVarHQ,216.1128,8.97,1062741163,2030.85,1656.34,,,,,,,,,,
train2__val_cls_dna_prot_nt_v1_500m_esmc_600m_Hybrid_Gating_XGBoost__Train2Val_UniProt,216.1128,8.88,1062741163,2030.85,1656.34,,,,,,,,,,
train2__val_cls_dna_prot_nt_v1_500m_esmc_600m_Hybrid_Gating_XGBoost__Train2Val_ProteinGym,216.1128,8.9,1062741163,2030.85,1656.34,,,,,,,,,,
train2__val_cls_dna_prot_nt_v3_650m_esm1b_650m_PyTorch_Concat__Train2Val_Test,211.0135,12.38,1306062834,3737.96,3643.92,,,,,,,,,,
train2__val_cls_dna_prot_nt_v3_650m_esm1b_650m_PyTorch_Concat__Train2Val_ClinVarHQ,211.0135,12.62,1306062834,3737.96,3643.92,,,,,,,,,,
train2__val_cls_dna_prot_nt_v3_650m_esm1b_650m_PyTorch_Concat__Train2Val_UniProt,211.0135,12.62,1306062834,3737.96,3643.92,,,,,,,,,,
train2__val_cls_dna_prot_nt_v3_650m_esm1b_650m_PyTorch_Concat__Train2Val_ProteinGym,211.0135,12.49,1306062834,3737.96,3643.92,,,,,,,,,,
train2__val_cls_dna_prot_nt_v3_650m_esm1b_650m_PyTorch_CrossAttn__Train2Val_Test,211.0135,12.39,1308164082,3745.98,3643.92,,,,,,,,,,
train2__val_cls_dna_prot_nt_v3_650m_esm1b_650m_PyTorch_CrossAttn__Train2Val_ClinVarHQ,211.0135,12.63,1308164082,3745.98,3643.92,,,,,,,,,,
train2__val_cls_dna_prot_nt_v3_650m_esm1b_650m_PyTorch_CrossAttn__Train2Val_UniProt,211.0135,12.63,1308164082,3745.98,3643.92,,,,,,,,,,
train2__val_cls_dna_prot_nt_v3_650m_esm1b_650m_PyTorch_CrossAttn__Train2Val_ProteinGym,211.0135,12.5,1308164082,3745.98,3643.92,,,,,,,,,,
train2__val_cls_dna_prot_nt_v3_650m_esm1b_650m_PyTorch_Transformer__Train2Val_Test,211.0219,12.4,1309216242,3749.99,3643.92,,,,,,,,,,
train2__val_cls_dna_prot_nt_v3_650m_esm1b_650m_PyTorch_Transformer__Train2Val_ClinVarHQ,211.0219,12.64,1309216242,3749.99,3643.92,,,,,,,,,,
train2__val_cls_dna_prot_nt_v3_650m_esm1b_650m_PyTorch_Transformer__Train2Val_UniProt,211.0219,12.64,1309216242,3749.99,3643.92,,,,,,,,,,
train2__val_cls_dna_prot_nt_v3_650m_esm1b_650m_PyTorch_Transformer__Train2Val_ProteinGym,211.0219,12.51,1309216242,3749.99,3643.92,,,,,,,,,,
train2__val_cls_dna_prot_nt_v3_650m_esm1b_650m_PyTorch_Gating__Train2Val_Test,211.0141,12.38,1306390002,3739.21,3643.92,,,,,,,,,,
train2__val_cls_dna_prot_nt_v3_650m_esm1b_650m_PyTorch_Gating__Train2Val_ClinVarHQ,211.0141,12.62,1306390002,3739.21,3643.92,,,,,,,,,,
train2__val_cls_dna_prot_nt_v3_650m_esm1b_650m_PyTorch_Gating__Train2Val_UniProt,211.0141,12.62,1306390002,3739.21,3643.92,,,,,,,,,,
train2__val_cls_dna_prot_nt_v3_650m_esm1b_650m_PyTorch_Gating__Train2Val_ProteinGym,211.0141,12.49,1306390002,3739.21,3643.92,,,,,,,,,,
train2__val_cls_dna_prot_nt_v3_650m_esm1b_650m_Pure_XGBoost_Concat__Train2Val_Test,211.0135,12.38,1306062834,3737.96,3643.92,,,,,,,,,,
train2__val_cls_dna_prot_nt_v3_650m_esm1b_650m_Pure_XGBoost_Concat__Train2Val_ClinVarHQ,211.0135,12.62,1306062834,3737.96,3643.92,,,,,,,,,,
train2__val_cls_dna_prot_nt_v3_650m_esm1b_650m_Pure_XGBoost_Concat__Train2Val_UniProt,211.0135,12.62,1306062834,3737.96,3643.92,,,,,,,,,,
train2__val_cls_dna_prot_nt_v3_650m_esm1b_650m_Pure_XGBoost_Concat__Train2Val_ProteinGym,211.0135,12.49,1306062834,3737.96,3643.92,,,,,,,,,,
train2__val_cls_dna_prot_nt_v3_650m_esm1b_650m_Hybrid_Concat_XGBoost__Train2Val_Test,211.0135,12.37,1306062834,3737.96,3643.92,,,,,,,,,,
train2__val_cls_dna_prot_nt_v3_650m_esm1b_650m_Hybrid_Concat_XGBoost__Train2Val_ClinVarHQ,211.0135,12.61,1306062834,3737.96,3643.92,,,,,,,,,,
train2__val_cls_dna_prot_nt_v3_650m_esm1b_650m_Hybrid_Concat_XGBoost__Train2Val_UniProt,211.0135,12.62,1306062834,3737.96,3643.92,,,,,,,,,,
train2__val_cls_dna_prot_nt_v3_650m_esm1b_650m_Hybrid_Concat_XGBoost__Train2Val_ProteinGym,211.0135,12.48,1306062834,3737.96,3643.92,,,,,,,,,,
train2__val_cls_dna_prot_nt_v3_650m_esm1b_650m_Hybrid_CrossAttn_XGBoost__Train2Val_Test,211.0135,12.37,1308164082,3745.98,3643.92,,,,,,,,,,
train2__val_cls_dna_prot_nt_v3_650m_esm1b_650m_Hybrid_CrossAttn_XGBoost__Train2Val_ClinVarHQ,211.0135,12.61,1308164082,3745.98,3643.92,,,,,,,,,,
train2__val_cls_dna_prot_nt_v3_650m_esm1b_650m_Hybrid_CrossAttn_XGBoost__Train2Val_UniProt,211.0135,12.61,1308164082,3745.98,3643.92,,,,,,,,,,
train2__val_cls_dna_prot_nt_v3_650m_esm1b_650m_Hybrid_CrossAttn_XGBoost__Train2Val_ProteinGym,211.0135,12.48,1308164082,3745.98,3643.92,,,,,,,,,,
train2__val_cls_dna_prot_nt_v3_650m_esm1b_650m_Hybrid_Transformer_XGBoost__Train2Val_Test,211.0219,12.37,1309216242,3749.99,3643.92,,,,,,,,,,
train2__val_cls_dna_prot_nt_v3_650m_esm1b_650m_Hybrid_Transformer_XGBoost__Train2Val_ClinVarHQ,211.0219,12.62,1309216242,3749.99,3643.92,,,,,,,,,,
train2__val_cls_dna_prot_nt_v3_650m_esm1b_650m_Hybrid_Transformer_XGBoost__Train2Val_UniProt,211.0219,12.61,1309216242,3749.99,3643.92,,,,,,,,,,
train2__val_cls_dna_prot_nt_v3_650m_esm1b_650m_Hybrid_Transformer_XGBoost__Train2Val_ProteinGym,211.0219,12.48,1309216242,3749.99,3643.92,,,,,,,,,,
train2__val_cls_dna_prot_nt_v3_650m_esm1b_650m_Hybrid_Gating_XGBoost__Train2Val_Test,211.0141,12.37,1306390002,3739.21,3643.92,,,,,,,,,,
train2__val_cls_dna_prot_nt_v3_650m_esm1b_650m_Hybrid_Gating_XGBoost__Train2Val_ClinVarHQ,211.0141,12.62,1306390002,3739.21,3643.92,,,,,,,,,,
train2__val_cls_dna_prot_nt_v3_650m_esm1b_650m_Hybrid_Gating_XGBoost__Train2Val_UniProt,211.0141,12.61,1306390002,3739.21,3643.92,,,,,,,,,,
train2__val_cls_dna_prot_nt_v3_650m_esm1b_650m_Hybrid_Gating_XGBoost__Train2Val_ProteinGym,211.0141,12.48,1306390002,3739.21,3643.92,,,,,,,,,,
train2__val_cls_dna_prot_nt_v3_650m_esm2_650m_PyTorch_Concat__Train2Val_Test,211.0125,13.05,1304746994,3735.45,3643.92,,,,,,,,,,
train2__val_cls_dna_prot_nt_v3_650m_esm2_650m_PyTorch_Concat__Train2Val_ClinVarHQ,211.0125,13.13,1304746994,3735.45,3643.92,,,,,,,,,,
train2__val_cls_dna_prot_nt_v3_650m_esm2_650m_PyTorch_Concat__Train2Val_UniProt,211.0125,13.12,1304746994,3735.45,3643.92,,,,,,,,,,
train2__val_cls_dna_prot_nt_v3_650m_esm2_650m_PyTorch_Concat__Train2Val_ProteinGym,211.0125,12.97,1304746994,3735.45,3643.92,,,,,,,,,,
train2__val_cls_dna_prot_nt_v3_650m_esm2_650m_PyTorch_CrossAttn__Train2Val_Test,211.0125,13.06,1306848242,3743.47,3643.92,,,,,,,,,,
train2__val_cls_dna_prot_nt_v3_650m_esm2_650m_PyTorch_CrossAttn__Train2Val_ClinVarHQ,211.0125,13.14,1306848242,3743.47,3643.92,,,,,,,,,,
train2__val_cls_dna_prot_nt_v3_650m_esm2_650m_PyTorch_CrossAttn__Train2Val_UniProt,211.0125,13.13,1306848242,3743.47,3643.92,,,,,,,,,,
train2__val_cls_dna_prot_nt_v3_650m_esm2_650m_PyTorch_CrossAttn__Train2Val_ProteinGym,211.0125,12.98,1306848242,3743.47,3643.92,,,,,,,,,,
train2__val_cls_dna_prot_nt_v3_650m_esm2_650m_PyTorch_Transformer__Train2Val_Test,211.0209,13.06,1307900402,3747.48,3643.92,,,,,,,,,,
train2__val_cls_dna_prot_nt_v3_650m_esm2_650m_PyTorch_Transformer__Train2Val_ClinVarHQ,211.0209,13.17,1307900402,3747.48,3643.92,,,,,,,,,,
train2__val_cls_dna_prot_nt_v3_650m_esm2_650m_PyTorch_Transformer__Train2Val_UniProt,211.0209,13.14,1307900402,3747.48,3643.92,,,,,,,,,,
train2__val_cls_dna_prot_nt_v3_650m_esm2_650m_PyTorch_Transformer__Train2Val_ProteinGym,211.0209,12.99,1307900402,3747.48,3643.92,,,,,,,,,,
train2__val_cls_dna_prot_nt_v3_650m_esm2_650m_PyTorch_Gating__Train2Val_Test,211.0131,13.05,1305074162,3736.7,3643.92,,,,,,,,,,
train2__val_cls_dna_prot_nt_v3_650m_esm2_650m_PyTorch_Gating__Train2Val_ClinVarHQ,211.0131,13.13,1305074162,3736.7,3643.92,,,,,,,,,,
train2__val_cls_dna_prot_nt_v3_650m_esm2_650m_PyTorch_Gating__Train2Val_UniProt,211.0131,13.12,1305074162,3736.7,3643.92,,,,,,,,,,
train2__val_cls_dna_prot_nt_v3_650m_esm2_650m_PyTorch_Gating__Train2Val_ProteinGym,211.0131,12.97,1305074162,3736.7,3643.92,,,,,,,,,,
train2__val_cls_dna_prot_nt_v3_650m_esm2_650m_Pure_XGBoost_Concat__Train2Val_Test,211.0125,13.05,1304746994,3735.45,3643.92,,,,,,,,,,
train2__val_cls_dna_prot_nt_v3_650m_esm2_650m_Pure_XGBoost_Concat__Train2Val_ClinVarHQ,211.0125,13.13,1304746994,3735.45,3643.92,,,,,,,,,,
train2__val_cls_dna_prot_nt_v3_650m_esm2_650m_Pure_XGBoost_Concat__Train2Val_UniProt,211.0125,13.12,1304746994,3735.45,3643.92,,,,,,,,,,
train2__val_cls_dna_prot_nt_v3_650m_esm2_650m_Pure_XGBoost_Concat__Train2Val_ProteinGym,211.0125,12.97,1304746994,3735.45,3643.92,,,,,,,,,,
train2__val_cls_dna_prot_nt_v3_650m_esm2_650m_Hybrid_Concat_XGBoost__Train2Val_Test,211.0125,13.04,1304746994,3735.45,3643.92,,,,,,,,,,
train2__val_cls_dna_prot_nt_v3_650m_esm2_650m_Hybrid_Concat_XGBoost__Train2Val_ClinVarHQ,211.0125,13.13,1304746994,3735.45,3643.92,,,,,,,,,,
train2__val_cls_dna_prot_nt_v3_650m_esm2_650m_Hybrid_Concat_XGBoost__Train2Val_UniProt,211.0125,13.11,1304746994,3735.45,3643.92,,,,,,,,,,
train2__val_cls_dna_prot_nt_v3_650m_esm2_650m_Hybrid_Concat_XGBoost__Train2Val_ProteinGym,211.0125,12.96,1304746994,3735.45,3643.92,,,,,,,,,,
train2__val_cls_dna_prot_nt_v3_650m_esm2_650m_Hybrid_CrossAttn_XGBoost__Train2Val_Test,211.0125,13.04,1306848242,3743.47,3643.92,,,,,,,,,,
train2__val_cls_dna_prot_nt_v3_650m_esm2_650m_Hybrid_CrossAttn_XGBoost__Train2Val_ClinVarHQ,211.0125,13.13,1306848242,3743.47,3643.92,,,,,,,,,,
train2__val_cls_dna_prot_nt_v3_650m_esm2_650m_Hybrid_CrossAttn_XGBoost__Train2Val_UniProt,211.0125,13.11,1306848242,3743.47,3643.92,,,,,,,,,,
train2__val_cls_dna_prot_nt_v3_650m_esm2_650m_Hybrid_CrossAttn_XGBoost__Train2Val_ProteinGym,211.0125,12.96,1306848242,3743.47,3643.92,,,,,,,,,,
train2__val_cls_dna_prot_nt_v3_650m_esm2_650m_Hybrid_Transformer_XGBoost__Train2Val_Test,211.0209,13.04,1307900402,3747.48,3643.92,,,,,,,,,,
train2__val_cls_dna_prot_nt_v3_650m_esm2_650m_Hybrid_Transformer_XGBoost__Train2Val_ClinVarHQ,211.0209,13.13,1307900402,3747.48,3643.92,,,,,,,,,,
train2__val_cls_dna_prot_nt_v3_650m_esm2_650m_Hybrid_Transformer_XGBoost__Train2Val_UniProt,211.0209,13.11,1307900402,3747.48,3643.92,,,,,,,,,,
train2__val_cls_dna_prot_nt_v3_650m_esm2_650m_Hybrid_Transformer_XGBoost__Train2Val_ProteinGym,211.0209,12.96,1307900402,3747.48,3643.92,,,,,,,,,,
train2__val_cls_dna_prot_nt_v3_650m_esm2_650m_Hybrid_Gating_XGBoost__Train2Val_Test,211.0131,13.04,1305074162,3736.7,3643.92,,,,,,,,,,
train2__val_cls_dna_prot_nt_v3_650m_esm2_650m_Hybrid_Gating_XGBoost__Train2Val_ClinVarHQ,211.0131,13.12,1305074162,3736.7,3643.92,,,,,,,,,,
train2__val_cls_dna_prot_nt_v3_650m_esm2_650m_Hybrid_Gating_XGBoost__Train2Val_UniProt,211.0131,13.11,1305074162,3736.7,3643.92,,,,,,,,,,
train2__val_cls_dna_prot_nt_v3_650m_esm2_650m_Hybrid_Gating_XGBoost__Train2Val_ProteinGym,211.0131,12.96,1305074162,3736.7,3643.92,,,,,,,,,,
train2__val_cls_dna_prot_nt_v3_650m_esmc_600m_PyTorch_Concat__Train2Val_Test,195.3314,11.58,1228675196,3590.23,3643.92,,,,,,,,,,
train2__val_cls_dna_prot_nt_v3_650m_esmc_600m_PyTorch_Concat__Train2Val_ClinVarHQ,195.3314,11.74,1228675196,3590.23,3643.92,,,,,,,,,,
train2__val_cls_dna_prot_nt_v3_650m_esmc_600m_PyTorch_Concat__Train2Val_UniProt,195.3314,11.66,1228675196,3590.23,3643.92,,,,,,,,,,
train2__val_cls_dna_prot_nt_v3_650m_esmc_600m_PyTorch_Concat__Train2Val_ProteinGym,195.3314,11.52,1228675196,3590.23,3643.92,,,,,,,,,,
train2__val_cls_dna_prot_nt_v3_650m_esmc_600m_PyTorch_CrossAttn__Train2Val_Test,195.3314,11.59,1230776444,3598.25,3643.92,,,,,,,,,,
train2__val_cls_dna_prot_nt_v3_650m_esmc_600m_PyTorch_CrossAttn__Train2Val_ClinVarHQ,195.3314,11.75,1230776444,3598.25,3643.92,,,,,,,,,,
train2__val_cls_dna_prot_nt_v3_650m_esmc_600m_PyTorch_CrossAttn__Train2Val_UniProt,195.3314,11.67,1230776444,3598.25,3643.92,,,,,,,,,,
train2__val_cls_dna_prot_nt_v3_650m_esmc_600m_PyTorch_CrossAttn__Train2Val_ProteinGym,195.3314,11.53,1230776444,3598.25,3643.92,,,,,,,,,,
train2__val_cls_dna_prot_nt_v3_650m_esmc_600m_PyTorch_Transformer__Train2Val_Test,195.3398,11.6,1231828604,3602.26,3643.92,,,,,,,,,,
train2__val_cls_dna_prot_nt_v3_650m_esmc_600m_PyTorch_Transformer__Train2Val_ClinVarHQ,195.3398,11.76,1231828604,3602.26,3643.92,,,,,,,,,,
train2__val_cls_dna_prot_nt_v3_650m_esmc_600m_PyTorch_Transformer__Train2Val_UniProt,195.3398,11.68,1231828604,3602.26,3643.92,,,,,,,,,,
train2__val_cls_dna_prot_nt_v3_650m_esmc_600m_PyTorch_Transformer__Train2Val_ProteinGym,195.3398,11.54,1231828604,3602.26,3643.92,,,,,,,,,,
train2__val_cls_dna_prot_nt_v3_650m_esmc_600m_PyTorch_Gating__Train2Val_Test,195.3321,11.58,1229002364,3591.48,3643.92,,,,,,,,,,
train2__val_cls_dna_prot_nt_v3_650m_esmc_600m_PyTorch_Gating__Train2Val_ClinVarHQ,195.3321,11.74,1229002364,3591.48,3643.92,,,,,,,,,,
train2__val_cls_dna_prot_nt_v3_650m_esmc_600m_PyTorch_Gating__Train2Val_UniProt,195.3321,11.66,1229002364,3591.48,3643.92,,,,,,,,,,
train2__val_cls_dna_prot_nt_v3_650m_esmc_600m_PyTorch_Gating__Train2Val_ProteinGym,195.3321,11.52,1229002364,3591.48,3643.92,,,,,,,,,,
train2__val_cls_dna_prot_nt_v3_650m_esmc_600m_Pure_XGBoost_Concat__Train2Val_Test,195.3314,11.58,1228675196,3590.23,3643.92,,,,,,,,,,
train2__val_cls_dna_prot_nt_v3_650m_esmc_600m_Pure_XGBoost_Concat__Train2Val_ClinVarHQ,195.3314,11.74,1228675196,3590.23,3643.92,,,,,,,,,,
train2__val_cls_dna_prot_nt_v3_650m_esmc_600m_Pure_XGBoost_Concat__Train2Val_UniProt,195.3314,11.66,1228675196,3590.23,3643.92,,,,,,,,,,
train2__val_cls_dna_prot_nt_v3_650m_esmc_600m_Pure_XGBoost_Concat__Train2Val_ProteinGym,195.3314,11.52,1228675196,3590.23,3643.92,,,,,,,,,,
train2__val_cls_dna_prot_nt_v3_650m_esmc_600m_Hybrid_Concat_XGBoost__Train2Val_Test,195.3314,11.57,1228675196,3590.23,3643.92,,,,,,,,,,
train2__val_cls_dna_prot_nt_v3_650m_esmc_600m_Hybrid_Concat_XGBoost__Train2Val_ClinVarHQ,195.3314,11.74,1228675196,3590.23,3643.92,,,,,,,,,,
train2__val_cls_dna_prot_nt_v3_650m_esmc_600m_Hybrid_Concat_XGBoost__Train2Val_UniProt,195.3314,11.65,1228675196,3590.23,3643.92,,,,,,,,,,
train2__val_cls_dna_prot_nt_v3_650m_esmc_600m_Hybrid_Concat_XGBoost__Train2Val_ProteinGym,195.3314,11.51,1228675196,3590.23,3643.92,,,,,,,,,,
train2__val_cls_dna_prot_nt_v3_650m_esmc_600m_Hybrid_CrossAttn_XGBoost__Train2Val_Test,195.3314,11.57,1230776444,3598.25,3643.92,,,,,,,,,,
train2__val_cls_dna_prot_nt_v3_650m_esmc_600m_Hybrid_CrossAttn_XGBoost__Train2Val_ClinVarHQ,195.3314,11.73,1230776444,3598.25,3643.92,,,,,,,,,,
train2__val_cls_dna_prot_nt_v3_650m_esmc_600m_Hybrid_CrossAttn_XGBoost__Train2Val_UniProt,195.3314,11.65,1230776444,3598.25,3643.92,,,,,,,,,,
train2__val_cls_dna_prot_nt_v3_650m_esmc_600m_Hybrid_CrossAttn_XGBoost__Train2Val_ProteinGym,195.3314,11.51,1230776444,3598.25,3643.92,,,,,,,,,,
train2__val_cls_dna_prot_nt_v3_650m_esmc_600m_Hybrid_Transformer_XGBoost__Train2Val_Test,195.3398,11.57,1231828604,3602.26,3643.92,,,,,,,,,,
train2__val_cls_dna_prot_nt_v3_650m_esmc_600m_Hybrid_Transformer_XGBoost__Train2Val_ClinVarHQ,195.3398,11.74,1231828604,3602.26,3643.92,,,,,,,,,,
train2__val_cls_dna_prot_nt_v3_650m_esmc_600m_Hybrid_Transformer_XGBoost__Train2Val_UniProt,195.3398,11.66,1231828604,3602.26,3643.92,,,,,,,,,,
train2__val_cls_dna_prot_nt_v3_650m_esmc_600m_Hybrid_Transformer_XGBoost__Train2Val_ProteinGym,195.3398,11.51,1231828604,3602.26,3643.92,,,,,,,,,,
train2__val_cls_dna_prot_nt_v3_650m_esmc_600m_Hybrid_Gating_XGBoost__Train2Val_Test,195.3321,11.57,1229002364,3591.48,3643.92,,,,,,,,,,
train2__val_cls_dna_prot_nt_v3_650m_esmc_600m_Hybrid_Gating_XGBoost__Train2Val_ClinVarHQ,195.3321,11.73,1229002364,3591.48,3643.92,,,,,,,,,,
train2__val_cls_dna_prot_nt_v3_650m_esmc_600m_Hybrid_Gating_XGBoost__Train2Val_UniProt,195.3321,11.65,1229002364,3591.48,3643.92,,,,,,,,,,
train2__val_cls_dna_prot_nt_v3_650m_esmc_600m_Hybrid_Gating_XGBoost__Train2Val_ProteinGym,195.3321,11.51,1229002364,3591.48,3643.92,,,,,,,,,,
train2__val_cls_dna_prot_nt_v2_500m_esm1b_650m_PyTorch_Concat__Train2Val_Test,234.4523,10.06,1152316691,2200.95,1961.98,,,,,,,,,,
train2__val_cls_dna_prot_nt_v2_500m_esm1b_650m_PyTorch_Concat__Train2Val_ClinVarHQ,234.4523,10.34,1152316691,2200.95,1961.98,,,,,,,,,,
train2__val_cls_dna_prot_nt_v2_500m_esm1b_650m_PyTorch_Concat__Train2Val_UniProt,234.4523,10.37,1152316691,2200.95,1961.98,,,,,,,,,,
train2__val_cls_dna_prot_nt_v2_500m_esm1b_650m_PyTorch_Concat__Train2Val_ProteinGym,234.4523,10.39,1152316691,2200.95,1961.98,,,,,,,,,,
train2__val_cls_dna_prot_nt_v2_500m_esm1b_650m_PyTorch_CrossAttn__Train2Val_Test,234.4523,10.07,1154417939,2208.97,1961.98,,,,,,,,,,
train2__val_cls_dna_prot_nt_v2_500m_esm1b_650m_PyTorch_CrossAttn__Train2Val_ClinVarHQ,234.4523,10.36,1154417939,2208.97,1961.98,,,,,,,,,,
train2__val_cls_dna_prot_nt_v2_500m_esm1b_650m_PyTorch_CrossAttn__Train2Val_UniProt,234.4523,10.38,1154417939,2208.97,1961.98,,,,,,,,,,
train2__val_cls_dna_prot_nt_v2_500m_esm1b_650m_PyTorch_CrossAttn__Train2Val_ProteinGym,234.4523,10.4,1154417939,2208.97,1961.98,,,,,,,,,,
train2__val_cls_dna_prot_nt_v2_500m_esm1b_650m_PyTorch_Transformer__Train2Val_Test,234.4607,10.08,1155470099,2212.98,1961.98,,,,,,,,,,
train2__val_cls_dna_prot_nt_v2_500m_esm1b_650m_PyTorch_Transformer__Train2Val_ClinVarHQ,234.4607,10.37,1155470099,2212.98,1961.98,,,,,,,,,,
train2__val_cls_dna_prot_nt_v2_500m_esm1b_650m_PyTorch_Transformer__Train2Val_UniProt,234.4607,10.39,1155470099,2212.98,1961.98,,,,,,,,,,
train2__val_cls_dna_prot_nt_v2_500m_esm1b_650m_PyTorch_Transformer__Train2Val_ProteinGym,234.4607,10.41,1155470099,2212.98,1961.98,,,,,,,,,,
train2__val_cls_dna_prot_nt_v2_500m_esm1b_650m_PyTorch_Gating__Train2Val_Test,234.453,10.06,1152643859,2202.2,1961.98,,,,,,,,,,
train2__val_cls_dna_prot_nt_v2_500m_esm1b_650m_PyTorch_Gating__Train2Val_ClinVarHQ,234.453,10.35,1152643859,2202.2,1961.98,,,,,,,,,,
train2__val_cls_dna_prot_nt_v2_500m_esm1b_650m_PyTorch_Gating__Train2Val_UniProt,234.453,10.37,1152643859,2202.2,1961.98,,,,,,,,,,
train2__val_cls_dna_prot_nt_v2_500m_esm1b_650m_PyTorch_Gating__Train2Val_ProteinGym,234.453,10.39,1152643859,2202.2,1961.98,,,,,,,,,,
train2__val_cls_dna_prot_nt_v2_500m_esm1b_650m_Pure_XGBoost_Concat__Train2Val_Test,234.4523,10.06,1152316691,2200.95,1961.98,,,,,,,,,,
train2__val_cls_dna_prot_nt_v2_500m_esm1b_650m_Pure_XGBoost_Concat__Train2Val_ClinVarHQ,234.4523,10.35,1152316691,2200.95,1961.98,,,,,,,,,,
train2__val_cls_dna_prot_nt_v2_500m_esm1b_650m_Pure_XGBoost_Concat__Train2Val_UniProt,234.4523,10.37,1152316691,2200.95,1961.98,,,,,,,,,,
train2__val_cls_dna_prot_nt_v2_500m_esm1b_650m_Pure_XGBoost_Concat__Train2Val_ProteinGym,234.4523,10.39,1152316691,2200.95,1961.98,,,,,,,,,,
train2__val_cls_dna_prot_nt_v2_500m_esm1b_650m_Hybrid_Concat_XGBoost__Train2Val_Test,234.4523,10.05,1152316691,2200.95,1961.98,,,,,,,,,,
train2__val_cls_dna_prot_nt_v2_500m_esm1b_650m_Hybrid_Concat_XGBoost__Train2Val_ClinVarHQ,234.4523,10.35,1152316691,2200.95,1961.98,,,,,,,,,,
train2__val_cls_dna_prot_nt_v2_500m_esm1b_650m_Hybrid_Concat_XGBoost__Train2Val_UniProt,234.4523,10.37,1152316691,2200.95,1961.98,,,,,,,,,,
train2__val_cls_dna_prot_nt_v2_500m_esm1b_650m_Hybrid_Concat_XGBoost__Train2Val_ProteinGym,234.4523,10.38,1152316691,2200.95,1961.98,,,,,,,,,,
train2__val_cls_dna_prot_nt_v2_500m_esm1b_650m_Hybrid_CrossAttn_XGBoost__Train2Val_Test,234.4523,10.05,1154417939,2208.97,1961.98,,,,,,,,,,
train2__val_cls_dna_prot_nt_v2_500m_esm1b_650m_Hybrid_CrossAttn_XGBoost__Train2Val_ClinVarHQ,234.4523,10.35,1154417939,2208.97,1961.98,,,,,,,,,,
train2__val_cls_dna_prot_nt_v2_500m_esm1b_650m_Hybrid_CrossAttn_XGBoost__Train2Val_UniProt,234.4523,10.36,1154417939,2208.97,1961.98,,,,,,,,,,
train2__val_cls_dna_prot_nt_v2_500m_esm1b_650m_Hybrid_CrossAttn_XGBoost__Train2Val_ProteinGym,234.4523,10.38,1154417939,2208.97,1961.98,,,,,,,,,,
train2__val_cls_dna_prot_nt_v2_500m_esm1b_650m_Hybrid_Transformer_XGBoost__Train2Val_Test,234.4607,10.05,1155470099,2212.98,1961.98,,,,,,,,,,
train2__val_cls_dna_prot_nt_v2_500m_esm1b_650m_Hybrid_Transformer_XGBoost__Train2Val_ClinVarHQ,234.4607,10.34,1155470099,2212.98,1961.98,,,,,,,,,,
train2__val_cls_dna_prot_nt_v2_500m_esm1b_650m_Hybrid_Transformer_XGBoost__Train2Val_UniProt,234.4607,10.36,1155470099,2212.98,1961.98,,,,,,,,,,
train2__val_cls_dna_prot_nt_v2_500m_esm1b_650m_Hybrid_Transformer_XGBoost__Train2Val_ProteinGym,234.4607,10.38,1155470099,2212.98,1961.98,,,,,,,,,,
train2__val_cls_dna_prot_nt_v2_500m_esm1b_650m_Hybrid_Gating_XGBoost__Train2Val_Test,234.453,10.05,1152643859,2202.2,1961.98,,,,,,,,,,
train2__val_cls_dna_prot_nt_v2_500m_esm1b_650m_Hybrid_Gating_XGBoost__Train2Val_ClinVarHQ,234.453,10.35,1152643859,2202.2,1961.98,,,,,,,,,,
train2__val_cls_dna_prot_nt_v2_500m_esm1b_650m_Hybrid_Gating_XGBoost__Train2Val_UniProt,234.453,10.36,1152643859,2202.2,1961.98,,,,,,,,,,
train2__val_cls_dna_prot_nt_v2_500m_esm1b_650m_Hybrid_Gating_XGBoost__Train2Val_ProteinGym,234.453,10.38,1152643859,2202.2,1961.98,,,,,,,,,,
train2__val_cls_dna_prot_nt_v2_500m_esm2_650m_PyTorch_Concat__Train2Val_Test,234.4513,10.73,1151000851,2198.44,1686.1,,,,,,,,,,
train2__val_cls_dna_prot_nt_v2_500m_esm2_650m_PyTorch_Concat__Train2Val_ClinVarHQ,234.4513,10.86,1151000851,2198.44,1686.1,,,,,,,,,,
train2__val_cls_dna_prot_nt_v2_500m_esm2_650m_PyTorch_Concat__Train2Val_UniProt,234.4513,10.87,1151000851,2198.44,1686.1,,,,,,,,,,
train2__val_cls_dna_prot_nt_v2_500m_esm2_650m_PyTorch_Concat__Train2Val_ProteinGym,234.4513,10.87,1151000851,2198.44,1686.1,,,,,,,,,,
train2__val_cls_dna_prot_nt_v2_500m_esm2_650m_PyTorch_CrossAttn__Train2Val_Test,234.4513,10.74,1153102099,2206.46,1686.1,,,,,,,,,,
train2__val_cls_dna_prot_nt_v2_500m_esm2_650m_PyTorch_CrossAttn__Train2Val_ClinVarHQ,234.4513,10.87,1153102099,2206.46,1686.1,,,,,,,,,,
train2__val_cls_dna_prot_nt_v2_500m_esm2_650m_PyTorch_CrossAttn__Train2Val_UniProt,234.4513,10.88,1153102099,2206.46,1686.1,,,,,,,,,,
train2__val_cls_dna_prot_nt_v2_500m_esm2_650m_PyTorch_CrossAttn__Train2Val_ProteinGym,234.4513,10.88,1153102099,2206.46,1686.1,,,,,,,,,,
train2__val_cls_dna_prot_nt_v2_500m_esm2_650m_PyTorch_Transformer__Train2Val_Test,234.4597,10.75,1154154259,2210.47,1686.1,,,,,,,,,,
train2__val_cls_dna_prot_nt_v2_500m_esm2_650m_PyTorch_Transformer__Train2Val_ClinVarHQ,234.4597,10.88,1154154259,2210.47,1686.1,,,,,,,,,,
train2__val_cls_dna_prot_nt_v2_500m_esm2_650m_PyTorch_Transformer__Train2Val_UniProt,234.4597,10.89,1154154259,2210.47,1686.1,,,,,,,,,,
train2__val_cls_dna_prot_nt_v2_500m_esm2_650m_PyTorch_Transformer__Train2Val_ProteinGym,234.4597,10.89,1154154259,2210.47,1686.1,,,,,,,,,,
train2__val_cls_dna_prot_nt_v2_500m_esm2_650m_PyTorch_Gating__Train2Val_Test,234.452,10.73,1151328019,2199.69,1686.1,,,,,,,,,,
train2__val_cls_dna_prot_nt_v2_500m_esm2_650m_PyTorch_Gating__Train2Val_ClinVarHQ,234.452,10.86,1151328019,2199.69,1686.1,,,,,,,,,,
train2__val_cls_dna_prot_nt_v2_500m_esm2_650m_PyTorch_Gating__Train2Val_UniProt,234.452,10.87,1151328019,2199.69,1686.1,,,,,,,,,,
train2__val_cls_dna_prot_nt_v2_500m_esm2_650m_PyTorch_Gating__Train2Val_ProteinGym,234.452,10.87,1151328019,2199.69,1686.1,,,,,,,,,,
train2__val_cls_dna_prot_nt_v2_500m_esm2_650m_Pure_XGBoost_Concat__Train2Val_Test,234.4513,10.73,1151000851,2198.44,1686.1,,,,,,,,,,
train2__val_cls_dna_prot_nt_v2_500m_esm2_650m_Pure_XGBoost_Concat__Train2Val_ClinVarHQ,234.4513,10.86,1151000851,2198.44,1686.1,,,,,,,,,,
train2__val_cls_dna_prot_nt_v2_500m_esm2_650m_Pure_XGBoost_Concat__Train2Val_UniProt,234.4513,10.87,1151000851,2198.44,1686.1,,,,,,,,,,
train2__val_cls_dna_prot_nt_v2_500m_esm2_650m_Pure_XGBoost_Concat__Train2Val_ProteinGym,234.4513,10.87,1151000851,2198.44,1686.1,,,,,,,,,,
train2__val_cls_dna_prot_nt_v2_500m_esm2_650m_Hybrid_Concat_XGBoost__Train2Val_Test,234.4513,10.72,1151000851,2198.44,1686.1,,,,,,,,,,
train2__val_cls_dna_prot_nt_v2_500m_esm2_650m_Hybrid_Concat_XGBoost__Train2Val_ClinVarHQ,234.4513,10.86,1151000851,2198.44,1686.1,,,,,,,,,,
train2__val_cls_dna_prot_nt_v2_500m_esm2_650m_Hybrid_Concat_XGBoost__Train2Val_UniProt,234.4513,10.86,1151000851,2198.44,1686.1,,,,,,,,,,
train2__val_cls_dna_prot_nt_v2_500m_esm2_650m_Hybrid_Concat_XGBoost__Train2Val_ProteinGym,234.4513,10.86,1151000851,2198.44,1686.1,,,,,,,,,,
train2__val_cls_dna_prot_nt_v2_500m_esm2_650m_Hybrid_CrossAttn_XGBoost__Train2Val_Test,234.4513,10.72,1153102099,2206.46,1686.1,,,,,,,,,,
train2__val_cls_dna_prot_nt_v2_500m_esm2_650m_Hybrid_CrossAttn_XGBoost__Train2Val_ClinVarHQ,234.4513,10.86,1153102099,2206.46,1686.1,,,,,,,,,,
train2__val_cls_dna_prot_nt_v2_500m_esm2_650m_Hybrid_CrossAttn_XGBoost__Train2Val_UniProt,234.4513,10.86,1153102099,2206.46,1686.1,,,,,,,,,,
train2__val_cls_dna_prot_nt_v2_500m_esm2_650m_Hybrid_CrossAttn_XGBoost__Train2Val_ProteinGym,234.4513,10.87,1153102099,2206.46,1686.1,,,,,,,,,,
train2__val_cls_dna_prot_nt_v2_500m_esm2_650m_Hybrid_Transformer_XGBoost__Train2Val_Test,234.4597,10.72,1154154259,2210.47,1686.1,,,,,,,,,,
train2__val_cls_dna_prot_nt_v2_500m_esm2_650m_Hybrid_Transformer_XGBoost__Train2Val_ClinVarHQ,234.4597,10.85,1154154259,2210.47,1686.1,,,,,,,,,,
train2__val_cls_dna_prot_nt_v2_500m_esm2_650m_Hybrid_Transformer_XGBoost__Train2Val_UniProt,234.4597,10.86,1154154259,2210.47,1686.1,,,,,,,,,,
train2__val_cls_dna_prot_nt_v2_500m_esm2_650m_Hybrid_Transformer_XGBoost__Train2Val_ProteinGym,234.4597,10.86,1154154259,2210.47,1686.1,,,,,,,,,,
train2__val_cls_dna_prot_nt_v2_500m_esm2_650m_Hybrid_Gating_XGBoost__Train2Val_Test,234.452,10.72,1151328019,2199.69,1686.1,,,,,,,,,,
train2__val_cls_dna_prot_nt_v2_500m_esm2_650m_Hybrid_Gating_XGBoost__Train2Val_ClinVarHQ,234.452,10.86,1151328019,2199.69,1686.1,,,,,,,,,,
train2__val_cls_dna_prot_nt_v2_500m_esm2_650m_Hybrid_Gating_XGBoost__Train2Val_UniProt,234.452,10.86,1151328019,2199.69,1686.1,,,,,,,,,,
train2__val_cls_dna_prot_nt_v2_500m_esm2_650m_Hybrid_Gating_XGBoost__Train2Val_ProteinGym,234.452,10.86,1151328019,2199.69,1686.1,,,,,,,,,,
train2__val_cls_dna_prot_nt_v2_500m_esmc_600m_PyTorch_Concat__Train2Val_Test,218.7703,9.26,1074929053,2053.22,1469.0,,,,,,,,,,
train2__val_cls_dna_prot_nt_v2_500m_esmc_600m_PyTorch_Concat__Train2Val_ClinVarHQ,218.7703,9.47,1074929053,2053.22,1469.0,,,,,,,,,,
train2__val_cls_dna_prot_nt_v2_500m_esmc_600m_PyTorch_Concat__Train2Val_UniProt,218.7703,9.41,1074929053,2053.22,1469.0,,,,,,,,,,
train2__val_cls_dna_prot_nt_v2_500m_esmc_600m_PyTorch_Concat__Train2Val_ProteinGym,218.7703,9.42,1074929053,2053.22,1469.0,,,,,,,,,,
train2__val_cls_dna_prot_nt_v2_500m_esmc_600m_PyTorch_CrossAttn__Train2Val_Test,218.7703,9.27,1077030301,2061.24,1469.0,,,,,,,,,,
train2__val_cls_dna_prot_nt_v2_500m_esmc_600m_PyTorch_CrossAttn__Train2Val_ClinVarHQ,218.7703,9.48,1077030301,2061.24,1469.0,,,,,,,,,,
train2__val_cls_dna_prot_nt_v2_500m_esmc_600m_PyTorch_CrossAttn__Train2Val_UniProt,218.7703,9.42,1077030301,2061.24,1469.0,,,,,,,,,,
train2__val_cls_dna_prot_nt_v2_500m_esmc_600m_PyTorch_CrossAttn__Train2Val_ProteinGym,218.7703,9.43,1077030301,2061.24,1469.0,,,,,,,,,,
train2__val_cls_dna_prot_nt_v2_500m_esmc_600m_PyTorch_Transformer__Train2Val_Test,218.7787,9.28,1078082461,2065.25,1469.0,,,,,,,,,,
train2__val_cls_dna_prot_nt_v2_500m_esmc_600m_PyTorch_Transformer__Train2Val_ClinVarHQ,218.7787,9.49,1078082461,2065.25,1469.0,,,,,,,,,,
train2__val_cls_dna_prot_nt_v2_500m_esmc_600m_PyTorch_Transformer__Train2Val_UniProt,218.7787,9.43,1078082461,2065.25,1469.0,,,,,,,,,,
train2__val_cls_dna_prot_nt_v2_500m_esmc_600m_PyTorch_Transformer__Train2Val_ProteinGym,218.7787,9.43,1078082461,2065.25,1469.0,,,,,,,,,,
train2__val_cls_dna_prot_nt_v2_500m_esmc_600m_PyTorch_Gating__Train2Val_Test,218.771,9.26,1075256221,2054.47,1469.0,,,,,,,,,,
train2__val_cls_dna_prot_nt_v2_500m_esmc_600m_PyTorch_Gating__Train2Val_ClinVarHQ,218.771,9.47,1075256221,2054.47,1469.0,,,,,,,,,,
train2__val_cls_dna_prot_nt_v2_500m_esmc_600m_PyTorch_Gating__Train2Val_UniProt,218.771,9.41,1075256221,2054.47,1469.0,,,,,,,,,,
train2__val_cls_dna_prot_nt_v2_500m_esmc_600m_PyTorch_Gating__Train2Val_ProteinGym,218.771,9.42,1075256221,2054.47,1469.0,,,,,,,,,,
train2__val_cls_dna_prot_nt_v2_500m_esmc_600m_Pure_XGBoost_Concat__Train2Val_Test,218.7703,9.26,1074929053,2053.22,1469.0,,,,,,,,,,
train2__val_cls_dna_prot_nt_v2_500m_esmc_600m_Pure_XGBoost_Concat__Train2Val_ClinVarHQ,218.7703,9.47,1074929053,2053.22,1469.0,,,,,,,,,,
train2__val_cls_dna_prot_nt_v2_500m_esmc_600m_Pure_XGBoost_Concat__Train2Val_UniProt,218.7703,9.41,1074929053,2053.22,1469.0,,,,,,,,,,
train2__val_cls_dna_prot_nt_v2_500m_esmc_600m_Pure_XGBoost_Concat__Train2Val_ProteinGym,218.7703,9.42,1074929053,2053.22,1469.0,,,,,,,,,,
train2__val_cls_dna_prot_nt_v2_500m_esmc_600m_Hybrid_Concat_XGBoost__Train2Val_Test,218.7703,9.25,1074929053,2053.22,1469.0,,,,,,,,,,
train2__val_cls_dna_prot_nt_v2_500m_esmc_600m_Hybrid_Concat_XGBoost__Train2Val_ClinVarHQ,218.7703,9.47,1074929053,2053.22,1469.0,,,,,,,,,,
train2__val_cls_dna_prot_nt_v2_500m_esmc_600m_Hybrid_Concat_XGBoost__Train2Val_UniProt,218.7703,9.4,1074929053,2053.22,1469.0,,,,,,,,,,
train2__val_cls_dna_prot_nt_v2_500m_esmc_600m_Hybrid_Concat_XGBoost__Train2Val_ProteinGym,218.7703,9.42,1074929053,2053.22,1469.0,,,,,,,,,,
train2__val_cls_dna_prot_nt_v2_500m_esmc_600m_Hybrid_CrossAttn_XGBoost__Train2Val_Test,218.7703,9.26,1077030301,2061.24,1469.0,,,,,,,,,,
train2__val_cls_dna_prot_nt_v2_500m_esmc_600m_Hybrid_CrossAttn_XGBoost__Train2Val_ClinVarHQ,218.7703,9.46,1077030301,2061.24,1469.0,,,,,,,,,,
train2__val_cls_dna_prot_nt_v2_500m_esmc_600m_Hybrid_CrossAttn_XGBoost__Train2Val_UniProt,218.7703,9.4,1077030301,2061.24,1469.0,,,,,,,,,,
train2__val_cls_dna_prot_nt_v2_500m_esmc_600m_Hybrid_CrossAttn_XGBoost__Train2Val_ProteinGym,218.7703,9.41,1077030301,2061.24,1469.0,,,,,,,,,,
train2__val_cls_dna_prot_nt_v2_500m_esmc_600m_Hybrid_Transformer_XGBoost__Train2Val_Test,218.7787,9.25,1078082461,2065.25,1469.0,,,,,,,,,,
train2__val_cls_dna_prot_nt_v2_500m_esmc_600m_Hybrid_Transformer_XGBoost__Train2Val_ClinVarHQ,218.7787,9.46,1078082461,2065.25,1469.0,,,,,,,,,,
train2__val_cls_dna_prot_nt_v2_500m_esmc_600m_Hybrid_Transformer_XGBoost__Train2Val_UniProt,218.7787,9.4,1078082461,2065.25,1469.0,,,,,,,,,,
train2__val_cls_dna_prot_nt_v2_500m_esmc_600m_Hybrid_Transformer_XGBoost__Train2Val_ProteinGym,218.7787,9.41,1078082461,2065.25,1469.0,,,,,,,,,,
train2__val_cls_dna_prot_nt_v2_500m_esmc_600m_Hybrid_Gating_XGBoost__Train2Val_Test,218.771,9.25,1075256221,2054.47,1469.0,,,,,,,,,,
train2__val_cls_dna_prot_nt_v2_500m_esmc_600m_Hybrid_Gating_XGBoost__Train2Val_ClinVarHQ,218.771,9.46,1075256221,2054.47,1469.0,,,,,,,,,,
train2__val_cls_dna_prot_nt_v2_500m_esmc_600m_Hybrid_Gating_XGBoost__Train2Val_UniProt,218.771,9.4,1075256221,2054.47,1469.0,,,,,,,,,,
train2__val_cls_dna_prot_nt_v2_500m_esmc_600m_Hybrid_Gating_XGBoost__Train2Val_ProteinGym,218.771,9.41,1075256221,2054.47,1469.0,,,,,,,,,,
train2__val_cls_dna_nt_v1_500m_None_PyTorch_Concat__Train2Val_Test,97.7194,3.87,486588011,929.79,1656.34,,,,,,,,,,
train2__val_cls_dna_nt_v1_500m_None_PyTorch_Concat__Train2Val_ClinVarHQ,97.7194,4.22,486588011,929.79,1656.34,,,,,,,,,,
train2__val_cls_dna_nt_v1_500m_None_PyTorch_Concat__Train2Val_UniProt,97.7194,4.2,486588011,929.79,1656.34,,,,,,,,,,
train2__val_cls_dna_nt_v1_500m_None_PyTorch_Concat__Train2Val_ProteinGym,97.7194,4.2,486588011,929.79,1656.34,,,,,,,,,,
train2__val_cls_dna_nt_v1_500m_None_Pure_XGBoost_Concat__Train2Val_Test,97.7194,3.86,486588011,929.79,1656.34,,,,,,,,,,
train2__val_cls_dna_nt_v1_500m_None_Pure_XGBoost_Concat__Train2Val_ClinVarHQ,97.7194,4.23,486588011,929.79,1656.34,,,,,,,,,,
train2__val_cls_dna_nt_v1_500m_None_Pure_XGBoost_Concat__Train2Val_UniProt,97.7194,4.2,486588011,929.79,1656.34,,,,,,,,,,
train2__val_cls_dna_nt_v1_500m_None_Pure_XGBoost_Concat__Train2Val_ProteinGym,97.7194,4.21,486588011,929.79,1656.34,,,,,,,,,,
train2__val_cls_dna_nt_v1_500m_None_Hybrid_Concat_XGBoost__Train2Val_Test,97.7194,3.86,486588011,929.79,1656.34,,,,,,,,,,
train2__val_cls_dna_nt_v1_500m_None_Hybrid_Concat_XGBoost__Train2Val_ClinVarHQ,97.7194,4.22,486588011,929.79,1656.34,,,,,,,,,,
train2__val_cls_dna_nt_v1_500m_None_Hybrid_Concat_XGBoost__Train2Val_UniProt,97.7194,4.19,486588011,929.79,1656.34,,,,,,,,,,
train2__val_cls_dna_nt_v1_500m_None_Hybrid_Concat_XGBoost__Train2Val_ProteinGym,97.7194,4.2,486588011,929.79,1656.34,,,,,,,,,,
train2__val_cls_prot_None_esm1b_650m_PyTorch_Concat__Train2Val_Test,134.0749,5.48,653247799,1247.67,1961.98,,,,,,,,,,
train2__val_cls_prot_None_esm1b_650m_PyTorch_Concat__Train2Val_ClinVarHQ,134.0749,5.63,653247799,1247.67,1961.98,,,,,,,,,,
train2__val_cls_prot_None_esm1b_650m_PyTorch_Concat__Train2Val_UniProt,134.0749,5.65,653247799,1247.67,1961.98,,,,,,,,,,
train2__val_cls_prot_None_esm1b_650m_PyTorch_Concat__Train2Val_ProteinGym,134.0749,5.68,653247799,1247.67,1961.98,,,,,,,,,,
train2__val_cls_prot_None_esm1b_650m_Pure_XGBoost_Concat__Train2Val_Test,134.0749,5.48,653247799,1247.67,1961.98,,,,,,,,,,
train2__val_cls_prot_None_esm1b_650m_Pure_XGBoost_Concat__Train2Val_ClinVarHQ,134.0749,5.64,653247799,1247.67,1961.98,,,,,,,,,,
train2__val_cls_prot_None_esm1b_650m_Pure_XGBoost_Concat__Train2Val_UniProt,134.0749,5.66,653247799,1247.67,1961.98,,,,,,,,,,
train2__val_cls_prot_None_esm1b_650m_Pure_XGBoost_Concat__Train2Val_ProteinGym,134.0749,5.68,653247799,1247.67,1961.98,,,,,,,,,,
train2__val_cls_prot_None_esm1b_650m_Hybrid_Concat_XGBoost__Train2Val_Test,134.0749,5.48,653247799,1247.67,1961.98,,,,,,,,,,
train2__val_cls_prot_None_esm1b_650m_Hybrid_Concat_XGBoost__Train2Val_ClinVarHQ,134.0749,5.64,653247799,1247.67,1961.98,,,,,,,,,,
train2__val_cls_prot_None_esm1b_650m_Hybrid_Concat_XGBoost__Train2Val_UniProt,134.0749,5.65,653247799,1247.67,1961.98,,,,,,,,,,
train2__val_cls_prot_None_esm1b_650m_Hybrid_Concat_XGBoost__Train2Val_ProteinGym,134.0749,5.67,653247799,1247.67,1961.98,,,,,,,,,,
train2__val_cls_dna_geom_prot_nt_v1_500m_esm1b_650m_PyTorch_Concat__Train2Val_Test,231.7943,9.35,1139852193,2177.52,1961.98,,,,,,,,,,
train2__val_cls_dna_geom_prot_nt_v1_500m_esm1b_650m_PyTorch_Concat__Train2Val_ClinVarHQ,231.7943,9.85,1139852193,2177.52,1961.98,,,,,,,,,,
train2__val_cls_dna_geom_prot_nt_v1_500m_esm1b_650m_PyTorch_Concat__Train2Val_UniProt,231.7943,9.85,1139852193,2177.52,1961.98,,,,,,,,,,
train2__val_cls_dna_geom_prot_nt_v1_500m_esm1b_650m_PyTorch_Concat__Train2Val_ProteinGym,231.7943,9.87,1139852193,2177.52,1961.98,,,,,,,,,,
train2__val_cls_dna_geom_prot_nt_v1_500m_esm1b_650m_PyTorch_CrossAttn__Train2Val_Test,231.7943,9.36,1141953441,2185.54,1961.98,,,,,,,,,,
train2__val_cls_dna_geom_prot_nt_v1_500m_esm1b_650m_PyTorch_CrossAttn__Train2Val_ClinVarHQ,231.7943,9.87,1141953441,2185.54,1961.98,,,,,,,,,,
train2__val_cls_dna_geom_prot_nt_v1_500m_esm1b_650m_PyTorch_CrossAttn__Train2Val_UniProt,231.7943,9.86,1141953441,2185.54,1961.98,,,,,,,,,,
train2__val_cls_dna_geom_prot_nt_v1_500m_esm1b_650m_PyTorch_CrossAttn__Train2Val_ProteinGym,231.7943,9.89,1141953441,2185.54,1961.98,,,,,,,,,,
train2__val_cls_dna_geom_prot_nt_v1_500m_esm1b_650m_PyTorch_Transformer__Train2Val_Test,231.8027,9.37,1143005601,2189.55,1961.98,,,,,,,,,,
train2__val_cls_dna_geom_prot_nt_v1_500m_esm1b_650m_PyTorch_Transformer__Train2Val_ClinVarHQ,231.8027,9.88,1143005601,2189.55,1961.98,,,,,,,,,,
train2__val_cls_dna_geom_prot_nt_v1_500m_esm1b_650m_PyTorch_Transformer__Train2Val_UniProt,231.8027,9.87,1143005601,2189.55,1961.98,,,,,,,,,,
train2__val_cls_dna_geom_prot_nt_v1_500m_esm1b_650m_PyTorch_Transformer__Train2Val_ProteinGym,231.8027,9.9,1143005601,2189.55,1961.98,,,,,,,,,,
train2__val_cls_dna_geom_prot_nt_v1_500m_esm1b_650m_PyTorch_Gating__Train2Val_Test,231.7949,9.35,1140179361,2178.77,1961.98,,,,,,,,,,
train2__val_cls_dna_geom_prot_nt_v1_500m_esm1b_650m_PyTorch_Gating__Train2Val_ClinVarHQ,231.7949,9.86,1140179361,2178.77,1961.98,,,,,,,,,,
train2__val_cls_dna_geom_prot_nt_v1_500m_esm1b_650m_PyTorch_Gating__Train2Val_UniProt,231.7949,9.85,1140179361,2178.77,1961.98,,,,,,,,,,
train2__val_cls_dna_geom_prot_nt_v1_500m_esm1b_650m_PyTorch_Gating__Train2Val_ProteinGym,231.7949,9.88,1140179361,2178.77,1961.98,,,,,,,,,,
train2__val_cls_dna_geom_prot_nt_v1_500m_esm1b_650m_Pure_XGBoost_Concat__Train2Val_Test,231.7943,9.35,1139852193,2177.52,1961.98,,,,,,,,,,
train2__val_cls_dna_geom_prot_nt_v1_500m_esm1b_650m_Pure_XGBoost_Concat__Train2Val_ClinVarHQ,231.7943,9.86,1139852193,2177.52,1961.98,,,,,,,,,,
train2__val_cls_dna_geom_prot_nt_v1_500m_esm1b_650m_Pure_XGBoost_Concat__Train2Val_UniProt,231.7943,9.85,1139852193,2177.52,1961.98,,,,,,,,,,
train2__val_cls_dna_geom_prot_nt_v1_500m_esm1b_650m_Pure_XGBoost_Concat__Train2Val_ProteinGym,231.7943,9.88,1139852193,2177.52,1961.98,,,,,,,,,,
train2__val_cls_dna_geom_prot_nt_v1_500m_esm1b_650m_Hybrid_Concat_XGBoost__Train2Val_Test,231.7943,9.34,1139852193,2177.52,1961.98,,,,,,,,,,
train2__val_cls_dna_geom_prot_nt_v1_500m_esm1b_650m_Hybrid_Concat_XGBoost__Train2Val_ClinVarHQ,231.7943,9.85,1139852193,2177.52,1961.98,,,,,,,,,,
train2__val_cls_dna_geom_prot_nt_v1_500m_esm1b_650m_Hybrid_Concat_XGBoost__Train2Val_UniProt,231.7943,9.84,1139852193,2177.52,1961.98,,,,,,,,,,
train2__val_cls_dna_geom_prot_nt_v1_500m_esm1b_650m_Hybrid_Concat_XGBoost__Train2Val_ProteinGym,231.7943,9.87,1139852193,2177.52,1961.98,,,,,,,,,,
train2__val_cls_dna_geom_prot_nt_v1_500m_esm1b_650m_Hybrid_CrossAttn_XGBoost__Train2Val_Test,231.7943,9.34,1141953441,2185.54,1961.98,,,,,,,,,,
train2__val_cls_dna_geom_prot_nt_v1_500m_esm1b_650m_Hybrid_CrossAttn_XGBoost__Train2Val_ClinVarHQ,231.7943,9.85,1141953441,2185.54,1961.98,,,,,,,,,,
train2__val_cls_dna_geom_prot_nt_v1_500m_esm1b_650m_Hybrid_CrossAttn_XGBoost__Train2Val_UniProt,231.7943,9.84,1141953441,2185.54,1961.98,,,,,,,,,,
train2__val_cls_dna_geom_prot_nt_v1_500m_esm1b_650m_Hybrid_CrossAttn_XGBoost__Train2Val_ProteinGym,231.7943,9.87,1141953441,2185.54,1961.98,,,,,,,,,,
train2__val_cls_dna_geom_prot_nt_v1_500m_esm1b_650m_Hybrid_Transformer_XGBoost__Train2Val_Test,231.8027,9.34,1143005601,2189.55,1961.98,,,,,,,,,,
train2__val_cls_dna_geom_prot_nt_v1_500m_esm1b_650m_Hybrid_Transformer_XGBoost__Train2Val_ClinVarHQ,231.8027,9.85,1143005601,2189.55,1961.98,,,,,,,,,,
train2__val_cls_dna_geom_prot_nt_v1_500m_esm1b_650m_Hybrid_Transformer_XGBoost__Train2Val_UniProt,231.8027,9.84,1143005601,2189.55,1961.98,,,,,,,,,,
train2__val_cls_dna_geom_prot_nt_v1_500m_esm1b_650m_Hybrid_Transformer_XGBoost__Train2Val_ProteinGym,231.8027,9.87,1143005601,2189.55,1961.98,,,,,,,,,,
train2__val_cls_dna_geom_prot_nt_v1_500m_esm1b_650m_Hybrid_Gating_XGBoost__Train2Val_Test,231.7949,9.34,1140179361,2178.77,1961.98,,,,,,,,,,
train2__val_cls_dna_geom_prot_nt_v1_500m_esm1b_650m_Hybrid_Gating_XGBoost__Train2Val_ClinVarHQ,231.7949,9.86,1140179361,2178.77,1961.98,,,,,,,,,,
train2__val_cls_dna_geom_prot_nt_v1_500m_esm1b_650m_Hybrid_Gating_XGBoost__Train2Val_UniProt,231.7949,9.84,1140179361,2178.77,1961.98,,,,,,,,,,
train2__val_cls_dna_geom_prot_nt_v1_500m_esm1b_650m_Hybrid_Gating_XGBoost__Train2Val_ProteinGym,231.7949,9.87,1140179361,2178.77,1961.98,,,,,,,,,,
train2__val_cls_bio_dna_prot_nt_v1_500m_esm1b_650m_PyTorch_Concat__Train2Val_Test,231.7943,9.35,1139852577,2177.52,1961.98,,,,,,,,,,
train2__val_cls_bio_dna_prot_nt_v1_500m_esm1b_650m_PyTorch_Concat__Train2Val_ClinVarHQ,231.7943,9.86,1139852577,2177.52,1961.98,,,,,,,,,,
train2__val_cls_bio_dna_prot_nt_v1_500m_esm1b_650m_PyTorch_Concat__Train2Val_UniProt,231.7943,9.85,1139852577,2177.52,1961.98,,,,,,,,,,
train2__val_cls_bio_dna_prot_nt_v1_500m_esm1b_650m_PyTorch_Concat__Train2Val_ProteinGym,231.7943,9.88,1139852577,2177.52,1961.98,,,,,,,,,,
train2__val_cls_bio_dna_prot_nt_v1_500m_esm1b_650m_PyTorch_CrossAttn__Train2Val_Test,231.7943,9.36,1141953825,2185.54,1961.98,,,,,,,,,,
train2__val_cls_bio_dna_prot_nt_v1_500m_esm1b_650m_PyTorch_CrossAttn__Train2Val_ClinVarHQ,231.7943,9.87,1141953825,2185.54,1961.98,,,,,,,,,,
train2__val_cls_bio_dna_prot_nt_v1_500m_esm1b_650m_PyTorch_CrossAttn__Train2Val_UniProt,231.7943,9.86,1141953825,2185.54,1961.98,,,,,,,,,,
train2__val_cls_bio_dna_prot_nt_v1_500m_esm1b_650m_PyTorch_CrossAttn__Train2Val_ProteinGym,231.7943,9.89,1141953825,2185.54,1961.98,,,,,,,,,,
train2__val_cls_bio_dna_prot_nt_v1_500m_esm1b_650m_PyTorch_Transformer__Train2Val_Test,231.8027,9.37,1143005985,2189.55,1961.98,,,,,,,,,,
train2__val_cls_bio_dna_prot_nt_v1_500m_esm1b_650m_PyTorch_Transformer__Train2Val_ClinVarHQ,231.8027,9.88,1143005985,2189.55,1961.98,,,,,,,,,,
train2__val_cls_bio_dna_prot_nt_v1_500m_esm1b_650m_PyTorch_Transformer__Train2Val_UniProt,231.8027,9.87,1143005985,2189.55,1961.98,,,,,,,,,,
train2__val_cls_bio_dna_prot_nt_v1_500m_esm1b_650m_PyTorch_Transformer__Train2Val_ProteinGym,231.8027,9.9,1143005985,2189.55,1961.98,,,,,,,,,,
train2__val_cls_bio_dna_prot_nt_v1_500m_esm1b_650m_PyTorch_Gating__Train2Val_Test,231.7949,9.35,1140179745,2178.77,1961.98,,,,,,,,,,
train2__val_cls_bio_dna_prot_nt_v1_500m_esm1b_650m_PyTorch_Gating__Train2Val_ClinVarHQ,231.7949,9.86,1140179745,2178.77,1961.98,,,,,,,,,,
train2__val_cls_bio_dna_prot_nt_v1_500m_esm1b_650m_PyTorch_Gating__Train2Val_UniProt,231.7949,9.86,1140179745,2178.77,1961.98,,,,,,,,,,
train2__val_cls_bio_dna_prot_nt_v1_500m_esm1b_650m_PyTorch_Gating__Train2Val_ProteinGym,231.7949,9.88,1140179745,2178.77,1961.98,,,,,,,,,,
train2__val_cls_bio_dna_prot_nt_v1_500m_esm1b_650m_Pure_XGBoost_Concat__Train2Val_Test,231.7943,9.35,1139852577,2177.52,1961.98,,,,,,,,,,
train2__val_cls_bio_dna_prot_nt_v1_500m_esm1b_650m_Pure_XGBoost_Concat__Train2Val_ClinVarHQ,231.7943,9.86,1139852577,2177.52,1961.98,,,,,,,,,,
train2__val_cls_bio_dna_prot_nt_v1_500m_esm1b_650m_Pure_XGBoost_Concat__Train2Val_UniProt,231.7943,9.85,1139852577,2177.52,1961.98,,,,,,,,,,
train2__val_cls_bio_dna_prot_nt_v1_500m_esm1b_650m_Pure_XGBoost_Concat__Train2Val_ProteinGym,231.7943,9.88,1139852577,2177.52,1961.98,,,,,,,,,,
train2__val_cls_bio_dna_prot_nt_v1_500m_esm1b_650m_Hybrid_Concat_XGBoost__Train2Val_Test,231.7943,9.34,1139852577,2177.52,1961.98,,,,,,,,,,
train2__val_cls_bio_dna_prot_nt_v1_500m_esm1b_650m_Hybrid_Concat_XGBoost__Train2Val_ClinVarHQ,231.7943,9.85,1139852577,2177.52,1961.98,,,,,,,,,,
train2__val_cls_bio_dna_prot_nt_v1_500m_esm1b_650m_Hybrid_Concat_XGBoost__Train2Val_UniProt,231.7943,9.84,1139852577,2177.52,1961.98,,,,,,,,,,
train2__val_cls_bio_dna_prot_nt_v1_500m_esm1b_650m_Hybrid_Concat_XGBoost__Train2Val_ProteinGym,231.7943,9.87,1139852577,2177.52,1961.98,,,,,,,,,,
train2__val_cls_bio_dna_prot_nt_v1_500m_esm1b_650m_Hybrid_CrossAttn_XGBoost__Train2Val_Test,231.7943,9.34,1141953825,2185.54,1961.98,,,,,,,,,,
train2__val_cls_bio_dna_prot_nt_v1_500m_esm1b_650m_Hybrid_CrossAttn_XGBoost__Train2Val_ClinVarHQ,231.7943,9.85,1141953825,2185.54,1961.98,,,,,,,,,,
train2__val_cls_bio_dna_prot_nt_v1_500m_esm1b_650m_Hybrid_CrossAttn_XGBoost__Train2Val_UniProt,231.7943,9.84,1141953825,2185.54,1961.98,,,,,,,,,,
train2__val_cls_bio_dna_prot_nt_v1_500m_esm1b_650m_Hybrid_CrossAttn_XGBoost__Train2Val_ProteinGym,231.7943,9.87,1141953825,2185.54,1961.98,,,,,,,,,,
train2__val_cls_bio_dna_prot_nt_v1_500m_esm1b_650m_Hybrid_Transformer_XGBoost__Train2Val_Test,231.8027,9.34,1143005985,2189.55,1961.98,,,,,,,,,,
train2__val_cls_bio_dna_prot_nt_v1_500m_esm1b_650m_Hybrid_Transformer_XGBoost__Train2Val_ClinVarHQ,231.8027,9.86,1143005985,2189.55,1961.98,,,,,,,,,,
train2__val_cls_bio_dna_prot_nt_v1_500m_esm1b_650m_Hybrid_Transformer_XGBoost__Train2Val_UniProt,231.8027,9.84,1143005985,2189.55,1961.98,,,,,,,,,,
train2__val_cls_bio_dna_prot_nt_v1_500m_esm1b_650m_Hybrid_Transformer_XGBoost__Train2Val_ProteinGym,231.8027,9.87,1143005985,2189.55,1961.98,,,,,,,,,,
train2__val_cls_bio_dna_prot_nt_v1_500m_esm1b_650m_Hybrid_Gating_XGBoost__Train2Val_Test,231.7949,9.34,1140179745,2178.77,1961.98,,,,,,,,,,
train2__val_cls_bio_dna_prot_nt_v1_500m_esm1b_650m_Hybrid_Gating_XGBoost__Train2Val_ClinVarHQ,231.7949,9.85,1140179745,2178.77,1961.98,,,,,,,,,,
train2__val_cls_bio_dna_prot_nt_v1_500m_esm1b_650m_Hybrid_Gating_XGBoost__Train2Val_UniProt,231.7949,9.84,1140179745,2178.77,1961.98,,,,,,,,,,
train2__val_cls_bio_dna_prot_nt_v1_500m_esm1b_650m_Hybrid_Gating_XGBoost__Train2Val_ProteinGym,231.7949,9.87,1140179745,2178.77,1961.98,,,,,,,,,,
train2__val_cls_bio_dna_geom_prot_nt_v1_500m_esm1b_650m_PyTorch_Concat__Train2Val_Test,231.7943,9.35,1139853601,2177.53,1961.98,,,,,,,,,,
train2__val_cls_bio_dna_geom_prot_nt_v1_500m_esm1b_650m_PyTorch_Concat__Train2Val_ClinVarHQ,231.7943,9.86,1139853601,2177.53,1961.98,,,,,,,,,,
train2__val_cls_bio_dna_geom_prot_nt_v1_500m_esm1b_650m_PyTorch_Concat__Train2Val_UniProt,231.7943,9.85,1139853601,2177.53,1961.98,,,,,,,,,,
train2__val_cls_bio_dna_geom_prot_nt_v1_500m_esm1b_650m_PyTorch_Concat__Train2Val_ProteinGym,231.7943,9.88,1139853601,2177.53,1961.98,,,,,,,,,,
train2__val_cls_bio_dna_geom_prot_nt_v1_500m_esm1b_650m_PyTorch_CrossAttn__Train2Val_Test,231.7943,9.36,1141954849,2185.54,1961.98,,,,,,,,,,
train2__val_cls_bio_dna_geom_prot_nt_v1_500m_esm1b_650m_PyTorch_CrossAttn__Train2Val_ClinVarHQ,231.7943,9.87,1141954849,2185.54,1961.98,,,,,,,,,,
train2__val_cls_bio_dna_geom_prot_nt_v1_500m_esm1b_650m_PyTorch_CrossAttn__Train2Val_UniProt,231.7943,9.86,1141954849,2185.54,1961.98,,,,,,,,,,
train2__val_cls_bio_dna_geom_prot_nt_v1_500m_esm1b_650m_PyTorch_CrossAttn__Train2Val_ProteinGym,231.7943,9.88,1141954849,2185.54,1961.98,,,,,,,,,,
train2__val_cls_bio_dna_geom_prot_nt_v1_500m_esm1b_650m_PyTorch_Transformer__Train2Val_Test,231.8027,9.37,1143007009,2189.56,1961.98,,,,,,,,,,
train2__val_cls_bio_dna_geom_prot_nt_v1_500m_esm1b_650m_PyTorch_Transformer__Train2Val_ClinVarHQ,231.8027,9.88,1143007009,2189.56,1961.98,,,,,,,,,,
train2__val_cls_bio_dna_geom_prot_nt_v1_500m_esm1b_650m_PyTorch_Transformer__Train2Val_UniProt,231.8027,9.87,1143007009,2189.56,1961.98,,,,,,,,,,
train2__val_cls_bio_dna_geom_prot_nt_v1_500m_esm1b_650m_PyTorch_Transformer__Train2Val_ProteinGym,231.8027,9.9,1143007009,2189.56,1961.98,,,,,,,,,,
train2__val_cls_bio_dna_geom_prot_nt_v1_500m_esm1b_650m_PyTorch_Gating__Train2Val_Test,231.7949,9.35,1140180769,2178.78,1961.98,,,,,,,,,,
train2__val_cls_bio_dna_geom_prot_nt_v1_500m_esm1b_650m_PyTorch_Gating__Train2Val_ClinVarHQ,231.7949,9.88,1140180769,2178.78,1961.98,,,,,,,,,,
train2__val_cls_bio_dna_geom_prot_nt_v1_500m_esm1b_650m_PyTorch_Gating__Train2Val_UniProt,231.7949,9.85,1140180769,2178.78,1961.98,,,,,,,,,,
train2__val_cls_bio_dna_geom_prot_nt_v1_500m_esm1b_650m_PyTorch_Gating__Train2Val_ProteinGym,231.7949,9.88,1140180769,2178.78,1961.98,,,,,,,,,,
train2__val_cls_bio_dna_geom_prot_nt_v1_500m_esm1b_650m_Pure_XGBoost_Concat__Train2Val_Test,231.7943,9.35,1139853601,2177.53,1961.98,,,,,,,,,,
train2__val_cls_bio_dna_geom_prot_nt_v1_500m_esm1b_650m_Pure_XGBoost_Concat__Train2Val_ClinVarHQ,231.7943,9.86,1139853601,2177.53,1961.98,,,,,,,,,,
train2__val_cls_bio_dna_geom_prot_nt_v1_500m_esm1b_650m_Pure_XGBoost_Concat__Train2Val_UniProt,231.7943,9.85,1139853601,2177.53,1961.98,,,,,,,,,,
train2__val_cls_bio_dna_geom_prot_nt_v1_500m_esm1b_650m_Pure_XGBoost_Concat__Train2Val_ProteinGym,231.7943,9.88,1139853601,2177.53,1961.98,,,,,,,,,,
train2__val_cls_bio_dna_geom_prot_nt_v1_500m_esm1b_650m_Hybrid_Concat_XGBoost__Train2Val_Test,231.7943,9.34,1139853601,2177.53,1961.98,,,,,,,,,,
train2__val_cls_bio_dna_geom_prot_nt_v1_500m_esm1b_650m_Hybrid_Concat_XGBoost__Train2Val_ClinVarHQ,231.7943,9.85,1139853601,2177.53,1961.98,,,,,,,,,,
train2__val_cls_bio_dna_geom_prot_nt_v1_500m_esm1b_650m_Hybrid_Concat_XGBoost__Train2Val_UniProt,231.7943,9.84,1139853601,2177.53,1961.98,,,,,,,,,,
train2__val_cls_bio_dna_geom_prot_nt_v1_500m_esm1b_650m_Hybrid_Concat_XGBoost__Train2Val_ProteinGym,231.7943,9.87,1139853601,2177.53,1961.98,,,,,,,,,,
train2__val_cls_bio_dna_geom_prot_nt_v1_500m_esm1b_650m_Hybrid_CrossAttn_XGBoost__Train2Val_Test,231.7943,9.34,1141954849,2185.54,1961.98,,,,,,,,,,
train2__val_cls_bio_dna_geom_prot_nt_v1_500m_esm1b_650m_Hybrid_CrossAttn_XGBoost__Train2Val_ClinVarHQ,231.7943,9.86,1141954849,2185.54,1961.98,,,,,,,,,,
train2__val_cls_bio_dna_geom_prot_nt_v1_500m_esm1b_650m_Hybrid_CrossAttn_XGBoost__Train2Val_UniProt,231.7943,9.84,1141954849,2185.54,1961.98,,,,,,,,,,
train2__val_cls_bio_dna_geom_prot_nt_v1_500m_esm1b_650m_Hybrid_CrossAttn_XGBoost__Train2Val_ProteinGym,231.7943,9.87,1141954849,2185.54,1961.98,,,,,,,,,,
train2__val_cls_bio_dna_geom_prot_nt_v1_500m_esm1b_650m_Hybrid_Transformer_XGBoost__Train2Val_Test,231.8027,9.34,1143007009,2189.56,1961.98,,,,,,,,,,
train2__val_cls_bio_dna_geom_prot_nt_v1_500m_esm1b_650m_Hybrid_Transformer_XGBoost__Train2Val_ClinVarHQ,231.8027,9.85,1143007009,2189.56,1961.98,,,,,,,,,,
train2__val_cls_bio_dna_geom_prot_nt_v1_500m_esm1b_650m_Hybrid_Transformer_XGBoost__Train2Val_UniProt,231.8027,9.84,1143007009,2189.56,1961.98,,,,,,,,,,
train2__val_cls_bio_dna_geom_prot_nt_v1_500m_esm1b_650m_Hybrid_Transformer_XGBoost__Train2Val_ProteinGym,231.8027,9.87,1143007009,2189.56,1961.98,,,,,,,,,,
train2__val_cls_bio_dna_geom_prot_nt_v1_500m_esm1b_650m_Hybrid_Gating_XGBoost__Train2Val_Test,231.7949,9.34,1140180769,2178.78,1961.98,,,,,,,,,,
train2__val_cls_bio_dna_geom_prot_nt_v1_500m_esm1b_650m_Hybrid_Gating_XGBoost__Train2Val_ClinVarHQ,231.7949,9.85,1140180769,2178.78,1961.98,,,,,,,,,,
train2__val_cls_bio_dna_geom_prot_nt_v1_500m_esm1b_650m_Hybrid_Gating_XGBoost__Train2Val_UniProt,231.7949,9.84,1140180769,2178.78,1961.98,,,,,,,,,,
train2__val_cls_bio_dna_geom_prot_nt_v1_500m_esm1b_650m_Hybrid_Gating_XGBoost__Train2Val_ProteinGym,231.7949,9.87,1140180769,2178.78,1961.98,,,,,,,,,,
train2__val_cls_bio_geom_nt_v1_500m_esm1b_650m_PyTorch_Concat__Train2Val_Test,0.0002,0.0,86145,0.33,0.0,,,,,,,,,,
train2__val_cls_bio_geom_nt_v1_500m_esm1b_650m_PyTorch_Concat__Train2Val_ClinVarHQ,0.0002,0.0,86145,0.33,0.0,,,,,,,,,,
train2__val_cls_bio_geom_nt_v1_500m_esm1b_650m_PyTorch_Concat__Train2Val_UniProt,0.0002,0.0,86145,0.33,0.0,,,,,,,,,,
train2__val_cls_bio_geom_nt_v1_500m_esm1b_650m_PyTorch_Concat__Train2Val_ProteinGym,0.0002,0.0,86145,0.33,0.0,,,,,,,,,,
train2__val_cls_bio_geom_nt_v1_500m_esm1b_650m_Pure_XGBoost_Concat__Train2Val_Test,0.0002,0.0,86145,0.33,0.0,,,,,,,,,,
train2__val_cls_bio_geom_nt_v1_500m_esm1b_650m_Pure_XGBoost_Concat__Train2Val_ClinVarHQ,0.0002,0.0,86145,0.33,0.0,,,,,,,,,,
train2__val_cls_bio_geom_nt_v1_500m_esm1b_650m_Pure_XGBoost_Concat__Train2Val_UniProt,0.0002,0.0,86145,0.33,0.0,,,,,,,,,,
train2__val_cls_bio_geom_nt_v1_500m_esm1b_650m_Pure_XGBoost_Concat__Train2Val_ProteinGym,0.0002,0.0,86145,0.33,0.0,,,,,,,,,,
train2__val_cls_bio_geom_nt_v1_500m_esm1b_650m_Hybrid_Concat_XGBoost__Train2Val_Test,0.0002,0.0,86145,0.33,0.0,,,,,,,,,,
train2__val_cls_bio_geom_nt_v1_500m_esm1b_650m_Hybrid_Concat_XGBoost__Train2Val_ClinVarHQ,0.0002,0.0,86145,0.33,0.0,,,,,,,,,,
train2__val_cls_bio_geom_nt_v1_500m_esm1b_650m_Hybrid_Concat_XGBoost__Train2Val_UniProt,0.0002,0.0,86145,0.33,0.0,,,,,,,,,,
train2__val_cls_bio_geom_nt_v1_500m_esm1b_650m_Hybrid_Concat_XGBoost__Train2Val_ProteinGym,0.0002,0.0,86145,0.33,0.0,,,,,,,,,,
train2__val_mean_dna_prot_nt_v1_500m_esm1b_650m_PyTorch_Concat__Train2Val_Test,231.7942,9.35,1139801633,2177.33,1961.98,,,,,,,,,,
train2__val_mean_dna_prot_nt_v1_500m_esm1b_650m_PyTorch_Concat__Train2Val_ClinVarHQ,231.7942,9.86,1139801633,2177.33,1961.98,,,,,,,,,,
train2__val_mean_dna_prot_nt_v1_500m_esm1b_650m_PyTorch_Concat__Train2Val_UniProt,231.7942,9.85,1139801633,2177.33,1961.98,,,,,,,,,,
train2__val_mean_dna_prot_nt_v1_500m_esm1b_650m_PyTorch_Concat__Train2Val_ProteinGym,231.7942,9.88,1139801633,2177.33,1961.98,,,,,,,,,,
train2__val_mean_dna_prot_nt_v1_500m_esm1b_650m_PyTorch_CrossAttn__Train2Val_Test,231.7942,9.36,1141902881,2185.35,1961.98,,,,,,,,,,
train2__val_mean_dna_prot_nt_v1_500m_esm1b_650m_PyTorch_CrossAttn__Train2Val_ClinVarHQ,231.7942,9.87,1141902881,2185.35,1961.98,,,,,,,,,,
train2__val_mean_dna_prot_nt_v1_500m_esm1b_650m_PyTorch_CrossAttn__Train2Val_UniProt,231.7942,9.86,1141902881,2185.35,1961.98,,,,,,,,,,
train2__val_mean_dna_prot_nt_v1_500m_esm1b_650m_PyTorch_CrossAttn__Train2Val_ProteinGym,231.7942,9.89,1141902881,2185.35,1961.98,,,,,,,,,,
train2__val_mean_dna_prot_nt_v1_500m_esm1b_650m_PyTorch_Transformer__Train2Val_Test,231.8026,9.37,1142955041,2189.36,1961.98,,,,,,,,,,
train2__val_mean_dna_prot_nt_v1_500m_esm1b_650m_PyTorch_Transformer__Train2Val_ClinVarHQ,231.8026,9.89,1142955041,2189.36,1961.98,,,,,,,,,,
train2__val_mean_dna_prot_nt_v1_500m_esm1b_650m_PyTorch_Transformer__Train2Val_UniProt,231.8026,9.88,1142955041,2189.36,1961.98,,,,,,,,,,
train2__val_mean_dna_prot_nt_v1_500m_esm1b_650m_PyTorch_Transformer__Train2Val_ProteinGym,231.8026,9.9,1142955041,2189.36,1961.98,,,,,,,,,,
train2__val_mean_dna_prot_nt_v1_500m_esm1b_650m_PyTorch_Gating__Train2Val_Test,231.7948,9.35,1140128801,2178.58,1961.98,,,,,,,,,,
train2__val_mean_dna_prot_nt_v1_500m_esm1b_650m_PyTorch_Gating__Train2Val_ClinVarHQ,231.7948,9.86,1140128801,2178.58,1961.98,,,,,,,,,,
train2__val_mean_dna_prot_nt_v1_500m_esm1b_650m_PyTorch_Gating__Train2Val_UniProt,231.7948,9.84,1140128801,2178.58,1961.98,,,,,,,,,,
train2__val_mean_dna_prot_nt_v1_500m_esm1b_650m_PyTorch_Gating__Train2Val_ProteinGym,231.7948,9.88,1140128801,2178.58,1961.98,,,,,,,,,,
train2__val_mean_dna_prot_nt_v1_500m_esm1b_650m_Pure_XGBoost_Concat__Train2Val_Test,231.7942,9.35,1139801633,2177.33,1961.98,,,,,,,,,,
train2__val_mean_dna_prot_nt_v1_500m_esm1b_650m_Pure_XGBoost_Concat__Train2Val_ClinVarHQ,231.7942,9.86,1139801633,2177.33,1961.98,,,,,,,,,,
train2__val_mean_dna_prot_nt_v1_500m_esm1b_650m_Pure_XGBoost_Concat__Train2Val_UniProt,231.7942,9.85,1139801633,2177.33,1961.98,,,,,,,,,,
train2__val_mean_dna_prot_nt_v1_500m_esm1b_650m_Pure_XGBoost_Concat__Train2Val_ProteinGym,231.7942,9.88,1139801633,2177.33,1961.98,,,,,,,,,,
train2__val_mean_dna_prot_nt_v1_500m_esm1b_650m_Hybrid_Concat_XGBoost__Train2Val_Test,231.7942,9.34,1139801633,2177.33,1961.98,,,,,,,,,,
train2__val_mean_dna_prot_nt_v1_500m_esm1b_650m_Hybrid_Concat_XGBoost__Train2Val_ClinVarHQ,231.7942,9.86,1139801633,2177.33,1961.98,,,,,,,,,,
train2__val_mean_dna_prot_nt_v1_500m_esm1b_650m_Hybrid_Concat_XGBoost__Train2Val_UniProt,231.7942,9.84,1139801633,2177.33,1961.98,,,,,,,,,,
train2__val_mean_dna_prot_nt_v1_500m_esm1b_650m_Hybrid_Concat_XGBoost__Train2Val_ProteinGym,231.7942,9.87,1139801633,2177.33,1961.98,,,,,,,,,,
train2__val_mean_dna_prot_nt_v1_500m_esm1b_650m_Hybrid_CrossAttn_XGBoost__Train2Val_Test,231.7942,9.34,1141902881,2185.35,1961.98,,,,,,,,,,
train2__val_mean_dna_prot_nt_v1_500m_esm1b_650m_Hybrid_CrossAttn_XGBoost__Train2Val_ClinVarHQ,231.7942,9.86,1141902881,2185.35,1961.98,,,,,,,,,,
train2__val_mean_dna_prot_nt_v1_500m_esm1b_650m_Hybrid_CrossAttn_XGBoost__Train2Val_UniProt,231.7942,9.84,1141902881,2185.35,1961.98,,,,,,,,,,
train2__val_mean_dna_prot_nt_v1_500m_esm1b_650m_Hybrid_CrossAttn_XGBoost__Train2Val_ProteinGym,231.7942,9.87,1141902881,2185.35,1961.98,,,,,,,,,,
train2__val_mean_dna_prot_nt_v1_500m_esm1b_650m_Hybrid_Transformer_XGBoost__Train2Val_Test,231.8026,9.34,1142955041,2189.36,1961.98,,,,,,,,,,
train2__val_mean_dna_prot_nt_v1_500m_esm1b_650m_Hybrid_Transformer_XGBoost__Train2Val_ClinVarHQ,231.8026,9.86,1142955041,2189.36,1961.98,,,,,,,,,,
train2__val_mean_dna_prot_nt_v1_500m_esm1b_650m_Hybrid_Transformer_XGBoost__Train2Val_UniProt,231.8026,9.84,1142955041,2189.36,1961.98,,,,,,,,,,
train2__val_mean_dna_prot_nt_v1_500m_esm1b_650m_Hybrid_Transformer_XGBoost__Train2Val_ProteinGym,231.8026,9.87,1142955041,2189.36,1961.98,,,,,,,,,,
train2__val_mean_dna_prot_nt_v1_500m_esm1b_650m_Hybrid_Gating_XGBoost__Train2Val_Test,231.7948,9.34,1140128801,2178.58,1961.98,,,,,,,,,,
train2__val_mean_dna_prot_nt_v1_500m_esm1b_650m_Hybrid_Gating_XGBoost__Train2Val_ClinVarHQ,231.7948,9.85,1140128801,2178.58,1961.98,,,,,,,,,,
train2__val_mean_dna_prot_nt_v1_500m_esm1b_650m_Hybrid_Gating_XGBoost__Train2Val_UniProt,231.7948,9.84,1140128801,2178.58,1961.98,,,,,,,,,,
train2__val_mean_dna_prot_nt_v1_500m_esm1b_650m_Hybrid_Gating_XGBoost__Train2Val_ProteinGym,231.7948,9.87,1140128801,2178.58,1961.98,,,,,,,,,,
train2__val_mean_dna_prot_nt_v1_500m_esm2_650m_PyTorch_Concat__Train2Val_Test,231.7932,10.02,1138485793,2174.82,1686.1,,,,,,,,,,
train2__val_mean_dna_prot_nt_v1_500m_esm2_650m_PyTorch_Concat__Train2Val_ClinVarHQ,231.7932,10.39,1138485793,2174.82,1686.1,,,,,,,,,,
train2__val_mean_dna_prot_nt_v1_500m_esm2_650m_PyTorch_Concat__Train2Val_UniProt,231.7932,10.35,1138485793,2174.82,1686.1,,,,,,,,,,
train2__val_mean_dna_prot_nt_v1_500m_esm2_650m_PyTorch_Concat__Train2Val_ProteinGym,231.7932,10.36,1138485793,2174.82,1686.1,,,,,,,,,,
train2__val_mean_dna_prot_nt_v1_500m_esm2_650m_PyTorch_CrossAttn__Train2Val_Test,231.7932,10.03,1140587041,2182.84,1686.1,,,,,,,,,,
train2__val_mean_dna_prot_nt_v1_500m_esm2_650m_PyTorch_CrossAttn__Train2Val_ClinVarHQ,231.7932,10.38,1140587041,2182.84,1686.1,,,,,,,,,,
train2__val_mean_dna_prot_nt_v1_500m_esm2_650m_PyTorch_CrossAttn__Train2Val_UniProt,231.7932,10.36,1140587041,2182.84,1686.1,,,,,,,,,,
train2__val_mean_dna_prot_nt_v1_500m_esm2_650m_PyTorch_CrossAttn__Train2Val_ProteinGym,231.7932,10.37,1140587041,2182.84,1686.1,,,,,,,,,,
train2__val_mean_dna_prot_nt_v1_500m_esm2_650m_PyTorch_Transformer__Train2Val_Test,231.8016,10.04,1141639201,2186.85,1686.1,,,,,,,,,,
train2__val_mean_dna_prot_nt_v1_500m_esm2_650m_PyTorch_Transformer__Train2Val_ClinVarHQ,231.8016,10.4,1141639201,2186.85,1686.1,,,,,,,,,,
train2__val_mean_dna_prot_nt_v1_500m_esm2_650m_PyTorch_Transformer__Train2Val_UniProt,231.8016,10.38,1141639201,2186.85,1686.1,,,,,,,,,,
train2__val_mean_dna_prot_nt_v1_500m_esm2_650m_PyTorch_Transformer__Train2Val_ProteinGym,231.8016,10.38,1141639201,2186.85,1686.1,,,,,,,,,,
train2__val_mean_dna_prot_nt_v1_500m_esm2_650m_PyTorch_Gating__Train2Val_Test,231.7938,10.02,1138812961,2176.07,1686.1,,,,,,,,,,
train2__val_mean_dna_prot_nt_v1_500m_esm2_650m_PyTorch_Gating__Train2Val_ClinVarHQ,231.7938,10.37,1138812961,2176.07,1686.1,,,,,,,,,,
train2__val_mean_dna_prot_nt_v1_500m_esm2_650m_PyTorch_Gating__Train2Val_UniProt,231.7938,10.35,1138812961,2176.07,1686.1,,,,,,,,,,
train2__val_mean_dna_prot_nt_v1_500m_esm2_650m_PyTorch_Gating__Train2Val_ProteinGym,231.7938,10.36,1138812961,2176.07,1686.1,,,,,,,,,,
train2__val_mean_dna_prot_nt_v1_500m_esm2_650m_Pure_XGBoost_Concat__Train2Val_Test,231.7932,10.02,1138485793,2174.82,1686.1,,,,,,,,,,
train2__val_mean_dna_prot_nt_v1_500m_esm2_650m_Pure_XGBoost_Concat__Train2Val_ClinVarHQ,231.7932,10.37,1138485793,2174.82,1686.1,,,,,,,,,,
train2__val_mean_dna_prot_nt_v1_500m_esm2_650m_Pure_XGBoost_Concat__Train2Val_UniProt,231.7932,10.35,1138485793,2174.82,1686.1,,,,,,,,,,
train2__val_mean_dna_prot_nt_v1_500m_esm2_650m_Pure_XGBoost_Concat__Train2Val_ProteinGym,231.7932,10.36,1138485793,2174.82,1686.1,,,,,,,,,,
train2__val_mean_dna_prot_nt_v1_500m_esm2_650m_Hybrid_Concat_XGBoost__Train2Val_Test,231.7932,10.01,1138485793,2174.82,1686.1,,,,,,,,,,
train2__val_mean_dna_prot_nt_v1_500m_esm2_650m_Hybrid_Concat_XGBoost__Train2Val_ClinVarHQ,231.7932,10.37,1138485793,2174.82,1686.1,,,,,,,,,,
train2__val_mean_dna_prot_nt_v1_500m_esm2_650m_Hybrid_Concat_XGBoost__Train2Val_UniProt,231.7932,10.34,1138485793,2174.82,1686.1,,,,,,,,,,
train2__val_mean_dna_prot_nt_v1_500m_esm2_650m_Hybrid_Concat_XGBoost__Train2Val_ProteinGym,231.7932,10.35,1138485793,2174.82,1686.1,,,,,,,,,,
train2__val_mean_dna_prot_nt_v1_500m_esm2_650m_Hybrid_CrossAttn_XGBoost__Train2Val_Test,231.7932,10.01,1140587041,2182.84,1686.1,,,,,,,,,,
train2__val_mean_dna_prot_nt_v1_500m_esm2_650m_Hybrid_CrossAttn_XGBoost__Train2Val_ClinVarHQ,231.7932,10.36,1140587041,2182.84,1686.1,,,,,,,,,,
train2__val_mean_dna_prot_nt_v1_500m_esm2_650m_Hybrid_CrossAttn_XGBoost__Train2Val_UniProt,231.7932,10.34,1140587041,2182.84,1686.1,,,,,,,,,,
train2__val_mean_dna_prot_nt_v1_500m_esm2_650m_Hybrid_CrossAttn_XGBoost__Train2Val_ProteinGym,231.7932,10.35,1140587041,2182.84,1686.1,,,,,,,,,,
train2__val_mean_dna_prot_nt_v1_500m_esm2_650m_Hybrid_Transformer_XGBoost__Train2Val_Test,231.8016,10.01,1141639201,2186.85,1686.1,,,,,,,,,,
train2__val_mean_dna_prot_nt_v1_500m_esm2_650m_Hybrid_Transformer_XGBoost__Train2Val_ClinVarHQ,231.8016,10.37,1141639201,2186.85,1686.1,,,,,,,,,,
train2__val_mean_dna_prot_nt_v1_500m_esm2_650m_Hybrid_Transformer_XGBoost__Train2Val_UniProt,231.8016,10.34,1141639201,2186.85,1686.1,,,,,,,,,,
train2__val_mean_dna_prot_nt_v1_500m_esm2_650m_Hybrid_Transformer_XGBoost__Train2Val_ProteinGym,231.8016,10.35,1141639201,2186.85,1686.1,,,,,,,,,,
train2__val_mean_dna_prot_nt_v1_500m_esm2_650m_Hybrid_Gating_XGBoost__Train2Val_Test,231.7938,10.01,1138812961,2176.07,1686.1,,,,,,,,,,
train2__val_mean_dna_prot_nt_v1_500m_esm2_650m_Hybrid_Gating_XGBoost__Train2Val_ClinVarHQ,231.7938,10.36,1138812961,2176.07,1686.1,,,,,,,,,,
train2__val_mean_dna_prot_nt_v1_500m_esm2_650m_Hybrid_Gating_XGBoost__Train2Val_UniProt,231.7938,10.34,1138812961,2176.07,1686.1,,,,,,,,,,
train2__val_mean_dna_prot_nt_v1_500m_esm2_650m_Hybrid_Gating_XGBoost__Train2Val_ProteinGym,231.7938,10.35,1138812961,2176.07,1686.1,,,,,,,,,,
train2__val_mean_dna_prot_nt_v1_500m_esmc_600m_PyTorch_Concat__Train2Val_Test,216.1122,8.55,1062413995,2029.6,1656.34,,,,,,,,,,
train2__val_mean_dna_prot_nt_v1_500m_esmc_600m_PyTorch_Concat__Train2Val_ClinVarHQ,216.1122,8.98,1062413995,2029.6,1656.34,,,,,,,,,,
train2__val_mean_dna_prot_nt_v1_500m_esmc_600m_PyTorch_Concat__Train2Val_UniProt,216.1122,8.89,1062413995,2029.6,1656.34,,,,,,,,,,
train2__val_mean_dna_prot_nt_v1_500m_esmc_600m_PyTorch_Concat__Train2Val_ProteinGym,216.1122,8.91,1062413995,2029.6,1656.34,,,,,,,,,,
train2__val_mean_dna_prot_nt_v1_500m_esmc_600m_PyTorch_CrossAttn__Train2Val_Test,216.1122,8.56,1064515243,2037.62,1656.34,,,,,,,,,,
train2__val_mean_dna_prot_nt_v1_500m_esmc_600m_PyTorch_CrossAttn__Train2Val_ClinVarHQ,216.1122,8.99,1064515243,2037.62,1656.34,,,,,,,,,,
train2__val_mean_dna_prot_nt_v1_500m_esmc_600m_PyTorch_CrossAttn__Train2Val_UniProt,216.1122,8.9,1064515243,2037.62,1656.34,,,,,,,,,,
train2__val_mean_dna_prot_nt_v1_500m_esmc_600m_PyTorch_CrossAttn__Train2Val_ProteinGym,216.1122,8.92,1064515243,2037.62,1656.34,,,,,,,,,,
train2__val_mean_dna_prot_nt_v1_500m_esmc_600m_PyTorch_Transformer__Train2Val_Test,216.1206,8.57,1065567403,2041.63,1656.34,,,,,,,,,,
train2__val_mean_dna_prot_nt_v1_500m_esmc_600m_PyTorch_Transformer__Train2Val_ClinVarHQ,216.1206,9.0,1065567403,2041.63,1656.34,,,,,,,,,,
train2__val_mean_dna_prot_nt_v1_500m_esmc_600m_PyTorch_Transformer__Train2Val_UniProt,216.1206,8.91,1065567403,2041.63,1656.34,,,,,,,,,,
train2__val_mean_dna_prot_nt_v1_500m_esmc_600m_PyTorch_Transformer__Train2Val_ProteinGym,216.1206,8.93,1065567403,2041.63,1656.34,,,,,,,,,,
train2__val_mean_dna_prot_nt_v1_500m_esmc_600m_PyTorch_Gating__Train2Val_Test,216.1128,8.55,1062741163,2030.85,1656.34,,,,,,,,,,
train2__val_mean_dna_prot_nt_v1_500m_esmc_600m_PyTorch_Gating__Train2Val_ClinVarHQ,216.1128,8.98,1062741163,2030.85,1656.34,,,,,,,,,,
train2__val_mean_dna_prot_nt_v1_500m_esmc_600m_PyTorch_Gating__Train2Val_UniProt,216.1128,8.89,1062741163,2030.85,1656.34,,,,,,,,,,
train2__val_mean_dna_prot_nt_v1_500m_esmc_600m_PyTorch_Gating__Train2Val_ProteinGym,216.1128,8.91,1062741163,2030.85,1656.34,,,,,,,,,,
train2__val_mean_dna_prot_nt_v1_500m_esmc_600m_Pure_XGBoost_Concat__Train2Val_Test,216.1122,8.55,1062413995,2029.6,1656.34,,,,,,,,,,
train2__val_mean_dna_prot_nt_v1_500m_esmc_600m_Pure_XGBoost_Concat__Train2Val_ClinVarHQ,216.1122,8.98,1062413995,2029.6,1656.34,,,,,,,,,,
train2__val_mean_dna_prot_nt_v1_500m_esmc_600m_Pure_XGBoost_Concat__Train2Val_UniProt,216.1122,8.89,1062413995,2029.6,1656.34,,,,,,,,,,
train2__val_mean_dna_prot_nt_v1_500m_esmc_600m_Pure_XGBoost_Concat__Train2Val_ProteinGym,216.1122,8.91,1062413995,2029.6,1656.34,,,,,,,,,,
train2__val_mean_dna_prot_nt_v1_500m_esmc_600m_Hybrid_Concat_XGBoost__Train2Val_Test,216.1122,8.54,1062413995,2029.6,1656.34,,,,,,,,,,
train2__val_mean_dna_prot_nt_v1_500m_esmc_600m_Hybrid_Concat_XGBoost__Train2Val_ClinVarHQ,216.1122,8.97,1062413995,2029.6,1656.34,,,,,,,,,,
train2__val_mean_dna_prot_nt_v1_500m_esmc_600m_Hybrid_Concat_XGBoost__Train2Val_UniProt,216.1122,8.88,1062413995,2029.6,1656.34,,,,,,,,,,
train2__val_mean_dna_prot_nt_v1_500m_esmc_600m_Hybrid_Concat_XGBoost__Train2Val_ProteinGym,216.1122,8.9,1062413995,2029.6,1656.34,,,,,,,,,,
train2__val_mean_dna_prot_nt_v1_500m_esmc_600m_Hybrid_CrossAttn_XGBoost__Train2Val_Test,216.1122,8.54,1064515243,2037.62,1656.34,,,,,,,,,,
train2__val_mean_dna_prot_nt_v1_500m_esmc_600m_Hybrid_CrossAttn_XGBoost__Train2Val_ClinVarHQ,216.1122,8.97,1064515243,2037.62,1656.34,,,,,,,,,,
train2__val_mean_dna_prot_nt_v1_500m_esmc_600m_Hybrid_CrossAttn_XGBoost__Train2Val_UniProt,216.1122,8.88,1064515243,2037.62,1656.34,,,,,,,,,,
train2__val_mean_dna_prot_nt_v1_500m_esmc_600m_Hybrid_CrossAttn_XGBoost__Train2Val_ProteinGym,216.1122,8.9,1064515243,2037.62,1656.34,,,,,,,,,,
train2__val_mean_dna_prot_nt_v1_500m_esmc_600m_Hybrid_Transformer_XGBoost__Train2Val_Test,216.1206,8.54,1065567403,2041.63,1656.34,,,,,,,,,,
train2__val_mean_dna_prot_nt_v1_500m_esmc_600m_Hybrid_Transformer_XGBoost__Train2Val_ClinVarHQ,216.1206,8.98,1065567403,2041.63,1656.34,,,,,,,,,,
train2__val_mean_dna_prot_nt_v1_500m_esmc_600m_Hybrid_Transformer_XGBoost__Train2Val_UniProt,216.1206,8.88,1065567403,2041.63,1656.34,,,,,,,,,,
train2__val_mean_dna_prot_nt_v1_500m_esmc_600m_Hybrid_Transformer_XGBoost__Train2Val_ProteinGym,216.1206,8.91,1065567403,2041.63,1656.34,,,,,,,,,,
train2__val_mean_dna_prot_nt_v1_500m_esmc_600m_Hybrid_Gating_XGBoost__Train2Val_Test,216.1128,8.54,1062741163,2030.85,1656.34,,,,,,,,,,
train2__val_mean_dna_prot_nt_v1_500m_esmc_600m_Hybrid_Gating_XGBoost__Train2Val_ClinVarHQ,216.1128,8.97,1062741163,2030.85,1656.34,,,,,,,,,,
train2__val_mean_dna_prot_nt_v1_500m_esmc_600m_Hybrid_Gating_XGBoost__Train2Val_UniProt,216.1128,8.88,1062741163,2030.85,1656.34,,,,,,,,,,
train2__val_mean_dna_prot_nt_v1_500m_esmc_600m_Hybrid_Gating_XGBoost__Train2Val_ProteinGym,216.1128,8.9,1062741163,2030.85,1656.34,,,,,,,,,,
train2__val_mean_dna_prot_nt_v3_650m_esm1b_650m_PyTorch_Concat__Train2Val_Test,211.0135,12.38,1306062834,3737.96,3643.92,,,,,,,,,,
train2__val_mean_dna_prot_nt_v3_650m_esm1b_650m_PyTorch_Concat__Train2Val_ClinVarHQ,211.0135,12.62,1306062834,3737.96,3643.92,,,,,,,,,,
train2__val_mean_dna_prot_nt_v3_650m_esm1b_650m_PyTorch_Concat__Train2Val_UniProt,211.0135,12.62,1306062834,3737.96,3643.92,,,,,,,,,,
train2__val_mean_dna_prot_nt_v3_650m_esm1b_650m_PyTorch_Concat__Train2Val_ProteinGym,211.0135,12.49,1306062834,3737.96,3643.92,,,,,,,,,,
train2__val_mean_dna_prot_nt_v3_650m_esm1b_650m_PyTorch_CrossAttn__Train2Val_Test,211.0135,12.39,1308164082,3745.98,3643.92,,,,,,,,,,
train2__val_mean_dna_prot_nt_v3_650m_esm1b_650m_PyTorch_CrossAttn__Train2Val_ClinVarHQ,211.0135,12.63,1308164082,3745.98,3643.92,,,,,,,,,,
train2__val_mean_dna_prot_nt_v3_650m_esm1b_650m_PyTorch_CrossAttn__Train2Val_UniProt,211.0135,12.63,1308164082,3745.98,3643.92,,,,,,,,,,
train2__val_mean_dna_prot_nt_v3_650m_esm1b_650m_PyTorch_CrossAttn__Train2Val_ProteinGym,211.0135,12.5,1308164082,3745.98,3643.92,,,,,,,,,,
train2__val_mean_dna_prot_nt_v3_650m_esm1b_650m_PyTorch_Transformer__Train2Val_Test,211.0219,12.4,1309216242,3749.99,3643.92,,,,,,,,,,
train2__val_mean_dna_prot_nt_v3_650m_esm1b_650m_PyTorch_Transformer__Train2Val_ClinVarHQ,211.0219,12.64,1309216242,3749.99,3643.92,,,,,,,,,,
train2__val_mean_dna_prot_nt_v3_650m_esm1b_650m_PyTorch_Transformer__Train2Val_UniProt,211.0219,12.64,1309216242,3749.99,3643.92,,,,,,,,,,
train2__val_mean_dna_prot_nt_v3_650m_esm1b_650m_PyTorch_Transformer__Train2Val_ProteinGym,211.0219,12.51,1309216242,3749.99,3643.92,,,,,,,,,,
train2__val_mean_dna_prot_nt_v3_650m_esm1b_650m_PyTorch_Gating__Train2Val_Test,211.0141,12.38,1306390002,3739.21,3643.92,,,,,,,,,,
train2__val_mean_dna_prot_nt_v3_650m_esm1b_650m_PyTorch_Gating__Train2Val_ClinVarHQ,211.0141,12.62,1306390002,3739.21,3643.92,,,,,,,,,,
train2__val_mean_dna_prot_nt_v3_650m_esm1b_650m_PyTorch_Gating__Train2Val_UniProt,211.0141,12.62,1306390002,3739.21,3643.92,,,,,,,,,,
train2__val_mean_dna_prot_nt_v3_650m_esm1b_650m_PyTorch_Gating__Train2Val_ProteinGym,211.0141,12.49,1306390002,3739.21,3643.92,,,,,,,,,,
train2__val_mean_dna_prot_nt_v3_650m_esm1b_650m_Pure_XGBoost_Concat__Train2Val_Test,211.0135,12.38,1306062834,3737.96,3643.92,,,,,,,,,,
train2__val_mean_dna_prot_nt_v3_650m_esm1b_650m_Pure_XGBoost_Concat__Train2Val_ClinVarHQ,211.0135,12.62,1306062834,3737.96,3643.92,,,,,,,,,,
train2__val_mean_dna_prot_nt_v3_650m_esm1b_650m_Pure_XGBoost_Concat__Train2Val_UniProt,211.0135,12.62,1306062834,3737.96,3643.92,,,,,,,,,,
train2__val_mean_dna_prot_nt_v3_650m_esm1b_650m_Pure_XGBoost_Concat__Train2Val_ProteinGym,211.0135,12.49,1306062834,3737.96,3643.92,,,,,,,,,,
train2__val_mean_dna_prot_nt_v3_650m_esm1b_650m_Hybrid_Concat_XGBoost__Train2Val_Test,211.0135,12.37,1306062834,3737.96,3643.92,,,,,,,,,,
train2__val_mean_dna_prot_nt_v3_650m_esm1b_650m_Hybrid_Concat_XGBoost__Train2Val_ClinVarHQ,211.0135,12.61,1306062834,3737.96,3643.92,,,,,,,,,,
train2__val_mean_dna_prot_nt_v3_650m_esm1b_650m_Hybrid_Concat_XGBoost__Train2Val_UniProt,211.0135,12.61,1306062834,3737.96,3643.92,,,,,,,,,,
train2__val_mean_dna_prot_nt_v3_650m_esm1b_650m_Hybrid_Concat_XGBoost__Train2Val_ProteinGym,211.0135,12.48,1306062834,3737.96,3643.92,,,,,,,,,,
train2__val_mean_dna_prot_nt_v3_650m_esm1b_650m_Hybrid_CrossAttn_XGBoost__Train2Val_Test,211.0135,12.37,1308164082,3745.98,3643.92,,,,,,,,,,
train2__val_mean_dna_prot_nt_v3_650m_esm1b_650m_Hybrid_CrossAttn_XGBoost__Train2Val_ClinVarHQ,211.0135,12.62,1308164082,3745.98,3643.92,,,,,,,,,,
train2__val_mean_dna_prot_nt_v3_650m_esm1b_650m_Hybrid_CrossAttn_XGBoost__Train2Val_UniProt,211.0135,12.61,1308164082,3745.98,3643.92,,,,,,,,,,
train2__val_mean_dna_prot_nt_v3_650m_esm1b_650m_Hybrid_CrossAttn_XGBoost__Train2Val_ProteinGym,211.0135,12.48,1308164082,3745.98,3643.92,,,,,,,,,,
train2__val_mean_dna_prot_nt_v3_650m_esm1b_650m_Hybrid_Transformer_XGBoost__Train2Val_Test,211.0219,12.37,1309216242,3749.99,3643.92,,,,,,,,,,
train2__val_mean_dna_prot_nt_v3_650m_esm1b_650m_Hybrid_Transformer_XGBoost__Train2Val_ClinVarHQ,211.0219,12.61,1309216242,3749.99,3643.92,,,,,,,,,,
train2__val_mean_dna_prot_nt_v3_650m_esm1b_650m_Hybrid_Transformer_XGBoost__Train2Val_UniProt,211.0219,12.61,1309216242,3749.99,3643.92,,,,,,,,,,
train2__val_mean_dna_prot_nt_v3_650m_esm1b_650m_Hybrid_Transformer_XGBoost__Train2Val_ProteinGym,211.0219,12.48,1309216242,3749.99,3643.92,,,,,,,,,,
train2__val_mean_dna_prot_nt_v3_650m_esm1b_650m_Hybrid_Gating_XGBoost__Train2Val_Test,211.0141,12.37,1306390002,3739.21,3643.92,,,,,,,,,,
train2__val_mean_dna_prot_nt_v3_650m_esm1b_650m_Hybrid_Gating_XGBoost__Train2Val_ClinVarHQ,211.0141,12.61,1306390002,3739.21,3643.92,,,,,,,,,,
train2__val_mean_dna_prot_nt_v3_650m_esm1b_650m_Hybrid_Gating_XGBoost__Train2Val_UniProt,211.0141,12.61,1306390002,3739.21,3643.92,,,,,,,,,,
train2__val_mean_dna_prot_nt_v3_650m_esm1b_650m_Hybrid_Gating_XGBoost__Train2Val_ProteinGym,211.0141,12.48,1306390002,3739.21,3643.92,,,,,,,,,,
train2__val_mean_dna_prot_nt_v3_650m_esm2_650m_PyTorch_Concat__Train2Val_Test,211.0125,13.05,1304746994,3735.45,3643.92,,,,,,,,,,
train2__val_mean_dna_prot_nt_v3_650m_esm2_650m_PyTorch_Concat__Train2Val_ClinVarHQ,211.0125,13.13,1304746994,3735.45,3643.92,,,,,,,,,,
train2__val_mean_dna_prot_nt_v3_650m_esm2_650m_PyTorch_Concat__Train2Val_UniProt,211.0125,13.12,1304746994,3735.45,3643.92,,,,,,,,,,
train2__val_mean_dna_prot_nt_v3_650m_esm2_650m_PyTorch_Concat__Train2Val_ProteinGym,211.0125,12.97,1304746994,3735.45,3643.92,,,,,,,,,,
train2__val_mean_dna_prot_nt_v3_650m_esm2_650m_PyTorch_CrossAttn__Train2Val_Test,211.0125,13.06,1306848242,3743.47,3643.92,,,,,,,,,,
train2__val_mean_dna_prot_nt_v3_650m_esm2_650m_PyTorch_CrossAttn__Train2Val_ClinVarHQ,211.0125,13.14,1306848242,3743.47,3643.92,,,,,,,,,,
train2__val_mean_dna_prot_nt_v3_650m_esm2_650m_PyTorch_CrossAttn__Train2Val_UniProt,211.0125,13.13,1306848242,3743.47,3643.92,,,,,,,,,,
train2__val_mean_dna_prot_nt_v3_650m_esm2_650m_PyTorch_CrossAttn__Train2Val_ProteinGym,211.0125,12.98,1306848242,3743.47,3643.92,,,,,,,,,,
train2__val_mean_dna_prot_nt_v3_650m_esm2_650m_PyTorch_Transformer__Train2Val_Test,211.0209,13.07,1307900402,3747.48,3643.92,,,,,,,,,,
train2__val_mean_dna_prot_nt_v3_650m_esm2_650m_PyTorch_Transformer__Train2Val_ClinVarHQ,211.0209,13.15,1307900402,3747.48,3643.92,,,,,,,,,,
train2__val_mean_dna_prot_nt_v3_650m_esm2_650m_PyTorch_Transformer__Train2Val_UniProt,211.0209,13.14,1307900402,3747.48,3643.92,,,,,,,,,,
train2__val_mean_dna_prot_nt_v3_650m_esm2_650m_PyTorch_Transformer__Train2Val_ProteinGym,211.0209,12.99,1307900402,3747.48,3643.92,,,,,,,,,,
train2__val_mean_dna_prot_nt_v3_650m_esm2_650m_PyTorch_Gating__Train2Val_Test,211.0131,13.05,1305074162,3736.7,3643.92,,,,,,,,,,
train2__val_mean_dna_prot_nt_v3_650m_esm2_650m_PyTorch_Gating__Train2Val_ClinVarHQ,211.0131,13.13,1305074162,3736.7,3643.92,,,,,,,,,,
train2__val_mean_dna_prot_nt_v3_650m_esm2_650m_PyTorch_Gating__Train2Val_UniProt,211.0131,13.12,1305074162,3736.7,3643.92,,,,,,,,,,
train2__val_mean_dna_prot_nt_v3_650m_esm2_650m_PyTorch_Gating__Train2Val_ProteinGym,211.0131,12.97,1305074162,3736.7,3643.92,,,,,,,,,,
train2__val_mean_dna_prot_nt_v3_650m_esm2_650m_Pure_XGBoost_Concat__Train2Val_Test,211.0125,13.05,1304746994,3735.45,3643.92,,,,,,,,,,
train2__val_mean_dna_prot_nt_v3_650m_esm2_650m_Pure_XGBoost_Concat__Train2Val_ClinVarHQ,211.0125,13.13,1304746994,3735.45,3643.92,,,,,,,,,,
train2__val_mean_dna_prot_nt_v3_650m_esm2_650m_Pure_XGBoost_Concat__Train2Val_UniProt,211.0125,13.12,1304746994,3735.45,3643.92,,,,,,,,,,
train2__val_mean_dna_prot_nt_v3_650m_esm2_650m_Pure_XGBoost_Concat__Train2Val_ProteinGym,211.0125,12.97,1304746994,3735.45,3643.92,,,,,,,,,,
train2__val_mean_dna_prot_nt_v3_650m_esm2_650m_Hybrid_Concat_XGBoost__Train2Val_Test,211.0125,13.04,1304746994,3735.45,3643.92,,,,,,,,,,
train2__val_mean_dna_prot_nt_v3_650m_esm2_650m_Hybrid_Concat_XGBoost__Train2Val_ClinVarHQ,211.0125,13.12,1304746994,3735.45,3643.92,,,,,,,,,,
train2__val_mean_dna_prot_nt_v3_650m_esm2_650m_Hybrid_Concat_XGBoost__Train2Val_UniProt,211.0125,13.11,1304746994,3735.45,3643.92,,,,,,,,,,
train2__val_mean_dna_prot_nt_v3_650m_esm2_650m_Hybrid_Concat_XGBoost__Train2Val_ProteinGym,211.0125,12.96,1304746994,3735.45,3643.92,,,,,,,,,,
train2__val_mean_dna_prot_nt_v3_650m_esm2_650m_Hybrid_CrossAttn_XGBoost__Train2Val_Test,211.0125,13.04,1306848242,3743.47,3643.92,,,,,,,,,,
train2__val_mean_dna_prot_nt_v3_650m_esm2_650m_Hybrid_CrossAttn_XGBoost__Train2Val_ClinVarHQ,211.0125,13.13,1306848242,3743.47,3643.92,,,,,,,,,,
train2__val_mean_dna_prot_nt_v3_650m_esm2_650m_Hybrid_CrossAttn_XGBoost__Train2Val_UniProt,211.0125,13.11,1306848242,3743.47,3643.92,,,,,,,,,,
train2__val_mean_dna_prot_nt_v3_650m_esm2_650m_Hybrid_CrossAttn_XGBoost__Train2Val_ProteinGym,211.0125,12.96,1306848242,3743.47,3643.92,,,,,,,,,,
train2__val_mean_dna_prot_nt_v3_650m_esm2_650m_Hybrid_Transformer_XGBoost__Train2Val_Test,211.0209,13.04,1307900402,3747.48,3643.92,,,,,,,,,,
train2__val_mean_dna_prot_nt_v3_650m_esm2_650m_Hybrid_Transformer_XGBoost__Train2Val_ClinVarHQ,211.0209,13.12,1307900402,3747.48,3643.92,,,,,,,,,,
train2__val_mean_dna_prot_nt_v3_650m_esm2_650m_Hybrid_Transformer_XGBoost__Train2Val_UniProt,211.0209,13.11,1307900402,3747.48,3643.92,,,,,,,,,,
train2__val_mean_dna_prot_nt_v3_650m_esm2_650m_Hybrid_Transformer_XGBoost__Train2Val_ProteinGym,211.0209,12.96,1307900402,3747.48,3643.92,,,,,,,,,,
train2__val_mean_dna_prot_nt_v3_650m_esm2_650m_Hybrid_Gating_XGBoost__Train2Val_Test,211.0131,13.04,1305074162,3736.7,3643.92,,,,,,,,,,
train2__val_mean_dna_prot_nt_v3_650m_esm2_650m_Hybrid_Gating_XGBoost__Train2Val_ClinVarHQ,211.0131,13.12,1305074162,3736.7,3643.92,,,,,,,,,,
train2__val_mean_dna_prot_nt_v3_650m_esm2_650m_Hybrid_Gating_XGBoost__Train2Val_UniProt,211.0131,13.11,1305074162,3736.7,3643.92,,,,,,,,,,
train2__val_mean_dna_prot_nt_v3_650m_esm2_650m_Hybrid_Gating_XGBoost__Train2Val_ProteinGym,211.0131,12.96,1305074162,3736.7,3643.92,,,,,,,,,,
train2__val_mean_dna_prot_nt_v3_650m_esmc_600m_PyTorch_Concat__Train2Val_Test,195.3314,11.58,1228675196,3590.23,3643.92,,,,,,,,,,
train2__val_mean_dna_prot_nt_v3_650m_esmc_600m_PyTorch_Concat__Train2Val_ClinVarHQ,195.3314,11.74,1228675196,3590.23,3643.92,,,,,,,,,,
train2__val_mean_dna_prot_nt_v3_650m_esmc_600m_PyTorch_Concat__Train2Val_UniProt,195.3314,11.66,1228675196,3590.23,3643.92,,,,,,,,,,
train2__val_mean_dna_prot_nt_v3_650m_esmc_600m_PyTorch_Concat__Train2Val_ProteinGym,195.3314,11.52,1228675196,3590.23,3643.92,,,,,,,,,,
train2__val_mean_dna_prot_nt_v3_650m_esmc_600m_PyTorch_CrossAttn__Train2Val_Test,195.3314,11.59,1230776444,3598.25,3643.92,,,,,,,,,,
train2__val_mean_dna_prot_nt_v3_650m_esmc_600m_PyTorch_CrossAttn__Train2Val_ClinVarHQ,195.3314,11.75,1230776444,3598.25,3643.92,,,,,,,,,,
train2__val_mean_dna_prot_nt_v3_650m_esmc_600m_PyTorch_CrossAttn__Train2Val_UniProt,195.3314,11.67,1230776444,3598.25,3643.92,,,,,,,,,,
train2__val_mean_dna_prot_nt_v3_650m_esmc_600m_PyTorch_CrossAttn__Train2Val_ProteinGym,195.3314,11.53,1230776444,3598.25,3643.92,,,,,,,,,,
train2__val_mean_dna_prot_nt_v3_650m_esmc_600m_PyTorch_Transformer__Train2Val_Test,195.3398,11.6,1231828604,3602.26,3643.92,,,,,,,,,,
train2__val_mean_dna_prot_nt_v3_650m_esmc_600m_PyTorch_Transformer__Train2Val_ClinVarHQ,195.3398,11.76,1231828604,3602.26,3643.92,,,,,,,,,,
train2__val_mean_dna_prot_nt_v3_650m_esmc_600m_PyTorch_Transformer__Train2Val_UniProt,195.3398,11.68,1231828604,3602.26,3643.92,,,,,,,,,,
train2__val_mean_dna_prot_nt_v3_650m_esmc_600m_PyTorch_Transformer__Train2Val_ProteinGym,195.3398,11.54,1231828604,3602.26,3643.92,,,,,,,,,,
train2__val_mean_dna_prot_nt_v3_650m_esmc_600m_PyTorch_Gating__Train2Val_Test,195.3321,11.58,1229002364,3591.48,3643.92,,,,,,,,,,
train2__val_mean_dna_prot_nt_v3_650m_esmc_600m_PyTorch_Gating__Train2Val_ClinVarHQ,195.3321,11.74,1229002364,3591.48,3643.92,,,,,,,,,,
train2__val_mean_dna_prot_nt_v3_650m_esmc_600m_PyTorch_Gating__Train2Val_UniProt,195.3321,11.66,1229002364,3591.48,3643.92,,,,,,,,,,
train2__val_mean_dna_prot_nt_v3_650m_esmc_600m_PyTorch_Gating__Train2Val_ProteinGym,195.3321,11.52,1229002364,3591.48,3643.92,,,,,,,,,,
train2__val_mean_dna_prot_nt_v3_650m_esmc_600m_Pure_XGBoost_Concat__Train2Val_Test,195.3314,11.58,1228675196,3590.23,3643.92,,,,,,,,,,
train2__val_mean_dna_prot_nt_v3_650m_esmc_600m_Pure_XGBoost_Concat__Train2Val_ClinVarHQ,195.3314,11.74,1228675196,3590.23,3643.92,,,,,,,,,,
train2__val_mean_dna_prot_nt_v3_650m_esmc_600m_Pure_XGBoost_Concat__Train2Val_UniProt,195.3314,11.66,1228675196,3590.23,3643.92,,,,,,,,,,
train2__val_mean_dna_prot_nt_v3_650m_esmc_600m_Pure_XGBoost_Concat__Train2Val_ProteinGym,195.3314,11.52,1228675196,3590.23,3643.92,,,,,,,,,,
train2__val_mean_dna_prot_nt_v3_650m_esmc_600m_Hybrid_Concat_XGBoost__Train2Val_Test,195.3314,11.57,1228675196,3590.23,3643.92,,,,,,,,,,
train2__val_mean_dna_prot_nt_v3_650m_esmc_600m_Hybrid_Concat_XGBoost__Train2Val_ClinVarHQ,195.3314,11.73,1228675196,3590.23,3643.92,,,,,,,,,,
train2__val_mean_dna_prot_nt_v3_650m_esmc_600m_Hybrid_Concat_XGBoost__Train2Val_UniProt,195.3314,11.65,1228675196,3590.23,3643.92,,,,,,,,,,
train2__val_mean_dna_prot_nt_v3_650m_esmc_600m_Hybrid_Concat_XGBoost__Train2Val_ProteinGym,195.3314,11.52,1228675196,3590.23,3643.92,,,,,,,,,,
train2__val_mean_dna_prot_nt_v3_650m_esmc_600m_Hybrid_CrossAttn_XGBoost__Train2Val_Test,195.3314,11.57,1230776444,3598.25,3643.92,,,,,,,,,,
train2__val_mean_dna_prot_nt_v3_650m_esmc_600m_Hybrid_CrossAttn_XGBoost__Train2Val_ClinVarHQ,195.3314,11.74,1230776444,3598.25,3643.92,,,,,,,,,,
train2__val_mean_dna_prot_nt_v3_650m_esmc_600m_Hybrid_CrossAttn_XGBoost__Train2Val_UniProt,195.3314,11.65,1230776444,3598.25,3643.92,,,,,,,,,,
train2__val_mean_dna_prot_nt_v3_650m_esmc_600m_Hybrid_CrossAttn_XGBoost__Train2Val_ProteinGym,195.3314,11.51,1230776444,3598.25,3643.92,,,,,,,,,,
train2__val_mean_dna_prot_nt_v3_650m_esmc_600m_Hybrid_Transformer_XGBoost__Train2Val_Test,195.3398,11.57,1231828604,3602.26,3643.92,,,,,,,,,,
train2__val_mean_dna_prot_nt_v3_650m_esmc_600m_Hybrid_Transformer_XGBoost__Train2Val_ClinVarHQ,195.3398,11.73,1231828604,3602.26,3643.92,,,,,,,,,,
train2__val_mean_dna_prot_nt_v3_650m_esmc_600m_Hybrid_Transformer_XGBoost__Train2Val_UniProt,195.3398,11.65,1231828604,3602.26,3643.92,,,,,,,,,,
train2__val_mean_dna_prot_nt_v3_650m_esmc_600m_Hybrid_Transformer_XGBoost__Train2Val_ProteinGym,195.3398,11.51,1231828604,3602.26,3643.92,,,,,,,,,,
train2__val_mean_dna_prot_nt_v3_650m_esmc_600m_Hybrid_Gating_XGBoost__Train2Val_Test,195.3321,11.57,1229002364,3591.48,3643.92,,,,,,,,,,
train2__val_mean_dna_prot_nt_v3_650m_esmc_600m_Hybrid_Gating_XGBoost__Train2Val_ClinVarHQ,195.3321,11.73,1229002364,3591.48,3643.92,,,,,,,,,,
train2__val_mean_dna_prot_nt_v3_650m_esmc_600m_Hybrid_Gating_XGBoost__Train2Val_UniProt,195.3321,11.65,1229002364,3591.48,3643.92,,,,,,,,,,
train2__val_mean_dna_prot_nt_v3_650m_esmc_600m_Hybrid_Gating_XGBoost__Train2Val_ProteinGym,195.3321,11.51,1229002364,3591.48,3643.92,,,,,,,,,,
train2__val_mean_dna_prot_nt_v2_500m_esm1b_650m_PyTorch_Concat__Train2Val_Test,234.4523,10.06,1152316691,2200.95,1961.98,,,,,,,,,,
train2__val_mean_dna_prot_nt_v2_500m_esm1b_650m_PyTorch_Concat__Train2Val_ClinVarHQ,234.4523,10.35,1152316691,2200.95,1961.98,,,,,,,,,,
train2__val_mean_dna_prot_nt_v2_500m_esm1b_650m_PyTorch_Concat__Train2Val_UniProt,234.4523,10.37,1152316691,2200.95,1961.98,,,,,,,,,,
train2__val_mean_dna_prot_nt_v2_500m_esm1b_650m_PyTorch_Concat__Train2Val_ProteinGym,234.4523,10.39,1152316691,2200.95,1961.98,,,,,,,,,,
train2__val_mean_dna_prot_nt_v2_500m_esm1b_650m_PyTorch_CrossAttn__Train2Val_Test,234.4523,10.07,1154417939,2208.97,1961.98,,,,,,,,,,
train2__val_mean_dna_prot_nt_v2_500m_esm1b_650m_PyTorch_CrossAttn__Train2Val_ClinVarHQ,234.4523,10.36,1154417939,2208.97,1961.98,,,,,,,,,,
train2__val_mean_dna_prot_nt_v2_500m_esm1b_650m_PyTorch_CrossAttn__Train2Val_UniProt,234.4523,10.38,1154417939,2208.97,1961.98,,,,,,,,,,
train2__val_mean_dna_prot_nt_v2_500m_esm1b_650m_PyTorch_CrossAttn__Train2Val_ProteinGym,234.4523,10.4,1154417939,2208.97,1961.98,,,,,,,,,,
train2__val_mean_dna_prot_nt_v2_500m_esm1b_650m_PyTorch_Transformer__Train2Val_Test,234.4607,10.08,1155470099,2212.98,1961.98,,,,,,,,,,
train2__val_mean_dna_prot_nt_v2_500m_esm1b_650m_PyTorch_Transformer__Train2Val_ClinVarHQ,234.4607,10.37,1155470099,2212.98,1961.98,,,,,,,,,,
train2__val_mean_dna_prot_nt_v2_500m_esm1b_650m_PyTorch_Transformer__Train2Val_UniProt,234.4607,10.39,1155470099,2212.98,1961.98,,,,,,,,,,
train2__val_mean_dna_prot_nt_v2_500m_esm1b_650m_PyTorch_Transformer__Train2Val_ProteinGym,234.4607,10.41,1155470099,2212.98,1961.98,,,,,,,,,,
train2__val_mean_dna_prot_nt_v2_500m_esm1b_650m_PyTorch_Gating__Train2Val_Test,234.453,10.06,1152643859,2202.2,1961.98,,,,,,,,,,
train2__val_mean_dna_prot_nt_v2_500m_esm1b_650m_PyTorch_Gating__Train2Val_ClinVarHQ,234.453,10.35,1152643859,2202.2,1961.98,,,,,,,,,,
train2__val_mean_dna_prot_nt_v2_500m_esm1b_650m_PyTorch_Gating__Train2Val_UniProt,234.453,10.37,1152643859,2202.2,1961.98,,,,,,,,,,
train2__val_mean_dna_prot_nt_v2_500m_esm1b_650m_PyTorch_Gating__Train2Val_ProteinGym,234.453,10.39,1152643859,2202.2,1961.98,,,,,,,,,,
train2__val_mean_dna_prot_nt_v2_500m_esm1b_650m_Pure_XGBoost_Concat__Train2Val_Test,234.4523,10.06,1152316691,2200.95,1961.98,,,,,,,,,,
train2__val_mean_dna_prot_nt_v2_500m_esm1b_650m_Pure_XGBoost_Concat__Train2Val_ClinVarHQ,234.4523,10.35,1152316691,2200.95,1961.98,,,,,,,,,,
train2__val_mean_dna_prot_nt_v2_500m_esm1b_650m_Pure_XGBoost_Concat__Train2Val_UniProt,234.4523,10.37,1152316691,2200.95,1961.98,,,,,,,,,,
train2__val_mean_dna_prot_nt_v2_500m_esm1b_650m_Pure_XGBoost_Concat__Train2Val_ProteinGym,234.4523,10.39,1152316691,2200.95,1961.98,,,,,,,,,,
train2__val_mean_dna_prot_nt_v2_500m_esm1b_650m_Hybrid_Concat_XGBoost__Train2Val_Test,234.4523,10.05,1152316691,2200.95,1961.98,,,,,,,,,,
train2__val_mean_dna_prot_nt_v2_500m_esm1b_650m_Hybrid_Concat_XGBoost__Train2Val_ClinVarHQ,234.4523,10.35,1152316691,2200.95,1961.98,,,,,,,,,,
train2__val_mean_dna_prot_nt_v2_500m_esm1b_650m_Hybrid_Concat_XGBoost__Train2Val_UniProt,234.4523,10.36,1152316691,2200.95,1961.98,,,,,,,,,,
train2__val_mean_dna_prot_nt_v2_500m_esm1b_650m_Hybrid_Concat_XGBoost__Train2Val_ProteinGym,234.4523,10.38,1152316691,2200.95,1961.98,,,,,,,,,,
train2__val_mean_dna_prot_nt_v2_500m_esm1b_650m_Hybrid_CrossAttn_XGBoost__Train2Val_Test,234.4523,10.05,1154417939,2208.97,1961.98,,,,,,,,,,
train2__val_mean_dna_prot_nt_v2_500m_esm1b_650m_Hybrid_CrossAttn_XGBoost__Train2Val_ClinVarHQ,234.4523,10.34,1154417939,2208.97,1961.98,,,,,,,,,,
train2__val_mean_dna_prot_nt_v2_500m_esm1b_650m_Hybrid_CrossAttn_XGBoost__Train2Val_UniProt,234.4523,10.36,1154417939,2208.97,1961.98,,,,,,,,,,
train2__val_mean_dna_prot_nt_v2_500m_esm1b_650m_Hybrid_CrossAttn_XGBoost__Train2Val_ProteinGym,234.4523,10.38,1154417939,2208.97,1961.98,,,,,,,,,,
train2__val_mean_dna_prot_nt_v2_500m_esm1b_650m_Hybrid_Transformer_XGBoost__Train2Val_Test,234.4607,10.05,1155470099,2212.98,1961.98,,,,,,,,,,
train2__val_mean_dna_prot_nt_v2_500m_esm1b_650m_Hybrid_Transformer_XGBoost__Train2Val_ClinVarHQ,234.4607,10.34,1155470099,2212.98,1961.98,,,,,,,,,,
train2__val_mean_dna_prot_nt_v2_500m_esm1b_650m_Hybrid_Transformer_XGBoost__Train2Val_UniProt,234.4607,10.36,1155470099,2212.98,1961.98,,,,,,,,,,
train2__val_mean_dna_prot_nt_v2_500m_esm1b_650m_Hybrid_Transformer_XGBoost__Train2Val_ProteinGym,234.4607,10.38,1155470099,2212.98,1961.98,,,,,,,,,,
train2__val_mean_dna_prot_nt_v2_500m_esm1b_650m_Hybrid_Gating_XGBoost__Train2Val_Test,234.453,10.05,1152643859,2202.2,1961.98,,,,,,,,,,
train2__val_mean_dna_prot_nt_v2_500m_esm1b_650m_Hybrid_Gating_XGBoost__Train2Val_ClinVarHQ,234.453,10.34,1152643859,2202.2,1961.98,,,,,,,,,,
train2__val_mean_dna_prot_nt_v2_500m_esm1b_650m_Hybrid_Gating_XGBoost__Train2Val_UniProt,234.453,10.36,1152643859,2202.2,1961.98,,,,,,,,,,
train2__val_mean_dna_prot_nt_v2_500m_esm1b_650m_Hybrid_Gating_XGBoost__Train2Val_ProteinGym,234.453,10.38,1152643859,2202.2,1961.98,,,,,,,,,,
train2__val_mean_dna_prot_nt_v2_500m_esm2_650m_PyTorch_Concat__Train2Val_Test,234.4513,10.73,1151000851,2198.44,1686.1,,,,,,,,,,
train2__val_mean_dna_prot_nt_v2_500m_esm2_650m_PyTorch_Concat__Train2Val_ClinVarHQ,234.4513,10.86,1151000851,2198.44,1686.1,,,,,,,,,,
train2__val_mean_dna_prot_nt_v2_500m_esm2_650m_PyTorch_Concat__Train2Val_UniProt,234.4513,10.87,1151000851,2198.44,1686.1,,,,,,,,,,
train2__val_mean_dna_prot_nt_v2_500m_esm2_650m_PyTorch_Concat__Train2Val_ProteinGym,234.4513,10.87,1151000851,2198.44,1686.1,,,,,,,,,,
train2__val_mean_dna_prot_nt_v2_500m_esm2_650m_PyTorch_CrossAttn__Train2Val_Test,234.4513,10.74,1153102099,2206.46,1686.1,,,,,,,,,,
train2__val_mean_dna_prot_nt_v2_500m_esm2_650m_PyTorch_CrossAttn__Train2Val_ClinVarHQ,234.4513,10.87,1153102099,2206.46,1686.1,,,,,,,,,,
train2__val_mean_dna_prot_nt_v2_500m_esm2_650m_PyTorch_CrossAttn__Train2Val_UniProt,234.4513,10.88,1153102099,2206.46,1686.1,,,,,,,,,,
train2__val_mean_dna_prot_nt_v2_500m_esm2_650m_PyTorch_CrossAttn__Train2Val_ProteinGym,234.4513,10.88,1153102099,2206.46,1686.1,,,,,,,,,,
train2__val_mean_dna_prot_nt_v2_500m_esm2_650m_PyTorch_Transformer__Train2Val_Test,234.4597,10.75,1154154259,2210.47,1686.1,,,,,,,,,,
train2__val_mean_dna_prot_nt_v2_500m_esm2_650m_PyTorch_Transformer__Train2Val_ClinVarHQ,234.4597,10.88,1154154259,2210.47,1686.1,,,,,,,,,,
train2__val_mean_dna_prot_nt_v2_500m_esm2_650m_PyTorch_Transformer__Train2Val_UniProt,234.4597,10.89,1154154259,2210.47,1686.1,,,,,,,,,,
train2__val_mean_dna_prot_nt_v2_500m_esm2_650m_PyTorch_Transformer__Train2Val_ProteinGym,234.4597,10.89,1154154259,2210.47,1686.1,,,,,,,,,,
train2__val_mean_dna_prot_nt_v2_500m_esm2_650m_PyTorch_Gating__Train2Val_Test,234.452,10.73,1151328019,2199.69,1686.1,,,,,,,,,,
train2__val_mean_dna_prot_nt_v2_500m_esm2_650m_PyTorch_Gating__Train2Val_ClinVarHQ,234.452,10.86,1151328019,2199.69,1686.1,,,,,,,,,,
train2__val_mean_dna_prot_nt_v2_500m_esm2_650m_PyTorch_Gating__Train2Val_UniProt,234.452,10.87,1151328019,2199.69,1686.1,,,,,,,,,,
train2__val_mean_dna_prot_nt_v2_500m_esm2_650m_PyTorch_Gating__Train2Val_ProteinGym,234.452,10.87,1151328019,2199.69,1686.1,,,,,,,,,,
train2__val_mean_dna_prot_nt_v2_500m_esm2_650m_Pure_XGBoost_Concat__Train2Val_Test,234.4513,10.73,1151000851,2198.44,1686.1,,,,,,,,,,
train2__val_mean_dna_prot_nt_v2_500m_esm2_650m_Pure_XGBoost_Concat__Train2Val_ClinVarHQ,234.4513,10.86,1151000851,2198.44,1686.1,,,,,,,,,,
train2__val_mean_dna_prot_nt_v2_500m_esm2_650m_Pure_XGBoost_Concat__Train2Val_UniProt,234.4513,10.87,1151000851,2198.44,1686.1,,,,,,,,,,
train2__val_mean_dna_prot_nt_v2_500m_esm2_650m_Pure_XGBoost_Concat__Train2Val_ProteinGym,234.4513,10.87,1151000851,2198.44,1686.1,,,,,,,,,,
train2__val_mean_dna_prot_nt_v2_500m_esm2_650m_Hybrid_Concat_XGBoost__Train2Val_Test,234.4513,10.72,1151000851,2198.44,1686.1,,,,,,,,,,
train2__val_mean_dna_prot_nt_v2_500m_esm2_650m_Hybrid_Concat_XGBoost__Train2Val_ClinVarHQ,234.4513,10.86,1151000851,2198.44,1686.1,,,,,,,,,,
train2__val_mean_dna_prot_nt_v2_500m_esm2_650m_Hybrid_Concat_XGBoost__Train2Val_UniProt,234.4513,10.86,1151000851,2198.44,1686.1,,,,,,,,,,
train2__val_mean_dna_prot_nt_v2_500m_esm2_650m_Hybrid_Concat_XGBoost__Train2Val_ProteinGym,234.4513,10.86,1151000851,2198.44,1686.1,,,,,,,,,,
train2__val_mean_dna_prot_nt_v2_500m_esm2_650m_Hybrid_CrossAttn_XGBoost__Train2Val_Test,234.4513,10.72,1153102099,2206.46,1686.1,,,,,,,,,,
train2__val_mean_dna_prot_nt_v2_500m_esm2_650m_Hybrid_CrossAttn_XGBoost__Train2Val_ClinVarHQ,234.4513,10.85,1153102099,2206.46,1686.1,,,,,,,,,,
train2__val_mean_dna_prot_nt_v2_500m_esm2_650m_Hybrid_CrossAttn_XGBoost__Train2Val_UniProt,234.4513,10.86,1153102099,2206.46,1686.1,,,,,,,,,,
train2__val_mean_dna_prot_nt_v2_500m_esm2_650m_Hybrid_CrossAttn_XGBoost__Train2Val_ProteinGym,234.4513,10.86,1153102099,2206.46,1686.1,,,,,,,,,,
train2__val_mean_dna_prot_nt_v2_500m_esm2_650m_Hybrid_Transformer_XGBoost__Train2Val_Test,234.4597,10.72,1154154259,2210.47,1686.1,,,,,,,,,,
train2__val_mean_dna_prot_nt_v2_500m_esm2_650m_Hybrid_Transformer_XGBoost__Train2Val_ClinVarHQ,234.4597,10.85,1154154259,2210.47,1686.1,,,,,,,,,,
train2__val_mean_dna_prot_nt_v2_500m_esm2_650m_Hybrid_Transformer_XGBoost__Train2Val_UniProt,234.4597,10.86,1154154259,2210.47,1686.1,,,,,,,,,,
train2__val_mean_dna_prot_nt_v2_500m_esm2_650m_Hybrid_Transformer_XGBoost__Train2Val_ProteinGym,234.4597,10.86,1154154259,2210.47,1686.1,,,,,,,,,,
train2__val_mean_dna_prot_nt_v2_500m_esm2_650m_Hybrid_Gating_XGBoost__Train2Val_Test,234.452,10.72,1151328019,2199.69,1686.1,,,,,,,,,,
train2__val_mean_dna_prot_nt_v2_500m_esm2_650m_Hybrid_Gating_XGBoost__Train2Val_ClinVarHQ,234.452,10.85,1151328019,2199.69,1686.1,,,,,,,,,,
train2__val_mean_dna_prot_nt_v2_500m_esm2_650m_Hybrid_Gating_XGBoost__Train2Val_UniProt,234.452,10.86,1151328019,2199.69,1686.1,,,,,,,,,,
train2__val_mean_dna_prot_nt_v2_500m_esm2_650m_Hybrid_Gating_XGBoost__Train2Val_ProteinGym,234.452,10.86,1151328019,2199.69,1686.1,,,,,,,,,,
train2__val_mean_dna_prot_nt_v2_500m_esmc_600m_PyTorch_Concat__Train2Val_Test,218.7703,9.26,1074929053,2053.22,1469.0,,,,,,,,,,
train2__val_mean_dna_prot_nt_v2_500m_esmc_600m_PyTorch_Concat__Train2Val_ClinVarHQ,218.7703,9.47,1074929053,2053.22,1469.0,,,,,,,,,,
train2__val_mean_dna_prot_nt_v2_500m_esmc_600m_PyTorch_Concat__Train2Val_UniProt,218.7703,9.41,1074929053,2053.22,1469.0,,,,,,,,,,
train2__val_mean_dna_prot_nt_v2_500m_esmc_600m_PyTorch_Concat__Train2Val_ProteinGym,218.7703,9.42,1074929053,2053.22,1469.0,,,,,,,,,,
train2__val_mean_dna_prot_nt_v2_500m_esmc_600m_PyTorch_CrossAttn__Train2Val_Test,218.7703,9.27,1077030301,2061.24,1469.0,,,,,,,,,,
train2__val_mean_dna_prot_nt_v2_500m_esmc_600m_PyTorch_CrossAttn__Train2Val_ClinVarHQ,218.7703,9.48,1077030301,2061.24,1469.0,,,,,,,,,,
train2__val_mean_dna_prot_nt_v2_500m_esmc_600m_PyTorch_CrossAttn__Train2Val_UniProt,218.7703,9.42,1077030301,2061.24,1469.0,,,,,,,,,,
train2__val_mean_dna_prot_nt_v2_500m_esmc_600m_PyTorch_CrossAttn__Train2Val_ProteinGym,218.7703,9.43,1077030301,2061.24,1469.0,,,,,,,,,,
train2__val_mean_dna_prot_nt_v2_500m_esmc_600m_PyTorch_Transformer__Train2Val_Test,218.7787,9.28,1078082461,2065.25,1469.0,,,,,,,,,,
train2__val_mean_dna_prot_nt_v2_500m_esmc_600m_PyTorch_Transformer__Train2Val_ClinVarHQ,218.7787,9.49,1078082461,2065.25,1469.0,,,,,,,,,,
train2__val_mean_dna_prot_nt_v2_500m_esmc_600m_PyTorch_Transformer__Train2Val_UniProt,218.7787,9.43,1078082461,2065.25,1469.0,,,,,,,,,,
train2__val_mean_dna_prot_nt_v2_500m_esmc_600m_PyTorch_Transformer__Train2Val_ProteinGym,218.7787,9.44,1078082461,2065.25,1469.0,,,,,,,,,,
train2__val_mean_dna_prot_nt_v2_500m_esmc_600m_PyTorch_Gating__Train2Val_Test,218.771,9.26,1075256221,2054.47,1469.0,,,,,,,,,,
train2__val_mean_dna_prot_nt_v2_500m_esmc_600m_PyTorch_Gating__Train2Val_ClinVarHQ,218.771,9.47,1075256221,2054.47,1469.0,,,,,,,,,,
train2__val_mean_dna_prot_nt_v2_500m_esmc_600m_PyTorch_Gating__Train2Val_UniProt,218.771,9.41,1075256221,2054.47,1469.0,,,,,,,,,,
train2__val_mean_dna_prot_nt_v2_500m_esmc_600m_PyTorch_Gating__Train2Val_ProteinGym,218.771,9.42,1075256221,2054.47,1469.0,,,,,,,,,,
train2__val_mean_dna_prot_nt_v2_500m_esmc_600m_Pure_XGBoost_Concat__Train2Val_Test,218.7703,9.26,1074929053,2053.22,1469.0,,,,,,,,,,
train2__val_mean_dna_prot_nt_v2_500m_esmc_600m_Pure_XGBoost_Concat__Train2Val_ClinVarHQ,218.7703,9.47,1074929053,2053.22,1469.0,,,,,,,,,,
train2__val_mean_dna_prot_nt_v2_500m_esmc_600m_Pure_XGBoost_Concat__Train2Val_UniProt,218.7703,9.41,1074929053,2053.22,1469.0,,,,,,,,,,
train2__val_mean_dna_prot_nt_v2_500m_esmc_600m_Pure_XGBoost_Concat__Train2Val_ProteinGym,218.7703,9.42,1074929053,2053.22,1469.0,,,,,,,,,,
train2__val_mean_dna_prot_nt_v2_500m_esmc_600m_Hybrid_Concat_XGBoost__Train2Val_Test,218.7703,9.25,1074929053,2053.22,1469.0,,,,,,,,,,
train2__val_mean_dna_prot_nt_v2_500m_esmc_600m_Hybrid_Concat_XGBoost__Train2Val_ClinVarHQ,218.7703,9.46,1074929053,2053.22,1469.0,,,,,,,,,,
train2__val_mean_dna_prot_nt_v2_500m_esmc_600m_Hybrid_Concat_XGBoost__Train2Val_UniProt,218.7703,9.4,1074929053,2053.22,1469.0,,,,,,,,,,
train2__val_mean_dna_prot_nt_v2_500m_esmc_600m_Hybrid_Concat_XGBoost__Train2Val_ProteinGym,218.7703,9.41,1074929053,2053.22,1469.0,,,,,,,,,,
train2__val_mean_dna_prot_nt_v2_500m_esmc_600m_Hybrid_CrossAttn_XGBoost__Train2Val_Test,218.7703,9.25,1077030301,2061.24,1469.0,,,,,,,,,,
train2__val_mean_dna_prot_nt_v2_500m_esmc_600m_Hybrid_CrossAttn_XGBoost__Train2Val_ClinVarHQ,218.7703,9.47,1077030301,2061.24,1469.0,,,,,,,,,,
train2__val_mean_dna_prot_nt_v2_500m_esmc_600m_Hybrid_CrossAttn_XGBoost__Train2Val_UniProt,218.7703,9.4,1077030301,2061.24,1469.0,,,,,,,,,,
train2__val_mean_dna_prot_nt_v2_500m_esmc_600m_Hybrid_CrossAttn_XGBoost__Train2Val_ProteinGym,218.7703,9.41,1077030301,2061.24,1469.0,,,,,,,,,,
train2__val_mean_dna_prot_nt_v2_500m_esmc_600m_Hybrid_Transformer_XGBoost__Train2Val_Test,218.7787,9.25,1078082461,2065.25,1469.0,,,,,,,,,,
train2__val_mean_dna_prot_nt_v2_500m_esmc_600m_Hybrid_Transformer_XGBoost__Train2Val_ClinVarHQ,218.7787,9.47,1078082461,2065.25,1469.0,,,,,,,,,,
train2__val_mean_dna_prot_nt_v2_500m_esmc_600m_Hybrid_Transformer_XGBoost__Train2Val_UniProt,218.7787,9.4,1078082461,2065.25,1469.0,,,,,,,,,,
train2__val_mean_dna_prot_nt_v2_500m_esmc_600m_Hybrid_Transformer_XGBoost__Train2Val_ProteinGym,218.7787,9.41,1078082461,2065.25,1469.0,,,,,,,,,,
train2__val_mean_dna_prot_nt_v2_500m_esmc_600m_Hybrid_Gating_XGBoost__Train2Val_Test,218.771,9.25,1075256221,2054.47,1469.0,,,,,,,,,,
train2__val_mean_dna_prot_nt_v2_500m_esmc_600m_Hybrid_Gating_XGBoost__Train2Val_ClinVarHQ,218.771,9.47,1075256221,2054.47,1469.0,,,,,,,,,,
train2__val_mean_dna_prot_nt_v2_500m_esmc_600m_Hybrid_Gating_XGBoost__Train2Val_UniProt,218.771,9.4,1075256221,2054.47,1469.0,,,,,,,,,,
train2__val_mean_dna_prot_nt_v2_500m_esmc_600m_Hybrid_Gating_XGBoost__Train2Val_ProteinGym,218.771,9.41,1075256221,2054.47,1469.0,,,,,,,,,,
train2__val_mean_dna_nt_v1_500m_None_PyTorch_Concat__Train2Val_Test,97.7194,3.86,486588011,929.79,1656.34,,,,,,,,,,
train2__val_mean_dna_nt_v1_500m_None_PyTorch_Concat__Train2Val_ClinVarHQ,97.7194,4.22,486588011,929.79,1656.34,,,,,,,,,,
train2__val_mean_dna_nt_v1_500m_None_PyTorch_Concat__Train2Val_UniProt,97.7194,4.19,486588011,929.79,1656.34,,,,,,,,,,
train2__val_mean_dna_nt_v1_500m_None_PyTorch_Concat__Train2Val_ProteinGym,97.7194,4.2,486588011,929.79,1656.34,,,,,,,,,,
train2__val_mean_dna_nt_v1_500m_None_Pure_XGBoost_Concat__Train2Val_Test,97.7194,3.86,486588011,929.79,1656.34,,,,,,,,,,
train2__val_mean_dna_nt_v1_500m_None_Pure_XGBoost_Concat__Train2Val_ClinVarHQ,97.7194,4.22,486588011,929.79,1656.34,,,,,,,,,,
train2__val_mean_dna_nt_v1_500m_None_Pure_XGBoost_Concat__Train2Val_UniProt,97.7194,4.19,486588011,929.79,1656.34,,,,,,,,,,
train2__val_mean_dna_nt_v1_500m_None_Pure_XGBoost_Concat__Train2Val_ProteinGym,97.7194,4.21,486588011,929.79,1656.34,,,,,,,,,,
train2__val_mean_dna_nt_v1_500m_None_Hybrid_Concat_XGBoost__Train2Val_Test,97.7194,3.86,486588011,929.79,1656.34,,,,,,,,,,
train2__val_mean_dna_nt_v1_500m_None_Hybrid_Concat_XGBoost__Train2Val_ClinVarHQ,97.7194,4.22,486588011,929.79,1656.34,,,,,,,,,,
train2__val_mean_dna_nt_v1_500m_None_Hybrid_Concat_XGBoost__Train2Val_UniProt,97.7194,4.19,486588011,929.79,1656.34,,,,,,,,,,
train2__val_mean_dna_nt_v1_500m_None_Hybrid_Concat_XGBoost__Train2Val_ProteinGym,97.7194,4.2,486588011,929.79,1656.34,,,,,,,,,,
train2__val_mean_prot_None_esm1b_650m_PyTorch_Concat__Train2Val_Test,134.0749,5.48,653247799,1247.67,1961.98,,,,,,,,,,
train2__val_mean_prot_None_esm1b_650m_PyTorch_Concat__Train2Val_ClinVarHQ,134.0749,5.63,653247799,1247.67,1961.98,,,,,,,,,,
train2__val_mean_prot_None_esm1b_650m_PyTorch_Concat__Train2Val_UniProt,134.0749,5.65,653247799,1247.67,1961.98,,,,,,,,,,
train2__val_mean_prot_None_esm1b_650m_PyTorch_Concat__Train2Val_ProteinGym,134.0749,5.67,653247799,1247.67,1961.98,,,,,,,,,,
train2__val_mean_prot_None_esm1b_650m_Pure_XGBoost_Concat__Train2Val_Test,134.0749,5.48,653247799,1247.67,1961.98,,,,,,,,,,
train2__val_mean_prot_None_esm1b_650m_Pure_XGBoost_Concat__Train2Val_ClinVarHQ,134.0749,5.64,653247799,1247.67,1961.98,,,,,,,,,,
train2__val_mean_prot_None_esm1b_650m_Pure_XGBoost_Concat__Train2Val_UniProt,134.0749,5.66,653247799,1247.67,1961.98,,,,,,,,,,
train2__val_mean_prot_None_esm1b_650m_Pure_XGBoost_Concat__Train2Val_ProteinGym,134.0749,5.68,653247799,1247.67,1961.98,,,,,,,,,,
train2__val_mean_prot_None_esm1b_650m_Hybrid_Concat_XGBoost__Train2Val_Test,134.0749,5.48,653247799,1247.67,1961.98,,,,,,,,,,
train2__val_mean_prot_None_esm1b_650m_Hybrid_Concat_XGBoost__Train2Val_ClinVarHQ,134.0749,5.63,653247799,1247.67,1961.98,,,,,,,,,,
train2__val_mean_prot_None_esm1b_650m_Hybrid_Concat_XGBoost__Train2Val_UniProt,134.0749,5.65,653247799,1247.67,1961.98,,,,,,,,,,
train2__val_mean_prot_None_esm1b_650m_Hybrid_Concat_XGBoost__Train2Val_ProteinGym,134.0749,5.67,653247799,1247.67,1961.98,,,,,,,,,,
train2__val_mean_dna_geom_prot_nt_v1_500m_esm1b_650m_PyTorch_Concat__Train2Val_Test,231.7943,9.35,1139852193,2177.52,1961.98,,,,,,,,,,
train2__val_mean_dna_geom_prot_nt_v1_500m_esm1b_650m_PyTorch_Concat__Train2Val_ClinVarHQ,231.7943,9.86,1139852193,2177.52,1961.98,,,,,,,,,,
train2__val_mean_dna_geom_prot_nt_v1_500m_esm1b_650m_PyTorch_Concat__Train2Val_UniProt,231.7943,9.85,1139852193,2177.52,1961.98,,,,,,,,,,
train2__val_mean_dna_geom_prot_nt_v1_500m_esm1b_650m_PyTorch_Concat__Train2Val_ProteinGym,231.7943,9.88,1139852193,2177.52,1961.98,,,,,,,,,,
train2__val_mean_dna_geom_prot_nt_v1_500m_esm1b_650m_PyTorch_CrossAttn__Train2Val_Test,231.7943,9.36,1141953441,2185.54,1961.98,,,,,,,,,,
train2__val_mean_dna_geom_prot_nt_v1_500m_esm1b_650m_PyTorch_CrossAttn__Train2Val_ClinVarHQ,231.7943,9.87,1141953441,2185.54,1961.98,,,,,,,,,,
train2__val_mean_dna_geom_prot_nt_v1_500m_esm1b_650m_PyTorch_CrossAttn__Train2Val_UniProt,231.7943,9.86,1141953441,2185.54,1961.98,,,,,,,,,,
train2__val_mean_dna_geom_prot_nt_v1_500m_esm1b_650m_PyTorch_CrossAttn__Train2Val_ProteinGym,231.7943,9.89,1141953441,2185.54,1961.98,,,,,,,,,,
train2__val_mean_dna_geom_prot_nt_v1_500m_esm1b_650m_PyTorch_Transformer__Train2Val_Test,231.8027,9.37,1143005601,2189.55,1961.98,,,,,,,,,,
train2__val_mean_dna_geom_prot_nt_v1_500m_esm1b_650m_PyTorch_Transformer__Train2Val_ClinVarHQ,231.8027,9.88,1143005601,2189.55,1961.98,,,,,,,,,,
train2__val_mean_dna_geom_prot_nt_v1_500m_esm1b_650m_PyTorch_Transformer__Train2Val_UniProt,231.8027,9.87,1143005601,2189.55,1961.98,,,,,,,,,,
train2__val_mean_dna_geom_prot_nt_v1_500m_esm1b_650m_PyTorch_Transformer__Train2Val_ProteinGym,231.8027,9.9,1143005601,2189.55,1961.98,,,,,,,,,,
train2__val_mean_dna_geom_prot_nt_v1_500m_esm1b_650m_PyTorch_Gating__Train2Val_Test,231.7949,9.35,1140179361,2178.77,1961.98,,,,,,,,,,
train2__val_mean_dna_geom_prot_nt_v1_500m_esm1b_650m_PyTorch_Gating__Train2Val_ClinVarHQ,231.7949,9.86,1140179361,2178.77,1961.98,,,,,,,,,,
train2__val_mean_dna_geom_prot_nt_v1_500m_esm1b_650m_PyTorch_Gating__Train2Val_UniProt,231.7949,9.85,1140179361,2178.77,1961.98,,,,,,,,,,
train2__val_mean_dna_geom_prot_nt_v1_500m_esm1b_650m_PyTorch_Gating__Train2Val_ProteinGym,231.7949,9.88,1140179361,2178.77,1961.98,,,,,,,,,,
train2__val_mean_dna_geom_prot_nt_v1_500m_esm1b_650m_Pure_XGBoost_Concat__Train2Val_Test,231.7943,9.35,1139852193,2177.52,1961.98,,,,,,,,,,
train2__val_mean_dna_geom_prot_nt_v1_500m_esm1b_650m_Pure_XGBoost_Concat__Train2Val_ClinVarHQ,231.7943,9.86,1139852193,2177.52,1961.98,,,,,,,,,,
train2__val_mean_dna_geom_prot_nt_v1_500m_esm1b_650m_Pure_XGBoost_Concat__Train2Val_UniProt,231.7943,9.85,1139852193,2177.52,1961.98,,,,,,,,,,
train2__val_mean_dna_geom_prot_nt_v1_500m_esm1b_650m_Pure_XGBoost_Concat__Train2Val_ProteinGym,231.7943,9.88,1139852193,2177.52,1961.98,,,,,,,,,,
train2__val_mean_dna_geom_prot_nt_v1_500m_esm1b_650m_Hybrid_Concat_XGBoost__Train2Val_Test,231.7943,9.34,1139852193,2177.52,1961.98,,,,,,,,,,
train2__val_mean_dna_geom_prot_nt_v1_500m_esm1b_650m_Hybrid_Concat_XGBoost__Train2Val_ClinVarHQ,231.7943,9.85,1139852193,2177.52,1961.98,,,,,,,,,,
train2__val_mean_dna_geom_prot_nt_v1_500m_esm1b_650m_Hybrid_Concat_XGBoost__Train2Val_UniProt,231.7943,9.84,1139852193,2177.52,1961.98,,,,,,,,,,
train2__val_mean_dna_geom_prot_nt_v1_500m_esm1b_650m_Hybrid_Concat_XGBoost__Train2Val_ProteinGym,231.7943,9.87,1139852193,2177.52,1961.98,,,,,,,,,,
train2__val_mean_dna_geom_prot_nt_v1_500m_esm1b_650m_Hybrid_CrossAttn_XGBoost__Train2Val_Test,231.7943,9.34,1141953441,2185.54,1961.98,,,,,,,,,,
train2__val_mean_dna_geom_prot_nt_v1_500m_esm1b_650m_Hybrid_CrossAttn_XGBoost__Train2Val_ClinVarHQ,231.7943,9.85,1141953441,2185.54,1961.98,,,,,,,,,,
train2__val_mean_dna_geom_prot_nt_v1_500m_esm1b_650m_Hybrid_CrossAttn_XGBoost__Train2Val_UniProt,231.7943,9.84,1141953441,2185.54,1961.98,,,,,,,,,,
train2__val_mean_dna_geom_prot_nt_v1_500m_esm1b_650m_Hybrid_CrossAttn_XGBoost__Train2Val_ProteinGym,231.7943,9.87,1141953441,2185.54,1961.98,,,,,,,,,,
train2__val_mean_dna_geom_prot_nt_v1_500m_esm1b_650m_Hybrid_Transformer_XGBoost__Train2Val_Test,231.8027,9.34,1143005601,2189.55,1961.98,,,,,,,,,,
train2__val_mean_dna_geom_prot_nt_v1_500m_esm1b_650m_Hybrid_Transformer_XGBoost__Train2Val_ClinVarHQ,231.8027,9.85,1143005601,2189.55,1961.98,,,,,,,,,,
train2__val_mean_dna_geom_prot_nt_v1_500m_esm1b_650m_Hybrid_Transformer_XGBoost__Train2Val_UniProt,231.8027,9.84,1143005601,2189.55,1961.98,,,,,,,,,,
train2__val_mean_dna_geom_prot_nt_v1_500m_esm1b_650m_Hybrid_Transformer_XGBoost__Train2Val_ProteinGym,231.8027,9.87,1143005601,2189.55,1961.98,,,,,,,,,,
train2__val_mean_dna_geom_prot_nt_v1_500m_esm1b_650m_Hybrid_Gating_XGBoost__Train2Val_Test,231.7949,9.34,1140179361,2178.77,1961.98,,,,,,,,,,
train2__val_mean_dna_geom_prot_nt_v1_500m_esm1b_650m_Hybrid_Gating_XGBoost__Train2Val_ClinVarHQ,231.7949,9.85,1140179361,2178.77,1961.98,,,,,,,,,,
train2__val_mean_dna_geom_prot_nt_v1_500m_esm1b_650m_Hybrid_Gating_XGBoost__Train2Val_UniProt,231.7949,9.84,1140179361,2178.77,1961.98,,,,,,,,,,
train2__val_mean_dna_geom_prot_nt_v1_500m_esm1b_650m_Hybrid_Gating_XGBoost__Train2Val_ProteinGym,231.7949,9.87,1140179361,2178.77,1961.98,,,,,,,,,,
train2__val_mean_bio_dna_prot_nt_v1_500m_esm1b_650m_PyTorch_Concat__Train2Val_Test,231.7943,9.35,1139852577,2177.52,1961.98,,,,,,,,,,
train2__val_mean_bio_dna_prot_nt_v1_500m_esm1b_650m_PyTorch_Concat__Train2Val_ClinVarHQ,231.7943,9.86,1139852577,2177.52,1961.98,,,,,,,,,,
train2__val_mean_bio_dna_prot_nt_v1_500m_esm1b_650m_PyTorch_Concat__Train2Val_UniProt,231.7943,9.85,1139852577,2177.52,1961.98,,,,,,,,,,
train2__val_mean_bio_dna_prot_nt_v1_500m_esm1b_650m_PyTorch_Concat__Train2Val_ProteinGym,231.7943,9.88,1139852577,2177.52,1961.98,,,,,,,,,,
train2__val_mean_bio_dna_prot_nt_v1_500m_esm1b_650m_PyTorch_CrossAttn__Train2Val_Test,231.7943,9.36,1141953825,2185.54,1961.98,,,,,,,,,,
train2__val_mean_bio_dna_prot_nt_v1_500m_esm1b_650m_PyTorch_CrossAttn__Train2Val_ClinVarHQ,231.7943,9.87,1141953825,2185.54,1961.98,,,,,,,,,,
train2__val_mean_bio_dna_prot_nt_v1_500m_esm1b_650m_PyTorch_CrossAttn__Train2Val_UniProt,231.7943,9.86,1141953825,2185.54,1961.98,,,,,,,,,,
train2__val_mean_bio_dna_prot_nt_v1_500m_esm1b_650m_PyTorch_CrossAttn__Train2Val_ProteinGym,231.7943,9.89,1141953825,2185.54,1961.98,,,,,,,,,,
train2__val_mean_bio_dna_prot_nt_v1_500m_esm1b_650m_PyTorch_Transformer__Train2Val_Test,231.8027,9.37,1143005985,2189.55,1961.98,,,,,,,,,,
train2__val_mean_bio_dna_prot_nt_v1_500m_esm1b_650m_PyTorch_Transformer__Train2Val_ClinVarHQ,231.8027,9.88,1143005985,2189.55,1961.98,,,,,,,,,,
train2__val_mean_bio_dna_prot_nt_v1_500m_esm1b_650m_PyTorch_Transformer__Train2Val_UniProt,231.8027,9.87,1143005985,2189.55,1961.98,,,,,,,,,,
train2__val_mean_bio_dna_prot_nt_v1_500m_esm1b_650m_PyTorch_Transformer__Train2Val_ProteinGym,231.8027,9.9,1143005985,2189.55,1961.98,,,,,,,,,,
train2__val_mean_bio_dna_prot_nt_v1_500m_esm1b_650m_PyTorch_Gating__Train2Val_Test,231.7949,9.35,1140179745,2178.77,1961.98,,,,,,,,,,
train2__val_mean_bio_dna_prot_nt_v1_500m_esm1b_650m_PyTorch_Gating__Train2Val_ClinVarHQ,231.7949,9.86,1140179745,2178.77,1961.98,,,,,,,,,,
train2__val_mean_bio_dna_prot_nt_v1_500m_esm1b_650m_PyTorch_Gating__Train2Val_UniProt,231.7949,9.85,1140179745,2178.77,1961.98,,,,,,,,,,
train2__val_mean_bio_dna_prot_nt_v1_500m_esm1b_650m_PyTorch_Gating__Train2Val_ProteinGym,231.7949,9.88,1140179745,2178.77,1961.98,,,,,,,,,,
train2__val_mean_bio_dna_prot_nt_v1_500m_esm1b_650m_Pure_XGBoost_Concat__Train2Val_Test,231.7943,9.35,1139852577,2177.52,1961.98,,,,,,,,,,
train2__val_mean_bio_dna_prot_nt_v1_500m_esm1b_650m_Pure_XGBoost_Concat__Train2Val_ClinVarHQ,231.7943,9.86,1139852577,2177.52,1961.98,,,,,,,,,,
train2__val_mean_bio_dna_prot_nt_v1_500m_esm1b_650m_Pure_XGBoost_Concat__Train2Val_UniProt,231.7943,9.85,1139852577,2177.52,1961.98,,,,,,,,,,
train2__val_mean_bio_dna_prot_nt_v1_500m_esm1b_650m_Pure_XGBoost_Concat__Train2Val_ProteinGym,231.7943,9.88,1139852577,2177.52,1961.98,,,,,,,,,,
train2__val_mean_bio_dna_prot_nt_v1_500m_esm1b_650m_Hybrid_Concat_XGBoost__Train2Val_Test,231.7943,9.34,1139852577,2177.52,1961.98,,,,,,,,,,
train2__val_mean_bio_dna_prot_nt_v1_500m_esm1b_650m_Hybrid_Concat_XGBoost__Train2Val_ClinVarHQ,231.7943,9.85,1139852577,2177.52,1961.98,,,,,,,,,,
train2__val_mean_bio_dna_prot_nt_v1_500m_esm1b_650m_Hybrid_Concat_XGBoost__Train2Val_UniProt,231.7943,9.84,1139852577,2177.52,1961.98,,,,,,,,,,
train2__val_mean_bio_dna_prot_nt_v1_500m_esm1b_650m_Hybrid_Concat_XGBoost__Train2Val_ProteinGym,231.7943,9.87,1139852577,2177.52,1961.98,,,,,,,,,,
train2__val_mean_bio_dna_prot_nt_v1_500m_esm1b_650m_Hybrid_CrossAttn_XGBoost__Train2Val_Test,231.7943,9.34,1141953825,2185.54,1961.98,,,,,,,,,,
train2__val_mean_bio_dna_prot_nt_v1_500m_esm1b_650m_Hybrid_CrossAttn_XGBoost__Train2Val_ClinVarHQ,231.7943,9.85,1141953825,2185.54,1961.98,,,,,,,,,,
train2__val_mean_bio_dna_prot_nt_v1_500m_esm1b_650m_Hybrid_CrossAttn_XGBoost__Train2Val_UniProt,231.7943,9.84,1141953825,2185.54,1961.98,,,,,,,,,,
train2__val_mean_bio_dna_prot_nt_v1_500m_esm1b_650m_Hybrid_CrossAttn_XGBoost__Train2Val_ProteinGym,231.7943,9.87,1141953825,2185.54,1961.98,,,,,,,,,,
train2__val_mean_bio_dna_prot_nt_v1_500m_esm1b_650m_Hybrid_Transformer_XGBoost__Train2Val_Test,231.8027,9.34,1143005985,2189.55,1961.98,,,,,,,,,,
train2__val_mean_bio_dna_prot_nt_v1_500m_esm1b_650m_Hybrid_Transformer_XGBoost__Train2Val_ClinVarHQ,231.8027,9.85,1143005985,2189.55,1961.98,,,,,,,,,,
train2__val_mean_bio_dna_prot_nt_v1_500m_esm1b_650m_Hybrid_Transformer_XGBoost__Train2Val_UniProt,231.8027,9.84,1143005985,2189.55,1961.98,,,,,,,,,,
train2__val_mean_bio_dna_prot_nt_v1_500m_esm1b_650m_Hybrid_Transformer_XGBoost__Train2Val_ProteinGym,231.8027,9.87,1143005985,2189.55,1961.98,,,,,,,,,,
train2__val_mean_bio_dna_prot_nt_v1_500m_esm1b_650m_Hybrid_Gating_XGBoost__Train2Val_Test,231.7949,9.34,1140179745,2178.77,1961.98,,,,,,,,,,
train2__val_mean_bio_dna_prot_nt_v1_500m_esm1b_650m_Hybrid_Gating_XGBoost__Train2Val_ClinVarHQ,231.7949,9.85,1140179745,2178.77,1961.98,,,,,,,,,,
train2__val_mean_bio_dna_prot_nt_v1_500m_esm1b_650m_Hybrid_Gating_XGBoost__Train2Val_UniProt,231.7949,9.84,1140179745,2178.77,1961.98,,,,,,,,,,
train2__val_mean_bio_dna_prot_nt_v1_500m_esm1b_650m_Hybrid_Gating_XGBoost__Train2Val_ProteinGym,231.7949,9.87,1140179745,2178.77,1961.98,,,,,,,,,,
train2__val_mean_bio_dna_geom_prot_nt_v1_500m_esm1b_650m_PyTorch_Concat__Train2Val_Test,231.7943,9.35,1139853601,2177.53,1961.98,,,,,,,,,,
train2__val_mean_bio_dna_geom_prot_nt_v1_500m_esm1b_650m_PyTorch_Concat__Train2Val_ClinVarHQ,231.7943,9.86,1139853601,2177.53,1961.98,,,,,,,,,,
train2__val_mean_bio_dna_geom_prot_nt_v1_500m_esm1b_650m_PyTorch_Concat__Train2Val_UniProt,231.7943,9.85,1139853601,2177.53,1961.98,,,,,,,,,,
train2__val_mean_bio_dna_geom_prot_nt_v1_500m_esm1b_650m_PyTorch_Concat__Train2Val_ProteinGym,231.7943,9.88,1139853601,2177.53,1961.98,,,,,,,,,,
train2__val_mean_bio_dna_geom_prot_nt_v1_500m_esm1b_650m_PyTorch_CrossAttn__Train2Val_Test,231.7943,9.36,1141954849,2185.54,1961.98,,,,,,,,,,
train2__val_mean_bio_dna_geom_prot_nt_v1_500m_esm1b_650m_PyTorch_CrossAttn__Train2Val_ClinVarHQ,231.7943,9.87,1141954849,2185.54,1961.98,,,,,,,,,,
train2__val_mean_bio_dna_geom_prot_nt_v1_500m_esm1b_650m_PyTorch_CrossAttn__Train2Val_UniProt,231.7943,9.86,1141954849,2185.54,1961.98,,,,,,,,,,
train2__val_mean_bio_dna_geom_prot_nt_v1_500m_esm1b_650m_PyTorch_CrossAttn__Train2Val_ProteinGym,231.7943,9.89,1141954849,2185.54,1961.98,,,,,,,,,,
train2__val_mean_bio_dna_geom_prot_nt_v1_500m_esm1b_650m_PyTorch_Transformer__Train2Val_Test,231.8027,9.37,1143007009,2189.56,1961.98,,,,,,,,,,
train2__val_mean_bio_dna_geom_prot_nt_v1_500m_esm1b_650m_PyTorch_Transformer__Train2Val_ClinVarHQ,231.8027,9.88,1143007009,2189.56,1961.98,,,,,,,,,,
train2__val_mean_bio_dna_geom_prot_nt_v1_500m_esm1b_650m_PyTorch_Transformer__Train2Val_UniProt,231.8027,9.87,1143007009,2189.56,1961.98,,,,,,,,,,
train2__val_mean_bio_dna_geom_prot_nt_v1_500m_esm1b_650m_PyTorch_Transformer__Train2Val_ProteinGym,231.8027,9.9,1143007009,2189.56,1961.98,,,,,,,,,,
train2__val_mean_bio_dna_geom_prot_nt_v1_500m_esm1b_650m_PyTorch_Gating__Train2Val_Test,231.7949,9.35,1140180769,2178.78,1961.98,,,,,,,,,,
train2__val_mean_bio_dna_geom_prot_nt_v1_500m_esm1b_650m_PyTorch_Gating__Train2Val_ClinVarHQ,231.7949,9.86,1140180769,2178.78,1961.98,,,,,,,,,,
train2__val_mean_bio_dna_geom_prot_nt_v1_500m_esm1b_650m_PyTorch_Gating__Train2Val_UniProt,231.7949,9.85,1140180769,2178.78,1961.98,,,,,,,,,,
train2__val_mean_bio_dna_geom_prot_nt_v1_500m_esm1b_650m_PyTorch_Gating__Train2Val_ProteinGym,231.7949,9.88,1140180769,2178.78,1961.98,,,,,,,,,,
train2__val_mean_bio_dna_geom_prot_nt_v1_500m_esm1b_650m_Pure_XGBoost_Concat__Train2Val_Test,231.7943,9.35,1139853601,2177.53,1961.98,,,,,,,,,,
train2__val_mean_bio_dna_geom_prot_nt_v1_500m_esm1b_650m_Pure_XGBoost_Concat__Train2Val_ClinVarHQ,231.7943,9.86,1139853601,2177.53,1961.98,,,,,,,,,,
train2__val_mean_bio_dna_geom_prot_nt_v1_500m_esm1b_650m_Pure_XGBoost_Concat__Train2Val_UniProt,231.7943,9.85,1139853601,2177.53,1961.98,,,,,,,,,,
train2__val_mean_bio_dna_geom_prot_nt_v1_500m_esm1b_650m_Pure_XGBoost_Concat__Train2Val_ProteinGym,231.7943,9.88,1139853601,2177.53,1961.98,,,,,,,,,,
train2__val_mean_bio_dna_geom_prot_nt_v1_500m_esm1b_650m_Hybrid_Concat_XGBoost__Train2Val_Test,231.7943,9.34,1139853601,2177.53,1961.98,,,,,,,,,,
train2__val_mean_bio_dna_geom_prot_nt_v1_500m_esm1b_650m_Hybrid_Concat_XGBoost__Train2Val_ClinVarHQ,231.7943,9.85,1139853601,2177.53,1961.98,,,,,,,,,,
train2__val_mean_bio_dna_geom_prot_nt_v1_500m_esm1b_650m_Hybrid_Concat_XGBoost__Train2Val_UniProt,231.7943,9.84,1139853601,2177.53,1961.98,,,,,,,,,,
train2__val_mean_bio_dna_geom_prot_nt_v1_500m_esm1b_650m_Hybrid_Concat_XGBoost__Train2Val_ProteinGym,231.7943,9.87,1139853601,2177.53,1961.98,,,,,,,,,,
train2__val_mean_bio_dna_geom_prot_nt_v1_500m_esm1b_650m_Hybrid_CrossAttn_XGBoost__Train2Val_Test,231.7943,9.34,1141954849,2185.54,1961.98,,,,,,,,,,
train2__val_mean_bio_dna_geom_prot_nt_v1_500m_esm1b_650m_Hybrid_CrossAttn_XGBoost__Train2Val_ClinVarHQ,231.7943,9.85,1141954849,2185.54,1961.98,,,,,,,,,,
train2__val_mean_bio_dna_geom_prot_nt_v1_500m_esm1b_650m_Hybrid_CrossAttn_XGBoost__Train2Val_UniProt,231.7943,9.84,1141954849,2185.54,1961.98,,,,,,,,,,
train2__val_mean_bio_dna_geom_prot_nt_v1_500m_esm1b_650m_Hybrid_CrossAttn_XGBoost__Train2Val_ProteinGym,231.7943,9.87,1141954849,2185.54,1961.98,,,,,,,,,,
train2__val_mean_bio_dna_geom_prot_nt_v1_500m_esm1b_650m_Hybrid_Transformer_XGBoost__Train2Val_Test,231.8027,9.34,1143007009,2189.56,1961.98,,,,,,,,,,
train2__val_mean_bio_dna_geom_prot_nt_v1_500m_esm1b_650m_Hybrid_Transformer_XGBoost__Train2Val_ClinVarHQ,231.8027,9.85,1143007009,2189.56,1961.98,,,,,,,,,,
train2__val_mean_bio_dna_geom_prot_nt_v1_500m_esm1b_650m_Hybrid_Transformer_XGBoost__Train2Val_UniProt,231.8027,9.84,1143007009,2189.56,1961.98,,,,,,,,,,
train2__val_mean_bio_dna_geom_prot_nt_v1_500m_esm1b_650m_Hybrid_Transformer_XGBoost__Train2Val_ProteinGym,231.8027,9.87,1143007009,2189.56,1961.98,,,,,,,,,,
train2__val_mean_bio_dna_geom_prot_nt_v1_500m_esm1b_650m_Hybrid_Gating_XGBoost__Train2Val_Test,231.7949,9.34,1140180769,2178.78,1961.98,,,,,,,,,,
train2__val_mean_bio_dna_geom_prot_nt_v1_500m_esm1b_650m_Hybrid_Gating_XGBoost__Train2Val_ClinVarHQ,231.7949,9.85,1140180769,2178.78,1961.98,,,,,,,,,,
train2__val_mean_bio_dna_geom_prot_nt_v1_500m_esm1b_650m_Hybrid_Gating_XGBoost__Train2Val_UniProt,231.7949,9.84,1140180769,2178.78,1961.98,,,,,,,,,,
train2__val_mean_bio_dna_geom_prot_nt_v1_500m_esm1b_650m_Hybrid_Gating_XGBoost__Train2Val_ProteinGym,231.7949,9.87,1140180769,2178.78,1961.98,,,,,,,,,,
train2__val_mean_bio_geom_nt_v1_500m_esm1b_650m_PyTorch_Concat__Train2Val_Test,0.0002,0.0,86145,0.33,0.0,,,,,,,,,,
train2__val_mean_bio_geom_nt_v1_500m_esm1b_650m_PyTorch_Concat__Train2Val_ClinVarHQ,0.0002,0.0,86145,0.33,0.0,,,,,,,,,,
train2__val_mean_bio_geom_nt_v1_500m_esm1b_650m_PyTorch_Concat__Train2Val_UniProt,0.0002,0.0,86145,0.33,0.0,,,,,,,,,,
train2__val_mean_bio_geom_nt_v1_500m_esm1b_650m_PyTorch_Concat__Train2Val_ProteinGym,0.0002,0.0,86145,0.33,0.0,,,,,,,,,,
train2__val_mean_bio_geom_nt_v1_500m_esm1b_650m_Pure_XGBoost_Concat__Train2Val_Test,0.0002,0.0,86145,0.33,0.0,,,,,,,,,,
train2__val_mean_bio_geom_nt_v1_500m_esm1b_650m_Pure_XGBoost_Concat__Train2Val_ClinVarHQ,0.0002,0.0,86145,0.33,0.0,,,,,,,,,,
train2__val_mean_bio_geom_nt_v1_500m_esm1b_650m_Pure_XGBoost_Concat__Train2Val_UniProt,0.0002,0.0,86145,0.33,0.0,,,,,,,,,,
train2__val_mean_bio_geom_nt_v1_500m_esm1b_650m_Pure_XGBoost_Concat__Train2Val_ProteinGym,0.0002,0.0,86145,0.33,0.0,,,,,,,,,,
train2__val_mean_bio_geom_nt_v1_500m_esm1b_650m_Hybrid_Concat_XGBoost__Train2Val_Test,0.0002,0.0,86145,0.33,0.0,,,,,,,,,,
train2__val_mean_bio_geom_nt_v1_500m_esm1b_650m_Hybrid_Concat_XGBoost__Train2Val_ClinVarHQ,0.0002,0.0,86145,0.33,0.0,,,,,,,,,,
train2__val_mean_bio_geom_nt_v1_500m_esm1b_650m_Hybrid_Concat_XGBoost__Train2Val_UniProt,0.0002,0.0,86145,0.33,0.0,,,,,,,,,,
train2__val_mean_bio_geom_nt_v1_500m_esm1b_650m_Hybrid_Concat_XGBoost__Train2Val_ProteinGym,0.0002,0.0,86145,0.33,0.0,,,,,,,,,,
train2__val_center_dna_nt_v3_650m_None_PyTorch_Concat__Train2Val_Test,76.9386,6.9,652849212,2490.42,3643.92,,,,,,,,,,
train2__val_center_dna_nt_v3_650m_None_PyTorch_Concat__Train2Val_ClinVarHQ,76.9386,6.99,652849212,2490.42,3643.92,,,,,,,,,,
train2__val_center_dna_nt_v3_650m_None_PyTorch_Concat__Train2Val_UniProt,76.9386,6.97,652849212,2490.42,3643.92,,,,,,,,,,
train2__val_center_dna_nt_v3_650m_None_PyTorch_Concat__Train2Val_ProteinGym,76.9386,6.82,652849212,2490.42,3643.92,,,,,,,,,,
train2__val_center_dna_nt_v3_650m_None_Pure_XGBoost_Concat__Train2Val_Test,76.9386,6.89,652849212,2490.42,3643.92,,,,,,,,,,
train2__val_center_dna_nt_v3_650m_None_Pure_XGBoost_Concat__Train2Val_ClinVarHQ,76.9386,6.99,652849212,2490.42,3643.92,,,,,,,,,,
train2__val_center_dna_nt_v3_650m_None_Pure_XGBoost_Concat__Train2Val_UniProt,76.9386,6.97,652849212,2490.42,3643.92,,,,,,,,,,
train2__val_center_dna_nt_v3_650m_None_Pure_XGBoost_Concat__Train2Val_ProteinGym,76.9386,6.82,652849212,2490.42,3643.92,,,,,,,,,,
train2__val_center_dna_nt_v3_650m_None_Hybrid_Concat_XGBoost__Train2Val_Test,76.9386,6.89,652849212,2490.42,3643.92,,,,,,,,,,
train2__val_center_dna_nt_v3_650m_None_Hybrid_Concat_XGBoost__Train2Val_ClinVarHQ,76.9386,6.98,652849212,2490.42,3643.92,,,,,,,,,,
train2__val_center_dna_nt_v3_650m_None_Hybrid_Concat_XGBoost__Train2Val_UniProt,76.9386,6.96,652849212,2490.42,3643.92,,,,,,,,,,
train2__val_center_dna_nt_v3_650m_None_Hybrid_Concat_XGBoost__Train2Val_ProteinGym,76.9386,6.81,652849212,2490.42,3643.92,,,,,,,,,,
train2__val_center_prot_None_esmc_600m_PyTorch_Concat__Train2Val_Test,118.3928,4.68,575860161,1099.94,1469.0,,,,,,,,,,
train2__val_center_prot_None_esmc_600m_PyTorch_Concat__Train2Val_ClinVarHQ,118.3928,4.75,575860161,1099.94,1469.0,,,,,,,,,,
train2__val_center_prot_None_esmc_600m_PyTorch_Concat__Train2Val_UniProt,118.3928,4.69,575860161,1099.94,1469.0,,,,,,,,,,
train2__val_center_prot_None_esmc_600m_PyTorch_Concat__Train2Val_ProteinGym,118.3928,4.7,575860161,1099.94,1469.0,,,,,,,,,,
train2__val_center_prot_None_esmc_600m_Pure_XGBoost_Concat__Train2Val_Test,118.3928,4.68,575860161,1099.94,1469.0,,,,,,,,,,
train2__val_center_prot_None_esmc_600m_Pure_XGBoost_Concat__Train2Val_ClinVarHQ,118.3928,4.76,575860161,1099.94,1469.0,,,,,,,,,,
train2__val_center_prot_None_esmc_600m_Pure_XGBoost_Concat__Train2Val_UniProt,118.3928,4.7,575860161,1099.94,1469.0,,,,,,,,,,
train2__val_center_prot_None_esmc_600m_Pure_XGBoost_Concat__Train2Val_ProteinGym,118.3928,4.71,575860161,1099.94,1469.0,,,,,,,,,,
train2__val_center_prot_None_esmc_600m_Hybrid_Concat_XGBoost__Train2Val_Test,118.3928,4.68,575860161,1099.94,1469.0,,,,,,,,,,
train2__val_center_prot_None_esmc_600m_Hybrid_Concat_XGBoost__Train2Val_ClinVarHQ,118.3928,4.75,575860161,1099.94,1469.0,,,,,,,,,,
train2__val_center_prot_None_esmc_600m_Hybrid_Concat_XGBoost__Train2Val_UniProt,118.3928,4.7,575860161,1099.94,1469.0,,,,,,,,,,
train2__val_center_prot_None_esmc_600m_Hybrid_Concat_XGBoost__Train2Val_ProteinGym,118.3928,4.7,575860161,1099.94,1469.0,,,,,,,,,,
train2__val_cls_dna_nt_v1_500m_None_PyTorch_Concat__Train2Val_Test,97.7194,3.86,486588011,929.79,1656.34,,,,,,,,,,
train2__val_cls_dna_nt_v1_500m_None_PyTorch_Concat__Train2Val_ClinVarHQ,97.7194,4.23,486588011,929.79,1656.34,,,,,,,,,,
train2__val_cls_dna_nt_v1_500m_None_PyTorch_Concat__Train2Val_UniProt,97.7194,4.19,486588011,929.79,1656.34,,,,,,,,,,
train2__val_cls_dna_nt_v1_500m_None_PyTorch_Concat__Train2Val_ProteinGym,97.7194,4.21,486588011,929.79,1656.34,,,,,,,,,,
train2__val_cls_dna_nt_v1_500m_None_Pure_XGBoost_Concat__Train2Val_Test,97.7194,3.86,486588011,929.79,1656.34,,,,,,,,,,
train2__val_cls_dna_nt_v1_500m_None_Pure_XGBoost_Concat__Train2Val_ClinVarHQ,97.7194,4.23,486588011,929.79,1656.34,,,,,,,,,,
train2__val_cls_dna_nt_v1_500m_None_Pure_XGBoost_Concat__Train2Val_UniProt,97.7194,4.2,486588011,929.79,1656.34,,,,,,,,,,
train2__val_cls_dna_nt_v1_500m_None_Pure_XGBoost_Concat__Train2Val_ProteinGym,97.7194,4.21,486588011,929.79,1656.34,,,,,,,,,,
train2__val_cls_dna_nt_v1_500m_None_Hybrid_Concat_XGBoost__Train2Val_Test,97.7194,3.86,486588011,929.79,1656.34,,,,,,,,,,
train2__val_cls_dna_nt_v1_500m_None_Hybrid_Concat_XGBoost__Train2Val_ClinVarHQ,97.7194,4.23,486588011,929.79,1656.34,,,,,,,,,,
train2__val_cls_dna_nt_v1_500m_None_Hybrid_Concat_XGBoost__Train2Val_UniProt,97.7194,4.19,486588011,929.79,1656.34,,,,,,,,,,
train2__val_cls_dna_nt_v1_500m_None_Hybrid_Concat_XGBoost__Train2Val_ProteinGym,97.7194,4.2,486588011,929.79,1656.34,,,,,,,,,,
train2__val_cls_prot_None_esm1b_650m_PyTorch_Concat__Train2Val_Test,134.0749,5.48,653247799,1247.67,1961.98,,,,,,,,,,
train2__val_cls_prot_None_esm1b_650m_PyTorch_Concat__Train2Val_ClinVarHQ,134.0749,5.63,653247799,1247.67,1961.98,,,,,,,,,,
train2__val_cls_prot_None_esm1b_650m_PyTorch_Concat__Train2Val_UniProt,134.0749,5.65,653247799,1247.67,1961.98,,,,,,,,,,
train2__val_cls_prot_None_esm1b_650m_PyTorch_Concat__Train2Val_ProteinGym,134.0749,5.67,653247799,1247.67,1961.98,,,,,,,,,,
train2__val_cls_prot_None_esm1b_650m_Pure_XGBoost_Concat__Train2Val_Test,134.0749,5.48,653247799,1247.67,1961.98,,,,,,,,,,
train2__val_cls_prot_None_esm1b_650m_Pure_XGBoost_Concat__Train2Val_ClinVarHQ,134.0749,5.64,653247799,1247.67,1961.98,,,,,,,,,,
train2__val_cls_prot_None_esm1b_650m_Pure_XGBoost_Concat__Train2Val_UniProt,134.0749,5.66,653247799,1247.67,1961.98,,,,,,,,,,
train2__val_cls_prot_None_esm1b_650m_Pure_XGBoost_Concat__Train2Val_ProteinGym,134.0749,5.67,653247799,1247.67,1961.98,,,,,,,,,,
train2__val_cls_prot_None_esm1b_650m_Hybrid_Concat_XGBoost__Train2Val_Test,134.0749,5.48,653247799,1247.67,1961.98,,,,,,,,,,
train2__val_cls_prot_None_esm1b_650m_Hybrid_Concat_XGBoost__Train2Val_ClinVarHQ,134.0749,5.63,653247799,1247.67,1961.98,,,,,,,,,,
train2__val_cls_prot_None_esm1b_650m_Hybrid_Concat_XGBoost__Train2Val_UniProt,134.0749,5.65,653247799,1247.67,1961.98,,,,,,,,,,
train2__val_cls_prot_None_esm1b_650m_Hybrid_Concat_XGBoost__Train2Val_ProteinGym,134.0749,5.67,653247799,1247.67,1961.98,,,,,,,,,,
train2__val_mean_dna_nt_v1_500m_None_PyTorch_Concat__Train2Val_Test,97.7194,3.86,486588011,929.79,1656.34,,,,,,,,,,
train2__val_mean_dna_nt_v1_500m_None_PyTorch_Concat__Train2Val_ClinVarHQ,97.7194,4.23,486588011,929.79,1656.34,,,,,,,,,,
train2__val_mean_dna_nt_v1_500m_None_PyTorch_Concat__Train2Val_UniProt,97.7194,4.19,486588011,929.79,1656.34,,,,,,,,,,
train2__val_mean_dna_nt_v1_500m_None_PyTorch_Concat__Train2Val_ProteinGym,97.7194,4.2,486588011,929.79,1656.34,,,,,,,,,,
train2__val_mean_dna_nt_v1_500m_None_Pure_XGBoost_Concat__Train2Val_Test,97.7194,3.86,486588011,929.79,1656.34,,,,,,,,,,
train2__val_mean_dna_nt_v1_500m_None_Pure_XGBoost_Concat__Train2Val_ClinVarHQ,97.7194,4.23,486588011,929.79,1656.34,,,,,,,,,,
train2__val_mean_dna_nt_v1_500m_None_Pure_XGBoost_Concat__Train2Val_UniProt,97.7194,4.2,486588011,929.79,1656.34,,,,,,,,,,
train2__val_mean_dna_nt_v1_500m_None_Pure_XGBoost_Concat__Train2Val_ProteinGym,97.7194,4.21,486588011,929.79,1656.34,,,,,,,,,,
train2__val_mean_dna_nt_v1_500m_None_Hybrid_Concat_XGBoost__Train2Val_Test,97.7194,3.86,486588011,929.79,1656.34,,,,,,,,,,
train2__val_mean_dna_nt_v1_500m_None_Hybrid_Concat_XGBoost__Train2Val_ClinVarHQ,97.7194,4.22,486588011,929.79,1656.34,,,,,,,,,,
train2__val_mean_dna_nt_v1_500m_None_Hybrid_Concat_XGBoost__Train2Val_UniProt,97.7194,4.19,486588011,929.79,1656.34,,,,,,,,,,
train2__val_mean_dna_nt_v1_500m_None_Hybrid_Concat_XGBoost__Train2Val_ProteinGym,97.7194,4.2,486588011,929.79,1656.34,,,,,,,,,,
train2__val_mean_prot_None_esm1b_650m_PyTorch_Concat__Train2Val_Test,134.0749,5.48,653247799,1247.67,1961.98,,,,,,,,,,
train2__val_mean_prot_None_esm1b_650m_PyTorch_Concat__Train2Val_ClinVarHQ,134.0749,5.63,653247799,1247.67,1961.98,,,,,,,,,,
train2__val_mean_prot_None_esm1b_650m_PyTorch_Concat__Train2Val_UniProt,134.0749,5.65,653247799,1247.67,1961.98,,,,,,,,,,
train2__val_mean_prot_None_esm1b_650m_PyTorch_Concat__Train2Val_ProteinGym,134.0749,5.68,653247799,1247.67,1961.98,,,,,,,,,,
train2__val_mean_prot_None_esm1b_650m_Pure_XGBoost_Concat__Train2Val_Test,134.0749,5.48,653247799,1247.67,1961.98,,,,,,,,,,
train2__val_mean_prot_None_esm1b_650m_Pure_XGBoost_Concat__Train2Val_ClinVarHQ,134.0749,5.64,653247799,1247.67,1961.98,,,,,,,,,,
train2__val_mean_prot_None_esm1b_650m_Pure_XGBoost_Concat__Train2Val_UniProt,134.0749,5.66,653247799,1247.67,1961.98,,,,,,,,,,
train2__val_mean_prot_None_esm1b_650m_Pure_XGBoost_Concat__Train2Val_ProteinGym,134.0749,5.68,653247799,1247.67,1961.98,,,,,,,,,,
train2__val_mean_prot_None_esm1b_650m_Hybrid_Concat_XGBoost__Train2Val_Test,134.0749,5.48,653247799,1247.67,1961.98,,,,,,,,,,
train2__val_mean_prot_None_esm1b_650m_Hybrid_Concat_XGBoost__Train2Val_ClinVarHQ,134.0749,5.63,653247799,1247.67,1961.98,,,,,,,,,,
train2__val_mean_prot_None_esm1b_650m_Hybrid_Concat_XGBoost__Train2Val_UniProt,134.0749,5.65,653247799,1247.67,1961.98,,,,,,,,,,
train2__val_mean_prot_None_esm1b_650m_Hybrid_Concat_XGBoost__Train2Val_ProteinGym,134.0749,5.67,653247799,1247.67,1961.98,,,,,,,,,,
train2__val_center_bio_None_None_PyTorch_Concat__Train2Val_Test,0.0002,0.0,85121,0.32,0.0,0.0,0.0,0.0,0.0,0.0002,0.0,85121.0,0.32,0.0,0.0
train2__val_center_bio_None_None_PyTorch_Concat__Train2Val_ClinVarHQ,0.0002,0.01,85121,0.32,0.0,0.0,0.0,0.0,0.0,0.0002,0.01,85121.0,0.32,0.0,0.0
train2__val_center_bio_None_None_PyTorch_Concat__Train2Val_UniProt,0.0002,0.0,85121,0.32,0.0,0.0,0.0,0.0,0.0,0.0002,0.0,85121.0,0.32,0.0,0.0
train2__val_center_bio_None_None_PyTorch_Concat__Train2Val_ProteinGym,0.0002,0.0,85121,0.32,0.0,0.0,0.0,0.0,0.0,0.0002,0.0,85121.0,0.32,0.0,0.0
train2__val_center_bio_None_None_Pure_XGBoost_Concat__Train2Val_Test,0.0,0.0,0,1.25,0.0,0.0,0.0,0.0,0.0,0.0,0.0,0.0,1.25,1.25,0.0
train2__val_center_bio_None_None_Pure_XGBoost_Concat__Train2Val_ClinVarHQ,0.0,0.0,0,1.25,0.0,0.0,0.0,0.0,0.0,0.0,0.0,0.0,1.25,1.25,0.0
train2__val_center_bio_None_None_Pure_XGBoost_Concat__Train2Val_UniProt,0.0,0.0,0,1.25,0.0,0.0,0.0,0.0,0.0,0.0,0.0,0.0,1.25,1.25,0.0
train2__val_center_bio_None_None_Pure_XGBoost_Concat__Train2Val_ProteinGym,0.0,0.0,0,1.25,0.0,0.0,0.0,0.0,0.0,0.0,0.0,0.0,1.25,1.25,0.0
train2__val_center_bio_None_None_Hybrid_Concat_XGBoost__Train2Val_Test,0.0002,0.01,85121,1.32,0.0,0.0,0.0,0.0,0.0,0.0002,0.01,85121.0,1.32,1.0,0.0
train2__val_center_bio_None_None_Hybrid_Concat_XGBoost__Train2Val_ClinVarHQ,0.0002,0.01,85121,1.32,0.0,0.0,0.0,0.0,0.0,0.0002,0.01,85121.0,1.32,1.0,0.0
train2__val_center_bio_None_None_Hybrid_Concat_XGBoost__Train2Val_UniProt,0.0002,0.01,85121,1.32,0.0,0.0,0.0,0.0,0.0,0.0002,0.01,85121.0,1.32,1.0,0.0
train2__val_center_bio_None_None_Hybrid_Concat_XGBoost__Train2Val_ProteinGym,0.0002,0.01,85121,1.32,0.0,0.0,0.0,0.0,0.0,0.0002,0.01,85121.0,1.32,1.0,0.0
train2__val_center_geom_nt_v3_650m_esmc_600m_PyTorch_Concat__Train2Val_Test,0.0002,0.95,84737,0.32,225.08,0.0,0.0,0.0,0.95,0.0002,0.0,84737.0,0.32,0.0,0.0
train2__val_center_geom_nt_v3_650m_esmc_600m_PyTorch_Concat__Train2Val_ClinVarHQ,0.0002,1.14,84737,0.32,33.85,0.0,0.0,0.0,1.14,0.0002,0.0,84737.0,0.32,0.0,0.0
train2__val_center_geom_nt_v3_650m_esmc_600m_PyTorch_Concat__Train2Val_UniProt,0.0002,1.01,84737,0.32,56.45,0.0,0.0,0.0,1.01,0.0002,0.0,84737.0,0.32,0.0,0.0
train2__val_center_geom_nt_v3_650m_esmc_600m_PyTorch_Concat__Train2Val_ProteinGym,0.0002,1.02,84737,0.32,60.9,0.0,0.0,0.0,1.02,0.0002,0.0,84737.0,0.32,0.0,0.0
train2__val_center_geom_nt_v3_650m_esmc_600m_Pure_XGBoost_Concat__Train2Val_Test,0.0,0.95,0,0.35,225.08,0.0,0.0,0.0,0.95,0.0,0.0,0.0,0.35,0.35,0.0
train2__val_center_geom_nt_v3_650m_esmc_600m_Pure_XGBoost_Concat__Train2Val_ClinVarHQ,0.0,1.14,0,0.35,33.85,0.0,0.0,0.0,1.14,0.0,0.0,0.0,0.35,0.35,0.0
train2__val_center_geom_nt_v3_650m_esmc_600m_Pure_XGBoost_Concat__Train2Val_UniProt,0.0,1.01,0,0.35,56.45,0.0,0.0,0.0,1.01,0.0,0.0,0.0,0.35,0.35,0.0
train2__val_center_geom_nt_v3_650m_esmc_600m_Pure_XGBoost_Concat__Train2Val_ProteinGym,0.0,1.02,0,0.35,60.9,0.0,0.0,0.0,1.02,0.0,0.0,0.0,0.35,0.35,0.0
train2__val_center_geom_nt_v3_650m_esmc_600m_Hybrid_Concat_XGBoost__Train2Val_Test,0.0002,0.96,84737,1.63,225.08,0.0,0.0,0.0,0.95,0.0002,0.01,84737.0,1.63,1.31,0.0
train2__val_center_geom_nt_v3_650m_esmc_600m_Hybrid_Concat_XGBoost__Train2Val_ClinVarHQ,0.0002,1.15,84737,1.63,33.85,0.0,0.0,0.0,1.14,0.0002,0.01,84737.0,1.63,1.31,0.0
train2__val_center_geom_nt_v3_650m_esmc_600m_Hybrid_Concat_XGBoost__Train2Val_UniProt,0.0002,1.02,84737,1.63,56.45,0.0,0.0,0.0,1.01,0.0002,0.01,84737.0,1.63,1.31,0.0
train2__val_center_geom_nt_v3_650m_esmc_600m_Hybrid_Concat_XGBoost__Train2Val_ProteinGym,0.0002,1.03,84737,1.63,60.9,0.0,0.0,0.0,1.02,0.0002,0.01,84737.0,1.63,1.31,0.0
train2__val_center_dna_nt_v3_650m_None_PyTorch_Concat__Train2Val_Test,76.9386,6.89,652849212,2490.42,3643.92,76.9366,6.89,0.0,0.0,0.002,0.0,1019777.0,3.89,0.0,0.0
train2__val_center_dna_nt_v3_650m_None_PyTorch_Concat__Train2Val_ClinVarHQ,76.9386,6.99,652849212,2490.42,3643.92,76.9366,6.98,0.0,0.0,0.002,0.01,1019777.0,3.89,0.0,0.0
train2__val_center_dna_nt_v3_650m_None_PyTorch_Concat__Train2Val_UniProt,76.9386,6.96,652849212,2490.42,3643.92,76.9366,6.96,0.0,0.0,0.002,0.0,1019777.0,3.89,0.0,0.0
train2__val_center_dna_nt_v3_650m_None_PyTorch_Concat__Train2Val_ProteinGym,76.9386,6.81,652849212,2490.42,3643.92,76.9366,6.81,0.0,0.0,0.002,0.0,1019777.0,3.89,0.0,0.0
train2__val_center_dna_nt_v3_650m_None_Pure_XGBoost_Concat__Train2Val_Test,76.9366,6.89,651829435,2488.73,3643.92,76.9366,6.89,0.0,0.0,0.0,0.0,0.0,2.2,2.2,0.0
train2__val_center_dna_nt_v3_650m_None_Pure_XGBoost_Concat__Train2Val_ClinVarHQ,76.9366,6.99,651829435,2488.73,3643.92,76.9366,6.98,0.0,0.0,0.0,0.01,0.0,2.2,2.2,0.0
train2__val_center_dna_nt_v3_650m_None_Pure_XGBoost_Concat__Train2Val_UniProt,76.9366,6.97,651829435,2488.73,3643.92,76.9366,6.96,0.0,0.0,0.0,0.01,0.0,2.2,2.2,0.0
train2__val_center_dna_nt_v3_650m_None_Pure_XGBoost_Concat__Train2Val_ProteinGym,76.9366,6.81,651829435,2488.73,3643.92,76.9366,6.81,0.0,0.0,0.0,0.0,0.0,2.2,2.2,0.0
train2__val_center_dna_nt_v3_650m_None_Hybrid_Concat_XGBoost__Train2Val_Test,76.9386,6.91,652849212,2492.59,3643.92,76.9366,6.89,0.0,0.0,0.002,0.02,1019777.0,6.06,2.17,0.0
train2__val_center_dna_nt_v3_650m_None_Hybrid_Concat_XGBoost__Train2Val_ClinVarHQ,76.9386,7.0,652849212,2492.59,3643.92,76.9366,6.98,0.0,0.0,0.002,0.02,1019777.0,6.06,2.17,0.0
train2__val_center_dna_nt_v3_650m_None_Hybrid_Concat_XGBoost__Train2Val_UniProt,76.9386,6.98,652849212,2492.59,3643.92,76.9366,6.96,0.0,0.0,0.002,0.02,1019777.0,6.06,2.17,0.0
train2__val_center_dna_nt_v3_650m_None_Hybrid_Concat_XGBoost__Train2Val_ProteinGym,76.9386,6.83,652849212,2492.59,3643.92,76.9366,6.81,0.0,0.0,0.002,0.02,1019777.0,6.06,2.17,0.0
train2__val_center_prot_None_esmc_600m_PyTorch_Concat__Train2Val_Test,118.3928,4.68,575860161,1099.94,1469.0,118.3912,4.68,0.0,0.0,0.0016,0.0,823169.0,3.14,0.0,0.0
train2__val_center_prot_None_esmc_600m_PyTorch_Concat__Train2Val_ClinVarHQ,118.3928,4.75,575860161,1099.94,1469.0,118.3912,4.75,0.0,0.0,0.0016,0.0,823169.0,3.14,0.0,0.0
train2__val_center_prot_None_esmc_600m_PyTorch_Concat__Train2Val_UniProt,118.3928,4.69,575860161,1099.94,1469.0,118.3912,4.69,0.0,0.0,0.0016,0.0,823169.0,3.14,0.0,0.0
train2__val_center_prot_None_esmc_600m_PyTorch_Concat__Train2Val_ProteinGym,118.3928,4.7,575860161,1099.94,1469.0,118.3912,4.7,0.0,0.0,0.0016,0.0,823169.0,3.14,0.0,0.0
train2__val_center_prot_None_esmc_600m_Pure_XGBoost_Concat__Train2Val_Test,118.3912,4.68,575036992,1098.97,1469.0,118.3912,4.68,0.0,0.0,0.0,0.0,0.0,2.17,2.17,0.0
train2__val_center_prot_None_esmc_600m_Pure_XGBoost_Concat__Train2Val_ClinVarHQ,118.3912,4.76,575036992,1098.97,1469.0,118.3912,4.75,0.0,0.0,0.0,0.01,0.0,2.17,2.17,0.0
train2__val_center_prot_None_esmc_600m_Pure_XGBoost_Concat__Train2Val_UniProt,118.3912,4.69,575036992,1098.97,1469.0,118.3912,4.69,0.0,0.0,0.0,0.0,0.0,2.17,2.17,0.0
train2__val_center_prot_None_esmc_600m_Pure_XGBoost_Concat__Train2Val_ProteinGym,118.3912,4.7,575036992,1098.97,1469.0,118.3912,4.7,0.0,0.0,0.0,0.0,0.0,2.17,2.17,0.0
train2__val_center_prot_None_esmc_600m_Hybrid_Concat_XGBoost__Train2Val_Test,118.3928,4.69,575860161,1101.45,1469.0,118.3912,4.68,0.0,0.0,0.0016,0.01,823169.0,4.65,1.51,0.0
train2__val_center_prot_None_esmc_600m_Hybrid_Concat_XGBoost__Train2Val_ClinVarHQ,118.3928,4.77,575860161,1101.45,1469.0,118.3912,4.75,0.0,0.0,0.0016,0.02,823169.0,4.65,1.51,0.0
train2__val_center_prot_None_esmc_600m_Hybrid_Concat_XGBoost__Train2Val_UniProt,118.3928,4.7,575860161,1101.45,1469.0,118.3912,4.69,0.0,0.0,0.0016,0.01,823169.0,4.65,1.51,0.0
train2__val_center_prot_None_esmc_600m_Hybrid_Concat_XGBoost__Train2Val_ProteinGym,118.3928,4.72,575860161,1101.45,1469.0,118.3912,4.7,0.0,0.0,0.0016,0.02,823169.0,4.65,1.51,0.0
train2__val_center_bio_dna_nt_v3_650m_None_PyTorch_Concat__Train2Val_Test,76.9387,6.89,652900156,2490.61,3643.92,76.9366,6.89,0.0,0.0,0.0021,0.0,1070721.0,4.08,0.0,0.0
train2__val_center_bio_dna_nt_v3_650m_None_PyTorch_Concat__Train2Val_ClinVarHQ,76.9387,6.99,652900156,2490.61,3643.92,76.9366,6.98,0.0,0.0,0.0021,0.01,1070721.0,4.08,0.0,0.0
train2__val_center_bio_dna_nt_v3_650m_None_PyTorch_Concat__Train2Val_UniProt,76.9387,6.97,652900156,2490.61,3643.92,76.9366,6.96,0.0,0.0,0.0021,0.01,1070721.0,4.08,0.0,0.0
train2__val_center_bio_dna_nt_v3_650m_None_PyTorch_Concat__Train2Val_ProteinGym,76.9387,6.82,652900156,2490.61,3643.92,76.9366,6.81,0.0,0.0,0.0021,0.01,1070721.0,4.08,0.0,0.0
train2__val_center_bio_dna_nt_v3_650m_None_Pure_XGBoost_Concat__Train2Val_Test,76.9366,6.89,651829435,2488.44,3643.92,76.9366,6.89,0.0,0.0,0.0,0.0,0.0,1.91,1.91,0.0
train2__val_center_bio_dna_nt_v3_650m_None_Pure_XGBoost_Concat__Train2Val_ClinVarHQ,76.9366,6.99,651829435,2488.44,3643.92,76.9366,6.98,0.0,0.0,0.0,0.01,0.0,1.91,1.91,0.0
train2__val_center_bio_dna_nt_v3_650m_None_Pure_XGBoost_Concat__Train2Val_UniProt,76.9366,6.97,651829435,2488.44,3643.92,76.9366,6.96,0.0,0.0,0.0,0.01,0.0,1.91,1.91,0.0
train2__val_center_bio_dna_nt_v3_650m_None_Pure_XGBoost_Concat__Train2Val_ProteinGym,76.9366,6.82,651829435,2488.44,3643.92,76.9366,6.81,0.0,0.0,0.0,0.01,0.0,1.91,1.91,0.0
train2__val_center_bio_dna_nt_v3_650m_None_Hybrid_Concat_XGBoost__Train2Val_Test,76.9387,6.91,652900156,2492.17,3643.92,76.9366,6.89,0.0,0.0,0.0021,0.02,1070721.0,5.64,1.56,0.0
train2__val_center_bio_dna_nt_v3_650m_None_Hybrid_Concat_XGBoost__Train2Val_ClinVarHQ,76.9387,7.01,652900156,2492.17,3643.92,76.9366,6.98,0.0,0.0,0.0021,0.03,1070721.0,5.64,1.56,0.0
train2__val_center_bio_dna_nt_v3_650m_None_Hybrid_Concat_XGBoost__Train2Val_UniProt,76.9387,6.98,652900156,2492.17,3643.92,76.9366,6.96,0.0,0.0,0.0021,0.02,1070721.0,5.64,1.56,0.0
train2__val_center_bio_dna_nt_v3_650m_None_Hybrid_Concat_XGBoost__Train2Val_ProteinGym,76.9387,6.83,652900156,2492.17,3643.92,76.9366,6.81,0.0,0.0,0.0021,0.02,1070721.0,5.64,1.56,0.0
train2__val_center_bio_prot_None_esmc_600m_PyTorch_Concat__Train2Val_Test,118.393,4.68,575911105,1100.13,1469.0,118.3912,4.68,0.0,0.0,0.0018,0.0,874113.0,3.33,0.0,0.0
train2__val_center_bio_prot_None_esmc_600m_PyTorch_Concat__Train2Val_ClinVarHQ,118.393,4.76,575911105,1100.13,1469.0,118.3912,4.75,0.0,0.0,0.0018,0.01,874113.0,3.33,0.0,0.0
train2__val_center_bio_prot_None_esmc_600m_PyTorch_Concat__Train2Val_UniProt,118.393,4.7,575911105,1100.13,1469.0,118.3912,4.69,0.0,0.0,0.0018,0.01,874113.0,3.33,0.0,0.0
train2__val_center_bio_prot_None_esmc_600m_PyTorch_Concat__Train2Val_ProteinGym,118.393,4.71,575911105,1100.13,1469.0,118.3912,4.7,0.0,0.0,0.0018,0.01,874113.0,3.33,0.0,0.0
train2__val_center_bio_prot_None_esmc_600m_Pure_XGBoost_Concat__Train2Val_Test,118.3912,4.68,575036992,1098.26,1469.0,118.3912,4.68,0.0,0.0,0.0,0.0,0.0,1.46,1.46,0.0
train2__val_center_bio_prot_None_esmc_600m_Pure_XGBoost_Concat__Train2Val_ClinVarHQ,118.3912,4.75,575036992,1098.26,1469.0,118.3912,4.75,0.0,0.0,0.0,0.01,0.0,1.46,1.46,0.0
train2__val_center_bio_prot_None_esmc_600m_Pure_XGBoost_Concat__Train2Val_UniProt,118.3912,4.69,575036992,1098.26,1469.0,118.3912,4.69,0.0,0.0,0.0,0.0,0.0,1.46,1.46,0.0
train2__val_center_bio_prot_None_esmc_600m_Pure_XGBoost_Concat__Train2Val_ProteinGym,118.3912,4.7,575036992,1098.26,1469.0,118.3912,4.7,0.0,0.0,0.0,0.0,0.0,1.46,1.46,0.0
train2__val_center_bio_prot_None_esmc_600m_Hybrid_Concat_XGBoost__Train2Val_Test,118.393,4.7,575911105,1101.39,1469.0,118.3912,4.68,0.0,0.0,0.0018,0.02,874113.0,4.59,1.26,0.0
train2__val_center_bio_prot_None_esmc_600m_Hybrid_Concat_XGBoost__Train2Val_ClinVarHQ,118.393,4.77,575911105,1101.39,1469.0,118.3912,4.75,0.0,0.0,0.0018,0.02,874113.0,4.59,1.26,0.0
train2__val_center_bio_prot_None_esmc_600m_Hybrid_Concat_XGBoost__Train2Val_UniProt,118.393,4.71,575911105,1101.39,1469.0,118.3912,4.69,0.0,0.0,0.0018,0.02,874113.0,4.59,1.26,0.0
train2__val_center_bio_prot_None_esmc_600m_Hybrid_Concat_XGBoost__Train2Val_ProteinGym,118.393,4.72,575911105,1101.39,1469.0,118.3912,4.7,0.0,0.0,0.0018,0.02,874113.0,4.59,1.26,0.0
train2__val_center_dna_geom_nt_v3_650m_esmc_600m_PyTorch_Concat__Train2Val_Test,76.9387,7.84,652899772,2490.61,3643.92,76.9366,6.89,0.0,0.95,0.0021,0.01,1070337.0,4.08,0.0,0.0
train2__val_center_dna_geom_nt_v3_650m_esmc_600m_PyTorch_Concat__Train2Val_ClinVarHQ,76.9387,8.13,652899772,2490.61,3643.92,76.9366,6.98,0.0,1.14,0.0021,0.01,1070337.0,4.08,0.0,0.0
train2__val_center_dna_geom_nt_v3_650m_esmc_600m_PyTorch_Concat__Train2Val_UniProt,76.9387,7.97,652899772,2490.61,3643.92,76.9366,6.96,0.0,1.01,0.0021,0.0,1070337.0,4.08,0.0,0.0
train2__val_center_dna_geom_nt_v3_650m_esmc_600m_PyTorch_Concat__Train2Val_ProteinGym,76.9387,7.83,652899772,2490.61,3643.92,76.9366,6.81,0.0,1.02,0.0021,0.01,1070337.0,4.08,0.0,0.0
train2__val_center_dna_geom_nt_v3_650m_esmc_600m_Pure_XGBoost_Concat__Train2Val_Test,76.9366,7.84,651829435,2488.2,3643.92,76.9366,6.89,0.0,0.95,0.0,0.0,0.0,1.67,1.67,0.0
train2__val_center_dna_geom_nt_v3_650m_esmc_600m_Pure_XGBoost_Concat__Train2Val_ClinVarHQ,76.9366,8.13,651829435,2488.2,3643.92,76.9366,6.98,0.0,1.14,0.0,0.0,0.0,1.67,1.67,0.0
train2__val_center_dna_geom_nt_v3_650m_esmc_600m_Pure_XGBoost_Concat__Train2Val_UniProt,76.9366,7.97,651829435,2488.2,3643.92,76.9366,6.96,0.0,1.01,0.0,0.01,0.0,1.67,1.67,0.0
train2__val_center_dna_geom_nt_v3_650m_esmc_600m_Pure_XGBoost_Concat__Train2Val_ProteinGym,76.9366,7.83,651829435,2488.2,3643.92,76.9366,6.81,0.0,1.02,0.0,0.01,0.0,1.67,1.67,0.0
train2__val_center_dna_geom_nt_v3_650m_esmc_600m_Hybrid_Concat_XGBoost__Train2Val_Test,76.9387,7.86,652899772,2491.85,3643.92,76.9366,6.89,0.0,0.95,0.0021,0.02,1070337.0,5.32,1.24,0.0
train2__val_center_dna_geom_nt_v3_650m_esmc_600m_Hybrid_Concat_XGBoost__Train2Val_ClinVarHQ,76.9387,8.15,652899772,2491.85,3643.92,76.9366,6.98,0.0,1.14,0.0021,0.03,1070337.0,5.32,1.24,0.0
train2__val_center_dna_geom_nt_v3_650m_esmc_600m_Hybrid_Concat_XGBoost__Train2Val_UniProt,76.9387,7.99,652899772,2491.85,3643.92,76.9366,6.96,0.0,1.01,0.0021,0.02,1070337.0,5.32,1.24,0.0
train2__val_center_dna_geom_nt_v3_650m_esmc_600m_Hybrid_Concat_XGBoost__Train2Val_ProteinGym,76.9387,7.84,652899772,2491.85,3643.92,76.9366,6.81,0.0,1.02,0.0021,0.02,1070337.0,5.32,1.24,0.0
train2__val_center_geom_prot_nt_v3_650m_esmc_600m_PyTorch_Concat__Train2Val_Test,118.393,5.63,575910721,1100.13,1469.0,118.3912,4.68,0.0,0.95,0.0018,0.0,873729.0,3.33,0.0,0.0
train2__val_center_geom_prot_nt_v3_650m_esmc_600m_PyTorch_Concat__Train2Val_ClinVarHQ,118.393,5.9,575910721,1100.13,1469.0,118.3912,4.75,0.0,1.14,0.0018,0.01,873729.0,3.33,0.0,0.0
train2__val_center_geom_prot_nt_v3_650m_esmc_600m_PyTorch_Concat__Train2Val_UniProt,118.393,5.7,575910721,1100.13,1469.0,118.3912,4.69,0.0,1.01,0.0018,0.01,873729.0,3.33,0.0,0.0
train2__val_center_geom_prot_nt_v3_650m_esmc_600m_PyTorch_Concat__Train2Val_ProteinGym,118.393,5.72,575910721,1100.13,1469.0,118.3912,4.7,0.0,1.02,0.0018,0.01,873729.0,3.33,0.0,0.0
train2__val_center_geom_prot_nt_v3_650m_esmc_600m_Pure_XGBoost_Concat__Train2Val_Test,118.3912,5.63,575036992,1098.7,1469.0,118.3912,4.68,0.0,0.95,0.0,0.0,0.0,1.9,1.9,0.0
train2__val_center_geom_prot_nt_v3_650m_esmc_600m_Pure_XGBoost_Concat__Train2Val_ClinVarHQ,118.3912,5.9,575036992,1098.7,1469.0,118.3912,4.75,0.0,1.14,0.0,0.01,0.0,1.9,1.9,0.0
train2__val_center_geom_prot_nt_v3_650m_esmc_600m_Pure_XGBoost_Concat__Train2Val_UniProt,118.3912,5.7,575036992,1098.7,1469.0,118.3912,4.69,0.0,1.01,0.0,0.0,0.0,1.9,1.9,0.0
train2__val_center_geom_prot_nt_v3_650m_esmc_600m_Pure_XGBoost_Concat__Train2Val_ProteinGym,118.3912,5.72,575036992,1098.7,1469.0,118.3912,4.7,0.0,1.02,0.0,0.0,0.0,1.9,1.9,0.0
train2__val_center_geom_prot_nt_v3_650m_esmc_600m_Hybrid_Concat_XGBoost__Train2Val_Test,118.393,5.65,575910721,1100.76,1469.0,118.3912,4.68,0.0,0.95,0.0018,0.02,873729.0,3.96,0.63,0.0
train2__val_center_geom_prot_nt_v3_650m_esmc_600m_Hybrid_Concat_XGBoost__Train2Val_ClinVarHQ,118.393,5.91,575910721,1100.76,1469.0,118.3912,4.75,0.0,1.14,0.0018,0.02,873729.0,3.96,0.63,0.0
train2__val_center_geom_prot_nt_v3_650m_esmc_600m_Hybrid_Concat_XGBoost__Train2Val_UniProt,118.393,5.71,575910721,1100.76,1469.0,118.3912,4.69,0.0,1.01,0.0018,0.02,873729.0,3.96,0.63,0.0
train2__val_center_geom_prot_nt_v3_650m_esmc_600m_Hybrid_Concat_XGBoost__Train2Val_ProteinGym,118.393,5.73,575910721,1100.76,1469.0,118.3912,4.7,0.0,1.02,0.0018,0.02,873729.0,3.96,0.63,0.0
train2__val_center_bio_dna_geom_nt_v3_650m_esmc_600m_PyTorch_Concat__Train2Val_Test,76.9387,7.84,652901180,2490.62,3643.92,76.9366,6.89,0.0,0.95,0.0021,0.01,1071745.0,4.09,0.0,0.0
train2__val_center_bio_dna_geom_nt_v3_650m_esmc_600m_PyTorch_Concat__Train2Val_ClinVarHQ,76.9387,8.13,652901180,2490.62,3643.92,76.9366,6.98,0.0,1.14,0.0021,0.01,1071745.0,4.09,0.0,0.0
train2__val_center_bio_dna_geom_nt_v3_650m_esmc_600m_PyTorch_Concat__Train2Val_UniProt,76.9387,7.98,652901180,2490.62,3643.92,76.9366,6.96,0.0,1.01,0.0021,0.01,1071745.0,4.09,0.0,0.0
train2__val_center_bio_dna_geom_nt_v3_650m_esmc_600m_PyTorch_Concat__Train2Val_ProteinGym,76.9387,7.83,652901180,2490.62,3643.92,76.9366,6.81,0.0,1.02,0.0021,0.0,1071745.0,4.09,0.0,0.0
train2__val_center_bio_dna_geom_nt_v3_650m_esmc_600m_Pure_XGBoost_Concat__Train2Val_Test,76.9366,7.84,651829435,2487.42,3643.92,76.9366,6.89,0.0,0.95,0.0,0.0,0.0,0.89,0.89,0.0
train2__val_center_bio_dna_geom_nt_v3_650m_esmc_600m_Pure_XGBoost_Concat__Train2Val_ClinVarHQ,76.9366,8.13,651829435,2487.42,3643.92,76.9366,6.98,0.0,1.14,0.0,0.01,0.0,0.89,0.89,0.0
train2__val_center_bio_dna_geom_nt_v3_650m_esmc_600m_Pure_XGBoost_Concat__Train2Val_UniProt,76.9366,7.97,651829435,2487.42,3643.92,76.9366,6.96,0.0,1.01,0.0,0.01,0.0,0.89,0.89,0.0
train2__val_center_bio_dna_geom_nt_v3_650m_esmc_600m_Pure_XGBoost_Concat__Train2Val_ProteinGym,76.9366,7.83,651829435,2487.42,3643.92,76.9366,6.81,0.0,1.02,0.0,0.0,0.0,0.89,0.89,0.0
train2__val_center_bio_dna_geom_nt_v3_650m_esmc_600m_Hybrid_Concat_XGBoost__Train2Val_Test,76.9387,7.86,652901180,2491.81,3643.92,76.9366,6.89,0.0,0.95,0.0021,0.02,1071745.0,5.28,1.19,0.0
train2__val_center_bio_dna_geom_nt_v3_650m_esmc_600m_Hybrid_Concat_XGBoost__Train2Val_ClinVarHQ,76.9387,8.14,652901180,2491.81,3643.92,76.9366,6.98,0.0,1.14,0.0021,0.02,1071745.0,5.28,1.19,0.0
train2__val_center_bio_dna_geom_nt_v3_650m_esmc_600m_Hybrid_Concat_XGBoost__Train2Val_UniProt,76.9387,7.99,652901180,2491.81,3643.92,76.9366,6.96,0.0,1.01,0.0021,0.02,1071745.0,5.28,1.19,0.0
train2__val_center_bio_dna_geom_nt_v3_650m_esmc_600m_Hybrid_Concat_XGBoost__Train2Val_ProteinGym,76.9387,7.85,652901180,2491.81,3643.92,76.9366,6.81,0.0,1.02,0.0021,0.02,1071745.0,5.28,1.19,0.0
train2__val_center_bio_geom_prot_nt_v3_650m_esmc_600m_PyTorch_Concat__Train2Val_Test,118.393,5.63,575912129,1100.14,1469.0,118.3912,4.68,0.0,0.95,0.0018,0.0,875137.0,3.34,0.0,0.0
train2__val_center_bio_geom_prot_nt_v3_650m_esmc_600m_PyTorch_Concat__Train2Val_ClinVarHQ,118.393,5.9,575912129,1100.14,1469.0,118.3912,4.75,0.0,1.14,0.0018,0.01,875137.0,3.34,0.0,0.0
train2__val_center_bio_geom_prot_nt_v3_650m_esmc_600m_PyTorch_Concat__Train2Val_UniProt,118.393,5.7,575912129,1100.14,1469.0,118.3912,4.69,0.0,1.01,0.0018,0.0,875137.0,3.34,0.0,0.0
train2__val_center_bio_geom_prot_nt_v3_650m_esmc_600m_PyTorch_Concat__Train2Val_ProteinGym,118.393,5.72,575912129,1100.14,1469.0,118.3912,4.7,0.0,1.02,0.0018,0.01,875137.0,3.34,0.0,0.0
train2__val_center_bio_geom_prot_nt_v3_650m_esmc_600m_Pure_XGBoost_Concat__Train2Val_Test,118.3912,5.63,575036992,1097.85,1469.0,118.3912,4.68,0.0,0.95,0.0,0.0,0.0,1.05,1.05,0.0
train2__val_center_bio_geom_prot_nt_v3_650m_esmc_600m_Pure_XGBoost_Concat__Train2Val_ClinVarHQ,118.3912,5.9,575036992,1097.85,1469.0,118.3912,4.75,0.0,1.14,0.0,0.0,0.0,1.05,1.05,0.0
train2__val_center_bio_geom_prot_nt_v3_650m_esmc_600m_Pure_XGBoost_Concat__Train2Val_UniProt,118.3912,5.7,575036992,1097.85,1469.0,118.3912,4.69,0.0,1.01,0.0,0.0,0.0,1.05,1.05,0.0
train2__val_center_bio_geom_prot_nt_v3_650m_esmc_600m_Pure_XGBoost_Concat__Train2Val_ProteinGym,118.3912,5.72,575036992,1097.85,1469.0,118.3912,4.7,0.0,1.02,0.0,0.0,0.0,1.05,1.05,0.0
train2__val_center_bio_geom_prot_nt_v3_650m_esmc_600m_Hybrid_Concat_XGBoost__Train2Val_Test,118.393,5.65,575912129,1100.74,1469.0,118.3912,4.68,0.0,0.95,0.0018,0.02,875137.0,3.94,0.6,0.0
train2__val_center_bio_geom_prot_nt_v3_650m_esmc_600m_Hybrid_Concat_XGBoost__Train2Val_ClinVarHQ,118.393,5.91,575912129,1100.74,1469.0,118.3912,4.75,0.0,1.14,0.0018,0.02,875137.0,3.94,0.6,0.0
train2__val_center_bio_geom_prot_nt_v3_650m_esmc_600m_Hybrid_Concat_XGBoost__Train2Val_UniProt,118.393,5.72,575912129,1100.74,1469.0,118.3912,4.69,0.0,1.01,0.0018,0.02,875137.0,3.94,0.6,0.0
train2__val_center_bio_geom_prot_nt_v3_650m_esmc_600m_Hybrid_Concat_XGBoost__Train2Val_ProteinGym,118.393,5.73,575912129,1100.74,1469.0,118.3912,4.7,0.0,1.02,0.0018,0.02,875137.0,3.94,0.6,0.0
train2__val_cls_bio_None_None_PyTorch_Concat__Train2Val_Test,0.0002,0.0,85121,0.32,0.0,0.0,0.0,0.0,0.0,0.0002,0.0,85121.0,0.32,0.0,0.0
train2__val_cls_bio_None_None_PyTorch_Concat__Train2Val_ClinVarHQ,0.0002,0.0,85121,0.32,0.0,0.0,0.0,0.0,0.0,0.0002,0.0,85121.0,0.32,0.0,0.0
train2__val_cls_bio_None_None_PyTorch_Concat__Train2Val_UniProt,0.0002,0.0,85121,0.32,0.0,0.0,0.0,0.0,0.0,0.0002,0.0,85121.0,0.32,0.0,0.0
train2__val_cls_bio_None_None_PyTorch_Concat__Train2Val_ProteinGym,0.0002,0.0,85121,0.32,0.0,0.0,0.0,0.0,0.0,0.0002,0.0,85121.0,0.32,0.0,0.0
train2__val_cls_bio_None_None_Pure_XGBoost_Concat__Train2Val_Test,0.0,0.0,0,0.81,0.0,0.0,0.0,0.0,0.0,0.0,0.0,0.0,0.81,0.81,0.0
train2__val_cls_bio_None_None_Pure_XGBoost_Concat__Train2Val_ClinVarHQ,0.0,0.0,0,0.81,0.0,0.0,0.0,0.0,0.0,0.0,0.0,0.0,0.81,0.81,0.0
train2__val_cls_bio_None_None_Pure_XGBoost_Concat__Train2Val_UniProt,0.0,0.0,0,0.81,0.0,0.0,0.0,0.0,0.0,0.0,0.0,0.0,0.81,0.81,0.0
train2__val_cls_bio_None_None_Pure_XGBoost_Concat__Train2Val_ProteinGym,0.0,0.0,0,0.81,0.0,0.0,0.0,0.0,0.0,0.0,0.0,0.0,0.81,0.81,0.0
train2__val_cls_bio_None_None_Hybrid_Concat_XGBoost__Train2Val_Test,0.0002,0.01,85121,1.48,0.0,0.0,0.0,0.0,0.0,0.0002,0.01,85121.0,1.48,1.16,0.0
train2__val_cls_bio_None_None_Hybrid_Concat_XGBoost__Train2Val_ClinVarHQ,0.0002,0.01,85121,1.48,0.0,0.0,0.0,0.0,0.0,0.0002,0.01,85121.0,1.48,1.16,0.0
train2__val_cls_bio_None_None_Hybrid_Concat_XGBoost__Train2Val_UniProt,0.0002,0.01,85121,1.48,0.0,0.0,0.0,0.0,0.0,0.0002,0.01,85121.0,1.48,1.16,0.0
train2__val_cls_bio_None_None_Hybrid_Concat_XGBoost__Train2Val_ProteinGym,0.0002,0.01,85121,1.48,0.0,0.0,0.0,0.0,0.0,0.0002,0.01,85121.0,1.48,1.16,0.0
train2__val_cls_geom_nt_v1_500m_esm1b_650m_PyTorch_Concat__Train2Val_Test,0.0002,0.89,84737,0.32,188.98,0.0,0.0,0.0,0.89,0.0002,0.0,84737.0,0.32,0.0,0.0
train2__val_cls_geom_nt_v1_500m_esm1b_650m_PyTorch_Concat__Train2Val_ClinVarHQ,0.0002,1.11,84737,0.32,29.73,0.0,0.0,0.0,1.11,0.0002,0.0,84737.0,0.32,0.0,0.0
train2__val_cls_geom_nt_v1_500m_esm1b_650m_PyTorch_Concat__Train2Val_UniProt,0.0002,0.97,84737,0.32,48.67,0.0,0.0,0.0,0.97,0.0002,0.0,84737.0,0.32,0.0,0.0
train2__val_cls_geom_nt_v1_500m_esm1b_650m_PyTorch_Concat__Train2Val_ProteinGym,0.0002,0.97,84737,0.32,52.27,0.0,0.0,0.0,0.97,0.0002,0.0,84737.0,0.32,0.0,0.0
train2__val_cls_geom_nt_v1_500m_esm1b_650m_Pure_XGBoost_Concat__Train2Val_Test,0.0,0.89,0,0.32,188.98,0.0,0.0,0.0,0.89,0.0,0.0,0.0,0.32,0.32,0.0
train2__val_cls_geom_nt_v1_500m_esm1b_650m_Pure_XGBoost_Concat__Train2Val_ClinVarHQ,0.0,1.11,0,0.32,29.73,0.0,0.0,0.0,1.11,0.0,0.0,0.0,0.32,0.32,0.0
train2__val_cls_geom_nt_v1_500m_esm1b_650m_Pure_XGBoost_Concat__Train2Val_UniProt,0.0,0.97,0,0.32,48.67,0.0,0.0,0.0,0.97,0.0,0.0,0.0,0.32,0.32,0.0
train2__val_cls_geom_nt_v1_500m_esm1b_650m_Pure_XGBoost_Concat__Train2Val_ProteinGym,0.0,0.97,0,0.32,52.27,0.0,0.0,0.0,0.97,0.0,0.0,0.0,0.32,0.32,0.0
train2__val_cls_geom_nt_v1_500m_esm1b_650m_Hybrid_Concat_XGBoost__Train2Val_Test,0.0002,0.9,84737,0.59,188.98,0.0,0.0,0.0,0.89,0.0002,0.01,84737.0,0.59,0.27,0.0
train2__val_cls_geom_nt_v1_500m_esm1b_650m_Hybrid_Concat_XGBoost__Train2Val_ClinVarHQ,0.0002,1.12,84737,0.59,29.73,0.0,0.0,0.0,1.11,0.0002,0.01,84737.0,0.59,0.27,0.0
train2__val_cls_geom_nt_v1_500m_esm1b_650m_Hybrid_Concat_XGBoost__Train2Val_UniProt,0.0002,0.98,84737,0.59,48.67,0.0,0.0,0.0,0.97,0.0002,0.01,84737.0,0.59,0.27,0.0
train2__val_cls_geom_nt_v1_500m_esm1b_650m_Hybrid_Concat_XGBoost__Train2Val_ProteinGym,0.0002,0.98,84737,0.59,52.27,0.0,0.0,0.0,0.97,0.0002,0.01,84737.0,0.59,0.27,0.0
train2__val_cls_dna_nt_v1_500m_None_PyTorch_Concat__Train2Val_Test,97.7194,3.86,486588011,929.79,1656.34,97.7176,3.86,0.0,0.0,0.0018,0.0,888705.0,3.39,0.0,0.0
train2__val_cls_dna_nt_v1_500m_None_PyTorch_Concat__Train2Val_ClinVarHQ,97.7194,4.23,486588011,929.79,1656.34,97.7176,4.22,0.0,0.0,0.0018,0.01,888705.0,3.39,0.0,0.0
train2__val_cls_dna_nt_v1_500m_None_PyTorch_Concat__Train2Val_UniProt,97.7194,4.19,486588011,929.79,1656.34,97.7176,4.19,0.0,0.0,0.0018,0.0,888705.0,3.39,0.0,0.0
train2__val_cls_dna_nt_v1_500m_None_PyTorch_Concat__Train2Val_ProteinGym,97.7194,4.2,486588011,929.79,1656.34,97.7176,4.2,0.0,0.0,0.0018,0.0,888705.0,3.39,0.0,0.0
train2__val_cls_dna_nt_v1_500m_None_Pure_XGBoost_Concat__Train2Val_Test,97.7176,3.86,485699306,928.66,1656.34,97.7176,3.86,0.0,0.0,0.0,0.0,0.0,2.26,2.26,0.0
train2__val_cls_dna_nt_v1_500m_None_Pure_XGBoost_Concat__Train2Val_ClinVarHQ,97.7176,4.23,485699306,928.66,1656.34,97.7176,4.22,0.0,0.0,0.0,0.01,0.0,2.26,2.26,0.0
train2__val_cls_dna_nt_v1_500m_None_Pure_XGBoost_Concat__Train2Val_UniProt,97.7176,4.19,485699306,928.66,1656.34,97.7176,4.19,0.0,0.0,0.0,0.0,0.0,2.26,2.26,0.0
train2__val_cls_dna_nt_v1_500m_None_Pure_XGBoost_Concat__Train2Val_ProteinGym,97.7176,4.2,485699306,928.66,1656.34,97.7176,4.2,0.0,0.0,0.0,0.0,0.0,2.26,2.26,0.0
train2__val_cls_dna_nt_v1_500m_None_Hybrid_Concat_XGBoost__Train2Val_Test,97.7194,3.88,486588011,932.03,1656.34,97.7176,3.86,0.0,0.0,0.0018,0.02,888705.0,5.63,2.24,0.0
train2__val_cls_dna_nt_v1_500m_None_Hybrid_Concat_XGBoost__Train2Val_ClinVarHQ,97.7194,4.24,486588011,932.03,1656.34,97.7176,4.22,0.0,0.0,0.0018,0.02,888705.0,5.63,2.24,0.0
train2__val_cls_dna_nt_v1_500m_None_Hybrid_Concat_XGBoost__Train2Val_UniProt,97.7194,4.21,486588011,932.03,1656.34,97.7176,4.19,0.0,0.0,0.0018,0.02,888705.0,5.63,2.24,0.0
train2__val_cls_dna_nt_v1_500m_None_Hybrid_Concat_XGBoost__Train2Val_ProteinGym,97.7194,4.22,486588011,932.03,1656.34,97.7176,4.2,0.0,0.0,0.0018,0.02,888705.0,5.63,2.24,0.0
train2__val_cls_prot_None_esm1b_650m_PyTorch_Concat__Train2Val_Test,134.0749,5.48,653247799,1247.67,1961.98,134.0731,5.48,0.0,0.0,0.0018,0.0,888705.0,3.39,0.0,0.0
train2__val_cls_prot_None_esm1b_650m_PyTorch_Concat__Train2Val_ClinVarHQ,134.0749,5.64,653247799,1247.67,1961.98,134.0731,5.63,0.0,0.0,0.0018,0.01,888705.0,3.39,0.0,0.0
train2__val_cls_prot_None_esm1b_650m_PyTorch_Concat__Train2Val_UniProt,134.0749,5.65,653247799,1247.67,1961.98,134.0731,5.65,0.0,0.0,0.0018,0.0,888705.0,3.39,0.0,0.0
train2__val_cls_prot_None_esm1b_650m_PyTorch_Concat__Train2Val_ProteinGym,134.0749,5.67,653247799,1247.67,1961.98,134.0731,5.67,0.0,0.0,0.0018,0.0,888705.0,3.39,0.0,0.0
train2__val_cls_prot_None_esm1b_650m_Pure_XGBoost_Concat__Train2Val_Test,134.0731,5.48,652359094,1246.64,1961.98,134.0731,5.48,0.0,0.0,0.0,0.0,0.0,2.36,2.36,0.0
train2__val_cls_prot_None_esm1b_650m_Pure_XGBoost_Concat__Train2Val_ClinVarHQ,134.0731,5.64,652359094,1246.64,1961.98,134.0731,5.63,0.0,0.0,0.0,0.01,0.0,2.36,2.36,0.0
train2__val_cls_prot_None_esm1b_650m_Pure_XGBoost_Concat__Train2Val_UniProt,134.0731,5.66,652359094,1246.64,1961.98,134.0731,5.65,0.0,0.0,0.0,0.01,0.0,2.36,2.36,0.0
train2__val_cls_prot_None_esm1b_650m_Pure_XGBoost_Concat__Train2Val_ProteinGym,134.0731,5.67,652359094,1246.64,1961.98,134.0731,5.67,0.0,0.0,0.0,0.0,0.0,2.36,2.36,0.0
train2__val_cls_prot_None_esm1b_650m_Hybrid_Concat_XGBoost__Train2Val_Test,134.0749,5.5,653247799,1249.79,1961.98,134.0731,5.48,0.0,0.0,0.0018,0.02,888705.0,5.51,2.12,0.0
train2__val_cls_prot_None_esm1b_650m_Hybrid_Concat_XGBoost__Train2Val_ClinVarHQ,134.0749,5.65,653247799,1249.79,1961.98,134.0731,5.63,0.0,0.0,0.0018,0.02,888705.0,5.51,2.12,0.0
train2__val_cls_prot_None_esm1b_650m_Hybrid_Concat_XGBoost__Train2Val_UniProt,134.0749,5.67,653247799,1249.79,1961.98,134.0731,5.65,0.0,0.0,0.0018,0.02,888705.0,5.51,2.12,0.0
train2__val_cls_prot_None_esm1b_650m_Hybrid_Concat_XGBoost__Train2Val_ProteinGym,134.0749,5.69,653247799,1249.79,1961.98,134.0731,5.67,0.0,0.0,0.0018,0.02,888705.0,5.51,2.12,0.0
train2__val_cls_bio_dna_nt_v1_500m_None_PyTorch_Concat__Train2Val_Test,97.7195,3.86,486638955,929.98,1656.34,97.7176,3.86,0.0,0.0,0.0019,0.0,939649.0,3.58,0.0,0.0
train2__val_cls_bio_dna_nt_v1_500m_None_PyTorch_Concat__Train2Val_ClinVarHQ,97.7195,4.23,486638955,929.98,1656.34,97.7176,4.22,0.0,0.0,0.0019,0.01,939649.0,3.58,0.0,0.0
train2__val_cls_bio_dna_nt_v1_500m_None_PyTorch_Concat__Train2Val_UniProt,97.7195,4.2,486638955,929.98,1656.34,97.7176,4.19,0.0,0.0,0.0019,0.01,939649.0,3.58,0.0,0.0
train2__val_cls_bio_dna_nt_v1_500m_None_PyTorch_Concat__Train2Val_ProteinGym,97.7195,4.2,486638955,929.98,1656.34,97.7176,4.2,0.0,0.0,0.0019,0.0,939649.0,3.58,0.0,0.0
train2__val_cls_bio_dna_nt_v1_500m_None_Pure_XGBoost_Concat__Train2Val_Test,97.7176,3.86,485699306,927.94,1656.34,97.7176,3.86,0.0,0.0,0.0,0.0,0.0,1.54,1.54,0.0
train2__val_cls_bio_dna_nt_v1_500m_None_Pure_XGBoost_Concat__Train2Val_ClinVarHQ,97.7176,4.22,485699306,927.94,1656.34,97.7176,4.22,0.0,0.0,0.0,0.01,0.0,1.54,1.54,0.0
train2__val_cls_bio_dna_nt_v1_500m_None_Pure_XGBoost_Concat__Train2Val_UniProt,97.7176,4.19,485699306,927.94,1656.34,97.7176,4.19,0.0,0.0,0.0,0.0,0.0,1.54,1.54,0.0
train2__val_cls_bio_dna_nt_v1_500m_None_Pure_XGBoost_Concat__Train2Val_ProteinGym,97.7176,4.21,485699306,927.94,1656.34,97.7176,4.2,0.0,0.0,0.0,0.01,0.0,1.54,1.54,0.0
train2__val_cls_bio_dna_nt_v1_500m_None_Hybrid_Concat_XGBoost__Train2Val_Test,97.7195,3.88,486638955,931.3,1656.34,97.7176,3.86,0.0,0.0,0.0019,0.02,939649.0,4.9,1.32,0.0
train2__val_cls_bio_dna_nt_v1_500m_None_Hybrid_Concat_XGBoost__Train2Val_ClinVarHQ,97.7195,4.24,486638955,931.3,1656.34,97.7176,4.22,0.0,0.0,0.0019,0.02,939649.0,4.9,1.32,0.0
train2__val_cls_bio_dna_nt_v1_500m_None_Hybrid_Concat_XGBoost__Train2Val_UniProt,97.7195,4.21,486638955,931.3,1656.34,97.7176,4.19,0.0,0.0,0.0019,0.02,939649.0,4.9,1.32,0.0
train2__val_cls_bio_dna_nt_v1_500m_None_Hybrid_Concat_XGBoost__Train2Val_ProteinGym,97.7195,4.22,486638955,931.3,1656.34,97.7176,4.2,0.0,0.0,0.0019,0.02,939649.0,4.9,1.32,0.0
train2__val_cls_bio_prot_None_esm1b_650m_PyTorch_Concat__Train2Val_Test,134.075,5.48,653298743,1247.86,1961.98,134.0731,5.48,0.0,0.0,0.0019,0.0,939649.0,3.58,0.0,0.0
train2__val_cls_bio_prot_None_esm1b_650m_PyTorch_Concat__Train2Val_ClinVarHQ,134.075,5.64,653298743,1247.86,1961.98,134.0731,5.63,0.0,0.0,0.0019,0.01,939649.0,3.58,0.0,0.0
train2__val_cls_bio_prot_None_esm1b_650m_PyTorch_Concat__Train2Val_UniProt,134.075,5.65,653298743,1247.86,1961.98,134.0731,5.65,0.0,0.0,0.0019,0.0,939649.0,3.58,0.0,0.0
train2__val_cls_bio_prot_None_esm1b_650m_PyTorch_Concat__Train2Val_ProteinGym,134.075,5.67,653298743,1247.86,1961.98,134.0731,5.67,0.0,0.0,0.0019,0.0,939649.0,3.58,0.0,0.0
train2__val_cls_bio_prot_None_esm1b_650m_Pure_XGBoost_Concat__Train2Val_Test,134.0731,5.48,652359094,1245.97,1961.98,134.0731,5.48,0.0,0.0,0.0,0.0,0.0,1.69,1.69,0.0
train2__val_cls_bio_prot_None_esm1b_650m_Pure_XGBoost_Concat__Train2Val_ClinVarHQ,134.0731,5.65,652359094,1245.97,1961.98,134.0731,5.63,0.0,0.0,0.0,0.02,0.0,1.69,1.69,0.0
train2__val_cls_bio_prot_None_esm1b_650m_Pure_XGBoost_Concat__Train2Val_UniProt,134.0731,5.66,652359094,1245.97,1961.98,134.0731,5.65,0.0,0.0,0.0,0.01,0.0,1.69,1.69,0.0
train2__val_cls_bio_prot_None_esm1b_650m_Pure_XGBoost_Concat__Train2Val_ProteinGym,134.0731,5.67,652359094,1245.97,1961.98,134.0731,5.67,0.0,0.0,0.0,0.0,0.0,1.69,1.69,0.0
train2__val_cls_bio_prot_None_esm1b_650m_Hybrid_Concat_XGBoost__Train2Val_Test,134.075,5.5,653298743,1249.1,1961.98,134.0731,5.48,0.0,0.0,0.0019,0.02,939649.0,4.82,1.24,0.0
train2__val_cls_bio_prot_None_esm1b_650m_Hybrid_Concat_XGBoost__Train2Val_ClinVarHQ,134.075,5.65,653298743,1249.1,1961.98,134.0731,5.63,0.0,0.0,0.0019,0.02,939649.0,4.82,1.24,0.0
train2__val_cls_bio_prot_None_esm1b_650m_Hybrid_Concat_XGBoost__Train2Val_UniProt,134.075,5.67,653298743,1249.1,1961.98,134.0731,5.65,0.0,0.0,0.0019,0.02,939649.0,4.82,1.24,0.0
train2__val_cls_bio_prot_None_esm1b_650m_Hybrid_Concat_XGBoost__Train2Val_ProteinGym,134.075,5.69,653298743,1249.1,1961.98,134.0731,5.67,0.0,0.0,0.0019,0.02,939649.0,4.82,1.24,0.0
train2__val_cls_dna_geom_nt_v1_500m_esm1b_650m_PyTorch_Concat__Train2Val_Test,97.7195,4.75,486638571,929.98,1656.34,97.7176,3.86,0.0,0.89,0.0019,0.0,939265.0,3.58,0.0,0.0
train2__val_cls_dna_geom_nt_v1_500m_esm1b_650m_PyTorch_Concat__Train2Val_ClinVarHQ,97.7195,5.34,486638571,929.98,1656.34,97.7176,4.22,0.0,1.11,0.0019,0.01,939265.0,3.58,0.0,0.0
train2__val_cls_dna_geom_nt_v1_500m_esm1b_650m_PyTorch_Concat__Train2Val_UniProt,97.7195,5.17,486638571,929.98,1656.34,97.7176,4.19,0.0,0.97,0.0019,0.0,939265.0,3.58,0.0,0.0
train2__val_cls_dna_geom_nt_v1_500m_esm1b_650m_PyTorch_Concat__Train2Val_ProteinGym,97.7195,5.17,486638571,929.98,1656.34,97.7176,4.2,0.0,0.97,0.0019,0.0,939265.0,3.58,0.0,0.0
train2__val_cls_dna_geom_nt_v1_500m_esm1b_650m_Pure_XGBoost_Concat__Train2Val_Test,97.7176,4.75,485699306,927.77,1656.34,97.7176,3.86,0.0,0.89,0.0,0.0,0.0,1.37,1.37,0.0
train2__val_cls_dna_geom_nt_v1_500m_esm1b_650m_Pure_XGBoost_Concat__Train2Val_ClinVarHQ,97.7176,5.34,485699306,927.77,1656.34,97.7176,4.22,0.0,1.11,0.0,0.01,0.0,1.37,1.37,0.0
train2__val_cls_dna_geom_nt_v1_500m_esm1b_650m_Pure_XGBoost_Concat__Train2Val_UniProt,97.7176,5.17,485699306,927.77,1656.34,97.7176,4.19,0.0,0.97,0.0,0.0,0.0,1.37,1.37,0.0
train2__val_cls_dna_geom_nt_v1_500m_esm1b_650m_Pure_XGBoost_Concat__Train2Val_ProteinGym,97.7176,5.18,485699306,927.77,1656.34,97.7176,4.2,0.0,0.97,0.0,0.0,0.0,1.37,1.37,0.0
train2__val_cls_dna_geom_nt_v1_500m_esm1b_650m_Hybrid_Concat_XGBoost__Train2Val_Test,97.7195,4.77,486638571,930.51,1656.34,97.7176,3.86,0.0,0.89,0.0019,0.02,939265.0,4.11,0.53,0.0
train2__val_cls_dna_geom_nt_v1_500m_esm1b_650m_Hybrid_Concat_XGBoost__Train2Val_ClinVarHQ,97.7195,5.35,486638571,930.51,1656.34,97.7176,4.22,0.0,1.11,0.0019,0.02,939265.0,4.11,0.53,0.0
train2__val_cls_dna_geom_nt_v1_500m_esm1b_650m_Hybrid_Concat_XGBoost__Train2Val_UniProt,97.7195,5.18,486638571,930.51,1656.34,97.7176,4.19,0.0,0.97,0.0019,0.02,939265.0,4.11,0.53,0.0
train2__val_cls_dna_geom_nt_v1_500m_esm1b_650m_Hybrid_Concat_XGBoost__Train2Val_ProteinGym,97.7195,5.19,486638571,930.51,1656.34,97.7176,4.2,0.0,0.97,0.0019,0.02,939265.0,4.11,0.53,0.0
train2__val_cls_geom_prot_nt_v1_500m_esm1b_650m_PyTorch_Concat__Train2Val_Test,134.075,6.37,653298359,1247.86,1961.98,134.0731,5.48,0.0,0.89,0.0019,0.0,939265.0,3.58,0.0,0.0
train2__val_cls_geom_prot_nt_v1_500m_esm1b_650m_PyTorch_Concat__Train2Val_ClinVarHQ,134.075,6.75,653298359,1247.86,1961.98,134.0731,5.63,0.0,1.11,0.0019,0.01,939265.0,3.58,0.0,0.0
train2__val_cls_geom_prot_nt_v1_500m_esm1b_650m_PyTorch_Concat__Train2Val_UniProt,134.075,6.63,653298359,1247.86,1961.98,134.0731,5.65,0.0,0.97,0.0019,0.01,939265.0,3.58,0.0,0.0
train2__val_cls_geom_prot_nt_v1_500m_esm1b_650m_PyTorch_Concat__Train2Val_ProteinGym,134.075,6.65,653298359,1247.86,1961.98,134.0731,5.67,0.0,0.97,0.0019,0.0,939265.0,3.58,0.0,0.0
train2__val_cls_geom_prot_nt_v1_500m_esm1b_650m_Pure_XGBoost_Concat__Train2Val_Test,134.0731,6.37,652359094,1245.94,1961.98,134.0731,5.48,0.0,0.89,0.0,0.0,0.0,1.66,1.66,0.0
train2__val_cls_geom_prot_nt_v1_500m_esm1b_650m_Pure_XGBoost_Concat__Train2Val_ClinVarHQ,134.0731,6.75,652359094,1245.94,1961.98,134.0731,5.63,0.0,1.11,0.0,0.01,0.0,1.66,1.66,0.0
train2__val_cls_geom_prot_nt_v1_500m_esm1b_650m_Pure_XGBoost_Concat__Train2Val_UniProt,134.0731,6.63,652359094,1245.94,1961.98,134.0731,5.65,0.0,0.97,0.0,0.01,0.0,1.66,1.66,0.0
train2__val_cls_geom_prot_nt_v1_500m_esm1b_650m_Pure_XGBoost_Concat__Train2Val_ProteinGym,134.0731,6.65,652359094,1245.94,1961.98,134.0731,5.67,0.0,0.97,0.0,0.01,0.0,1.66,1.66,0.0
train2__val_cls_geom_prot_nt_v1_500m_esm1b_650m_Hybrid_Concat_XGBoost__Train2Val_Test,134.075,6.39,653298359,1248.54,1961.98,134.0731,5.48,0.0,0.89,0.0019,0.02,939265.0,4.26,0.68,0.0
train2__val_cls_geom_prot_nt_v1_500m_esm1b_650m_Hybrid_Concat_XGBoost__Train2Val_ClinVarHQ,134.075,6.76,653298359,1248.54,1961.98,134.0731,5.63,0.0,1.11,0.0019,0.02,939265.0,4.26,0.68,0.0
train2__val_cls_geom_prot_nt_v1_500m_esm1b_650m_Hybrid_Concat_XGBoost__Train2Val_UniProt,134.075,6.64,653298359,1248.54,1961.98,134.0731,5.65,0.0,0.97,0.0019,0.02,939265.0,4.26,0.68,0.0
train2__val_cls_geom_prot_nt_v1_500m_esm1b_650m_Hybrid_Concat_XGBoost__Train2Val_ProteinGym,134.075,6.66,653298359,1248.54,1961.98,134.0731,5.67,0.0,0.97,0.0019,0.02,939265.0,4.26,0.68,0.0
train2__val_cls_bio_dna_geom_nt_v1_500m_esm1b_650m_PyTorch_Concat__Train2Val_Test,97.7195,4.75,486639979,929.99,1656.34,97.7176,3.86,0.0,0.89,0.0019,0.0,940673.0,3.59,0.0,0.0
train2__val_cls_bio_dna_geom_nt_v1_500m_esm1b_650m_PyTorch_Concat__Train2Val_ClinVarHQ,97.7195,5.34,486639979,929.99,1656.34,97.7176,4.22,0.0,1.11,0.0019,0.01,940673.0,3.59,0.0,0.0
train2__val_cls_bio_dna_geom_nt_v1_500m_esm1b_650m_PyTorch_Concat__Train2Val_UniProt,97.7195,5.17,486639979,929.99,1656.34,97.7176,4.19,0.0,0.97,0.0019,0.0,940673.0,3.59,0.0,0.0
train2__val_cls_bio_dna_geom_nt_v1_500m_esm1b_650m_PyTorch_Concat__Train2Val_ProteinGym,97.7195,5.18,486639979,929.99,1656.34,97.7176,4.2,0.0,0.97,0.0019,0.01,940673.0,3.59,0.0,0.0
train2__val_cls_bio_dna_geom_nt_v1_500m_esm1b_650m_Pure_XGBoost_Concat__Train2Val_Test,97.7176,4.75,485699306,927.01,1656.34,97.7176,3.86,0.0,0.89,0.0,0.0,0.0,0.61,0.61,0.0
train2__val_cls_bio_dna_geom_nt_v1_500m_esm1b_650m_Pure_XGBoost_Concat__Train2Val_ClinVarHQ,97.7176,5.34,485699306,927.01,1656.34,97.7176,4.22,0.0,1.11,0.0,0.0,0.0,0.61,0.61,0.0
train2__val_cls_bio_dna_geom_nt_v1_500m_esm1b_650m_Pure_XGBoost_Concat__Train2Val_UniProt,97.7176,5.17,485699306,927.01,1656.34,97.7176,4.19,0.0,0.97,0.0,0.0,0.0,0.61,0.61,0.0
train2__val_cls_bio_dna_geom_nt_v1_500m_esm1b_650m_Pure_XGBoost_Concat__Train2Val_ProteinGym,97.7176,5.17,485699306,927.01,1656.34,97.7176,4.2,0.0,0.97,0.0,0.0,0.0,0.61,0.61,0.0
train2__val_cls_bio_dna_geom_nt_v1_500m_esm1b_650m_Hybrid_Concat_XGBoost__Train2Val_Test,97.7195,4.77,486639979,930.22,1656.34,97.7176,3.86,0.0,0.89,0.0019,0.02,940673.0,3.82,0.23,0.0
train2__val_cls_bio_dna_geom_nt_v1_500m_esm1b_650m_Hybrid_Concat_XGBoost__Train2Val_ClinVarHQ,97.7195,5.36,486639979,930.22,1656.34,97.7176,4.22,0.0,1.11,0.0019,0.03,940673.0,3.82,0.23,0.0
train2__val_cls_bio_dna_geom_nt_v1_500m_esm1b_650m_Hybrid_Concat_XGBoost__Train2Val_UniProt,97.7195,5.18,486639979,930.22,1656.34,97.7176,4.19,0.0,0.97,0.0019,0.02,940673.0,3.82,0.23,0.0
train2__val_cls_bio_dna_geom_nt_v1_500m_esm1b_650m_Hybrid_Concat_XGBoost__Train2Val_ProteinGym,97.7195,5.19,486639979,930.22,1656.34,97.7176,4.2,0.0,0.97,0.0019,0.02,940673.0,3.82,0.23,0.0
train2__val_cls_bio_geom_prot_nt_v1_500m_esm1b_650m_PyTorch_Concat__Train2Val_Test,134.075,6.37,653299767,1247.87,1961.98,134.0731,5.48,0.0,0.89,0.0019,0.01,940673.0,3.59,0.0,0.0
train2__val_cls_bio_geom_prot_nt_v1_500m_esm1b_650m_PyTorch_Concat__Train2Val_ClinVarHQ,134.075,6.75,653299767,1247.87,1961.98,134.0731,5.63,0.0,1.11,0.0019,0.0,940673.0,3.59,0.0,0.0
train2__val_cls_bio_geom_prot_nt_v1_500m_esm1b_650m_PyTorch_Concat__Train2Val_UniProt,134.075,6.63,653299767,1247.87,1961.98,134.0731,5.65,0.0,0.97,0.0019,0.0,940673.0,3.59,0.0,0.0
train2__val_cls_bio_geom_prot_nt_v1_500m_esm1b_650m_PyTorch_Concat__Train2Val_ProteinGym,134.075,6.64,653299767,1247.87,1961.98,134.0731,5.67,0.0,0.97,0.0019,0.0,940673.0,3.59,0.0,0.0
train2__val_cls_bio_geom_prot_nt_v1_500m_esm1b_650m_Pure_XGBoost_Concat__Train2Val_Test,134.0731,6.37,652359094,1245.02,1961.98,134.0731,5.48,0.0,0.89,0.0,0.0,0.0,0.74,0.74,0.0
train2__val_cls_bio_geom_prot_nt_v1_500m_esm1b_650m_Pure_XGBoost_Concat__Train2Val_ClinVarHQ,134.0731,6.75,652359094,1245.02,1961.98,134.0731,5.63,0.0,1.11,0.0,0.0,0.0,0.74,0.74,0.0
train2__val_cls_bio_geom_prot_nt_v1_500m_esm1b_650m_Pure_XGBoost_Concat__Train2Val_UniProt,134.0731,6.63,652359094,1245.02,1961.98,134.0731,5.65,0.0,0.97,0.0,0.0,0.0,0.74,0.74,0.0
train2__val_cls_bio_geom_prot_nt_v1_500m_esm1b_650m_Pure_XGBoost_Concat__Train2Val_ProteinGym,134.0731,6.65,652359094,1245.02,1961.98,134.0731,5.67,0.0,0.97,0.0,0.0,0.0,0.74,0.74,0.0
train2__val_cls_bio_geom_prot_nt_v1_500m_esm1b_650m_Hybrid_Concat_XGBoost__Train2Val_Test,134.075,6.39,653299767,1248.12,1961.98,134.0731,5.48,0.0,0.89,0.0019,0.02,940673.0,3.84,0.25,0.0
train2__val_cls_bio_geom_prot_nt_v1_500m_esm1b_650m_Hybrid_Concat_XGBoost__Train2Val_ClinVarHQ,134.075,6.76,653299767,1248.12,1961.98,134.0731,5.63,0.0,1.11,0.0019,0.02,940673.0,3.84,0.25,0.0
train2__val_cls_bio_geom_prot_nt_v1_500m_esm1b_650m_Hybrid_Concat_XGBoost__Train2Val_UniProt,134.075,6.64,653299767,1248.12,1961.98,134.0731,5.65,0.0,0.97,0.0019,0.02,940673.0,3.84,0.25,0.0
train2__val_cls_bio_geom_prot_nt_v1_500m_esm1b_650m_Hybrid_Concat_XGBoost__Train2Val_ProteinGym,134.075,6.66,653299767,1248.12,1961.98,134.0731,5.67,0.0,0.97,0.0019,0.02,940673.0,3.84,0.25,0.0
train2__val_mean_bio_None_None_PyTorch_Concat__Train2Val_Test,0.0002,0.0,85121,0.32,0.0,0.0,0.0,0.0,0.0,0.0002,0.0,85121.0,0.32,0.0,0.0
train2__val_mean_bio_None_None_PyTorch_Concat__Train2Val_ClinVarHQ,0.0002,0.0,85121,0.32,0.0,0.0,0.0,0.0,0.0,0.0002,0.0,85121.0,0.32,0.0,0.0
train2__val_mean_bio_None_None_PyTorch_Concat__Train2Val_UniProt,0.0002,0.0,85121,0.32,0.0,0.0,0.0,0.0,0.0,0.0002,0.0,85121.0,0.32,0.0,0.0
train2__val_mean_bio_None_None_PyTorch_Concat__Train2Val_ProteinGym,0.0002,0.0,85121,0.32,0.0,0.0,0.0,0.0,0.0,0.0002,0.0,85121.0,0.32,0.0,0.0
train2__val_mean_bio_None_None_Pure_XGBoost_Concat__Train2Val_Test,0.0,0.0,0,0.77,0.0,0.0,0.0,0.0,0.0,0.0,0.0,0.0,0.77,0.77,0.0
train2__val_mean_bio_None_None_Pure_XGBoost_Concat__Train2Val_ClinVarHQ,0.0,0.0,0,0.77,0.0,0.0,0.0,0.0,0.0,0.0,0.0,0.0,0.77,0.77,0.0
train2__val_mean_bio_None_None_Pure_XGBoost_Concat__Train2Val_UniProt,0.0,0.0,0,0.77,0.0,0.0,0.0,0.0,0.0,0.0,0.0,0.0,0.77,0.77,0.0
train2__val_mean_bio_None_None_Pure_XGBoost_Concat__Train2Val_ProteinGym,0.0,0.0,0,0.77,0.0,0.0,0.0,0.0,0.0,0.0,0.0,0.0,0.77,0.77,0.0
train2__val_mean_bio_None_None_Hybrid_Concat_XGBoost__Train2Val_Test,0.0002,0.01,85121,0.94,0.0,0.0,0.0,0.0,0.0,0.0002,0.01,85121.0,0.94,0.62,0.0
train2__val_mean_bio_None_None_Hybrid_Concat_XGBoost__Train2Val_ClinVarHQ,0.0002,0.01,85121,0.94,0.0,0.0,0.0,0.0,0.0,0.0002,0.01,85121.0,0.94,0.62,0.0
train2__val_mean_bio_None_None_Hybrid_Concat_XGBoost__Train2Val_UniProt,0.0002,0.01,85121,0.94,0.0,0.0,0.0,0.0,0.0,0.0002,0.01,85121.0,0.94,0.62,0.0
train2__val_mean_bio_None_None_Hybrid_Concat_XGBoost__Train2Val_ProteinGym,0.0002,0.01,85121,0.94,0.0,0.0,0.0,0.0,0.0,0.0002,0.01,85121.0,0.94,0.62,0.0
train2__val_mean_geom_nt_v1_500m_esm1b_650m_PyTorch_Concat__Train2Val_Test,0.0002,0.9,84737,0.32,188.98,0.0,0.0,0.0,0.9,0.0002,0.0,84737.0,0.32,0.0,0.0
train2__val_mean_geom_nt_v1_500m_esm1b_650m_PyTorch_Concat__Train2Val_ClinVarHQ,0.0002,1.13,84737,0.32,29.73,0.0,0.0,0.0,1.13,0.0002,0.0,84737.0,0.32,0.0,0.0
train2__val_mean_geom_nt_v1_500m_esm1b_650m_PyTorch_Concat__Train2Val_UniProt,0.0002,0.98,84737,0.32,48.67,0.0,0.0,0.0,0.98,0.0002,0.0,84737.0,0.32,0.0,0.0
train2__val_mean_geom_nt_v1_500m_esm1b_650m_PyTorch_Concat__Train2Val_ProteinGym,0.0002,0.97,84737,0.32,52.27,0.0,0.0,0.0,0.97,0.0002,0.0,84737.0,0.32,0.0,0.0
train2__val_mean_geom_nt_v1_500m_esm1b_650m_Pure_XGBoost_Concat__Train2Val_Test,0.0,0.9,0,0.46,188.98,0.0,0.0,0.0,0.9,0.0,0.0,0.0,0.46,0.46,0.0
train2__val_mean_geom_nt_v1_500m_esm1b_650m_Pure_XGBoost_Concat__Train2Val_ClinVarHQ,0.0,1.13,0,0.46,29.73,0.0,0.0,0.0,1.13,0.0,0.0,0.0,0.46,0.46,0.0
train2__val_mean_geom_nt_v1_500m_esm1b_650m_Pure_XGBoost_Concat__Train2Val_UniProt,0.0,0.98,0,0.46,48.67,0.0,0.0,0.0,0.98,0.0,0.0,0.0,0.46,0.46,0.0
train2__val_mean_geom_nt_v1_500m_esm1b_650m_Pure_XGBoost_Concat__Train2Val_ProteinGym,0.0,0.97,0,0.46,52.27,0.0,0.0,0.0,0.97,0.0,0.0,0.0,0.46,0.46,0.0
train2__val_mean_geom_nt_v1_500m_esm1b_650m_Hybrid_Concat_XGBoost__Train2Val_Test,0.0002,0.91,84737,0.6,188.98,0.0,0.0,0.0,0.9,0.0002,0.01,84737.0,0.6,0.28,0.0
train2__val_mean_geom_nt_v1_500m_esm1b_650m_Hybrid_Concat_XGBoost__Train2Val_ClinVarHQ,0.0002,1.14,84737,0.6,29.73,0.0,0.0,0.0,1.13,0.0002,0.01,84737.0,0.6,0.28,0.0
train2__val_mean_geom_nt_v1_500m_esm1b_650m_Hybrid_Concat_XGBoost__Train2Val_UniProt,0.0002,0.99,84737,0.6,48.67,0.0,0.0,0.0,0.98,0.0002,0.01,84737.0,0.6,0.28,0.0
train2__val_mean_geom_nt_v1_500m_esm1b_650m_Hybrid_Concat_XGBoost__Train2Val_ProteinGym,0.0002,0.98,84737,0.6,52.27,0.0,0.0,0.0,0.97,0.0002,0.01,84737.0,0.6,0.28,0.0
train2__val_mean_dna_nt_v1_500m_None_PyTorch_Concat__Train2Val_Test,97.7194,3.86,486588011,929.79,1656.34,97.7176,3.86,0.0,0.0,0.0018,0.0,888705.0,3.39,0.0,0.0
train2__val_mean_dna_nt_v1_500m_None_PyTorch_Concat__Train2Val_ClinVarHQ,97.7194,4.23,486588011,929.79,1656.34,97.7176,4.22,0.0,0.0,0.0018,0.01,888705.0,3.39,0.0,0.0
train2__val_mean_dna_nt_v1_500m_None_PyTorch_Concat__Train2Val_UniProt,97.7194,4.19,486588011,929.79,1656.34,97.7176,4.19,0.0,0.0,0.0018,0.0,888705.0,3.39,0.0,0.0
train2__val_mean_dna_nt_v1_500m_None_PyTorch_Concat__Train2Val_ProteinGym,97.7194,4.2,486588011,929.79,1656.34,97.7176,4.2,0.0,0.0,0.0018,0.0,888705.0,3.39,0.0,0.0
train2__val_mean_dna_nt_v1_500m_None_Pure_XGBoost_Concat__Train2Val_Test,97.7176,3.86,485699306,928.68,1656.34,97.7176,3.86,0.0,0.0,0.0,0.0,0.0,2.28,2.28,0.0
train2__val_mean_dna_nt_v1_500m_None_Pure_XGBoost_Concat__Train2Val_ClinVarHQ,97.7176,4.23,485699306,928.68,1656.34,97.7176,4.22,0.0,0.0,0.0,0.01,0.0,2.28,2.28,0.0
train2__val_mean_dna_nt_v1_500m_None_Pure_XGBoost_Concat__Train2Val_UniProt,97.7176,4.2,485699306,928.68,1656.34,97.7176,4.19,0.0,0.0,0.0,0.01,0.0,2.28,2.28,0.0
train2__val_mean_dna_nt_v1_500m_None_Pure_XGBoost_Concat__Train2Val_ProteinGym,97.7176,4.21,485699306,928.68,1656.34,97.7176,4.2,0.0,0.0,0.0,0.01,0.0,2.28,2.28,0.0
train2__val_mean_dna_nt_v1_500m_None_Hybrid_Concat_XGBoost__Train2Val_Test,97.7194,3.88,486588011,931.96,1656.34,97.7176,3.86,0.0,0.0,0.0018,0.02,888705.0,5.56,2.17,0.0
train2__val_mean_dna_nt_v1_500m_None_Hybrid_Concat_XGBoost__Train2Val_ClinVarHQ,97.7194,4.24,486588011,931.96,1656.34,97.7176,4.22,0.0,0.0,0.0018,0.02,888705.0,5.56,2.17,0.0
train2__val_mean_dna_nt_v1_500m_None_Hybrid_Concat_XGBoost__Train2Val_UniProt,97.7194,4.21,486588011,931.96,1656.34,97.7176,4.19,0.0,0.0,0.0018,0.02,888705.0,5.56,2.17,0.0
train2__val_mean_dna_nt_v1_500m_None_Hybrid_Concat_XGBoost__Train2Val_ProteinGym,97.7194,4.22,486588011,931.96,1656.34,97.7176,4.2,0.0,0.0,0.0018,0.02,888705.0,5.56,2.17,0.0
train2__val_mean_prot_None_esm1b_650m_PyTorch_Concat__Train2Val_Test,134.0749,5.48,653247799,1247.67,1961.98,134.0731,5.48,0.0,0.0,0.0018,0.0,888705.0,3.39,0.0,0.0
train2__val_mean_prot_None_esm1b_650m_PyTorch_Concat__Train2Val_ClinVarHQ,134.0749,5.64,653247799,1247.67,1961.98,134.0731,5.63,0.0,0.0,0.0018,0.01,888705.0,3.39,0.0,0.0
train2__val_mean_prot_None_esm1b_650m_PyTorch_Concat__Train2Val_UniProt,134.0749,5.66,653247799,1247.67,1961.98,134.0731,5.65,0.0,0.0,0.0018,0.01,888705.0,3.39,0.0,0.0
train2__val_mean_prot_None_esm1b_650m_PyTorch_Concat__Train2Val_ProteinGym,134.0749,5.67,653247799,1247.67,1961.98,134.0731,5.67,0.0,0.0,0.0018,0.0,888705.0,3.39,0.0,0.0
train2__val_mean_prot_None_esm1b_650m_Pure_XGBoost_Concat__Train2Val_Test,134.0731,5.48,652359094,1246.63,1961.98,134.0731,5.48,0.0,0.0,0.0,0.0,0.0,2.35,2.35,0.0
train2__val_mean_prot_None_esm1b_650m_Pure_XGBoost_Concat__Train2Val_ClinVarHQ,134.0731,5.64,652359094,1246.63,1961.98,134.0731,5.63,0.0,0.0,0.0,0.01,0.0,2.35,2.35,0.0
train2__val_mean_prot_None_esm1b_650m_Pure_XGBoost_Concat__Train2Val_UniProt,134.0731,5.65,652359094,1246.63,1961.98,134.0731,5.65,0.0,0.0,0.0,0.0,0.0,2.35,2.35,0.0
train2__val_mean_prot_None_esm1b_650m_Pure_XGBoost_Concat__Train2Val_ProteinGym,134.0731,5.68,652359094,1246.63,1961.98,134.0731,5.67,0.0,0.0,0.0,0.01,0.0,2.35,2.35,0.0
train2__val_mean_prot_None_esm1b_650m_Hybrid_Concat_XGBoost__Train2Val_Test,134.0749,5.49,653247799,1249.78,1961.98,134.0731,5.48,0.0,0.0,0.0018,0.01,888705.0,5.5,2.11,0.0
train2__val_mean_prot_None_esm1b_650m_Hybrid_Concat_XGBoost__Train2Val_ClinVarHQ,134.0749,5.65,653247799,1249.78,1961.98,134.0731,5.63,0.0,0.0,0.0018,0.02,888705.0,5.5,2.11,0.0
train2__val_mean_prot_None_esm1b_650m_Hybrid_Concat_XGBoost__Train2Val_UniProt,134.0749,5.67,653247799,1249.78,1961.98,134.0731,5.65,0.0,0.0,0.0018,0.02,888705.0,5.5,2.11,0.0
train2__val_mean_prot_None_esm1b_650m_Hybrid_Concat_XGBoost__Train2Val_ProteinGym,134.0749,5.69,653247799,1249.78,1961.98,134.0731,5.67,0.0,0.0,0.0018,0.02,888705.0,5.5,2.11,0.0
train2__val_mean_bio_dna_nt_v1_500m_None_PyTorch_Concat__Train2Val_Test,97.7195,3.86,486638955,929.98,1656.34,97.7176,3.86,0.0,0.0,0.0019,0.0,939649.0,3.58,0.0,0.0
train2__val_mean_bio_dna_nt_v1_500m_None_PyTorch_Concat__Train2Val_ClinVarHQ,97.7195,4.23,486638955,929.98,1656.34,97.7176,4.22,0.0,0.0,0.0019,0.01,939649.0,3.58,0.0,0.0
train2__val_mean_bio_dna_nt_v1_500m_None_PyTorch_Concat__Train2Val_UniProt,97.7195,4.2,486638955,929.98,1656.34,97.7176,4.19,0.0,0.0,0.0019,0.01,939649.0,3.58,0.0,0.0
train2__val_mean_bio_dna_nt_v1_500m_None_PyTorch_Concat__Train2Val_ProteinGym,97.7195,4.21,486638955,929.98,1656.34,97.7176,4.2,0.0,0.0,0.0019,0.01,939649.0,3.58,0.0,0.0
train2__val_mean_bio_dna_nt_v1_500m_None_Pure_XGBoost_Concat__Train2Val_Test,97.7176,3.86,485699306,927.98,1656.34,97.7176,3.86,0.0,0.0,0.0,0.0,0.0,1.58,1.58,0.0
train2__val_mean_bio_dna_nt_v1_500m_None_Pure_XGBoost_Concat__Train2Val_ClinVarHQ,97.7176,4.23,485699306,927.98,1656.34,97.7176,4.22,0.0,0.0,0.0,0.01,0.0,1.58,1.58,0.0
train2__val_mean_bio_dna_nt_v1_500m_None_Pure_XGBoost_Concat__Train2Val_UniProt,97.7176,4.19,485699306,927.98,1656.34,97.7176,4.19,0.0,0.0,0.0,0.0,0.0,1.58,1.58,0.0
train2__val_mean_bio_dna_nt_v1_500m_None_Pure_XGBoost_Concat__Train2Val_ProteinGym,97.7176,4.2,485699306,927.98,1656.34,97.7176,4.2,0.0,0.0,0.0,0.0,0.0,1.58,1.58,0.0
train2__val_mean_bio_dna_nt_v1_500m_None_Hybrid_Concat_XGBoost__Train2Val_Test,97.7195,3.88,486638955,931.16,1656.34,97.7176,3.86,0.0,0.0,0.0019,0.02,939649.0,4.76,1.18,0.0
train2__val_mean_bio_dna_nt_v1_500m_None_Hybrid_Concat_XGBoost__Train2Val_ClinVarHQ,97.7195,4.24,486638955,931.16,1656.34,97.7176,4.22,0.0,0.0,0.0019,0.02,939649.0,4.76,1.18,0.0
train2__val_mean_bio_dna_nt_v1_500m_None_Hybrid_Concat_XGBoost__Train2Val_UniProt,97.7195,4.21,486638955,931.16,1656.34,97.7176,4.19,0.0,0.0,0.0019,0.02,939649.0,4.76,1.18,0.0
train2__val_mean_bio_dna_nt_v1_500m_None_Hybrid_Concat_XGBoost__Train2Val_ProteinGym,97.7195,4.22,486638955,931.16,1656.34,97.7176,4.2,0.0,0.0,0.0019,0.02,939649.0,4.76,1.18,0.0
train2__val_mean_bio_prot_None_esm1b_650m_PyTorch_Concat__Train2Val_Test,134.075,5.48,653298743,1247.86,1961.98,134.0731,5.48,0.0,0.0,0.0019,0.0,939649.0,3.58,0.0,0.0
train2__val_mean_bio_prot_None_esm1b_650m_PyTorch_Concat__Train2Val_ClinVarHQ,134.075,5.63,653298743,1247.86,1961.98,134.0731,5.63,0.0,0.0,0.0019,0.0,939649.0,3.58,0.0,0.0
train2__val_mean_bio_prot_None_esm1b_650m_PyTorch_Concat__Train2Val_UniProt,134.075,5.66,653298743,1247.86,1961.98,134.0731,5.65,0.0,0.0,0.0019,0.01,939649.0,3.58,0.0,0.0
train2__val_mean_bio_prot_None_esm1b_650m_PyTorch_Concat__Train2Val_ProteinGym,134.075,5.68,653298743,1247.86,1961.98,134.0731,5.67,0.0,0.0,0.0019,0.01,939649.0,3.58,0.0,0.0
train2__val_mean_bio_prot_None_esm1b_650m_Pure_XGBoost_Concat__Train2Val_Test,134.0731,5.48,652359094,1245.76,1961.98,134.0731,5.48,0.0,0.0,0.0,0.0,0.0,1.48,1.48,0.0
train2__val_mean_bio_prot_None_esm1b_650m_Pure_XGBoost_Concat__Train2Val_ClinVarHQ,134.0731,5.63,652359094,1245.76,1961.98,134.0731,5.63,0.0,0.0,0.0,0.01,0.0,1.48,1.48,0.0
train2__val_mean_bio_prot_None_esm1b_650m_Pure_XGBoost_Concat__Train2Val_UniProt,134.0731,5.65,652359094,1245.76,1961.98,134.0731,5.65,0.0,0.0,0.0,0.0,0.0,1.48,1.48,0.0
train2__val_mean_bio_prot_None_esm1b_650m_Pure_XGBoost_Concat__Train2Val_ProteinGym,134.0731,5.67,652359094,1245.76,1961.98,134.0731,5.67,0.0,0.0,0.0,0.0,0.0,1.48,1.48,0.0
train2__val_mean_bio_prot_None_esm1b_650m_Hybrid_Concat_XGBoost__Train2Val_Test,134.075,5.5,653298743,1249.14,1961.98,134.0731,5.48,0.0,0.0,0.0019,0.02,939649.0,4.86,1.28,0.0
train2__val_mean_bio_prot_None_esm1b_650m_Hybrid_Concat_XGBoost__Train2Val_ClinVarHQ,134.075,5.65,653298743,1249.14,1961.98,134.0731,5.63,0.0,0.0,0.0019,0.02,939649.0,4.86,1.28,0.0
train2__val_mean_bio_prot_None_esm1b_650m_Hybrid_Concat_XGBoost__Train2Val_UniProt,134.075,5.67,653298743,1249.14,1961.98,134.0731,5.65,0.0,0.0,0.0019,0.02,939649.0,4.86,1.28,0.0
train2__val_mean_bio_prot_None_esm1b_650m_Hybrid_Concat_XGBoost__Train2Val_ProteinGym,134.075,5.69,653298743,1249.14,1961.98,134.0731,5.67,0.0,0.0,0.0019,0.02,939649.0,4.86,1.28,0.0
train2__val_mean_dna_geom_nt_v1_500m_esm1b_650m_PyTorch_Concat__Train2Val_Test,97.7195,4.76,486638571,929.98,1656.34,97.7176,3.86,0.0,0.9,0.0019,0.0,939265.0,3.58,0.0,0.0
train2__val_mean_dna_geom_nt_v1_500m_esm1b_650m_PyTorch_Concat__Train2Val_ClinVarHQ,97.7195,5.35,486638571,929.98,1656.34,97.7176,4.22,0.0,1.13,0.0019,0.0,939265.0,3.58,0.0,0.0
train2__val_mean_dna_geom_nt_v1_500m_esm1b_650m_PyTorch_Concat__Train2Val_UniProt,97.7195,5.17,486638571,929.98,1656.34,97.7176,4.19,0.0,0.98,0.0019,0.0,939265.0,3.58,0.0,0.0
train2__val_mean_dna_geom_nt_v1_500m_esm1b_650m_PyTorch_Concat__Train2Val_ProteinGym,97.7195,5.17,486638571,929.98,1656.34,97.7176,4.2,0.0,0.97,0.0019,0.0,939265.0,3.58,0.0,0.0
train2__val_mean_dna_geom_nt_v1_500m_esm1b_650m_Pure_XGBoost_Concat__Train2Val_Test,97.7176,4.76,485699306,926.82,1656.34,97.7176,3.86,0.0,0.9,0.0,0.0,0.0,0.42,0.42,0.0
train2__val_mean_dna_geom_nt_v1_500m_esm1b_650m_Pure_XGBoost_Concat__Train2Val_ClinVarHQ,97.7176,5.35,485699306,926.82,1656.34,97.7176,4.22,0.0,1.13,0.0,0.01,0.0,0.42,0.42,0.0
train2__val_mean_dna_geom_nt_v1_500m_esm1b_650m_Pure_XGBoost_Concat__Train2Val_UniProt,97.7176,5.17,485699306,926.82,1656.34,97.7176,4.19,0.0,0.98,0.0,0.0,0.0,0.42,0.42,0.0
train2__val_mean_dna_geom_nt_v1_500m_esm1b_650m_Pure_XGBoost_Concat__Train2Val_ProteinGym,97.7176,5.17,485699306,926.82,1656.34,97.7176,4.2,0.0,0.97,0.0,0.0,0.0,0.42,0.42,0.0
train2__val_mean_dna_geom_nt_v1_500m_esm1b_650m_Hybrid_Concat_XGBoost__Train2Val_Test,97.7195,4.77,486638571,930.46,1656.34,97.7176,3.86,0.0,0.9,0.0019,0.02,939265.0,4.06,0.48,0.0
train2__val_mean_dna_geom_nt_v1_500m_esm1b_650m_Hybrid_Concat_XGBoost__Train2Val_ClinVarHQ,97.7195,5.36,486638571,930.46,1656.34,97.7176,4.22,0.0,1.13,0.0019,0.02,939265.0,4.06,0.48,0.0
train2__val_mean_dna_geom_nt_v1_500m_esm1b_650m_Hybrid_Concat_XGBoost__Train2Val_UniProt,97.7195,5.18,486638571,930.46,1656.34,97.7176,4.19,0.0,0.98,0.0019,0.02,939265.0,4.06,0.48,0.0
train2__val_mean_dna_geom_nt_v1_500m_esm1b_650m_Hybrid_Concat_XGBoost__Train2Val_ProteinGym,97.7195,5.19,486638571,930.46,1656.34,97.7176,4.2,0.0,0.97,0.0019,0.02,939265.0,4.06,0.48,0.0
train2__val_mean_geom_prot_nt_v1_500m_esm1b_650m_PyTorch_Concat__Train2Val_Test,134.075,6.38,653298359,1247.86,1961.98,134.0731,5.48,0.0,0.9,0.0019,0.0,939265.0,3.58,0.0,0.0
train2__val_mean_geom_prot_nt_v1_500m_esm1b_650m_PyTorch_Concat__Train2Val_ClinVarHQ,134.075,6.76,653298359,1247.86,1961.98,134.0731,5.63,0.0,1.13,0.0019,0.01,939265.0,3.58,0.0,0.0
train2__val_mean_geom_prot_nt_v1_500m_esm1b_650m_PyTorch_Concat__Train2Val_UniProt,134.075,6.63,653298359,1247.86,1961.98,134.0731,5.65,0.0,0.98,0.0019,0.0,939265.0,3.58,0.0,0.0
train2__val_mean_geom_prot_nt_v1_500m_esm1b_650m_PyTorch_Concat__Train2Val_ProteinGym,134.075,6.64,653298359,1247.86,1961.98,134.0731,5.67,0.0,0.97,0.0019,0.01,939265.0,3.58,0.0,0.0
train2__val_mean_geom_prot_nt_v1_500m_esm1b_650m_Pure_XGBoost_Concat__Train2Val_Test,134.0731,6.38,652359094,1245.74,1961.98,134.0731,5.48,0.0,0.9,0.0,0.0,0.0,1.46,1.46,0.0
train2__val_mean_geom_prot_nt_v1_500m_esm1b_650m_Pure_XGBoost_Concat__Train2Val_ClinVarHQ,134.0731,6.76,652359094,1245.74,1961.98,134.0731,5.63,0.0,1.13,0.0,0.01,0.0,1.46,1.46,0.0
train2__val_mean_geom_prot_nt_v1_500m_esm1b_650m_Pure_XGBoost_Concat__Train2Val_UniProt,134.0731,6.63,652359094,1245.74,1961.98,134.0731,5.65,0.0,0.98,0.0,0.0,0.0,1.46,1.46,0.0
train2__val_mean_geom_prot_nt_v1_500m_esm1b_650m_Pure_XGBoost_Concat__Train2Val_ProteinGym,134.0731,6.65,652359094,1245.74,1961.98,134.0731,5.67,0.0,0.97,0.0,0.01,0.0,1.46,1.46,0.0
train2__val_mean_geom_prot_nt_v1_500m_esm1b_650m_Hybrid_Concat_XGBoost__Train2Val_Test,134.075,6.39,653298359,1248.41,1961.98,134.0731,5.48,0.0,0.9,0.0019,0.02,939265.0,4.13,0.55,0.0
train2__val_mean_geom_prot_nt_v1_500m_esm1b_650m_Hybrid_Concat_XGBoost__Train2Val_ClinVarHQ,134.075,6.77,653298359,1248.41,1961.98,134.0731,5.63,0.0,1.13,0.0019,0.02,939265.0,4.13,0.55,0.0
train2__val_mean_geom_prot_nt_v1_500m_esm1b_650m_Hybrid_Concat_XGBoost__Train2Val_UniProt,134.075,6.64,653298359,1248.41,1961.98,134.0731,5.65,0.0,0.98,0.0019,0.02,939265.0,4.13,0.55,0.0
train2__val_mean_geom_prot_nt_v1_500m_esm1b_650m_Hybrid_Concat_XGBoost__Train2Val_ProteinGym,134.075,6.66,653298359,1248.41,1961.98,134.0731,5.67,0.0,0.97,0.0019,0.02,939265.0,4.13,0.55,0.0
train2__val_mean_bio_dna_geom_nt_v1_500m_esm1b_650m_PyTorch_Concat__Train2Val_Test,97.7195,4.76,486639979,929.99,1656.34,97.7176,3.86,0.0,0.9,0.0019,0.0,940673.0,3.59,0.0,0.0
train2__val_mean_bio_dna_geom_nt_v1_500m_esm1b_650m_PyTorch_Concat__Train2Val_ClinVarHQ,97.7195,5.35,486639979,929.99,1656.34,97.7176,4.22,0.0,1.13,0.0019,0.01,940673.0,3.59,0.0,0.0
train2__val_mean_bio_dna_geom_nt_v1_500m_esm1b_650m_PyTorch_Concat__Train2Val_UniProt,97.7195,5.17,486639979,929.99,1656.34,97.7176,4.19,0.0,0.98,0.0019,0.0,940673.0,3.59,0.0,0.0
train2__val_mean_bio_dna_geom_nt_v1_500m_esm1b_650m_PyTorch_Concat__Train2Val_ProteinGym,97.7195,5.17,486639979,929.99,1656.34,97.7176,4.2,0.0,0.97,0.0019,0.0,940673.0,3.59,0.0,0.0
train2__val_mean_bio_dna_geom_nt_v1_500m_esm1b_650m_Pure_XGBoost_Concat__Train2Val_Test,97.7176,4.76,485699306,926.88,1656.34,97.7176,3.86,0.0,0.9,0.0,0.0,0.0,0.48,0.48,0.0
train2__val_mean_bio_dna_geom_nt_v1_500m_esm1b_650m_Pure_XGBoost_Concat__Train2Val_ClinVarHQ,97.7176,5.35,485699306,926.88,1656.34,97.7176,4.22,0.0,1.13,0.0,0.0,0.0,0.48,0.48,0.0
train2__val_mean_bio_dna_geom_nt_v1_500m_esm1b_650m_Pure_XGBoost_Concat__Train2Val_UniProt,97.7176,5.17,485699306,926.88,1656.34,97.7176,4.19,0.0,0.98,0.0,0.0,0.0,0.48,0.48,0.0
train2__val_mean_bio_dna_geom_nt_v1_500m_esm1b_650m_Pure_XGBoost_Concat__Train2Val_ProteinGym,97.7176,5.17,485699306,926.88,1656.34,97.7176,4.2,0.0,0.97,0.0,0.0,0.0,0.48,0.48,0.0
train2__val_mean_bio_dna_geom_nt_v1_500m_esm1b_650m_Hybrid_Concat_XGBoost__Train2Val_Test,97.7195,4.78,486639979,930.19,1656.34,97.7176,3.86,0.0,0.9,0.0019,0.02,940673.0,3.79,0.2,0.0
train2__val_mean_bio_dna_geom_nt_v1_500m_esm1b_650m_Hybrid_Concat_XGBoost__Train2Val_ClinVarHQ,97.7195,5.37,486639979,930.19,1656.34,97.7176,4.22,0.0,1.13,0.0019,0.03,940673.0,3.79,0.2,0.0
train2__val_mean_bio_dna_geom_nt_v1_500m_esm1b_650m_Hybrid_Concat_XGBoost__Train2Val_UniProt,97.7195,5.18,486639979,930.19,1656.34,97.7176,4.19,0.0,0.98,0.0019,0.02,940673.0,3.79,0.2,0.0
train2__val_mean_bio_dna_geom_nt_v1_500m_esm1b_650m_Hybrid_Concat_XGBoost__Train2Val_ProteinGym,97.7195,5.19,486639979,930.19,1656.34,97.7176,4.2,0.0,0.97,0.0019,0.02,940673.0,3.79,0.2,0.0
train2__val_mean_bio_geom_prot_nt_v1_500m_esm1b_650m_PyTorch_Concat__Train2Val_Test,134.075,6.38,653299767,1247.87,1961.98,134.0731,5.48,0.0,0.9,0.0019,0.0,940673.0,3.59,0.0,0.0
train2__val_mean_bio_geom_prot_nt_v1_500m_esm1b_650m_PyTorch_Concat__Train2Val_ClinVarHQ,134.075,6.76,653299767,1247.87,1961.98,134.0731,5.63,0.0,1.13,0.0019,0.01,940673.0,3.59,0.0,0.0
train2__val_mean_bio_geom_prot_nt_v1_500m_esm1b_650m_PyTorch_Concat__Train2Val_UniProt,134.075,6.63,653299767,1247.87,1961.98,134.0731,5.65,0.0,0.98,0.0019,0.0,940673.0,3.59,0.0,0.0
train2__val_mean_bio_geom_prot_nt_v1_500m_esm1b_650m_PyTorch_Concat__Train2Val_ProteinGym,134.075,6.64,653299767,1247.87,1961.98,134.0731,5.67,0.0,0.97,0.0019,0.01,940673.0,3.59,0.0,0.0
train2__val_mean_bio_geom_prot_nt_v1_500m_esm1b_650m_Pure_XGBoost_Concat__Train2Val_Test,134.0731,6.38,652359094,1245.15,1961.98,134.0731,5.48,0.0,0.9,0.0,0.0,0.0,0.87,0.87,0.0
train2__val_mean_bio_geom_prot_nt_v1_500m_esm1b_650m_Pure_XGBoost_Concat__Train2Val_ClinVarHQ,134.0731,6.76,652359094,1245.15,1961.98,134.0731,5.63,0.0,1.13,0.0,0.01,0.0,0.87,0.87,0.0
train2__val_mean_bio_geom_prot_nt_v1_500m_esm1b_650m_Pure_XGBoost_Concat__Train2Val_UniProt,134.0731,6.63,652359094,1245.15,1961.98,134.0731,5.65,0.0,0.98,0.0,0.0,0.0,0.87,0.87,0.0
train2__val_mean_bio_geom_prot_nt_v1_500m_esm1b_650m_Pure_XGBoost_Concat__Train2Val_ProteinGym,134.0731,6.64,652359094,1245.15,1961.98,134.0731,5.67,0.0,0.97,0.0,0.0,0.0,0.87,0.87,0.0
train2__val_mean_bio_geom_prot_nt_v1_500m_esm1b_650m_Hybrid_Concat_XGBoost__Train2Val_Test,134.075,6.39,653299767,1248.1,1961.98,134.0731,5.48,0.0,0.9,0.0019,0.02,940673.0,3.82,0.23,0.0
train2__val_mean_bio_geom_prot_nt_v1_500m_esm1b_650m_Hybrid_Concat_XGBoost__Train2Val_ClinVarHQ,134.075,6.79,653299767,1248.1,1961.98,134.0731,5.63,0.0,1.13,0.0019,0.03,940673.0,3.82,0.23,0.0
train2__val_mean_bio_geom_prot_nt_v1_500m_esm1b_650m_Hybrid_Concat_XGBoost__Train2Val_UniProt,134.075,6.65,653299767,1248.1,1961.98,134.0731,5.65,0.0,0.98,0.0019,0.02,940673.0,3.82,0.23,0.0
train2__val_mean_bio_geom_prot_nt_v1_500m_esm1b_650m_Hybrid_Concat_XGBoost__Train2Val_ProteinGym,134.075,6.66,653299767,1248.1,1961.98,134.0731,5.67,0.0,0.97,0.0019,0.02,940673.0,3.82,0.23,0.0
