Dataset,Pooling,Ablation,DNA_Model,Prot_Model,Network,Accuracy,Precision,Recall,Specificity,F1_Score,MCC,AUROC,AUPRC,Source
Train3Val_ClinVarHQ,mean,bio_core_dna_prot_spliceai,nt_v2_500m,esm1b_650m,Pure_XGBoost_Concat,0.9502,0.9672,0.931,0.969,0.9488,0.901,0.9879,0.989,OURS
Train3Val_ClinVarHQ,cls,bio_core_dna_prot_spliceai,nt_v3_650m,esm1b_650m,Pure_XGBoost_Concat,0.9431,0.9724,0.9109,0.9746,0.9407,0.8879,0.9863,0.9877,OURS
Train3Val_ClinVarHQ,cls,bio_core_dna_prot_spliceai,nt_v2_500m,esm1b_650m,Pure_XGBoost_Concat,0.9417,0.9723,0.908,0.9746,0.9391,0.8852,0.9859,0.9867,OURS
Train3Val_ClinVarHQ,mean,bio_core_dna_prot_spliceai,nt_v3_650m,esm2_650m,Pure_XGBoost_Concat,0.9403,0.9665,0.9109,0.969,0.9379,0.8819,0.9855,0.9853,OURS
Train3Val_ClinVarHQ,cls,bio_core_prot_spliceai,,esm2_650m,Pure_XGBoost_Concat,0.9374,0.9663,0.9052,0.969,0.9347,0.8765,0.9861,0.9862,OURS
Train3Val_ClinVarHQ,mean,bio_core_dna_prot_spliceai,nt_v3_650m,esm1b_650m,Pure_XGBoost_Concat,0.9374,0.9606,0.9109,0.9634,0.9351,0.8759,0.9869,0.9875,OURS
Train3Val_ClinVarHQ,center,bio_core_dna_prot_spliceai,nt_v2_500m,esmc_600m,Pure_XGBoost_Concat,0.9374,0.9578,0.9138,0.9606,0.9353,0.8757,0.9844,0.985,OURS
Train3Val_ClinVarHQ,mean,bio_core_dna_prot_spliceai,nt_v1_500m,esm1b_650m,Pure_XGBoost_Concat,0.9374,0.9551,0.9167,0.9577,0.9355,0.8755,0.9874,0.9883,OURS
Train3Val_ClinVarHQ,center,bio_core_dna_prot_spliceai,nt_v1_500m,esmc_600m,Pure_XGBoost_Concat,0.936,0.969,0.8994,0.9718,0.9329,0.8741,0.984,0.9846,OURS
Train3Val_ClinVarHQ,cls,bio_dna_prot,nt_v2_500m,esm1b_650m,Pure_XGBoost_Concat,0.936,0.9633,0.9052,0.9662,0.9333,0.8735,0.9867,0.9874,OURS
Train3Val_ClinVarHQ,center,bio_core_dna_prot_spliceai,nt_v3_650m,esmc_600m,Pure_XGBoost_Concat,0.9346,0.966,0.8994,0.969,0.9315,0.8711,0.9838,0.9844,OURS
Train3Val_ClinVarHQ,mean,bio_core_prot_spliceai,,esm1b_650m,Pure_XGBoost_Concat,0.9346,0.9467,0.9195,0.9493,0.9329,0.8694,0.9854,0.9864,OURS
Train3Val_ClinVarHQ,center,bio_prot,,esmc_600m,Pure_XGBoost_Concat,0.9331,0.9659,0.8966,0.969,0.93,0.8684,0.9861,0.9866,OURS
Train3Val_ClinVarHQ,center,bio_prot,,esmc_600m,Pure_XGBoost_Concat,0.9331,0.9659,0.8966,0.969,0.93,0.8684,0.9861,0.9866,OURS
Train3Val_ClinVarHQ,center,bio_prot,,esmc_600m,Pure_XGBoost_Concat,0.9331,0.9659,0.8966,0.969,0.93,0.8684,0.9861,0.9866,OURS
Train3Val_ClinVarHQ,mean,bio_core_dna_prot_spliceai,nt_v2_500m,esm1v_650m,Pure_XGBoost_Concat,0.9331,0.9602,0.9023,0.9634,0.9304,0.8677,0.9829,0.9834,OURS
Train3Val_ClinVarHQ,center,bio_dna_geom_prot,nt_v1_500m,esmc_600m,Pure_XGBoost_Concat,0.9331,0.9574,0.9052,0.9606,0.9306,0.8675,0.9837,0.9841,OURS
Train3Val_ClinVarHQ,center,bio_core_dna_prot_spliceai,nt_v3_650m,esm2_650m,Pure_XGBoost_Concat,0.9331,0.9574,0.9052,0.9606,0.9306,0.8675,0.9864,0.9853,OURS
Train3Val_ClinVarHQ,center,bio_core_prot_spliceai,,esm1b_650m,Pure_XGBoost_Concat,0.9331,0.9493,0.9138,0.9521,0.9312,0.8668,0.9839,0.984,OURS
Train3Val_ClinVarHQ,center,bio_core_dna_prot_spliceai,nt_v2_500m,esm1v_650m,Pure_XGBoost_Concat,0.9331,0.9493,0.9138,0.9521,0.9312,0.8668,0.9841,0.9851,OURS
Train3Val_ClinVarHQ,center,bio_geom_prot,nt_v1_500m,esmc_600m,Pure_XGBoost_Concat,0.9317,0.9601,0.8994,0.9634,0.9288,0.865,0.9836,0.9838,OURS
Train3Val_ClinVarHQ,center,bio_core_prot_spliceai,,esmc_600m,Pure_XGBoost_Concat,0.9317,0.9573,0.9023,0.9606,0.929,0.8648,0.984,0.9849,OURS
Train3Val_ClinVarHQ,center,bio_prot,,esmc_600m,Hybrid_Concat_XGBoost,0.9317,0.9545,0.9052,0.9577,0.9292,0.8645,0.9768,0.978,OURS
Train3Val_ClinVarHQ,center,bio_prot,,esmc_600m,Hybrid_Concat_XGBoost,0.9317,0.9545,0.9052,0.9577,0.9292,0.8645,0.9768,0.978,OURS
Train3Val_ClinVarHQ,center,bio_prot,,esmc_600m,Hybrid_Concat_XGBoost,0.9317,0.9545,0.9052,0.9577,0.9292,0.8645,0.9768,0.978,OURS
Train3Val_ClinVarHQ,center,bio_dna_prot,nt_v1_500m,esmc_600m,Hybrid_Concat_XGBoost,0.9317,0.9491,0.9109,0.9521,0.9296,0.8641,0.9793,0.9794,OURS
Train3Val_ClinVarHQ,cls,bio_core_dna_prot_spliceai,nt_v2_500m,esm2_650m,Pure_XGBoost_Concat,0.9303,0.9657,0.8908,0.969,0.9268,0.863,0.9829,0.9812,OURS
Train3Val_ClinVarHQ,cls,bio_core_dna_prot_spliceai,nt_v2_500m,esm1v_650m,Pure_XGBoost_Concat,0.9303,0.9628,0.8937,0.9662,0.927,0.8627,0.9822,0.9815,OURS
Train3Val_ClinVarHQ,mean,bio_core_dna_prot_spliceai,nt_v2_500m,esm2_650m,Pure_XGBoost_Concat,0.9303,0.9628,0.8937,0.9662,0.927,0.8627,0.9845,0.9849,OURS
Train3Val_ClinVarHQ,cls,bio_geom_prot,nt_v2_500m,esm1b_650m,Pure_XGBoost_Concat,0.9303,0.96,0.8966,0.9634,0.9272,0.8623,0.9844,0.9858,OURS
Train3Val_ClinVarHQ,mean,bio_core_prot_spliceai,,esm2_650m,Pure_XGBoost_Concat,0.9303,0.96,0.8966,0.9634,0.9272,0.8623,0.9863,0.9863,OURS
Train3Val_ClinVarHQ,mean,bio_dna_prot,nt_v2_500m,esm1b_650m,Pure_XGBoost_Concat,0.9303,0.9572,0.8994,0.9606,0.9274,0.862,0.987,0.9875,OURS
Train3Val_ClinVarHQ,cls,bio_core_dna_prot_spliceai,nt_v3_650m,esmc_600m,Pure_XGBoost_Concat,0.9303,0.9572,0.8994,0.9606,0.9274,0.862,0.9825,0.9834,OURS
Train3Val_ClinVarHQ,mean,bio_core_prot_spliceai,,esm1v_650m,Pure_XGBoost_Concat,0.9303,0.9544,0.9023,0.9577,0.9276,0.8618,0.9832,0.9835,OURS
Train3Val_ClinVarHQ,center,bio_core_dna_prot_spliceai,nt_v1_500m,esm1v_650m,Pure_XGBoost_Concat,0.9303,0.9489,0.908,0.9521,0.928,0.8613,0.9839,0.9846,OURS
Train3Val_ClinVarHQ,mean,bio_prot,,esm1b_650m,Pure_XGBoost_Concat,0.9303,0.9463,0.9109,0.9493,0.9283,0.8611,0.9845,0.9851,OURS
Train3Val_ClinVarHQ,mean,bio_prot,,esm1b_650m,Pure_XGBoost_Concat,0.9303,0.9463,0.9109,0.9493,0.9283,0.8611,0.9845,0.9851,OURS
Train3Val_ClinVarHQ,mean,bio_prot,,esm1b_650m,Pure_XGBoost_Concat,0.9303,0.9463,0.9109,0.9493,0.9283,0.8611,0.9845,0.9851,OURS
Train3Val_ClinVarHQ,center,bio_core_dna_prot_spliceai,nt_v3_650m,esm2_650m,Hybrid_Concat_XGBoost,0.9303,0.9463,0.9109,0.9493,0.9283,0.8611,0.9764,0.9743,OURS
Train3Val_ClinVarHQ,mean,bio_core_prot_spliceai,,esmc_600m,Pure_XGBoost_Concat,0.9303,0.9463,0.9109,0.9493,0.9283,0.8611,0.9809,0.981,OURS
Train3Val_ClinVarHQ,center,bio_core_dna_prot_spliceai,nt_v2_500m,esm2_650m,Hybrid_Concat_XGBoost,0.9303,0.9384,0.9195,0.9408,0.9289,0.8607,0.9746,0.9724,OURS
Train3Val_ClinVarHQ,cls,bio_core_dna_prot,nt_v2_500m,esm1v_650m,Pure_XGBoost_Concat,0.9289,0.9656,0.8879,0.969,0.9251,0.8604,0.9805,0.9803,OURS
Train3Val_ClinVarHQ,cls,bio_core_prot_spliceai,,esm1b_650m,Pure_XGBoost_Concat,0.9289,0.9599,0.8937,0.9634,0.9256,0.8597,0.9855,0.9868,OURS
Train3Val_ClinVarHQ,cls,bio_core_dna_prot_spliceai,nt_v3_650m,esm2_650m,Pure_XGBoost_Concat,0.9289,0.9599,0.8937,0.9634,0.9256,0.8597,0.9836,0.9839,OURS
Train3Val_ClinVarHQ,mean,bio_core_dna_prot_spliceai,nt_v3_650m,esm1v_650m,Pure_XGBoost_Concat,0.9289,0.9599,0.8937,0.9634,0.9256,0.8597,0.9813,0.9812,OURS
Train3Val_ClinVarHQ,cls,bio_core_dna_prot_spliceai,nt_v1_500m,esm1b_650m,Pure_XGBoost_Concat,0.9289,0.9571,0.8966,0.9606,0.9258,0.8593,0.9846,0.9852,OURS
Train3Val_ClinVarHQ,mean,bio_core_dna_prot,nt_v2_500m,esm1v_650m,Pure_XGBoost_Concat,0.9289,0.9543,0.8994,0.9577,0.926,0.8591,0.9822,0.9823,OURS
Train3Val_ClinVarHQ,center,bio_core_dna_prot_spliceai,nt_v1_500m,esm2_650m,Pure_XGBoost_Concat,0.9289,0.9515,0.9023,0.9549,0.9263,0.8588,0.9848,0.9843,OURS
Train3Val_ClinVarHQ,center,bio_core_dna_prot_spliceai,nt_v2_500m,esmc_600m,Hybrid_Concat_XGBoost,0.9289,0.9488,0.9052,0.9521,0.9265,0.8586,0.9798,0.9808,OURS
Train3Val_ClinVarHQ,mean,bio_core_dna_prot_spliceai,nt_v1_500m,esm2_650m,Pure_XGBoost_Concat,0.9289,0.9488,0.9052,0.9521,0.9265,0.8586,0.9842,0.9845,OURS
Train3Val_ClinVarHQ,mean,bio_core_dna_prot_spliceai,nt_v2_500m,esmc_600m,Pure_XGBoost_Concat,0.9289,0.9488,0.9052,0.9521,0.9265,0.8586,0.9835,0.9836,OURS
Train3Val_ClinVarHQ,center,bio_core_dna_prot_spliceai,nt_v3_650m,esmc_600m,Hybrid_Gating_XGBoost,0.9289,0.9461,0.908,0.9493,0.9267,0.8584,0.9753,0.9744,OURS
Train3Val_ClinVarHQ,center,bio_core_prot_spliceai,,esm1v_650m,Pure_XGBoost_Concat,0.9289,0.9408,0.9138,0.9437,0.9271,0.858,0.9833,0.9839,OURS
Train3Val_ClinVarHQ,center,bio_core_dna_prot,nt_v2_500m,esm1v_650m,Pure_XGBoost_Concat,0.9289,0.9408,0.9138,0.9437,0.9271,0.858,0.9836,0.9843,OURS
Train3Val_ClinVarHQ,center,bio_core_prot_spliceai,,esm2_650m,Pure_XGBoost_Concat,0.9275,0.9541,0.8966,0.9577,0.9244,0.8563,0.9852,0.985,OURS
Train3Val_ClinVarHQ,mean,bio_core_dna_prot_spliceai,nt_v3_650m,esmc_600m,Pure_XGBoost_Concat,0.9275,0.9541,0.8966,0.9577,0.9244,0.8563,0.9818,0.9822,OURS
Train3Val_ClinVarHQ,center,bio_dna_prot,nt_v1_500m,esmc_600m,Hybrid_Gating_XGBoost,0.9275,0.9486,0.9023,0.9521,0.9249,0.8558,0.9761,0.9771,OURS
Train3Val_ClinVarHQ,center,bio_core_dna_prot_spliceai,nt_v1_500m,esm1b_650m,Pure_XGBoost_Concat,0.9275,0.9407,0.9109,0.9437,0.9255,0.8553,0.983,0.9828,OURS
Train3Val_ClinVarHQ,center,bio_core_dna_prot_spliceai,nt_v3_650m,esm1b_650m,Pure_XGBoost_Concat,0.9275,0.9407,0.9109,0.9437,0.9255,0.8553,0.9829,0.9823,OURS
Train3Val_ClinVarHQ,center,bio_core_dna_prot_spliceai,nt_v1_500m,esm2_650m,Hybrid_Transformer_XGBoost,0.9275,0.9381,0.9138,0.9408,0.9258,0.8551,0.9768,0.9753,OURS
Train3Val_ClinVarHQ,center,bio_core_dna_prot_spliceai,nt_v2_500m,esm2_650m,Hybrid_Transformer_XGBoost,0.9275,0.9329,0.9195,0.9352,0.9262,0.855,0.9751,0.974,OURS
Train3Val_ClinVarHQ,mean,bio_core_prot_spliceai,,esmc_600m,Hybrid_Concat_XGBoost,0.9275,0.9329,0.9195,0.9352,0.9262,0.855,0.9769,0.9776,OURS
Train3Val_ClinVarHQ,cls,bio_core_dna_prot,nt_v1_500m,esm1v_650m,Pure_XGBoost_Concat,0.926,0.9625,0.8851,0.9662,0.9222,0.8547,0.9812,0.9811,OURS
Train3Val_ClinVarHQ,cls,bio_core_prot_spliceai,,esm1v_650m,Pure_XGBoost_Concat,0.926,0.9568,0.8908,0.9606,0.9226,0.8539,0.9847,0.9842,OURS
Train3Val_ClinVarHQ,mean,bio_core_dna_spliceai,nt_v3_650m,,Pure_XGBoost_Concat,0.926,0.9568,0.8908,0.9606,0.9226,0.8539,0.984,0.9845,OURS
Train3Val_ClinVarHQ,mean,bio_core_dna_prot,nt_v1_500m,esm1v_650m,Pure_XGBoost_Concat,0.926,0.9568,0.8908,0.9606,0.9226,0.8539,0.9825,0.982,OURS
Train3Val_ClinVarHQ,cls,bio_prot,,esm1b_650m,Pure_XGBoost_Concat,0.926,0.954,0.8937,0.9577,0.9228,0.8536,0.9857,0.9865,OURS
Train3Val_ClinVarHQ,cls,bio_prot,,esm1b_650m,Pure_XGBoost_Concat,0.926,0.954,0.8937,0.9577,0.9228,0.8536,0.9857,0.9865,OURS
Train3Val_ClinVarHQ,cls,bio_prot,,esm1b_650m,Pure_XGBoost_Concat,0.926,0.954,0.8937,0.9577,0.9228,0.8536,0.9857,0.9865,OURS
Train3Val_ClinVarHQ,center,bio_core_dna_spliceai,nt_v3_650m,,Pure_XGBoost_Concat,0.926,0.954,0.8937,0.9577,0.9228,0.8536,0.9812,0.9816,OURS
Train3Val_ClinVarHQ,mean,bio_geom_prot,nt_v2_500m,esm1b_650m,Pure_XGBoost_Concat,0.926,0.9512,0.8966,0.9549,0.9231,0.8533,0.9849,0.9857,OURS
Train3Val_ClinVarHQ,center,bio_core_dna_prot_spliceai,nt_v2_500m,esm2_650m,Pure_XGBoost_Concat,0.926,0.9512,0.8966,0.9549,0.9231,0.8533,0.9865,0.9861,OURS
Train3Val_ClinVarHQ,mean,bio_core_dna_prot_spliceai,nt_v1_500m,esm1v_650m,Pure_XGBoost_Concat,0.926,0.9512,0.8966,0.9549,0.9231,0.8533,0.9835,0.9835,OURS
Train3Val_ClinVarHQ,mean,bio_core_dna_prot,nt_v3_650m,esm1v_650m,Hybrid_Concat_XGBoost,0.926,0.9512,0.8966,0.9549,0.9231,0.8533,0.9758,0.977,OURS
Train3Val_ClinVarHQ,cls,bio_geom,nt_v2_500m,esm1b_650m,Pure_XGBoost_Concat,0.926,0.9485,0.8994,0.9521,0.9233,0.8531,0.9795,0.9816,OURS
Train3Val_ClinVarHQ,center,bio_core_dna_prot_spliceai,nt_v1_500m,esmc_600m,Hybrid_Concat_XGBoost,0.926,0.9485,0.8994,0.9521,0.9233,0.8531,0.9773,0.9776,OURS
Train3Val_ClinVarHQ,center,bio_core_prot_spliceai,,esm1v_650m,Hybrid_Concat_XGBoost,0.926,0.9458,0.9023,0.9493,0.9235,0.8529,0.9763,0.9776,OURS
Train3Val_ClinVarHQ,cls,bio_dna_geom_prot,nt_v2_500m,esm1b_650m,Pure_XGBoost_Concat,0.926,0.9431,0.9052,0.9465,0.9238,0.8527,0.9833,0.9843,OURS
Train3Val_ClinVarHQ,mean,bio_geom,nt_v2_500m,esm1b_650m,Pure_XGBoost_Concat,0.926,0.9431,0.9052,0.9465,0.9238,0.8527,0.98,0.9814,OURS
Train3Val_ClinVarHQ,cls,bio_dna_geom,nt_v2_500m,esm1b_650m,Pure_XGBoost_Concat,0.926,0.9431,0.9052,0.9465,0.9238,0.8527,0.9802,0.9819,OURS
Train3Val_ClinVarHQ,center,bio_core_dna_prot_spliceai,nt_v3_650m,esmc_600m,Hybrid_Concat_XGBoost,0.926,0.9405,0.908,0.9437,0.924,0.8525,0.976,0.9768,OURS
Train3Val_ClinVarHQ,center,bio_core_dna_prot,nt_v3_650m,esm1v_650m,Pure_XGBoost_Concat,0.926,0.9405,0.908,0.9437,0.924,0.8525,0.9836,0.9839,OURS
Train3Val_ClinVarHQ,cls,bio_core_dna_prot,nt_v3_650m,esm1v_650m,Pure_XGBoost_Concat,0.9246,0.9653,0.8793,0.969,0.9203,0.8524,0.982,0.9815,OURS
Train3Val_ClinVarHQ,center,bio_core_dna_prot_spliceai,nt_v2_500m,esm1b_650m,Pure_XGBoost_Concat,0.926,0.9353,0.9138,0.938,0.9244,0.8522,0.9817,0.9817,OURS
Train3Val_ClinVarHQ,center,bio_core_dna_prot_spliceai,nt_v2_500m,esmc_600m,Hybrid_Transformer_XGBoost,0.926,0.9353,0.9138,0.938,0.9244,0.8522,0.9744,0.9747,OURS
Train3Val_ClinVarHQ,center,bio_core_dna_prot,nt_v1_500m,esm1v_650m,Pure_XGBoost_Concat,0.926,0.9353,0.9138,0.938,0.9244,0.8522,0.9841,0.9846,OURS
Train3Val_ClinVarHQ,cls,bio_core_dna_prot_spliceai,nt_v1_500m,esm1v_650m,Pure_XGBoost_Concat,0.9246,0.9595,0.8851,0.9634,0.9208,0.8516,0.9835,0.9833,OURS
Train3Val_ClinVarHQ,center,bio_dna_prot,nt_v1_500m,esmc_600m,Pure_XGBoost_Concat,0.9246,0.9538,0.8908,0.9577,0.9212,0.8509,0.9833,0.9837,OURS
Train3Val_ClinVarHQ,mean,bio_dna_geom_prot,nt_v2_500m,esm1b_650m,Pure_XGBoost_Concat,0.9246,0.9511,0.8937,0.9549,0.9215,0.8506,0.9828,0.983,OURS
Train3Val_ClinVarHQ,cls,bio_core_dna_prot_spliceai,nt_v2_500m,esmc_600m,Pure_XGBoost_Concat,0.9246,0.9511,0.8937,0.9549,0.9215,0.8506,0.9826,0.9831,OURS
Train3Val_ClinVarHQ,center,bio_core_dna_prot_spliceai,nt_v3_650m,esmc_600m,Hybrid_CrossAttn_XGBoost,0.9246,0.9483,0.8966,0.9521,0.9217,0.8504,0.9769,0.9776,OURS
Train3Val_ClinVarHQ,mean,bio_core_dna_prot_spliceai,nt_v2_500m,esm2_650m,Hybrid_Concat_XGBoost,0.9246,0.9483,0.8966,0.9521,0.9217,0.8504,0.9746,0.9744,OURS
Train3Val_ClinVarHQ,mean,bio_core_dna_prot,nt_v3_650m,esm1v_650m,Hybrid_Gating_XGBoost,0.9246,0.9483,0.8966,0.9521,0.9217,0.8504,0.9777,0.9785,OURS
Train3Val_ClinVarHQ,center,bio_core_dna_prot_spliceai,nt_v1_500m,esmc_600m,Hybrid_Transformer_XGBoost,0.9246,0.9403,0.9052,0.9437,0.9224,0.8497,0.974,0.9739,OURS
Train3Val_ClinVarHQ,cls,bio_core_dna_prot_spliceai,nt_v2_500m,esmc_600m,Hybrid_CrossAttn_XGBoost,0.9246,0.9403,0.9052,0.9437,0.9224,0.8497,0.9658,0.9612,OURS
Train3Val_ClinVarHQ,center,bio_core_prot_spliceai,,esm2_650m,Hybrid_Concat_XGBoost,0.9246,0.9377,0.908,0.9408,0.9226,0.8496,0.9762,0.975,OURS
Train3Val_ClinVarHQ,center,bio_core_dna_prot_spliceai,nt_v3_650m,esm1v_650m,Pure_XGBoost_Concat,0.9246,0.9377,0.908,0.9408,0.9226,0.8496,0.9838,0.9843,OURS
Train3Val_ClinVarHQ,cls,bio_core_dna_prot_spliceai,nt_v3_650m,esmc_600m,Hybrid_CrossAttn_XGBoost,0.9246,0.9351,0.9109,0.938,0.9229,0.8494,0.9718,0.9707,OURS
Train3Val_ClinVarHQ,cls,bio_core_dna_prot_spliceai,nt_v1_500m,esmc_600m,Pure_XGBoost_Concat,0.9232,0.9565,0.8851,0.9606,0.9194,0.8486,0.9842,0.9844,OURS
Train3Val_ClinVarHQ,center,bio_core_dna_prot_spliceai,nt_v1_500m,esm1v_650m,Hybrid_Gating_XGBoost,0.9232,0.9482,0.8937,0.9521,0.9201,0.8476,0.9777,0.9774,OURS
Train3Val_ClinVarHQ,mean,bio_core_dna_prot_spliceai,nt_v1_500m,esm2_650m,PyTorch_CrossAttn,0.9232,0.9455,0.8966,0.9493,0.9204,0.8474,0.9755,0.975,OURS
Train3Val_ClinVarHQ,cls,bio_core_dna_prot_spliceai,nt_v1_500m,esm2_650m,Pure_XGBoost_Concat,0.9232,0.9428,0.8994,0.9465,0.9206,0.8472,0.981,0.9814,OURS
Train3Val_ClinVarHQ,center,bio_core_dna_prot_spliceai,nt_v3_650m,esm2_650m,Hybrid_Gating_XGBoost,0.9232,0.9401,0.9023,0.9437,0.9208,0.847,0.9739,0.9736,OURS
Train3Val_ClinVarHQ,center,bio_core_dna_prot_spliceai,nt_v3_650m,esmc_600m,Hybrid_Transformer_XGBoost,0.9232,0.9401,0.9023,0.9437,0.9208,0.847,0.9766,0.9767,OURS
Train3Val_ClinVarHQ,cls,bio_core_dna_prot_spliceai,nt_v3_650m,esm1v_650m,Pure_XGBoost_Concat,0.9218,0.948,0.8908,0.9521,0.9185,0.8449,0.9839,0.9836,OURS
Train3Val_ClinVarHQ,mean,bio_core_dna_prot_spliceai,nt_v1_500m,esmc_600m,Pure_XGBoost_Concat,0.9218,0.9453,0.8937,0.9493,0.9188,0.8447,0.9813,0.9821,OURS
Train3Val_ClinVarHQ,center,bio_geom,nt_v1_500m,esmc_600m,Pure_XGBoost_Concat,0.9218,0.9426,0.8966,0.9465,0.919,0.8444,0.9793,0.9808,OURS
Train3Val_ClinVarHQ,center,bio_core_dna_prot_spliceai,nt_v3_650m,esmc_600m,PyTorch_Concat,0.9218,0.9426,0.8966,0.9465,0.919,0.8444,0.9776,0.978,OURS
Train3Val_ClinVarHQ,cls,bio_core_dna_prot_spliceai,nt_v1_500m,esm2_650m,Hybrid_Gating_XGBoost,0.9218,0.9426,0.8966,0.9465,0.919,0.8444,0.9702,0.9713,OURS
Train3Val_ClinVarHQ,cls,bio_core_prot_spliceai,,esm2_650m,Hybrid_Concat_XGBoost,0.9218,0.9399,0.8994,0.9437,0.9192,0.8442,0.9728,0.9746,OURS
Train3Val_ClinVarHQ,mean,bio_core_dna_prot_spliceai,nt_v3_650m,esm1b_650m,Hybrid_Transformer_XGBoost,0.9218,0.9399,0.8994,0.9437,0.9192,0.8442,0.977,0.9776,OURS
Train3Val_ClinVarHQ,center,bio_core_dna_prot_spliceai,nt_v1_500m,esmc_600m,Hybrid_CrossAttn_XGBoost,0.9218,0.9373,0.9023,0.9408,0.9195,0.844,0.9733,0.974,OURS
Train3Val_ClinVarHQ,center,bio_core_dna_prot,nt_v2_500m,esm1v_650m,Hybrid_Transformer_XGBoost,0.9218,0.9347,0.9052,0.938,0.9197,0.8439,0.9727,0.9736,OURS
Train3Val_ClinVarHQ,cls,bio_core_dna_prot_spliceai,nt_v3_650m,esm1b_650m,Hybrid_Concat_XGBoost,0.9218,0.9347,0.9052,0.938,0.9197,0.8439,0.9782,0.9794,OURS
Train3Val_ClinVarHQ,mean,bio_core_dna_prot_spliceai,nt_v3_650m,esm2_650m,Hybrid_Concat_XGBoost,0.9218,0.9347,0.9052,0.938,0.9197,0.8439,0.9768,0.9766,OURS
Train3Val_ClinVarHQ,center,bio_core_dna_prot,nt_v1_500m,esm1v_650m,Hybrid_Concat_XGBoost,0.9218,0.9271,0.9138,0.9296,0.9204,0.8436,0.9733,0.9752,OURS
Train3Val_ClinVarHQ,mean,bio_dna,nt_v2_500m,,Pure_XGBoost_Concat,0.9203,0.9534,0.8822,0.9577,0.9164,0.8429,0.9755,0.9769,OURS
Train3Val_ClinVarHQ,mean,bio_dna,nt_v2_500m,,Pure_XGBoost_Concat,0.9203,0.9534,0.8822,0.9577,0.9164,0.8429,0.9755,0.9769,OURS
Train3Val_ClinVarHQ,mean,bio_dna,nt_v2_500m,,Pure_XGBoost_Concat,0.9203,0.9534,0.8822,0.9577,0.9164,0.8429,0.9755,0.9769,OURS
Train3Val_ClinVarHQ,cls,bio_core_dna_prot_spliceai,nt_v3_650m,esm2_650m,Hybrid_CrossAttn_XGBoost,0.9203,0.9479,0.8879,0.9521,0.9169,0.8422,0.971,0.9707,OURS
Train3Val_ClinVarHQ,cls,bio_core_dna_prot_spliceai,nt_v2_500m,esm2_650m,Hybrid_Concat_XGBoost,0.9203,0.9479,0.8879,0.9521,0.9169,0.8422,0.9706,0.9702,OURS
Train3Val_ClinVarHQ,cls,bio_core_prot_spliceai,,esmc_600m,Pure_XGBoost_Concat,0.9203,0.9424,0.8937,0.9465,0.9174,0.8417,0.9817,0.982,OURS
Train3Val_ClinVarHQ,mean,bio_dna_geom,nt_v2_500m,esm1b_650m,Pure_XGBoost_Concat,0.9203,0.9398,0.8966,0.9437,0.9176,0.8415,0.98,0.9804,OURS
Train3Val_ClinVarHQ,center,bio_core_prot_spliceai,,esmc_600m,Hybrid_Concat_XGBoost,0.9203,0.9398,0.8966,0.9437,0.9176,0.8415,0.9759,0.9765,OURS
Train3Val_ClinVarHQ,center,bio_core_dna_prot_spliceai,nt_v2_500m,esm2_650m,Hybrid_CrossAttn_XGBoost,0.9203,0.9345,0.9023,0.938,0.9181,0.8411,0.9743,0.9717,OURS
Train3Val_ClinVarHQ,center,bio_prot,,esmc_600m,PyTorch_Concat,0.9189,0.9561,0.8764,0.9606,0.9145,0.8406,0.9795,0.9795,OURS
Train3Val_ClinVarHQ,center,bio_prot,,esmc_600m,PyTorch_Concat,0.9189,0.9561,0.8764,0.9606,0.9145,0.8406,0.9795,0.9795,OURS
Train3Val_ClinVarHQ,center,bio_prot,,esmc_600m,PyTorch_Concat,0.9189,0.9561,0.8764,0.9606,0.9145,0.8406,0.9795,0.9795,OURS
Train3Val_ClinVarHQ,center,bio_core_prot_spliceai,,esmc_600m,PyTorch_Concat,0.9189,0.9533,0.8793,0.9577,0.9148,0.8402,0.9803,0.9803,OURS
Train3Val_ClinVarHQ,mean,bio_core_dna_prot,nt_v3_650m,esm1v_650m,PyTorch_Gating,0.9189,0.9533,0.8793,0.9577,0.9148,0.8402,0.9754,0.9757,OURS
Train3Val_ClinVarHQ,mean,bio_core_dna_prot_spliceai,nt_v2_500m,esm2_650m,PyTorch_Gating,0.9189,0.9505,0.8822,0.9549,0.9151,0.8398,0.9764,0.9739,OURS
Train3Val_ClinVarHQ,center,bio_core_dna_prot_spliceai,nt_v2_500m,esmc_600m,PyTorch_Concat,0.9189,0.945,0.8879,0.9493,0.9156,0.8392,0.9764,0.9768,OURS
Train3Val_ClinVarHQ,cls,bio_core_dna_prot_spliceai,nt_v1_500m,esm2_650m,Hybrid_Transformer_XGBoost,0.9189,0.945,0.8879,0.9493,0.9156,0.8392,0.9725,0.9728,OURS
Train3Val_ClinVarHQ,mean,bio_core_dna_prot,nt_v2_500m,esm1v_650m,Hybrid_Concat_XGBoost,0.9189,0.945,0.8879,0.9493,0.9156,0.8392,0.9758,0.9773,OURS
Train3Val_ClinVarHQ,cls,bio_core_dna_prot_spliceai,nt_v3_650m,esm2_650m,Hybrid_Concat_XGBoost,0.9189,0.9422,0.8908,0.9465,0.9158,0.839,0.9712,0.9697,OURS
Train3Val_ClinVarHQ,mean,bio_core_dna_prot_spliceai,nt_v3_650m,esm2_650m,Hybrid_CrossAttn_XGBoost,0.9189,0.9422,0.8908,0.9465,0.9158,0.839,0.974,0.9735,OURS
Train3Val_ClinVarHQ,center,bio_core_dna_prot_spliceai,nt_v3_650m,esm2_650m,PyTorch_Gating,0.9189,0.9396,0.8937,0.9437,0.9161,0.8387,0.9726,0.9718,OURS
Train3Val_ClinVarHQ,mean,bio_core_dna_prot_spliceai,nt_v1_500m,esm2_650m,PyTorch_Concat,0.9189,0.9396,0.8937,0.9437,0.9161,0.8387,0.9748,0.9739,OURS
Train3Val_ClinVarHQ,mean,bio_core_dna_prot_spliceai,nt_v2_500m,esm2_650m,Hybrid_Gating_XGBoost,0.9189,0.9369,0.8966,0.9408,0.9163,0.8385,0.9709,0.9707,OURS
Train3Val_ClinVarHQ,mean,bio_core_dna_prot,nt_v3_650m,esm1v_650m,Pure_XGBoost_Concat,0.9189,0.9369,0.8966,0.9408,0.9163,0.8385,0.9803,0.9802,OURS
Train3Val_ClinVarHQ,mean,bio_core_dna_prot,nt_v2_500m,esm1v_650m,Hybrid_Transformer_XGBoost,0.9189,0.9369,0.8966,0.9408,0.9163,0.8385,0.9738,0.9747,OURS
Train3Val_ClinVarHQ,cls,bio_core_prot_spliceai,,esmc_600m,Hybrid_Concat_XGBoost,0.9189,0.9343,0.8994,0.938,0.9165,0.8383,0.9721,0.9714,OURS
Train3Val_ClinVarHQ,mean,bio_core_dna_prot_spliceai,nt_v1_500m,esm2_650m,Hybrid_Concat_XGBoost,0.9189,0.9318,0.9023,0.9352,0.9168,0.8382,0.9719,0.9727,OURS
Train3Val_ClinVarHQ,center,bio_core_dna_prot_spliceai,nt_v2_500m,esm1v_650m,Hybrid_CrossAttn_XGBoost,0.9189,0.9292,0.9052,0.9324,0.917,0.8381,0.9711,0.9709,OURS
Train3Val_ClinVarHQ,cls,bio_core_dna_spliceai,nt_v3_650m,,Pure_XGBoost_Concat,0.9175,0.9531,0.8764,0.9577,0.9132,0.8375,0.9752,0.9765,OURS
Train3Val_ClinVarHQ,center,bio_dna_prot,nt_v1_500m,esmc_600m,Hybrid_Transformer_XGBoost,0.9175,0.9475,0.8822,0.9521,0.9137,0.8368,0.9752,0.9764,OURS
Train3Val_ClinVarHQ,center,bio_core_prot_spliceai,,esm2_650m,PyTorch_Concat,0.9175,0.9448,0.8851,0.9493,0.9139,0.8365,0.9761,0.9746,OURS
Train3Val_ClinVarHQ,cls,bio_core_dna_prot_spliceai,nt_v1_500m,esm1b_650m,Hybrid_Concat_XGBoost,0.9175,0.9421,0.8879,0.9465,0.9142,0.8362,0.9776,0.9788,OURS
Train3Val_ClinVarHQ,center,bio_core_dna_prot,nt_v1_500m,esm1v_650m,Hybrid_Transformer_XGBoost,0.9175,0.9394,0.8908,0.9437,0.9145,0.836,0.9747,0.9752,OURS
Train3Val_ClinVarHQ,mean,bio_core_dna_prot,nt_v1_500m,esm1v_650m,Hybrid_Concat_XGBoost,0.9175,0.9394,0.8908,0.9437,0.9145,0.836,0.9756,0.9761,OURS
Train3Val_ClinVarHQ,cls,bio_core_dna_prot_spliceai,nt_v3_650m,esm1b_650m,Hybrid_Gating_XGBoost,0.9175,0.9367,0.8937,0.9408,0.9147,0.8358,0.9793,0.9799,OURS
Train3Val_ClinVarHQ,center,bio_dna_geom,nt_v1_500m,esmc_600m,Pure_XGBoost_Concat,0.9175,0.9341,0.8966,0.938,0.915,0.8356,0.9793,0.9802,OURS
Train3Val_ClinVarHQ,center,bio_core_prot_spliceai,,esm1b_650m,Hybrid_Concat_XGBoost,0.9175,0.9341,0.8966,0.938,0.915,0.8356,0.9771,0.977,OURS
Train3Val_ClinVarHQ,center,bio_core_dna_prot_spliceai,nt_v3_650m,esm1v_650m,Hybrid_CrossAttn_XGBoost,0.9175,0.9265,0.9052,0.9296,0.9157,0.8352,0.9747,0.9747,OURS
Train3Val_ClinVarHQ,mean,bio_core_prot_spliceai,,esm2_650m,PyTorch_Concat,0.9161,0.9558,0.8707,0.9606,0.9113,0.8352,0.9753,0.9729,OURS
Train3Val_ClinVarHQ,mean,bio_core_dna_prot_spliceai,nt_v3_650m,esm1v_650m,Hybrid_CrossAttn_XGBoost,0.9175,0.9265,0.9052,0.9296,0.9157,0.8352,0.9716,0.9714,OURS
Train3Val_ClinVarHQ,center,bio_core_dna_prot_spliceai,nt_v2_500m,esm1b_650m,Hybrid_Transformer_XGBoost,0.9175,0.9215,0.9109,0.9239,0.9162,0.835,0.9752,0.9731,OURS
Train3Val_ClinVarHQ,center,bio_core_dna_prot_spliceai,nt_v2_500m,esm1b_650m,Hybrid_Gating_XGBoost,0.9175,0.9191,0.9138,0.9211,0.9164,0.835,0.9724,0.9721,OURS
Train3Val_ClinVarHQ,mean,bio_core_dna_spliceai,nt_v2_500m,,Hybrid_Concat_XGBoost,0.9161,0.953,0.8736,0.9577,0.9115,0.8348,0.9719,0.9738,OURS
Train3Val_ClinVarHQ,center,bio_core_dna_prot_spliceai,nt_v1_500m,esm1v_650m,PyTorch_Concat,0.9161,0.9446,0.8822,0.9493,0.9123,0.8338,0.97,0.9719,OURS
Train3Val_ClinVarHQ,center,bio_core_dna_prot_spliceai,nt_v2_500m,esmc_600m,Hybrid_CrossAttn_XGBoost,0.9161,0.9446,0.8822,0.9493,0.9123,0.8338,0.9778,0.9776,OURS
Train3Val_ClinVarHQ,center,bio_core_dna_prot_spliceai,nt_v1_500m,esmc_600m,Hybrid_Gating_XGBoost,0.9161,0.9419,0.8851,0.9465,0.9126,0.8335,0.9725,0.9728,OURS
Train3Val_ClinVarHQ,center,bio_core_dna_prot,nt_v2_500m,esm1v_650m,Hybrid_CrossAttn_XGBoost,0.9161,0.9419,0.8851,0.9465,0.9126,0.8335,0.9758,0.9758,OURS
Train3Val_ClinVarHQ,cls,bio_core_dna_prot_spliceai,nt_v2_500m,esm1b_650m,Hybrid_Concat_XGBoost,0.9161,0.9419,0.8851,0.9465,0.9126,0.8335,0.9763,0.9772,OURS
Train3Val_ClinVarHQ,mean,bio_core_dna_prot_spliceai,nt_v3_650m,esmc_600m,Hybrid_Transformer_XGBoost,0.9161,0.9419,0.8851,0.9465,0.9126,0.8335,0.9688,0.9662,OURS
Train3Val_ClinVarHQ,mean,bio_core_dna_prot,nt_v1_500m,esm1v_650m,Hybrid_CrossAttn_XGBoost,0.9161,0.9419,0.8851,0.9465,0.9126,0.8335,0.9752,0.9766,OURS
Train3Val_ClinVarHQ,mean,bio_dna_prot,nt_v2_500m,esm1b_650m,Hybrid_Gating_XGBoost,0.9161,0.9392,0.8879,0.9437,0.9129,0.8333,0.9773,0.978,OURS
Train3Val_ClinVarHQ,cls,bio_core_dna_prot_spliceai,nt_v1_500m,esmc_600m,Hybrid_Transformer_XGBoost,0.9161,0.9392,0.8879,0.9437,0.9129,0.8333,0.9709,0.9682,OURS
Train3Val_ClinVarHQ,mean,bio_core_dna_prot_spliceai,nt_v1_500m,esm1v_650m,Hybrid_Transformer_XGBoost,0.9161,0.9366,0.8908,0.9408,0.9131,0.833,0.972,0.9719,OURS
Train3Val_ClinVarHQ,center,bio_core_dna_prot,nt_v3_650m,esm1v_650m,Hybrid_Concat_XGBoost,0.9161,0.9339,0.8937,0.938,0.9134,0.8328,0.9741,0.9727,OURS
Train3Val_ClinVarHQ,center,bio_core_dna_prot_spliceai,nt_v1_500m,esm1v_650m,PyTorch_Gating,0.9161,0.9313,0.8966,0.9352,0.9136,0.8326,0.968,0.9693,OURS
Train3Val_ClinVarHQ,center,bio_core_dna_prot,nt_v3_650m,esm1v_650m,Hybrid_Gating_XGBoost,0.9161,0.9313,0.8966,0.9352,0.9136,0.8326,0.9726,0.9733,OURS
Train3Val_ClinVarHQ,center,bio_core_dna_prot_spliceai,nt_v3_650m,esm1b_650m,Hybrid_Transformer_XGBoost,0.9161,0.9288,0.8994,0.9324,0.9139,0.8325,0.9733,0.9718,OURS
Train3Val_ClinVarHQ,center,bio_core_dna_prot_spliceai,nt_v3_650m,esm2_650m,PyTorch_CrossAttn,0.9161,0.9288,0.8994,0.9324,0.9139,0.8325,0.9729,0.9718,OURS
Train3Val_ClinVarHQ,mean,bio_core_dna_prot_spliceai,nt_v1_500m,esmc_600m,Hybrid_CrossAttn_XGBoost,0.9161,0.9263,0.9023,0.9296,0.9141,0.8324,0.9704,0.9706,OURS
Train3Val_ClinVarHQ,cls,bio_dna_prot,nt_v2_500m,esm1b_650m,Hybrid_CrossAttn_XGBoost,0.9147,0.9472,0.8764,0.9521,0.9104,0.8314,0.978,0.9786,OURS
Train3Val_ClinVarHQ,cls,bio_dna_prot,nt_v2_500m,esm1b_650m,Hybrid_Transformer_XGBoost,0.9147,0.9472,0.8764,0.9521,0.9104,0.8314,0.9774,0.9776,OURS
Train3Val_ClinVarHQ,cls,bio_core_dna_prot_spliceai,nt_v1_500m,esm1b_650m,Hybrid_Transformer_XGBoost,0.9147,0.9472,0.8764,0.9521,0.9104,0.8314,0.9764,0.9769,OURS
Train3Val_ClinVarHQ,mean,bio_core_prot_spliceai,,esm1b_650m,Hybrid_Concat_XGBoost,0.9147,0.9472,0.8764,0.9521,0.9104,0.8314,0.9771,0.9771,OURS
Train3Val_ClinVarHQ,center,bio_core_dna_spliceai,nt_v2_500m,,Pure_XGBoost_Concat,0.9147,0.9444,0.8793,0.9493,0.9107,0.8311,0.9756,0.9748,OURS
Train3Val_ClinVarHQ,mean,bio_core_dna_prot,nt_v1_500m,esm1v_650m,Hybrid_Transformer_XGBoost,0.9147,0.9417,0.8822,0.9465,0.911,0.8308,0.9737,0.9745,OURS
Train3Val_ClinVarHQ,center,bio_core_dna_prot_spliceai,nt_v1_500m,esm2_650m,PyTorch_CrossAttn,0.9147,0.9364,0.8879,0.9408,0.9115,0.8303,0.9723,0.9712,OURS
Train3Val_ClinVarHQ,center,bio_core_dna_prot_spliceai,nt_v3_650m,esm1v_650m,Hybrid_Gating_XGBoost,0.9147,0.9311,0.8937,0.9352,0.912,0.8299,0.9743,0.9736,OURS
Train3Val_ClinVarHQ,center,bio_core_dna_prot,nt_v2_500m,esm1v_650m,Hybrid_Concat_XGBoost,0.9147,0.9311,0.8937,0.9352,0.912,0.8299,0.9752,0.9753,OURS
Train3Val_ClinVarHQ,cls,bio_core_dna_prot_spliceai,nt_v2_500m,esm2_650m,Hybrid_CrossAttn_XGBoost,0.9147,0.9311,0.8937,0.9352,0.912,0.8299,0.9711,0.9724,OURS
Train3Val_ClinVarHQ,mean,bio_core_dna_prot_spliceai,nt_v2_500m,esm1v_650m,Hybrid_Gating_XGBoost,0.9147,0.926,0.8994,0.9296,0.9125,0.8296,0.9732,0.9736,OURS
Train3Val_ClinVarHQ,center,bio_core_dna_prot_spliceai,nt_v2_500m,esmc_600m,Hybrid_Gating_XGBoost,0.9147,0.9235,0.9023,0.9268,0.9128,0.8295,0.9724,0.9726,OURS
Train3Val_ClinVarHQ,mean,bio_core_prot_spliceai,,esm1v_650m,Hybrid_Concat_XGBoost,0.9147,0.9235,0.9023,0.9268,0.9128,0.8295,0.9733,0.9745,OURS
Train3Val_ClinVarHQ,center,bio_core_dna_prot,nt_v2_500m,esm1v_650m,PyTorch_Concat,0.9132,0.9498,0.8707,0.9549,0.9085,0.8291,0.9738,0.9741,OURS
Train3Val_ClinVarHQ,center,bio_core_dna_prot_spliceai,nt_v3_650m,esm1v_650m,PyTorch_CrossAttn,0.9118,0.9643,0.8534,0.969,0.9055,0.8288,0.9739,0.9735,OURS
Train3Val_ClinVarHQ,cls,bio_core_dna_prot_spliceai,nt_v3_650m,esmc_600m,PyTorch_CrossAttn,0.9132,0.9443,0.8764,0.9493,0.9091,0.8284,0.9719,0.9706,OURS
Train3Val_ClinVarHQ,cls,bio_core_dna_prot_spliceai,nt_v2_500m,esmc_600m,PyTorch_CrossAttn,0.9132,0.9443,0.8764,0.9493,0.9091,0.8284,0.9652,0.9572,OURS
Train3Val_ClinVarHQ,cls,bio_core_dna_prot,nt_v3_650m,esm1v_650m,Hybrid_Concat_XGBoost,0.9132,0.9443,0.8764,0.9493,0.9091,0.8284,0.9752,0.9751,OURS
Train3Val_ClinVarHQ,center,bio_core_dna_prot,nt_v3_650m,esm1v_650m,PyTorch_Gating,0.9132,0.9415,0.8793,0.9465,0.9094,0.8281,0.9738,0.9731,OURS
Train3Val_ClinVarHQ,mean,bio_core_dna_prot_spliceai,nt_v1_500m,esmc_600m,Hybrid_Gating_XGBoost,0.9132,0.9415,0.8793,0.9465,0.9094,0.8281,0.9673,0.9672,OURS
Train3Val_ClinVarHQ,center,bio_core_dna_prot_spliceai,nt_v3_650m,esm2_650m,PyTorch_Transformer,0.9132,0.9388,0.8822,0.9437,0.9096,0.8278,0.9731,0.9709,OURS
Train3Val_ClinVarHQ,center,bio_core_dna_prot,nt_v1_500m,esm1v_650m,Hybrid_Gating_XGBoost,0.9132,0.9388,0.8822,0.9437,0.9096,0.8278,0.9726,0.9748,OURS
Train3Val_ClinVarHQ,mean,bio_core_dna_prot_spliceai,nt_v2_500m,esm1b_650m,Hybrid_Concat_XGBoost,0.9132,0.9388,0.8822,0.9437,0.9096,0.8278,0.9771,0.9779,OURS
Train3Val_ClinVarHQ,center,bio_dna_prot,nt_v1_500m,esmc_600m,PyTorch_Transformer,0.9132,0.9362,0.8851,0.9408,0.9099,0.8276,0.9736,0.9737,OURS
Train3Val_ClinVarHQ,cls,bio_core_prot_spliceai,,esm1b_650m,Hybrid_Concat_XGBoost,0.9132,0.9362,0.8851,0.9408,0.9099,0.8276,0.9762,0.9766,OURS
Train3Val_ClinVarHQ,cls,bio_core_dna_prot_spliceai,nt_v2_500m,esm2_650m,PyTorch_Gating,0.9132,0.9362,0.8851,0.9408,0.9099,0.8276,0.9669,0.9619,OURS
Train3Val_ClinVarHQ,mean,bio_core_dna_prot,nt_v3_650m,esm1v_650m,Hybrid_Transformer_XGBoost,0.9132,0.9362,0.8851,0.9408,0.9099,0.8276,0.9734,0.9744,OURS
Train3Val_ClinVarHQ,cls,bio_core_dna_prot_spliceai,nt_v3_650m,esm2_650m,Hybrid_Gating_XGBoost,0.9132,0.9335,0.8879,0.938,0.9102,0.8273,0.9714,0.9693,OURS
Train3Val_ClinVarHQ,center,bio_core_dna_prot_spliceai,nt_v1_500m,esm1v_650m,Hybrid_Transformer_XGBoost,0.9132,0.9309,0.8908,0.9352,0.9104,0.8271,0.966,0.9664,OURS
Train3Val_ClinVarHQ,center,bio_core_dna_prot_spliceai,nt_v1_500m,esm2_650m,Hybrid_Gating_XGBoost,0.9132,0.9309,0.8908,0.9352,0.9104,0.8271,0.974,0.9729,OURS
Train3Val_ClinVarHQ,mean,bio_core_dna_prot_spliceai,nt_v1_500m,esm2_650m,Hybrid_Gating_XGBoost,0.9132,0.9309,0.8908,0.9352,0.9104,0.8271,0.9752,0.9767,OURS
Train3Val_ClinVarHQ,center,bio_dna_prot,nt_v1_500m,esmc_600m,PyTorch_Gating,0.9118,0.9525,0.8649,0.9577,0.9066,0.8269,0.9759,0.976,OURS
Train3Val_ClinVarHQ,center,bio_core_dna_prot_spliceai,nt_v2_500m,esm1v_650m,Hybrid_Concat_XGBoost,0.9132,0.9284,0.8937,0.9324,0.9107,0.8269,0.9704,0.9715,OURS
Train3Val_ClinVarHQ,cls,bio_core_dna_spliceai,nt_v1_500m,,PyTorch_Concat,0.9104,0.9672,0.8477,0.9718,0.9035,0.8268,0.9694,0.9687,OURS
Train3Val_ClinVarHQ,center,bio_core_dna_prot,nt_v2_500m,esm1v_650m,Hybrid_Gating_XGBoost,0.9132,0.9233,0.8994,0.9268,0.9112,0.8267,0.9723,0.9735,OURS
Train3Val_ClinVarHQ,mean,bio_core_dna_prot_spliceai,nt_v1_500m,esm2_650m,Hybrid_Transformer_XGBoost,0.9132,0.9233,0.8994,0.9268,0.9112,0.8267,0.9705,0.9711,OURS
Train3Val_ClinVarHQ,mean,bio_core_dna_prot_spliceai,nt_v2_500m,esm1v_650m,Hybrid_Concat_XGBoost,0.9132,0.9233,0.8994,0.9268,0.9112,0.8267,0.9713,0.9724,OURS
Train3Val_ClinVarHQ,center,bio_core_dna_prot_spliceai,nt_v2_500m,esm2_650m,Hybrid_Gating_XGBoost,0.9132,0.9208,0.9023,0.9239,0.9115,0.8266,0.9719,0.9715,OURS
Train3Val_ClinVarHQ,center,bio_core_dna_prot_spliceai,nt_v3_650m,esm2_650m,Hybrid_CrossAttn_XGBoost,0.9132,0.9184,0.9052,0.9211,0.9117,0.8265,0.9721,0.9687,OURS
Train3Val_ClinVarHQ,cls,bio_core_dna_prot_spliceai,nt_v1_500m,esm2_650m,Hybrid_Concat_XGBoost,0.9132,0.9184,0.9052,0.9211,0.9117,0.8265,0.9712,0.9728,OURS
Train3Val_ClinVarHQ,mean,bio_dna_prot,nt_v2_500m,esm1b_650m,Hybrid_CrossAttn_XGBoost,0.9118,0.9469,0.8707,0.9521,0.9072,0.8261,0.9774,0.9769,OURS
Train3Val_ClinVarHQ,mean,bio_core_prot_spliceai,,esm1v_650m,PyTorch_Concat,0.9118,0.9469,0.8707,0.9521,0.9072,0.8261,0.9716,0.9721,OURS
Train3Val_ClinVarHQ,mean,bio_core_dna_prot_spliceai,nt_v3_650m,esm2_650m,PyTorch_Gating,0.9118,0.9469,0.8707,0.9521,0.9072,0.8261,0.976,0.969,OURS
Train3Val_ClinVarHQ,cls,bio_core_dna_prot_spliceai,nt_v1_500m,esm2_650m,PyTorch_Transformer,0.9104,0.9582,0.8563,0.9634,0.9044,0.8252,0.9671,0.9665,OURS
Train3Val_ClinVarHQ,center,bio_core_dna_prot_spliceai,nt_v3_650m,esmc_600m,PyTorch_Gating,0.9118,0.9387,0.8793,0.9437,0.908,0.8251,0.9768,0.9764,OURS
Train3Val_ClinVarHQ,mean,bio_core_dna_prot,nt_v1_500m,esm1v_650m,Hybrid_Gating_XGBoost,0.9118,0.936,0.8822,0.9408,0.9083,0.8248,0.9739,0.9752,OURS
Train3Val_ClinVarHQ,center,bio_dna_prot,nt_v1_500m,esmc_600m,Hybrid_CrossAttn_XGBoost,0.9118,0.9333,0.8851,0.938,0.9086,0.8246,0.9748,0.9744,OURS
Train3Val_ClinVarHQ,center,bio_core_dna_prot_spliceai,nt_v1_500m,esm1v_650m,Hybrid_CrossAttn_XGBoost,0.9118,0.9333,0.8851,0.938,0.9086,0.8246,0.973,0.9715,OURS
Train3Val_ClinVarHQ,cls,bio_core_dna_prot_spliceai,nt_v1_500m,esmc_600m,Hybrid_CrossAttn_XGBoost,0.9118,0.9333,0.8851,0.938,0.9086,0.8246,0.972,0.9694,OURS
Train3Val_ClinVarHQ,cls,bio_core_dna_prot,nt_v1_500m,esm1v_650m,Hybrid_Gating_XGBoost,0.9118,0.9333,0.8851,0.938,0.9086,0.8246,0.9727,0.9728,OURS
Train3Val_ClinVarHQ,center,bio_core_dna_prot_spliceai,nt_v2_500m,esm2_650m,PyTorch_Gating,0.9118,0.9307,0.8879,0.9352,0.9088,0.8244,0.9701,0.968,OURS
Train3Val_ClinVarHQ,mean,bio_core_dna_prot_spliceai,nt_v1_500m,esm1v_650m,Hybrid_CrossAttn_XGBoost,0.9118,0.9307,0.8879,0.9352,0.9088,0.8244,0.9721,0.9722,OURS
Train3Val_ClinVarHQ,mean,bio_core_dna_prot_spliceai,nt_v2_500m,esm2_650m,Hybrid_Transformer_XGBoost,0.9118,0.9307,0.8879,0.9352,0.9088,0.8244,0.9704,0.9707,OURS
Train3Val_ClinVarHQ,mean,bio_core_dna_prot_spliceai,nt_v2_500m,esm1v_650m,Hybrid_Transformer_XGBoost,0.9118,0.9281,0.8908,0.9324,0.9091,0.8242,0.9717,0.9721,OURS
Train3Val_ClinVarHQ,center,bio_core_dna_prot_spliceai,nt_v3_650m,esm2_650m,PyTorch_Concat,0.9118,0.9256,0.8937,0.9296,0.9094,0.824,0.9699,0.9671,OURS
Train3Val_ClinVarHQ,cls,bio_core_prot_spliceai,,esm1v_650m,Hybrid_Concat_XGBoost,0.9118,0.9256,0.8937,0.9296,0.9094,0.824,0.9736,0.9733,OURS
Train3Val_ClinVarHQ,mean,bio_core_dna_prot_spliceai,nt_v2_500m,esmc_600m,Hybrid_Transformer_XGBoost,0.9118,0.9256,0.8937,0.9296,0.9094,0.824,0.9692,0.9708,OURS
Train3Val_ClinVarHQ,mean,bio_core_dna_prot_spliceai,nt_v3_650m,esm1v_650m,Hybrid_Transformer_XGBoost,0.9118,0.9231,0.8966,0.9268,0.9096,0.8239,0.9724,0.974,OURS
Train3Val_ClinVarHQ,mean,bio_core_dna_prot_spliceai,nt_v2_500m,esm1b_650m,Hybrid_Gating_XGBoost,0.9118,0.9206,0.8994,0.9239,0.9099,0.8238,0.975,0.9753,OURS
Train3Val_ClinVarHQ,center,bio_core_prot_spliceai,,esm1b_650m,PyTorch_Concat,0.9118,0.9181,0.9023,0.9211,0.9101,0.8237,0.9745,0.9749,OURS
Train3Val_ClinVarHQ,mean,bio_core_dna_prot_spliceai,nt_v2_500m,esm1v_650m,PyTorch_CrossAttn,0.9104,0.9467,0.8678,0.9521,0.9055,0.8234,0.9739,0.973,OURS
Train3Val_ClinVarHQ,cls,bio_dna_prot,nt_v2_500m,esm1b_650m,Hybrid_Concat_XGBoost,0.9104,0.9439,0.8707,0.9493,0.9058,0.823,0.976,0.9764,OURS
Train3Val_ClinVarHQ,center,bio_core_dna_prot,nt_v1_500m,esm1v_650m,PyTorch_Concat,0.9104,0.9439,0.8707,0.9493,0.9058,0.823,0.9673,0.9682,OURS
Train3Val_ClinVarHQ,cls,bio_core_dna_prot,nt_v2_500m,esm1v_650m,Hybrid_Concat_XGBoost,0.9104,0.9412,0.8736,0.9465,0.9061,0.8227,0.9767,0.9765,OURS
Train3Val_ClinVarHQ,mean,bio_core_dna_spliceai,nt_v1_500m,,Pure_XGBoost_Concat,0.9104,0.9412,0.8736,0.9465,0.9061,0.8227,0.9759,0.9762,OURS
Train3Val_ClinVarHQ,center,bio_core_dna_prot_spliceai,nt_v2_500m,esm1v_650m,Hybrid_Transformer_XGBoost,0.9104,0.9385,0.8764,0.9437,0.9064,0.8224,0.9722,0.9725,OURS
Train3Val_ClinVarHQ,cls,bio_core_dna_spliceai,nt_v2_500m,,Pure_XGBoost_Concat,0.9104,0.9385,0.8764,0.9437,0.9064,0.8224,0.9769,0.9775,OURS
Train3Val_ClinVarHQ,cls,bio_core_dna_prot_spliceai,nt_v3_650m,esm1v_650m,Hybrid_Gating_XGBoost,0.9104,0.9358,0.8793,0.9408,0.9067,0.8221,0.9733,0.9727,OURS
Train3Val_ClinVarHQ,cls,bio_core_dna_prot_spliceai,nt_v2_500m,esm2_650m,PyTorch_Concat,0.9104,0.9358,0.8793,0.9408,0.9067,0.8221,0.964,0.9609,OURS
Train3Val_ClinVarHQ,mean,bio_core_dna_prot_spliceai,nt_v3_650m,esm2_650m,Hybrid_Gating_XGBoost,0.9104,0.9358,0.8793,0.9408,0.9067,0.8221,0.9713,0.9691,OURS
Train3Val_ClinVarHQ,center,bio_core_dna_prot_spliceai,nt_v3_650m,esm1v_650m,Hybrid_Transformer_XGBoost,0.9104,0.9331,0.8822,0.938,0.9069,0.8219,0.9734,0.9733,OURS
Train3Val_ClinVarHQ,mean,bio_core_dna_prot_spliceai,nt_v3_650m,esm1b_650m,Hybrid_Concat_XGBoost,0.9104,0.9331,0.8822,0.938,0.9069,0.8219,0.9775,0.9773,OURS
Train3Val_ClinVarHQ,mean,bio_core_dna_prot_spliceai,nt_v3_650m,esm1b_650m,Hybrid_CrossAttn_XGBoost,0.9104,0.9331,0.8822,0.938,0.9069,0.8219,0.9743,0.9742,OURS
Train3Val_ClinVarHQ,mean,bio_core_dna_prot_spliceai,nt_v2_500m,esmc_600m,Hybrid_Concat_XGBoost,0.9104,0.9331,0.8822,0.938,0.9069,0.8219,0.9733,0.9739,OURS
Train3Val_ClinVarHQ,center,bio_core_dna_prot_spliceai,nt_v1_500m,esm1b_650m,Hybrid_CrossAttn_XGBoost,0.9104,0.9305,0.8851,0.9352,0.9072,0.8216,0.9696,0.9689,OURS
Train3Val_ClinVarHQ,cls,bio_core_dna_prot_spliceai,nt_v1_500m,esm1b_650m,PyTorch_CrossAttn,0.909,0.9522,0.8592,0.9577,0.9033,0.8216,0.975,0.9756,OURS
Train3Val_ClinVarHQ,cls,bio_core_dna_prot_spliceai,nt_v1_500m,esm2_650m,Hybrid_CrossAttn_XGBoost,0.9104,0.9305,0.8851,0.9352,0.9072,0.8216,0.9685,0.9679,OURS
Train3Val_ClinVarHQ,cls,bio_core_dna_prot_spliceai,nt_v3_650m,esmc_600m,Hybrid_Transformer_XGBoost,0.9104,0.9305,0.8851,0.9352,0.9072,0.8216,0.9694,0.9666,OURS
Train3Val_ClinVarHQ,cls,bio_core_dna_prot_spliceai,nt_v2_500m,esm2_650m,Hybrid_Transformer_XGBoost,0.9104,0.9305,0.8851,0.9352,0.9072,0.8216,0.9694,0.9696,OURS
Train3Val_ClinVarHQ,mean,bio_core_dna_prot_spliceai,nt_v1_500m,esm1b_650m,Hybrid_Gating_XGBoost,0.9104,0.9305,0.8851,0.9352,0.9072,0.8216,0.977,0.9777,OURS
Train3Val_ClinVarHQ,mean,bio_core_prot_spliceai,,esm2_650m,Hybrid_Concat_XGBoost,0.9104,0.9279,0.8879,0.9324,0.9075,0.8214,0.9765,0.9753,OURS
Train3Val_ClinVarHQ,mean,bio_core_dna_prot_spliceai,nt_v1_500m,esm1v_650m,Hybrid_Concat_XGBoost,0.9104,0.9279,0.8879,0.9324,0.9075,0.8214,0.9741,0.9743,OURS
Train3Val_ClinVarHQ,mean,bio_core_dna_prot_spliceai,nt_v3_650m,esm1v_650m,Hybrid_Concat_XGBoost,0.9104,0.9279,0.8879,0.9324,0.9075,0.8214,0.9729,0.9747,OURS
Train3Val_ClinVarHQ,mean,bio_core_dna_prot_spliceai,nt_v3_650m,esmc_600m,PyTorch_Gating,0.909,0.9494,0.8621,0.9549,0.9036,0.8212,0.9702,0.9691,OURS
Train3Val_ClinVarHQ,mean,bio_core_dna_prot_spliceai,nt_v2_500m,esmc_600m,PyTorch_Gating,0.909,0.9494,0.8621,0.9549,0.9036,0.8212,0.9701,0.9693,OURS
Train3Val_ClinVarHQ,mean,bio_core_dna_prot_spliceai,nt_v1_500m,esm1b_650m,Hybrid_CrossAttn_XGBoost,0.9104,0.9228,0.8937,0.9268,0.908,0.8211,0.9747,0.9746,OURS
Train3Val_ClinVarHQ,mean,bio_dna_prot,nt_v2_500m,esm1b_650m,PyTorch_Gating,0.909,0.941,0.8707,0.9465,0.9045,0.82,0.9761,0.9747,OURS
Train3Val_ClinVarHQ,center,bio_core_prot_spliceai,,esm1v_650m,PyTorch_Concat,0.9061,0.97,0.8362,0.9746,0.8981,0.8197,0.9769,0.9772,OURS
Train3Val_ClinVarHQ,cls,bio_core_dna_prot_spliceai,nt_v3_650m,esm1b_650m,Hybrid_CrossAttn_XGBoost,0.909,0.9383,0.8736,0.9437,0.9048,0.8197,0.9734,0.9746,OURS
Train3Val_ClinVarHQ,cls,bio_core_dna_prot_spliceai,nt_v2_500m,esmc_600m,Hybrid_Concat_XGBoost,0.909,0.9383,0.8736,0.9437,0.9048,0.8197,0.9671,0.9664,OURS
Train3Val_ClinVarHQ,center,bio_core_dna_prot,nt_v3_650m,esm1v_650m,Hybrid_CrossAttn_XGBoost,0.909,0.9356,0.8764,0.9408,0.905,0.8194,0.9722,0.9724,OURS
Train3Val_ClinVarHQ,center,bio_core_dna_prot,nt_v2_500m,esm1v_650m,PyTorch_Gating,0.909,0.9356,0.8764,0.9408,0.905,0.8194,0.971,0.9717,OURS
Train3Val_ClinVarHQ,cls,bio_core_dna_prot_spliceai,nt_v2_500m,esm1b_650m,PyTorch_CrossAttn,0.9075,0.955,0.8534,0.9606,0.9014,0.8194,0.9715,0.972,OURS
Train3Val_ClinVarHQ,cls,bio_core_dna_prot,nt_v3_650m,esm1v_650m,Hybrid_Transformer_XGBoost,0.909,0.9356,0.8764,0.9408,0.905,0.8194,0.9706,0.9703,OURS
Train3Val_ClinVarHQ,mean,bio_core_dna_prot_spliceai,nt_v3_650m,esm1v_650m,PyTorch_CrossAttn,0.909,0.9356,0.8764,0.9408,0.905,0.8194,0.9716,0.9724,OURS
Train3Val_ClinVarHQ,mean,bio_dna_prot,nt_v2_500m,esm1b_650m,Hybrid_Transformer_XGBoost,0.909,0.9329,0.8793,0.938,0.9053,0.8191,0.9755,0.9759,OURS
Train3Val_ClinVarHQ,center,bio_core_dna_prot_spliceai,nt_v1_500m,esm1v_650m,Hybrid_Concat_XGBoost,0.909,0.9329,0.8793,0.938,0.9053,0.8191,0.9743,0.9746,OURS
Train3Val_ClinVarHQ,cls,bio_core_dna_prot_spliceai,nt_v3_650m,esmc_600m,Hybrid_Concat_XGBoost,0.909,0.9329,0.8793,0.938,0.9053,0.8191,0.9678,0.966,OURS
Train3Val_ClinVarHQ,mean,bio_core_dna_prot,nt_v2_500m,esm1v_650m,Hybrid_CrossAttn_XGBoost,0.909,0.9329,0.8793,0.938,0.9053,0.8191,0.973,0.9723,OURS
Train3Val_ClinVarHQ,mean,bio_core_dna_prot_spliceai,nt_v3_650m,esm2_650m,PyTorch_CrossAttn,0.9061,0.9669,0.8391,0.9718,0.8985,0.819,0.9772,0.9742,OURS
Train3Val_ClinVarHQ,cls,bio_core_dna_prot_spliceai,nt_v1_500m,esm1v_650m,Hybrid_Concat_XGBoost,0.909,0.9303,0.8822,0.9352,0.9056,0.8189,0.9721,0.9712,OURS
Train3Val_ClinVarHQ,cls,bio_core_dna_prot_spliceai,nt_v1_500m,esmc_600m,Hybrid_Concat_XGBoost,0.909,0.9303,0.8822,0.9352,0.9056,0.8189,0.9718,0.9717,OURS
Train3Val_ClinVarHQ,mean,bio_core_dna_prot_spliceai,nt_v3_650m,esmc_600m,Hybrid_CrossAttn_XGBoost,0.909,0.9303,0.8822,0.9352,0.9056,0.8189,0.9734,0.9745,OURS
Train3Val_ClinVarHQ,mean,bio_core_dna_prot_spliceai,nt_v2_500m,esmc_600m,Hybrid_CrossAttn_XGBoost,0.909,0.9303,0.8822,0.9352,0.9056,0.8189,0.9706,0.9711,OURS
Train3Val_ClinVarHQ,mean,bio_core_dna_prot_spliceai,nt_v1_500m,esm1b_650m,Hybrid_Transformer_XGBoost,0.909,0.9277,0.8851,0.9324,0.9059,0.8187,0.9751,0.9754,OURS
Train3Val_ClinVarHQ,mean,bio_dna_prot,nt_v2_500m,esm1b_650m,PyTorch_Concat,0.9075,0.9492,0.8592,0.9549,0.902,0.8185,0.9771,0.9762,OURS
Train3Val_ClinVarHQ,center,bio_core_dna_prot_spliceai,nt_v1_500m,esm2_650m,Hybrid_CrossAttn_XGBoost,0.909,0.9251,0.8879,0.9296,0.9062,0.8185,0.9702,0.9668,OURS
Train3Val_ClinVarHQ,center,bio_core_dna_prot_spliceai,nt_v3_650m,esm1v_650m,Hybrid_Concat_XGBoost,0.909,0.9251,0.8879,0.9296,0.9062,0.8185,0.9717,0.969,OURS
Train3Val_ClinVarHQ,mean,bio_core_dna_prot_spliceai,nt_v1_500m,esm1v_650m,PyTorch_Gating,0.909,0.9251,0.8879,0.9296,0.9062,0.8185,0.9674,0.9708,OURS
Train3Val_ClinVarHQ,mean,bio_core_dna_prot_spliceai,nt_v2_500m,esm2_650m,Hybrid_CrossAttn_XGBoost,0.909,0.9251,0.8879,0.9296,0.9062,0.8185,0.9745,0.9752,OURS
Train3Val_ClinVarHQ,mean,bio_core_dna_prot_spliceai,nt_v1_500m,esm2_650m,Hybrid_CrossAttn_XGBoost,0.909,0.9226,0.8908,0.9268,0.9064,0.8183,0.9732,0.9753,OURS
Train3Val_ClinVarHQ,center,bio_core_dna_prot_spliceai,nt_v3_650m,esm1b_650m,Hybrid_CrossAttn_XGBoost,0.909,0.9201,0.8937,0.9239,0.9067,0.8182,0.9674,0.968,OURS
Train3Val_ClinVarHQ,center,bio_core_dna_prot_spliceai,nt_v3_650m,esm1b_650m,Hybrid_Concat_XGBoost,0.909,0.9176,0.8966,0.9211,0.907,0.8181,0.9743,0.9748,OURS
Train3Val_ClinVarHQ,center,bio_core_dna_prot,nt_v1_500m,esm1v_650m,PyTorch_CrossAttn,0.9075,0.9464,0.8621,0.9521,0.9023,0.8181,0.9715,0.9728,OURS
Train3Val_ClinVarHQ,center,bio_core_dna_prot_spliceai,nt_v3_650m,esm2_650m,Hybrid_Transformer_XGBoost,0.909,0.9152,0.8994,0.9183,0.9072,0.818,0.972,0.9695,OURS
Train3Val_ClinVarHQ,cls,bio_core_dna_spliceai,nt_v3_650m,,PyTorch_Concat,0.9061,0.9608,0.8448,0.9662,0.8991,0.8179,0.9704,0.9719,OURS
Train3Val_ClinVarHQ,cls,bio_dna,nt_v2_500m,,Pure_XGBoost_Concat,0.9075,0.9436,0.8649,0.9493,0.9025,0.8177,0.9751,0.977,OURS
Train3Val_ClinVarHQ,mean,bio_prot,,esm1b_650m,PyTorch_Concat,0.9075,0.9436,0.8649,0.9493,0.9025,0.8177,0.9752,0.9739,OURS
Train3Val_ClinVarHQ,cls,bio_dna,nt_v2_500m,,Pure_XGBoost_Concat,0.9075,0.9436,0.8649,0.9493,0.9025,0.8177,0.9751,0.977,OURS
Train3Val_ClinVarHQ,mean,bio_prot,,esm1b_650m,PyTorch_Concat,0.9075,0.9436,0.8649,0.9493,0.9025,0.8177,0.9752,0.9739,OURS
Train3Val_ClinVarHQ,cls,bio_dna,nt_v2_500m,,Pure_XGBoost_Concat,0.9075,0.9436,0.8649,0.9493,0.9025,0.8177,0.9751,0.977,OURS
Train3Val_ClinVarHQ,mean,bio_prot,,esm1b_650m,PyTorch_Concat,0.9075,0.9436,0.8649,0.9493,0.9025,0.8177,0.9752,0.9739,OURS
Train3Val_ClinVarHQ,center,bio_core_spliceai,,,PyTorch_Concat,0.9075,0.9436,0.8649,0.9493,0.9025,0.8177,0.9728,0.9728,OURS
Train3Val_ClinVarHQ,cls,bio_prot,,esm1b_650m,Hybrid_Concat_XGBoost,0.9075,0.9408,0.8678,0.9465,0.9028,0.8173,0.9786,0.9788,OURS
Train3Val_ClinVarHQ,cls,bio_prot,,esm1b_650m,Hybrid_Concat_XGBoost,0.9075,0.9408,0.8678,0.9465,0.9028,0.8173,0.9786,0.9788,OURS
Train3Val_ClinVarHQ,cls,bio_prot,,esm1b_650m,Hybrid_Concat_XGBoost,0.9075,0.9408,0.8678,0.9465,0.9028,0.8173,0.9786,0.9788,OURS
Train3Val_ClinVarHQ,cls,bio_core_dna_prot_spliceai,nt_v1_500m,esm2_650m,PyTorch_CrossAttn,0.9061,0.9578,0.8477,0.9634,0.8994,0.8173,0.9686,0.9689,OURS
Train3Val_ClinVarHQ,cls,bio_core_dna_prot_spliceai,nt_v2_500m,esm1b_650m,Hybrid_Transformer_XGBoost,0.9075,0.9408,0.8678,0.9465,0.9028,0.8173,0.9743,0.9754,OURS
Train3Val_ClinVarHQ,mean,bio_core_dna_prot_spliceai,nt_v1_500m,esm1v_650m,PyTorch_Transformer,0.9075,0.9408,0.8678,0.9465,0.9028,0.8173,0.972,0.9742,OURS
Train3Val_ClinVarHQ,mean,bio_core_dna_prot_spliceai,nt_v1_500m,esmc_600m,Hybrid_Transformer_XGBoost,0.9075,0.9354,0.8736,0.9408,0.9034,0.8167,0.9687,0.9691,OURS
Train3Val_ClinVarHQ,cls,bio_core_dna_prot_spliceai,nt_v2_500m,esm1v_650m,Hybrid_CrossAttn_XGBoost,0.9075,0.9327,0.8764,0.938,0.9037,0.8164,0.9715,0.9702,OURS
Train3Val_ClinVarHQ,cls,bio_core_dna_prot_spliceai,nt_v2_500m,esm1b_650m,Hybrid_Gating_XGBoost,0.9075,0.9301,0.8793,0.9352,0.904,0.8162,0.9738,0.9746,OURS
Train3Val_ClinVarHQ,cls,bio_core_dna_prot,nt_v3_650m,esm1v_650m,Hybrid_CrossAttn_XGBoost,0.9075,0.9301,0.8793,0.9352,0.904,0.8162,0.9695,0.9699,OURS
Train3Val_ClinVarHQ,center,bio_core_dna_prot_spliceai,nt_v2_500m,esmc_600m,PyTorch_CrossAttn,0.9061,0.949,0.8563,0.9549,0.9003,0.8159,0.978,0.9778,OURS
Train3Val_ClinVarHQ,cls,bio_core_dna_prot,nt_v1_500m,esm1v_650m,Hybrid_Concat_XGBoost,0.9075,0.9275,0.8822,0.9324,0.9043,0.8159,0.975,0.9749,OURS
Train3Val_ClinVarHQ,mean,bio_core_dna_prot_spliceai,nt_v3_650m,esmc_600m,Hybrid_Concat_XGBoost,0.9075,0.9275,0.8822,0.9324,0.9043,0.8159,0.9691,0.9699,OURS
Train3Val_ClinVarHQ,mean,bio_core_dna_prot_spliceai,nt_v2_500m,esm1v_650m,Hybrid_CrossAttn_XGBoost,0.9075,0.9275,0.8822,0.9324,0.9043,0.8159,0.9688,0.9693,OURS
Train3Val_ClinVarHQ,mean,bio_core_dna_prot_spliceai,nt_v2_500m,esmc_600m,Hybrid_Gating_XGBoost,0.9075,0.9275,0.8822,0.9324,0.9043,0.8159,0.9699,0.9714,OURS
Train3Val_ClinVarHQ,center,bio_core_dna_prot_spliceai,nt_v1_500m,esm1b_650m,Hybrid_Concat_XGBoost,0.9075,0.9224,0.8879,0.9268,0.9048,0.8156,0.9739,0.975,OURS
Train3Val_ClinVarHQ,mean,bio_core_dna_prot_spliceai,nt_v2_500m,esm1b_650m,PyTorch_Gating,0.9075,0.9224,0.8879,0.9268,0.9048,0.8156,0.9725,0.9724,OURS
Train3Val_ClinVarHQ,center,bio_core_dna_prot_spliceai,nt_v1_500m,esm2_650m,Hybrid_Concat_XGBoost,0.9075,0.9199,0.8908,0.9239,0.9051,0.8154,0.9722,0.9695,OURS
Train3Val_ClinVarHQ,mean,bio_core_dna_prot_spliceai,nt_v3_650m,esm2_650m,Hybrid_Transformer_XGBoost,0.9075,0.9125,0.8994,0.9155,0.9059,0.8151,0.9746,0.9744,OURS
Train3Val_ClinVarHQ,center,bio_core_dna_prot,nt_v3_650m,esm1v_650m,PyTorch_Concat,0.9061,0.9434,0.8621,0.9493,0.9009,0.815,0.9669,0.9662,OURS
Train3Val_ClinVarHQ,cls,bio_core_dna_prot_spliceai,nt_v3_650m,esm2_650m,PyTorch_Gating,0.9061,0.9434,0.8621,0.9493,0.9009,0.815,0.964,0.9588,OURS
Train3Val_ClinVarHQ,cls,bio_core_dna_spliceai,nt_v1_500m,,Pure_XGBoost_Concat,0.9061,0.9406,0.8649,0.9465,0.9012,0.8147,0.9769,0.9781,OURS
Train3Val_ClinVarHQ,cls,bio_core_dna_prot_spliceai,nt_v1_500m,esm2_650m,PyTorch_Concat,0.9047,0.9577,0.8448,0.9634,0.8977,0.8147,0.9649,0.9639,OURS
Train3Val_ClinVarHQ,cls,bio_core_dna_prot_spliceai,nt_v1_500m,esmc_600m,Hybrid_Gating_XGBoost,0.9061,0.9406,0.8649,0.9465,0.9012,0.8147,0.9652,0.9659,OURS
Train3Val_ClinVarHQ,mean,bio_core_dna_prot_spliceai,nt_v2_500m,esmc_600m,PyTorch_Concat,0.9047,0.9577,0.8448,0.9634,0.8977,0.8147,0.971,0.9697,OURS
Train3Val_ClinVarHQ,mean,bio_core_dna_spliceai,nt_v1_500m,,Hybrid_Concat_XGBoost,0.9061,0.9379,0.8678,0.9437,0.9015,0.8143,0.9687,0.9703,OURS
Train3Val_ClinVarHQ,center,bio_core_dna_prot_spliceai,nt_v3_650m,esm1v_650m,PyTorch_Gating,0.9047,0.9547,0.8477,0.9606,0.898,0.8142,0.9737,0.9735,OURS
Train3Val_ClinVarHQ,cls,bio_core_dna_prot_spliceai,nt_v3_650m,esmc_600m,Hybrid_Gating_XGBoost,0.9061,0.9352,0.8707,0.9408,0.9018,0.814,0.9691,0.9662,OURS
Train3Val_ClinVarHQ,center,bio_core_dna_spliceai,nt_v1_500m,,Pure_XGBoost_Concat,0.9047,0.9518,0.8506,0.9577,0.8983,0.8137,0.976,0.9758,OURS
Train3Val_ClinVarHQ,cls,bio_core_dna_prot_spliceai,nt_v2_500m,esm2_650m,Hybrid_Gating_XGBoost,0.9061,0.9325,0.8736,0.938,0.9021,0.8137,0.9668,0.9665,OURS
Train3Val_ClinVarHQ,center,bio_core_dna_prot_spliceai,nt_v1_500m,esmc_600m,PyTorch_Gating,0.9061,0.9299,0.8764,0.9352,0.9024,0.8134,0.974,0.9729,OURS
Train3Val_ClinVarHQ,cls,bio_core_dna_prot_spliceai,nt_v2_500m,esmc_600m,Hybrid_Transformer_XGBoost,0.9061,0.9299,0.8764,0.9352,0.9024,0.8134,0.9659,0.9623,OURS
Train3Val_ClinVarHQ,mean,bio_core_dna_prot_spliceai,nt_v3_650m,esm1v_650m,Hybrid_Gating_XGBoost,0.9061,0.9299,0.8764,0.9352,0.9024,0.8134,0.9733,0.9734,OURS
Train3Val_ClinVarHQ,mean,bio_core_dna_prot_spliceai,nt_v2_500m,esm1b_650m,PyTorch_CrossAttn,0.9061,0.9299,0.8764,0.9352,0.9024,0.8134,0.9751,0.9758,OURS
Train3Val_ClinVarHQ,center,bio_core_dna_prot_spliceai,nt_v3_650m,esmc_600m,PyTorch_Transformer,0.9033,0.9636,0.8362,0.969,0.8954,0.8133,0.9759,0.9759,OURS
Train3Val_ClinVarHQ,center,bio_core_dna_spliceai,nt_v3_650m,,Hybrid_Concat_XGBoost,0.9061,0.9273,0.8793,0.9324,0.9027,0.8132,0.9678,0.9688,OURS
Train3Val_ClinVarHQ,mean,bio_core_dna_prot_spliceai,nt_v3_650m,esm2_650m,PyTorch_Transformer,0.9061,0.9273,0.8793,0.9324,0.9027,0.8132,0.9704,0.9689,OURS
Train3Val_ClinVarHQ,cls,bio_core_dna_prot_spliceai,nt_v1_500m,esm1v_650m,Hybrid_Gating_XGBoost,0.9061,0.9247,0.8822,0.9296,0.9029,0.813,0.9724,0.9722,OURS
Train3Val_ClinVarHQ,mean,bio_core_dna_prot,nt_v3_650m,esm1v_650m,Hybrid_CrossAttn_XGBoost,0.9061,0.9222,0.8851,0.9268,0.9032,0.8128,0.9714,0.9709,OURS
Train3Val_ClinVarHQ,mean,bio_core_dna_prot_spliceai,nt_v2_500m,esm2_650m,PyTorch_Transformer,0.9033,0.9605,0.8391,0.9662,0.8957,0.8127,0.9763,0.9742,OURS
Train3Val_ClinVarHQ,mean,bio_core_dna_prot,nt_v2_500m,esm1v_650m,PyTorch_Gating,0.9047,0.9432,0.8592,0.9493,0.8992,0.8124,0.9724,0.9726,OURS
Train3Val_ClinVarHQ,center,bio_core_dna_prot_spliceai,nt_v2_500m,esm2_650m,PyTorch_Transformer,0.9061,0.9123,0.8966,0.9155,0.9043,0.8123,0.9677,0.9662,OURS
Train3Val_ClinVarHQ,center,bio_core_dna_prot_spliceai,nt_v1_500m,esmc_600m,PyTorch_Transformer,0.9047,0.9404,0.8621,0.9465,0.8996,0.812,0.97,0.9708,OURS
Train3Val_ClinVarHQ,mean,bio_core_dna_prot,nt_v1_500m,esm1v_650m,PyTorch_CrossAttn,0.9047,0.9404,0.8621,0.9465,0.8996,0.812,0.9739,0.975,OURS
Train3Val_ClinVarHQ,mean,bio_core_dna_prot,nt_v3_650m,esm1v_650m,PyTorch_Concat,0.9047,0.9404,0.8621,0.9465,0.8996,0.812,0.9709,0.9682,OURS
Train3Val_ClinVarHQ,mean,bio_core_dna_prot_spliceai,nt_v1_500m,esm2_650m,PyTorch_Transformer,0.9047,0.9377,0.8649,0.9437,0.8999,0.8116,0.966,0.9668,OURS
Train3Val_ClinVarHQ,cls,bio_core_dna_prot,nt_v3_650m,esm1v_650m,Hybrid_Gating_XGBoost,0.9047,0.935,0.8678,0.9408,0.9001,0.8113,0.9747,0.974,OURS
Train3Val_ClinVarHQ,cls,bio_dna_prot,nt_v2_500m,esm1b_650m,PyTorch_Gating,0.9033,0.9516,0.8477,0.9577,0.8967,0.8111,0.9719,0.9718,OURS
Train3Val_ClinVarHQ,center,bio_core_dna_prot_spliceai,nt_v2_500m,esm2_650m,PyTorch_CrossAttn,0.9047,0.9323,0.8707,0.938,0.9004,0.811,0.9729,0.9717,OURS
Train3Val_ClinVarHQ,center,bio_core_dna_prot_spliceai,nt_v2_500m,esmc_600m,PyTorch_Gating,0.9047,0.9323,0.8707,0.938,0.9004,0.811,0.9737,0.9735,OURS
Train3Val_ClinVarHQ,center,bio_core_spliceai,,,Pure_XGBoost_Concat,0.9047,0.9297,0.8736,0.9352,0.9007,0.8107,0.9753,0.9756,OURS
Train3Val_ClinVarHQ,cls,bio_core_dna_prot_spliceai,nt_v1_500m,esm1b_650m,Hybrid_CrossAttn_XGBoost,0.9047,0.9297,0.8736,0.9352,0.9007,0.8107,0.9761,0.9764,OURS
Train3Val_ClinVarHQ,mean,bio_core_dna_prot_spliceai,nt_v2_500m,esm1b_650m,Hybrid_CrossAttn_XGBoost,0.9047,0.9297,0.8736,0.9352,0.9007,0.8107,0.976,0.9765,OURS
Train3Val_ClinVarHQ,mean,bio_core_dna_prot_spliceai,nt_v1_500m,esm1b_650m,Hybrid_Concat_XGBoost,0.9047,0.9271,0.8764,0.9324,0.901,0.8105,0.9739,0.9738,OURS
Train3Val_ClinVarHQ,center,bio_core_dna_prot_spliceai,nt_v1_500m,esm1b_650m,Hybrid_Transformer_XGBoost,0.9047,0.9245,0.8793,0.9296,0.9013,0.8102,0.9705,0.97,OURS
Train3Val_ClinVarHQ,mean,bio_core_dna_prot_spliceai,nt_v2_500m,esm1b_650m,Hybrid_Transformer_XGBoost,0.9047,0.9245,0.8793,0.9296,0.9013,0.8102,0.9739,0.9738,OURS
Train3Val_ClinVarHQ,center,bio_core_dna_prot_spliceai,nt_v3_650m,esm1b_650m,Hybrid_Gating_XGBoost,0.9047,0.9194,0.8851,0.9239,0.9019,0.8099,0.973,0.9726,OURS
Train3Val_ClinVarHQ,center,bio_core_dna_prot,nt_v3_650m,esm1v_650m,Hybrid_Transformer_XGBoost,0.9047,0.9194,0.8851,0.9239,0.9019,0.8099,0.974,0.9723,OURS
Train3Val_ClinVarHQ,mean,bio_core_dna_prot_spliceai,nt_v1_500m,esm1v_650m,PyTorch_CrossAttn,0.9018,0.9544,0.842,0.9606,0.8947,0.809,0.9711,0.9718,OURS
Train3Val_ClinVarHQ,cls,bio_dna_prot,nt_v2_500m,esm1b_650m,Hybrid_Gating_XGBoost,0.9033,0.9375,0.8621,0.9437,0.8982,0.8089,0.9736,0.9733,OURS
Train3Val_ClinVarHQ,center,bio_core_dna_prot,nt_v1_500m,esm1v_650m,PyTorch_Gating,0.9033,0.9348,0.8649,0.9408,0.8985,0.8086,0.9686,0.97,OURS
Train3Val_ClinVarHQ,cls,bio_core_dna_prot,nt_v2_500m,esm1v_650m,Hybrid_Gating_XGBoost,0.9033,0.9348,0.8649,0.9408,0.8985,0.8086,0.972,0.9728,OURS
Train3Val_ClinVarHQ,cls,bio_core_dna_prot_spliceai,nt_v2_500m,esm1b_650m,Hybrid_CrossAttn_XGBoost,0.9033,0.9321,0.8678,0.938,0.8988,0.8083,0.9716,0.9728,OURS
Train3Val_ClinVarHQ,cls,bio_core_dna_prot_spliceai,nt_v2_500m,esm1b_650m,PyTorch_Gating,0.9018,0.9486,0.8477,0.9549,0.8953,0.808,0.9721,0.9714,OURS
Train3Val_ClinVarHQ,mean,bio_core_prot_spliceai,,esm1b_650m,PyTorch_Concat,0.9018,0.9486,0.8477,0.9549,0.8953,0.808,0.9752,0.9743,OURS
Train3Val_ClinVarHQ,mean,bio_core_dna_prot_spliceai,nt_v3_650m,esm1b_650m,PyTorch_Concat,0.9033,0.9294,0.8707,0.9352,0.8991,0.808,0.9747,0.9738,OURS
Train3Val_ClinVarHQ,center,bio_core_dna_prot_spliceai,nt_v1_500m,esm2_650m,PyTorch_Concat,0.9033,0.9268,0.8736,0.9324,0.8994,0.8077,0.9685,0.969,OURS
Train3Val_ClinVarHQ,mean,bio_core_dna_prot,nt_v2_500m,esm1v_650m,Hybrid_Gating_XGBoost,0.9033,0.9268,0.8736,0.9324,0.8994,0.8077,0.9752,0.9757,OURS
Train3Val_ClinVarHQ,mean,bio_geom,nt_v2_500m,esm1b_650m,PyTorch_Concat,0.9004,0.9603,0.8333,0.9662,0.8923,0.8075,0.9722,0.972,OURS
Train3Val_ClinVarHQ,cls,bio_core_dna_prot_spliceai,nt_v2_500m,esm1v_650m,Hybrid_Gating_XGBoost,0.9033,0.9242,0.8764,0.9296,0.8997,0.8075,0.9684,0.9691,OURS
Train3Val_ClinVarHQ,mean,bio_core_dna_prot_spliceai,nt_v1_500m,esm1v_650m,Hybrid_Gating_XGBoost,0.9033,0.9242,0.8764,0.9296,0.8997,0.8075,0.9681,0.97,OURS
Train3Val_ClinVarHQ,mean,bio_core_dna_prot_spliceai,nt_v2_500m,esmc_600m,PyTorch_Transformer,0.9018,0.9457,0.8506,0.9521,0.8956,0.8075,0.9695,0.9686,OURS
Train3Val_ClinVarHQ,center,bio_core_dna_prot_spliceai,nt_v2_500m,esm1v_650m,Hybrid_Gating_XGBoost,0.9033,0.9192,0.8822,0.9239,0.9003,0.8071,0.9713,0.9716,OURS
Train3Val_ClinVarHQ,mean,bio_core_dna_prot_spliceai,nt_v1_500m,esmc_600m,Hybrid_Concat_XGBoost,0.9033,0.9192,0.8822,0.9239,0.9003,0.8071,0.9677,0.9689,OURS
Train3Val_ClinVarHQ,cls,bio_prot,,esm1b_650m,PyTorch_Concat,0.9004,0.9572,0.8362,0.9634,0.8926,0.8069,0.975,0.9746,OURS
Train3Val_ClinVarHQ,cls,bio_prot,,esm1b_650m,PyTorch_Concat,0.9004,0.9572,0.8362,0.9634,0.8926,0.8069,0.975,0.9746,OURS
Train3Val_ClinVarHQ,cls,bio_prot,,esm1b_650m,PyTorch_Concat,0.9004,0.9572,0.8362,0.9634,0.8926,0.8069,0.975,0.9746,OURS
Train3Val_ClinVarHQ,center,bio_core_dna_prot_spliceai,nt_v3_650m,esmc_600m,PyTorch_CrossAttn,0.9004,0.9572,0.8362,0.9634,0.8926,0.8069,0.974,0.9741,OURS
Train3Val_ClinVarHQ,mean,bio_core_dna_prot_spliceai,nt_v2_500m,esm2_650m,PyTorch_CrossAttn,0.9004,0.9572,0.8362,0.9634,0.8926,0.8069,0.9693,0.9667,OURS
Train3Val_ClinVarHQ,center,bio_core_dna_prot_spliceai,nt_v1_500m,esm1b_650m,PyTorch_CrossAttn,0.9033,0.9142,0.8879,0.9183,0.9009,0.8068,0.9683,0.9686,OURS
Train3Val_ClinVarHQ,center,bio_dna,nt_v1_500m,,Pure_XGBoost_Concat,0.9018,0.9401,0.8563,0.9465,0.8962,0.8067,0.975,0.9759,OURS
Train3Val_ClinVarHQ,center,bio_dna,nt_v1_500m,,Pure_XGBoost_Concat,0.9018,0.9401,0.8563,0.9465,0.8962,0.8067,0.975,0.9759,OURS
Train3Val_ClinVarHQ,center,bio_dna,nt_v1_500m,,Pure_XGBoost_Concat,0.9018,0.9401,0.8563,0.9465,0.8962,0.8067,0.975,0.9759,OURS
Train3Val_ClinVarHQ,mean,bio_core_dna_spliceai,nt_v2_500m,,Pure_XGBoost_Concat,0.9018,0.9401,0.8563,0.9465,0.8962,0.8067,0.9774,0.9775,OURS
Train3Val_ClinVarHQ,center,bio_dna_prot,nt_v1_500m,esmc_600m,PyTorch_CrossAttn,0.9004,0.9542,0.8391,0.9606,0.893,0.8064,0.9755,0.9751,OURS
Train3Val_ClinVarHQ,center,bio_core_dna_spliceai,nt_v3_650m,,PyTorch_Concat,0.899,0.9663,0.8247,0.9718,0.8899,0.8063,0.9687,0.9658,OURS
Train3Val_ClinVarHQ,cls,bio_core_dna_prot_spliceai,nt_v1_500m,esm1b_650m,Hybrid_Gating_XGBoost,0.9018,0.9373,0.8592,0.9437,0.8966,0.8063,0.9728,0.9727,OURS
Train3Val_ClinVarHQ,cls,bio_core_dna_prot_spliceai,nt_v3_650m,esm2_650m,Hybrid_Transformer_XGBoost,0.9018,0.9373,0.8592,0.9437,0.8966,0.8063,0.9701,0.9698,OURS
Train3Val_ClinVarHQ,mean,bio_core_dna_prot_spliceai,nt_v3_650m,esm1v_650m,PyTorch_Concat,0.9018,0.9373,0.8592,0.9437,0.8966,0.8063,0.9738,0.9742,OURS
Train3Val_ClinVarHQ,mean,bio_dna_prot,nt_v2_500m,esm1b_650m,Hybrid_Concat_XGBoost,0.9018,0.9346,0.8621,0.9408,0.8969,0.8059,0.9739,0.9746,OURS
Train3Val_ClinVarHQ,center,bio_core_dna_prot_spliceai,nt_v2_500m,esm2_650m,PyTorch_Concat,0.9018,0.9346,0.8621,0.9408,0.8969,0.8059,0.9688,0.9663,OURS
Train3Val_ClinVarHQ,center,bio_core_dna_prot,nt_v3_650m,esm1v_650m,PyTorch_Transformer,0.9018,0.9346,0.8621,0.9408,0.8969,0.8059,0.97,0.9666,OURS
Train3Val_ClinVarHQ,mean,bio_core_dna_prot_spliceai,nt_v1_500m,esmc_600m,PyTorch_Concat,0.9004,0.9513,0.842,0.9577,0.8933,0.8059,0.9671,0.9657,OURS
Train3Val_ClinVarHQ,mean,bio_core_dna_prot_spliceai,nt_v3_650m,esm1b_650m,PyTorch_CrossAttn,0.9018,0.9346,0.8621,0.9408,0.8969,0.8059,0.9729,0.9732,OURS
Train3Val_ClinVarHQ,mean,bio_core_dna_prot_spliceai,nt_v1_500m,esm1b_650m,PyTorch_Concat,0.9018,0.9319,0.8649,0.938,0.8972,0.8056,0.9699,0.9695,OURS
Train3Val_ClinVarHQ,mean,bio_core_dna_prot,nt_v1_500m,esm1v_650m,PyTorch_Concat,0.9004,0.9484,0.8448,0.9549,0.8936,0.8054,0.9717,0.9731,OURS
Train3Val_ClinVarHQ,center,bio_core_dna_prot_spliceai,nt_v3_650m,esm1v_650m,PyTorch_Transformer,0.9018,0.9292,0.8678,0.9352,0.8975,0.8053,0.9708,0.97,OURS
Train3Val_ClinVarHQ,cls,bio_core_dna_prot,nt_v1_500m,esm1v_650m,Hybrid_CrossAttn_XGBoost,0.9018,0.9266,0.8707,0.9324,0.8978,0.805,0.9692,0.9688,OURS
Train3Val_ClinVarHQ,mean,bio_core_dna_spliceai,nt_v3_650m,,PyTorch_Concat,0.899,0.9601,0.8305,0.9662,0.8906,0.805,0.9698,0.9704,OURS
Train3Val_ClinVarHQ,mean,bio_core_dna_prot_spliceai,nt_v3_650m,esm1b_650m,Hybrid_Gating_XGBoost,0.9018,0.9266,0.8707,0.9324,0.8978,0.805,0.9733,0.9736,OURS
Train3Val_ClinVarHQ,cls,bio_dna_prot,nt_v2_500m,esm1b_650m,PyTorch_Concat,0.9004,0.9455,0.8477,0.9521,0.8939,0.8049,0.9731,0.9732,OURS
Train3Val_ClinVarHQ,center,bio_core_dna_prot,nt_v1_500m,esm1v_650m,Hybrid_CrossAttn_XGBoost,0.9018,0.924,0.8736,0.9296,0.8981,0.8048,0.9712,0.9713,OURS
Train3Val_ClinVarHQ,cls,bio_core_dna_prot_spliceai,nt_v3_650m,esm1v_650m,Hybrid_CrossAttn_XGBoost,0.9018,0.924,0.8736,0.9296,0.8981,0.8048,0.9712,0.9702,OURS
Train3Val_ClinVarHQ,center,bio_core_dna_prot_spliceai,nt_v1_500m,esm1b_650m,PyTorch_Gating,0.9018,0.9215,0.8764,0.9268,0.8984,0.8045,0.9683,0.9697,OURS
Train3Val_ClinVarHQ,cls,bio_core_dna_prot_spliceai,nt_v2_500m,esm1v_650m,Hybrid_Transformer_XGBoost,0.9018,0.9215,0.8764,0.9268,0.8984,0.8045,0.9661,0.9661,OURS
Train3Val_ClinVarHQ,center,bio_dna_prot,nt_v1_500m,esmc_600m,PyTorch_Concat,0.9004,0.9427,0.8506,0.9493,0.8943,0.8044,0.9747,0.9745,OURS
Train3Val_ClinVarHQ,center,bio_core_dna_prot_spliceai,nt_v1_500m,esmc_600m,PyTorch_CrossAttn,0.899,0.9571,0.8333,0.9634,0.8909,0.8044,0.976,0.9754,OURS
Train3Val_ClinVarHQ,cls,bio_core_dna_prot_spliceai,nt_v3_650m,esm1v_650m,Hybrid_Transformer_XGBoost,0.9018,0.9189,0.8793,0.9239,0.8987,0.8043,0.9679,0.9686,OURS
Train3Val_ClinVarHQ,center,bio_core_dna_prot_spliceai,nt_v3_650m,esm1b_650m,PyTorch_Gating,0.9018,0.9164,0.8822,0.9211,0.899,0.8042,0.9727,0.9723,OURS
Train3Val_ClinVarHQ,center,bio_core_dna_prot_spliceai,nt_v2_500m,esm1b_650m,Hybrid_Concat_XGBoost,0.9018,0.9164,0.8822,0.9211,0.899,0.8042,0.9735,0.9745,OURS
Train3Val_ClinVarHQ,cls,bio_core_dna_prot,nt_v1_500m,esm1v_650m,Hybrid_Transformer_XGBoost,0.9004,0.9399,0.8534,0.9465,0.8946,0.804,0.972,0.971,OURS
Train3Val_ClinVarHQ,mean,bio_core_dna_prot_spliceai,nt_v1_500m,esm2_650m,PyTorch_Gating,0.9004,0.9399,0.8534,0.9465,0.8946,0.804,0.9678,0.9654,OURS
Train3Val_ClinVarHQ,cls,bio_core_prot_spliceai,,esm2_650m,PyTorch_Concat,0.899,0.9541,0.8362,0.9606,0.8913,0.8038,0.9631,0.9617,OURS
Train3Val_ClinVarHQ,center,bio_core_spliceai,,,Hybrid_Concat_XGBoost,0.9004,0.9344,0.8592,0.9408,0.8952,0.8032,0.9661,0.9676,OURS
Train3Val_ClinVarHQ,center,bio_core_dna_prot_spliceai,nt_v3_650m,esm1b_650m,PyTorch_Transformer,0.9004,0.9317,0.8621,0.938,0.8955,0.8029,0.9696,0.97,OURS
Train3Val_ClinVarHQ,cls,bio_core_dna_prot_spliceai,nt_v1_500m,esm1v_650m,PyTorch_Concat,0.9004,0.9317,0.8621,0.938,0.8955,0.8029,0.9706,0.9693,OURS
Train3Val_ClinVarHQ,cls,bio_core_dna_prot,nt_v2_500m,esm1v_650m,Hybrid_Transformer_XGBoost,0.9004,0.9317,0.8621,0.938,0.8955,0.8029,0.972,0.9705,OURS
Train3Val_ClinVarHQ,center,bio_core_dna_prot_spliceai,nt_v3_650m,esm1v_650m,PyTorch_Concat,0.899,0.9482,0.842,0.9549,0.8919,0.8027,0.9722,0.972,OURS
Train3Val_ClinVarHQ,mean,bio_core_dna_prot_spliceai,nt_v3_650m,esm1b_650m,PyTorch_Gating,0.899,0.9482,0.842,0.9549,0.8919,0.8027,0.9758,0.9751,OURS
Train3Val_ClinVarHQ,mean,bio_core_dna_prot_spliceai,nt_v2_500m,esm1v_650m,PyTorch_Concat,0.899,0.9482,0.842,0.9549,0.8919,0.8027,0.9696,0.9713,OURS
Train3Val_ClinVarHQ,mean,bio_core_dna_prot_spliceai,nt_v2_500m,esm1v_650m,PyTorch_Gating,0.899,0.9482,0.842,0.9549,0.8919,0.8027,0.9712,0.9714,OURS
Train3Val_ClinVarHQ,center,bio_core_dna_prot_spliceai,nt_v2_500m,esm1v_650m,PyTorch_CrossAttn,0.9004,0.929,0.8649,0.9352,0.8958,0.8026,0.9689,0.9695,OURS
Train3Val_ClinVarHQ,cls,bio_core_dna_prot_spliceai,nt_v2_500m,esm1v_650m,PyTorch_Gating,0.9004,0.929,0.8649,0.9352,0.8958,0.8026,0.9673,0.9683,OURS
Train3Val_ClinVarHQ,mean,bio_core_dna_prot_spliceai,nt_v1_500m,esmc_600m,PyTorch_CrossAttn,0.8976,0.96,0.8276,0.9662,0.8889,0.8024,0.9695,0.9682,OURS
Train3Val_ClinVarHQ,cls,bio_core_dna_prot,nt_v2_500m,esm1v_650m,Hybrid_CrossAttn_XGBoost,0.9004,0.9264,0.8678,0.9324,0.8961,0.8023,0.9698,0.9705,OURS
Train3Val_ClinVarHQ,cls,bio_core_dna_prot_spliceai,nt_v2_500m,esm1v_650m,PyTorch_CrossAttn,0.899,0.9453,0.8448,0.9521,0.8923,0.8022,0.9657,0.9634,OURS
Train3Val_ClinVarHQ,center,bio_core_dna_prot,nt_v2_500m,esm1v_650m,PyTorch_Transformer,0.9004,0.9238,0.8707,0.9296,0.8964,0.802,0.965,0.9659,OURS
Train3Val_ClinVarHQ,center,bio_core_dna_prot_spliceai,nt_v2_500m,esm1v_650m,PyTorch_Transformer,0.9004,0.9212,0.8736,0.9268,0.8968,0.8018,0.9648,0.9667,OURS
Train3Val_ClinVarHQ,center,bio_core_dna_prot,nt_v1_500m,esm1v_650m,PyTorch_Transformer,0.899,0.9425,0.8477,0.9493,0.8926,0.8018,0.9691,0.9693,OURS
Train3Val_ClinVarHQ,cls,bio_core_dna_prot_spliceai,nt_v2_500m,esm1v_650m,Hybrid_Concat_XGBoost,0.9004,0.9212,0.8736,0.9268,0.8968,0.8018,0.9703,0.9701,OURS
Train3Val_ClinVarHQ,center,bio_core_dna_prot_spliceai,nt_v2_500m,esm1v_650m,PyTorch_Concat,0.9004,0.9112,0.8851,0.9155,0.898,0.8011,0.9675,0.9681,OURS
Train3Val_ClinVarHQ,cls,bio_dna_prot,nt_v2_500m,esm1b_650m,PyTorch_Transformer,0.8976,0.951,0.8362,0.9577,0.8899,0.8007,0.969,0.97,OURS
Train3Val_ClinVarHQ,center,bio_core_dna_prot_spliceai,nt_v1_500m,esm2_650m,PyTorch_Transformer,0.8976,0.951,0.8362,0.9577,0.8899,0.8007,0.9716,0.9684,OURS
Train3Val_ClinVarHQ,cls,bio_core_dna_prot_spliceai,nt_v1_500m,esm1b_650m,PyTorch_Gating,0.8976,0.9481,0.8391,0.9549,0.8902,0.8001,0.9721,0.9728,OURS
Train3Val_ClinVarHQ,mean,bio_core_dna_prot_spliceai,nt_v2_500m,esm2_650m,PyTorch_Concat,0.8976,0.9481,0.8391,0.9549,0.8902,0.8001,0.9719,0.9679,OURS
Train3Val_ClinVarHQ,center,bio_core_dna_prot_spliceai,nt_v1_500m,esmc_600m,PyTorch_Concat,0.899,0.9288,0.8621,0.9352,0.8942,0.7999,0.9704,0.9691,OURS
Train3Val_ClinVarHQ,mean,bio_core_dna_prot,nt_v1_500m,esm1v_650m,PyTorch_Gating,0.899,0.9288,0.8621,0.9352,0.8942,0.7999,0.9697,0.9707,OURS
Train3Val_ClinVarHQ,mean,bio_core_dna_prot_spliceai,nt_v1_500m,esm1b_650m,PyTorch_Gating,0.899,0.9262,0.8649,0.9324,0.8945,0.7996,0.9732,0.974,OURS
Train3Val_ClinVarHQ,mean,bio_core_dna_prot,nt_v1_500m,esm1v_650m,PyTorch_Transformer,0.8976,0.9452,0.842,0.9521,0.8906,0.7996,0.9692,0.9697,OURS
Train3Val_ClinVarHQ,cls,bio_core_dna_prot_spliceai,nt_v1_500m,esm1v_650m,PyTorch_CrossAttn,0.8976,0.9423,0.8448,0.9493,0.8909,0.7991,0.968,0.965,OURS
Train3Val_ClinVarHQ,mean,bio_core_dna_prot_spliceai,nt_v1_500m,esmc_600m,PyTorch_Gating,0.8976,0.9395,0.8477,0.9465,0.8912,0.7987,0.9676,0.9661,OURS
Train3Val_ClinVarHQ,mean,bio_core_dna_prot,nt_v3_650m,esm1v_650m,PyTorch_Transformer,0.8976,0.9395,0.8477,0.9465,0.8912,0.7987,0.971,0.968,OURS
Train3Val_ClinVarHQ,mean,bio_prot,,esm1b_650m,Hybrid_Concat_XGBoost,0.8976,0.9367,0.8506,0.9437,0.8916,0.7983,0.9762,0.9758,OURS
Train3Val_ClinVarHQ,mean,bio_prot,,esm1b_650m,Hybrid_Concat_XGBoost,0.8976,0.9367,0.8506,0.9437,0.8916,0.7983,0.9762,0.9758,OURS
Train3Val_ClinVarHQ,mean,bio_prot,,esm1b_650m,Hybrid_Concat_XGBoost,0.8976,0.9367,0.8506,0.9437,0.8916,0.7983,0.9762,0.9758,OURS
Train3Val_ClinVarHQ,center,bio_core_dna_prot_spliceai,nt_v2_500m,esm1b_650m,PyTorch_Concat,0.899,0.911,0.8822,0.9155,0.8964,0.7983,0.9702,0.9723,OURS
Train3Val_ClinVarHQ,cls,bio_core_dna_spliceai,nt_v2_500m,,Hybrid_Concat_XGBoost,0.8976,0.9367,0.8506,0.9437,0.8916,0.7983,0.9675,0.9708,OURS
Train3Val_ClinVarHQ,mean,bio_core_dna_prot_spliceai,nt_v3_650m,esm2_650m,PyTorch_Concat,0.8976,0.9367,0.8506,0.9437,0.8916,0.7983,0.9719,0.9671,OURS
Train3Val_ClinVarHQ,mean,bio_core_dna_prot,nt_v2_500m,esm1v_650m,PyTorch_Concat,0.8976,0.9367,0.8506,0.9437,0.8916,0.7983,0.9714,0.9686,OURS
Train3Val_ClinVarHQ,mean,bio_dna_prot,nt_v2_500m,esm1b_650m,PyTorch_CrossAttn,0.8962,0.9508,0.8333,0.9577,0.8882,0.7981,0.9753,0.9753,OURS
Train3Val_ClinVarHQ,cls,bio_core_dna_prot,nt_v2_500m,esm1v_650m,PyTorch_CrossAttn,0.8962,0.9508,0.8333,0.9577,0.8882,0.7981,0.9721,0.9707,OURS
Train3Val_ClinVarHQ,center,bio_core_dna_prot_spliceai,nt_v2_500m,esm1b_650m,PyTorch_CrossAttn,0.899,0.8991,0.8966,0.9014,0.8978,0.798,0.966,0.9666,OURS
Train3Val_ClinVarHQ,cls,bio,,,PyTorch_Concat,0.8976,0.934,0.8534,0.9408,0.8919,0.7979,0.9698,0.9712,OURS
Train3Val_ClinVarHQ,cls,bio,,,Pure_XGBoost_Concat,0.8976,0.934,0.8534,0.9408,0.8919,0.7979,0.9741,0.9753,OURS
Train3Val_ClinVarHQ,cls,bio,,,PyTorch_Concat,0.8976,0.934,0.8534,0.9408,0.8919,0.7979,0.9698,0.9712,OURS
Train3Val_ClinVarHQ,cls,bio,,,Pure_XGBoost_Concat,0.8976,0.934,0.8534,0.9408,0.8919,0.7979,0.9741,0.9753,OURS
Train3Val_ClinVarHQ,cls,bio,,,PyTorch_Concat,0.8976,0.934,0.8534,0.9408,0.8919,0.7979,0.9698,0.9712,OURS
Train3Val_ClinVarHQ,cls,bio,,,Pure_XGBoost_Concat,0.8976,0.934,0.8534,0.9408,0.8919,0.7979,0.9741,0.9753,OURS
Train3Val_ClinVarHQ,cls,bio_core_dna_prot_spliceai,nt_v3_650m,esmc_600m,PyTorch_Concat,0.8962,0.9479,0.8362,0.9549,0.8885,0.7975,0.9676,0.958,OURS
Train3Val_ClinVarHQ,mean,bio_core_dna_prot_spliceai,nt_v3_650m,esm1v_650m,PyTorch_Gating,0.8962,0.945,0.8391,0.9521,0.8889,0.797,0.9723,0.9709,OURS
Train3Val_ClinVarHQ,cls,bio_core_dna_prot_spliceai,nt_v2_500m,esm1v_650m,PyTorch_Concat,0.8947,0.9567,0.8247,0.9634,0.8858,0.7967,0.9684,0.9681,OURS
Train3Val_ClinVarHQ,center,bio_core_dna_prot_spliceai,nt_v2_500m,esm1v_650m,PyTorch_Gating,0.8976,0.9207,0.8678,0.9268,0.8935,0.7963,0.9684,0.9684,OURS
Train3Val_ClinVarHQ,center,bio_core_dna_spliceai,nt_v2_500m,,Hybrid_Concat_XGBoost,0.8976,0.9182,0.8707,0.9239,0.8938,0.7961,0.9654,0.9647,OURS
Train3Val_ClinVarHQ,cls,bio_core_prot_spliceai,,esmc_600m,PyTorch_Concat,0.8962,0.9393,0.8448,0.9465,0.8896,0.7961,0.9715,0.9695,OURS
Train3Val_ClinVarHQ,mean,bio_core_prot_spliceai,,esmc_600m,PyTorch_Concat,0.8947,0.9536,0.8276,0.9606,0.8862,0.796,0.9718,0.9705,OURS
Train3Val_ClinVarHQ,center,bio_core_dna_prot_spliceai,nt_v1_500m,esm2_650m,PyTorch_Gating,0.8976,0.9132,0.8764,0.9183,0.8944,0.7957,0.9688,0.9675,OURS
Train3Val_ClinVarHQ,center,bio_core_dna_prot_spliceai,nt_v1_500m,esm1b_650m,PyTorch_Concat,0.8962,0.9365,0.8477,0.9437,0.8899,0.7956,0.9731,0.9738,OURS
Train3Val_ClinVarHQ,cls,bio_core_dna_spliceai,nt_v2_500m,,PyTorch_Concat,0.8962,0.9365,0.8477,0.9437,0.8899,0.7956,0.9625,0.9636,OURS
Train3Val_ClinVarHQ,center,bio_core_dna_prot_spliceai,nt_v1_500m,esm1b_650m,Hybrid_Gating_XGBoost,0.8976,0.9107,0.8793,0.9155,0.8947,0.7955,0.9716,0.9731,OURS
Train3Val_ClinVarHQ,cls,bio_core_dna_prot_spliceai,nt_v1_500m,esm2_650m,PyTorch_Gating,0.8947,0.9507,0.8305,0.9577,0.8865,0.7955,0.9647,0.9635,OURS
Train3Val_ClinVarHQ,center,bio_core_dna_prot,nt_v3_650m,esm1v_650m,PyTorch_CrossAttn,0.8962,0.9338,0.8506,0.9408,0.8902,0.7952,0.97,0.969,OURS
Train3Val_ClinVarHQ,mean,bio_core_dna_prot_spliceai,nt_v1_500m,esmc_600m,PyTorch_Transformer,0.8933,0.9596,0.819,0.9662,0.8837,0.7947,0.968,0.9668,OURS
Train3Val_ClinVarHQ,center,bio_core_dna_prot,nt_v2_500m,esm1v_650m,PyTorch_CrossAttn,0.8947,0.9448,0.8362,0.9521,0.8872,0.7944,0.9709,0.9713,OURS
Train3Val_ClinVarHQ,cls,bio_core_dna_spliceai,nt_v1_500m,,Hybrid_Concat_XGBoost,0.8962,0.9257,0.8592,0.9324,0.8912,0.7942,0.9641,0.9656,OURS
Train3Val_ClinVarHQ,mean,bio_core_dna_prot_spliceai,nt_v2_500m,esm1b_650m,PyTorch_Transformer,0.8947,0.9419,0.8391,0.9493,0.8875,0.7939,0.9736,0.9737,OURS
Train3Val_ClinVarHQ,mean,bio_core_dna_spliceai,nt_v1_500m,,PyTorch_Concat,0.8962,0.9205,0.8649,0.9268,0.8919,0.7936,0.9614,0.9641,OURS
Train3Val_ClinVarHQ,mean,bio_core_dna_prot_spliceai,nt_v2_500m,esm1v_650m,PyTorch_Transformer,0.8933,0.9535,0.8247,0.9606,0.8844,0.7935,0.9716,0.9724,OURS
Train3Val_ClinVarHQ,mean,bio,,,PyTorch_Concat,0.8947,0.9391,0.842,0.9465,0.8879,0.7934,0.9693,0.9709,OURS
Train3Val_ClinVarHQ,mean,bio,,,PyTorch_Concat,0.8947,0.9391,0.842,0.9465,0.8879,0.7934,0.9693,0.9709,OURS
Train3Val_ClinVarHQ,mean,bio,,,PyTorch_Concat,0.8947,0.9391,0.842,0.9465,0.8879,0.7934,0.9693,0.9709,OURS
Train3Val_ClinVarHQ,cls,bio_core_dna_prot,nt_v1_500m,esm1v_650m,PyTorch_Transformer,0.8947,0.9391,0.842,0.9465,0.8879,0.7934,0.974,0.9742,OURS
Train3Val_ClinVarHQ,center,bio_core_dna_prot_spliceai,nt_v2_500m,esm1b_650m,Hybrid_CrossAttn_XGBoost,0.8962,0.9179,0.8678,0.9239,0.8922,0.7933,0.9691,0.9699,OURS
Train3Val_ClinVarHQ,cls,bio_core_dna_prot_spliceai,nt_v1_500m,esm1v_650m,Hybrid_Transformer_XGBoost,0.8962,0.9179,0.8678,0.9239,0.8922,0.7933,0.967,0.9652,OURS
Train3Val_ClinVarHQ,cls,bio_geom,nt_v2_500m,esm1b_650m,PyTorch_Concat,0.8919,0.9626,0.8132,0.969,0.8816,0.7929,0.9719,0.9731,OURS
Train3Val_ClinVarHQ,cls,bio_core_dna_prot_spliceai,nt_v1_500m,esm1v_650m,Hybrid_CrossAttn_XGBoost,0.8962,0.9129,0.8736,0.9183,0.8928,0.7929,0.9675,0.9672,OURS
Train3Val_ClinVarHQ,cls,bio_core_dna_prot_spliceai,nt_v3_650m,esm1b_650m,PyTorch_Concat,0.8919,0.9626,0.8132,0.969,0.8816,0.7929,0.9741,0.9748,OURS
Train3Val_ClinVarHQ,cls,bio_core_dna_prot_spliceai,nt_v2_500m,esm2_650m,PyTorch_CrossAttn,0.8933,0.9505,0.8276,0.9577,0.8848,0.7929,0.9636,0.9653,OURS
Train3Val_ClinVarHQ,cls,bio_core_dna_prot,nt_v1_500m,esm1v_650m,PyTorch_Concat,0.8933,0.9475,0.8305,0.9549,0.8851,0.7923,0.9731,0.9744,OURS
Train3Val_ClinVarHQ,mean,bio_dna_prot,nt_v2_500m,esm1b_650m,PyTorch_Transformer,0.8919,0.9595,0.8161,0.9662,0.882,0.7922,0.9777,0.9761,OURS
Train3Val_ClinVarHQ,center,bio,,,Pure_XGBoost_Concat,0.8947,0.9281,0.8534,0.9352,0.8892,0.7918,0.9728,0.9742,OURS
Train3Val_ClinVarHQ,center,bio,,,Pure_XGBoost_Concat,0.8947,0.9281,0.8534,0.9352,0.8892,0.7918,0.9728,0.9742,OURS
Train3Val_ClinVarHQ,center,bio,,,Pure_XGBoost_Concat,0.8947,0.9281,0.8534,0.9352,0.8892,0.7918,0.9728,0.9742,OURS
Train3Val_ClinVarHQ,center,bio_core_dna_prot_spliceai,nt_v3_650m,esm1b_650m,PyTorch_Concat,0.8947,0.9281,0.8534,0.9352,0.8892,0.7918,0.9674,0.9672,OURS
Train3Val_ClinVarHQ,mean,bio_core_dna_prot,nt_v3_650m,esm1v_650m,PyTorch_CrossAttn,0.8919,0.9564,0.819,0.9634,0.8824,0.7915,0.9732,0.9727,OURS
Train3Val_ClinVarHQ,center,bio_core_dna_prot_spliceai,nt_v2_500m,esmc_600m,PyTorch_Transformer,0.8905,0.9656,0.8075,0.9718,0.8795,0.7911,0.9741,0.9756,OURS
Train3Val_ClinVarHQ,mean,bio_core_dna_prot_spliceai,nt_v3_650m,esm1b_650m,PyTorch_Transformer,0.8919,0.9533,0.8218,0.9606,0.8827,0.7909,0.9732,0.9719,OURS
Train3Val_ClinVarHQ,center,bio_core_dna_prot_spliceai,nt_v1_500m,esm1v_650m,PyTorch_Transformer,0.8933,0.9389,0.8391,0.9465,0.8862,0.7908,0.9696,0.9683,OURS
Train3Val_ClinVarHQ,cls,bio_core_dna_prot_spliceai,nt_v3_650m,esm1v_650m,Hybrid_Concat_XGBoost,0.8947,0.9177,0.8649,0.9239,0.8905,0.7906,0.9724,0.9722,OURS
Train3Val_ClinVarHQ,cls,bio_core_dna_prot_spliceai,nt_v3_650m,esm2_650m,PyTorch_CrossAttn,0.8933,0.9361,0.842,0.9437,0.8865,0.7903,0.9604,0.9619,OURS
Train3Val_ClinVarHQ,cls,bio_core_dna_spliceai,nt_v3_650m,,Hybrid_Concat_XGBoost,0.8933,0.9333,0.8448,0.9408,0.8869,0.7899,0.968,0.9688,OURS
Train3Val_ClinVarHQ,cls,bio_core_dna_prot_spliceai,nt_v1_500m,esm1b_650m,PyTorch_Transformer,0.8933,0.9333,0.8448,0.9408,0.8869,0.7899,0.9731,0.9729,OURS
Train3Val_ClinVarHQ,mean,bio_core_dna_prot_spliceai,nt_v3_650m,esmc_600m,PyTorch_CrossAttn,0.8905,0.9593,0.8132,0.9662,0.8802,0.7896,0.9651,0.9632,OURS
Train3Val_ClinVarHQ,center,bio_core_dna_spliceai,nt_v1_500m,,Hybrid_Concat_XGBoost,0.8933,0.9306,0.8477,0.938,0.8872,0.7895,0.9641,0.9638,OURS
Train3Val_ClinVarHQ,mean,bio_core_dna_spliceai,nt_v2_500m,,PyTorch_Concat,0.8919,0.9444,0.8305,0.9521,0.8838,0.7892,0.9709,0.9715,OURS
Train3Val_ClinVarHQ,mean,bio_core_dna_prot_spliceai,nt_v2_500m,esm1b_650m,PyTorch_Concat,0.8919,0.9444,0.8305,0.9521,0.8838,0.7892,0.9712,0.9721,OURS
Train3Val_ClinVarHQ,mean,bio_core_dna_spliceai,nt_v3_650m,,Hybrid_Concat_XGBoost,0.8933,0.9279,0.8506,0.9352,0.8876,0.7891,0.9668,0.9672,OURS
Train3Val_ClinVarHQ,center,bio,,,Hybrid_Concat_XGBoost,0.8919,0.9387,0.8362,0.9465,0.8845,0.7882,0.9653,0.9677,OURS
Train3Val_ClinVarHQ,center,bio,,,Hybrid_Concat_XGBoost,0.8919,0.9387,0.8362,0.9465,0.8845,0.7882,0.9653,0.9677,OURS
Train3Val_ClinVarHQ,center,bio,,,Hybrid_Concat_XGBoost,0.8919,0.9387,0.8362,0.9465,0.8845,0.7882,0.9653,0.9677,OURS
Train3Val_ClinVarHQ,cls,bio_core_dna_prot_spliceai,nt_v3_650m,esm1b_650m,Hybrid_Transformer_XGBoost,0.8933,0.9174,0.8621,0.9239,0.8889,0.7879,0.9714,0.9714,OURS
Train3Val_ClinVarHQ,cls,bio_core_dna_prot,nt_v2_500m,esm1v_650m,PyTorch_Gating,0.8919,0.9359,0.8391,0.9437,0.8848,0.7877,0.9689,0.9682,OURS
Train3Val_ClinVarHQ,mean,bio_core_dna_prot_spliceai,nt_v3_650m,esmc_600m,Hybrid_Gating_XGBoost,0.8933,0.9124,0.8678,0.9183,0.8895,0.7874,0.9674,0.9677,OURS
Train3Val_ClinVarHQ,center,bio_core_dna_spliceai,nt_v2_500m,,PyTorch_Concat,0.8933,0.898,0.8851,0.9014,0.8915,0.7867,0.9599,0.9588,OURS
Train3Val_ClinVarHQ,mean,bio_dna,nt_v2_500m,,PyTorch_Concat,0.8905,0.9443,0.8276,0.9521,0.8821,0.7866,0.9708,0.9705,OURS
Train3Val_ClinVarHQ,mean,bio_dna,nt_v2_500m,,PyTorch_Concat,0.8905,0.9443,0.8276,0.9521,0.8821,0.7866,0.9708,0.9705,OURS
Train3Val_ClinVarHQ,mean,bio_dna,nt_v2_500m,,PyTorch_Concat,0.8905,0.9443,0.8276,0.9521,0.8821,0.7866,0.9708,0.9705,OURS
Train3Val_ClinVarHQ,center,bio_core_dna_prot_spliceai,nt_v1_500m,esm1b_650m,PyTorch_Transformer,0.8919,0.9277,0.8477,0.9352,0.8859,0.7865,0.97,0.971,OURS
Train3Val_ClinVarHQ,cls,bio_core_dna_prot_spliceai,nt_v1_500m,esm1v_650m,PyTorch_Gating,0.8919,0.9277,0.8477,0.9352,0.8859,0.7865,0.9659,0.9644,OURS
Train3Val_ClinVarHQ,cls,bio_core_dna_prot_spliceai,nt_v2_500m,esm2_650m,PyTorch_Transformer,0.889,0.9561,0.8132,0.9634,0.8789,0.7864,0.9669,0.9658,OURS
Train3Val_ClinVarHQ,center,bio_geom,nt_v1_500m,esmc_600m,PyTorch_Concat,0.8848,0.9855,0.7787,0.9887,0.87,0.7863,0.9716,0.9734,OURS
Train3Val_ClinVarHQ,mean,bio,,,Pure_XGBoost_Concat,0.8919,0.925,0.8506,0.9324,0.8862,0.7861,0.9729,0.9746,OURS
Train3Val_ClinVarHQ,mean,bio,,,Pure_XGBoost_Concat,0.8919,0.925,0.8506,0.9324,0.8862,0.7861,0.9729,0.9746,OURS
Train3Val_ClinVarHQ,mean,bio,,,Pure_XGBoost_Concat,0.8919,0.925,0.8506,0.9324,0.8862,0.7861,0.9729,0.9746,OURS
Train3Val_ClinVarHQ,mean,bio_core_dna_prot_spliceai,nt_v3_650m,esmc_600m,PyTorch_Transformer,0.8919,0.9224,0.8534,0.9296,0.8866,0.7858,0.9707,0.9699,OURS
Train3Val_ClinVarHQ,cls,bio_dna,nt_v2_500m,,Hybrid_Concat_XGBoost,0.8905,0.9385,0.8333,0.9465,0.8828,0.7855,0.9662,0.967,OURS
Train3Val_ClinVarHQ,cls,bio_dna,nt_v2_500m,,Hybrid_Concat_XGBoost,0.8905,0.9385,0.8333,0.9465,0.8828,0.7855,0.9662,0.967,OURS
Train3Val_ClinVarHQ,cls,bio_dna,nt_v2_500m,,Hybrid_Concat_XGBoost,0.8905,0.9385,0.8333,0.9465,0.8828,0.7855,0.9662,0.967,OURS
Train3Val_ClinVarHQ,cls,bio_core_prot_spliceai,,esm1b_650m,PyTorch_Concat,0.8919,0.9146,0.8621,0.9211,0.8876,0.7849,0.9692,0.9698,OURS
Train3Val_ClinVarHQ,center,bio_core_dna_spliceai,nt_v1_500m,,PyTorch_Concat,0.8919,0.9121,0.8649,0.9183,0.8879,0.7847,0.9641,0.9652,OURS
Train3Val_ClinVarHQ,cls,bio_core_dna_prot_spliceai,nt_v1_500m,esmc_600m,PyTorch_Concat,0.8905,0.9329,0.8391,0.9408,0.8835,0.7846,0.9646,0.9572,OURS
Train3Val_ClinVarHQ,cls,bio_core_dna_prot_spliceai,nt_v3_650m,esmc_600m,PyTorch_Gating,0.8876,0.9559,0.8103,0.9634,0.8771,0.7839,0.9703,0.9627,OURS
Train3Val_ClinVarHQ,cls,bio_core_prot_spliceai,,esm1v_650m,PyTorch_Concat,0.8905,0.9248,0.8477,0.9324,0.8846,0.7834,0.9687,0.969,OURS
Train3Val_ClinVarHQ,mean,bio_core_dna_prot_spliceai,nt_v3_650m,esmc_600m,PyTorch_Concat,0.889,0.9412,0.8276,0.9493,0.8807,0.7834,0.9697,0.9673,OURS
Train3Val_ClinVarHQ,cls,bio_core_dna_prot,nt_v3_650m,esm1v_650m,PyTorch_Gating,0.8905,0.9221,0.8506,0.9296,0.8849,0.7831,0.9693,0.971,OURS
Train3Val_ClinVarHQ,cls,bio_core_dna_prot_spliceai,nt_v3_650m,esmc_600m,PyTorch_Transformer,0.8876,0.9498,0.8161,0.9577,0.8779,0.7826,0.9684,0.9662,OURS
Train3Val_ClinVarHQ,cls,bio,,,Hybrid_Concat_XGBoost,0.889,0.9355,0.8333,0.9437,0.8815,0.7824,0.9687,0.9699,OURS
Train3Val_ClinVarHQ,cls,bio,,,Hybrid_Concat_XGBoost,0.889,0.9355,0.8333,0.9437,0.8815,0.7824,0.9687,0.9699,OURS
Train3Val_ClinVarHQ,cls,bio,,,Hybrid_Concat_XGBoost,0.889,0.9355,0.8333,0.9437,0.8815,0.7824,0.9687,0.9699,OURS
Train3Val_ClinVarHQ,center,bio_core_dna_prot_spliceai,nt_v1_500m,esm1v_650m,PyTorch_CrossAttn,0.8905,0.9094,0.8649,0.9155,0.8866,0.7817,0.9617,0.9613,OURS
Train3Val_ClinVarHQ,cls,bio_core_dna_prot_spliceai,nt_v3_650m,esm1v_650m,PyTorch_Gating,0.889,0.9272,0.842,0.9352,0.8825,0.7811,0.9665,0.9664,OURS
Train3Val_ClinVarHQ,mean,bio_core_dna_prot_spliceai,nt_v2_500m,esmc_600m,PyTorch_CrossAttn,0.8848,0.9652,0.796,0.9718,0.8724,0.781,0.9678,0.9672,OURS
Train3Val_ClinVarHQ,mean,bio_core_dna_prot_spliceai,nt_v1_500m,esm1v_650m,PyTorch_Concat,0.889,0.9219,0.8477,0.9296,0.8832,0.7804,0.968,0.9683,OURS
Train3Val_ClinVarHQ,cls,bio_core_dna_prot_spliceai,nt_v3_650m,esm2_650m,PyTorch_Transformer,0.8848,0.9619,0.7989,0.969,0.8728,0.7803,0.9641,0.9663,OURS
Train3Val_ClinVarHQ,center,bio_core_dna_prot_spliceai,nt_v2_500m,esm1b_650m,PyTorch_Transformer,0.889,0.9167,0.8534,0.9239,0.8839,0.7797,0.9642,0.9647,OURS
Train3Val_ClinVarHQ,cls,bio_core_dna_prot,nt_v3_650m,esm1v_650m,PyTorch_Concat,0.8862,0.9437,0.819,0.9521,0.8769,0.7788,0.9686,0.9689,OURS
Train3Val_ClinVarHQ,mean,bio_core_dna_prot_spliceai,nt_v3_650m,esm1v_650m,PyTorch_Transformer,0.8862,0.9437,0.819,0.9521,0.8769,0.7788,0.9654,0.9623,OURS
Train3Val_ClinVarHQ,mean,bio_core_dna_prot,nt_v2_500m,esm1v_650m,PyTorch_Transformer,0.8862,0.9437,0.819,0.9521,0.8769,0.7788,0.9669,0.966,OURS
Train3Val_ClinVarHQ,mean,bio_dna,nt_v2_500m,,Hybrid_Concat_XGBoost,0.8876,0.927,0.8391,0.9352,0.8808,0.7785,0.9679,0.9693,OURS
Train3Val_ClinVarHQ,mean,bio_dna,nt_v2_500m,,Hybrid_Concat_XGBoost,0.8876,0.927,0.8391,0.9352,0.8808,0.7785,0.9679,0.9693,OURS
Train3Val_ClinVarHQ,mean,bio_dna,nt_v2_500m,,Hybrid_Concat_XGBoost,0.8876,0.927,0.8391,0.9352,0.8808,0.7785,0.9679,0.9693,OURS
Train3Val_ClinVarHQ,center,bio_core_dna_prot_spliceai,nt_v3_650m,esm1b_650m,PyTorch_CrossAttn,0.8876,0.9243,0.842,0.9324,0.8812,0.7781,0.9685,0.9682,OURS
Train3Val_ClinVarHQ,cls,bio_core_dna_prot_spliceai,nt_v3_650m,esm1v_650m,PyTorch_Concat,0.8862,0.9379,0.8247,0.9465,0.8777,0.7777,0.9649,0.9665,OURS
Train3Val_ClinVarHQ,cls,bio_core_dna_prot,nt_v1_500m,esm1v_650m,PyTorch_Gating,0.8862,0.9379,0.8247,0.9465,0.8777,0.7777,0.9676,0.9678,OURS
Train3Val_ClinVarHQ,center,bio_dna,nt_v1_500m,,Hybrid_Concat_XGBoost,0.8862,0.9323,0.8305,0.9408,0.8784,0.7767,0.966,0.9676,OURS
Train3Val_ClinVarHQ,center,bio_dna,nt_v1_500m,,Hybrid_Concat_XGBoost,0.8862,0.9323,0.8305,0.9408,0.8784,0.7767,0.966,0.9676,OURS
Train3Val_ClinVarHQ,center,bio_dna,nt_v1_500m,,Hybrid_Concat_XGBoost,0.8862,0.9323,0.8305,0.9408,0.8784,0.7767,0.966,0.9676,OURS
Train3Val_ClinVarHQ,cls,bio_core_dna_prot_spliceai,nt_v3_650m,esm2_650m,PyTorch_Concat,0.8834,0.9555,0.8017,0.9634,0.8719,0.7763,0.9604,0.9573,OURS
Train3Val_ClinVarHQ,center,bio_dna_geom_prot,nt_v1_500m,esmc_600m,PyTorch_CrossAttn,0.8876,0.9088,0.8592,0.9155,0.8833,0.7762,0.9633,0.9618,OURS
Train3Val_ClinVarHQ,center,bio,,,PyTorch_Concat,0.8862,0.9295,0.8333,0.938,0.8788,0.7762,0.9697,0.9707,OURS
Train3Val_ClinVarHQ,mean,bio,,,Hybrid_Concat_XGBoost,0.8862,0.9295,0.8333,0.938,0.8788,0.7762,0.9648,0.9656,OURS
Train3Val_ClinVarHQ,center,bio,,,PyTorch_Concat,0.8862,0.9295,0.8333,0.938,0.8788,0.7762,0.9697,0.9707,OURS
Train3Val_ClinVarHQ,mean,bio,,,Hybrid_Concat_XGBoost,0.8862,0.9295,0.8333,0.938,0.8788,0.7762,0.9648,0.9656,OURS
Train3Val_ClinVarHQ,center,bio,,,PyTorch_Concat,0.8862,0.9295,0.8333,0.938,0.8788,0.7762,0.9697,0.9707,OURS
Train3Val_ClinVarHQ,mean,bio,,,Hybrid_Concat_XGBoost,0.8862,0.9295,0.8333,0.938,0.8788,0.7762,0.9648,0.9656,OURS
Train3Val_ClinVarHQ,cls,bio_core_dna_prot_spliceai,nt_v1_500m,esmc_600m,PyTorch_Transformer,0.8848,0.9435,0.8161,0.9521,0.8752,0.7762,0.965,0.9565,OURS
Train3Val_ClinVarHQ,cls,bio_core_dna_prot_spliceai,nt_v2_500m,esm1b_650m,PyTorch_Concat,0.8862,0.9295,0.8333,0.938,0.8788,0.7762,0.9661,0.9677,OURS
Train3Val_ClinVarHQ,cls,bio_core_dna_prot_spliceai,nt_v2_500m,esmc_600m,Hybrid_Gating_XGBoost,0.8876,0.9063,0.8621,0.9127,0.8837,0.776,0.9633,0.9618,OURS
Train3Val_ClinVarHQ,center,bio_dna,nt_v1_500m,,PyTorch_Concat,0.8862,0.9268,0.8362,0.9352,0.8792,0.7758,0.9612,0.964,OURS
Train3Val_ClinVarHQ,center,bio_dna,nt_v1_500m,,PyTorch_Concat,0.8862,0.9268,0.8362,0.9352,0.8792,0.7758,0.9612,0.964,OURS
Train3Val_ClinVarHQ,center,bio_dna,nt_v1_500m,,PyTorch_Concat,0.8862,0.9268,0.8362,0.9352,0.8792,0.7758,0.9612,0.964,OURS
Train3Val_ClinVarHQ,center,bio_core_dna_prot_spliceai,nt_v2_500m,esm1b_650m,PyTorch_Gating,0.8876,0.8899,0.8822,0.893,0.886,0.7752,0.9678,0.9667,OURS
Train3Val_ClinVarHQ,cls,bio_core_dna_prot_spliceai,nt_v2_500m,esmc_600m,PyTorch_Concat,0.8834,0.9433,0.8132,0.9521,0.8735,0.7736,0.9614,0.9523,OURS
Train3Val_ClinVarHQ,mean,bio_core_dna_prot_spliceai,nt_v1_500m,esm1b_650m,PyTorch_Transformer,0.8848,0.9265,0.8333,0.9352,0.8775,0.7732,0.9694,0.9687,OURS
Train3Val_ClinVarHQ,cls,bio_core_dna_prot_spliceai,nt_v3_650m,esm1b_650m,PyTorch_Gating,0.8834,0.9404,0.8161,0.9493,0.8738,0.7731,0.972,0.973,OURS
Train3Val_ClinVarHQ,mean,bio_core_dna_prot,nt_v2_500m,esm1v_650m,PyTorch_CrossAttn,0.8805,0.9583,0.7931,0.9662,0.8679,0.772,0.9725,0.9711,OURS
Train3Val_ClinVarHQ,cls,bio_dna_geom_prot,nt_v2_500m,esm1b_650m,PyTorch_Concat,0.8805,0.943,0.8075,0.9521,0.87,0.7685,0.965,0.965,OURS
Train3Val_ClinVarHQ,cls,bio_core_dna_prot_spliceai,nt_v2_500m,esmc_600m,PyTorch_Gating,0.8819,0.9288,0.8247,0.938,0.8737,0.7683,0.9599,0.9462,OURS
Train3Val_ClinVarHQ,center,bio_dna_geom_prot,nt_v1_500m,esmc_600m,Hybrid_Concat_XGBoost,0.8805,0.94,0.8103,0.9493,0.8704,0.7679,0.969,0.9671,OURS
Train3Val_ClinVarHQ,mean,bio_dna_geom_prot,nt_v2_500m,esm1b_650m,Hybrid_Concat_XGBoost,0.8834,0.8654,0.9052,0.862,0.8848,0.7676,0.9528,0.9495,OURS
Train3Val_ClinVarHQ,cls,bio_dna_prot,nt_v2_500m,esm1b_650m,PyTorch_CrossAttn,0.8748,0.9745,0.7672,0.9803,0.8585,0.7663,0.9715,0.9713,OURS
Train3Val_ClinVarHQ,cls,bio_core_dna_prot,nt_v1_500m,esm1v_650m,PyTorch_CrossAttn,0.8777,0.9486,0.796,0.9577,0.8656,0.7647,0.9699,0.9704,OURS
Train3Val_ClinVarHQ,cls,bio_core_dna_prot_spliceai,nt_v1_500m,esmc_600m,PyTorch_Gating,0.8777,0.9426,0.8017,0.9521,0.8665,0.7634,0.9668,0.9601,OURS
Train3Val_ClinVarHQ,cls,bio_core_dna_prot,nt_v2_500m,esm1v_650m,PyTorch_Transformer,0.8762,0.9485,0.7931,0.9577,0.8638,0.7622,0.9693,0.9704,OURS
Train3Val_ClinVarHQ,cls,bio_core_dna_prot_spliceai,nt_v1_500m,esm1v_650m,PyTorch_Transformer,0.8777,0.9367,0.8075,0.9465,0.8673,0.7621,0.9669,0.9636,OURS
Train3Val_ClinVarHQ,cls,bio_core_dna_prot_spliceai,nt_v2_500m,esm1b_650m,PyTorch_Transformer,0.8748,0.9545,0.7845,0.9634,0.8612,0.7612,0.9679,0.9674,OURS
Train3Val_ClinVarHQ,center,bio_geom_prot,nt_v1_500m,esmc_600m,PyTorch_Concat,0.8777,0.9309,0.8132,0.9408,0.8681,0.761,0.9624,0.96,OURS
Train3Val_ClinVarHQ,cls,bio_dna,nt_v2_500m,,PyTorch_Concat,0.8762,0.9196,0.8218,0.9296,0.868,0.7564,0.9571,0.9584,OURS
Train3Val_ClinVarHQ,cls,bio_dna,nt_v2_500m,,PyTorch_Concat,0.8762,0.9196,0.8218,0.9296,0.868,0.7564,0.9571,0.9584,OURS
Train3Val_ClinVarHQ,cls,bio_dna,nt_v2_500m,,PyTorch_Concat,0.8762,0.9196,0.8218,0.9296,0.868,0.7564,0.9571,0.9584,OURS
Train3Val_ClinVarHQ,center,bio_dna_geom_prot,nt_v1_500m,esmc_600m,Hybrid_Gating_XGBoost,0.872,0.9542,0.7787,0.9634,0.8576,0.7562,0.9636,0.9647,OURS
Train3Val_ClinVarHQ,mean,bio_core_dna_prot_spliceai,nt_v1_500m,esm1b_650m,PyTorch_CrossAttn,0.8734,0.9331,0.8017,0.9437,0.8624,0.7538,0.9706,0.9712,OURS
Train3Val_ClinVarHQ,cls,bio_dna_geom_prot,nt_v2_500m,esm1b_650m,PyTorch_CrossAttn,0.8706,0.9541,0.7759,0.9634,0.8558,0.7537,0.962,0.9575,OURS
Train3Val_ClinVarHQ,cls,bio_core_dna_prot_spliceai,nt_v3_650m,esm1b_650m,PyTorch_CrossAttn,0.8691,0.9604,0.7672,0.969,0.853,0.7529,0.9677,0.9651,OURS
Train3Val_ClinVarHQ,center,bio_dna_geom,nt_v1_500m,esmc_600m,Hybrid_Concat_XGBoost,0.8677,0.967,0.7586,0.9746,0.8502,0.7522,0.965,0.968,OURS
Train3Val_ClinVarHQ,cls,bio_core_dna_prot_spliceai,nt_v2_500m,esm1v_650m,PyTorch_Transformer,0.8706,0.9477,0.7816,0.9577,0.8567,0.7521,0.963,0.9623,OURS
Train3Val_ClinVarHQ,cls,bio_core_dna_prot_spliceai,nt_v3_650m,esm1v_650m,PyTorch_CrossAttn,0.872,0.9358,0.796,0.9465,0.8602,0.7519,0.9667,0.9661,OURS
Train3Val_ClinVarHQ,cls,bio_core_dna_prot,nt_v3_650m,esm1v_650m,PyTorch_CrossAttn,0.8677,0.957,0.7672,0.9662,0.8517,0.7495,0.9669,0.9658,OURS
Train3Val_ClinVarHQ,cls,bio_core_dna_prot,nt_v3_650m,esm1v_650m,PyTorch_Transformer,0.8677,0.957,0.7672,0.9662,0.8517,0.7495,0.9699,0.9703,OURS
Train3Val_ClinVarHQ,cls,bio_core_dna_prot,nt_v2_500m,esm1v_650m,PyTorch_Concat,0.8677,0.957,0.7672,0.9662,0.8517,0.7495,0.9654,0.9643,OURS
Train3Val_ClinVarHQ,mean,bio_geom_prot,nt_v2_500m,esm1b_650m,PyTorch_Concat,0.872,0.9216,0.8103,0.9324,0.8624,0.749,0.9568,0.9571,OURS
Train3Val_ClinVarHQ,cls,bio_core_dna_prot_spliceai,nt_v3_650m,esm1b_650m,PyTorch_Transformer,0.8677,0.9474,0.7759,0.9577,0.8531,0.7471,0.9671,0.9677,OURS
Train3Val_ClinVarHQ,cls,bio_dna_geom_prot,nt_v2_500m,esm1b_650m,Hybrid_Transformer_XGBoost,0.872,0.9057,0.8276,0.9155,0.8649,0.7464,0.9545,0.9544,OURS
Train3Val_ClinVarHQ,cls,bio_core_dna_prot_spliceai,nt_v1_500m,esmc_600m,PyTorch_CrossAttn,0.8649,0.9567,0.7615,0.9662,0.848,0.7446,0.9679,0.9614,OURS
Train3Val_ClinVarHQ,center,bio_dna_geom_prot,nt_v1_500m,esmc_600m,Hybrid_CrossAttn_XGBoost,0.872,0.8817,0.8563,0.8873,0.8688,0.7442,0.954,0.9526,OURS
Train3Val_ClinVarHQ,cls,bio_geom_prot,nt_v2_500m,esm1b_650m,PyTorch_Concat,0.8663,0.9441,0.7759,0.9549,0.8517,0.7438,0.9531,0.9526,OURS
Train3Val_ClinVarHQ,cls,bio_dna_geom_prot,nt_v2_500m,esm1b_650m,PyTorch_Transformer,0.8649,0.9534,0.7644,0.9634,0.8485,0.7437,0.9639,0.9621,OURS
Train3Val_ClinVarHQ,cls,bio_core_dna_prot_spliceai,nt_v3_650m,esm1v_650m,PyTorch_Transformer,0.8663,0.9349,0.7845,0.9465,0.8531,0.7416,0.9624,0.9625,OURS
Train3Val_ClinVarHQ,cls,bio_core_dna_prot_spliceai,nt_v2_500m,esmc_600m,PyTorch_Transformer,0.8649,0.9439,0.773,0.9549,0.8499,0.7413,0.9599,0.9535,OURS
Train3Val_ClinVarHQ,cls,bio_geom,nt_v2_500m,esm1b_650m,Hybrid_Concat_XGBoost,0.8691,0.8441,0.9023,0.8366,0.8722,0.7401,0.9495,0.95,OURS
Train3Val_ClinVarHQ,mean,bio_dna_geom_prot,nt_v2_500m,esm1b_650m,PyTorch_Gating,0.8677,0.8972,0.8276,0.907,0.861,0.7374,0.9483,0.9469,OURS
Train3Val_ClinVarHQ,cls,bio_dna_geom_prot,nt_v2_500m,esm1b_650m,Hybrid_Concat_XGBoost,0.8677,0.8493,0.8908,0.8451,0.8696,0.7364,0.9508,0.9507,OURS
Train3Val_ClinVarHQ,cls,bio_core_dna_prot_spliceai,nt_v1_500m,esm1b_650m,PyTorch_Concat,0.8606,0.9433,0.7644,0.9549,0.8444,0.7337,0.9691,0.9689,OURS
Train3Val_ClinVarHQ,center,bio_geom_prot,nt_v1_500m,esmc_600m,Hybrid_Concat_XGBoost,0.862,0.9254,0.7845,0.938,0.8491,0.732,0.9546,0.955,OURS
Train3Val_ClinVarHQ,center,bio_dna_geom_prot,nt_v1_500m,esmc_600m,PyTorch_Gating,0.8606,0.9223,0.7845,0.9352,0.8478,0.7288,0.9513,0.9495,OURS
Train3Val_ClinVarHQ,mean,bio_dna_geom,nt_v2_500m,esm1b_650m,PyTorch_Concat,0.8478,0.9763,0.7098,0.9831,0.822,0.7218,0.9677,0.9697,OURS
Train3Val_ClinVarHQ,center,bio_dna_geom,nt_v1_500m,esmc_600m,PyTorch_Concat,0.8578,0.8444,0.8736,0.8423,0.8588,0.716,0.9313,0.9299,OURS
Train3Val_ClinVarHQ,mean,bio_dna_geom_prot,nt_v2_500m,esm1b_650m,PyTorch_Concat,0.8521,0.915,0.773,0.9296,0.838,0.7121,0.9464,0.9421,OURS
Train3Val_ClinVarHQ,cls,bio_dna_geom_prot,nt_v2_500m,esm1b_650m,Hybrid_Gating_XGBoost,0.8535,0.8889,0.8046,0.9014,0.8446,0.7098,0.9352,0.938,OURS
Train3Val_ClinVarHQ,cls,bio_dna_geom,nt_v2_500m,esm1b_650m,Hybrid_Concat_XGBoost,0.8535,0.8393,0.8707,0.8366,0.8547,0.7075,0.9233,0.9164,OURS
Train3Val_ClinVarHQ,mean,bio_dna_geom_prot,nt_v2_500m,esm1b_650m,PyTorch_CrossAttn,0.8407,0.9646,0.704,0.9746,0.814,0.7064,0.9678,0.9669,OURS
Train3Val_ClinVarHQ,center,bio_dna_geom_prot,nt_v1_500m,esmc_600m,PyTorch_Concat,0.845,0.9253,0.7471,0.9408,0.8267,0.7022,0.9539,0.9525,OURS
Train3Val_ClinVarHQ,cls,bio_dna_geom_prot,nt_v2_500m,esm1b_650m,PyTorch_Gating,0.8435,0.9281,0.7414,0.9437,0.8243,0.7005,0.9508,0.9483,OURS
Train3Val_ClinVarHQ,mean,bio_dna_geom_prot,nt_v2_500m,esm1b_650m,PyTorch_Transformer,0.845,0.9051,0.7672,0.9211,0.8305,0.6974,0.948,0.947,OURS
Train3Val_ClinVarHQ,cls,bio_dna_geom,nt_v2_500m,esm1b_650m,PyTorch_Concat,0.8321,0.9792,0.6753,0.9859,0.7993,0.6972,0.9609,0.9618,OURS
Train3Val_ClinVarHQ,center,dna_prot_spliceai,nt_v3_650m,esmc_600m,PyTorch_CrossAttn,0.8478,0.8663,0.819,0.8761,0.8419,0.6964,0.9176,0.9203,OURS
Train3Val_ClinVarHQ,center,bio_dna_geom_prot,nt_v1_500m,esmc_600m,PyTorch_Transformer,0.8364,0.943,0.7126,0.9577,0.8118,0.6927,0.9553,0.954,OURS
Train3Val_ClinVarHQ,center,dna_prot_spliceai,nt_v3_650m,esmc_600m,Hybrid_Concat_XGBoost,0.8421,0.8395,0.842,0.8423,0.8407,0.6842,0.9075,0.9132,OURS
Train3Val_ClinVarHQ,center,dna_prot_spliceai,nt_v3_650m,esmc_600m,PyTorch_Concat,0.8393,0.866,0.7989,0.8789,0.8311,0.6803,0.908,0.9118,OURS
Train3Val_ClinVarHQ,mean,bio_dna_geom_prot,nt_v2_500m,esm1b_650m,Hybrid_Transformer_XGBoost,0.8321,0.9107,0.7328,0.9296,0.8121,0.6764,0.9435,0.9416,OURS
Train3Val_ClinVarHQ,center,dna_prot_spliceai,nt_v1_500m,esmc_600m,PyTorch_CrossAttn,0.835,0.8558,0.8017,0.8676,0.8279,0.6711,0.8932,0.9062,OURS
Train3Val_ClinVarHQ,center,dna_prot_spliceai,nt_v2_500m,esmc_600m,Pure_XGBoost_Concat,0.835,0.8432,0.819,0.8507,0.8309,0.6701,0.8991,0.9065,OURS
Train3Val_ClinVarHQ,center,bio_dna_geom_prot,nt_v1_500m,esmc_600m,Hybrid_Transformer_XGBoost,0.8336,0.8598,0.7931,0.8732,0.8251,0.6688,0.9167,0.9215,OURS
Train3Val_ClinVarHQ,center,dna_prot,nt_v3_650m,esmc_600m,Hybrid_Concat_XGBoost,0.8336,0.8407,0.819,0.8479,0.8297,0.6672,0.9115,0.915,OURS
Train3Val_ClinVarHQ,center,dna_prot,nt_v3_650m,esmc_600m,Hybrid_Transformer_XGBoost,0.8336,0.8407,0.819,0.8479,0.8297,0.6672,0.9048,0.9061,OURS
Train3Val_ClinVarHQ,center,prot_spliceai,,esm2_650m,Pure_XGBoost_Concat,0.8336,0.8407,0.819,0.8479,0.8297,0.6672,0.8906,0.876,OURS
Train3Val_ClinVarHQ,mean,bio_dna_geom,nt_v2_500m,esm1b_650m,Hybrid_Concat_XGBoost,0.8208,0.944,0.6782,0.9606,0.7893,0.6671,0.946,0.9492,OURS
Train3Val_ClinVarHQ,center,dna_geom_prot,nt_v1_500m,esmc_600m,Hybrid_Transformer_XGBoost,0.8307,0.8438,0.8075,0.8535,0.8253,0.6619,0.903,0.911,OURS
Train3Val_ClinVarHQ,center,dna_prot,nt_v3_650m,esmc_600m,PyTorch_Concat,0.8307,0.8262,0.8333,0.8282,0.8298,0.6615,0.9046,0.9121,OURS
Train3Val_ClinVarHQ,center,dna_prot,nt_v2_500m,esmc_600m,Hybrid_Concat_XGBoost,0.8307,0.8378,0.8161,0.8451,0.8268,0.6615,0.8991,0.9005,OURS
Train3Val_ClinVarHQ,center,prot,,esmc_600m,Pure_XGBoost_Concat,0.8307,0.8338,0.8218,0.8394,0.8278,0.6614,0.9017,0.9019,OURS
Train3Val_ClinVarHQ,center,prot,,esmc_600m,Pure_XGBoost_Concat,0.8307,0.8338,0.8218,0.8394,0.8278,0.6614,0.9017,0.9019,OURS
Train3Val_ClinVarHQ,center,prot,,esmc_600m,Pure_XGBoost_Concat,0.8307,0.8338,0.8218,0.8394,0.8278,0.6614,0.9017,0.9019,OURS
Train3Val_ClinVarHQ,center,prot,,esmc_600m,Pure_XGBoost_Concat,0.8307,0.8338,0.8218,0.8394,0.8278,0.6614,0.9017,0.9019,OURS
Train3Val_ClinVarHQ,center,prot,,esmc_600m,Pure_XGBoost_Concat,0.8307,0.8338,0.8218,0.8394,0.8278,0.6614,0.9017,0.9019,OURS
Train3Val_ClinVarHQ,center,prot_spliceai,,esmc_600m,PyTorch_Concat,0.8279,0.8697,0.7672,0.8873,0.8153,0.6598,0.9035,0.9081,OURS
Train3Val_ClinVarHQ,center,dna_prot_spliceai,nt_v3_650m,esm2_650m,PyTorch_CrossAttn,0.8279,0.8673,0.7701,0.8845,0.8158,0.6594,0.8988,0.8894,OURS
Train3Val_ClinVarHQ,center,dna_prot,nt_v2_500m,esmc_600m,PyTorch_CrossAttn,0.8293,0.8434,0.8046,0.8535,0.8235,0.6591,0.9043,0.9061,OURS
Train3Val_ClinVarHQ,center,geom_prot,nt_v1_500m,esmc_600m,PyTorch_Concat,0.8293,0.8434,0.8046,0.8535,0.8235,0.6591,0.9094,0.9146,OURS
Train3Val_ClinVarHQ,center,dna_prot,nt_v3_650m,esm2_650m,Pure_XGBoost_Concat,0.8293,0.8393,0.8103,0.8479,0.8246,0.6588,0.8937,0.8748,OURS
Train3Val_ClinVarHQ,center,dna_prot,nt_v3_650m,esmc_600m,Hybrid_Gating_XGBoost,0.8293,0.8353,0.8161,0.8423,0.8256,0.6587,0.8929,0.8961,OURS
Train3Val_ClinVarHQ,center,prot,,esmc_600m,Hybrid_Concat_XGBoost,0.8293,0.8333,0.819,0.8394,0.8261,0.6586,0.9055,0.9042,OURS
Train3Val_ClinVarHQ,center,prot,,esmc_600m,Hybrid_Concat_XGBoost,0.8293,0.8333,0.819,0.8394,0.8261,0.6586,0.9055,0.9042,OURS
Train3Val_ClinVarHQ,center,prot,,esmc_600m,Hybrid_Concat_XGBoost,0.8293,0.8333,0.819,0.8394,0.8261,0.6586,0.9055,0.9042,OURS
Train3Val_ClinVarHQ,center,prot,,esmc_600m,Hybrid_Concat_XGBoost,0.8293,0.8333,0.819,0.8394,0.8261,0.6586,0.9055,0.9042,OURS
Train3Val_ClinVarHQ,center,prot,,esmc_600m,Hybrid_Concat_XGBoost,0.8293,0.8333,0.819,0.8394,0.8261,0.6586,0.9055,0.9042,OURS
Train3Val_ClinVarHQ,center,dna_prot,nt_v1_500m,esmc_600m,Hybrid_Concat_XGBoost,0.8279,0.845,0.7989,0.8563,0.8213,0.6565,0.9013,0.9081,OURS
Train3Val_ClinVarHQ,cls,bio_dna_geom_prot,nt_v2_500m,esm1b_650m,Hybrid_CrossAttn_XGBoost,0.8122,0.9538,0.6523,0.969,0.7747,0.6564,0.9458,0.9491,OURS
Train3Val_ClinVarHQ,center,geom_prot,nt_v1_500m,esmc_600m,Pure_XGBoost_Concat,0.8279,0.8388,0.8075,0.8479,0.8228,0.656,0.8991,0.8953,OURS
Train3Val_ClinVarHQ,center,dna_prot_spliceai,nt_v2_500m,esmc_600m,PyTorch_CrossAttn,0.8265,0.8622,0.773,0.8789,0.8152,0.656,0.9047,0.9113,OURS
Train3Val_ClinVarHQ,center,dna_prot,nt_v1_500m,esmc_600m,Hybrid_Transformer_XGBoost,0.8279,0.8368,0.8103,0.8451,0.8234,0.6559,0.8938,0.9043,OURS
Train3Val_ClinVarHQ,center,dna_prot,nt_v2_500m,esm2_650m,PyTorch_CrossAttn,0.8279,0.8348,0.8132,0.8423,0.8239,0.6559,0.8918,0.8876,OURS
Train3Val_ClinVarHQ,center,dna_prot,nt_v1_500m,esmc_600m,Pure_XGBoost_Concat,0.8279,0.829,0.8218,0.8338,0.8254,0.6557,0.8911,0.8958,OURS
Train3Val_ClinVarHQ,cls,bio_geom_prot,nt_v2_500m,esm1b_650m,Hybrid_Concat_XGBoost,0.8193,0.9108,0.704,0.9324,0.7942,0.6547,0.9271,0.9273,OURS
Train3Val_ClinVarHQ,center,dna_prot_spliceai,nt_v3_650m,esmc_600m,Pure_XGBoost_Concat,0.825,0.8462,0.7902,0.8592,0.8172,0.6512,0.894,0.9006,OURS
Train3Val_ClinVarHQ,center,dna_prot,nt_v3_650m,esmc_600m,Hybrid_CrossAttn_XGBoost,0.825,0.8338,0.8075,0.8423,0.8204,0.6502,0.9034,0.9114,OURS
Train3Val_ClinVarHQ,center,dna_prot,nt_v2_500m,esmc_600m,Hybrid_CrossAttn_XGBoost,0.825,0.8205,0.8276,0.8225,0.824,0.6501,0.9097,0.9174,OURS
Train3Val_ClinVarHQ,center,dna_prot_spliceai,nt_v3_650m,esmc_600m,Hybrid_CrossAttn_XGBoost,0.825,0.8261,0.819,0.831,0.8225,0.65,0.9042,0.908,OURS
Train3Val_ClinVarHQ,center,dna_prot_spliceai,nt_v2_500m,esmc_600m,Hybrid_CrossAttn_XGBoost,0.825,0.8242,0.8218,0.8282,0.823,0.65,0.8973,0.9077,OURS
Train3Val_ClinVarHQ,center,dna_prot,nt_v2_500m,esmc_600m,PyTorch_Transformer,0.8236,0.8544,0.7759,0.8704,0.8133,0.6496,0.892,0.9033,OURS
Train3Val_ClinVarHQ,center,prot_spliceai,,esm1v_650m,PyTorch_Concat,0.8236,0.8522,0.7787,0.8676,0.8138,0.6493,0.8969,0.9037,OURS
Train3Val_ClinVarHQ,center,dna_prot_spliceai,nt_v1_500m,esmc_600m,Pure_XGBoost_Concat,0.8236,0.8333,0.8046,0.8423,0.8187,0.6474,0.8971,0.9035,OURS
Train3Val_ClinVarHQ,center,dna_prot,nt_v1_500m,esmc_600m,Hybrid_CrossAttn_XGBoost,0.8236,0.8237,0.819,0.8282,0.8213,0.6472,0.8996,0.9106,OURS
Train3Val_ClinVarHQ,center,dna_prot,nt_v2_500m,esmc_600m,PyTorch_Gating,0.8222,0.8474,0.7816,0.862,0.8132,0.646,0.899,0.9085,OURS
Train3Val_ClinVarHQ,center,dna_geom_prot,nt_v1_500m,esmc_600m,Pure_XGBoost_Concat,0.8222,0.841,0.7902,0.8535,0.8148,0.6453,0.9002,0.9016,OURS
Train3Val_ClinVarHQ,center,dna_geom_prot,nt_v1_500m,esmc_600m,Hybrid_Gating_XGBoost,0.8193,0.8721,0.7443,0.893,0.8031,0.645,0.8956,0.9034,OURS
Train3Val_ClinVarHQ,center,prot_spliceai,,esmc_600m,Pure_XGBoost_Concat,0.8222,0.8328,0.8017,0.8423,0.817,0.6447,0.9037,0.9059,OURS
Train3Val_ClinVarHQ,center,dna_prot_spliceai,nt_v3_650m,esm2_650m,Pure_XGBoost_Concat,0.8222,0.8309,0.8046,0.8394,0.8175,0.6446,0.8927,0.8752,OURS
Train3Val_ClinVarHQ,center,dna_prot_spliceai,nt_v2_500m,esmc_600m,PyTorch_Gating,0.8208,0.8558,0.7672,0.8732,0.8091,0.6445,0.8923,0.9036,OURS
Train3Val_ClinVarHQ,center,dna_prot_spliceai,nt_v3_650m,esm1b_650m,PyTorch_Concat,0.8222,0.827,0.8103,0.8338,0.8186,0.6444,0.8988,0.906,OURS
Train3Val_ClinVarHQ,center,dna_prot_spliceai,nt_v2_500m,esmc_600m,Hybrid_Transformer_XGBoost,0.8222,0.8251,0.8132,0.831,0.8191,0.6444,0.8987,0.9097,OURS
Train3Val_ClinVarHQ,center,geom_prot,nt_v1_500m,esmc_600m,Hybrid_Concat_XGBoost,0.8165,0.769,0.8994,0.7352,0.8291,0.6427,0.9105,0.9141,OURS
Train3Val_ClinVarHQ,center,dna_prot,nt_v2_500m,esmc_600m,Pure_XGBoost_Concat,0.8208,0.8364,0.7931,0.8479,0.8142,0.6422,0.8979,0.9046,OURS
Train3Val_ClinVarHQ,center,dna_prot_spliceai,nt_v3_650m,esmc_600m,Hybrid_Gating_XGBoost,0.8208,0.8364,0.7931,0.8479,0.8142,0.6422,0.901,0.9056,OURS
Train3Val_ClinVarHQ,center,dna_prot,nt_v3_650m,esm2_650m,Hybrid_Transformer_XGBoost,0.8208,0.8323,0.7989,0.8423,0.8152,0.6419,0.8929,0.885,OURS
Train3Val_ClinVarHQ,center,dna_prot,nt_v1_500m,esm1b_650m,Pure_XGBoost_Concat,0.8208,0.8284,0.8046,0.8366,0.8163,0.6417,0.892,0.8871,OURS
Train3Val_ClinVarHQ,center,dna_prot_spliceai,nt_v1_500m,esmc_600m,Hybrid_Transformer_XGBoost,0.8208,0.8284,0.8046,0.8366,0.8163,0.6417,0.8911,0.9035,OURS
Train3Val_ClinVarHQ,center,dna_prot_spliceai,nt_v2_500m,esm2_650m,Hybrid_Concat_XGBoost,0.8208,0.8284,0.8046,0.8366,0.8163,0.6417,0.8766,0.8749,OURS
Train3Val_ClinVarHQ,center,dna_geom_prot,nt_v1_500m,esmc_600m,Hybrid_CrossAttn_XGBoost,0.8208,0.8153,0.8247,0.8169,0.82,0.6416,0.901,0.909,OURS
Train3Val_ClinVarHQ,center,prot_spliceai,,esmc_600m,Hybrid_Concat_XGBoost,0.8208,0.8265,0.8075,0.8338,0.8169,0.6416,0.9063,0.9094,OURS
Train3Val_ClinVarHQ,center,dna_prot_spliceai,nt_v3_650m,esmc_600m,Hybrid_Transformer_XGBoost,0.8208,0.8265,0.8075,0.8338,0.8169,0.6416,0.9045,0.9091,OURS
Train3Val_ClinVarHQ,center,dna_prot_spliceai,nt_v1_500m,esmc_600m,Hybrid_CrossAttn_XGBoost,0.8208,0.8208,0.8161,0.8254,0.8184,0.6415,0.901,0.9075,OURS
Train3Val_ClinVarHQ,center,dna_prot_spliceai,nt_v2_500m,esm1b_650m,PyTorch_Concat,0.8208,0.8171,0.8218,0.8197,0.8195,0.6415,0.8901,0.8953,OURS
Train3Val_ClinVarHQ,center,dna_prot_spliceai,nt_v2_500m,esm1b_650m,Hybrid_CrossAttn_XGBoost,0.8208,0.8246,0.8103,0.831,0.8174,0.6415,0.8872,0.8933,OURS
Train3Val_ClinVarHQ,center,dna_prot,nt_v2_500m,esm2_650m,Hybrid_Transformer_XGBoost,0.8193,0.8421,0.7816,0.8563,0.8107,0.64,0.8924,0.8763,OURS
Train3Val_ClinVarHQ,mean,bio_dna_geom_prot,nt_v2_500m,esm1b_650m,Hybrid_Gating_XGBoost,0.8193,0.84,0.7845,0.8535,0.8113,0.6398,0.9085,0.8995,OURS
Train3Val_ClinVarHQ,center,dna_prot,nt_v3_650m,esm1b_650m,PyTorch_CrossAttn,0.8193,0.8318,0.796,0.8423,0.8135,0.6391,0.9006,0.9006,OURS
Train3Val_ClinVarHQ,center,dna_prot,nt_v2_500m,esm1b_650m,PyTorch_Concat,0.8193,0.826,0.8046,0.8338,0.8151,0.6388,0.889,0.8931,OURS
Train3Val_ClinVarHQ,center,dna_prot,nt_v3_650m,esm1v_650m,Hybrid_CrossAttn_XGBoost,0.8193,0.826,0.8046,0.8338,0.8151,0.6388,0.8887,0.8922,OURS
Train3Val_ClinVarHQ,center,dna_prot_spliceai,nt_v1_500m,esm2_650m,PyTorch_Transformer,0.8151,0.8733,0.7328,0.8958,0.7969,0.6377,0.8778,0.8758,OURS
Train3Val_ClinVarHQ,center,dna_prot,nt_v2_500m,esm2_650m,PyTorch_Transformer,0.8179,0.8395,0.7816,0.8535,0.8095,0.6371,0.884,0.8818,OURS
Train3Val_ClinVarHQ,center,dna_prot_spliceai,nt_v1_500m,esmc_600m,Hybrid_Concat_XGBoost,0.8179,0.8254,0.8017,0.8338,0.8134,0.636,0.8961,0.9017,OURS
Train3Val_ClinVarHQ,center,dna_prot,nt_v2_500m,esmc_600m,Hybrid_Gating_XGBoost,0.8179,0.8235,0.8046,0.831,0.814,0.6359,0.901,0.8997,OURS
Train3Val_ClinVarHQ,center,dna_prot_spliceai,nt_v2_500m,esmc_600m,Hybrid_Gating_XGBoost,0.8179,0.8216,0.8075,0.8282,0.8145,0.6358,0.8907,0.9007,OURS
Train3Val_ClinVarHQ,center,prot_spliceai,,esm2_650m,PyTorch_Concat,0.8151,0.8562,0.7529,0.8761,0.8012,0.6342,0.8883,0.8815,OURS
Train3Val_ClinVarHQ,center,dna_prot,nt_v3_650m,esmc_600m,Pure_XGBoost_Concat,0.8165,0.8328,0.7874,0.8451,0.8095,0.6337,0.8943,0.904,OURS
Train3Val_ClinVarHQ,center,dna_prot,nt_v2_500m,esmc_600m,Hybrid_Transformer_XGBoost,0.8165,0.8308,0.7902,0.8423,0.81,0.6335,0.8964,0.9064,OURS
Train3Val_ClinVarHQ,center,prot_spliceai,,esm1b_650m,PyTorch_Concat,0.8165,0.8288,0.7931,0.8394,0.8106,0.6334,0.8922,0.8959,OURS
Train3Val_ClinVarHQ,center,dna_prot,nt_v2_500m,esm2_650m,Hybrid_Concat_XGBoost,0.8165,0.8269,0.796,0.8366,0.8111,0.6333,0.8819,0.8677,OURS
Train3Val_ClinVarHQ,center,dna_prot,nt_v1_500m,esm2_650m,Hybrid_CrossAttn_XGBoost,0.8165,0.8249,0.7989,0.8338,0.8117,0.6332,0.8911,0.8873,OURS
Train3Val_ClinVarHQ,center,dna_prot,nt_v3_650m,esmc_600m,PyTorch_Transformer,0.8122,0.875,0.7241,0.8986,0.7925,0.6331,0.8999,0.906,OURS
Train3Val_ClinVarHQ,center,dna_prot,nt_v3_650m,esm1v_650m,PyTorch_Concat,0.8165,0.823,0.8017,0.831,0.8122,0.6331,0.8941,0.8968,OURS
Train3Val_ClinVarHQ,center,dna_prot,nt_v1_500m,esm1b_650m,PyTorch_Transformer,0.8151,0.8406,0.773,0.8563,0.8054,0.6318,0.8791,0.8925,OURS
Train3Val_ClinVarHQ,center,dna_prot_spliceai,nt_v3_650m,esm2_650m,PyTorch_Concat,0.8151,0.8406,0.773,0.8563,0.8054,0.6318,0.883,0.8772,OURS
Train3Val_ClinVarHQ,center,dna_prot_spliceai,nt_v3_650m,esmc_600m,PyTorch_Gating,0.8137,0.8534,0.7529,0.8732,0.8,0.6312,0.894,0.902,OURS
Train3Val_ClinVarHQ,center,dna_prot,nt_v3_650m,esm2_650m,PyTorch_Gating,0.8151,0.8344,0.7816,0.8479,0.8071,0.6311,0.8844,0.8757,OURS
Train3Val_ClinVarHQ,center,dna_prot,nt_v3_650m,esm1b_650m,PyTorch_Concat,0.8151,0.8323,0.7845,0.8451,0.8077,0.6309,0.8893,0.8932,OURS
Train3Val_ClinVarHQ,center,dna_prot_spliceai,nt_v1_500m,esm2_650m,Hybrid_CrossAttn_XGBoost,0.8151,0.8323,0.7845,0.8451,0.8077,0.6309,0.8917,0.8834,OURS
Train3Val_ClinVarHQ,center,dna_prot,nt_v1_500m,esm2_650m,Pure_XGBoost_Concat,0.8151,0.8283,0.7902,0.8394,0.8088,0.6306,0.8825,0.8738,OURS
Train3Val_ClinVarHQ,center,dna_prot_spliceai,nt_v2_500m,esmc_600m,Hybrid_Concat_XGBoost,0.8151,0.8283,0.7902,0.8394,0.8088,0.6306,0.8994,0.9052,OURS
Train3Val_ClinVarHQ,center,dna_prot_spliceai,nt_v3_650m,esm1b_650m,PyTorch_CrossAttn,0.8151,0.8244,0.796,0.8338,0.8099,0.6304,0.8917,0.894,OURS
Train3Val_ClinVarHQ,center,dna_prot_spliceai,nt_v3_650m,esm2_650m,Hybrid_Transformer_XGBoost,0.8151,0.8244,0.796,0.8338,0.8099,0.6304,0.8845,0.8714,OURS
Train3Val_ClinVarHQ,center,dna_prot_spliceai,nt_v2_500m,esmc_600m,PyTorch_Transformer,0.8137,0.8489,0.7586,0.8676,0.8012,0.6304,0.883,0.8994,OURS
Train3Val_ClinVarHQ,center,dna_prot,nt_v1_500m,esm2_650m,Hybrid_Concat_XGBoost,0.8151,0.8206,0.8017,0.8282,0.811,0.6302,0.8833,0.8747,OURS
Train3Val_ClinVarHQ,center,dna_prot_spliceai,nt_v2_500m,esm2_650m,PyTorch_Gating,0.8151,0.8206,0.8017,0.8282,0.811,0.6302,0.8908,0.8796,OURS
Train3Val_ClinVarHQ,center,dna_prot,nt_v3_650m,esm1b_650m,Pure_XGBoost_Concat,0.8151,0.815,0.8103,0.8197,0.8127,0.6301,0.8955,0.8961,OURS
Train3Val_ClinVarHQ,center,dna_prot_spliceai,nt_v3_650m,esm2_650m,Hybrid_CrossAttn_XGBoost,0.8151,0.8187,0.8046,0.8254,0.8116,0.6301,0.8836,0.8735,OURS
Train3Val_ClinVarHQ,center,dna_prot_spliceai,nt_v2_500m,esmc_600m,PyTorch_Concat,0.8094,0.8768,0.7155,0.9014,0.788,0.6286,0.879,0.8921,OURS
Train3Val_ClinVarHQ,center,dna_prot,nt_v3_650m,esm1b_650m,PyTorch_Transformer,0.8137,0.8338,0.7787,0.8479,0.8053,0.6284,0.8945,0.8937,OURS
Train3Val_ClinVarHQ,center,dna_prot_spliceai,nt_v2_500m,esm1v_650m,PyTorch_Transformer,0.8137,0.8318,0.7816,0.8451,0.8059,0.6282,0.8847,0.8867,OURS
Train3Val_ClinVarHQ,center,dna_prot,nt_v2_500m,esm2_650m,Hybrid_CrossAttn_XGBoost,0.8137,0.8278,0.7874,0.8394,0.8071,0.6278,0.8955,0.8882,OURS
Train3Val_ClinVarHQ,center,dna_prot_spliceai,nt_v2_500m,esm1b_650m,PyTorch_CrossAttn,0.8137,0.8258,0.7902,0.8366,0.8076,0.6277,0.8899,0.8965,OURS
Train3Val_ClinVarHQ,center,dna_prot_spliceai,nt_v2_500m,esm2_650m,Hybrid_Gating_XGBoost,0.8137,0.8258,0.7902,0.8366,0.8076,0.6277,0.8774,0.8756,OURS
Train3Val_ClinVarHQ,center,dna_prot,nt_v3_650m,esm2_650m,Hybrid_Gating_XGBoost,0.8137,0.8201,0.7989,0.8282,0.8093,0.6274,0.8848,0.8687,OURS
Train3Val_ClinVarHQ,center,dna_prot,nt_v3_650m,esm1b_650m,Hybrid_Concat_XGBoost,0.8137,0.8145,0.8075,0.8197,0.811,0.6273,0.8951,0.8984,OURS
Train3Val_ClinVarHQ,center,dna_prot,nt_v2_500m,esm1b_650m,PyTorch_CrossAttn,0.8137,0.8091,0.8161,0.8113,0.8126,0.6273,0.8919,0.8971,OURS
Train3Val_ClinVarHQ,center,dna_prot,nt_v3_650m,esm2_650m,PyTorch_Concat,0.8122,0.8439,0.7615,0.862,0.8006,0.627,0.8849,0.8778,OURS
Train3Val_ClinVarHQ,center,dna_prot_spliceai,nt_v2_500m,esm2_650m,PyTorch_CrossAttn,0.8122,0.8439,0.7615,0.862,0.8006,0.627,0.8848,0.8725,OURS
Train3Val_ClinVarHQ,center,dna_prot,nt_v1_500m,esm2_650m,PyTorch_Transformer,0.8108,0.8548,0.7443,0.8761,0.7957,0.6263,0.8884,0.8817,OURS
Train3Val_ClinVarHQ,center,dna_prot_spliceai,nt_v1_500m,esmc_600m,PyTorch_Transformer,0.8094,0.8664,0.727,0.8901,0.7906,0.6262,0.8986,0.9061,OURS
Train3Val_ClinVarHQ,center,dna_prot,nt_v3_650m,esmc_600m,PyTorch_CrossAttn,0.8094,0.8639,0.7299,0.8873,0.7913,0.6256,0.8816,0.8907,OURS
Train3Val_ClinVarHQ,center,dna_prot,nt_v1_500m,esm1b_650m,PyTorch_CrossAttn,0.8122,0.8273,0.7845,0.8394,0.8053,0.6251,0.883,0.8928,OURS
Train3Val_ClinVarHQ,center,dna_prot,nt_v3_650m,esm2_650m,Hybrid_CrossAttn_XGBoost,0.8122,0.8253,0.7874,0.8366,0.8059,0.6249,0.891,0.8768,OURS
Train3Val_ClinVarHQ,center,prot_spliceai,,esm1b_650m,Pure_XGBoost_Concat,0.8122,0.8068,0.8161,0.8085,0.8114,0.6245,0.8934,0.8883,OURS
Train3Val_ClinVarHQ,center,dna_prot_spliceai,nt_v2_500m,esm1b_650m,PyTorch_Transformer,0.8122,0.8158,0.8017,0.8225,0.8087,0.6245,0.8894,0.8941,OURS
Train3Val_ClinVarHQ,center,prot_spliceai,,esm1v_650m,Pure_XGBoost_Concat,0.8122,0.814,0.8046,0.8197,0.8092,0.6244,0.891,0.8961,OURS
Train3Val_ClinVarHQ,center,dna_prot_spliceai,nt_v3_650m,esm1b_650m,Pure_XGBoost_Concat,0.8122,0.814,0.8046,0.8197,0.8092,0.6244,0.8952,0.895,OURS
Train3Val_ClinVarHQ,center,dna_prot_spliceai,nt_v3_650m,esm1b_650m,Hybrid_CrossAttn_XGBoost,0.8122,0.814,0.8046,0.8197,0.8092,0.6244,0.8935,0.8968,OURS
Train3Val_ClinVarHQ,center,dna_prot,nt_v3_650m,esm1v_650m,PyTorch_Gating,0.8108,0.8413,0.7615,0.8592,0.7994,0.624,0.8871,0.8916,OURS
Train3Val_ClinVarHQ,mean,dna_prot,nt_v3_650m,esm1b_650m,Pure_XGBoost_Concat,0.8108,0.7882,0.8448,0.7775,0.8155,0.6234,0.8833,0.8838,OURS
Train3Val_ClinVarHQ,mean,dna_prot,nt_v2_500m,esm1b_650m,Pure_XGBoost_Concat,0.8108,0.7898,0.842,0.7803,0.815,0.6232,0.8872,0.8861,OURS
Train3Val_ClinVarHQ,center,dna_prot,nt_v1_500m,esm2_650m,PyTorch_Concat,0.8108,0.8308,0.7759,0.8451,0.8024,0.6227,0.885,0.8822,OURS
Train3Val_ClinVarHQ,center,dna_geom_prot,nt_v1_500m,esmc_600m,Hybrid_Concat_XGBoost,0.8051,0.8809,0.7011,0.907,0.7808,0.6223,0.8903,0.8937,OURS
Train3Val_ClinVarHQ,center,dna_prot_spliceai,nt_v2_500m,esm2_650m,Pure_XGBoost_Concat,0.8108,0.8267,0.7816,0.8394,0.8035,0.6223,0.8835,0.8689,OURS
Train3Val_ClinVarHQ,center,dna_prot,nt_v2_500m,esm1b_650m,Hybrid_Concat_XGBoost,0.8108,0.7978,0.8276,0.7944,0.8124,0.6221,0.8817,0.8828,OURS
Train3Val_ClinVarHQ,cls,geom_prot,nt_v2_500m,esm1b_650m,Pure_XGBoost_Concat,0.8108,0.8228,0.7874,0.8338,0.8047,0.622,0.8936,0.8992,OURS
Train3Val_ClinVarHQ,center,dna_prot,nt_v1_500m,esmc_600m,Hybrid_Gating_XGBoost,0.8108,0.819,0.7931,0.8282,0.8058,0.6218,0.8961,0.9057,OURS
Train3Val_ClinVarHQ,center,dna_prot,nt_v2_500m,esm1b_650m,PyTorch_Transformer,0.8108,0.819,0.7931,0.8282,0.8058,0.6218,0.8827,0.8921,OURS
Train3Val_ClinVarHQ,center,prot_spliceai,,esm2_650m,Hybrid_Concat_XGBoost,0.8108,0.8171,0.796,0.8254,0.8064,0.6217,0.8867,0.8761,OURS
Train3Val_ClinVarHQ,center,dna_prot,nt_v2_500m,esm1b_650m,Hybrid_CrossAttn_XGBoost,0.8108,0.8063,0.8132,0.8085,0.8097,0.6216,0.8891,0.8919,OURS
Train3Val_ClinVarHQ,center,dna_prot_spliceai,nt_v1_500m,esm1b_650m,Hybrid_Transformer_XGBoost,0.8108,0.808,0.8103,0.8113,0.8092,0.6216,0.8809,0.892,OURS
Train3Val_ClinVarHQ,center,dna_prot_spliceai,nt_v3_650m,esm1b_650m,Hybrid_Transformer_XGBoost,0.8108,0.8063,0.8132,0.8085,0.8097,0.6216,0.8834,0.8902,OURS
Train3Val_ClinVarHQ,center,dna_prot_spliceai,nt_v3_650m,esm2_650m,Hybrid_Concat_XGBoost,0.8108,0.8098,0.8075,0.8141,0.8086,0.6216,0.8838,0.8639,OURS
Train3Val_ClinVarHQ,center,dna_prot,nt_v1_500m,esmc_600m,PyTorch_Concat,0.808,0.8515,0.7414,0.8732,0.7926,0.6205,0.8885,0.9025,OURS
Train3Val_ClinVarHQ,center,dna_prot,nt_v3_650m,esm1b_650m,PyTorch_Gating,0.8094,0.8323,0.7701,0.8479,0.8,0.6202,0.8905,0.8971,OURS
Train3Val_ClinVarHQ,center,dna_prot_spliceai,nt_v2_500m,esm1v_650m,PyTorch_CrossAttn,0.8094,0.8323,0.7701,0.8479,0.8,0.6202,0.8882,0.8914,OURS
Train3Val_ClinVarHQ,center,dna_prot_spliceai,nt_v1_500m,esm2_650m,Hybrid_Concat_XGBoost,0.8094,0.8262,0.7787,0.8394,0.8018,0.6195,0.8885,0.8801,OURS
Train3Val_ClinVarHQ,mean,prot,,esm1b_650m,PyTorch_Concat,0.8094,0.8223,0.7845,0.8338,0.8029,0.6192,0.8907,0.8794,OURS
Train3Val_ClinVarHQ,mean,prot,,esm1b_650m,PyTorch_Concat,0.8094,0.8223,0.7845,0.8338,0.8029,0.6192,0.8907,0.8794,OURS
Train3Val_ClinVarHQ,mean,prot,,esm1b_650m,PyTorch_Concat,0.8094,0.8223,0.7845,0.8338,0.8029,0.6192,0.8907,0.8794,OURS
Train3Val_ClinVarHQ,mean,prot,,esm1b_650m,PyTorch_Concat,0.8094,0.8223,0.7845,0.8338,0.8029,0.6192,0.8907,0.8794,OURS
Train3Val_ClinVarHQ,mean,prot,,esm1b_650m,PyTorch_Concat,0.8094,0.8223,0.7845,0.8338,0.8029,0.6192,0.8907,0.8794,OURS
Train3Val_ClinVarHQ,center,dna_prot_spliceai,nt_v1_500m,esmc_600m,Hybrid_Gating_XGBoost,0.8094,0.8204,0.7874,0.831,0.8035,0.6191,0.8824,0.8964,OURS
Train3Val_ClinVarHQ,center,dna_prot_spliceai,nt_v3_650m,esm2_650m,PyTorch_Gating,0.8094,0.8185,0.7902,0.8282,0.8041,0.619,0.8882,0.883,OURS
Train3Val_ClinVarHQ,center,dna_prot,nt_v2_500m,esm1b_650m,Pure_XGBoost_Concat,0.8094,0.8023,0.8161,0.8028,0.8091,0.6189,0.8883,0.8924,OURS
Train3Val_ClinVarHQ,center,dna_prot_spliceai,nt_v2_500m,esm1b_650m,PyTorch_Gating,0.8094,0.8166,0.7931,0.8254,0.8047,0.6189,0.8839,0.886,OURS
Train3Val_ClinVarHQ,center,dna_prot_spliceai,nt_v2_500m,esm1b_650m,Pure_XGBoost_Concat,0.8094,0.8147,0.796,0.8225,0.8052,0.6188,0.8941,0.897,OURS
Train3Val_ClinVarHQ,center,dna_prot,nt_v3_650m,esm2_650m,PyTorch_Transformer,0.8051,0.8651,0.7184,0.8901,0.7849,0.6184,0.8858,0.8714,OURS
Train3Val_ClinVarHQ,center,dna_prot,nt_v2_500m,esm2_650m,PyTorch_Gating,0.808,0.8339,0.7644,0.8507,0.7976,0.6177,0.8911,0.8808,OURS
Train3Val_ClinVarHQ,center,dna_prot_spliceai,nt_v3_650m,esm1v_650m,PyTorch_CrossAttn,0.808,0.8339,0.7644,0.8507,0.7976,0.6177,0.8869,0.8901,OURS
Train3Val_ClinVarHQ,center,dna_prot_spliceai,nt_v2_500m,esm2_650m,Hybrid_Transformer_XGBoost,0.808,0.8218,0.7816,0.8338,0.8012,0.6164,0.8811,0.8719,OURS
Train3Val_ClinVarHQ,center,dna_geom_prot,nt_v1_500m,esmc_600m,PyTorch_Gating,0.8009,0.8852,0.6868,0.9127,0.7735,0.6162,0.8956,0.9029,OURS
Train3Val_ClinVarHQ,center,dna_prot_spliceai,nt_v1_500m,esm2_650m,Pure_XGBoost_Concat,0.808,0.8179,0.7874,0.8282,0.8023,0.6162,0.8851,0.8729,OURS
Train3Val_ClinVarHQ,center,dna_prot_spliceai,nt_v3_650m,esm1b_650m,Hybrid_Gating_XGBoost,0.808,0.8017,0.8132,0.8028,0.8074,0.616,0.8881,0.8971,OURS
Train3Val_ClinVarHQ,center,dna_prot,nt_v1_500m,esm1b_650m,Hybrid_CrossAttn_XGBoost,0.808,0.8034,0.8103,0.8056,0.8069,0.6159,0.8905,0.8985,OURS
Train3Val_ClinVarHQ,center,dna_prot,nt_v3_650m,esm1b_650m,Hybrid_CrossAttn_XGBoost,0.808,0.8105,0.7989,0.8169,0.8046,0.6159,0.8927,0.898,OURS
Train3Val_ClinVarHQ,center,dna_prot,nt_v1_500m,esm1v_650m,PyTorch_Gating,0.808,0.8105,0.7989,0.8169,0.8046,0.6159,0.8745,0.8848,OURS
Train3Val_ClinVarHQ,center,dna_prot_spliceai,nt_v1_500m,esm1b_650m,Pure_XGBoost_Concat,0.808,0.8087,0.8017,0.8141,0.8052,0.6159,0.8947,0.897,OURS
Train3Val_ClinVarHQ,center,dna_geom_prot,nt_v1_500m,esmc_600m,PyTorch_Transformer,0.798,0.8992,0.6667,0.9268,0.7657,0.6156,0.8872,0.8977,OURS
Train3Val_ClinVarHQ,center,dna_prot,nt_v1_500m,esm2_650m,PyTorch_Gating,0.8065,0.8354,0.7586,0.8535,0.7952,0.6153,0.8823,0.8793,OURS
Train3Val_ClinVarHQ,center,dna_prot_spliceai,nt_v1_500m,esm2_650m,PyTorch_CrossAttn,0.8065,0.8354,0.7586,0.8535,0.7952,0.6153,0.8877,0.8792,OURS
Train3Val_ClinVarHQ,center,dna_prot,nt_v2_500m,esm1v_650m,PyTorch_Transformer,0.8065,0.8313,0.7644,0.8479,0.7964,0.6147,0.8794,0.8869,OURS
Train3Val_ClinVarHQ,center,dna_geom_prot,nt_v1_500m,esmc_600m,PyTorch_Concat,0.8023,0.8667,0.7098,0.893,0.7804,0.6138,0.8823,0.896,OURS
Train3Val_ClinVarHQ,center,dna_prot_spliceai,nt_v2_500m,esm2_650m,PyTorch_Transformer,0.8051,0.8414,0.7471,0.862,0.7915,0.6136,0.8772,0.8734,OURS
Train3Val_ClinVarHQ,center,dna_prot_spliceai,nt_v3_650m,esm1b_650m,PyTorch_Transformer,0.8065,0.8193,0.7816,0.831,0.8,0.6135,0.89,0.8923,OURS
Train3Val_ClinVarHQ,center,dna_prot,nt_v3_650m,esm2_650m,Hybrid_Concat_XGBoost,0.8065,0.8136,0.7902,0.8225,0.8017,0.6132,0.8948,0.8871,OURS
Train3Val_ClinVarHQ,center,dna_prot,nt_v1_500m,esm1v_650m,Hybrid_CrossAttn_XGBoost,0.8065,0.8136,0.7902,0.8225,0.8017,0.6132,0.8775,0.8816,OURS
Train3Val_ClinVarHQ,center,dna_prot,nt_v2_500m,esm1b_650m,Hybrid_Transformer_XGBoost,0.8065,0.8118,0.7931,0.8197,0.8023,0.6131,0.8921,0.9025,OURS
Train3Val_ClinVarHQ,center,dna_prot,nt_v3_650m,esm1v_650m,Hybrid_Transformer_XGBoost,0.8065,0.8099,0.796,0.8169,0.8029,0.6131,0.8859,0.8879,OURS
Train3Val_ClinVarHQ,mean,dna_prot,nt_v3_650m,esm1b_650m,PyTorch_Concat,0.8065,0.8081,0.7989,0.8141,0.8035,0.613,0.8894,0.8776,OURS
Train3Val_ClinVarHQ,center,dna_prot,nt_v3_650m,esm1v_650m,PyTorch_CrossAttn,0.8051,0.8328,0.7586,0.8507,0.794,0.6123,0.8869,0.89,OURS
Train3Val_ClinVarHQ,center,dna_prot_spliceai,nt_v2_500m,esm2_650m,PyTorch_Concat,0.8037,0.8477,0.7356,0.8704,0.7877,0.6121,0.875,0.8696,OURS
Train3Val_ClinVarHQ,center,dna_prot,nt_v3_650m,esm1v_650m,PyTorch_Transformer,0.8051,0.8307,0.7615,0.8479,0.7946,0.612,0.8863,0.8936,OURS
Train3Val_ClinVarHQ,center,dna_prot,nt_v2_500m,esm1v_650m,Pure_XGBoost_Concat,0.8051,0.8131,0.7874,0.8225,0.8,0.6104,0.8863,0.8886,OURS
Train3Val_ClinVarHQ,center,dna_prot,nt_v1_500m,esm1b_650m,Hybrid_Concat_XGBoost,0.8051,0.8006,0.8075,0.8028,0.804,0.6103,0.8846,0.8939,OURS
Train3Val_ClinVarHQ,mean,dna_prot,nt_v2_500m,esm1b_650m,Hybrid_CrossAttn_XGBoost,0.8051,0.8058,0.7989,0.8113,0.8023,0.6102,0.8759,0.8739,OURS
Train3Val_ClinVarHQ,center,prot_spliceai,,esm1b_650m,Hybrid_Concat_XGBoost,0.8051,0.8023,0.8046,0.8056,0.8034,0.6102,0.8884,0.8915,OURS
Train3Val_ClinVarHQ,center,dna_prot_spliceai,nt_v1_500m,esm1b_650m,PyTorch_Concat,0.8051,0.8076,0.796,0.8141,0.8017,0.6102,0.8935,0.9049,OURS
Train3Val_ClinVarHQ,mean,dna_prot_spliceai,nt_v2_500m,esm1b_650m,PyTorch_CrossAttn,0.8037,0.8302,0.7586,0.8479,0.7928,0.6093,0.8897,0.8852,OURS
Train3Val_ClinVarHQ,center,dna_prot,nt_v1_500m,esm2_650m,PyTorch_CrossAttn,0.8037,0.8221,0.7701,0.8366,0.7953,0.6083,0.8771,0.8728,OURS
Train3Val_ClinVarHQ,center,dna_prot,nt_v2_500m,esmc_600m,PyTorch_Concat,0.798,0.8732,0.6925,0.9014,0.7724,0.6081,0.8829,0.8952,OURS
Train3Val_ClinVarHQ,cls,dna_prot_spliceai,nt_v2_500m,esm1b_650m,PyTorch_Concat,0.8037,0.8182,0.7759,0.831,0.7965,0.608,0.8728,0.8714,OURS
Train3Val_ClinVarHQ,center,prot,,esmc_600m,PyTorch_Concat,0.7966,0.881,0.681,0.9099,0.7682,0.6078,0.8894,0.8933,OURS
Train3Val_ClinVarHQ,center,prot,,esmc_600m,PyTorch_Concat,0.7966,0.881,0.681,0.9099,0.7682,0.6078,0.8894,0.8933,OURS
Train3Val_ClinVarHQ,center,prot,,esmc_600m,PyTorch_Concat,0.7966,0.881,0.681,0.9099,0.7682,0.6078,0.8894,0.8933,OURS
Train3Val_ClinVarHQ,center,prot,,esmc_600m,PyTorch_Concat,0.7966,0.881,0.681,0.9099,0.7682,0.6078,0.8894,0.8933,OURS
Train3Val_ClinVarHQ,center,prot,,esmc_600m,PyTorch_Concat,0.7966,0.881,0.681,0.9099,0.7682,0.6078,0.8894,0.8933,OURS
Train3Val_ClinVarHQ,center,dna_prot_spliceai,nt_v3_650m,esm1b_650m,PyTorch_Gating,0.8037,0.8163,0.7787,0.8282,0.7971,0.6078,0.8903,0.898,OURS
Train3Val_ClinVarHQ,cls,dna_geom_prot,nt_v2_500m,esm1b_650m,Pure_XGBoost_Concat,0.8037,0.8144,0.7816,0.8254,0.7977,0.6077,0.8896,0.8882,OURS
Train3Val_ClinVarHQ,mean,dna_prot,nt_v3_650m,esm2_650m,PyTorch_Concat,0.8037,0.8107,0.7874,0.8197,0.7988,0.6075,0.8752,0.8617,OURS
Train3Val_ClinVarHQ,mean,dna_prot,nt_v2_500m,esm1b_650m,PyTorch_Transformer,0.8023,0.836,0.7471,0.8563,0.7891,0.6075,0.89,0.8828,OURS
Train3Val_ClinVarHQ,center,dna_prot_spliceai,nt_v1_500m,esm1v_650m,Hybrid_CrossAttn_XGBoost,0.8037,0.8107,0.7874,0.8197,0.7988,0.6075,0.8717,0.8783,OURS
Train3Val_ClinVarHQ,mean,dna_prot_spliceai,nt_v2_500m,esm1b_650m,Hybrid_Transformer_XGBoost,0.8037,0.8107,0.7874,0.8197,0.7988,0.6075,0.8803,0.8756,OURS
Train3Val_ClinVarHQ,center,dna_prot,nt_v3_650m,esm1b_650m,Hybrid_Transformer_XGBoost,0.8037,0.807,0.7931,0.8141,0.8,0.6074,0.8856,0.8822,OURS
Train3Val_ClinVarHQ,center,dna_prot_spliceai,nt_v3_650m,esm1v_650m,Hybrid_Transformer_XGBoost,0.8037,0.8052,0.796,0.8113,0.8006,0.6074,0.8778,0.8891,OURS
Train3Val_ClinVarHQ,center,dna_prot_spliceai,nt_v2_500m,esm1b_650m,Hybrid_Gating_XGBoost,0.8037,0.8088,0.7902,0.8169,0.7994,0.6074,0.8818,0.8879,OURS
Train3Val_ClinVarHQ,center,dna_prot,nt_v3_650m,esm1v_650m,Hybrid_Gating_XGBoost,0.8037,0.8035,0.7989,0.8085,0.8012,0.6073,0.8861,0.8885,OURS
Train3Val_ClinVarHQ,mean,prot,,esm1b_650m,Pure_XGBoost_Concat,0.8023,0.7772,0.842,0.7634,0.8083,0.6069,0.8926,0.8868,OURS
Train3Val_ClinVarHQ,mean,prot,,esm1b_650m,Pure_XGBoost_Concat,0.8023,0.7772,0.842,0.7634,0.8083,0.6069,0.8926,0.8868,OURS
Train3Val_ClinVarHQ,mean,prot,,esm1b_650m,Pure_XGBoost_Concat,0.8023,0.7772,0.842,0.7634,0.8083,0.6069,0.8926,0.8868,OURS
Train3Val_ClinVarHQ,mean,prot,,esm1b_650m,Pure_XGBoost_Concat,0.8023,0.7772,0.842,0.7634,0.8083,0.6069,0.8926,0.8868,OURS
Train3Val_ClinVarHQ,mean,prot,,esm1b_650m,Pure_XGBoost_Concat,0.8023,0.7772,0.842,0.7634,0.8083,0.6069,0.8926,0.8868,OURS
Train3Val_ClinVarHQ,center,dna_prot,nt_v1_500m,esmc_600m,PyTorch_CrossAttn,0.7937,0.8919,0.6638,0.9211,0.7611,0.6063,0.883,0.8956,OURS
Train3Val_ClinVarHQ,mean,dna_prot,nt_v3_650m,esm2_650m,PyTorch_CrossAttn,0.8023,0.8276,0.7586,0.8451,0.7916,0.6063,0.8716,0.8562,OURS
Train3Val_ClinVarHQ,center,dna_prot_spliceai,nt_v3_650m,esm2_650m,PyTorch_Transformer,0.8023,0.8235,0.7644,0.8394,0.7928,0.6058,0.882,0.8775,OURS
Train3Val_ClinVarHQ,center,dna_prot_spliceai,nt_v1_500m,esm2_650m,PyTorch_Gating,0.8023,0.8215,0.7672,0.8366,0.7935,0.6056,0.8883,0.8828,OURS
Train3Val_ClinVarHQ,cls,geom,nt_v2_500m,esm1b_650m,PyTorch_Concat,0.7966,0.8727,0.6897,0.9014,0.7705,0.6055,0.8722,0.8806,OURS
Train3Val_ClinVarHQ,center,dna_prot_spliceai,nt_v3_650m,esmc_600m,PyTorch_Transformer,0.7937,0.8889,0.6667,0.9183,0.7619,0.6054,0.8898,0.8958,OURS
Train3Val_ClinVarHQ,center,dna_prot,nt_v2_500m,esm2_650m,Hybrid_Gating_XGBoost,0.8023,0.8176,0.773,0.831,0.7947,0.6052,0.8742,0.862,OURS
Train3Val_ClinVarHQ,center,dna_prot,nt_v1_500m,esm1v_650m,PyTorch_Transformer,0.8009,0.8355,0.7443,0.8563,0.7872,0.6048,0.8711,0.8862,OURS
Train3Val_ClinVarHQ,center,dna_prot_spliceai,nt_v1_500m,esm1b_650m,Hybrid_Concat_XGBoost,0.8023,0.8119,0.7816,0.8225,0.7965,0.6048,0.8814,0.8922,OURS
Train3Val_ClinVarHQ,center,dna_prot_spliceai,nt_v2_500m,esm1v_650m,PyTorch_Gating,0.8023,0.8119,0.7816,0.8225,0.7965,0.6048,0.8681,0.8799,OURS
Train3Val_ClinVarHQ,center,dna_prot_spliceai,nt_v2_500m,esm2_650m,Hybrid_CrossAttn_XGBoost,0.8023,0.8119,0.7816,0.8225,0.7965,0.6048,0.8811,0.8765,OURS
Train3Val_ClinVarHQ,center,dna_prot_spliceai,nt_v1_500m,esm1b_650m,Hybrid_Gating_XGBoost,0.8023,0.8065,0.7902,0.8141,0.7983,0.6046,0.8801,0.8791,OURS
Train3Val_ClinVarHQ,center,dna_prot_spliceai,nt_v2_500m,esm1b_650m,Hybrid_Transformer_XGBoost,0.8023,0.7977,0.8046,0.8,0.8011,0.6046,0.8898,0.8947,OURS
Train3Val_ClinVarHQ,center,dna_prot,nt_v1_500m,esm1b_650m,PyTorch_Gating,0.8023,0.8047,0.7931,0.8113,0.7988,0.6045,0.8858,0.8947,OURS
Train3Val_ClinVarHQ,center,dna_prot,nt_v3_650m,esm1v_650m,Pure_XGBoost_Concat,0.8023,0.8012,0.7989,0.8056,0.8,0.6045,0.8889,0.8878,OURS
Train3Val_ClinVarHQ,center,dna_prot,nt_v3_650m,esm1v_650m,Hybrid_Concat_XGBoost,0.8023,0.8029,0.796,0.8085,0.7994,0.6045,0.8784,0.8791,OURS
Train3Val_ClinVarHQ,center,dna_geom_prot,nt_v1_500m,esmc_600m,PyTorch_CrossAttn,0.7952,0.875,0.6839,0.9042,0.7677,0.6037,0.8884,0.892,OURS
Train3Val_ClinVarHQ,center,geom,nt_v1_500m,esmc_600m,Pure_XGBoost_Concat,0.7994,0.8416,0.7328,0.8648,0.7834,0.6033,0.8737,0.8852,OURS
Train3Val_ClinVarHQ,mean,dna_prot_spliceai,nt_v2_500m,esm1b_650m,PyTorch_Transformer,0.7994,0.8416,0.7328,0.8648,0.7834,0.6033,0.887,0.8762,OURS
Train3Val_ClinVarHQ,mean,dna_prot,nt_v3_650m,esm1b_650m,PyTorch_Gating,0.8009,0.8152,0.773,0.8282,0.7935,0.6023,0.8955,0.8833,OURS
Train3Val_ClinVarHQ,center,dna_prot_spliceai,nt_v1_500m,esm1v_650m,Hybrid_Concat_XGBoost,0.8009,0.8133,0.7759,0.8254,0.7941,0.6021,0.8799,0.8893,OURS
Train3Val_ClinVarHQ,mean,dna_prot_spliceai,nt_v3_650m,esm1b_650m,PyTorch_Concat,0.8009,0.8133,0.7759,0.8254,0.7941,0.6021,0.8833,0.8749,OURS
Train3Val_ClinVarHQ,center,dna_prot,nt_v1_500m,esm1b_650m,PyTorch_Concat,0.8009,0.8114,0.7787,0.8225,0.7947,0.602,0.8782,0.8933,OURS
Train3Val_ClinVarHQ,center,dna_prot,nt_v2_500m,esm2_650m,Pure_XGBoost_Concat,0.8009,0.8114,0.7787,0.8225,0.7947,0.602,0.8826,0.876,OURS
Train3Val_ClinVarHQ,center,dna_prot_spliceai,nt_v1_500m,esm1v_650m,Pure_XGBoost_Concat,0.8009,0.8114,0.7787,0.8225,0.7947,0.602,0.8821,0.8858,OURS
Train3Val_ClinVarHQ,mean,dna_prot_spliceai,nt_v1_500m,esm1b_650m,PyTorch_CrossAttn,0.8009,0.8114,0.7787,0.8225,0.7947,0.602,0.8838,0.8769,OURS
Train3Val_ClinVarHQ,center,dna_prot,nt_v1_500m,esm2_650m,Hybrid_Transformer_XGBoost,0.8009,0.8095,0.7816,0.8197,0.7953,0.6019,0.8766,0.866,OURS
Train3Val_ClinVarHQ,center,dna_prot,nt_v2_500m,esm1b_650m,PyTorch_Gating,0.8009,0.8077,0.7845,0.8169,0.7959,0.6018,0.881,0.8922,OURS
Train3Val_ClinVarHQ,center,dna_prot,nt_v2_500m,esm2_650m,PyTorch_Concat,0.7994,0.8328,0.7443,0.8535,0.786,0.6018,0.8795,0.8759,OURS
Train3Val_ClinVarHQ,center,dna_prot,nt_v1_500m,esm1b_650m,Hybrid_Gating_XGBoost,0.8009,0.8023,0.7931,0.8085,0.7977,0.6017,0.882,0.8931,OURS
Train3Val_ClinVarHQ,mean,geom_prot,nt_v2_500m,esm1b_650m,Pure_XGBoost_Concat,0.8009,0.7989,0.7989,0.8028,0.7989,0.6017,0.8925,0.8961,OURS
Train3Val_ClinVarHQ,center,dna_prot_spliceai,nt_v1_500m,esm1b_650m,PyTorch_CrossAttn,0.8009,0.8059,0.7874,0.8141,0.7965,0.6017,0.8892,0.8982,OURS
Train3Val_ClinVarHQ,center,dna_prot_spliceai,nt_v1_500m,esm1b_650m,Hybrid_CrossAttn_XGBoost,0.8009,0.8023,0.7931,0.8085,0.7977,0.6017,0.8745,0.8745,OURS
Train3Val_ClinVarHQ,center,dna_prot_spliceai,nt_v3_650m,esm1v_650m,Pure_XGBoost_Concat,0.8009,0.8006,0.796,0.8056,0.7983,0.6017,0.8807,0.8834,OURS
Train3Val_ClinVarHQ,center,dna_prot_spliceai,nt_v3_650m,esm1v_650m,Hybrid_Concat_XGBoost,0.8009,0.8023,0.7931,0.8085,0.7977,0.6017,0.8825,0.8851,OURS
Train3Val_ClinVarHQ,mean,dna_prot_spliceai,nt_v2_500m,esm1b_650m,PyTorch_Gating,0.8009,0.8059,0.7874,0.8141,0.7965,0.6017,0.885,0.8761,OURS
Train3Val_ClinVarHQ,mean,prot_spliceai,,esm1b_650m,Pure_XGBoost_Concat,0.7994,0.7731,0.842,0.7577,0.8061,0.6015,0.8842,0.8787,OURS
Train3Val_ClinVarHQ,center,dna_prot_spliceai,nt_v1_500m,esm1v_650m,PyTorch_Transformer,0.7994,0.8307,0.7471,0.8507,0.7867,0.6014,0.8704,0.8849,OURS
Train3Val_ClinVarHQ,center,dna_prot_spliceai,nt_v1_500m,esm1b_650m,PyTorch_Transformer,0.7994,0.8204,0.7615,0.8366,0.7899,0.6001,0.8834,0.8942,OURS
Train3Val_ClinVarHQ,center,dna_prot,nt_v1_500m,esm2_650m,Hybrid_Gating_XGBoost,0.7994,0.8146,0.7701,0.8282,0.7917,0.5995,0.8696,0.8678,OURS
Train3Val_ClinVarHQ,mean,dna_prot,nt_v2_500m,esmc_600m,Hybrid_Concat_XGBoost,0.7994,0.8146,0.7701,0.8282,0.7917,0.5995,0.8628,0.8766,OURS
Train3Val_ClinVarHQ,center,dna_prot,nt_v2_500m,esm1v_650m,Hybrid_Concat_XGBoost,0.7994,0.8127,0.773,0.8254,0.7923,0.5993,0.867,0.8772,OURS
Train3Val_ClinVarHQ,mean,prot_spliceai,,esm1b_650m,PyTorch_Concat,0.7994,0.8127,0.773,0.8254,0.7923,0.5993,0.8838,0.8808,OURS
Train3Val_ClinVarHQ,center,dna_prot,nt_v2_500m,esm1v_650m,Hybrid_Transformer_XGBoost,0.7994,0.8053,0.7845,0.8141,0.7948,0.5989,0.8714,0.8784,OURS
Train3Val_ClinVarHQ,mean,dna_prot_spliceai,nt_v3_650m,esm2_650m,PyTorch_Gating,0.7994,0.7932,0.8046,0.7944,0.7989,0.5989,0.8774,0.8646,OURS
Train3Val_ClinVarHQ,center,dna_prot,nt_v1_500m,esm1b_650m,Hybrid_Transformer_XGBoost,0.7994,0.7983,0.796,0.8028,0.7971,0.5988,0.8866,0.8857,OURS
Train3Val_ClinVarHQ,center,dna_prot,nt_v1_500m,esm1v_650m,PyTorch_CrossAttn,0.7994,0.7966,0.7989,0.8,0.7977,0.5988,0.8681,0.8825,OURS
Train3Val_ClinVarHQ,mean,dna_prot_spliceai,nt_v2_500m,esm1b_650m,PyTorch_Concat,0.7994,0.8,0.7931,0.8056,0.7965,0.5988,0.8885,0.8756,OURS
Train3Val_ClinVarHQ,mean,dna_prot_spliceai,nt_v2_500m,esm2_650m,PyTorch_Transformer,0.798,0.8239,0.7529,0.8423,0.7868,0.5978,0.8599,0.8467,OURS
Train3Val_ClinVarHQ,center,dna_prot_spliceai,nt_v1_500m,esm1v_650m,PyTorch_Gating,0.798,0.8179,0.7615,0.8338,0.7887,0.5971,0.8676,0.8804,OURS
Train3Val_ClinVarHQ,center,dna_prot,nt_v1_500m,esm1v_650m,Hybrid_Transformer_XGBoost,0.798,0.8121,0.7701,0.8254,0.7906,0.5966,0.8676,0.8737,OURS
Train3Val_ClinVarHQ,mean,dna_prot,nt_v2_500m,esm1b_650m,PyTorch_CrossAttn,0.798,0.8102,0.773,0.8225,0.7912,0.5964,0.8799,0.8677,OURS
Train3Val_ClinVarHQ,mean,dna_prot,nt_v3_650m,esm1b_650m,Hybrid_Concat_XGBoost,0.798,0.8084,0.7759,0.8197,0.7918,0.5963,0.8863,0.878,OURS
Train3Val_ClinVarHQ,center,dna_prot,nt_v1_500m,esm1v_650m,Hybrid_Gating_XGBoost,0.798,0.8084,0.7759,0.8197,0.7918,0.5963,0.8766,0.8839,OURS
Train3Val_ClinVarHQ,cls,dna_geom_prot,nt_v2_500m,esm1b_650m,PyTorch_CrossAttn,0.7909,0.8736,0.6753,0.9042,0.7618,0.5961,0.8595,0.8669,OURS
Train3Val_ClinVarHQ,mean,prot,,esm1b_650m,Hybrid_Concat_XGBoost,0.798,0.7926,0.8017,0.7944,0.7971,0.5961,0.882,0.88,OURS
Train3Val_ClinVarHQ,mean,prot,,esm1b_650m,Hybrid_Concat_XGBoost,0.798,0.7926,0.8017,0.7944,0.7971,0.5961,0.882,0.88,OURS
Train3Val_ClinVarHQ,mean,prot,,esm1b_650m,Hybrid_Concat_XGBoost,0.798,0.7926,0.8017,0.7944,0.7971,0.5961,0.882,0.88,OURS
Train3Val_ClinVarHQ,mean,prot,,esm1b_650m,Hybrid_Concat_XGBoost,0.798,0.7926,0.8017,0.7944,0.7971,0.5961,0.882,0.88,OURS
Train3Val_ClinVarHQ,mean,prot,,esm1b_650m,Hybrid_Concat_XGBoost,0.798,0.7926,0.8017,0.7944,0.7971,0.5961,0.882,0.88,OURS
Train3Val_ClinVarHQ,center,prot_spliceai,,esm1v_650m,Hybrid_Concat_XGBoost,0.798,0.8047,0.7816,0.8141,0.793,0.5961,0.8799,0.8865,OURS
Train3Val_ClinVarHQ,cls,dna_prot_spliceai,nt_v2_500m,esm1b_650m,Pure_XGBoost_Concat,0.798,0.7926,0.8017,0.7944,0.7971,0.5961,0.8648,0.8565,OURS
Train3Val_ClinVarHQ,mean,dna_prot,nt_v1_500m,esm1b_650m,PyTorch_CrossAttn,0.798,0.8029,0.7845,0.8113,0.7936,0.596,0.8785,0.8767,OURS
Train3Val_ClinVarHQ,mean,dna_prot,nt_v1_500m,esm1b_650m,Hybrid_Concat_XGBoost,0.798,0.7943,0.7989,0.7972,0.7966,0.596,0.8849,0.8816,OURS
Train3Val_ClinVarHQ,mean,dna_prot,nt_v2_500m,esm1b_650m,Hybrid_Transformer_XGBoost,0.798,0.8029,0.7845,0.8113,0.7936,0.596,0.8807,0.8782,OURS
Train3Val_ClinVarHQ,mean,dna_prot,nt_v2_500m,esm1b_650m,Hybrid_Gating_XGBoost,0.798,0.7977,0.7931,0.8028,0.7954,0.596,0.8785,0.8772,OURS
Train3Val_ClinVarHQ,center,dna_prot,nt_v1_500m,esm1v_650m,Hybrid_Concat_XGBoost,0.798,0.8029,0.7845,0.8113,0.7936,0.596,0.8747,0.8829,OURS
Train3Val_ClinVarHQ,center,dna_prot,nt_v2_500m,esm1v_650m,Hybrid_Gating_XGBoost,0.798,0.8012,0.7874,0.8085,0.7942,0.596,0.8674,0.8803,OURS
Train3Val_ClinVarHQ,center,bio_geom,nt_v1_500m,esmc_600m,Hybrid_Concat_XGBoost,0.7681,0.9793,0.5431,0.9887,0.6987,0.5958,0.959,0.9576,OURS
Train3Val_ClinVarHQ,center,dna_prot_spliceai,nt_v1_500m,esm2_650m,Hybrid_Gating_XGBoost,0.7966,0.8173,0.7586,0.8338,0.7869,0.5944,0.8677,0.8672,OURS
Train3Val_ClinVarHQ,mean,dna_prot_spliceai,nt_v3_650m,esm1v_650m,PyTorch_Gating,0.7966,0.8173,0.7586,0.8338,0.7869,0.5944,0.8644,0.8671,OURS
Train3Val_ClinVarHQ,mean,dna_prot_spliceai,nt_v2_500m,esm1b_650m,Pure_XGBoost_Concat,0.7966,0.7778,0.8247,0.769,0.8006,0.5944,0.8809,0.877,OURS
Train3Val_ClinVarHQ,center,dna_prot_spliceai,nt_v1_500m,esm2_650m,Hybrid_Transformer_XGBoost,0.7966,0.8097,0.7701,0.8225,0.7894,0.5936,0.8801,0.8688,OURS
Train3Val_ClinVarHQ,mean,prot_spliceai,,esmc_600m,Pure_XGBoost_Concat,0.7966,0.8078,0.773,0.8197,0.79,0.5935,0.8842,0.881,OURS
Train3Val_ClinVarHQ,mean,dna_geom_prot,nt_v2_500m,esm1b_650m,Pure_XGBoost_Concat,0.7966,0.7871,0.8075,0.7859,0.7972,0.5934,0.8877,0.8921,OURS
Train3Val_ClinVarHQ,mean,dna_prot,nt_v2_500m,esm1b_650m,PyTorch_Concat,0.7966,0.8042,0.7787,0.8141,0.7912,0.5933,0.8877,0.8794,OURS
Train3Val_ClinVarHQ,center,dna_prot_spliceai,nt_v3_650m,esm1v_650m,Hybrid_Gating_XGBoost,0.7966,0.8042,0.7787,0.8141,0.7912,0.5933,0.8705,0.8726,OURS
Train3Val_ClinVarHQ,center,dna_prot_spliceai,nt_v3_650m,esm1v_650m,PyTorch_Concat,0.7966,0.8006,0.7845,0.8085,0.7925,0.5932,0.8893,0.8956,OURS
Train3Val_ClinVarHQ,center,dna_prot_spliceai,nt_v2_500m,esm1v_650m,Hybrid_CrossAttn_XGBoost,0.7966,0.792,0.7989,0.7944,0.7954,0.5932,0.8762,0.8856,OURS
Train3Val_ClinVarHQ,center,dna_prot_spliceai,nt_v1_500m,esm2_650m,PyTorch_Concat,0.7952,0.8269,0.7414,0.8479,0.7818,0.593,0.8806,0.8806,OURS
Train3Val_ClinVarHQ,mean,dna_prot_spliceai,nt_v3_650m,esm1b_650m,Pure_XGBoost_Concat,0.7952,0.7742,0.8276,0.7634,0.8,0.5919,0.8801,0.879,OURS
Train3Val_ClinVarHQ,mean,dna_prot_spliceai,nt_v1_500m,esm1b_650m,Pure_XGBoost_Concat,0.7952,0.7772,0.8218,0.769,0.7989,0.5915,0.8798,0.8785,OURS
Train3Val_ClinVarHQ,mean,dna_prot,nt_v2_500m,esm2_650m,PyTorch_Gating,0.7952,0.8148,0.7586,0.831,0.7857,0.5914,0.8704,0.8577,OURS
Train3Val_ClinVarHQ,center,dna_prot_spliceai,nt_v1_500m,esm1v_650m,PyTorch_CrossAttn,0.7952,0.8148,0.7586,0.831,0.7857,0.5914,0.8794,0.8881,OURS
Train3Val_ClinVarHQ,mean,dna_geom_prot,nt_v2_500m,esm1b_650m,PyTorch_Transformer,0.7952,0.8129,0.7615,0.8282,0.7864,0.5912,0.8767,0.858,OURS
Train3Val_ClinVarHQ,center,dna_prot_spliceai,nt_v1_500m,esmc_600m,PyTorch_Concat,0.7923,0.8435,0.7126,0.8704,0.7726,0.591,0.8734,0.8889,OURS
Train3Val_ClinVarHQ,mean,dna_prot,nt_v1_500m,esm1b_650m,Pure_XGBoost_Concat,0.7952,0.7818,0.8132,0.7775,0.7972,0.5909,0.8862,0.8859,OURS
Train3Val_ClinVarHQ,center,dna_prot_spliceai,nt_v3_650m,esm2_650m,Hybrid_Gating_XGBoost,0.7952,0.8072,0.7701,0.8197,0.7882,0.5907,0.8804,0.8734,OURS
Train3Val_ClinVarHQ,mean,dna_prot,nt_v2_500m,esm1v_650m,Hybrid_Transformer_XGBoost,0.7952,0.8072,0.7701,0.8197,0.7882,0.5907,0.8693,0.867,OURS
Train3Val_ClinVarHQ,center,dna_prot,nt_v1_500m,esm1v_650m,Pure_XGBoost_Concat,0.7952,0.8018,0.7787,0.8113,0.7901,0.5904,0.8771,0.8802,OURS
Train3Val_ClinVarHQ,center,dna_prot_spliceai,nt_v2_500m,esm1b_650m,Hybrid_Concat_XGBoost,0.7952,0.7898,0.7989,0.7915,0.7943,0.5904,0.8815,0.8868,OURS
Train3Val_ClinVarHQ,mean,prot_spliceai,,esm1b_650m,Hybrid_Concat_XGBoost,0.7952,0.8018,0.7787,0.8113,0.7901,0.5904,0.8739,0.8704,OURS
Train3Val_ClinVarHQ,center,dna_prot,nt_v2_500m,esm1b_650m,Hybrid_Gating_XGBoost,0.7952,0.7931,0.7931,0.7972,0.7931,0.5903,0.8795,0.8845,OURS
Train3Val_ClinVarHQ,mean,dna_prot,nt_v3_650m,esm1b_650m,Hybrid_CrossAttn_XGBoost,0.7952,0.7982,0.7845,0.8056,0.7913,0.5903,0.8713,0.8662,OURS
Train3Val_ClinVarHQ,center,dna_prot,nt_v1_500m,esm1v_650m,PyTorch_Concat,0.7952,0.8,0.7816,0.8085,0.7907,0.5903,0.8735,0.8866,OURS
Train3Val_ClinVarHQ,center,dna_prot_spliceai,nt_v3_650m,esm1b_650m,Hybrid_Concat_XGBoost,0.7952,0.7914,0.796,0.7944,0.7937,0.5903,0.8864,0.8891,OURS
Train3Val_ClinVarHQ,center,dna_prot_spliceai,nt_v2_500m,esm1v_650m,Pure_XGBoost_Concat,0.7952,0.7965,0.7874,0.8028,0.7919,0.5903,0.8791,0.8781,OURS
Train3Val_ClinVarHQ,center,dna_prot_spliceai,nt_v2_500m,esm1v_650m,Hybrid_Transformer_XGBoost,0.7952,0.8,0.7816,0.8085,0.7907,0.5903,0.8754,0.8773,OURS
Train3Val_ClinVarHQ,mean,dna_prot_spliceai,nt_v2_500m,esm2_650m,PyTorch_CrossAttn,0.7937,0.8264,0.7385,0.8479,0.78,0.5903,0.8734,0.8576,OURS
Train3Val_ClinVarHQ,cls,dna_prot,nt_v2_500m,esm1b_650m,PyTorch_Transformer,0.7937,0.8243,0.7414,0.8451,0.7806,0.59,0.871,0.8682,OURS
Train3Val_ClinVarHQ,mean,dna_prot,nt_v2_500m,esm1b_650m,PyTorch_Gating,0.7937,0.8123,0.7586,0.8282,0.7845,0.5884,0.8872,0.8835,OURS
Train3Val_ClinVarHQ,mean,dna_prot_spliceai,nt_v2_500m,esm2_650m,PyTorch_Concat,0.7937,0.8104,0.7615,0.8254,0.7852,0.5882,0.878,0.8611,OURS
Train3Val_ClinVarHQ,center,dna_prot,nt_v2_500m,esm1v_650m,Hybrid_CrossAttn_XGBoost,0.7937,0.8012,0.7759,0.8113,0.7883,0.5876,0.8814,0.8845,OURS
Train3Val_ClinVarHQ,mean,dna_prot,nt_v1_500m,esm1b_650m,Hybrid_Transformer_XGBoost,0.7937,0.7977,0.7816,0.8056,0.7896,0.5875,0.8782,0.872,OURS
Train3Val_ClinVarHQ,center,dna_prot,nt_v2_500m,esm1v_650m,PyTorch_Gating,0.7937,0.7908,0.7931,0.7944,0.792,0.5875,0.8767,0.8839,OURS
Train3Val_ClinVarHQ,mean,dna_prot_spliceai,nt_v3_650m,esm1b_650m,PyTorch_CrossAttn,0.7937,0.7908,0.7931,0.7944,0.792,0.5875,0.8761,0.8743,OURS
Train3Val_ClinVarHQ,mean,dna_prot_spliceai,nt_v2_500m,esm1b_650m,Hybrid_Concat_XGBoost,0.7937,0.7908,0.7931,0.7944,0.792,0.5875,0.8717,0.8641,OURS
Train3Val_ClinVarHQ,center,dna_prot,nt_v3_650m,esm1b_650m,Hybrid_Gating_XGBoost,0.7937,0.7925,0.7902,0.7972,0.7914,0.5874,0.8853,0.8865,OURS
Train3Val_ClinVarHQ,mean,dna_prot,nt_v2_500m,esm2_650m,PyTorch_Transformer,0.7923,0.8237,0.7385,0.8451,0.7788,0.5873,0.8785,0.8652,OURS
Train3Val_ClinVarHQ,center,dna_prot_spliceai,nt_v3_650m,esm1v_650m,PyTorch_Transformer,0.7895,0.8472,0.7011,0.8761,0.7673,0.5868,0.8801,0.8846,OURS
Train3Val_ClinVarHQ,mean,dna_prot,nt_v3_650m,esmc_600m,PyTorch_Concat,0.7881,0.8566,0.6868,0.8873,0.7624,0.5867,0.8475,0.8642,OURS
Train3Val_ClinVarHQ,mean,geom_prot,nt_v2_500m,esm1b_650m,PyTorch_Concat,0.7923,0.8117,0.7557,0.8282,0.7827,0.5857,0.8764,0.8806,OURS
Train3Val_ClinVarHQ,cls,dna_prot,nt_v3_650m,esm1b_650m,PyTorch_Gating,0.7895,0.8401,0.7098,0.8676,0.7695,0.5852,0.8702,0.8645,OURS
Train3Val_ClinVarHQ,mean,dna_prot,nt_v3_650m,esm2_650m,PyTorch_Gating,0.7923,0.8061,0.7644,0.8197,0.7847,0.5852,0.8619,0.8539,OURS
Train3Val_ClinVarHQ,mean,dna_prot,nt_v3_650m,esm1b_650m,PyTorch_CrossAttn,0.7923,0.7988,0.7759,0.8085,0.7872,0.5847,0.8802,0.8535,OURS
Train3Val_ClinVarHQ,center,dna_prot_spliceai,nt_v1_500m,esm1b_650m,PyTorch_Gating,0.7923,0.7971,0.7787,0.8056,0.7878,0.5847,0.88,0.8863,OURS
Train3Val_ClinVarHQ,center,dna_prot_spliceai,nt_v3_650m,esm1v_650m,PyTorch_Gating,0.7923,0.7971,0.7787,0.8056,0.7878,0.5847,0.8847,0.8901,OURS
Train3Val_ClinVarHQ,mean,dna_prot,nt_v1_500m,esm2_650m,PyTorch_CrossAttn,0.7923,0.7902,0.7902,0.7944,0.7902,0.5846,0.8598,0.85,OURS
Train3Val_ClinVarHQ,center,dna_prot_spliceai,nt_v2_500m,esm1v_650m,Hybrid_Concat_XGBoost,0.7923,0.7936,0.7845,0.8,0.789,0.5846,0.8668,0.8687,OURS
Train3Val_ClinVarHQ,mean,dna_prot_spliceai,nt_v1_500m,esm1b_650m,Hybrid_Gating_XGBoost,0.7923,0.7886,0.7931,0.7915,0.7908,0.5846,0.8746,0.8624,OURS
Train3Val_ClinVarHQ,mean,dna_prot_spliceai,nt_v3_650m,esm1b_650m,Hybrid_Concat_XGBoost,0.7923,0.7886,0.7931,0.7915,0.7908,0.5846,0.8749,0.8679,OURS
Train3Val_ClinVarHQ,cls,dna_prot,nt_v2_500m,esm1b_650m,Pure_XGBoost_Concat,0.7909,0.768,0.8276,0.7549,0.7967,0.5838,0.8699,0.8589,OURS
Train3Val_ClinVarHQ,cls,dna_geom,nt_v2_500m,esm1b_650m,Pure_XGBoost_Concat,0.7909,0.8131,0.75,0.831,0.7803,0.5832,0.8788,0.8861,OURS
Train3Val_ClinVarHQ,mean,dna_prot_spliceai,nt_v3_650m,esmc_600m,Pure_XGBoost_Concat,0.7909,0.8131,0.75,0.831,0.7803,0.5832,0.8732,0.878,OURS
Train3Val_ClinVarHQ,center,dna_prot_spliceai,nt_v1_500m,esmc_600m,PyTorch_Gating,0.7881,0.8419,0.704,0.8704,0.7668,0.5831,0.8701,0.8879,OURS
Train3Val_ClinVarHQ,mean,dna_prot_spliceai,nt_v3_650m,esm1b_650m,PyTorch_Transformer,0.7881,0.8419,0.704,0.8704,0.7668,0.5831,0.8907,0.8728,OURS
Train3Val_ClinVarHQ,center,dna_prot,nt_v2_500m,esm1v_650m,PyTorch_Concat,0.7909,0.8073,0.7586,0.8225,0.7822,0.5825,0.8765,0.8835,OURS
Train3Val_ClinVarHQ,mean,dna_prot_spliceai,nt_v1_500m,esm2_650m,PyTorch_Gating,0.7909,0.8073,0.7586,0.8225,0.7822,0.5825,0.8564,0.8473,OURS
Train3Val_ClinVarHQ,mean,dna_prot,nt_v3_650m,esm2_650m,PyTorch_Transformer,0.7895,0.8247,0.7299,0.8479,0.7744,0.5822,0.8816,0.8638,OURS
Train3Val_ClinVarHQ,mean,dna_prot_spliceai,nt_v3_650m,esm2_650m,PyTorch_CrossAttn,0.7909,0.8,0.7701,0.8113,0.7848,0.582,0.8667,0.8609,OURS
Train3Val_ClinVarHQ,cls,dna_prot_spliceai,nt_v3_650m,esm1b_650m,PyTorch_Gating,0.7895,0.8226,0.7328,0.8451,0.7751,0.5819,0.8831,0.874,OURS
Train3Val_ClinVarHQ,mean,dna_prot,nt_v2_500m,esm1b_650m,Hybrid_Concat_XGBoost,0.7909,0.7863,0.7931,0.7887,0.7897,0.5818,0.8755,0.8672,OURS
Train3Val_ClinVarHQ,mean,dna_prot,nt_v3_650m,esm1b_650m,Hybrid_Transformer_XGBoost,0.7909,0.7896,0.7874,0.7944,0.7885,0.5817,0.8827,0.8743,OURS
Train3Val_ClinVarHQ,center,dna_prot,nt_v1_500m,esmc_600m,PyTorch_Gating,0.7866,0.8462,0.6954,0.8761,0.7634,0.5816,0.8678,0.8852,OURS
Train3Val_ClinVarHQ,center,dna_geom,nt_v1_500m,esmc_600m,Pure_XGBoost_Concat,0.7881,0.8284,0.7213,0.8535,0.7711,0.5803,0.8638,0.8791,OURS
Train3Val_ClinVarHQ,mean,dna_geom,nt_v2_500m,esm1b_650m,Pure_XGBoost_Concat,0.7895,0.8106,0.75,0.8282,0.7791,0.5802,0.8718,0.8799,OURS
Train3Val_ClinVarHQ,center,dna_prot_spliceai,nt_v1_500m,esm1v_650m,PyTorch_Concat,0.7895,0.8106,0.75,0.8282,0.7791,0.5802,0.8692,0.8827,OURS
Train3Val_ClinVarHQ,mean,dna_prot_spliceai,nt_v2_500m,esmc_600m,PyTorch_Concat,0.7852,0.8505,0.6868,0.8817,0.7599,0.5802,0.8478,0.8645,OURS
Train3Val_ClinVarHQ,mean,dna_prot,nt_v1_500m,esm2_650m,PyTorch_Concat,0.7895,0.8067,0.7557,0.8225,0.7804,0.5798,0.8569,0.8466,OURS
Train3Val_ClinVarHQ,cls,prot_spliceai,,esm1b_650m,PyTorch_Concat,0.7881,0.8241,0.727,0.8479,0.7725,0.5795,0.8758,0.8749,OURS
Train3Val_ClinVarHQ,cls,dna_prot_spliceai,nt_v1_500m,esm1b_650m,Hybrid_Gating_XGBoost,0.7895,0.7994,0.7672,0.8113,0.783,0.5792,0.8634,0.8597,OURS
Train3Val_ClinVarHQ,cls,dna_prot_spliceai,nt_v3_650m,esm1b_650m,Pure_XGBoost_Concat,0.7895,0.7809,0.7989,0.7803,0.7898,0.5792,0.8673,0.8527,OURS
Train3Val_ClinVarHQ,cls,dna_prot,nt_v2_500m,esm1b_650m,Hybrid_CrossAttn_XGBoost,0.7895,0.7976,0.7701,0.8085,0.7836,0.5791,0.8624,0.8537,OURS
Train3Val_ClinVarHQ,center,dna_prot,nt_v2_500m,esm1v_650m,PyTorch_CrossAttn,0.7852,0.8456,0.6925,0.8761,0.7615,0.579,0.8784,0.885,OURS
Train3Val_ClinVarHQ,mean,dna_prot,nt_v1_500m,esm1b_650m,Hybrid_CrossAttn_XGBoost,0.7895,0.7924,0.7787,0.8,0.7855,0.5789,0.8732,0.8651,OURS
Train3Val_ClinVarHQ,center,dna_prot_spliceai,nt_v2_500m,esm1v_650m,PyTorch_Concat,0.7895,0.7924,0.7787,0.8,0.7855,0.5789,0.8784,0.8872,OURS
Train3Val_ClinVarHQ,mean,dna_geom_prot,nt_v2_500m,esm1b_650m,PyTorch_Gating,0.7852,0.8432,0.6954,0.8732,0.7622,0.5784,0.8809,0.873,OURS
Train3Val_ClinVarHQ,mean,dna_prot,nt_v3_650m,esmc_600m,Hybrid_Concat_XGBoost,0.7881,0.81,0.7471,0.8282,0.7773,0.5774,0.8621,0.8707,OURS
Train3Val_ClinVarHQ,cls,dna_prot,nt_v3_650m,esm1b_650m,PyTorch_Transformer,0.7852,0.8385,0.7011,0.8676,0.7637,0.5773,0.8734,0.8687,OURS
Train3Val_ClinVarHQ,cls,dna_prot_spliceai,nt_v3_650m,esm1b_650m,PyTorch_CrossAttn,0.7838,0.8475,0.6868,0.8789,0.7587,0.577,0.8648,0.857,OURS
Train3Val_ClinVarHQ,cls,prot,,esm1b_650m,Pure_XGBoost_Concat,0.7881,0.7772,0.8017,0.7746,0.7893,0.5765,0.8706,0.8619,OURS
Train3Val_ClinVarHQ,cls,prot,,esm1b_650m,Hybrid_Concat_XGBoost,0.7881,0.8006,0.7615,0.8141,0.7806,0.5765,0.8722,0.8589,OURS
Train3Val_ClinVarHQ,cls,prot,,esm1b_650m,Pure_XGBoost_Concat,0.7881,0.7772,0.8017,0.7746,0.7893,0.5765,0.8706,0.8619,OURS
Train3Val_ClinVarHQ,cls,prot,,esm1b_650m,Hybrid_Concat_XGBoost,0.7881,0.8006,0.7615,0.8141,0.7806,0.5765,0.8722,0.8589,OURS
Train3Val_ClinVarHQ,cls,prot,,esm1b_650m,Pure_XGBoost_Concat,0.7881,0.7772,0.8017,0.7746,0.7893,0.5765,0.8706,0.8619,OURS
Train3Val_ClinVarHQ,cls,prot,,esm1b_650m,Hybrid_Concat_XGBoost,0.7881,0.8006,0.7615,0.8141,0.7806,0.5765,0.8722,0.8589,OURS
Train3Val_ClinVarHQ,cls,prot,,esm1b_650m,Pure_XGBoost_Concat,0.7881,0.7772,0.8017,0.7746,0.7893,0.5765,0.8706,0.8619,OURS
Train3Val_ClinVarHQ,cls,prot,,esm1b_650m,Hybrid_Concat_XGBoost,0.7881,0.8006,0.7615,0.8141,0.7806,0.5765,0.8722,0.8589,OURS
Train3Val_ClinVarHQ,cls,prot,,esm1b_650m,Pure_XGBoost_Concat,0.7881,0.7772,0.8017,0.7746,0.7893,0.5765,0.8706,0.8619,OURS
Train3Val_ClinVarHQ,cls,prot,,esm1b_650m,Hybrid_Concat_XGBoost,0.7881,0.8006,0.7615,0.8141,0.7806,0.5765,0.8722,0.8589,OURS
Train3Val_ClinVarHQ,center,dna_prot_spliceai,nt_v3_650m,esm1v_650m,Hybrid_CrossAttn_XGBoost,0.7881,0.7953,0.7701,0.8056,0.7825,0.5762,0.8796,0.886,OURS
Train3Val_ClinVarHQ,mean,dna_prot_spliceai,nt_v3_650m,esm1b_650m,PyTorch_Gating,0.7881,0.7953,0.7701,0.8056,0.7825,0.5762,0.8789,0.8705,OURS
Train3Val_ClinVarHQ,mean,dna_prot,nt_v3_650m,esm1v_650m,Hybrid_Gating_XGBoost,0.7881,0.7935,0.773,0.8028,0.7831,0.5761,0.8636,0.8598,OURS
Train3Val_ClinVarHQ,mean,dna_prot_spliceai,nt_v1_500m,esm1b_650m,Hybrid_Concat_XGBoost,0.7881,0.7918,0.7759,0.8,0.7837,0.5761,0.8715,0.8673,OURS
Train3Val_ClinVarHQ,mean,dna_prot_spliceai,nt_v1_500m,esm1b_650m,Hybrid_CrossAttn_XGBoost,0.7881,0.7851,0.7874,0.7887,0.7862,0.5761,0.8674,0.866,OURS
Train3Val_ClinVarHQ,mean,dna_prot_spliceai,nt_v1_500m,esm1b_650m,Hybrid_Transformer_XGBoost,0.7881,0.7835,0.7902,0.7859,0.7868,0.5761,0.8671,0.8665,OURS
Train3Val_ClinVarHQ,mean,dna_prot_spliceai,nt_v3_650m,esm2_650m,Pure_XGBoost_Concat,0.7881,0.7884,0.7816,0.7944,0.785,0.576,0.8601,0.8494,OURS
Train3Val_ClinVarHQ,mean,dna_prot_spliceai,nt_v2_500m,esm2_650m,PyTorch_Gating,0.7866,0.8173,0.7328,0.8394,0.7727,0.5758,0.8706,0.8553,OURS
Train3Val_ClinVarHQ,mean,dna_prot,nt_v3_650m,esm1b_650m,PyTorch_Transformer,0.7824,0.852,0.6782,0.8845,0.7552,0.5757,0.8901,0.8792,OURS
Train3Val_ClinVarHQ,cls,prot,,esm1b_650m,PyTorch_Concat,0.7866,0.8133,0.7385,0.8338,0.7741,0.5752,0.8764,0.8699,OURS
Train3Val_ClinVarHQ,cls,prot,,esm1b_650m,PyTorch_Concat,0.7866,0.8133,0.7385,0.8338,0.7741,0.5752,0.8764,0.8699,OURS
Train3Val_ClinVarHQ,cls,prot,,esm1b_650m,PyTorch_Concat,0.7866,0.8133,0.7385,0.8338,0.7741,0.5752,0.8764,0.8699,OURS
Train3Val_ClinVarHQ,cls,prot,,esm1b_650m,PyTorch_Concat,0.7866,0.8133,0.7385,0.8338,0.7741,0.5752,0.8764,0.8699,OURS
Train3Val_ClinVarHQ,cls,prot,,esm1b_650m,PyTorch_Concat,0.7866,0.8133,0.7385,0.8338,0.7741,0.5752,0.8764,0.8699,OURS
Train3Val_ClinVarHQ,mean,dna_prot,nt_v2_500m,esm2_650m,PyTorch_Concat,0.7866,0.8113,0.7414,0.831,0.7748,0.575,0.8571,0.8475,OURS
Train3Val_ClinVarHQ,mean,dna_prot,nt_v2_500m,esmc_600m,PyTorch_Concat,0.7838,0.8379,0.6983,0.8676,0.7618,0.5747,0.8587,0.8655,OURS
Train3Val_ClinVarHQ,mean,dna_prot_spliceai,nt_v1_500m,esm1v_650m,PyTorch_CrossAttn,0.7866,0.8075,0.7471,0.8254,0.7761,0.5745,0.8719,0.8725,OURS
Train3Val_ClinVarHQ,mean,dna_prot_spliceai,nt_v2_500m,esmc_600m,PyTorch_Gating,0.7809,0.8566,0.6695,0.8901,0.7516,0.5745,0.8507,0.8668,OURS
Train3Val_ClinVarHQ,mean,dna_prot,nt_v1_500m,esm2_650m,PyTorch_Gating,0.7866,0.8037,0.7529,0.8197,0.7774,0.5741,0.8527,0.8424,OURS
Train3Val_ClinVarHQ,mean,prot_spliceai,,esm2_650m,PyTorch_Concat,0.7866,0.8037,0.7529,0.8197,0.7774,0.5741,0.8725,0.8619,OURS
Train3Val_ClinVarHQ,mean,dna_prot_spliceai,nt_v3_650m,esm2_650m,PyTorch_Concat,0.7866,0.772,0.8075,0.7662,0.7893,0.574,0.873,0.8655,OURS
Train3Val_ClinVarHQ,mean,dna_geom_prot,nt_v2_500m,esm1b_650m,PyTorch_Concat,0.7809,0.7332,0.8764,0.6873,0.7984,0.5735,0.8684,0.857,OURS
Train3Val_ClinVarHQ,cls,dna_prot_spliceai,nt_v3_650m,esm1b_650m,Hybrid_Concat_XGBoost,0.7866,0.7912,0.773,0.8,0.782,0.5733,0.8769,0.8719,OURS
Train3Val_ClinVarHQ,cls,dna_prot_spliceai,nt_v1_500m,esm1b_650m,PyTorch_Concat,0.7824,0.8421,0.6897,0.8732,0.7583,0.5732,0.8593,0.8608,OURS
Train3Val_ClinVarHQ,center,dna_prot,nt_v1_500m,esmc_600m,PyTorch_Transformer,0.7781,0.8664,0.6523,0.9014,0.7443,0.5726,0.8807,0.8914,OURS
Train3Val_ClinVarHQ,center,dna_prot,nt_v3_650m,esm2_650m,PyTorch_CrossAttn,0.7809,0.8489,0.6782,0.8817,0.754,0.5725,0.871,0.8681,OURS
Train3Val_ClinVarHQ,mean,dna_prot_spliceai,nt_v1_500m,esm2_650m,PyTorch_Concat,0.7838,0.8267,0.7126,0.8535,0.7654,0.5723,0.8457,0.8334,OURS
Train3Val_ClinVarHQ,mean,dna_prot_spliceai,nt_v1_500m,esm1b_650m,PyTorch_Transformer,0.7852,0.8107,0.7385,0.831,0.7729,0.5722,0.8805,0.8692,OURS
Train3Val_ClinVarHQ,cls,dna_prot_spliceai,nt_v3_650m,esm1b_650m,Hybrid_CrossAttn_XGBoost,0.7852,0.8088,0.7414,0.8282,0.7736,0.572,0.8653,0.8663,OURS
Train3Val_ClinVarHQ,mean,dna_prot,nt_v2_500m,esm1v_650m,PyTorch_Transformer,0.7852,0.805,0.7471,0.8225,0.775,0.5715,0.8642,0.8657,OURS
Train3Val_ClinVarHQ,cls,dna_prot_spliceai,nt_v1_500m,esm1b_650m,Hybrid_Concat_XGBoost,0.7852,0.8031,0.75,0.8197,0.7756,0.5713,0.8707,0.8671,OURS
Train3Val_ClinVarHQ,cls,dna_prot_spliceai,nt_v1_500m,esm1b_650m,Pure_XGBoost_Concat,0.7852,0.7699,0.8075,0.7634,0.7882,0.5712,0.864,0.8526,OURS
Train3Val_ClinVarHQ,mean,dna_prot_spliceai,nt_v1_500m,esm1b_650m,PyTorch_Gating,0.7838,0.8203,0.7213,0.8451,0.7676,0.5711,0.8672,0.8682,OURS
Train3Val_ClinVarHQ,cls,dna_prot,nt_v1_500m,esm1b_650m,Hybrid_Transformer_XGBoost,0.7852,0.7958,0.7615,0.8085,0.7783,0.5707,0.8618,0.8531,OURS
Train3Val_ClinVarHQ,cls,prot_spliceai,,esm1b_650m,Pure_XGBoost_Concat,0.7852,0.7759,0.796,0.7746,0.7858,0.5707,0.8769,0.8614,OURS
Train3Val_ClinVarHQ,mean,dna_prot,nt_v3_650m,esm2_650m,Pure_XGBoost_Concat,0.7852,0.779,0.7902,0.7803,0.7846,0.5705,0.854,0.836,OURS
Train3Val_ClinVarHQ,center,dna_prot_spliceai,nt_v2_500m,esm1v_650m,Hybrid_Gating_XGBoost,0.7852,0.7855,0.7787,0.7915,0.7821,0.5704,0.8708,0.8746,OURS
Train3Val_ClinVarHQ,center,dna_prot,nt_v3_650m,esmc_600m,PyTorch_Gating,0.7781,0.8529,0.6667,0.8873,0.7484,0.5687,0.8762,0.8849,OURS
Train3Val_ClinVarHQ,mean,dna_prot,nt_v3_650m,esmc_600m,PyTorch_CrossAttn,0.7752,0.8682,0.6437,0.9042,0.7393,0.5684,0.8516,0.8671,OURS
Train3Val_ClinVarHQ,mean,dna_prot,nt_v3_650m,esm1v_650m,PyTorch_CrossAttn,0.7824,0.8197,0.7184,0.8451,0.7657,0.5684,0.8718,0.8709,OURS
Train3Val_ClinVarHQ,mean,dna_prot,nt_v1_500m,esm1b_650m,PyTorch_Concat,0.7838,0.797,0.7557,0.8113,0.7758,0.5681,0.8766,0.8781,OURS
Train3Val_ClinVarHQ,mean,dna_prot_spliceai,nt_v2_500m,esm1v_650m,Hybrid_Transformer_XGBoost,0.7838,0.7952,0.7586,0.8085,0.7765,0.5679,0.8617,0.8644,OURS
Train3Val_ClinVarHQ,mean,prot_spliceai,,esm2_650m,Pure_XGBoost_Concat,0.7838,0.7753,0.7931,0.7746,0.7841,0.5678,0.8546,0.8415,OURS
Train3Val_ClinVarHQ,mean,dna_prot_spliceai,nt_v2_500m,esmc_600m,PyTorch_CrossAttn,0.7767,0.8577,0.658,0.893,0.7447,0.5676,0.8335,0.8583,OURS
Train3Val_ClinVarHQ,mean,dna_prot,nt_v1_500m,esm1b_650m,Hybrid_Gating_XGBoost,0.7838,0.7849,0.7759,0.7915,0.7803,0.5675,0.8719,0.8759,OURS
Train3Val_ClinVarHQ,mean,dna_prot_spliceai,nt_v3_650m,esm2_650m,PyTorch_Transformer,0.7824,0.8135,0.727,0.8366,0.7678,0.5674,0.8594,0.8544,OURS
Train3Val_ClinVarHQ,cls,dna_prot,nt_v1_500m,esm1b_650m,PyTorch_CrossAttn,0.7781,0.8478,0.6724,0.8817,0.75,0.5673,0.8556,0.8512,OURS
Train3Val_ClinVarHQ,cls,dna_prot,nt_v1_500m,esm1b_650m,PyTorch_Gating,0.7809,0.8255,0.7069,0.8535,0.7616,0.567,0.865,0.8634,OURS
Train3Val_ClinVarHQ,mean,dna_prot,nt_v2_500m,esmc_600m,PyTorch_Gating,0.7767,0.855,0.6609,0.8901,0.7455,0.5669,0.834,0.8594,OURS
Train3Val_ClinVarHQ,mean,dna_prot_spliceai,nt_v3_650m,esmc_600m,PyTorch_Transformer,0.7767,0.855,0.6609,0.8901,0.7455,0.5669,0.8493,0.8646,OURS
Train3Val_ClinVarHQ,cls,dna_prot_spliceai,nt_v3_650m,esm1b_650m,PyTorch_Transformer,0.7781,0.8453,0.6753,0.8789,0.7508,0.5667,0.8733,0.8692,OURS
Train3Val_ClinVarHQ,cls,dna_prot_spliceai,nt_v1_500m,esm1b_650m,PyTorch_Gating,0.7824,0.8037,0.7414,0.8225,0.7713,0.566,0.8636,0.8595,OURS
Train3Val_ClinVarHQ,cls,dna_prot,nt_v3_650m,esm1b_650m,Hybrid_Gating_XGBoost,0.7824,0.8019,0.7443,0.8197,0.772,0.5658,0.8585,0.8566,OURS
Train3Val_ClinVarHQ,mean,dna_prot,nt_v3_650m,esmc_600m,PyTorch_Transformer,0.7795,0.8316,0.6954,0.862,0.7574,0.5658,0.8637,0.868,OURS
Train3Val_ClinVarHQ,mean,dna_prot,nt_v3_650m,esmc_600m,PyTorch_Gating,0.7795,0.8316,0.6954,0.862,0.7574,0.5658,0.8396,0.8603,OURS
Train3Val_ClinVarHQ,mean,dna_prot,nt_v2_500m,esmc_600m,Hybrid_CrossAttn_XGBoost,0.7824,0.8019,0.7443,0.8197,0.772,0.5658,0.8523,0.8654,OURS
Train3Val_ClinVarHQ,cls,dna_prot_spliceai,nt_v2_500m,esm1b_650m,PyTorch_Transformer,0.7809,0.8191,0.7155,0.8451,0.7638,0.5657,0.866,0.8647,OURS
Train3Val_ClinVarHQ,cls,dna_prot,nt_v2_500m,esm1b_650m,PyTorch_Concat,0.7809,0.817,0.7184,0.8423,0.7645,0.5654,0.8712,0.8711,OURS
Train3Val_ClinVarHQ,mean,dna_prot,nt_v3_650m,esm2_650m,Hybrid_Gating_XGBoost,0.7824,0.791,0.7615,0.8028,0.776,0.5649,0.8418,0.828,OURS
Train3Val_ClinVarHQ,mean,dna_prot_spliceai,nt_v2_500m,esm1b_650m,Hybrid_CrossAttn_XGBoost,0.7824,0.7859,0.7701,0.7944,0.7779,0.5647,0.8677,0.8654,OURS
Train3Val_ClinVarHQ,mean,dna_prot_spliceai,nt_v2_500m,esm1b_650m,Hybrid_Gating_XGBoost,0.7824,0.7826,0.7759,0.7887,0.7792,0.5647,0.8746,0.869,OURS
Train3Val_ClinVarHQ,mean,dna_prot_spliceai,nt_v2_500m,esm1v_650m,PyTorch_Gating,0.7809,0.8109,0.727,0.8338,0.7667,0.5644,0.8576,0.8486,OURS
Train3Val_ClinVarHQ,mean,dna_prot_spliceai,nt_v3_650m,esmc_600m,PyTorch_CrossAttn,0.7738,0.8621,0.6466,0.8986,0.7389,0.5641,0.8437,0.8624,OURS
Train3Val_ClinVarHQ,mean,dna_prot_spliceai,nt_v3_650m,esm1v_650m,PyTorch_Concat,0.7781,0.8333,0.6897,0.8648,0.7547,0.5637,0.8639,0.8613,OURS
Train3Val_ClinVarHQ,cls,dna_prot,nt_v1_500m,esm1b_650m,PyTorch_Concat,0.7752,0.8519,0.6609,0.8873,0.7443,0.5636,0.8609,0.8623,OURS
Train3Val_ClinVarHQ,mean,geom_prot,nt_v2_500m,esm1b_650m,Hybrid_Concat_XGBoost,0.7809,0.8031,0.7385,0.8225,0.7695,0.5633,0.8722,0.8759,OURS
Train3Val_ClinVarHQ,mean,dna_prot,nt_v1_500m,esm1v_650m,PyTorch_Gating,0.7809,0.8031,0.7385,0.8225,0.7695,0.5633,0.8597,0.8632,OURS
Train3Val_ClinVarHQ,cls,dna_prot_spliceai,nt_v2_500m,esm1b_650m,Hybrid_Transformer_XGBoost,0.7809,0.8012,0.7414,0.8197,0.7701,0.5631,0.863,0.8617,OURS
Train3Val_ClinVarHQ,cls,dna_prot,nt_v2_500m,esm1b_650m,PyTorch_Gating,0.7809,0.7994,0.7443,0.8169,0.7708,0.5629,0.8612,0.8608,OURS
Train3Val_ClinVarHQ,cls,dna_prot,nt_v3_650m,esm1b_650m,Pure_XGBoost_Concat,0.7809,0.768,0.7989,0.7634,0.7831,0.5625,0.8591,0.8351,OURS
Train3Val_ClinVarHQ,mean,dna_prot_spliceai,nt_v1_500m,esm1v_650m,Hybrid_Gating_XGBoost,0.7809,0.7957,0.75,0.8113,0.7722,0.5625,0.8494,0.8568,OURS
Train3Val_ClinVarHQ,mean,dna_prot_spliceai,nt_v2_500m,esmc_600m,Pure_XGBoost_Concat,0.7809,0.7957,0.75,0.8113,0.7722,0.5625,0.866,0.8747,OURS
Train3Val_ClinVarHQ,mean,prot_spliceai,,esm1v_650m,PyTorch_Concat,0.7795,0.8143,0.7184,0.8394,0.7634,0.5623,0.8741,0.8678,OURS
Train3Val_ClinVarHQ,cls,dna_prot_spliceai,nt_v2_500m,esm1b_650m,PyTorch_CrossAttn,0.7781,0.8265,0.6983,0.8563,0.757,0.5622,0.8638,0.8525,OURS
Train3Val_ClinVarHQ,mean,dna_prot,nt_v1_500m,esmc_600m,Hybrid_Concat_XGBoost,0.7795,0.8123,0.7213,0.8366,0.7641,0.562,0.8505,0.8661,OURS
Train3Val_ClinVarHQ,center,dna_prot_spliceai,nt_v1_500m,esm1v_650m,Hybrid_Transformer_XGBoost,0.7809,0.7853,0.7672,0.7944,0.7762,0.5619,0.8649,0.8769,OURS
Train3Val_ClinVarHQ,mean,dna_prot,nt_v3_650m,esm1v_650m,PyTorch_Gating,0.7809,0.787,0.7644,0.7972,0.7755,0.5619,0.8704,0.8633,OURS
Train3Val_ClinVarHQ,mean,dna_prot_spliceai,nt_v3_650m,esm1b_650m,Hybrid_Transformer_XGBoost,0.7809,0.7771,0.7816,0.7803,0.7794,0.5619,0.8821,0.868,OURS
Train3Val_ClinVarHQ,mean,dna_prot_spliceai,nt_v3_650m,esm1v_650m,Hybrid_Gating_XGBoost,0.7809,0.7836,0.7701,0.7915,0.7768,0.5618,0.8485,0.8545,OURS
Train3Val_ClinVarHQ,cls,dna_prot_spliceai,nt_v1_500m,esm1b_650m,PyTorch_CrossAttn,0.7795,0.8103,0.7241,0.8338,0.7648,0.5617,0.8537,0.8371,OURS
Train3Val_ClinVarHQ,mean,dna_prot,nt_v1_500m,esmc_600m,PyTorch_CrossAttn,0.7724,0.8615,0.6437,0.8986,0.7368,0.5616,0.8068,0.8445,OURS
Train3Val_ClinVarHQ,mean,dna_prot_spliceai,nt_v3_650m,esmc_600m,PyTorch_Concat,0.7724,0.8615,0.6437,0.8986,0.7368,0.5616,0.8196,0.8489,OURS
Train3Val_ClinVarHQ,mean,dna_geom_prot,nt_v2_500m,esm1b_650m,PyTorch_CrossAttn,0.7795,0.8044,0.7328,0.8254,0.7669,0.5608,0.866,0.8456,OURS
Train3Val_ClinVarHQ,cls,dna_prot,nt_v3_650m,esm1b_650m,Hybrid_Transformer_XGBoost,0.7795,0.8006,0.7385,0.8197,0.7683,0.5603,0.8621,0.8588,OURS
Train3Val_ClinVarHQ,cls,dna_prot,nt_v3_650m,esm1b_650m,PyTorch_Concat,0.7795,0.7988,0.7414,0.8169,0.769,0.5601,0.8648,0.8618,OURS
Train3Val_ClinVarHQ,cls,dna_prot,nt_v3_650m,esm1b_650m,Hybrid_CrossAttn_XGBoost,0.7795,0.7969,0.7443,0.8141,0.7697,0.5599,0.8697,0.8702,OURS
Train3Val_ClinVarHQ,cls,dna_prot_spliceai,nt_v3_650m,esm1b_650m,PyTorch_Concat,0.7795,0.7933,0.75,0.8085,0.771,0.5596,0.8698,0.8701,OURS
Train3Val_ClinVarHQ,mean,dna_prot_spliceai,nt_v2_500m,esmc_600m,PyTorch_Transformer,0.7738,0.8462,0.6638,0.8817,0.744,0.5596,0.8472,0.8639,OURS
Train3Val_ClinVarHQ,mean,dna_prot_spliceai,nt_v3_650m,esm1b_650m,Hybrid_CrossAttn_XGBoost,0.7795,0.7898,0.7557,0.8028,0.7724,0.5593,0.8681,0.8629,OURS
Train3Val_ClinVarHQ,mean,dna_prot_spliceai,nt_v2_500m,esmc_600m,Hybrid_Gating_XGBoost,0.7781,0.8117,0.7184,0.8366,0.7622,0.5593,0.8533,0.8671,OURS
Train3Val_ClinVarHQ,cls,dna_prot_spliceai,nt_v2_500m,esm1b_650m,Hybrid_Concat_XGBoost,0.7795,0.7847,0.7644,0.7944,0.7744,0.5591,0.8633,0.8647,OURS
Train3Val_ClinVarHQ,mean,dna_prot,nt_v3_650m,esm1b_650m,Hybrid_Gating_XGBoost,0.7795,0.7781,0.7759,0.7831,0.777,0.559,0.8839,0.8734,OURS
Train3Val_ClinVarHQ,cls,prot_spliceai,,esm1b_650m,Hybrid_Concat_XGBoost,0.7795,0.7797,0.773,0.7859,0.7763,0.559,0.8645,0.8595,OURS
Train3Val_ClinVarHQ,mean,dna_prot,nt_v3_650m,esm1v_650m,Pure_XGBoost_Concat,0.7795,0.7797,0.773,0.7859,0.7763,0.559,0.8514,0.8521,OURS
Train3Val_ClinVarHQ,mean,dna_prot_spliceai,nt_v2_500m,esm1v_650m,PyTorch_CrossAttn,0.7795,0.7765,0.7787,0.7803,0.7776,0.559,0.8637,0.8639,OURS
Train3Val_ClinVarHQ,mean,dna_prot_spliceai,nt_v3_650m,esmc_600m,Hybrid_CrossAttn_XGBoost,0.7781,0.8038,0.7299,0.8254,0.7651,0.5581,0.8476,0.8643,OURS
Train3Val_ClinVarHQ,mean,dna_prot,nt_v3_650m,esmc_600m,Hybrid_CrossAttn_XGBoost,0.7781,0.8019,0.7328,0.8225,0.7658,0.5578,0.8501,0.8625,OURS
Train3Val_ClinVarHQ,cls,geom_prot,nt_v2_500m,esm1b_650m,PyTorch_Concat,0.771,0.8555,0.6466,0.893,0.7365,0.5574,0.8647,0.8574,OURS
Train3Val_ClinVarHQ,mean,dna_prot,nt_v2_500m,esm1v_650m,PyTorch_CrossAttn,0.7752,0.8276,0.6897,0.8592,0.7524,0.5574,0.8642,0.8674,OURS
Train3Val_ClinVarHQ,center,dna_prot_spliceai,nt_v1_500m,esm1v_650m,Hybrid_Gating_XGBoost,0.7781,0.7945,0.7443,0.8113,0.7685,0.557,0.858,0.8728,OURS
Train3Val_ClinVarHQ,mean,dna_prot_spliceai,nt_v1_500m,esmc_600m,Hybrid_CrossAttn_XGBoost,0.7767,0.8111,0.7155,0.8366,0.7603,0.5566,0.8357,0.8562,OURS
Train3Val_ClinVarHQ,mean,dna_prot,nt_v2_500m,esm2_650m,PyTorch_CrossAttn,0.7752,0.8231,0.6954,0.8535,0.7539,0.5564,0.8633,0.8443,OURS
Train3Val_ClinVarHQ,cls,dna_prot_spliceai,nt_v3_650m,esmc_600m,PyTorch_Concat,0.7752,0.8231,0.6954,0.8535,0.7539,0.5564,0.8214,0.8451,OURS
Train3Val_ClinVarHQ,mean,dna_prot_spliceai,nt_v3_650m,esm1v_650m,PyTorch_CrossAttn,0.7781,0.7874,0.7557,0.8,0.7713,0.5564,0.8684,0.8672,OURS
Train3Val_ClinVarHQ,cls,dna_prot_spliceai,nt_v1_500m,esm1b_650m,Hybrid_Transformer_XGBoost,0.7781,0.7857,0.7586,0.7972,0.7719,0.5563,0.8614,0.8676,OURS
Train3Val_ClinVarHQ,mean,dna_prot,nt_v1_500m,esm1v_650m,Hybrid_Transformer_XGBoost,0.7781,0.7824,0.7644,0.7915,0.7733,0.5562,0.8601,0.8639,OURS
Train3Val_ClinVarHQ,mean,dna_prot_spliceai,nt_v3_650m,esm1b_650m,Hybrid_Gating_XGBoost,0.7781,0.784,0.7615,0.7944,0.7726,0.5562,0.8752,0.868,OURS
Train3Val_ClinVarHQ,cls,geom,nt_v2_500m,esm1b_650m,Pure_XGBoost_Concat,0.7781,0.7807,0.7672,0.7887,0.7739,0.5561,0.8752,0.8826,OURS
Train3Val_ClinVarHQ,mean,prot_spliceai,,esm1v_650m,Pure_XGBoost_Concat,0.7781,0.7759,0.7759,0.7803,0.7759,0.5561,0.863,0.8645,OURS
Train3Val_ClinVarHQ,mean,dna_prot,nt_v2_500m,esm1v_650m,PyTorch_Concat,0.7767,0.8071,0.7213,0.831,0.7618,0.5559,0.8677,0.8613,OURS
Train3Val_ClinVarHQ,mean,dna_prot_spliceai,nt_v1_500m,esm1v_650m,PyTorch_Gating,0.7767,0.8051,0.7241,0.8282,0.7625,0.5556,0.8609,0.8572,OURS
Train3Val_ClinVarHQ,mean,dna_prot_spliceai,nt_v3_650m,esm1v_650m,PyTorch_Transformer,0.7752,0.8188,0.7011,0.8479,0.7554,0.5555,0.8614,0.8569,OURS
Train3Val_ClinVarHQ,cls,dna_prot_spliceai,nt_v2_500m,esm1b_650m,PyTorch_Gating,0.7738,0.827,0.6868,0.8592,0.7504,0.5547,0.8614,0.8592,OURS
Train3Val_ClinVarHQ,mean,dna_prot,nt_v2_500m,esmc_600m,Pure_XGBoost_Concat,0.7767,0.7957,0.7385,0.8141,0.766,0.5544,0.8746,0.8769,OURS
Train3Val_ClinVarHQ,cls,dna_prot_spliceai,nt_v2_500m,esm1b_650m,Hybrid_CrossAttn_XGBoost,0.7767,0.7957,0.7385,0.8141,0.766,0.5544,0.8663,0.86,OURS
Train3Val_ClinVarHQ,mean,dna_prot,nt_v2_500m,esmc_600m,Hybrid_Gating_XGBoost,0.7767,0.7938,0.7414,0.8113,0.7667,0.5542,0.8499,0.8598,OURS
Train3Val_ClinVarHQ,cls,dna_prot,nt_v1_500m,esm1b_650m,Hybrid_CrossAttn_XGBoost,0.7767,0.792,0.7443,0.8085,0.7674,0.554,0.8604,0.8573,OURS
Train3Val_ClinVarHQ,mean,dna_prot_spliceai,nt_v2_500m,esm1v_650m,Hybrid_Gating_XGBoost,0.7767,0.7903,0.7471,0.8056,0.7681,0.5539,0.8667,0.8598,OURS
Train3Val_ClinVarHQ,mean,dna_prot,nt_v2_500m,esm2_650m,Hybrid_Concat_XGBoost,0.7767,0.7834,0.7586,0.7944,0.7708,0.5534,0.8435,0.8189,OURS
Train3Val_ClinVarHQ,mean,dna_prot,nt_v3_650m,esm1v_650m,Hybrid_Transformer_XGBoost,0.7767,0.7817,0.7615,0.7915,0.7715,0.5534,0.8648,0.866,OURS
Train3Val_ClinVarHQ,mean,dna_prot_spliceai,nt_v1_500m,esm2_650m,PyTorch_CrossAttn,0.7752,0.8006,0.727,0.8225,0.762,0.5523,0.8454,0.8344,OURS
Train3Val_ClinVarHQ,cls,dna_prot,nt_v2_500m,esm1b_650m,Hybrid_Transformer_XGBoost,0.7752,0.7969,0.7328,0.8169,0.7635,0.5519,0.863,0.8632,OURS
Train3Val_ClinVarHQ,mean,dna_prot_spliceai,nt_v2_500m,esm1v_650m,PyTorch_Concat,0.7752,0.7969,0.7328,0.8169,0.7635,0.5519,0.8601,0.8613,OURS
Train3Val_ClinVarHQ,cls,dna_prot,nt_v1_500m,esm1b_650m,Hybrid_Concat_XGBoost,0.7752,0.7932,0.7385,0.8113,0.7649,0.5514,0.8621,0.8586,OURS
Train3Val_ClinVarHQ,mean,bio_geom_prot,nt_v2_500m,esm1b_650m,Hybrid_Concat_XGBoost,0.7696,0.8419,0.658,0.8789,0.7387,0.5512,0.878,0.8686,OURS
Train3Val_ClinVarHQ,cls,dna_prot_spliceai,nt_v1_500m,esm1b_650m,Hybrid_CrossAttn_XGBoost,0.7752,0.7896,0.7443,0.8056,0.7663,0.5511,0.8609,0.8592,OURS
Train3Val_ClinVarHQ,mean,dna_prot,nt_v1_500m,esmc_600m,Pure_XGBoost_Concat,0.7752,0.7827,0.7557,0.7944,0.769,0.5506,0.8686,0.8709,OURS
Train3Val_ClinVarHQ,mean,dna_prot_spliceai,nt_v3_650m,esmc_600m,PyTorch_Gating,0.7724,0.8197,0.6925,0.8507,0.7508,0.5506,0.8436,0.862,OURS
Train3Val_ClinVarHQ,cls,dna_prot_spliceai,nt_v1_500m,esm1v_650m,Hybrid_Transformer_XGBoost,0.7752,0.7778,0.7644,0.7859,0.771,0.5505,0.8369,0.8337,OURS
Train3Val_ClinVarHQ,cls,dna_prot_spliceai,nt_v2_500m,esm1b_650m,Hybrid_Gating_XGBoost,0.7752,0.7811,0.7586,0.7915,0.7697,0.5505,0.855,0.858,OURS
Train3Val_ClinVarHQ,mean,dna_prot_spliceai,nt_v2_500m,esm1v_650m,Pure_XGBoost_Concat,0.7752,0.7714,0.7759,0.7746,0.7736,0.5505,0.8542,0.8556,OURS
Train3Val_ClinVarHQ,mean,dna_prot_spliceai,nt_v1_500m,esm1v_650m,Hybrid_Transformer_XGBoost,0.7752,0.7746,0.7701,0.7803,0.7723,0.5504,0.8584,0.8648,OURS
Train3Val_ClinVarHQ,mean,dna_prot_spliceai,nt_v1_500m,esmc_600m,Hybrid_Gating_XGBoost,0.7724,0.8176,0.6954,0.8479,0.7516,0.5502,0.8165,0.8468,OURS
Train3Val_ClinVarHQ,cls,dna_prot,nt_v2_500m,esm1b_650m,PyTorch_CrossAttn,0.7738,0.7926,0.7356,0.8113,0.763,0.5487,0.8573,0.8393,OURS
Train3Val_ClinVarHQ,cls,dna_prot_spliceai,nt_v3_650m,esm1b_650m,Hybrid_Transformer_XGBoost,0.7738,0.7926,0.7356,0.8113,0.763,0.5487,0.8693,0.8651,OURS
Train3Val_ClinVarHQ,mean,dna_prot,nt_v1_500m,esm1b_650m,PyTorch_Transformer,0.7724,0.8092,0.7069,0.8366,0.7546,0.5485,0.8784,0.8665,OURS
Train3Val_ClinVarHQ,mean,dna_prot,nt_v3_650m,esmc_600m,Hybrid_Transformer_XGBoost,0.7738,0.7908,0.7385,0.8085,0.7637,0.5485,0.8494,0.8619,OURS
Train3Val_ClinVarHQ,mean,prot_spliceai,,esmc_600m,Hybrid_Concat_XGBoost,0.7738,0.789,0.7414,0.8056,0.7644,0.5483,0.8666,0.8733,OURS
Train3Val_ClinVarHQ,mean,dna_prot_spliceai,nt_v1_500m,esm1b_650m,PyTorch_Concat,0.7738,0.789,0.7414,0.8056,0.7644,0.5483,0.867,0.864,OURS
Train3Val_ClinVarHQ,mean,prot_spliceai,,esm2_650m,Hybrid_Concat_XGBoost,0.7738,0.7804,0.7557,0.7915,0.7679,0.5477,0.85,0.8259,OURS
Train3Val_ClinVarHQ,mean,dna_prot_spliceai,nt_v3_650m,esm1v_650m,Hybrid_Transformer_XGBoost,0.7738,0.7804,0.7557,0.7915,0.7679,0.5477,0.855,0.8594,OURS
Train3Val_ClinVarHQ,mean,dna_prot_spliceai,nt_v2_500m,esm1v_650m,Hybrid_Concat_XGBoost,0.7738,0.7788,0.7586,0.7887,0.7686,0.5477,0.8559,0.8501,OURS
Train3Val_ClinVarHQ,cls,dna_geom_prot,nt_v2_500m,esm1b_650m,PyTorch_Concat,0.7738,0.7771,0.7615,0.7859,0.7692,0.5476,0.8464,0.8513,OURS
Train3Val_ClinVarHQ,mean,dna_prot,nt_v2_500m,esmc_600m,Hybrid_Transformer_XGBoost,0.7724,0.8032,0.7155,0.8282,0.7568,0.5475,0.8511,0.8663,OURS
Train3Val_ClinVarHQ,mean,dna_prot,nt_v1_500m,esm1b_650m,PyTorch_Gating,0.771,0.8127,0.6983,0.8423,0.7512,0.5466,0.8758,0.87,OURS
Train3Val_ClinVarHQ,mean,dna_prot,nt_v1_500m,esm1v_650m,PyTorch_Transformer,0.7681,0.8339,0.6638,0.8704,0.7392,0.5466,0.86,0.8584,OURS
Train3Val_ClinVarHQ,mean,dna_prot_spliceai,nt_v3_650m,esmc_600m,Hybrid_Gating_XGBoost,0.7724,0.7975,0.7241,0.8197,0.759,0.5466,0.8396,0.861,OURS
Train3Val_ClinVarHQ,mean,dna_prot_spliceai,nt_v2_500m,esmc_600m,Hybrid_Concat_XGBoost,0.7724,0.7975,0.7241,0.8197,0.759,0.5466,0.8577,0.8688,OURS
Train3Val_ClinVarHQ,mean,dna_prot_spliceai,nt_v1_500m,esmc_600m,Hybrid_Concat_XGBoost,0.7724,0.7956,0.727,0.8169,0.7598,0.5464,0.8409,0.8591,OURS
Train3Val_ClinVarHQ,mean,dna_prot_spliceai,nt_v1_500m,esm1v_650m,PyTorch_Transformer,0.771,0.8106,0.7011,0.8394,0.7519,0.5462,0.8642,0.8681,OURS
Train3Val_ClinVarHQ,mean,dna_prot_spliceai,nt_v1_500m,esmc_600m,PyTorch_CrossAttn,0.7667,0.8407,0.6523,0.8789,0.7346,0.546,0.8017,0.8415,OURS
Train3Val_ClinVarHQ,mean,dna_prot,nt_v3_650m,esmc_600m,Pure_XGBoost_Concat,0.7724,0.7919,0.7328,0.8113,0.7612,0.5459,0.8662,0.8734,OURS
Train3Val_ClinVarHQ,cls,dna_prot,nt_v3_650m,esm1b_650m,PyTorch_CrossAttn,0.7696,0.8207,0.6839,0.8535,0.7461,0.5458,0.8625,0.8461,OURS
Train3Val_ClinVarHQ,cls,dna_prot_spliceai,nt_v1_500m,esm1b_650m,PyTorch_Transformer,0.771,0.8086,0.704,0.8366,0.7527,0.5458,0.8662,0.8653,OURS
Train3Val_ClinVarHQ,mean,dna_prot,nt_v2_500m,esm1v_650m,PyTorch_Gating,0.7724,0.7883,0.7385,0.8056,0.7626,0.5456,0.8642,0.8637,OURS
Train3Val_ClinVarHQ,mean,dna_prot_spliceai,nt_v1_500m,esmc_600m,Pure_XGBoost_Concat,0.7724,0.7883,0.7385,0.8056,0.7626,0.5456,0.861,0.867,OURS
Train3Val_ClinVarHQ,mean,dna_prot,nt_v1_500m,esm2_650m,PyTorch_Transformer,0.771,0.8066,0.7069,0.8338,0.7534,0.5455,0.8468,0.8336,OURS
Train3Val_ClinVarHQ,cls,dna_prot,nt_v1_500m,esm1v_650m,PyTorch_Concat,0.7724,0.7831,0.7471,0.7972,0.7647,0.5451,0.8387,0.8361,OURS
Train3Val_ClinVarHQ,cls,dna_prot_spliceai,nt_v3_650m,esm1v_650m,Hybrid_Concat_XGBoost,0.7724,0.7781,0.7557,0.7887,0.7668,0.5449,0.8342,0.8226,OURS
Train3Val_ClinVarHQ,mean,dna_prot_spliceai,nt_v1_500m,esm1v_650m,Hybrid_Concat_XGBoost,0.7724,0.7798,0.7529,0.7915,0.7661,0.5449,0.8487,0.8497,OURS
Train3Val_ClinVarHQ,mean,dna_prot_spliceai,nt_v2_500m,esm2_650m,Hybrid_Transformer_XGBoost,0.7724,0.7781,0.7557,0.7887,0.7668,0.5449,0.8462,0.834,OURS
Train3Val_ClinVarHQ,mean,dna_prot,nt_v3_650m,esm2_650m,Hybrid_Concat_XGBoost,0.7724,0.7686,0.773,0.7718,0.7708,0.5448,0.8501,0.8254,OURS
Train3Val_ClinVarHQ,mean,dna_prot,nt_v1_500m,esm1v_650m,Hybrid_CrossAttn_XGBoost,0.7724,0.7749,0.7615,0.7831,0.7681,0.5448,0.8643,0.8669,OURS
Train3Val_ClinVarHQ,mean,dna_prot,nt_v2_500m,esm1v_650m,Hybrid_Concat_XGBoost,0.7724,0.7686,0.773,0.7718,0.7708,0.5448,0.8568,0.8581,OURS
Train3Val_ClinVarHQ,mean,dna_prot,nt_v2_500m,esm1v_650m,Pure_XGBoost_Concat,0.7724,0.7717,0.7672,0.7775,0.7695,0.5447,0.8437,0.8457,OURS
Train3Val_ClinVarHQ,mean,dna_prot,nt_v2_500m,esm1v_650m,Hybrid_Gating_XGBoost,0.7724,0.7717,0.7672,0.7775,0.7695,0.5447,0.859,0.8569,OURS
Train3Val_ClinVarHQ,mean,dna_prot_spliceai,nt_v3_650m,esm1v_650m,Hybrid_Concat_XGBoost,0.7724,0.7733,0.7644,0.7803,0.7688,0.5447,0.8596,0.8635,OURS
Train3Val_ClinVarHQ,mean,dna_prot,nt_v1_500m,esmc_600m,PyTorch_Concat,0.7624,0.8577,0.6236,0.8986,0.7221,0.5439,0.8046,0.8402,OURS
Train3Val_ClinVarHQ,mean,dna_prot_spliceai,nt_v1_500m,esm2_650m,PyTorch_Transformer,0.771,0.795,0.7241,0.8169,0.7579,0.5436,0.8528,0.841,OURS
Train3Val_ClinVarHQ,mean,dna_prot_spliceai,nt_v3_650m,esmc_600m,Hybrid_Concat_XGBoost,0.771,0.7877,0.7356,0.8056,0.7608,0.5428,0.8516,0.8672,OURS
Train3Val_ClinVarHQ,cls,dna_prot,nt_v3_650m,esm1b_650m,Hybrid_Concat_XGBoost,0.771,0.7808,0.7471,0.7944,0.7636,0.5422,0.8611,0.8639,OURS
Train3Val_ClinVarHQ,mean,dna_prot,nt_v1_500m,esmc_600m,PyTorch_Gating,0.7624,0.8521,0.6293,0.893,0.724,0.5422,0.8027,0.8405,OURS
Train3Val_ClinVarHQ,mean,dna_prot,nt_v1_500m,esm1v_650m,Hybrid_Gating_XGBoost,0.771,0.7758,0.7557,0.7859,0.7656,0.542,0.8526,0.8552,OURS
Train3Val_ClinVarHQ,mean,dna_prot_spliceai,nt_v2_500m,esm1v_650m,Hybrid_CrossAttn_XGBoost,0.771,0.7742,0.7586,0.7831,0.7663,0.5419,0.8572,0.8625,OURS
Train3Val_ClinVarHQ,cls,dna_prot,nt_v3_650m,esmc_600m,PyTorch_Gating,0.7667,0.8239,0.6724,0.8592,0.7405,0.5416,0.8237,0.8353,OURS
Train3Val_ClinVarHQ,cls,dna_geom_prot,nt_v2_500m,esm1b_650m,PyTorch_Transformer,0.7624,0.8494,0.6322,0.8901,0.7249,0.5414,0.8597,0.858,OURS
Train3Val_ClinVarHQ,cls,dna_geom_prot,nt_v2_500m,esm1b_650m,PyTorch_Gating,0.7667,0.7277,0.8448,0.6901,0.7819,0.541,0.8617,0.8733,OURS
Train3Val_ClinVarHQ,mean,dna_prot_spliceai,nt_v1_500m,esm1v_650m,PyTorch_Concat,0.7696,0.7943,0.7213,0.8169,0.756,0.5409,0.8604,0.8595,OURS
Train3Val_ClinVarHQ,cls,dna_prot,nt_v3_650m,esmc_600m,Pure_XGBoost_Concat,0.7696,0.7925,0.7241,0.8141,0.7568,0.5407,0.85,0.8617,OURS
Train3Val_ClinVarHQ,mean,prot_spliceai,,esmc_600m,PyTorch_Concat,0.7624,0.8467,0.6351,0.8873,0.7258,0.5406,0.81,0.8441,OURS
Train3Val_ClinVarHQ,cls,dna_prot,nt_v1_500m,esm1b_650m,Pure_XGBoost_Concat,0.7696,0.7541,0.7931,0.7465,0.7731,0.54,0.8548,0.8454,OURS
Train3Val_ClinVarHQ,mean,dna_prot_spliceai,nt_v1_500m,esmc_600m,PyTorch_Transformer,0.761,0.8516,0.6264,0.893,0.7219,0.5397,0.8068,0.838,OURS
Train3Val_ClinVarHQ,mean,dna_prot,nt_v2_500m,esm2_650m,Pure_XGBoost_Concat,0.7696,0.7583,0.7845,0.7549,0.7712,0.5395,0.8501,0.8277,OURS
Train3Val_ClinVarHQ,mean,dna_prot,nt_v3_650m,esm1v_650m,PyTorch_Transformer,0.7681,0.8013,0.7069,0.8282,0.7511,0.5394,0.8573,0.8494,OURS
Train3Val_ClinVarHQ,cls,dna_prot,nt_v2_500m,esm1b_650m,Hybrid_Gating_XGBoost,0.7696,0.7768,0.75,0.7887,0.7632,0.5392,0.8518,0.8445,OURS
Train3Val_ClinVarHQ,mean,dna_prot,nt_v2_500m,esm2_650m,Hybrid_Gating_XGBoost,0.7696,0.7768,0.75,0.7887,0.7632,0.5392,0.8462,0.8273,OURS
Train3Val_ClinVarHQ,mean,geom,nt_v2_500m,esm1b_650m,Pure_XGBoost_Concat,0.7696,0.7657,0.7701,0.769,0.7679,0.5391,0.8658,0.878,OURS
Train3Val_ClinVarHQ,cls,dna_prot_spliceai,nt_v3_650m,esm1b_650m,Hybrid_Gating_XGBoost,0.7696,0.7735,0.7557,0.7831,0.7645,0.5391,0.8582,0.8505,OURS
Train3Val_ClinVarHQ,mean,dna_prot,nt_v1_500m,esm1v_650m,Hybrid_Concat_XGBoost,0.7696,0.7672,0.7672,0.7718,0.7672,0.5391,0.8485,0.8537,OURS
Train3Val_ClinVarHQ,cls,dna_prot,nt_v1_500m,esm1b_650m,PyTorch_Transformer,0.7639,0.8273,0.6609,0.8648,0.7348,0.5376,0.8636,0.8604,OURS
Train3Val_ClinVarHQ,cls,dna_prot,nt_v3_650m,esmc_600m,PyTorch_Concat,0.7624,0.8364,0.6466,0.8761,0.7293,0.5376,0.8191,0.833,OURS
Train3Val_ClinVarHQ,cls,dna_prot,nt_v3_650m,esm1v_650m,PyTorch_Transformer,0.7653,0.8166,0.6782,0.8507,0.741,0.5374,0.841,0.8402,OURS
Train3Val_ClinVarHQ,cls,dna_prot,nt_v2_500m,esmc_600m,Pure_XGBoost_Concat,0.7681,0.7846,0.7328,0.8028,0.7578,0.5371,0.8559,0.8604,OURS
Train3Val_ClinVarHQ,cls,prot_spliceai,,esmc_600m,Hybrid_Concat_XGBoost,0.7681,0.7846,0.7328,0.8028,0.7578,0.5371,0.8408,0.8573,OURS
Train3Val_ClinVarHQ,cls,dna_prot_spliceai,nt_v1_500m,esmc_600m,Pure_XGBoost_Concat,0.7681,0.7846,0.7328,0.8028,0.7578,0.5371,0.8572,0.8676,OURS
Train3Val_ClinVarHQ,mean,dna_prot,nt_v2_500m,esmc_600m,PyTorch_Transformer,0.7639,0.825,0.6638,0.862,0.7357,0.537,0.8603,0.8657,OURS
Train3Val_ClinVarHQ,mean,dna_prot,nt_v3_650m,esm1v_650m,Hybrid_Concat_XGBoost,0.7681,0.7812,0.7385,0.7972,0.7592,0.5368,0.8561,0.8612,OURS
Train3Val_ClinVarHQ,cls,dna_prot,nt_v1_500m,esm1b_650m,Hybrid_Gating_XGBoost,0.7681,0.7745,0.75,0.7859,0.762,0.5363,0.8676,0.8619,OURS
Train3Val_ClinVarHQ,mean,dna_prot_spliceai,nt_v1_500m,esm1v_650m,Pure_XGBoost_Concat,0.7681,0.7729,0.7529,0.7831,0.7627,0.5363,0.8477,0.8523,OURS
Train3Val_ClinVarHQ,mean,dna_prot,nt_v1_500m,esm1v_650m,Pure_XGBoost_Concat,0.7681,0.7666,0.7644,0.7718,0.7655,0.5362,0.8485,0.8531,OURS
Train3Val_ClinVarHQ,mean,dna_prot_spliceai,nt_v3_650m,esm2_650m,Hybrid_CrossAttn_XGBoost,0.7681,0.7713,0.7557,0.7803,0.7634,0.5362,0.8393,0.8324,OURS
Train3Val_ClinVarHQ,mean,dna_prot,nt_v2_500m,esmc_600m,PyTorch_CrossAttn,0.7568,0.8612,0.6063,0.9042,0.7116,0.5357,0.8183,0.8482,OURS
Train3Val_ClinVarHQ,mean,dna_prot,nt_v3_650m,esmc_600m,Hybrid_Gating_XGBoost,0.7667,0.784,0.7299,0.8028,0.756,0.5343,0.8454,0.8612,OURS
Train3Val_ClinVarHQ,cls,dna_prot,nt_v1_500m,esmc_600m,Pure_XGBoost_Concat,0.7667,0.7722,0.75,0.7831,0.7609,0.5335,0.8558,0.8656,OURS
Train3Val_ClinVarHQ,mean,dna_prot_spliceai,nt_v2_500m,esm2_650m,Pure_XGBoost_Concat,0.7667,0.7644,0.7644,0.769,0.7644,0.5334,0.843,0.8239,OURS
Train3Val_ClinVarHQ,mean,dna_prot,nt_v1_500m,esm1v_650m,PyTorch_CrossAttn,0.7639,0.8095,0.6839,0.8423,0.7414,0.5333,0.8497,0.8415,OURS
Train3Val_ClinVarHQ,cls,dna_prot_spliceai,nt_v3_650m,esmc_600m,Hybrid_Concat_XGBoost,0.7653,0.7942,0.7098,0.8197,0.7496,0.533,0.8204,0.8388,OURS
Train3Val_ClinVarHQ,mean,dna_prot_spliceai,nt_v2_500m,esmc_600m,Hybrid_CrossAttn_XGBoost,0.7653,0.7905,0.7155,0.8141,0.7511,0.5325,0.8384,0.8581,OURS
Train3Val_ClinVarHQ,cls,dna_prot_spliceai,nt_v2_500m,esm1v_650m,Hybrid_CrossAttn_XGBoost,0.7653,0.785,0.7241,0.8056,0.7534,0.5318,0.84,0.8366,OURS
Train3Val_ClinVarHQ,cls,geom_prot,nt_v2_500m,esm1b_650m,Hybrid_Concat_XGBoost,0.761,0.7184,0.8506,0.6732,0.7789,0.5317,0.8517,0.8528,OURS
Train3Val_ClinVarHQ,cls,prot_spliceai,,esmc_600m,PyTorch_Concat,0.7596,0.8303,0.6466,0.8704,0.727,0.5311,0.82,0.8362,OURS
Train3Val_ClinVarHQ,mean,dna_prot,nt_v1_500m,esmc_600m,Hybrid_Gating_XGBoost,0.7639,0.7974,0.7011,0.8254,0.7462,0.5309,0.8248,0.8489,OURS
Train3Val_ClinVarHQ,mean,dna_prot,nt_v2_500m,esm1v_650m,Hybrid_CrossAttn_XGBoost,0.7653,0.7764,0.7385,0.7915,0.757,0.5309,0.8515,0.8562,OURS
Train3Val_ClinVarHQ,mean,dna_prot,nt_v3_650m,esm1v_650m,Hybrid_CrossAttn_XGBoost,0.7653,0.7715,0.7471,0.7831,0.7591,0.5307,0.8647,0.8726,OURS
Train3Val_ClinVarHQ,mean,dna_prot_spliceai,nt_v3_650m,esm1v_650m,Hybrid_CrossAttn_XGBoost,0.7653,0.7715,0.7471,0.7831,0.7591,0.5307,0.8585,0.861,OURS
Train3Val_ClinVarHQ,mean,dna_prot_spliceai,nt_v1_500m,esm1v_650m,Hybrid_CrossAttn_XGBoost,0.7653,0.7668,0.7557,0.7746,0.7612,0.5305,0.8478,0.8459,OURS
Train3Val_ClinVarHQ,mean,dna_prot_spliceai,nt_v3_650m,esm2_650m,Hybrid_Transformer_XGBoost,0.7653,0.7683,0.7529,0.7775,0.7605,0.5305,0.843,0.8235,OURS
Train3Val_ClinVarHQ,mean,dna_prot_spliceai,nt_v2_500m,esm2_650m,Hybrid_Concat_XGBoost,0.7653,0.7683,0.7529,0.7775,0.7605,0.5305,0.848,0.8294,OURS
Train3Val_ClinVarHQ,center,dna_geom,nt_v1_500m,esmc_600m,Hybrid_Concat_XGBoost,0.7553,0.852,0.6121,0.8958,0.7124,0.5304,0.8442,0.857,OURS
Train3Val_ClinVarHQ,mean,dna_prot_spliceai,nt_v2_500m,esm1v_650m,PyTorch_Transformer,0.7624,0.8068,0.6839,0.8394,0.7403,0.5302,0.8654,0.8632,OURS
Train3Val_ClinVarHQ,cls,dna_prot_spliceai,nt_v2_500m,esmc_600m,Hybrid_CrossAttn_XGBoost,0.7624,0.8007,0.6925,0.831,0.7427,0.529,0.8162,0.8312,OURS
Train3Val_ClinVarHQ,cls,dna_prot,nt_v1_500m,esm1v_650m,Hybrid_Transformer_XGBoost,0.7639,0.7741,0.7385,0.7887,0.7559,0.528,0.831,0.8274,OURS
Train3Val_ClinVarHQ,cls,dna_prot,nt_v2_500m,esm1v_650m,PyTorch_Concat,0.7596,0.8185,0.6609,0.8563,0.7313,0.528,0.835,0.8367,OURS
Train3Val_ClinVarHQ,mean,dna_prot_spliceai,nt_v3_650m,esmc_600m,Hybrid_Transformer_XGBoost,0.7639,0.7741,0.7385,0.7887,0.7559,0.528,0.834,0.8556,OURS
Train3Val_ClinVarHQ,cls,prot_spliceai,,esm1v_650m,Pure_XGBoost_Concat,0.7639,0.7585,0.7672,0.7606,0.7629,0.5278,0.8406,0.8394,OURS
Train3Val_ClinVarHQ,mean,dna_prot_spliceai,nt_v2_500m,esm2_650m,Hybrid_Gating_XGBoost,0.7639,0.7676,0.75,0.7775,0.7587,0.5277,0.8427,0.8199,OURS
Train3Val_ClinVarHQ,mean,dna_prot_spliceai,nt_v1_500m,esmc_600m,PyTorch_Gating,0.7582,0.8225,0.6523,0.862,0.7276,0.5265,0.8048,0.8416,OURS
Train3Val_ClinVarHQ,cls,dna_prot,nt_v2_500m,esm1v_650m,PyTorch_CrossAttn,0.7624,0.7837,0.7184,0.8056,0.7496,0.5263,0.8241,0.8272,OURS
Train3Val_ClinVarHQ,mean,dna_prot,nt_v1_500m,esm1v_650m,PyTorch_Concat,0.7624,0.7819,0.7213,0.8028,0.7504,0.526,0.8529,0.8566,OURS
Train3Val_ClinVarHQ,cls,dna_prot,nt_v2_500m,esmc_600m,Hybrid_Concat_XGBoost,0.761,0.7961,0.6954,0.8254,0.7423,0.5255,0.8243,0.8366,OURS
Train3Val_ClinVarHQ,mean,dna_prot,nt_v1_500m,esm2_650m,Hybrid_Gating_XGBoost,0.7624,0.7768,0.7299,0.7944,0.7526,0.5255,0.8267,0.8106,OURS
Train3Val_ClinVarHQ,cls,dna_prot_spliceai,nt_v3_650m,esmc_600m,PyTorch_Transformer,0.7553,0.8359,0.6293,0.8789,0.718,0.5255,0.8214,0.8371,OURS
Train3Val_ClinVarHQ,cls,prot_spliceai,,esm1v_650m,PyTorch_Concat,0.7582,0.8179,0.658,0.8563,0.7293,0.5253,0.8351,0.8314,OURS
Train3Val_ClinVarHQ,mean,dna_prot,nt_v1_500m,esm2_650m,Hybrid_Concat_XGBoost,0.7624,0.7701,0.7414,0.7831,0.7555,0.525,0.8447,0.8238,OURS
Train3Val_ClinVarHQ,cls,dna_prot_spliceai,nt_v2_500m,esm1v_650m,Hybrid_Transformer_XGBoost,0.7624,0.7701,0.7414,0.7831,0.7555,0.525,0.8292,0.829,OURS
Train3Val_ClinVarHQ,mean,dna_prot_spliceai,nt_v1_500m,esm2_650m,Hybrid_Concat_XGBoost,0.7624,0.7685,0.7443,0.7803,0.7562,0.525,0.8455,0.8274,OURS
Train3Val_ClinVarHQ,cls,dna_prot,nt_v2_500m,esm1b_650m,Hybrid_Concat_XGBoost,0.7624,0.7638,0.7529,0.7718,0.7583,0.5248,0.8556,0.8552,OURS
Train3Val_ClinVarHQ,cls,dna_prot_spliceai,nt_v2_500m,esm1v_650m,Pure_XGBoost_Concat,0.7624,0.7623,0.7557,0.769,0.759,0.5248,0.833,0.8268,OURS
Train3Val_ClinVarHQ,cls,dna_prot_spliceai,nt_v3_650m,esmc_600m,PyTorch_Gating,0.7596,0.8013,0.6839,0.8338,0.738,0.524,0.8212,0.8397,OURS
Train3Val_ClinVarHQ,cls,dna_prot,nt_v3_650m,esmc_600m,PyTorch_Transformer,0.7568,0.8195,0.6523,0.8592,0.7264,0.5233,0.8192,0.8338,OURS
Train3Val_ClinVarHQ,cls,dna_prot_spliceai,nt_v2_500m,esm1v_650m,PyTorch_CrossAttn,0.7582,0.809,0.6695,0.8451,0.7327,0.5232,0.8409,0.8421,OURS
Train3Val_ClinVarHQ,cls,dna_prot_spliceai,nt_v3_650m,esm1v_650m,Hybrid_CrossAttn_XGBoost,0.761,0.7761,0.727,0.7944,0.7507,0.5227,0.8301,0.8285,OURS
Train3Val_ClinVarHQ,mean,dna_prot_spliceai,nt_v1_500m,esm2_650m,Pure_XGBoost_Concat,0.761,0.7486,0.7787,0.7437,0.7634,0.5226,0.8424,0.8246,OURS
Train3Val_ClinVarHQ,mean,dna_prot_spliceai,nt_v2_500m,esmc_600m,Hybrid_Transformer_XGBoost,0.761,0.7744,0.7299,0.7915,0.7515,0.5226,0.8481,0.8631,OURS
Train3Val_ClinVarHQ,cls,dna_prot,nt_v3_650m,esmc_600m,Hybrid_CrossAttn_XGBoost,0.7596,0.7934,0.6954,0.8225,0.7412,0.5225,0.8232,0.8348,OURS
Train3Val_ClinVarHQ,cls,dna_prot,nt_v2_500m,esm1v_650m,Hybrid_CrossAttn_XGBoost,0.761,0.7711,0.7356,0.7859,0.7529,0.5223,0.8338,0.8327,OURS
Train3Val_ClinVarHQ,mean,dna_prot,nt_v3_650m,esm2_650m,Hybrid_Transformer_XGBoost,0.761,0.7695,0.7385,0.7831,0.7537,0.5222,0.8518,0.837,OURS
Train3Val_ClinVarHQ,cls,dna_prot_spliceai,nt_v1_500m,esmc_600m,Hybrid_Transformer_XGBoost,0.7596,0.7915,0.6983,0.8197,0.742,0.5222,0.8134,0.826,OURS
Train3Val_ClinVarHQ,cls,dna_prot_spliceai,nt_v2_500m,esm1v_650m,Hybrid_Gating_XGBoost,0.761,0.7695,0.7385,0.7831,0.7537,0.5222,0.8264,0.8306,OURS
Train3Val_ClinVarHQ,cls,dna_prot_spliceai,nt_v2_500m,esm1v_650m,Hybrid_Concat_XGBoost,0.761,0.7632,0.75,0.7718,0.7565,0.522,0.834,0.824,OURS
Train3Val_ClinVarHQ,mean,dna_prot_spliceai,nt_v1_500m,esm2_650m,Hybrid_Gating_XGBoost,0.761,0.7647,0.7471,0.7746,0.7558,0.522,0.8338,0.8184,OURS
Train3Val_ClinVarHQ,mean,dna_prot_spliceai,nt_v1_500m,esmc_600m,PyTorch_Concat,0.7539,0.8277,0.6351,0.8704,0.7187,0.5207,0.8038,0.8405,OURS
Train3Val_ClinVarHQ,cls,dna_prot,nt_v2_500m,esm1v_650m,PyTorch_Gating,0.7568,0.8084,0.6667,0.8451,0.7307,0.5206,0.8387,0.837,OURS
Train3Val_ClinVarHQ,cls,dna_prot_spliceai,nt_v3_650m,esmc_600m,PyTorch_CrossAttn,0.7525,0.8346,0.6236,0.8789,0.7138,0.5204,0.8181,0.8346,OURS
Train3Val_ClinVarHQ,cls,dna_prot_spliceai,nt_v2_500m,esmc_600m,Pure_XGBoost_Concat,0.7596,0.7788,0.7184,0.8,0.7474,0.5203,0.8582,0.8591,OURS
Train3Val_ClinVarHQ,mean,dna_prot_spliceai,nt_v1_500m,esm2_650m,Hybrid_CrossAttn_XGBoost,0.7596,0.772,0.7299,0.7887,0.7504,0.5197,0.8224,0.8176,OURS
Train3Val_ClinVarHQ,mean,dna_prot_spliceai,nt_v3_650m,esm2_650m,Hybrid_Concat_XGBoost,0.7596,0.7704,0.7328,0.7859,0.7511,0.5195,0.8382,0.8246,OURS
Train3Val_ClinVarHQ,mean,dna_prot_spliceai,nt_v2_500m,esm2_650m,Hybrid_CrossAttn_XGBoost,0.7596,0.7656,0.7414,0.7775,0.7533,0.5193,0.8323,0.8189,OURS
Train3Val_ClinVarHQ,mean,dna_prot,nt_v1_500m,esm2_650m,Pure_XGBoost_Concat,0.7596,0.755,0.7615,0.7577,0.7582,0.5192,0.8419,0.8354,OURS
Train3Val_ClinVarHQ,mean,dna_prot,nt_v3_650m,esm2_650m,Hybrid_CrossAttn_XGBoost,0.7596,0.7609,0.75,0.769,0.7554,0.5191,0.8401,0.8253,OURS
Train3Val_ClinVarHQ,cls,dna_prot_spliceai,nt_v2_500m,esm1v_650m,PyTorch_Gating,0.7582,0.7853,0.704,0.8113,0.7424,0.5185,0.8409,0.8374,OURS
Train3Val_ClinVarHQ,cls,dna_prot,nt_v1_500m,esm1v_650m,PyTorch_Transformer,0.7568,0.794,0.6868,0.8254,0.7365,0.5175,0.8357,0.8358,OURS
Train3Val_ClinVarHQ,mean,dna_prot,nt_v3_650m,esm1v_650m,PyTorch_Concat,0.7553,0.8056,0.6667,0.8423,0.7296,0.5174,0.8593,0.8481,OURS
Train3Val_ClinVarHQ,cls,prot_spliceai,,esmc_600m,Pure_XGBoost_Concat,0.7582,0.7697,0.7299,0.7859,0.7493,0.5167,0.8586,0.8683,OURS
Train3Val_ClinVarHQ,mean,dna_prot_spliceai,nt_v3_650m,esm1v_650m,Pure_XGBoost_Concat,0.7582,0.7514,0.7644,0.7521,0.7578,0.5165,0.8526,0.8572,OURS
Train3Val_ClinVarHQ,cls,dna_prot,nt_v2_500m,esm1v_650m,Hybrid_Gating_XGBoost,0.7582,0.7528,0.7615,0.7549,0.7571,0.5164,0.8287,0.8283,OURS
Train3Val_ClinVarHQ,mean,dna_prot_spliceai,nt_v3_650m,esm2_650m,Hybrid_Gating_XGBoost,0.7582,0.7618,0.7443,0.7718,0.7529,0.5163,0.8324,0.8178,OURS
Train3Val_ClinVarHQ,cls,dna_prot,nt_v2_500m,esmc_600m,PyTorch_Concat,0.7468,0.8512,0.592,0.8986,0.6983,0.5162,0.782,0.8039,OURS
Train3Val_ClinVarHQ,cls,dna_prot,nt_v3_650m,esm2_650m,PyTorch_Transformer,0.7553,0.7973,0.6782,0.831,0.7329,0.5156,0.8308,0.8202,OURS
Train3Val_ClinVarHQ,mean,dna_prot,nt_v1_500m,esmc_600m,PyTorch_Transformer,0.7425,0.8678,0.5661,0.9155,0.6852,0.5149,0.8022,0.836,OURS
Train3Val_ClinVarHQ,cls,dna_prot,nt_v1_500m,esmc_600m,Hybrid_Concat_XGBoost,0.7553,0.7895,0.6897,0.8197,0.7362,0.5141,0.8122,0.8295,OURS
Train3Val_ClinVarHQ,mean,dna_prot,nt_v2_500m,esm2_650m,Hybrid_Transformer_XGBoost,0.7568,0.7642,0.7356,0.7775,0.7496,0.5136,0.8429,0.8263,OURS
Train3Val_ClinVarHQ,cls,dna_prot,nt_v1_500m,esm1v_650m,Hybrid_Gating_XGBoost,0.7568,0.7642,0.7356,0.7775,0.7496,0.5136,0.8273,0.8231,OURS
Train3Val_ClinVarHQ,cls,dna_prot,nt_v3_650m,esm1v_650m,Hybrid_Gating_XGBoost,0.7568,0.755,0.7529,0.7606,0.754,0.5135,0.828,0.8227,OURS
Train3Val_ClinVarHQ,cls,dna_prot,nt_v3_650m,esm1v_650m,PyTorch_CrossAttn,0.7539,0.7966,0.6753,0.831,0.7309,0.5129,0.84,0.8436,OURS
Train3Val_ClinVarHQ,cls,dna_prot_spliceai,nt_v2_500m,esm1v_650m,PyTorch_Concat,0.7511,0.8168,0.6408,0.8592,0.7182,0.5129,0.8319,0.8347,OURS
Train3Val_ClinVarHQ,mean,dna_prot,nt_v1_500m,esmc_600m,Hybrid_CrossAttn_XGBoost,0.7553,0.7767,0.7098,0.8,0.7417,0.5121,0.828,0.8492,OURS
Train3Val_ClinVarHQ,cls,dna_prot_spliceai,nt_v3_650m,esm1v_650m,PyTorch_Concat,0.7553,0.7767,0.7098,0.8,0.7417,0.5121,0.8374,0.8372,OURS
Train3Val_ClinVarHQ,cls,dna_prot_spliceai,nt_v3_650m,esmc_600m,Hybrid_CrossAttn_XGBoost,0.7539,0.7907,0.6839,0.8225,0.7334,0.5117,0.82,0.837,OURS
Train3Val_ClinVarHQ,cls,dna_prot_spliceai,nt_v3_650m,esmc_600m,Hybrid_Transformer_XGBoost,0.7539,0.785,0.6925,0.8141,0.7359,0.5107,0.8121,0.8303,OURS
Train3Val_ClinVarHQ,cls,dna_prot,nt_v2_500m,esm1v_650m,Pure_XGBoost_Concat,0.7553,0.7529,0.7529,0.7577,0.7529,0.5106,0.8352,0.8229,OURS
Train3Val_ClinVarHQ,cls,dna_prot,nt_v3_650m,esmc_600m,Hybrid_Gating_XGBoost,0.7539,0.7832,0.6954,0.8113,0.7367,0.5104,0.8147,0.8279,OURS
Train3Val_ClinVarHQ,cls,dna_prot_spliceai,nt_v3_650m,esm1v_650m,PyTorch_Gating,0.7539,0.7832,0.6954,0.8113,0.7367,0.5104,0.8328,0.8339,OURS
Train3Val_ClinVarHQ,mean,bio_dna_geom_prot,nt_v2_500m,esm1b_650m,Hybrid_CrossAttn_XGBoost,0.7255,0.9282,0.4828,0.9634,0.6352,0.5102,0.8815,0.8909,OURS
Train3Val_ClinVarHQ,mean,dna_prot_spliceai,nt_v1_500m,esmc_600m,Hybrid_Transformer_XGBoost,0.7539,0.7814,0.6983,0.8085,0.7375,0.5101,0.83,0.8545,OURS
Train3Val_ClinVarHQ,cls,dna_prot_spliceai,nt_v1_500m,esm2_650m,PyTorch_Transformer,0.7511,0.8057,0.6552,0.8451,0.7227,0.51,0.8113,0.8122,OURS
Train3Val_ClinVarHQ,cls,dna_prot_spliceai,nt_v3_650m,esm1v_650m,PyTorch_Transformer,0.7425,0.8494,0.5833,0.8986,0.6917,0.5087,0.8412,0.8435,OURS
Train3Val_ClinVarHQ,cls,dna_prot_spliceai,nt_v1_500m,esm1v_650m,Hybrid_CrossAttn_XGBoost,0.7539,0.7676,0.7213,0.7859,0.7437,0.5084,0.8287,0.8275,OURS
Train3Val_ClinVarHQ,cls,dna_prot,nt_v1_500m,esmc_600m,Hybrid_Transformer_XGBoost,0.7525,0.7843,0.6897,0.8141,0.7339,0.508,0.8133,0.8313,OURS
Train3Val_ClinVarHQ,mean,dna_prot,nt_v2_500m,esm2_650m,Hybrid_CrossAttn_XGBoost,0.7539,0.7628,0.7299,0.7775,0.746,0.508,0.8327,0.8083,OURS
Train3Val_ClinVarHQ,cls,dna_prot_spliceai,nt_v2_500m,esmc_600m,Hybrid_Gating_XGBoost,0.7511,0.7973,0.6667,0.8338,0.7261,0.508,0.8039,0.8214,OURS
Train3Val_ClinVarHQ,cls,dna_prot,nt_v1_500m,esm1v_650m,PyTorch_CrossAttn,0.7539,0.7612,0.7328,0.7746,0.7467,0.5079,0.8316,0.8338,OURS
Train3Val_ClinVarHQ,cls,dna_prot,nt_v3_650m,esm1v_650m,Hybrid_CrossAttn_XGBoost,0.7539,0.7596,0.7356,0.7718,0.7474,0.5079,0.8275,0.8272,OURS
Train3Val_ClinVarHQ,cls,dna_prot_spliceai,nt_v2_500m,esmc_600m,Hybrid_Transformer_XGBoost,0.7511,0.7952,0.6695,0.831,0.727,0.5076,0.8003,0.8203,OURS
Train3Val_ClinVarHQ,cls,dna_prot_spliceai,nt_v1_500m,esm1v_650m,PyTorch_Gating,0.7496,0.805,0.6523,0.8451,0.7206,0.5074,0.8316,0.8322,OURS
Train3Val_ClinVarHQ,mean,dna_prot,nt_v1_500m,esmc_600m,Hybrid_Transformer_XGBoost,0.7525,0.7788,0.6983,0.8056,0.7364,0.5071,0.8356,0.8566,OURS
Train3Val_ClinVarHQ,cls,dna_prot,nt_v3_650m,esmc_600m,Hybrid_Concat_XGBoost,0.7525,0.7771,0.7011,0.8028,0.7372,0.5068,0.8336,0.8452,OURS
Train3Val_ClinVarHQ,mean,dna_geom_prot,nt_v2_500m,esm1b_650m,Hybrid_CrossAttn_XGBoost,0.7482,0.707,0.8391,0.6592,0.7674,0.506,0.8458,0.8327,OURS
Train3Val_ClinVarHQ,cls,dna_prot_spliceai,nt_v1_500m,esm1v_650m,PyTorch_CrossAttn,0.7525,0.7702,0.7126,0.7915,0.7403,0.506,0.8248,0.8122,OURS
Train3Val_ClinVarHQ,cls,dna_prot,nt_v2_500m,esm1v_650m,Hybrid_Transformer_XGBoost,0.7525,0.7652,0.7213,0.7831,0.7426,0.5055,0.8253,0.8185,OURS
Train3Val_ClinVarHQ,cls,dna_prot,nt_v3_650m,esm2_650m,PyTorch_CrossAttn,0.7482,0.8065,0.6466,0.8479,0.7177,0.5053,0.8164,0.815,OURS
Train3Val_ClinVarHQ,mean,dna_prot,nt_v1_500m,esm2_650m,Hybrid_CrossAttn_XGBoost,0.7525,0.7636,0.7241,0.7803,0.7434,0.5053,0.8288,0.8155,OURS
Train3Val_ClinVarHQ,cls,dna_prot_spliceai,nt_v1_500m,esmc_600m,Hybrid_CrossAttn_XGBoost,0.7511,0.7836,0.6868,0.8141,0.732,0.5053,0.815,0.8299,OURS
Train3Val_ClinVarHQ,cls,dna_prot_spliceai,nt_v1_500m,esm1v_650m,Hybrid_Concat_XGBoost,0.7525,0.7589,0.7328,0.7718,0.7456,0.5051,0.8289,0.8259,OURS
Train3Val_ClinVarHQ,cls,dna_prot,nt_v2_500m,esm2_650m,Pure_XGBoost_Concat,0.7525,0.7472,0.7557,0.7493,0.7514,0.505,0.8325,0.8239,OURS
Train3Val_ClinVarHQ,cls,dna_prot_spliceai,nt_v1_500m,esm1v_650m,PyTorch_Transformer,0.7496,0.7945,0.6667,0.831,0.725,0.5049,0.8241,0.8193,OURS
Train3Val_ClinVarHQ,cls,dna_prot_spliceai,nt_v2_500m,esm2_650m,Pure_XGBoost_Concat,0.7525,0.75,0.75,0.7549,0.75,0.5049,0.8314,0.8198,OURS
Train3Val_ClinVarHQ,cls,dna_prot_spliceai,nt_v1_500m,esm1v_650m,PyTorch_Concat,0.7511,0.7799,0.6925,0.8085,0.7336,0.5047,0.8297,0.8266,OURS
Train3Val_ClinVarHQ,cls,dna_prot_spliceai,nt_v3_650m,esm1v_650m,PyTorch_CrossAttn,0.7482,0.8043,0.6494,0.8451,0.7186,0.5047,0.8312,0.8375,OURS
Train3Val_ClinVarHQ,cls,dna_prot_spliceai,nt_v1_500m,esmc_600m,PyTorch_Transformer,0.7397,0.8511,0.5747,0.9014,0.6861,0.5046,0.7823,0.8155,OURS
Train3Val_ClinVarHQ,cls,dna_prot,nt_v2_500m,esmc_600m,Hybrid_Gating_XGBoost,0.7496,0.7867,0.6782,0.8197,0.7284,0.5033,0.7964,0.816,OURS
Train3Val_ClinVarHQ,cls,dna_prot,nt_v1_500m,esm1v_650m,Hybrid_CrossAttn_XGBoost,0.7511,0.7598,0.727,0.7746,0.743,0.5023,0.822,0.826,OURS
Train3Val_ClinVarHQ,cls,dna_prot,nt_v2_500m,esm1v_650m,PyTorch_Transformer,0.7496,0.781,0.6868,0.8113,0.7309,0.5023,0.8291,0.8282,OURS
Train3Val_ClinVarHQ,cls,dna_prot_spliceai,nt_v1_500m,esm1v_650m,Hybrid_Gating_XGBoost,0.7511,0.7582,0.7299,0.7718,0.7438,0.5022,0.8213,0.8243,OURS
Train3Val_ClinVarHQ,cls,dna_prot,nt_v3_650m,esm1v_650m,Pure_XGBoost_Concat,0.7511,0.7552,0.7356,0.7662,0.7453,0.5021,0.8314,0.8238,OURS
Train3Val_ClinVarHQ,cls,dna_prot,nt_v3_650m,esm1v_650m,Hybrid_Concat_XGBoost,0.7511,0.7522,0.7414,0.7606,0.7467,0.5021,0.8317,0.8325,OURS
Train3Val_ClinVarHQ,cls,dna_geom_prot,nt_v2_500m,esm1b_650m,Hybrid_Transformer_XGBoost,0.7496,0.7263,0.7931,0.707,0.7582,0.5018,0.8185,0.814,OURS
Train3Val_ClinVarHQ,cls,dna_prot_spliceai,nt_v1_500m,esmc_600m,Hybrid_Gating_XGBoost,0.7496,0.7739,0.6983,0.8,0.7341,0.5011,0.8052,0.8198,OURS
Train3Val_ClinVarHQ,cls,dna_prot,nt_v1_500m,esm1v_650m,Pure_XGBoost_Concat,0.7496,0.7389,0.7644,0.7352,0.7514,0.4997,0.8291,0.8199,OURS
Train3Val_ClinVarHQ,cls,dna_prot,nt_v1_500m,esm1v_650m,Hybrid_Concat_XGBoost,0.7496,0.75,0.7414,0.7577,0.7457,0.4992,0.8204,0.8191,OURS
Train3Val_ClinVarHQ,cls,dna_prot_spliceai,nt_v1_500m,esm2_650m,Pure_XGBoost_Concat,0.7496,0.75,0.7414,0.7577,0.7457,0.4992,0.8284,0.817,OURS
Train3Val_ClinVarHQ,cls,dna_prot_spliceai,nt_v2_500m,esmc_600m,Hybrid_Concat_XGBoost,0.7482,0.7785,0.6868,0.8085,0.7298,0.4992,0.8091,0.8326,OURS
Train3Val_ClinVarHQ,cls,dna_prot,nt_v3_650m,esmc_600m,PyTorch_CrossAttn,0.7397,0.834,0.592,0.8845,0.6924,0.499,0.8134,0.825,OURS
Train3Val_ClinVarHQ,cls,dna_prot,nt_v2_500m,esmc_600m,Hybrid_CrossAttn_XGBoost,0.7468,0.7815,0.6782,0.8141,0.7262,0.4972,0.8172,0.834,OURS
Train3Val_ClinVarHQ,cls,dna_prot,nt_v3_650m,esm1v_650m,PyTorch_Concat,0.7468,0.7815,0.6782,0.8141,0.7262,0.4972,0.8349,0.8334,OURS
Train3Val_ClinVarHQ,cls,dna_prot,nt_v3_650m,esm1v_650m,Hybrid_Transformer_XGBoost,0.7482,0.7568,0.7241,0.7718,0.7401,0.4966,0.8259,0.8266,OURS
Train3Val_ClinVarHQ,mean,prot_spliceai,,esm1v_650m,Hybrid_Concat_XGBoost,0.7482,0.7568,0.7241,0.7718,0.7401,0.4966,0.8558,0.8535,OURS
Train3Val_ClinVarHQ,cls,dna_prot,nt_v1_500m,esmc_600m,PyTorch_CrossAttn,0.7383,0.8333,0.5891,0.8845,0.6902,0.4965,0.7686,0.808,OURS
Train3Val_ClinVarHQ,cls,dna_prot_spliceai,nt_v1_500m,esm1v_650m,Pure_XGBoost_Concat,0.7482,0.7493,0.7385,0.7577,0.7438,0.4964,0.8315,0.8247,OURS
Train3Val_ClinVarHQ,cls,dna_prot_spliceai,nt_v3_650m,esm1v_650m,Hybrid_Transformer_XGBoost,0.7482,0.7507,0.7356,0.7606,0.7431,0.4964,0.8311,0.8288,OURS
Train3Val_ClinVarHQ,cls,dna_prot_spliceai,nt_v1_500m,esmc_600m,Hybrid_Concat_XGBoost,0.7468,0.7742,0.6897,0.8028,0.7295,0.4959,0.8126,0.8316,OURS
Train3Val_ClinVarHQ,cls,dna_prot_spliceai,nt_v3_650m,esm2_650m,PyTorch_Concat,0.744,0.7979,0.6466,0.8394,0.7143,0.4958,0.8288,0.8161,OURS
Train3Val_ClinVarHQ,cls,dna_prot,nt_v1_500m,esmc_600m,PyTorch_Concat,0.7354,0.8432,0.5718,0.8958,0.6815,0.4951,0.7689,0.8058,OURS
Train3Val_ClinVarHQ,cls,prot_spliceai,,esm2_650m,PyTorch_Concat,0.7454,0.7826,0.6724,0.8169,0.7233,0.4948,0.8348,0.8241,OURS
Train3Val_ClinVarHQ,mean,dna_prot,nt_v1_500m,esm2_650m,Hybrid_Transformer_XGBoost,0.7468,0.7623,0.7098,0.7831,0.7351,0.4944,0.8374,0.8185,OURS
Train3Val_ClinVarHQ,cls,dna_prot,nt_v2_500m,esmc_600m,PyTorch_CrossAttn,0.7326,0.854,0.5546,0.907,0.6725,0.4942,0.7851,0.8057,OURS
Train3Val_ClinVarHQ,cls,dna_prot,nt_v3_650m,esm2_650m,Hybrid_Transformer_XGBoost,0.7454,0.7649,0.7011,0.7887,0.7316,0.492,0.8125,0.7997,OURS
Train3Val_ClinVarHQ,cls,dna_prot_spliceai,nt_v2_500m,esm2_650m,Hybrid_Concat_XGBoost,0.7454,0.7616,0.7069,0.7831,0.7332,0.4916,0.8087,0.7975,OURS
Train3Val_ClinVarHQ,cls,dna_prot,nt_v2_500m,esm2_650m,PyTorch_Gating,0.7454,0.76,0.7098,0.7803,0.734,0.4914,0.8169,0.8048,OURS
Train3Val_ClinVarHQ,cls,dna_prot_spliceai,nt_v3_650m,esm1v_650m,Hybrid_Gating_XGBoost,0.7454,0.7584,0.7126,0.7775,0.7348,0.4913,0.816,0.8175,OURS
Train3Val_ClinVarHQ,cls,dna_prot,nt_v1_500m,esm2_650m,Pure_XGBoost_Concat,0.7454,0.7464,0.7356,0.7549,0.741,0.4907,0.8273,0.8204,OURS
Train3Val_ClinVarHQ,mean,dna_geom,nt_v2_500m,esm1b_650m,PyTorch_Concat,0.734,0.8368,0.5747,0.8901,0.6814,0.4906,0.8163,0.8326,OURS
Train3Val_ClinVarHQ,cls,dna_prot,nt_v2_500m,esmc_600m,PyTorch_Transformer,0.7283,0.8584,0.5402,0.9127,0.6631,0.489,0.7884,0.8083,OURS
Train3Val_ClinVarHQ,cls,dna_prot,nt_v1_500m,esmc_600m,PyTorch_Transformer,0.7354,0.824,0.592,0.8761,0.689,0.4888,0.7854,0.8129,OURS
Train3Val_ClinVarHQ,cls,dna_prot,nt_v3_650m,esmc_600m,Hybrid_Transformer_XGBoost,0.7425,0.7774,0.6724,0.8113,0.7211,0.4887,0.8151,0.8328,OURS
Train3Val_ClinVarHQ,cls,dna_prot,nt_v1_500m,esm2_650m,PyTorch_Concat,0.7425,0.7756,0.6753,0.8085,0.722,0.4884,0.8183,0.8162,OURS
Train3Val_ClinVarHQ,cls,prot_spliceai,,esm2_650m,Hybrid_Concat_XGBoost,0.744,0.7515,0.7213,0.7662,0.7361,0.488,0.8164,0.8075,OURS
Train3Val_ClinVarHQ,cls,dna_prot_spliceai,nt_v2_500m,esm2_650m,PyTorch_Concat,0.7411,0.7862,0.6552,0.8254,0.7147,0.488,0.8152,0.8062,OURS
Train3Val_ClinVarHQ,cls,prot_spliceai,,esm1v_650m,Hybrid_Concat_XGBoost,0.744,0.7485,0.727,0.7606,0.7376,0.4879,0.8279,0.8203,OURS
Train3Val_ClinVarHQ,cls,dna_prot_spliceai,nt_v3_650m,esm1v_650m,Pure_XGBoost_Concat,0.744,0.7428,0.7385,0.7493,0.7406,0.4878,0.826,0.8253,OURS
Train3Val_ClinVarHQ,cls,dna_prot,nt_v3_650m,esm1v_650m,PyTorch_Gating,0.7425,0.7685,0.6868,0.7972,0.7253,0.4872,0.832,0.8344,OURS
Train3Val_ClinVarHQ,cls,dna_prot_spliceai,nt_v3_650m,esm2_650m,PyTorch_Transformer,0.7354,0.8189,0.5977,0.8704,0.691,0.4872,0.8309,0.8247,OURS
Train3Val_ClinVarHQ,cls,dna_prot_spliceai,nt_v2_500m,esmc_600m,PyTorch_Gating,0.7397,0.7915,0.6437,0.8338,0.71,0.4868,0.785,0.8095,OURS
Train3Val_ClinVarHQ,cls,dna_prot,nt_v1_500m,esmc_600m,PyTorch_Gating,0.7326,0.8306,0.5776,0.8845,0.6814,0.4863,0.7746,0.8054,OURS
Train3Val_ClinVarHQ,cls,dna_prot_spliceai,nt_v1_500m,esmc_600m,PyTorch_Gating,0.734,0.8233,0.5891,0.8761,0.6868,0.4862,0.7679,0.8059,OURS
Train3Val_ClinVarHQ,cls,dna_prot_spliceai,nt_v3_650m,esm2_650m,Hybrid_Gating_XGBoost,0.7425,0.7585,0.704,0.7803,0.7303,0.4859,0.7964,0.7906,OURS
Train3Val_ClinVarHQ,cls,dna_prot,nt_v1_500m,esmc_600m,Hybrid_CrossAttn_XGBoost,0.7411,0.7748,0.6724,0.8085,0.72,0.4857,0.8092,0.8288,OURS
Train3Val_ClinVarHQ,cls,dna_prot_spliceai,nt_v1_500m,esmc_600m,PyTorch_Concat,0.7269,0.8545,0.5402,0.9099,0.662,0.4853,0.7687,0.8025,OURS
Train3Val_ClinVarHQ,cls,dna_prot,nt_v1_500m,esm2_650m,Hybrid_Concat_XGBoost,0.7425,0.7493,0.7213,0.7634,0.735,0.4852,0.8104,0.7974,OURS
Train3Val_ClinVarHQ,cls,dna_prot_spliceai,nt_v3_650m,esm2_650m,PyTorch_CrossAttn,0.7383,0.795,0.6351,0.8394,0.7061,0.4852,0.8206,0.8116,OURS
Train3Val_ClinVarHQ,cls,dna_prot,nt_v1_500m,esm2_650m,PyTorch_Gating,0.7383,0.7929,0.6379,0.8366,0.707,0.4847,0.8082,0.8037,OURS
Train3Val_ClinVarHQ,cls,dna_geom,nt_v2_500m,esm1b_650m,PyTorch_Concat,0.7354,0.6893,0.8477,0.6254,0.7603,0.4846,0.8342,0.8298,OURS
Train3Val_ClinVarHQ,cls,dna_prot_spliceai,nt_v1_500m,esmc_600m,PyTorch_CrossAttn,0.7354,0.8092,0.6092,0.8592,0.6951,0.4843,0.7817,0.8137,OURS
Train3Val_ClinVarHQ,cls,dna_prot_spliceai,nt_v2_500m,esm1v_650m,PyTorch_Transformer,0.7368,0.7985,0.6264,0.8451,0.7021,0.4837,0.829,0.8306,OURS
Train3Val_ClinVarHQ,cls,dna_prot_spliceai,nt_v2_500m,esmc_600m,PyTorch_Concat,0.7297,0.8264,0.5747,0.8817,0.678,0.4803,0.7864,0.808,OURS
Train3Val_ClinVarHQ,mean,dna_prot_spliceai,nt_v1_500m,esm2_650m,Hybrid_Transformer_XGBoost,0.7397,0.7523,0.7069,0.7718,0.7289,0.4799,0.8241,0.8162,OURS
Train3Val_ClinVarHQ,cls,dna_prot,nt_v3_650m,esm2_650m,Pure_XGBoost_Concat,0.7397,0.7419,0.727,0.7521,0.7344,0.4793,0.8172,0.8061,OURS
Train3Val_ClinVarHQ,cls,dna_prot_spliceai,nt_v2_500m,esmc_600m,PyTorch_CrossAttn,0.724,0.85,0.5374,0.907,0.6585,0.4792,0.7812,0.8028,OURS
Train3Val_ClinVarHQ,cls,dna_prot,nt_v3_650m,esm2_650m,PyTorch_Concat,0.7368,0.7801,0.6523,0.8197,0.7105,0.4791,0.8179,0.8087,OURS
Train3Val_ClinVarHQ,cls,dna_prot,nt_v3_650m,esm2_650m,Hybrid_Gating_XGBoost,0.7383,0.7531,0.7011,0.7746,0.7262,0.4772,0.8015,0.7926,OURS
Train3Val_ClinVarHQ,cls,dna_prot,nt_v3_650m,esm2_650m,Hybrid_CrossAttn_XGBoost,0.7383,0.75,0.7069,0.769,0.7278,0.477,0.8198,0.8101,OURS
Train3Val_ClinVarHQ,cls,dna_prot,nt_v2_500m,esm2_650m,PyTorch_CrossAttn,0.7354,0.7812,0.6466,0.8225,0.7075,0.4769,0.8027,0.7965,OURS
Train3Val_ClinVarHQ,cls,dna_prot_spliceai,nt_v3_650m,esm2_650m,PyTorch_Gating,0.7368,0.7672,0.6724,0.8,0.7167,0.4766,0.8193,0.809,OURS
Train3Val_ClinVarHQ,cls,prot_spliceai,,esm2_650m,Pure_XGBoost_Concat,0.7383,0.7412,0.7241,0.7521,0.7326,0.4765,0.8244,0.8187,OURS
Train3Val_ClinVarHQ,cls,dna_prot,nt_v2_500m,esm2_650m,PyTorch_Transformer,0.7354,0.7774,0.6523,0.8169,0.7094,0.476,0.8085,0.8032,OURS
Train3Val_ClinVarHQ,cls,dna_prot,nt_v2_500m,esmc_600m,Hybrid_Transformer_XGBoost,0.7354,0.7736,0.658,0.8113,0.7112,0.4753,0.808,0.8153,OURS
Train3Val_ClinVarHQ,cls,dna_prot_spliceai,nt_v1_500m,esm2_650m,PyTorch_CrossAttn,0.7354,0.77,0.6638,0.8056,0.713,0.4745,0.7898,0.7956,OURS
Train3Val_ClinVarHQ,cls,dna_prot_spliceai,nt_v3_650m,esm2_650m,Hybrid_Concat_XGBoost,0.7368,0.7492,0.704,0.769,0.7259,0.4742,0.8151,0.809,OURS
Train3Val_ClinVarHQ,cls,dna_prot_spliceai,nt_v3_650m,esmc_600m,Hybrid_Gating_XGBoost,0.7354,0.7682,0.6667,0.8028,0.7138,0.4742,0.8072,0.8125,OURS
Train3Val_ClinVarHQ,cls,dna_prot,nt_v2_500m,esm1v_650m,Hybrid_Concat_XGBoost,0.7368,0.7477,0.7069,0.7662,0.7267,0.474,0.8239,0.8236,OURS
Train3Val_ClinVarHQ,cls,dna_prot,nt_v1_500m,esm1v_650m,PyTorch_Gating,0.7354,0.7664,0.6695,0.8,0.7147,0.4739,0.8296,0.8241,OURS
Train3Val_ClinVarHQ,cls,dna_prot_spliceai,nt_v2_500m,esm2_650m,PyTorch_CrossAttn,0.7297,0.8062,0.5977,0.8592,0.6865,0.4739,0.7899,0.7824,OURS
Train3Val_ClinVarHQ,cls,dna_prot,nt_v2_500m,esm2_650m,PyTorch_Concat,0.734,0.7747,0.6523,0.8141,0.7083,0.473,0.8158,0.809,OURS
Train3Val_ClinVarHQ,mean,geom,nt_v2_500m,esm1b_650m,PyTorch_Concat,0.7283,0.6821,0.8448,0.6141,0.7548,0.4711,0.8375,0.8569,OURS
Train3Val_ClinVarHQ,cls,dna_prot_spliceai,nt_v2_500m,esmc_600m,PyTorch_Transformer,0.724,0.8263,0.5603,0.8845,0.6678,0.471,0.797,0.8111,OURS
Train3Val_ClinVarHQ,cls,dna_prot_spliceai,nt_v3_650m,esmc_600m,Pure_XGBoost_Concat,0.7354,0.7411,0.7155,0.7549,0.7281,0.4709,0.846,0.8534,OURS
Train3Val_ClinVarHQ,cls,dna_prot,nt_v1_500m,esm2_650m,PyTorch_CrossAttn,0.7326,0.774,0.6494,0.8141,0.7063,0.4703,0.7964,0.7915,OURS
Train3Val_ClinVarHQ,cls,dna_prot,nt_v3_650m,esm2_650m,Hybrid_Concat_XGBoost,0.734,0.7539,0.6868,0.7803,0.7188,0.4693,0.8205,0.8079,OURS
Train3Val_ClinVarHQ,cls,dna_prot,nt_v2_500m,esmc_600m,PyTorch_Gating,0.7212,0.8276,0.5517,0.8873,0.6621,0.4668,0.7852,0.8071,OURS
Train3Val_ClinVarHQ,cls,dna_prot_spliceai,nt_v1_500m,esm2_650m,PyTorch_Gating,0.7312,0.7695,0.6523,0.8085,0.7061,0.4668,0.806,0.809,OURS
Train3Val_ClinVarHQ,cls,dna_prot_spliceai,nt_v1_500m,esm2_650m,PyTorch_Concat,0.7326,0.7532,0.6839,0.7803,0.7169,0.4666,0.8055,0.8084,OURS
Train3Val_ClinVarHQ,cls,dna_prot,nt_v2_500m,esm2_650m,Hybrid_CrossAttn_XGBoost,0.7326,0.7484,0.6925,0.7718,0.7194,0.466,0.8059,0.7953,OURS
Train3Val_ClinVarHQ,mean,geom,nt_v2_500m,esm1b_650m,Hybrid_Concat_XGBoost,0.7312,0.7054,0.7845,0.6789,0.7429,0.4657,0.7264,0.6726,OURS
Train3Val_ClinVarHQ,cls,dna_prot_spliceai,nt_v3_650m,esm2_650m,Pure_XGBoost_Concat,0.7326,0.7326,0.7241,0.7408,0.7283,0.4651,0.8165,0.815,OURS
Train3Val_ClinVarHQ,mean,dna_geom_prot,nt_v2_500m,esm1b_650m,Hybrid_Gating_XGBoost,0.7269,0.6857,0.8276,0.6282,0.75,0.4646,0.817,0.8137,OURS
Train3Val_ClinVarHQ,cls,dna_prot_spliceai,nt_v3_650m,esm2_650m,Hybrid_CrossAttn_XGBoost,0.7312,0.7477,0.6897,0.7718,0.7175,0.4632,0.8025,0.7923,OURS
Train3Val_ClinVarHQ,cls,dna_prot,nt_v3_650m,esm2_650m,PyTorch_Gating,0.7297,0.7548,0.6724,0.7859,0.7112,0.4615,0.8311,0.8169,OURS
Train3Val_ClinVarHQ,cls,dna_prot,nt_v1_500m,esmc_600m,Hybrid_Gating_XGBoost,0.7297,0.7532,0.6753,0.7831,0.7121,0.4613,0.8033,0.8246,OURS
Train3Val_ClinVarHQ,cls,dna_prot,nt_v2_500m,esm2_650m,Hybrid_Transformer_XGBoost,0.7297,0.7484,0.6839,0.7746,0.7147,0.4606,0.7983,0.7962,OURS
Train3Val_ClinVarHQ,cls,dna_prot_spliceai,nt_v3_650m,esm2_650m,Hybrid_Transformer_XGBoost,0.7283,0.7372,0.7011,0.7549,0.7187,0.4568,0.8073,0.7946,OURS
Train3Val_ClinVarHQ,cls,dna_prot_spliceai,nt_v2_500m,esm2_650m,PyTorch_Transformer,0.7269,0.7453,0.681,0.7718,0.7117,0.4549,0.8007,0.8045,OURS
Train3Val_ClinVarHQ,cls,dna_prot_spliceai,nt_v2_500m,esm2_650m,Hybrid_Transformer_XGBoost,0.7269,0.7407,0.6897,0.7634,0.7143,0.4544,0.7946,0.7914,OURS
Train3Val_ClinVarHQ,cls,dna_prot,nt_v1_500m,esm2_650m,Hybrid_Gating_XGBoost,0.7269,0.7335,0.704,0.7493,0.7185,0.4539,0.8011,0.797,OURS
Train3Val_ClinVarHQ,cls,dna_prot_spliceai,nt_v1_500m,esm2_650m,Hybrid_CrossAttn_XGBoost,0.7226,0.7368,0.6839,0.7606,0.7094,0.4459,0.7904,0.7867,OURS
Train3Val_ClinVarHQ,cls,dna_prot,nt_v2_500m,esm2_650m,Hybrid_Concat_XGBoost,0.7226,0.7297,0.6983,0.7465,0.7137,0.4453,0.8095,0.8074,OURS
Train3Val_ClinVarHQ,cls,dna_prot_spliceai,nt_v1_500m,esm2_650m,Hybrid_Concat_XGBoost,0.7226,0.727,0.704,0.7408,0.7153,0.4452,0.8019,0.8061,OURS
Train3Val_ClinVarHQ,cls,dna_prot,nt_v1_500m,esm2_650m,PyTorch_Transformer,0.7127,0.8017,0.5575,0.8648,0.6576,0.4444,0.8057,0.8068,OURS
Train3Val_ClinVarHQ,cls,dna_prot,nt_v1_500m,esm2_650m,Hybrid_CrossAttn_XGBoost,0.7212,0.7405,0.6724,0.769,0.7048,0.4437,0.7867,0.7868,OURS
Train3Val_ClinVarHQ,cls,dna_prot,nt_v2_500m,esm2_650m,Hybrid_Gating_XGBoost,0.7212,0.7331,0.6868,0.7549,0.7092,0.4429,0.7917,0.7862,OURS
Train3Val_ClinVarHQ,cls,dna_prot_spliceai,nt_v1_500m,esm2_650m,Hybrid_Gating_XGBoost,0.7212,0.7303,0.6925,0.7493,0.7109,0.4426,0.7933,0.7983,OURS
Train3Val_ClinVarHQ,cls,dna_prot_spliceai,nt_v2_500m,esm2_650m,PyTorch_Gating,0.7155,0.7761,0.5977,0.831,0.6753,0.4413,0.8009,0.7948,OURS
Train3Val_ClinVarHQ,cls,dna_prot_spliceai,nt_v2_500m,esm2_650m,Hybrid_CrossAttn_XGBoost,0.7198,0.7323,0.6839,0.7549,0.7073,0.4401,0.7965,0.7994,OURS
Train3Val_ClinVarHQ,cls,dna_prot,nt_v1_500m,esm2_650m,Hybrid_Transformer_XGBoost,0.7169,0.7237,0.6925,0.7408,0.7078,0.434,0.7992,0.7927,OURS
Train3Val_ClinVarHQ,cls,dna_prot_spliceai,nt_v1_500m,esm2_650m,Hybrid_Transformer_XGBoost,0.7141,0.7262,0.6782,0.7493,0.7013,0.4287,0.7905,0.7877,OURS
Train3Val_ClinVarHQ,center,dna_geom,nt_v1_500m,esmc_600m,PyTorch_Concat,0.7013,0.8053,0.523,0.8761,0.6341,0.4272,0.7851,0.8043,OURS
Train3Val_ClinVarHQ,cls,dna_geom_prot,nt_v2_500m,esm1b_650m,Hybrid_Concat_XGBoost,0.6984,0.7931,0.5287,0.8648,0.6345,0.4184,0.8004,0.7749,OURS
Train3Val_ClinVarHQ,cls,dna_prot_spliceai,nt_v2_500m,esm2_650m,Hybrid_Gating_XGBoost,0.7084,0.7134,0.6868,0.7296,0.6999,0.4168,0.7894,0.783,OURS
Train3Val_ClinVarHQ,center,geom,nt_v1_500m,esmc_600m,PyTorch_Concat,0.6956,0.6463,0.8506,0.5437,0.7345,0.4137,0.8431,0.8671,OURS
Train3Val_ClinVarHQ,center,dna_spliceai,nt_v3_650m,,Pure_XGBoost_Concat,0.7055,0.708,0.6897,0.7211,0.6987,0.411,0.7884,0.7904,OURS
Train3Val_ClinVarHQ,mean,bio_geom,nt_v2_500m,esm1b_650m,Hybrid_Concat_XGBoost,0.6458,1.0,0.2845,1.0,0.443,0.4089,0.9293,0.9269,OURS
Train3Val_ClinVarHQ,mean,dna_spliceai,nt_v3_650m,,Pure_XGBoost_Concat,0.7027,0.7026,0.6925,0.7127,0.6975,0.4053,0.769,0.769,OURS
Train3Val_ClinVarHQ,center,dna_spliceai,nt_v3_650m,,PyTorch_Concat,0.6984,0.7464,0.592,0.8028,0.6603,0.4042,0.7659,0.7696,OURS
Train3Val_ClinVarHQ,mean,dna_geom,nt_v2_500m,esm1b_650m,Hybrid_Concat_XGBoost,0.6828,0.643,0.8075,0.5606,0.7159,0.3794,0.7261,0.6793,OURS
Train3Val_ClinVarHQ,mean,dna_geom_prot,nt_v2_500m,esm1b_650m,Hybrid_Transformer_XGBoost,0.6486,0.5933,0.9224,0.3803,0.7222,0.3594,0.7992,0.7656,OURS
Train3Val_ClinVarHQ,center,dna_spliceai,nt_v3_650m,,Hybrid_Concat_XGBoost,0.6615,0.6677,0.6293,0.693,0.6479,0.323,0.7429,0.7564,OURS
Train3Val_ClinVarHQ,mean,dna_spliceai,nt_v3_650m,,PyTorch_Concat,0.6586,0.6765,0.5948,0.7211,0.633,0.3186,0.7333,0.7304,OURS
Train3Val_ClinVarHQ,center,geom,nt_v1_500m,esmc_600m,Hybrid_Concat_XGBoost,0.5917,0.5532,0.9109,0.2789,0.6884,0.2444,0.7626,0.7372,OURS
Train3Val_ClinVarHQ,mean,dna_spliceai,nt_v2_500m,,PyTorch_Concat,0.6145,0.6207,0.569,0.6592,0.5937,0.2291,0.6451,0.6267,OURS
Train3Val_ClinVarHQ,mean,dna_spliceai,nt_v3_650m,,Hybrid_Concat_XGBoost,0.596,0.6111,0.5057,0.6845,0.5535,0.1934,0.6234,0.6583,OURS
Train3Val_ClinVarHQ,mean,dna,nt_v2_500m,,PyTorch_Concat,0.5932,0.5749,0.6839,0.5042,0.6247,0.1912,0.6304,0.6124,OURS
Train3Val_ClinVarHQ,mean,dna,nt_v2_500m,,PyTorch_Concat,0.5932,0.5749,0.6839,0.5042,0.6247,0.1912,0.6304,0.6124,OURS
Train3Val_ClinVarHQ,mean,dna,nt_v2_500m,,PyTorch_Concat,0.5932,0.5749,0.6839,0.5042,0.6247,0.1912,0.6304,0.6124,OURS
Train3Val_ClinVarHQ,mean,dna,nt_v2_500m,,PyTorch_Concat,0.5932,0.5749,0.6839,0.5042,0.6247,0.1912,0.6304,0.6124,OURS
Train3Val_ClinVarHQ,mean,dna,nt_v2_500m,,PyTorch_Concat,0.5932,0.5749,0.6839,0.5042,0.6247,0.1912,0.6304,0.6124,OURS
Train3Val_ClinVarHQ,cls,dna_spliceai,nt_v2_500m,,Pure_XGBoost_Concat,0.5846,0.6007,0.4799,0.6873,0.5335,0.171,0.5953,0.5875,OURS
Train3Val_ClinVarHQ,center,dna,nt_v1_500m,,PyTorch_Concat,0.5761,0.5687,0.5948,0.5577,0.5815,0.1527,0.6196,0.6013,OURS
Train3Val_ClinVarHQ,center,dna,nt_v1_500m,,PyTorch_Concat,0.5761,0.5687,0.5948,0.5577,0.5815,0.1527,0.6196,0.6013,OURS
Train3Val_ClinVarHQ,center,dna,nt_v1_500m,,PyTorch_Concat,0.5761,0.5687,0.5948,0.5577,0.5815,0.1527,0.6196,0.6013,OURS
Train3Val_ClinVarHQ,center,dna,nt_v1_500m,,PyTorch_Concat,0.5761,0.5687,0.5948,0.5577,0.5815,0.1527,0.6196,0.6013,OURS
Train3Val_ClinVarHQ,center,dna,nt_v1_500m,,PyTorch_Concat,0.5761,0.5687,0.5948,0.5577,0.5815,0.1527,0.6196,0.6013,OURS
Train3Val_ClinVarHQ,center,dna_spliceai,nt_v2_500m,,PyTorch_Concat,0.5733,0.5622,0.6236,0.5239,0.5913,0.1482,0.6329,0.6264,OURS
Train3Val_ClinVarHQ,center,dna_spliceai,nt_v2_500m,,Hybrid_Concat_XGBoost,0.5676,0.564,0.5575,0.5775,0.5607,0.135,0.6028,0.6008,OURS
Train3Val_ClinVarHQ,center,dna_spliceai,nt_v2_500m,,Pure_XGBoost_Concat,0.5676,0.5651,0.5489,0.5859,0.5569,0.1349,0.5812,0.5525,OURS
Train3Val_ClinVarHQ,mean,dna_spliceai,nt_v2_500m,,Hybrid_Concat_XGBoost,0.5661,0.5596,0.5805,0.5521,0.5698,0.1326,0.5975,0.5994,OURS
Train3Val_ClinVarHQ,cls,dna_spliceai,nt_v2_500m,,PyTorch_Concat,0.5619,0.5495,0.6379,0.4873,0.5904,0.1267,0.5675,0.5505,OURS
Train3Val_ClinVarHQ,cls,dna_spliceai,nt_v2_500m,,Hybrid_Concat_XGBoost,0.5619,0.5694,0.4713,0.6507,0.5157,0.124,0.5699,0.5705,OURS
Train3Val_ClinVarHQ,center,dna_spliceai,nt_v1_500m,,PyTorch_Concat,0.5562,0.5514,0.5546,0.5577,0.553,0.1123,0.5885,0.5624,OURS
Train3Val_ClinVarHQ,cls,dna_spliceai,nt_v3_650m,,PyTorch_Concat,0.5505,0.5513,0.4943,0.6056,0.5212,0.1005,0.5603,0.5603,OURS
Train3Val_ClinVarHQ,mean,dna_spliceai,nt_v1_500m,,Hybrid_Concat_XGBoost,0.5491,0.5437,0.5546,0.5437,0.5491,0.0983,0.5871,0.5683,OURS
Train3Val_ClinVarHQ,mean,dna,nt_v2_500m,,Hybrid_Concat_XGBoost,0.5462,0.5404,0.5575,0.5352,0.5488,0.0927,0.5685,0.5568,OURS
Train3Val_ClinVarHQ,mean,dna,nt_v2_500m,,Hybrid_Concat_XGBoost,0.5462,0.5404,0.5575,0.5352,0.5488,0.0927,0.5685,0.5568,OURS
Train3Val_ClinVarHQ,mean,dna,nt_v2_500m,,Hybrid_Concat_XGBoost,0.5462,0.5404,0.5575,0.5352,0.5488,0.0927,0.5685,0.5568,OURS
Train3Val_ClinVarHQ,mean,dna,nt_v2_500m,,Hybrid_Concat_XGBoost,0.5462,0.5404,0.5575,0.5352,0.5488,0.0927,0.5685,0.5568,OURS
Train3Val_ClinVarHQ,mean,dna,nt_v2_500m,,Hybrid_Concat_XGBoost,0.5462,0.5404,0.5575,0.5352,0.5488,0.0927,0.5685,0.5568,OURS
Train3Val_ClinVarHQ,mean,dna_spliceai,nt_v1_500m,,PyTorch_Concat,0.542,0.5433,0.4684,0.6141,0.5031,0.0834,0.5547,0.5485,OURS
Train3Val_ClinVarHQ,cls,dna_geom,nt_v2_500m,esm1b_650m,Hybrid_Concat_XGBoost,0.5135,0.875,0.0201,0.9972,0.0393,0.0815,0.6552,0.6831,OURS
Train3Val_ClinVarHQ,center,dna,nt_v1_500m,,Hybrid_Concat_XGBoost,0.5377,0.5326,0.5402,0.5352,0.5364,0.0754,0.5417,0.5229,OURS
Train3Val_ClinVarHQ,center,dna,nt_v1_500m,,Hybrid_Concat_XGBoost,0.5377,0.5326,0.5402,0.5352,0.5364,0.0754,0.5417,0.5229,OURS
Train3Val_ClinVarHQ,center,dna,nt_v1_500m,,Hybrid_Concat_XGBoost,0.5377,0.5326,0.5402,0.5352,0.5364,0.0754,0.5417,0.5229,OURS
Train3Val_ClinVarHQ,center,dna,nt_v1_500m,,Hybrid_Concat_XGBoost,0.5377,0.5326,0.5402,0.5352,0.5364,0.0754,0.5417,0.5229,OURS
Train3Val_ClinVarHQ,center,dna,nt_v1_500m,,Hybrid_Concat_XGBoost,0.5377,0.5326,0.5402,0.5352,0.5364,0.0754,0.5417,0.5229,OURS
Train3Val_ClinVarHQ,cls,dna,nt_v2_500m,,Pure_XGBoost_Concat,0.5377,0.5395,0.4511,0.6225,0.4914,0.0748,0.5466,0.5443,OURS
Train3Val_ClinVarHQ,cls,dna,nt_v2_500m,,Pure_XGBoost_Concat,0.5377,0.5395,0.4511,0.6225,0.4914,0.0748,0.5466,0.5443,OURS
Train3Val_ClinVarHQ,cls,dna,nt_v2_500m,,Pure_XGBoost_Concat,0.5377,0.5395,0.4511,0.6225,0.4914,0.0748,0.5466,0.5443,OURS
Train3Val_ClinVarHQ,cls,dna,nt_v2_500m,,Pure_XGBoost_Concat,0.5377,0.5395,0.4511,0.6225,0.4914,0.0748,0.5466,0.5443,OURS
Train3Val_ClinVarHQ,cls,dna,nt_v2_500m,,Pure_XGBoost_Concat,0.5377,0.5395,0.4511,0.6225,0.4914,0.0748,0.5466,0.5443,OURS
Train3Val_ClinVarHQ,cls,dna_geom_prot,nt_v2_500m,esm1b_650m,Hybrid_Gating_XGBoost,0.532,0.5704,0.2213,0.8366,0.3188,0.0735,0.7227,0.6657,OURS
Train3Val_ClinVarHQ,center,dna,nt_v1_500m,,Pure_XGBoost_Concat,0.5363,0.5316,0.5316,0.5408,0.5316,0.0725,0.5488,0.5328,OURS
Train3Val_ClinVarHQ,center,dna,nt_v1_500m,,Pure_XGBoost_Concat,0.5363,0.5316,0.5316,0.5408,0.5316,0.0725,0.5488,0.5328,OURS
Train3Val_ClinVarHQ,center,dna,nt_v1_500m,,Pure_XGBoost_Concat,0.5363,0.5316,0.5316,0.5408,0.5316,0.0725,0.5488,0.5328,OURS
Train3Val_ClinVarHQ,center,dna,nt_v1_500m,,Pure_XGBoost_Concat,0.5363,0.5316,0.5316,0.5408,0.5316,0.0725,0.5488,0.5328,OURS
Train3Val_ClinVarHQ,center,dna,nt_v1_500m,,Pure_XGBoost_Concat,0.5363,0.5316,0.5316,0.5408,0.5316,0.0725,0.5488,0.5328,OURS
Train3Val_ClinVarHQ,center,dna_spliceai,nt_v1_500m,,Hybrid_Concat_XGBoost,0.5363,0.5333,0.5057,0.5662,0.5192,0.0721,0.559,0.5407,OURS
Train3Val_ClinVarHQ,cls,dna_spliceai,nt_v3_650m,,Hybrid_Concat_XGBoost,0.5349,0.5366,0.4425,0.6254,0.485,0.069,0.5484,0.5435,OURS
Train3Val_ClinVarHQ,mean,dna_spliceai,nt_v1_500m,,Pure_XGBoost_Concat,0.5334,0.5316,0.4828,0.5831,0.506,0.0662,0.5464,0.5516,OURS
Train3Val_ClinVarHQ,cls,dna,nt_v2_500m,,PyTorch_Concat,0.532,0.5411,0.3592,0.7014,0.4318,0.0645,0.5324,0.5251,OURS
Train3Val_ClinVarHQ,cls,dna,nt_v2_500m,,PyTorch_Concat,0.532,0.5411,0.3592,0.7014,0.4318,0.0645,0.5324,0.5251,OURS
Train3Val_ClinVarHQ,cls,dna,nt_v2_500m,,PyTorch_Concat,0.532,0.5411,0.3592,0.7014,0.4318,0.0645,0.5324,0.5251,OURS
Train3Val_ClinVarHQ,cls,dna,nt_v2_500m,,PyTorch_Concat,0.532,0.5411,0.3592,0.7014,0.4318,0.0645,0.5324,0.5251,OURS
Train3Val_ClinVarHQ,cls,dna,nt_v2_500m,,PyTorch_Concat,0.532,0.5411,0.3592,0.7014,0.4318,0.0645,0.5324,0.5251,OURS
Train3Val_ClinVarHQ,cls,dna_spliceai,nt_v1_500m,,PyTorch_Concat,0.5292,0.5415,0.319,0.7352,0.4014,0.0596,0.5424,0.5468,OURS
Train3Val_ClinVarHQ,cls,dna_spliceai,nt_v3_650m,,Pure_XGBoost_Concat,0.5292,0.5326,0.3994,0.6563,0.4565,0.0577,0.5308,0.5298,OURS
Train3Val_ClinVarHQ,center,dna_spliceai,nt_v1_500m,,Pure_XGBoost_Concat,0.5263,0.5225,0.5,0.5521,0.511,0.0522,0.552,0.5389,OURS
Train3Val_ClinVarHQ,cls,dna_spliceai,nt_v1_500m,,Pure_XGBoost_Concat,0.5263,0.5237,0.477,0.5746,0.4992,0.0519,0.5625,0.555,OURS
Train3Val_ClinVarHQ,mean,dna,nt_v2_500m,,Pure_XGBoost_Concat,0.5249,0.5212,0.4943,0.5549,0.5074,0.0493,0.5494,0.5497,OURS
Train3Val_ClinVarHQ,mean,dna,nt_v2_500m,,Pure_XGBoost_Concat,0.5249,0.5212,0.4943,0.5549,0.5074,0.0493,0.5494,0.5497,OURS
Train3Val_ClinVarHQ,mean,dna,nt_v2_500m,,Pure_XGBoost_Concat,0.5249,0.5212,0.4943,0.5549,0.5074,0.0493,0.5494,0.5497,OURS
Train3Val_ClinVarHQ,mean,dna,nt_v2_500m,,Pure_XGBoost_Concat,0.5249,0.5212,0.4943,0.5549,0.5074,0.0493,0.5494,0.5497,OURS
Train3Val_ClinVarHQ,mean,dna,nt_v2_500m,,Pure_XGBoost_Concat,0.5249,0.5212,0.4943,0.5549,0.5074,0.0493,0.5494,0.5497,OURS
Train3Val_ClinVarHQ,mean,dna_spliceai,nt_v2_500m,,Pure_XGBoost_Concat,0.5249,0.5219,0.4799,0.569,0.5,0.0491,0.5515,0.5509,OURS
Train3Val_ClinVarHQ,cls,dna_geom_prot,nt_v2_500m,esm1b_650m,Hybrid_CrossAttn_XGBoost,0.5078,0.5015,0.9454,0.0789,0.6554,0.0486,0.7325,0.7156,OURS
Train3Val_ClinVarHQ,cls,dna,nt_v2_500m,,Hybrid_Concat_XGBoost,0.5164,0.5139,0.4253,0.6056,0.4654,0.0314,0.5175,0.5053,OURS
Train3Val_ClinVarHQ,cls,dna,nt_v2_500m,,Hybrid_Concat_XGBoost,0.5164,0.5139,0.4253,0.6056,0.4654,0.0314,0.5175,0.5053,OURS
Train3Val_ClinVarHQ,cls,dna,nt_v2_500m,,Hybrid_Concat_XGBoost,0.5164,0.5139,0.4253,0.6056,0.4654,0.0314,0.5175,0.5053,OURS
Train3Val_ClinVarHQ,cls,dna,nt_v2_500m,,Hybrid_Concat_XGBoost,0.5164,0.5139,0.4253,0.6056,0.4654,0.0314,0.5175,0.5053,OURS
Train3Val_ClinVarHQ,cls,dna,nt_v2_500m,,Hybrid_Concat_XGBoost,0.5164,0.5139,0.4253,0.6056,0.4654,0.0314,0.5175,0.5053,OURS
Train3Val_ClinVarHQ,cls,dna_spliceai,nt_v1_500m,,Hybrid_Concat_XGBoost,0.5107,0.5061,0.4799,0.5408,0.4926,0.0208,0.5139,0.5139,OURS
Train3Val_ClinVarHQ,mean,dna_geom_prot,nt_v2_500m,esm1b_650m,Hybrid_Concat_XGBoost,0.495,0.495,1.0,0.0,0.6622,0.0,0.6438,0.6017,OURS
Train3Val_ClinVarHQ,cls,geom,nt_v2_500m,esm1b_650m,Hybrid_Concat_XGBoost,0.4595,0.4734,0.819,0.107,0.6,-0.1055,0.4737,0.4872,OURS
Train3Val_ProteinGym,center,bio_geom_prot,nt_v1_500m,esmc_600m,PyTorch_Concat,0.8431,0.8286,0.8274,0.8562,0.828,0.6837,0.9168,0.9029,OURS
Train3Val_ProteinGym,mean,bio_core_dna_prot_spliceai,nt_v3_650m,esm1b_650m,PyTorch_Transformer,0.8274,0.7765,0.8735,0.7887,0.8221,0.66,0.8989,0.871,OURS
Train3Val_ProteinGym,center,bio_dna_geom_prot,nt_v1_500m,esmc_600m,PyTorch_Transformer,0.8295,0.8586,0.75,0.8962,0.8006,0.6574,0.8981,0.8863,OURS
Train3Val_ProteinGym,center,bio_core_dna_prot_spliceai,nt_v1_500m,esmc_600m,PyTorch_CrossAttn,0.82,0.7633,0.878,0.7712,0.8166,0.6476,0.9083,0.8935,OURS
Train3Val_ProteinGym,mean,bio_core_dna_prot_spliceai,nt_v2_500m,esm1b_650m,PyTorch_Transformer,0.8166,0.7488,0.9003,0.7462,0.8176,0.6472,0.899,0.863,OURS
Train3Val_ProteinGym,center,bio_dna_geom_prot,nt_v1_500m,esmc_600m,PyTorch_Gating,0.8234,0.8093,0.8021,0.8412,0.8057,0.6438,0.9018,0.887,OURS
Train3Val_ProteinGym,center,bio_dna_geom_prot,nt_v1_500m,esmc_600m,Hybrid_Gating_XGBoost,0.8234,0.8131,0.7961,0.8462,0.8045,0.6436,0.8985,0.8886,OURS
Train3Val_ProteinGym,center,dna_prot_spliceai,nt_v3_650m,esm1b_650m,PyTorch_Concat,0.8227,0.81,0.7991,0.8425,0.8045,0.6423,0.8952,0.8838,OURS
Train3Val_ProteinGym,mean,bio_dna_prot,nt_v2_500m,esm1b_650m,PyTorch_Transformer,0.8179,0.7708,0.8557,0.7862,0.811,0.6395,0.8994,0.8648,OURS
Train3Val_ProteinGym,cls,bio_geom_prot,nt_v2_500m,esm1b_650m,PyTorch_Concat,0.8193,0.7917,0.8199,0.8188,0.8056,0.6372,0.8931,0.8638,OURS
Train3Val_ProteinGym,center,dna_prot_spliceai,nt_v3_650m,esm1b_650m,PyTorch_Gating,0.8193,0.8172,0.7783,0.8538,0.7973,0.6351,0.8878,0.8781,OURS
Train3Val_ProteinGym,center,bio_dna_geom_prot,nt_v1_500m,esmc_600m,Hybrid_CrossAttn_XGBoost,0.8132,0.7561,0.872,0.7638,0.81,0.6343,0.9046,0.8848,OURS
Train3Val_ProteinGym,center,bio_dna_geom_prot,nt_v1_500m,esmc_600m,PyTorch_CrossAttn,0.8118,0.7503,0.881,0.7538,0.8104,0.6339,0.9099,0.8982,OURS
Train3Val_ProteinGym,center,bio_dna_geom_prot,nt_v1_500m,esmc_600m,Hybrid_Concat_XGBoost,0.8179,0.8006,0.8006,0.8325,0.8006,0.6331,0.9005,0.8855,OURS
Train3Val_ProteinGym,cls,bio_dna_geom_prot,nt_v2_500m,esm1b_650m,PyTorch_Transformer,0.8145,0.7729,0.8408,0.7925,0.8054,0.6309,0.892,0.8572,OURS
Train3Val_ProteinGym,mean,bio_prot,,esm1b_650m,PyTorch_Concat,0.805,0.7311,0.9062,0.72,0.8093,0.6294,0.8937,0.8625,OURS
Train3Val_ProteinGym,mean,bio_prot,,esm1b_650m,PyTorch_Concat,0.805,0.7311,0.9062,0.72,0.8093,0.6294,0.8937,0.8625,OURS
Train3Val_ProteinGym,mean,bio_prot,,esm1b_650m,PyTorch_Concat,0.805,0.7311,0.9062,0.72,0.8093,0.6294,0.8937,0.8625,OURS
Train3Val_ProteinGym,cls,bio_core_dna_prot_spliceai,nt_v3_650m,esm1b_650m,PyTorch_Transformer,0.8139,0.7726,0.8393,0.7925,0.8046,0.6294,0.8898,0.8469,OURS
Train3Val_ProteinGym,center,dna_prot,nt_v1_500m,esmc_600m,PyTorch_Concat,0.8152,0.8472,0.7262,0.89,0.7821,0.6289,0.8777,0.8751,OURS
Train3Val_ProteinGym,center,bio_core_dna_prot_spliceai,nt_v2_500m,esmc_600m,PyTorch_Transformer,0.8125,0.7676,0.8452,0.785,0.8045,0.6279,0.9007,0.8898,OURS
Train3Val_ProteinGym,center,bio_core_dna_prot_spliceai,nt_v3_650m,esmc_600m,PyTorch_CrossAttn,0.8098,0.7526,0.869,0.76,0.8066,0.6276,0.9074,0.8941,OURS
Train3Val_ProteinGym,mean,geom_prot,nt_v2_500m,esm1b_650m,Pure_XGBoost_Concat,0.8145,0.7904,0.808,0.82,0.7991,0.627,0.8951,0.8835,OURS
Train3Val_ProteinGym,center,bio_core_dna_prot_spliceai,nt_v1_500m,esmc_600m,PyTorch_Concat,0.8057,0.7377,0.8914,0.7338,0.8073,0.6261,0.8995,0.8812,OURS
Train3Val_ProteinGym,cls,bio_core_dna_prot_spliceai,nt_v3_650m,esm1b_650m,PyTorch_CrossAttn,0.8111,0.7648,0.8467,0.7812,0.8037,0.6256,0.8802,0.828,OURS
Train3Val_ProteinGym,center,dna_prot,nt_v1_500m,esm1b_650m,PyTorch_Gating,0.8145,0.8103,0.7753,0.8475,0.7924,0.6255,0.8779,0.8704,OURS
Train3Val_ProteinGym,center,dna_prot,nt_v3_650m,esm1b_650m,PyTorch_Transformer,0.8145,0.8112,0.7738,0.8488,0.7921,0.6254,0.8851,0.8711,OURS
Train3Val_ProteinGym,center,bio_core_prot_spliceai,,esmc_600m,PyTorch_Concat,0.7996,0.72,0.9182,0.7,0.8071,0.6243,0.9059,0.8936,OURS
Train3Val_ProteinGym,center,bio_dna_geom_prot,nt_v1_500m,esmc_600m,PyTorch_Concat,0.8139,0.8169,0.7634,0.8562,0.7892,0.6241,0.8885,0.8768,OURS
Train3Val_ProteinGym,center,dna_prot_spliceai,nt_v2_500m,esm1b_650m,PyTorch_CrossAttn,0.8139,0.8071,0.7783,0.8438,0.7924,0.6241,0.8824,0.8737,OURS
Train3Val_ProteinGym,mean,bio_core_dna_prot_spliceai,nt_v2_500m,esm1b_650m,PyTorch_CrossAttn,0.801,0.7243,0.9107,0.7088,0.8069,0.624,0.8967,0.867,OURS
Train3Val_ProteinGym,center,dna_prot_spliceai,nt_v3_650m,esmc_600m,PyTorch_Gating,0.8132,0.8347,0.7366,0.8775,0.7826,0.6237,0.8768,0.8744,OURS
Train3Val_ProteinGym,center,dna_prot,nt_v2_500m,esm1b_650m,PyTorch_Concat,0.8132,0.8021,0.7842,0.8375,0.7931,0.623,0.8816,0.8747,OURS
Train3Val_ProteinGym,center,bio_core_dna_prot,nt_v3_650m,esm1v_650m,PyTorch_Concat,0.801,0.7253,0.9077,0.7113,0.8063,0.623,0.8985,0.8857,OURS
Train3Val_ProteinGym,mean,bio_dna_geom,nt_v2_500m,esm1b_650m,PyTorch_Concat,0.8111,0.7736,0.8289,0.7962,0.8003,0.6229,0.8891,0.8732,OURS
Train3Val_ProteinGym,center,dna_prot,nt_v3_650m,esm1b_650m,PyTorch_Gating,0.8132,0.8126,0.7679,0.8512,0.7896,0.6227,0.8851,0.8729,OURS
Train3Val_ProteinGym,center,dna_prot,nt_v2_500m,esm1b_650m,PyTorch_Transformer,0.8132,0.8087,0.7738,0.8462,0.7909,0.6227,0.8829,0.874,OURS
Train3Val_ProteinGym,center,dna_geom_prot,nt_v1_500m,esmc_600m,Pure_XGBoost_Concat,0.8132,0.8106,0.7708,0.8488,0.7902,0.6227,0.8805,0.8728,OURS
Train3Val_ProteinGym,center,dna_prot,nt_v3_650m,esm1b_650m,Hybrid_Transformer_XGBoost,0.8125,0.7929,0.7976,0.825,0.7953,0.6223,0.8808,0.8625,OURS
Train3Val_ProteinGym,center,dna_prot,nt_v2_500m,esm1b_650m,PyTorch_CrossAttn,0.8125,0.7964,0.7917,0.83,0.794,0.622,0.8822,0.873,OURS
Train3Val_ProteinGym,center,bio_core_dna_prot_spliceai,nt_v3_650m,esm1b_650m,PyTorch_Transformer,0.8016,0.7289,0.9003,0.7188,0.8056,0.6218,0.9009,0.8851,OURS
Train3Val_ProteinGym,center,dna_prot_spliceai,nt_v2_500m,esm1b_650m,PyTorch_Transformer,0.8125,0.8056,0.7768,0.8425,0.7909,0.6214,0.8825,0.8693,OURS
Train3Val_ProteinGym,center,prot_spliceai,,esm1b_650m,PyTorch_Concat,0.8125,0.8113,0.7679,0.85,0.789,0.6213,0.8816,0.8733,OURS
Train3Val_ProteinGym,cls,geom_prot,nt_v2_500m,esm1b_650m,Pure_XGBoost_Concat,0.8118,0.7909,0.7991,0.8225,0.795,0.6211,0.8869,0.8757,OURS
Train3Val_ProteinGym,center,dna_prot,nt_v3_650m,esm1b_650m,PyTorch_CrossAttn,0.8118,0.7988,0.7857,0.8338,0.7922,0.6203,0.8892,0.8728,OURS
Train3Val_ProteinGym,center,dna_prot_spliceai,nt_v2_500m,esmc_600m,Pure_XGBoost_Concat,0.8118,0.7988,0.7857,0.8338,0.7922,0.6203,0.8747,0.8656,OURS
Train3Val_ProteinGym,center,dna_prot,nt_v2_500m,esm1b_650m,Hybrid_Transformer_XGBoost,0.8111,0.7889,0.8006,0.82,0.7947,0.6199,0.8774,0.8692,OURS
Train3Val_ProteinGym,center,bio_geom_prot,nt_v1_500m,esmc_600m,Hybrid_Concat_XGBoost,0.8118,0.813,0.7634,0.8525,0.7874,0.6199,0.8882,0.8744,OURS
Train3Val_ProteinGym,center,bio_core_dna_prot_spliceai,nt_v3_650m,esmc_600m,PyTorch_Transformer,0.8043,0.7418,0.8765,0.7438,0.8035,0.6198,0.9013,0.8865,OURS
Train3Val_ProteinGym,cls,dna_geom_prot,nt_v2_500m,esm1b_650m,Pure_XGBoost_Concat,0.8111,0.7906,0.7976,0.8225,0.7941,0.6197,0.8898,0.8804,OURS
Train3Val_ProteinGym,center,dna_prot,nt_v2_500m,esm1b_650m,Hybrid_Concat_XGBoost,0.8105,0.7844,0.8065,0.8138,0.7953,0.6191,0.8788,0.8633,OURS
Train3Val_ProteinGym,center,dna_prot,nt_v1_500m,esm1b_650m,PyTorch_Transformer,0.8111,0.8177,0.7545,0.8588,0.7848,0.6186,0.8757,0.8665,OURS
Train3Val_ProteinGym,center,dna_prot,nt_v3_650m,esm1b_650m,PyTorch_Concat,0.8111,0.8088,0.7679,0.8475,0.7878,0.6185,0.8862,0.8753,OURS
Train3Val_ProteinGym,center,dna_prot_spliceai,nt_v2_500m,esm1b_650m,Hybrid_CrossAttn_XGBoost,0.8105,0.7894,0.7976,0.8212,0.7935,0.6184,0.8803,0.8644,OURS
Train3Val_ProteinGym,cls,bio_dna_geom_prot,nt_v2_500m,esm1b_650m,PyTorch_CrossAttn,0.8064,0.7556,0.8512,0.7688,0.8006,0.6178,0.8869,0.8584,OURS
Train3Val_ProteinGym,cls,bio_core_dna_prot_spliceai,nt_v3_650m,esm1b_650m,PyTorch_Gating,0.8003,0.7299,0.8929,0.7225,0.8032,0.6173,0.8887,0.8497,OURS
Train3Val_ProteinGym,center,dna_prot_spliceai,nt_v3_650m,esm1b_650m,Pure_XGBoost_Concat,0.8091,0.7813,0.808,0.81,0.7944,0.6167,0.8827,0.8656,OURS
Train3Val_ProteinGym,cls,bio_core_dna_prot_spliceai,nt_v2_500m,esm1b_650m,PyTorch_Transformer,0.8016,0.7357,0.8824,0.7338,0.8024,0.6167,0.8857,0.8531,OURS
Train3Val_ProteinGym,mean,bio_core_prot_spliceai,,esm1b_650m,PyTorch_Concat,0.801,0.7331,0.8869,0.7288,0.8027,0.6167,0.8872,0.8507,OURS
Train3Val_ProteinGym,cls,bio_core_dna_prot_spliceai,nt_v1_500m,esm1b_650m,PyTorch_Concat,0.8043,0.7481,0.8616,0.7562,0.8008,0.6163,0.8828,0.8434,OURS
Train3Val_ProteinGym,center,geom_prot,nt_v1_500m,esmc_600m,Pure_XGBoost_Concat,0.8098,0.7979,0.7812,0.8338,0.7895,0.6161,0.8851,0.8785,OURS
Train3Val_ProteinGym,center,dna_prot_spliceai,nt_v1_500m,esm1b_650m,PyTorch_CrossAttn,0.8098,0.7997,0.7783,0.8362,0.7888,0.616,0.8794,0.871,OURS
Train3Val_ProteinGym,center,dna_prot,nt_v1_500m,esmc_600m,Hybrid_Transformer_XGBoost,0.8091,0.7871,0.7976,0.8188,0.7923,0.6158,0.8782,0.8761,OURS
Train3Val_ProteinGym,mean,bio_core_dna_prot_spliceai,nt_v2_500m,esm1b_650m,PyTorch_Concat,0.7996,0.7296,0.8914,0.7225,0.8024,0.6157,0.8902,0.854,OURS
Train3Val_ProteinGym,center,dna_prot_spliceai,nt_v2_500m,esmc_600m,PyTorch_Gating,0.8091,0.8286,0.7336,0.8725,0.7782,0.6152,0.8721,0.8714,OURS
Train3Val_ProteinGym,center,dna_prot_spliceai,nt_v2_500m,esmc_600m,Hybrid_Transformer_XGBoost,0.8091,0.7922,0.7887,0.8262,0.7905,0.6152,0.8826,0.8754,OURS
Train3Val_ProteinGym,mean,bio_core_dna_prot_spliceai,nt_v1_500m,esm1b_650m,PyTorch_Transformer,0.7976,0.7237,0.9003,0.7113,0.8024,0.6149,0.8946,0.8671,OURS
Train3Val_ProteinGym,center,bio_core_dna_prot_spliceai,nt_v3_650m,esm1v_650m,PyTorch_CrossAttn,0.7996,0.7307,0.8884,0.725,0.8019,0.6148,0.9008,0.8888,OURS
Train3Val_ProteinGym,center,prot_spliceai,,esmc_600m,PyTorch_Concat,0.8084,0.8362,0.7217,0.8812,0.7748,0.6147,0.8826,0.878,OURS
Train3Val_ProteinGym,center,dna_prot,nt_v3_650m,esm1b_650m,Hybrid_Gating_XGBoost,0.8077,0.7775,0.811,0.805,0.7939,0.6144,0.8812,0.8656,OURS
Train3Val_ProteinGym,center,geom_prot,nt_v1_500m,esmc_600m,PyTorch_Concat,0.8091,0.8088,0.7619,0.8488,0.7847,0.6144,0.8882,0.8805,OURS
Train3Val_ProteinGym,mean,dna_prot_spliceai,nt_v2_500m,esm1b_650m,PyTorch_Gating,0.8084,0.7893,0.7917,0.8225,0.7905,0.614,0.8799,0.8598,OURS
Train3Val_ProteinGym,center,dna_prot_spliceai,nt_v3_650m,esm1b_650m,Hybrid_Gating_XGBoost,0.8077,0.7799,0.8065,0.8088,0.793,0.6139,0.8813,0.8713,OURS
Train3Val_ProteinGym,center,bio_dna_geom_prot,nt_v1_500m,esmc_600m,Hybrid_Transformer_XGBoost,0.8084,0.7928,0.7857,0.8275,0.7892,0.6137,0.8869,0.868,OURS
Train3Val_ProteinGym,mean,dna_prot,nt_v2_500m,esm1b_650m,PyTorch_Concat,0.8084,0.7928,0.7857,0.8275,0.7892,0.6137,0.8791,0.8549,OURS
Train3Val_ProteinGym,cls,bio_geom,nt_v2_500m,esm1b_650m,PyTorch_Concat,0.7996,0.7324,0.8839,0.7288,0.8011,0.6136,0.8936,0.8776,OURS
Train3Val_ProteinGym,cls,bio_dna_geom_prot,nt_v2_500m,esm1b_650m,PyTorch_Gating,0.8077,0.7831,0.8006,0.8138,0.7918,0.6134,0.8863,0.8624,OURS
Train3Val_ProteinGym,center,dna_prot,nt_v1_500m,esm1b_650m,PyTorch_CrossAttn,0.8084,0.8019,0.7708,0.84,0.786,0.6131,0.8743,0.8692,OURS
Train3Val_ProteinGym,center,dna_prot,nt_v3_650m,esm1b_650m,Hybrid_Concat_XGBoost,0.8077,0.7848,0.7976,0.8162,0.7911,0.6131,0.8825,0.8715,OURS
Train3Val_ProteinGym,center,dna_prot_spliceai,nt_v1_500m,esm1v_650m,PyTorch_Gating,0.8084,0.8019,0.7708,0.84,0.786,0.6131,0.8679,0.8608,OURS
Train3Val_ProteinGym,center,dna_prot,nt_v3_650m,esm1b_650m,Hybrid_CrossAttn_XGBoost,0.8077,0.7856,0.7961,0.8175,0.7908,0.613,0.8845,0.8741,OURS
Train3Val_ProteinGym,center,dna_prot,nt_v1_500m,esm1b_650m,Pure_XGBoost_Concat,0.8077,0.7881,0.7917,0.8212,0.7899,0.6127,0.8809,0.8657,OURS
Train3Val_ProteinGym,cls,bio_prot,,esm1b_650m,PyTorch_Concat,0.7962,0.722,0.9003,0.7088,0.8013,0.6127,0.8941,0.861,OURS
Train3Val_ProteinGym,cls,bio_prot,,esm1b_650m,PyTorch_Concat,0.7962,0.722,0.9003,0.7088,0.8013,0.6127,0.8941,0.861,OURS
Train3Val_ProteinGym,cls,bio_prot,,esm1b_650m,PyTorch_Concat,0.7962,0.722,0.9003,0.7088,0.8013,0.6127,0.8941,0.861,OURS
Train3Val_ProteinGym,center,bio_core_dna_prot_spliceai,nt_v1_500m,esmc_600m,Hybrid_Transformer_XGBoost,0.7901,0.7051,0.9286,0.6738,0.8015,0.6127,0.8989,0.8717,OURS
Train3Val_ProteinGym,center,dna_prot,nt_v2_500m,esm1b_650m,PyTorch_Gating,0.8077,0.7916,0.7857,0.8262,0.7886,0.6123,0.8792,0.8699,OURS
Train3Val_ProteinGym,center,dna_prot_spliceai,nt_v3_650m,esm1v_650m,PyTorch_Concat,0.8077,0.7925,0.7842,0.8275,0.7883,0.6123,0.884,0.8761,OURS
Train3Val_ProteinGym,center,dna_prot_spliceai,nt_v2_500m,esmc_600m,PyTorch_CrossAttn,0.8077,0.8247,0.7351,0.8688,0.7773,0.6123,0.875,0.8706,OURS
Train3Val_ProteinGym,center,dna_prot,nt_v3_650m,esmc_600m,Hybrid_Gating_XGBoost,0.8077,0.7943,0.7812,0.83,0.7877,0.6121,0.8745,0.8624,OURS
Train3Val_ProteinGym,center,dna_prot,nt_v2_500m,esmc_600m,Pure_XGBoost_Concat,0.8077,0.796,0.7783,0.8325,0.7871,0.612,0.8769,0.8664,OURS
Train3Val_ProteinGym,center,prot_spliceai,,esm1b_650m,Pure_XGBoost_Concat,0.8071,0.7828,0.7991,0.8138,0.7909,0.6119,0.8828,0.8673,OURS
Train3Val_ProteinGym,center,dna_prot_spliceai,nt_v1_500m,esmc_600m,PyTorch_CrossAttn,0.8077,0.8163,0.747,0.8588,0.7801,0.6118,0.8745,0.8693,OURS
Train3Val_ProteinGym,center,dna_prot_spliceai,nt_v2_500m,esm1b_650m,PyTorch_Concat,0.8071,0.7836,0.7976,0.815,0.7906,0.6118,0.8793,0.872,OURS
Train3Val_ProteinGym,center,dna_prot_spliceai,nt_v3_650m,esmc_600m,PyTorch_CrossAttn,0.8077,0.8063,0.7619,0.8462,0.7835,0.6116,0.8852,0.8794,OURS
Train3Val_ProteinGym,center,dna_prot_spliceai,nt_v2_500m,esm1v_650m,PyTorch_CrossAttn,0.8071,0.7922,0.7827,0.8275,0.7874,0.6109,0.8771,0.8693,OURS
Train3Val_ProteinGym,mean,bio_core_dna_prot_spliceai,nt_v1_500m,esm1b_650m,PyTorch_CrossAttn,0.7982,0.7312,0.8824,0.7275,0.7997,0.6108,0.892,0.8626,OURS
Train3Val_ProteinGym,center,dna_prot,nt_v3_650m,esm1v_650m,PyTorch_Transformer,0.8071,0.8031,0.7649,0.8425,0.7835,0.6103,0.8797,0.8678,OURS
Train3Val_ProteinGym,center,bio_core_dna_prot_spliceai,nt_v3_650m,esm1b_650m,Hybrid_CrossAttn_XGBoost,0.7874,0.7006,0.933,0.665,0.8003,0.6102,0.9074,0.8935,OURS
Train3Val_ProteinGym,mean,dna_geom_prot,nt_v2_500m,esm1b_650m,Pure_XGBoost_Concat,0.8057,0.7765,0.8065,0.805,0.7912,0.61,0.8914,0.8828,OURS
Train3Val_ProteinGym,center,dna_prot_spliceai,nt_v1_500m,esmc_600m,Hybrid_CrossAttn_XGBoost,0.8064,0.7875,0.7887,0.8212,0.7881,0.6099,0.8771,0.87,OURS
Train3Val_ProteinGym,cls,bio_core_prot_spliceai,,esm1b_650m,PyTorch_Concat,0.7921,0.7128,0.9122,0.6912,0.8003,0.6099,0.8933,0.8538,OURS
Train3Val_ProteinGym,center,dna_geom_prot,nt_v1_500m,esmc_600m,PyTorch_Concat,0.805,0.8481,0.6979,0.895,0.7657,0.6098,0.8641,0.8637,OURS
Train3Val_ProteinGym,center,dna_prot_spliceai,nt_v2_500m,esm1b_650m,PyTorch_Gating,0.8064,0.7884,0.7872,0.8225,0.7878,0.6098,0.8769,0.8678,OURS
Train3Val_ProteinGym,center,dna_prot_spliceai,nt_v1_500m,esm1b_650m,Hybrid_CrossAttn_XGBoost,0.8057,0.7789,0.8021,0.8088,0.7903,0.6096,0.8711,0.8634,OURS
Train3Val_ProteinGym,mean,bio_dna_geom_prot,nt_v2_500m,esm1b_650m,Pure_XGBoost_Concat,0.784,0.6937,0.9435,0.65,0.7995,0.6093,0.9111,0.8905,OURS
Train3Val_ProteinGym,center,dna_prot_spliceai,nt_v3_650m,esm1b_650m,Hybrid_Transformer_XGBoost,0.8057,0.7805,0.7991,0.8112,0.7897,0.6093,0.8749,0.8657,OURS
Train3Val_ProteinGym,center,prot_spliceai,,esm1b_650m,Hybrid_Concat_XGBoost,0.8057,0.7822,0.7961,0.8138,0.7891,0.6091,0.8798,0.87,OURS
Train3Val_ProteinGym,center,dna_prot_spliceai,nt_v3_650m,esmc_600m,PyTorch_Concat,0.8064,0.8126,0.7485,0.855,0.7792,0.609,0.8849,0.8767,OURS
Train3Val_ProteinGym,center,dna_prot_spliceai,nt_v2_500m,esm1b_650m,Hybrid_Transformer_XGBoost,0.8057,0.783,0.7946,0.815,0.7888,0.609,0.8849,0.8757,OURS
Train3Val_ProteinGym,center,dna_prot_spliceai,nt_v3_650m,esm1b_650m,PyTorch_CrossAttn,0.8057,0.7864,0.7887,0.82,0.7875,0.6085,0.8758,0.8675,OURS
Train3Val_ProteinGym,center,dna_prot,nt_v2_500m,esmc_600m,PyTorch_CrossAttn,0.8057,0.7881,0.7857,0.8225,0.7869,0.6084,0.8776,0.8691,OURS
Train3Val_ProteinGym,center,bio_core_dna_prot_spliceai,nt_v2_500m,esmc_600m,PyTorch_Concat,0.7921,0.7143,0.9077,0.695,0.7995,0.6083,0.9008,0.8853,OURS
Train3Val_ProteinGym,center,bio_core_dna_prot_spliceai,nt_v2_500m,esm1b_650m,PyTorch_Transformer,0.7935,0.7185,0.9003,0.7038,0.7992,0.6081,0.895,0.8814,OURS
Train3Val_ProteinGym,center,dna_prot,nt_v2_500m,esmc_600m,Hybrid_Concat_XGBoost,0.8057,0.7924,0.7783,0.8288,0.7853,0.608,0.8795,0.8685,OURS
Train3Val_ProteinGym,center,prot_spliceai,,esmc_600m,Pure_XGBoost_Concat,0.8057,0.7915,0.7798,0.8275,0.7856,0.608,0.8784,0.8688,OURS
Train3Val_ProteinGym,center,bio_core_dna_prot_spliceai,nt_v3_650m,esm1b_650m,Hybrid_Transformer_XGBoost,0.7846,0.6961,0.9375,0.6562,0.799,0.6077,0.9068,0.8904,OURS
Train3Val_ProteinGym,center,dna_prot_spliceai,nt_v3_650m,esm1b_650m,PyTorch_Transformer,0.8057,0.8006,0.7649,0.84,0.7823,0.6076,0.8783,0.8714,OURS
Train3Val_ProteinGym,mean,bio_core_dna_prot_spliceai,nt_v3_650m,esm1b_650m,PyTorch_CrossAttn,0.7887,0.7058,0.9211,0.6775,0.7992,0.6076,0.8926,0.8559,OURS
Train3Val_ProteinGym,center,dna_prot,nt_v1_500m,esmc_600m,Pure_XGBoost_Concat,0.8057,0.8016,0.7634,0.8412,0.782,0.6075,0.8774,0.8653,OURS
Train3Val_ProteinGym,center,dna_prot_spliceai,nt_v3_650m,esmc_600m,PyTorch_Transformer,0.801,0.8738,0.6592,0.92,0.7515,0.6072,0.8692,0.8692,OURS
Train3Val_ProteinGym,center,dna_prot,nt_v3_650m,esm1v_650m,Hybrid_Concat_XGBoost,0.8037,0.7701,0.8125,0.7962,0.7907,0.6069,0.8778,0.8715,OURS
Train3Val_ProteinGym,center,dna_prot_spliceai,nt_v1_500m,esm1b_650m,PyTorch_Concat,0.805,0.7886,0.7827,0.8238,0.7857,0.6069,0.8768,0.8687,OURS
Train3Val_ProteinGym,center,dna_prot_spliceai,nt_v3_650m,esm1v_650m,PyTorch_Transformer,0.805,0.8224,0.7307,0.8675,0.7738,0.6068,0.8772,0.8695,OURS
Train3Val_ProteinGym,center,dna_prot_spliceai,nt_v3_650m,esm1b_650m,Hybrid_CrossAttn_XGBoost,0.8043,0.7783,0.7991,0.8088,0.7885,0.6067,0.8823,0.8721,OURS
Train3Val_ProteinGym,center,dna_prot,nt_v2_500m,esm1b_650m,Hybrid_CrossAttn_XGBoost,0.8043,0.7807,0.7946,0.8125,0.7876,0.6064,0.8825,0.8741,OURS
Train3Val_ProteinGym,center,dna_prot_spliceai,nt_v1_500m,esmc_600m,Hybrid_Concat_XGBoost,0.805,0.7948,0.7723,0.8325,0.7834,0.6064,0.8739,0.8652,OURS
Train3Val_ProteinGym,center,dna_prot_spliceai,nt_v1_500m,esm1b_650m,Pure_XGBoost_Concat,0.8043,0.7815,0.7932,0.8138,0.7873,0.6062,0.8836,0.8652,OURS
Train3Val_ProteinGym,center,dna_prot,nt_v2_500m,esmc_600m,PyTorch_Gating,0.805,0.8051,0.756,0.8462,0.7797,0.6061,0.8727,0.8697,OURS
Train3Val_ProteinGym,mean,bio_dna_geom_prot,nt_v2_500m,esm1b_650m,PyTorch_CrossAttn,0.805,0.8022,0.7604,0.8425,0.7807,0.6061,0.8843,0.8602,OURS
Train3Val_ProteinGym,center,dna_prot,nt_v1_500m,esm1b_650m,Hybrid_CrossAttn_XGBoost,0.8037,0.7763,0.8006,0.8062,0.7883,0.6056,0.8739,0.8684,OURS
Train3Val_ProteinGym,center,bio_core_dna_prot_spliceai,nt_v1_500m,esm1b_650m,PyTorch_Gating,0.7901,0.7113,0.9092,0.69,0.7982,0.6055,0.901,0.8857,OURS
Train3Val_ProteinGym,center,dna_prot,nt_v3_650m,esmc_600m,Hybrid_Transformer_XGBoost,0.8043,0.79,0.7783,0.8262,0.7841,0.6053,0.8757,0.8678,OURS
Train3Val_ProteinGym,center,dna_prot,nt_v3_650m,esmc_600m,PyTorch_Transformer,0.8023,0.8508,0.6875,0.8988,0.7605,0.6052,0.881,0.8753,OURS
Train3Val_ProteinGym,mean,geom_prot,nt_v2_500m,esm1b_650m,Hybrid_Concat_XGBoost,0.8043,0.7945,0.7708,0.8325,0.7825,0.605,0.8802,0.8619,OURS
Train3Val_ProteinGym,center,dna_prot_spliceai,nt_v3_650m,esm1v_650m,PyTorch_CrossAttn,0.8043,0.7954,0.7693,0.8338,0.7821,0.605,0.8862,0.876,OURS
Train3Val_ProteinGym,center,dna_prot_spliceai,nt_v2_500m,esmc_600m,PyTorch_Transformer,0.8043,0.8148,0.7396,0.8588,0.7754,0.605,0.8674,0.8664,OURS
Train3Val_ProteinGym,center,dna_prot,nt_v2_500m,esmc_600m,PyTorch_Transformer,0.8043,0.8117,0.744,0.855,0.7764,0.6049,0.872,0.8712,OURS
Train3Val_ProteinGym,center,dna_prot_spliceai,nt_v1_500m,esm1v_650m,PyTorch_Transformer,0.8043,0.7991,0.7634,0.8388,0.7808,0.6048,0.8729,0.8627,OURS
Train3Val_ProteinGym,mean,dna_prot_spliceai,nt_v2_500m,esm1b_650m,PyTorch_CrossAttn,0.8043,0.8,0.7619,0.84,0.7805,0.6048,0.8788,0.8546,OURS
Train3Val_ProteinGym,center,dna_prot,nt_v3_650m,esmc_600m,Hybrid_CrossAttn_XGBoost,0.8037,0.7829,0.7887,0.8162,0.7858,0.6046,0.8792,0.8759,OURS
Train3Val_ProteinGym,center,dna_geom_prot,nt_v1_500m,esmc_600m,PyTorch_CrossAttn,0.801,0.861,0.6726,0.9088,0.7552,0.6045,0.8749,0.8716,OURS
Train3Val_ProteinGym,center,dna_prot_spliceai,nt_v3_650m,esm1b_650m,Hybrid_Concat_XGBoost,0.803,0.7768,0.7976,0.8075,0.7871,0.604,0.8806,0.8684,OURS
Train3Val_ProteinGym,center,dna_prot,nt_v1_500m,esm1b_650m,Hybrid_Concat_XGBoost,0.803,0.7801,0.7917,0.8125,0.7858,0.6035,0.8787,0.8697,OURS
Train3Val_ProteinGym,center,dna_prot_spliceai,nt_v1_500m,esmc_600m,PyTorch_Transformer,0.8023,0.8384,0.7024,0.8862,0.7644,0.6033,0.8766,0.8707,OURS
Train3Val_ProteinGym,center,dna_prot_spliceai,nt_v1_500m,esmc_600m,PyTorch_Concat,0.8023,0.8372,0.7039,0.885,0.7648,0.6031,0.861,0.8615,OURS
Train3Val_ProteinGym,center,dna_geom_prot,nt_v1_500m,esmc_600m,Hybrid_CrossAttn_XGBoost,0.803,0.7842,0.7842,0.8188,0.7842,0.603,0.8727,0.8691,OURS
Train3Val_ProteinGym,center,prot_spliceai,,esm1v_650m,Hybrid_Concat_XGBoost,0.8023,0.7749,0.7991,0.805,0.7868,0.6028,0.8747,0.8616,OURS
Train3Val_ProteinGym,center,dna_prot,nt_v3_650m,esm1v_650m,Hybrid_Gating_XGBoost,0.801,0.7621,0.8199,0.785,0.79,0.6027,0.87,0.8638,OURS
Train3Val_ProteinGym,center,prot,,esmc_600m,Pure_XGBoost_Concat,0.803,0.7938,0.7679,0.8325,0.7806,0.6022,0.8794,0.8688,OURS
Train3Val_ProteinGym,center,prot,,esmc_600m,Pure_XGBoost_Concat,0.803,0.7938,0.7679,0.8325,0.7806,0.6022,0.8794,0.8688,OURS
Train3Val_ProteinGym,center,prot,,esmc_600m,Pure_XGBoost_Concat,0.803,0.7938,0.7679,0.8325,0.7806,0.6022,0.8794,0.8688,OURS
Train3Val_ProteinGym,center,prot,,esmc_600m,Pure_XGBoost_Concat,0.803,0.7938,0.7679,0.8325,0.7806,0.6022,0.8794,0.8688,OURS
Train3Val_ProteinGym,center,prot,,esmc_600m,Pure_XGBoost_Concat,0.803,0.7938,0.7679,0.8325,0.7806,0.6022,0.8794,0.8688,OURS
Train3Val_ProteinGym,center,dna_prot,nt_v3_650m,esm1v_650m,Pure_XGBoost_Concat,0.8016,0.7707,0.8051,0.7988,0.7875,0.6022,0.8772,0.8637,OURS
Train3Val_ProteinGym,center,dna_prot_spliceai,nt_v1_500m,esmc_600m,Pure_XGBoost_Concat,0.803,0.7938,0.7679,0.8325,0.7806,0.6022,0.8748,0.8692,OURS
Train3Val_ProteinGym,center,dna_prot_spliceai,nt_v3_650m,esmc_600m,Hybrid_Concat_XGBoost,0.8023,0.7814,0.7872,0.815,0.7843,0.6019,0.8815,0.8706,OURS
Train3Val_ProteinGym,center,dna_prot,nt_v2_500m,esm1v_650m,PyTorch_CrossAttn,0.8023,0.8202,0.7262,0.8662,0.7703,0.6013,0.8744,0.8688,OURS
Train3Val_ProteinGym,cls,geom,nt_v2_500m,esm1b_650m,PyTorch_Concat,0.8016,0.8322,0.7083,0.88,0.7653,0.6012,0.877,0.8722,OURS
Train3Val_ProteinGym,center,bio_core_dna_prot_spliceai,nt_v3_650m,esmc_600m,PyTorch_Gating,0.7833,0.6976,0.9271,0.6625,0.7962,0.6012,0.9071,0.8954,OURS
Train3Val_ProteinGym,center,dna_prot,nt_v2_500m,esmc_600m,Hybrid_Transformer_XGBoost,0.8016,0.7762,0.7946,0.8075,0.7853,0.6011,0.8766,0.8643,OURS
Train3Val_ProteinGym,center,bio_dna_prot,nt_v1_500m,esmc_600m,PyTorch_CrossAttn,0.7908,0.7182,0.8914,0.7062,0.7955,0.6007,0.8966,0.8819,OURS
Train3Val_ProteinGym,center,prot_spliceai,,esm1v_650m,Pure_XGBoost_Concat,0.8016,0.7794,0.7887,0.8125,0.784,0.6007,0.8806,0.8705,OURS
Train3Val_ProteinGym,mean,dna_prot_spliceai,nt_v3_650m,esm1b_650m,Hybrid_Concat_XGBoost,0.801,0.7711,0.8021,0.8,0.7863,0.6006,0.8753,0.8484,OURS
Train3Val_ProteinGym,mean,dna_prot_spliceai,nt_v3_650m,esm1b_650m,PyTorch_CrossAttn,0.8016,0.7811,0.7857,0.815,0.7834,0.6004,0.8712,0.8377,OURS
Train3Val_ProteinGym,mean,bio_dna_geom_prot,nt_v2_500m,esm1b_650m,PyTorch_Concat,0.8016,0.7827,0.7827,0.8175,0.7827,0.6002,0.8797,0.8525,OURS
Train3Val_ProteinGym,center,dna_prot_spliceai,nt_v1_500m,esm1b_650m,PyTorch_Gating,0.8016,0.7836,0.7812,0.8188,0.7824,0.6001,0.8723,0.8628,OURS
Train3Val_ProteinGym,mean,dna_prot_spliceai,nt_v2_500m,esm1b_650m,PyTorch_Concat,0.8016,0.7853,0.7783,0.8212,0.7818,0.6,0.8793,0.8531,OURS
Train3Val_ProteinGym,center,dna_prot,nt_v2_500m,esmc_600m,Hybrid_Gating_XGBoost,0.8016,0.787,0.7753,0.8238,0.7811,0.5998,0.8746,0.8712,OURS
Train3Val_ProteinGym,center,dna_prot_spliceai,nt_v3_650m,esm1v_650m,Pure_XGBoost_Concat,0.8003,0.7677,0.8065,0.795,0.7866,0.5998,0.8772,0.8658,OURS
Train3Val_ProteinGym,center,dna_prot_spliceai,nt_v3_650m,esmc_600m,Pure_XGBoost_Concat,0.8016,0.787,0.7753,0.8238,0.7811,0.5998,0.8765,0.8641,OURS
Train3Val_ProteinGym,mean,dna_geom_prot,nt_v2_500m,esm1b_650m,PyTorch_Transformer,0.8016,0.7905,0.7693,0.8288,0.7798,0.5996,0.8778,0.8448,OURS
Train3Val_ProteinGym,center,dna_prot_spliceai,nt_v2_500m,esm1v_650m,PyTorch_Transformer,0.8016,0.7905,0.7693,0.8288,0.7798,0.5996,0.8802,0.8693,OURS
Train3Val_ProteinGym,mean,bio_dna_prot,nt_v2_500m,esm1b_650m,PyTorch_CrossAttn,0.786,0.7059,0.9107,0.6812,0.7953,0.5993,0.8923,0.8607,OURS
Train3Val_ProteinGym,center,dna_prot,nt_v3_650m,esm1v_650m,PyTorch_CrossAttn,0.8016,0.7978,0.7574,0.8388,0.7771,0.5993,0.8798,0.8722,OURS
Train3Val_ProteinGym,center,dna_prot,nt_v3_650m,esm1v_650m,PyTorch_Gating,0.8016,0.796,0.7604,0.8362,0.7778,0.5993,0.883,0.8749,OURS
Train3Val_ProteinGym,center,dna_prot,nt_v1_500m,esm1v_650m,Hybrid_CrossAttn_XGBoost,0.8003,0.7716,0.7991,0.8012,0.7851,0.599,0.8679,0.8605,OURS
Train3Val_ProteinGym,cls,bio_core_dna_prot_spliceai,nt_v3_650m,esm1b_650m,PyTorch_Concat,0.7908,0.7203,0.8854,0.7113,0.7944,0.5989,0.8882,0.849,OURS
Train3Val_ProteinGym,center,dna_prot,nt_v3_650m,esm1b_650m,Pure_XGBoost_Concat,0.8003,0.7731,0.7961,0.8038,0.7845,0.5987,0.8772,0.8618,OURS
Train3Val_ProteinGym,mean,bio_geom_prot,nt_v2_500m,esm1b_650m,PyTorch_Concat,0.7921,0.7254,0.8765,0.7212,0.7938,0.5987,0.8813,0.8534,OURS
Train3Val_ProteinGym,center,dna_prot_spliceai,nt_v1_500m,esmc_600m,Hybrid_Transformer_XGBoost,0.801,0.7858,0.7753,0.8225,0.7805,0.5985,0.8709,0.8662,OURS
Train3Val_ProteinGym,center,dna_prot,nt_v1_500m,esmc_600m,PyTorch_Gating,0.7996,0.8396,0.6935,0.8888,0.7596,0.5984,0.8612,0.8617,OURS
Train3Val_ProteinGym,center,prot,,esmc_600m,PyTorch_Concat,0.7982,0.8544,0.6726,0.9038,0.7527,0.5983,0.8775,0.8728,OURS
Train3Val_ProteinGym,center,prot,,esmc_600m,PyTorch_Concat,0.7982,0.8544,0.6726,0.9038,0.7527,0.5983,0.8775,0.8728,OURS
Train3Val_ProteinGym,center,prot,,esmc_600m,PyTorch_Concat,0.7982,0.8544,0.6726,0.9038,0.7527,0.5983,0.8775,0.8728,OURS
Train3Val_ProteinGym,center,prot,,esmc_600m,PyTorch_Concat,0.7982,0.8544,0.6726,0.9038,0.7527,0.5983,0.8775,0.8728,OURS
Train3Val_ProteinGym,center,prot,,esmc_600m,PyTorch_Concat,0.7982,0.8544,0.6726,0.9038,0.7527,0.5983,0.8775,0.8728,OURS
Train3Val_ProteinGym,center,dna_prot,nt_v3_650m,esm1v_650m,PyTorch_Concat,0.8003,0.7763,0.7902,0.8088,0.7832,0.5982,0.8876,0.8786,OURS
Train3Val_ProteinGym,center,dna_prot,nt_v3_650m,esmc_600m,Pure_XGBoost_Concat,0.801,0.792,0.7649,0.8312,0.7782,0.5981,0.8788,0.8627,OURS
Train3Val_ProteinGym,center,dna_prot,nt_v2_500m,esmc_600m,Hybrid_CrossAttn_XGBoost,0.8003,0.7771,0.7887,0.81,0.7829,0.598,0.8829,0.8755,OURS
Train3Val_ProteinGym,center,bio_geom,nt_v1_500m,esmc_600m,Hybrid_Concat_XGBoost,0.7955,0.8763,0.6429,0.9238,0.7416,0.598,0.8835,0.8623,OURS
Train3Val_ProteinGym,mean,dna_prot,nt_v2_500m,esm1b_650m,PyTorch_Transformer,0.801,0.7938,0.7619,0.8338,0.7775,0.598,0.8778,0.8549,OURS
Train3Val_ProteinGym,center,dna_prot_spliceai,nt_v2_500m,esm1b_650m,Pure_XGBoost_Concat,0.8003,0.7771,0.7887,0.81,0.7829,0.598,0.8754,0.8638,OURS
Train3Val_ProteinGym,mean,dna_prot_spliceai,nt_v1_500m,esm1b_650m,PyTorch_CrossAttn,0.8003,0.7779,0.7872,0.8112,0.7825,0.5979,0.872,0.8385,OURS
Train3Val_ProteinGym,center,bio_core_dna_prot_spliceai,nt_v1_500m,esm1b_650m,PyTorch_Transformer,0.7867,0.7091,0.9033,0.6888,0.7945,0.5978,0.9008,0.8857,OURS
Train3Val_ProteinGym,center,dna_prot,nt_v3_650m,esmc_600m,Hybrid_Concat_XGBoost,0.8003,0.7796,0.7842,0.8138,0.7819,0.5977,0.8797,0.8747,OURS
Train3Val_ProteinGym,center,dna_prot,nt_v1_500m,esmc_600m,Hybrid_CrossAttn_XGBoost,0.8003,0.7804,0.7827,0.815,0.7816,0.5976,0.8731,0.8635,OURS
Train3Val_ProteinGym,mean,dna_prot,nt_v3_650m,esm1b_650m,Hybrid_Concat_XGBoost,0.7996,0.772,0.7961,0.8025,0.7839,0.5974,0.8727,0.846,OURS
Train3Val_ProteinGym,mean,bio_geom_prot,nt_v2_500m,esm1b_650m,Pure_XGBoost_Concat,0.7792,0.6913,0.933,0.65,0.7942,0.5972,0.9096,0.8915,OURS
Train3Val_ProteinGym,center,dna_prot,nt_v1_500m,esmc_600m,PyTorch_CrossAttn,0.7969,0.8607,0.6622,0.91,0.7485,0.5971,0.8636,0.8635,OURS
Train3Val_ProteinGym,center,dna_prot,nt_v1_500m,esmc_600m,Hybrid_Concat_XGBoost,0.8003,0.7864,0.7723,0.8238,0.7793,0.597,0.8772,0.8691,OURS
Train3Val_ProteinGym,cls,bio_core_dna_prot_spliceai,nt_v2_500m,esm1b_650m,Hybrid_CrossAttn_XGBoost,0.7779,0.6885,0.9375,0.6438,0.794,0.597,0.8946,0.8669,OURS
Train3Val_ProteinGym,mean,bio_core_dna_prot_spliceai,nt_v3_650m,esm1b_650m,PyTorch_Concat,0.7867,0.7101,0.9003,0.6912,0.794,0.5968,0.891,0.8629,OURS
Train3Val_ProteinGym,center,dna_prot_spliceai,nt_v1_500m,esmc_600m,PyTorch_Gating,0.7989,0.8369,0.6949,0.8862,0.7593,0.5967,0.8575,0.8586,OURS
Train3Val_ProteinGym,center,bio_core_dna_prot_spliceai,nt_v2_500m,esmc_600m,Hybrid_CrossAttn_XGBoost,0.7812,0.6962,0.9241,0.6612,0.7941,0.5967,0.9052,0.8874,OURS
Train3Val_ProteinGym,center,dna_prot,nt_v3_650m,esmc_600m,PyTorch_Concat,0.7996,0.7768,0.7872,0.81,0.782,0.5966,0.885,0.8797,OURS
Train3Val_ProteinGym,center,dna_prot_spliceai,nt_v1_500m,esm1b_650m,Hybrid_Transformer_XGBoost,0.7996,0.7776,0.7857,0.8112,0.7816,0.5965,0.8725,0.8619,OURS
Train3Val_ProteinGym,mean,dna_prot_spliceai,nt_v2_500m,esm1b_650m,PyTorch_Transformer,0.8003,0.8029,0.7455,0.8462,0.7731,0.5965,0.8823,0.8564,OURS
Train3Val_ProteinGym,center,dna_prot,nt_v2_500m,esm1b_650m,Hybrid_Gating_XGBoost,0.7996,0.7784,0.7842,0.8125,0.7813,0.5964,0.8709,0.8666,OURS
Train3Val_ProteinGym,mean,dna_prot,nt_v3_650m,esm1b_650m,Hybrid_Transformer_XGBoost,0.7989,0.7701,0.7976,0.8,0.7836,0.5962,0.8756,0.8536,OURS
Train3Val_ProteinGym,center,bio_core_dna_prot_spliceai,nt_v1_500m,esmc_600m,Hybrid_CrossAttn_XGBoost,0.7812,0.6966,0.9226,0.6625,0.7939,0.5961,0.9057,0.8923,OURS
Train3Val_ProteinGym,center,bio_core_prot_spliceai,,esm1b_650m,Pure_XGBoost_Concat,0.7772,0.6878,0.9375,0.6425,0.7935,0.5959,0.9156,0.9007,OURS
Train3Val_ProteinGym,center,bio_core_dna_prot_spliceai,nt_v3_650m,esmc_600m,Hybrid_Transformer_XGBoost,0.7792,0.6921,0.9301,0.6525,0.7937,0.5959,0.9055,0.8871,OURS
Train3Val_ProteinGym,cls,bio_core_dna_prot_spliceai,nt_v3_650m,esm1b_650m,Hybrid_Concat_XGBoost,0.7772,0.6878,0.9375,0.6425,0.7935,0.5959,0.891,0.8545,OURS
Train3Val_ProteinGym,center,bio_core_dna_prot_spliceai,nt_v1_500m,esm1b_650m,Pure_XGBoost_Concat,0.7758,0.6851,0.942,0.6362,0.7932,0.5958,0.9122,0.8944,OURS
Train3Val_ProteinGym,mean,dna_prot,nt_v3_650m,esm1b_650m,PyTorch_Gating,0.7996,0.786,0.7708,0.8238,0.7784,0.5956,0.8807,0.8585,OURS
Train3Val_ProteinGym,center,dna_prot,nt_v2_500m,esm1b_650m,Pure_XGBoost_Concat,0.7989,0.7741,0.7902,0.8062,0.782,0.5955,0.875,0.8599,OURS
Train3Val_ProteinGym,center,bio_dna_prot,nt_v1_500m,esmc_600m,Hybrid_Transformer_XGBoost,0.7785,0.6909,0.9315,0.65,0.7934,0.5954,0.9055,0.8862,OURS
Train3Val_ProteinGym,center,dna_prot_spliceai,nt_v1_500m,esm1b_650m,PyTorch_Transformer,0.7996,0.795,0.756,0.8362,0.775,0.5952,0.8724,0.8622,OURS
Train3Val_ProteinGym,center,dna_geom_prot,nt_v1_500m,esmc_600m,PyTorch_Gating,0.7948,0.8685,0.6488,0.9175,0.7428,0.595,0.8753,0.87,OURS
Train3Val_ProteinGym,center,dna_prot_spliceai,nt_v2_500m,esmc_600m,Hybrid_CrossAttn_XGBoost,0.7989,0.7789,0.7812,0.8138,0.7801,0.5949,0.8719,0.8673,OURS
Train3Val_ProteinGym,center,bio_core_dna_prot_spliceai,nt_v3_650m,esm1v_650m,Hybrid_CrossAttn_XGBoost,0.7785,0.6914,0.9301,0.6512,0.7931,0.5948,0.9013,0.8848,OURS
Train3Val_ProteinGym,center,dna_prot_spliceai,nt_v2_500m,esmc_600m,Hybrid_Gating_XGBoost,0.7989,0.7798,0.7798,0.815,0.7798,0.5948,0.8726,0.8624,OURS
Train3Val_ProteinGym,mean,bio_core_dna_prot_spliceai,nt_v2_500m,esm1b_650m,Hybrid_Gating_XGBoost,0.7738,0.6817,0.9464,0.6288,0.7925,0.5947,0.8961,0.8647,OURS
Train3Val_ProteinGym,mean,dna_prot,nt_v2_500m,esm1b_650m,Pure_XGBoost_Concat,0.7969,0.758,0.8155,0.7812,0.7857,0.5946,0.8731,0.8473,OURS
Train3Val_ProteinGym,center,dna_prot_spliceai,nt_v1_500m,esm1v_650m,Pure_XGBoost_Concat,0.7982,0.7713,0.7932,0.8025,0.7821,0.5945,0.8767,0.8671,OURS
Train3Val_ProteinGym,cls,bio_core_dna_prot_spliceai,nt_v3_650m,esm1v_650m,PyTorch_Transformer,0.7935,0.7377,0.8497,0.7462,0.7898,0.5945,0.8758,0.8442,OURS
Train3Val_ProteinGym,center,dna_prot,nt_v1_500m,esmc_600m,PyTorch_Transformer,0.7948,0.8656,0.6518,0.915,0.7436,0.5944,0.8698,0.8692,OURS
Train3Val_ProteinGym,center,dna_geom_prot,nt_v1_500m,esmc_600m,PyTorch_Transformer,0.7948,0.8656,0.6518,0.915,0.7436,0.5944,0.8731,0.8712,OURS
Train3Val_ProteinGym,center,dna_geom_prot,nt_v1_500m,esmc_600m,Hybrid_Transformer_XGBoost,0.7989,0.7831,0.7738,0.82,0.7784,0.5944,0.8743,0.8679,OURS
Train3Val_ProteinGym,center,bio_core_dna_prot_spliceai,nt_v3_650m,esm1b_650m,PyTorch_CrossAttn,0.7867,0.7126,0.8929,0.6975,0.7926,0.5943,0.8988,0.8852,OURS
Train3Val_ProteinGym,mean,dna_prot_spliceai,nt_v3_650m,esm1b_650m,Pure_XGBoost_Concat,0.7962,0.7555,0.8185,0.7775,0.7857,0.5937,0.8723,0.8419,OURS
Train3Val_ProteinGym,center,dna_prot_spliceai,nt_v1_500m,esm1v_650m,Hybrid_Concat_XGBoost,0.7976,0.7687,0.7961,0.7988,0.7822,0.5935,0.869,0.8627,OURS
Train3Val_ProteinGym,mean,dna_prot,nt_v1_500m,esm1v_650m,PyTorch_Gating,0.7982,0.7778,0.7812,0.8125,0.7795,0.5935,0.8592,0.8333,OURS
Train3Val_ProteinGym,center,dna_prot_spliceai,nt_v2_500m,esm1v_650m,Hybrid_Transformer_XGBoost,0.7969,0.7638,0.8036,0.7912,0.7832,0.593,0.8719,0.8622,OURS
Train3Val_ProteinGym,mean,prot_spliceai,,esm1b_650m,PyTorch_Concat,0.7982,0.7828,0.7723,0.82,0.7775,0.593,0.8733,0.8501,OURS
Train3Val_ProteinGym,mean,prot,,esm1b_650m,Hybrid_Concat_XGBoost,0.7976,0.7726,0.7887,0.805,0.7806,0.5928,0.8732,0.849,OURS
Train3Val_ProteinGym,mean,prot,,esm1b_650m,Hybrid_Concat_XGBoost,0.7976,0.7726,0.7887,0.805,0.7806,0.5928,0.8732,0.849,OURS
Train3Val_ProteinGym,mean,prot,,esm1b_650m,Hybrid_Concat_XGBoost,0.7976,0.7726,0.7887,0.805,0.7806,0.5928,0.8732,0.849,OURS
Train3Val_ProteinGym,mean,prot,,esm1b_650m,Hybrid_Concat_XGBoost,0.7976,0.7726,0.7887,0.805,0.7806,0.5928,0.8732,0.849,OURS
Train3Val_ProteinGym,mean,prot,,esm1b_650m,Hybrid_Concat_XGBoost,0.7976,0.7726,0.7887,0.805,0.7806,0.5928,0.8732,0.849,OURS
Train3Val_ProteinGym,center,dna_prot_spliceai,nt_v1_500m,esmc_600m,Hybrid_Gating_XGBoost,0.7982,0.7863,0.7664,0.825,0.7762,0.5927,0.8653,0.8571,OURS
Train3Val_ProteinGym,center,prot,,esmc_600m,Hybrid_Concat_XGBoost,0.7982,0.7889,0.7619,0.8288,0.7752,0.5926,0.8766,0.8686,OURS
Train3Val_ProteinGym,center,prot,,esmc_600m,Hybrid_Concat_XGBoost,0.7982,0.7889,0.7619,0.8288,0.7752,0.5926,0.8766,0.8686,OURS
Train3Val_ProteinGym,center,prot,,esmc_600m,Hybrid_Concat_XGBoost,0.7982,0.7889,0.7619,0.8288,0.7752,0.5926,0.8766,0.8686,OURS
Train3Val_ProteinGym,center,prot,,esmc_600m,Hybrid_Concat_XGBoost,0.7982,0.7889,0.7619,0.8288,0.7752,0.5926,0.8766,0.8686,OURS
Train3Val_ProteinGym,center,prot,,esmc_600m,Hybrid_Concat_XGBoost,0.7982,0.7889,0.7619,0.8288,0.7752,0.5926,0.8766,0.8686,OURS
Train3Val_ProteinGym,center,bio_core_dna_prot_spliceai,nt_v2_500m,esm1b_650m,Hybrid_Gating_XGBoost,0.7758,0.6871,0.9345,0.6425,0.7919,0.5924,0.8993,0.8832,OURS
Train3Val_ProteinGym,mean,geom_prot,nt_v2_500m,esm1b_650m,PyTorch_Concat,0.7982,0.7962,0.75,0.8388,0.7724,0.5923,0.867,0.8488,OURS
Train3Val_ProteinGym,center,bio_core_dna_prot_spliceai,nt_v1_500m,esm2_650m,PyTorch_Concat,0.7874,0.717,0.8824,0.7075,0.7912,0.5923,0.887,0.8603,OURS
Train3Val_ProteinGym,center,bio_core_prot_spliceai,,esm1v_650m,PyTorch_Concat,0.7833,0.705,0.9033,0.6825,0.7919,0.5922,0.8996,0.886,OURS
Train3Val_ProteinGym,center,bio_core_dna_prot_spliceai,nt_v1_500m,esm1v_650m,PyTorch_CrossAttn,0.7792,0.6947,0.9211,0.66,0.7921,0.5922,0.8964,0.8814,OURS
Train3Val_ProteinGym,center,dna_prot_spliceai,nt_v3_650m,esmc_600m,Hybrid_Transformer_XGBoost,0.7976,0.7766,0.7812,0.8112,0.7789,0.5922,0.8821,0.8765,OURS
Train3Val_ProteinGym,center,bio_core_dna_prot_spliceai,nt_v3_650m,esmc_600m,Hybrid_CrossAttn_XGBoost,0.7772,0.6903,0.9286,0.65,0.7919,0.592,0.9025,0.8858,OURS
Train3Val_ProteinGym,center,dna_prot,nt_v1_500m,esm1b_650m,Hybrid_Transformer_XGBoost,0.7976,0.7791,0.7768,0.815,0.7779,0.5919,0.8733,0.8674,OURS
Train3Val_ProteinGym,center,dna_prot_spliceai,nt_v1_500m,esm1b_650m,Hybrid_Concat_XGBoost,0.7969,0.7691,0.7932,0.8,0.781,0.5919,0.8688,0.855,OURS
Train3Val_ProteinGym,mean,bio_core_dna_prot_spliceai,nt_v2_500m,esm1b_650m,PyTorch_Gating,0.7758,0.6875,0.933,0.6438,0.7917,0.5918,0.8903,0.8563,OURS
Train3Val_ProteinGym,center,dna_prot,nt_v3_650m,esm1v_650m,Hybrid_Transformer_XGBoost,0.7969,0.7707,0.7902,0.8025,0.7803,0.5916,0.8735,0.8635,OURS
Train3Val_ProteinGym,center,dna_prot_spliceai,nt_v2_500m,esmc_600m,Hybrid_Concat_XGBoost,0.7976,0.7842,0.7679,0.8225,0.7759,0.5915,0.881,0.8699,OURS
Train3Val_ProteinGym,center,dna_prot_spliceai,nt_v2_500m,esmc_600m,PyTorch_Concat,0.7962,0.8357,0.689,0.8862,0.7553,0.5914,0.8664,0.864,OURS
Train3Val_ProteinGym,mean,bio_core_dna_prot_spliceai,nt_v3_650m,esm1v_650m,PyTorch_Transformer,0.7887,0.7231,0.8705,0.72,0.79,0.5912,0.8825,0.8567,OURS
Train3Val_ProteinGym,center,dna_prot,nt_v3_650m,esmc_600m,PyTorch_CrossAttn,0.7962,0.8333,0.692,0.8838,0.7561,0.5911,0.8686,0.8637,OURS
Train3Val_ProteinGym,center,dna_prot,nt_v3_650m,esmc_600m,PyTorch_Gating,0.7942,0.8555,0.6607,0.9062,0.7456,0.5911,0.8642,0.8646,OURS
Train3Val_ProteinGym,cls,prot_spliceai,,esm1b_650m,Pure_XGBoost_Concat,0.7962,0.7657,0.7976,0.795,0.7813,0.5911,0.87,0.8366,OURS
Train3Val_ProteinGym,center,dna_prot_spliceai,nt_v2_500m,esm1v_650m,Hybrid_CrossAttn_XGBoost,0.7962,0.7665,0.7961,0.7962,0.781,0.5909,0.8792,0.8702,OURS
Train3Val_ProteinGym,center,dna_prot,nt_v3_650m,esm1v_650m,Hybrid_CrossAttn_XGBoost,0.7962,0.768,0.7932,0.7988,0.7804,0.5906,0.8777,0.8649,OURS
Train3Val_ProteinGym,cls,bio_dna_prot,nt_v2_500m,esm1b_650m,PyTorch_Transformer,0.7826,0.7047,0.9018,0.6825,0.7911,0.5905,0.8836,0.8482,OURS
Train3Val_ProteinGym,center,bio_core_dna_prot_spliceai,nt_v1_500m,esm2_650m,PyTorch_Transformer,0.788,0.7217,0.872,0.7175,0.7898,0.5904,0.8837,0.866,OURS
Train3Val_ProteinGym,center,dna_prot,nt_v1_500m,esm1v_650m,Pure_XGBoost_Concat,0.7969,0.7813,0.7708,0.8188,0.776,0.5903,0.8725,0.8667,OURS
Train3Val_ProteinGym,center,bio_dna_prot,nt_v1_500m,esmc_600m,PyTorch_Concat,0.7853,0.7129,0.8869,0.7,0.7905,0.5902,0.8955,0.8763,OURS
Train3Val_ProteinGym,center,dna_prot_spliceai,nt_v3_650m,esmc_600m,Hybrid_CrossAttn_XGBoost,0.7962,0.7719,0.7857,0.805,0.7788,0.59,0.8732,0.8696,OURS
Train3Val_ProteinGym,mean,dna_prot,nt_v1_500m,esm1b_650m,PyTorch_Gating,0.7969,0.7974,0.744,0.8412,0.7698,0.5896,0.8711,0.8505,OURS
Train3Val_ProteinGym,center,dna_prot_spliceai,nt_v3_650m,esm1v_650m,Hybrid_Transformer_XGBoost,0.7955,0.7654,0.7961,0.795,0.7805,0.5896,0.8737,0.8644,OURS
Train3Val_ProteinGym,center,bio_core_dna_prot_spliceai,nt_v3_650m,esm1v_650m,PyTorch_Concat,0.7819,0.7038,0.9018,0.6812,0.7906,0.5894,0.9015,0.8906,OURS
Train3Val_ProteinGym,center,bio_core_dna_prot_spliceai,nt_v3_650m,esm2_650m,PyTorch_CrossAttn,0.7819,0.7038,0.9018,0.6812,0.7906,0.5894,0.882,0.8596,OURS
Train3Val_ProteinGym,mean,dna_prot,nt_v2_500m,esm1b_650m,PyTorch_CrossAttn,0.7962,0.7768,0.7768,0.8125,0.7768,0.5893,0.8738,0.8412,OURS
Train3Val_ProteinGym,cls,dna_geom,nt_v2_500m,esm1b_650m,Pure_XGBoost_Concat,0.7962,0.7768,0.7768,0.8125,0.7768,0.5893,0.8756,0.8658,OURS
Train3Val_ProteinGym,center,dna_prot,nt_v1_500m,esm1b_650m,Hybrid_Gating_XGBoost,0.7962,0.7776,0.7753,0.8138,0.7765,0.5892,0.8697,0.8657,OURS
Train3Val_ProteinGym,cls,geom,nt_v2_500m,esm1b_650m,Pure_XGBoost_Concat,0.7948,0.7606,0.8036,0.7875,0.7815,0.5892,0.8748,0.8657,OURS
Train3Val_ProteinGym,mean,bio_core_dna_prot_spliceai,nt_v2_500m,esm1b_650m,Pure_XGBoost_Concat,0.7683,0.6744,0.9524,0.6138,0.7896,0.5892,0.9048,0.8766,OURS
Train3Val_ProteinGym,center,dna_geom_prot,nt_v1_500m,esmc_600m,Hybrid_Gating_XGBoost,0.7962,0.8153,0.7158,0.8638,0.7623,0.589,0.8573,0.8579,OURS
Train3Val_ProteinGym,mean,dna_prot,nt_v3_650m,esm1b_650m,PyTorch_Concat,0.7955,0.7685,0.7902,0.8,0.7792,0.589,0.8766,0.8489,OURS
Train3Val_ProteinGym,center,prot_spliceai,,esmc_600m,Hybrid_Concat_XGBoost,0.7962,0.7793,0.7723,0.8162,0.7758,0.589,0.8809,0.8679,OURS
Train3Val_ProteinGym,center,dna_prot_spliceai,nt_v3_650m,esmc_600m,Hybrid_Gating_XGBoost,0.7962,0.7801,0.7708,0.8175,0.7754,0.5889,0.8803,0.8661,OURS
Train3Val_ProteinGym,center,bio_core_dna_prot_spliceai,nt_v2_500m,esm2_650m,PyTorch_Gating,0.784,0.7102,0.8899,0.695,0.79,0.5888,0.8865,0.8654,OURS
Train3Val_ProteinGym,cls,bio_core_dna_prot_spliceai,nt_v3_650m,esm1b_650m,Hybrid_CrossAttn_XGBoost,0.7751,0.688,0.9286,0.6462,0.7904,0.5888,0.8883,0.8592,OURS
Train3Val_ProteinGym,center,dna_prot,nt_v1_500m,esm1v_650m,PyTorch_Concat,0.7955,0.7708,0.7857,0.8038,0.7782,0.5886,0.8724,0.8641,OURS
Train3Val_ProteinGym,center,bio_core_dna_prot_spliceai,nt_v1_500m,esm1b_650m,Hybrid_Transformer_XGBoost,0.7738,0.6852,0.933,0.64,0.7902,0.5885,0.8997,0.881,OURS
Train3Val_ProteinGym,center,geom,nt_v1_500m,esmc_600m,Pure_XGBoost_Concat,0.7962,0.799,0.7396,0.8438,0.7682,0.5882,0.8559,0.852,OURS
Train3Val_ProteinGym,center,dna_prot_spliceai,nt_v2_500m,esm1v_650m,Pure_XGBoost_Concat,0.7948,0.765,0.7946,0.795,0.7796,0.5882,0.8705,0.8591,OURS
Train3Val_ProteinGym,mean,bio_core_dna_prot,nt_v2_500m,esm1v_650m,PyTorch_CrossAttn,0.7887,0.7276,0.8586,0.73,0.7877,0.5882,0.879,0.8468,OURS
Train3Val_ProteinGym,mean,bio_core_dna_prot_spliceai,nt_v1_500m,esm1v_650m,PyTorch_CrossAttn,0.784,0.7112,0.8869,0.6975,0.7894,0.5879,0.8879,0.8623,OURS
Train3Val_ProteinGym,center,bio_core_dna_prot_spliceai,nt_v3_650m,esm1b_650m,PyTorch_Gating,0.7765,0.6916,0.9211,0.655,0.79,0.5878,0.9065,0.8961,OURS
Train3Val_ProteinGym,mean,prot,,esm1b_650m,PyTorch_Concat,0.7955,0.7781,0.7723,0.815,0.7752,0.5877,0.8746,0.8473,OURS
Train3Val_ProteinGym,mean,prot,,esm1b_650m,PyTorch_Concat,0.7955,0.7781,0.7723,0.815,0.7752,0.5877,0.8746,0.8473,OURS
Train3Val_ProteinGym,mean,prot,,esm1b_650m,PyTorch_Concat,0.7955,0.7781,0.7723,0.815,0.7752,0.5877,0.8746,0.8473,OURS
Train3Val_ProteinGym,mean,prot,,esm1b_650m,PyTorch_Concat,0.7955,0.7781,0.7723,0.815,0.7752,0.5877,0.8746,0.8473,OURS
Train3Val_ProteinGym,mean,prot,,esm1b_650m,PyTorch_Concat,0.7955,0.7781,0.7723,0.815,0.7752,0.5877,0.8746,0.8473,OURS
Train3Val_ProteinGym,center,dna_prot_spliceai,nt_v1_500m,esm1b_650m,Hybrid_Gating_XGBoost,0.7955,0.7806,0.7679,0.8188,0.7742,0.5874,0.8686,0.8552,OURS
Train3Val_ProteinGym,center,bio_dna_prot,nt_v1_500m,esmc_600m,Hybrid_CrossAttn_XGBoost,0.7738,0.6861,0.9301,0.6425,0.7896,0.5872,0.9001,0.8832,OURS
Train3Val_ProteinGym,mean,dna_prot,nt_v1_500m,esm1b_650m,PyTorch_Concat,0.7955,0.7841,0.7619,0.8238,0.7728,0.5872,0.8645,0.8496,OURS
Train3Val_ProteinGym,center,bio_core_prot_spliceai,,esm1b_650m,PyTorch_Concat,0.7738,0.6861,0.9301,0.6425,0.7896,0.5872,0.9075,0.8918,OURS
Train3Val_ProteinGym,center,bio_core_dna_prot_spliceai,nt_v2_500m,esmc_600m,PyTorch_CrossAttn,0.7806,0.7022,0.9018,0.6788,0.7896,0.5871,0.8989,0.8807,OURS
Train3Val_ProteinGym,center,dna_prot_spliceai,nt_v2_500m,esm1b_650m,Hybrid_Gating_XGBoost,0.7948,0.7729,0.7798,0.8075,0.7763,0.5869,0.8674,0.8536,OURS
Train3Val_ProteinGym,cls,dna_prot,nt_v2_500m,esm1b_650m,PyTorch_Transformer,0.7955,0.793,0.747,0.8362,0.7693,0.5868,0.8616,0.8286,OURS
Train3Val_ProteinGym,center,dna_prot,nt_v2_500m,esm1v_650m,Hybrid_Transformer_XGBoost,0.7942,0.7647,0.7932,0.795,0.7787,0.5868,0.8689,0.8628,OURS
Train3Val_ProteinGym,center,bio_core_dna_prot_spliceai,nt_v2_500m,esmc_600m,Hybrid_Transformer_XGBoost,0.7731,0.6849,0.9315,0.64,0.7894,0.5868,0.9047,0.882,OURS
Train3Val_ProteinGym,center,bio_core_dna_prot_spliceai,nt_v2_500m,esm1b_650m,PyTorch_CrossAttn,0.7738,0.6865,0.9286,0.6438,0.7894,0.5866,0.9083,0.8965,OURS
Train3Val_ProteinGym,center,dna_prot_spliceai,nt_v2_500m,esm1b_650m,Hybrid_Concat_XGBoost,0.7948,0.7761,0.7738,0.8125,0.775,0.5865,0.8755,0.8614,OURS
Train3Val_ProteinGym,center,dna_prot_spliceai,nt_v2_500m,esm2_650m,PyTorch_CrossAttn,0.7948,0.8146,0.7128,0.8638,0.7603,0.5863,0.8531,0.8438,OURS
Train3Val_ProteinGym,center,bio_core_dna_prot_spliceai,nt_v3_650m,esm2_650m,PyTorch_Transformer,0.7812,0.7049,0.8958,0.685,0.789,0.5862,0.8854,0.8654,OURS
Train3Val_ProteinGym,center,bio_core_dna_prot_spliceai,nt_v3_650m,esm2_650m,PyTorch_Gating,0.7812,0.7049,0.8958,0.685,0.789,0.5862,0.8902,0.8709,OURS
Train3Val_ProteinGym,center,bio_core_dna_prot_spliceai,nt_v2_500m,esm1v_650m,Hybrid_CrossAttn_XGBoost,0.7731,0.6853,0.9301,0.6412,0.7891,0.5862,0.9004,0.8847,OURS
Train3Val_ProteinGym,center,dna_prot_spliceai,nt_v3_650m,esm1v_650m,Hybrid_Gating_XGBoost,0.7935,0.7606,0.7991,0.7887,0.7794,0.5861,0.8716,0.853,OURS
Train3Val_ProteinGym,cls,bio_core_dna_prot_spliceai,nt_v1_500m,esm1b_650m,PyTorch_CrossAttn,0.7758,0.6913,0.9196,0.655,0.7893,0.5861,0.8831,0.8424,OURS
Train3Val_ProteinGym,mean,dna_prot_spliceai,nt_v3_650m,esm1v_650m,PyTorch_Gating,0.7948,0.7795,0.7679,0.8175,0.7736,0.5861,0.8664,0.8378,OURS
Train3Val_ProteinGym,mean,dna_prot,nt_v3_650m,esm1b_650m,PyTorch_CrossAttn,0.7948,0.7803,0.7664,0.8188,0.7733,0.586,0.8773,0.8461,OURS
Train3Val_ProteinGym,cls,bio_core_dna_prot_spliceai,nt_v2_500m,esm1b_650m,Hybrid_Gating_XGBoost,0.7717,0.6826,0.9345,0.635,0.7889,0.586,0.89,0.8554,OURS
Train3Val_ProteinGym,center,bio_core_dna_prot,nt_v1_500m,esm1v_650m,PyTorch_Transformer,0.7785,0.6979,0.9077,0.67,0.7891,0.5859,0.8986,0.8839,OURS
Train3Val_ProteinGym,center,dna_prot,nt_v2_500m,esm1v_650m,Pure_XGBoost_Concat,0.7942,0.7701,0.7827,0.8038,0.7764,0.5858,0.8741,0.8659,OURS
Train3Val_ProteinGym,center,bio_core_dna_prot_spliceai,nt_v2_500m,esm1b_650m,PyTorch_Concat,0.7745,0.6885,0.9241,0.6488,0.7891,0.5858,0.8985,0.8842,OURS
Train3Val_ProteinGym,center,bio_core_dna_prot_spliceai,nt_v3_650m,esmc_600m,Hybrid_Concat_XGBoost,0.7711,0.6815,0.936,0.6325,0.7887,0.5856,0.9017,0.8818,OURS
Train3Val_ProteinGym,mean,dna_prot_spliceai,nt_v1_500m,esm1b_650m,PyTorch_Concat,0.7948,0.7873,0.7545,0.8288,0.7705,0.5856,0.8662,0.8426,OURS
Train3Val_ProteinGym,cls,bio_core_dna_prot_spliceai,nt_v2_500m,esm1b_650m,PyTorch_Gating,0.7758,0.6917,0.9182,0.6562,0.789,0.5855,0.8846,0.8557,OURS
Train3Val_ProteinGym,center,dna_prot_spliceai,nt_v3_650m,esm1v_650m,Hybrid_CrossAttn_XGBoost,0.7928,0.7581,0.8021,0.785,0.7795,0.5852,0.8746,0.8639,OURS
Train3Val_ProteinGym,center,dna_prot_spliceai,nt_v3_650m,esm2_650m,PyTorch_CrossAttn,0.7935,0.8262,0.6935,0.8775,0.754,0.585,0.861,0.8473,OURS
Train3Val_ProteinGym,center,bio_core_dna_prot_spliceai,nt_v3_650m,esm2_650m,PyTorch_Concat,0.7792,0.7006,0.9018,0.6762,0.7885,0.5849,0.8854,0.8655,OURS
Train3Val_ProteinGym,center,dna_prot,nt_v1_500m,esm1v_650m,Hybrid_Concat_XGBoost,0.7928,0.7595,0.7991,0.7875,0.7788,0.5848,0.8665,0.8566,OURS
Train3Val_ProteinGym,cls,dna_prot,nt_v2_500m,esm1b_650m,PyTorch_Gating,0.7942,0.7791,0.7664,0.8175,0.7727,0.5847,0.8569,0.8331,OURS
Train3Val_ProteinGym,center,bio_core_dna_prot_spliceai,nt_v2_500m,esmc_600m,PyTorch_Gating,0.7738,0.6877,0.9241,0.6475,0.7886,0.5847,0.9034,0.8903,OURS
Train3Val_ProteinGym,mean,prot_spliceai,,esm1b_650m,Hybrid_Concat_XGBoost,0.7935,0.7682,0.7842,0.8012,0.7761,0.5846,0.8674,0.8442,OURS
Train3Val_ProteinGym,center,bio_dna_prot,nt_v1_500m,esmc_600m,Hybrid_Gating_XGBoost,0.7704,0.6807,0.936,0.6312,0.7882,0.5845,0.9054,0.8906,OURS
Train3Val_ProteinGym,center,bio_core_prot_spliceai,,esm1v_650m,Hybrid_Concat_XGBoost,0.769,0.6781,0.9405,0.625,0.788,0.5844,0.9003,0.8804,OURS
Train3Val_ProteinGym,center,bio_core_dna_prot_spliceai,nt_v1_500m,esm1v_650m,Hybrid_CrossAttn_XGBoost,0.7724,0.685,0.9286,0.6412,0.7884,0.5844,0.8939,0.8764,OURS
Train3Val_ProteinGym,mean,bio_core_dna_prot_spliceai,nt_v3_650m,esm1b_650m,Hybrid_CrossAttn_XGBoost,0.7724,0.685,0.9286,0.6412,0.7884,0.5844,0.887,0.8512,OURS
Train3Val_ProteinGym,cls,bio_dna_geom_prot,nt_v2_500m,esm1b_650m,Hybrid_CrossAttn_XGBoost,0.7942,0.804,0.7262,0.8512,0.7631,0.5843,0.873,0.8548,OURS
Train3Val_ProteinGym,center,dna_prot,nt_v2_500m,esm1v_650m,Hybrid_Gating_XGBoost,0.7928,0.7618,0.7946,0.7912,0.7779,0.5843,0.8629,0.8552,OURS
Train3Val_ProteinGym,center,bio_core_dna_prot_spliceai,nt_v3_650m,esm1v_650m,PyTorch_Gating,0.7779,0.6976,0.9062,0.67,0.7883,0.5843,0.8964,0.8828,OURS
Train3Val_ProteinGym,mean,dna_prot,nt_v1_500m,esm1b_650m,Hybrid_Transformer_XGBoost,0.7928,0.7625,0.7932,0.7925,0.7775,0.5842,0.8615,0.8426,OURS
Train3Val_ProteinGym,center,bio_core_dna_prot_spliceai,nt_v2_500m,esm1b_650m,PyTorch_Gating,0.7711,0.6823,0.933,0.635,0.7882,0.5842,0.9039,0.8865,OURS
Train3Val_ProteinGym,center,dna_prot,nt_v2_500m,esmc_600m,PyTorch_Concat,0.7928,0.8294,0.6875,0.8812,0.7518,0.5841,0.8617,0.8618,OURS
Train3Val_ProteinGym,mean,dna_prot,nt_v2_500m,esm1b_650m,Hybrid_Transformer_XGBoost,0.7928,0.7633,0.7917,0.7938,0.7772,0.584,0.8672,0.844,OURS
Train3Val_ProteinGym,center,dna_prot_spliceai,nt_v1_500m,esm1v_650m,PyTorch_Concat,0.7935,0.773,0.7753,0.8088,0.7741,0.5839,0.8639,0.8585,OURS
Train3Val_ProteinGym,center,dna_prot_spliceai,nt_v3_650m,esm1v_650m,Hybrid_Concat_XGBoost,0.7921,0.757,0.8021,0.7837,0.7789,0.5839,0.8724,0.8667,OURS
Train3Val_ProteinGym,center,bio_core_dna_prot_spliceai,nt_v1_500m,esm1v_650m,PyTorch_Transformer,0.7812,0.7073,0.8884,0.6912,0.7876,0.5838,0.8951,0.8779,OURS
Train3Val_ProteinGym,center,bio_core_dna_prot_spliceai,nt_v1_500m,esm1v_650m,Hybrid_Transformer_XGBoost,0.7711,0.6827,0.9315,0.6362,0.7879,0.5836,0.8933,0.8807,OURS
Train3Val_ProteinGym,mean,bio_core_dna_prot_spliceai,nt_v3_650m,esmc_600m,PyTorch_Concat,0.7799,0.7037,0.8943,0.6838,0.7877,0.5835,0.88,0.8514,OURS
Train3Val_ProteinGym,center,bio_core_dna_prot,nt_v2_500m,esm1v_650m,Hybrid_Concat_XGBoost,0.767,0.6748,0.9449,0.6175,0.7874,0.5834,0.9034,0.8902,OURS
Train3Val_ProteinGym,mean,bio_dna_prot,nt_v2_500m,esm1b_650m,Hybrid_CrossAttn_XGBoost,0.7717,0.6842,0.9286,0.64,0.7879,0.5833,0.8954,0.8618,OURS
Train3Val_ProteinGym,center,bio_core_prot_spliceai,,esm2_650m,PyTorch_Concat,0.7792,0.702,0.8973,0.68,0.7877,0.5833,0.889,0.8673,OURS
Train3Val_ProteinGym,center,dna_prot_spliceai,nt_v1_500m,esm1v_650m,Hybrid_Gating_XGBoost,0.7928,0.7671,0.7842,0.8,0.7756,0.5833,0.8621,0.8585,OURS
Train3Val_ProteinGym,cls,bio_core_dna_prot_spliceai,nt_v1_500m,esm1b_650m,PyTorch_Transformer,0.7785,0.7002,0.9003,0.6762,0.7878,0.5833,0.887,0.8573,OURS
Train3Val_ProteinGym,mean,bio_core_dna_prot,nt_v3_650m,esm1v_650m,PyTorch_Concat,0.7812,0.7078,0.8869,0.6925,0.7873,0.5833,0.8863,0.8581,OURS
Train3Val_ProteinGym,mean,dna_prot,nt_v1_500m,esm1b_650m,Hybrid_Concat_XGBoost,0.7921,0.7599,0.7961,0.7887,0.7776,0.5832,0.8629,0.8435,OURS
Train3Val_ProteinGym,mean,bio_core_dna_prot_spliceai,nt_v3_650m,esm1b_650m,Hybrid_Gating_XGBoost,0.7704,0.6815,0.933,0.6338,0.7877,0.5832,0.8851,0.8486,OURS
Train3Val_ProteinGym,center,bio_core_dna_prot_spliceai,nt_v1_500m,esmc_600m,PyTorch_Transformer,0.7799,0.7042,0.8929,0.685,0.7874,0.583,0.8954,0.8811,OURS
Train3Val_ProteinGym,center,geom_prot,nt_v1_500m,esmc_600m,Hybrid_Concat_XGBoost,0.7887,0.7372,0.8348,0.75,0.783,0.5829,0.8814,0.8715,OURS
Train3Val_ProteinGym,mean,geom,nt_v2_500m,esm1b_650m,Pure_XGBoost_Concat,0.7921,0.7614,0.7932,0.7912,0.777,0.5829,0.8645,0.8526,OURS
Train3Val_ProteinGym,center,dna_geom,nt_v1_500m,esmc_600m,Pure_XGBoost_Concat,0.7935,0.793,0.7411,0.8375,0.7662,0.5827,0.8566,0.8511,OURS
Train3Val_ProteinGym,mean,bio_dna_geom_prot,nt_v2_500m,esm1b_650m,PyTorch_Gating,0.7846,0.72,0.8646,0.7175,0.7857,0.5826,0.8797,0.8595,OURS
Train3Val_ProteinGym,center,bio_core_dna_prot_spliceai,nt_v1_500m,esmc_600m,Hybrid_Concat_XGBoost,0.769,0.6793,0.936,0.6288,0.7872,0.5824,0.9009,0.8836,OURS
Train3Val_ProteinGym,mean,dna_prot,nt_v2_500m,esm1b_650m,Hybrid_CrossAttn_XGBoost,0.7921,0.7645,0.7872,0.7962,0.7757,0.5823,0.8571,0.8372,OURS
Train3Val_ProteinGym,center,dna_prot_spliceai,nt_v3_650m,esm1v_650m,PyTorch_Gating,0.7921,0.7652,0.7857,0.7975,0.7753,0.5821,0.8722,0.8663,OURS
Train3Val_ProteinGym,mean,dna_prot,nt_v2_500m,esm1b_650m,PyTorch_Gating,0.7928,0.7768,0.7664,0.815,0.7715,0.582,0.8756,0.8552,OURS
Train3Val_ProteinGym,mean,bio_core_prot_spliceai,,esm1b_650m,Pure_XGBoost_Concat,0.767,0.6756,0.942,0.62,0.7868,0.582,0.9032,0.8754,OURS
Train3Val_ProteinGym,mean,bio_core_prot_spliceai,,esm1b_650m,Hybrid_Concat_XGBoost,0.7704,0.6823,0.9301,0.6362,0.7872,0.5818,0.8901,0.8541,OURS
Train3Val_ProteinGym,mean,bio_core_dna_prot_spliceai,nt_v3_650m,esm1b_650m,Hybrid_Concat_XGBoost,0.769,0.6797,0.9345,0.63,0.787,0.5817,0.8948,0.8654,OURS
Train3Val_ProteinGym,center,dna_prot,nt_v1_500m,esm1v_650m,PyTorch_Transformer,0.7928,0.7827,0.756,0.8238,0.7691,0.5816,0.8665,0.8609,OURS
Train3Val_ProteinGym,center,dna_prot,nt_v1_500m,esmc_600m,Hybrid_Gating_XGBoost,0.7928,0.7845,0.753,0.8262,0.7684,0.5815,0.8682,0.8649,OURS
Train3Val_ProteinGym,center,bio_prot,,esmc_600m,Hybrid_Concat_XGBoost,0.7697,0.6812,0.9315,0.6338,0.7869,0.5814,0.9082,0.8937,OURS
Train3Val_ProteinGym,center,bio_prot,,esmc_600m,Hybrid_Concat_XGBoost,0.7697,0.6812,0.9315,0.6338,0.7869,0.5814,0.9082,0.8937,OURS
Train3Val_ProteinGym,center,bio_prot,,esmc_600m,Hybrid_Concat_XGBoost,0.7697,0.6812,0.9315,0.6338,0.7869,0.5814,0.9082,0.8937,OURS
Train3Val_ProteinGym,cls,bio_geom,nt_v2_500m,esm1b_650m,Pure_XGBoost_Concat,0.7683,0.6785,0.936,0.6275,0.7867,0.5813,0.9057,0.8893,OURS
Train3Val_ProteinGym,center,bio_core_dna_prot_spliceai,nt_v2_500m,esmc_600m,Hybrid_Concat_XGBoost,0.7683,0.6785,0.936,0.6275,0.7867,0.5813,0.8992,0.8814,OURS
Train3Val_ProteinGym,center,bio_core_dna_prot_spliceai,nt_v3_650m,esm1v_650m,PyTorch_Transformer,0.7745,0.6919,0.9122,0.6587,0.7869,0.581,0.9027,0.8909,OURS
Train3Val_ProteinGym,center,bio_core_dna_prot_spliceai,nt_v3_650m,esm2_650m,Hybrid_Concat_XGBoost,0.7745,0.6919,0.9122,0.6587,0.7869,0.581,0.8908,0.8675,OURS
Train3Val_ProteinGym,center,bio_core_dna_prot_spliceai,nt_v2_500m,esm1v_650m,PyTorch_Transformer,0.7772,0.6986,0.9003,0.6738,0.7867,0.581,0.8996,0.8859,OURS
Train3Val_ProteinGym,cls,bio_core_prot_spliceai,,esmc_600m,PyTorch_Concat,0.7765,0.6969,0.9033,0.67,0.7868,0.581,0.8833,0.859,OURS
Train3Val_ProteinGym,mean,bio_core_dna_prot,nt_v2_500m,esm1v_650m,PyTorch_Transformer,0.7812,0.7103,0.8795,0.6988,0.7859,0.581,0.8841,0.8612,OURS
Train3Val_ProteinGym,mean,bio_core_prot_spliceai,,esmc_600m,PyTorch_Concat,0.7792,0.7044,0.8899,0.6862,0.7863,0.5808,0.8795,0.8594,OURS
Train3Val_ProteinGym,mean,dna_prot_spliceai,nt_v3_650m,esm1b_650m,PyTorch_Transformer,0.7921,0.8112,0.7098,0.8612,0.7571,0.5808,0.8802,0.8507,OURS
Train3Val_ProteinGym,mean,bio_core_dna_prot,nt_v3_650m,esm1v_650m,PyTorch_Transformer,0.7819,0.7127,0.875,0.7038,0.7856,0.5808,0.8873,0.8605,OURS
Train3Val_ProteinGym,center,dna_prot,nt_v2_500m,esm1v_650m,Hybrid_Concat_XGBoost,0.7908,0.7578,0.7961,0.7862,0.7765,0.5807,0.8644,0.8572,OURS
Train3Val_ProteinGym,mean,bio_core_dna_prot_spliceai,nt_v3_650m,esm1b_650m,PyTorch_Gating,0.7785,0.7026,0.8929,0.6825,0.7864,0.5807,0.886,0.8576,OURS
Train3Val_ProteinGym,cls,dna_prot,nt_v3_650m,esm1b_650m,Hybrid_Transformer_XGBoost,0.7921,0.7764,0.7649,0.815,0.7706,0.5806,0.8591,0.8309,OURS
Train3Val_ProteinGym,mean,dna_prot,nt_v1_500m,esm1b_650m,PyTorch_CrossAttn,0.7914,0.7656,0.7827,0.7988,0.7741,0.5806,0.8643,0.8431,OURS
Train3Val_ProteinGym,center,dna_prot,nt_v2_500m,esm1v_650m,PyTorch_Transformer,0.7921,0.7773,0.7634,0.8162,0.7703,0.5806,0.8683,0.858,OURS
Train3Val_ProteinGym,mean,bio_dna_prot,nt_v2_500m,esm1b_650m,Hybrid_Gating_XGBoost,0.7704,0.6831,0.9271,0.6388,0.7866,0.5805,0.8946,0.8616,OURS
Train3Val_ProteinGym,cls,bio_dna_geom_prot,nt_v2_500m,esm1b_650m,Hybrid_Transformer_XGBoost,0.7819,0.7132,0.8735,0.705,0.7853,0.5804,0.8791,0.8551,OURS
Train3Val_ProteinGym,center,dna_prot_spliceai,nt_v3_650m,esm2_650m,PyTorch_Transformer,0.7921,0.805,0.7188,0.8538,0.7594,0.5803,0.8591,0.8412,OURS
Train3Val_ProteinGym,center,dna_prot,nt_v1_500m,esm1v_650m,PyTorch_CrossAttn,0.7901,0.7538,0.8021,0.78,0.7772,0.5801,0.8723,0.8608,OURS
Train3Val_ProteinGym,center,bio_core_dna_prot,nt_v1_500m,esm1v_650m,PyTorch_Concat,0.7738,0.6911,0.9122,0.6575,0.7864,0.5799,0.893,0.8757,OURS
Train3Val_ProteinGym,center,bio_core_dna_prot,nt_v3_650m,esm1v_650m,PyTorch_Transformer,0.7765,0.6978,0.9003,0.6725,0.7862,0.5799,0.8981,0.8881,OURS
Train3Val_ProteinGym,cls,bio_core_prot_spliceai,,esm1b_650m,Hybrid_Concat_XGBoost,0.7683,0.6793,0.933,0.63,0.7862,0.5799,0.8914,0.8577,OURS
Train3Val_ProteinGym,mean,bio_core_dna_prot_spliceai,nt_v2_500m,esm1b_650m,Hybrid_Transformer_XGBoost,0.7683,0.6793,0.933,0.63,0.7862,0.5799,0.8891,0.8613,OURS
Train3Val_ProteinGym,center,bio_core_dna_prot,nt_v3_650m,esm1v_650m,PyTorch_CrossAttn,0.7751,0.6944,0.9062,0.665,0.7863,0.5798,0.8982,0.8852,OURS
Train3Val_ProteinGym,mean,dna_prot,nt_v2_500m,esm1b_650m,Hybrid_Concat_XGBoost,0.7908,0.7622,0.7872,0.7938,0.7745,0.5797,0.8648,0.8426,OURS
Train3Val_ProteinGym,center,bio_core_dna_prot_spliceai,nt_v3_650m,esm1v_650m,Hybrid_Transformer_XGBoost,0.7711,0.6851,0.9226,0.6438,0.7863,0.5797,0.9002,0.8843,OURS
Train3Val_ProteinGym,mean,dna_prot_spliceai,nt_v1_500m,esm1b_650m,Pure_XGBoost_Concat,0.7901,0.756,0.7976,0.7837,0.7762,0.5796,0.871,0.8493,OURS
Train3Val_ProteinGym,center,bio_core_prot_spliceai,,esm1b_650m,Hybrid_Concat_XGBoost,0.7697,0.6824,0.9271,0.6375,0.7861,0.5795,0.907,0.8985,OURS
Train3Val_ProteinGym,center,bio_core_dna_prot_spliceai,nt_v3_650m,esm1b_650m,Hybrid_Concat_XGBoost,0.7677,0.6782,0.9345,0.6275,0.786,0.5795,0.9045,0.8929,OURS
Train3Val_ProteinGym,mean,bio_dna_prot,nt_v2_500m,esm1b_650m,PyTorch_Concat,0.7751,0.6949,0.9048,0.6662,0.786,0.5793,0.8863,0.8552,OURS
Train3Val_ProteinGym,mean,dna_prot_spliceai,nt_v2_500m,esm1b_650m,Hybrid_CrossAttn_XGBoost,0.7908,0.7653,0.7812,0.7988,0.7732,0.5791,0.8592,0.8393,OURS
Train3Val_ProteinGym,center,dna_prot,nt_v2_500m,esm1v_650m,PyTorch_Concat,0.7908,0.7661,0.7798,0.8,0.7729,0.579,0.8711,0.863,OURS
Train3Val_ProteinGym,center,bio_core_dna_prot_spliceai,nt_v2_500m,esm1v_650m,PyTorch_Concat,0.7717,0.6871,0.9182,0.6488,0.786,0.579,0.8947,0.8821,OURS
Train3Val_ProteinGym,center,bio_core_dna_prot_spliceai,nt_v3_650m,esm1b_650m,Pure_XGBoost_Concat,0.7649,0.6734,0.942,0.6162,0.7854,0.5788,0.9131,0.894,OURS
Train3Val_ProteinGym,center,bio_core_dna_prot_spliceai,nt_v2_500m,esm2_650m,Hybrid_Transformer_XGBoost,0.7731,0.6903,0.9122,0.6562,0.7859,0.5788,0.8885,0.8627,OURS
Train3Val_ProteinGym,cls,prot_spliceai,,esm1b_650m,Hybrid_Concat_XGBoost,0.7908,0.7676,0.7768,0.8025,0.7722,0.5788,0.861,0.8289,OURS
Train3Val_ProteinGym,center,bio_core_dna_prot_spliceai,nt_v1_500m,esm1b_650m,Hybrid_CrossAttn_XGBoost,0.7711,0.6859,0.9196,0.6462,0.7858,0.5785,0.8992,0.8846,OURS
Train3Val_ProteinGym,center,bio_core_dna_prot,nt_v2_500m,esm1v_650m,PyTorch_Gating,0.7711,0.6859,0.9196,0.6462,0.7858,0.5785,0.8973,0.8802,OURS
Train3Val_ProteinGym,center,bio_dna_prot,nt_v1_500m,esmc_600m,Hybrid_Concat_XGBoost,0.769,0.6816,0.9271,0.6362,0.7856,0.5784,0.9019,0.8811,OURS
Train3Val_ProteinGym,center,dna_prot,nt_v2_500m,esm1v_650m,PyTorch_Gating,0.7887,0.749,0.808,0.7725,0.7774,0.5784,0.8646,0.8574,OURS
Train3Val_ProteinGym,cls,dna_prot,nt_v3_650m,esm1b_650m,Pure_XGBoost_Concat,0.7894,0.7549,0.7976,0.7825,0.7757,0.5783,0.8637,0.8313,OURS
Train3Val_ProteinGym,cls,bio_dna_geom_prot,nt_v2_500m,esm1b_650m,PyTorch_Concat,0.7812,0.7139,0.869,0.7075,0.7839,0.578,0.8817,0.8598,OURS
Train3Val_ProteinGym,center,bio_core_prot_spliceai,,esmc_600m,Hybrid_Concat_XGBoost,0.7704,0.6847,0.9211,0.6438,0.7855,0.578,0.9027,0.89,OURS
Train3Val_ProteinGym,center,dna_prot_spliceai,nt_v1_500m,esm1v_650m,PyTorch_CrossAttn,0.7908,0.7741,0.7649,0.8125,0.7695,0.578,0.8683,0.8597,OURS
Train3Val_ProteinGym,center,bio_core_dna_prot_spliceai,nt_v2_500m,esm2_650m,PyTorch_CrossAttn,0.7785,0.7055,0.8839,0.69,0.7847,0.5778,0.8812,0.8583,OURS
Train3Val_ProteinGym,center,bio_core_dna_prot_spliceai,nt_v2_500m,esm1b_650m,Hybrid_Transformer_XGBoost,0.769,0.682,0.9256,0.6375,0.7854,0.5777,0.9051,0.892,OURS
Train3Val_ProteinGym,center,dna_prot_spliceai,nt_v2_500m,esm1v_650m,Hybrid_Concat_XGBoost,0.7894,0.7578,0.7917,0.7875,0.7744,0.5776,0.8682,0.8581,OURS
Train3Val_ProteinGym,cls,dna_prot_spliceai,nt_v3_650m,esm1b_650m,Hybrid_Concat_XGBoost,0.7901,0.7665,0.7768,0.8012,0.7716,0.5775,0.8653,0.839,OURS
Train3Val_ProteinGym,center,bio_core_dna_prot_spliceai,nt_v2_500m,esmc_600m,Hybrid_Gating_XGBoost,0.7663,0.6767,0.9345,0.625,0.785,0.5774,0.9036,0.8929,OURS
Train3Val_ProteinGym,center,dna_prot,nt_v2_500m,esm2_650m,PyTorch_CrossAttn,0.7908,0.7835,0.7485,0.8262,0.7656,0.5773,0.8564,0.8378,OURS
Train3Val_ProteinGym,center,prot_spliceai,,esm1v_650m,PyTorch_Concat,0.7908,0.7835,0.7485,0.8262,0.7656,0.5773,0.8867,0.8741,OURS
Train3Val_ProteinGym,mean,bio_core_prot_spliceai,,esm1v_650m,PyTorch_Concat,0.7758,0.6984,0.8958,0.675,0.7849,0.5772,0.8849,0.8554,OURS
Train3Val_ProteinGym,cls,bio_dna_geom_prot,nt_v2_500m,esm1b_650m,Pure_XGBoost_Concat,0.7656,0.6756,0.936,0.6225,0.7848,0.577,0.9059,0.8883,OURS
Train3Val_ProteinGym,center,bio_geom_prot,nt_v1_500m,esmc_600m,Pure_XGBoost_Concat,0.7683,0.6813,0.9256,0.6362,0.7849,0.5766,0.9092,0.8958,OURS
Train3Val_ProteinGym,cls,dna_prot_spliceai,nt_v3_650m,esm1b_650m,Pure_XGBoost_Concat,0.7887,0.7553,0.7946,0.7837,0.7745,0.5766,0.8643,0.8335,OURS
Train3Val_ProteinGym,mean,dna_geom,nt_v2_500m,esm1b_650m,Pure_XGBoost_Concat,0.7894,0.7638,0.7798,0.7975,0.7717,0.5764,0.8722,0.8622,OURS
Train3Val_ProteinGym,center,bio_core_dna_prot_spliceai,nt_v3_650m,esm1v_650m,Hybrid_Gating_XGBoost,0.767,0.6786,0.9301,0.63,0.7847,0.5764,0.8941,0.8792,OURS
Train3Val_ProteinGym,center,dna_prot_spliceai,nt_v2_500m,esm1v_650m,PyTorch_Concat,0.7894,0.7654,0.7768,0.8,0.771,0.5762,0.8721,0.8639,OURS
Train3Val_ProteinGym,cls,bio_dna_prot,nt_v2_500m,esm1b_650m,PyTorch_CrossAttn,0.7799,0.7117,0.8705,0.7038,0.7831,0.5761,0.8729,0.8329,OURS
Train3Val_ProteinGym,cls,bio_core_dna_prot_spliceai,nt_v3_650m,esmc_600m,PyTorch_Transformer,0.7745,0.6959,0.8988,0.67,0.7844,0.576,0.8744,0.8498,OURS
Train3Val_ProteinGym,center,bio_geom,nt_v1_500m,esmc_600m,PyTorch_Concat,0.7826,0.7222,0.8512,0.725,0.7814,0.5757,0.8777,0.866,OURS
Train3Val_ProteinGym,center,bio_core_dna_prot_spliceai,nt_v3_650m,esm2_650m,Hybrid_CrossAttn_XGBoost,0.7697,0.6848,0.9182,0.645,0.7845,0.5757,0.8924,0.8741,OURS
Train3Val_ProteinGym,mean,bio_core_dna_prot_spliceai,nt_v1_500m,esm1b_650m,PyTorch_Concat,0.7677,0.6805,0.9256,0.635,0.7844,0.5756,0.8856,0.86,OURS
Train3Val_ProteinGym,mean,prot,,esm1b_650m,Pure_XGBoost_Concat,0.7867,0.7432,0.814,0.7638,0.777,0.5755,0.8757,0.8509,OURS
Train3Val_ProteinGym,mean,prot,,esm1b_650m,Pure_XGBoost_Concat,0.7867,0.7432,0.814,0.7638,0.777,0.5755,0.8757,0.8509,OURS
Train3Val_ProteinGym,mean,prot,,esm1b_650m,Pure_XGBoost_Concat,0.7867,0.7432,0.814,0.7638,0.777,0.5755,0.8757,0.8509,OURS
Train3Val_ProteinGym,mean,prot,,esm1b_650m,Pure_XGBoost_Concat,0.7867,0.7432,0.814,0.7638,0.777,0.5755,0.8757,0.8509,OURS
Train3Val_ProteinGym,mean,prot,,esm1b_650m,Pure_XGBoost_Concat,0.7867,0.7432,0.814,0.7638,0.777,0.5755,0.8757,0.8509,OURS
Train3Val_ProteinGym,center,bio_core_dna_prot_spliceai,nt_v3_650m,esm1b_650m,PyTorch_Concat,0.7731,0.6929,0.9033,0.6637,0.7842,0.5754,0.9007,0.8925,OURS
Train3Val_ProteinGym,mean,dna_prot_spliceai,nt_v2_500m,esm1b_650m,Hybrid_Concat_XGBoost,0.7887,0.7612,0.7827,0.7938,0.7718,0.5754,0.8665,0.8462,OURS
Train3Val_ProteinGym,mean,dna_prot,nt_v3_650m,esm1b_650m,Hybrid_Gating_XGBoost,0.7887,0.762,0.7812,0.795,0.7715,0.5752,0.8692,0.8421,OURS
Train3Val_ProteinGym,cls,bio_core_dna_prot,nt_v2_500m,esm1v_650m,PyTorch_Concat,0.7812,0.7177,0.8586,0.7163,0.7818,0.5752,0.8752,0.8421,OURS
Train3Val_ProteinGym,mean,dna_prot_spliceai,nt_v3_650m,esm1b_650m,Hybrid_Transformer_XGBoost,0.7887,0.762,0.7812,0.795,0.7715,0.5752,0.8648,0.8394,OURS
Train3Val_ProteinGym,center,bio_core_prot_spliceai,,esmc_600m,Pure_XGBoost_Concat,0.767,0.6794,0.9271,0.6325,0.7841,0.5751,0.9089,0.8902,OURS
Train3Val_ProteinGym,center,bio_core_dna_prot_spliceai,nt_v3_650m,esm1b_650m,Hybrid_Gating_XGBoost,0.767,0.6794,0.9271,0.6325,0.7841,0.5751,0.8998,0.8849,OURS
Train3Val_ProteinGym,mean,bio_core_dna_prot_spliceai,nt_v2_500m,esm1b_650m,Hybrid_CrossAttn_XGBoost,0.7656,0.6768,0.9315,0.6262,0.784,0.575,0.8894,0.8557,OURS
Train3Val_ProteinGym,cls,bio_dna_prot,nt_v2_500m,esm1b_650m,Hybrid_Transformer_XGBoost,0.7643,0.6742,0.936,0.62,0.7838,0.5749,0.8922,0.8653,OURS
Train3Val_ProteinGym,mean,dna_prot_spliceai,nt_v3_650m,esm1b_650m,PyTorch_Concat,0.7894,0.7759,0.7574,0.8162,0.7666,0.5749,0.8707,0.846,OURS
Train3Val_ProteinGym,cls,prot,,esm1b_650m,Hybrid_Concat_XGBoost,0.7887,0.7643,0.7768,0.7988,0.7705,0.5748,0.8633,0.8362,OURS
Train3Val_ProteinGym,cls,prot,,esm1b_650m,Hybrid_Concat_XGBoost,0.7887,0.7643,0.7768,0.7988,0.7705,0.5748,0.8633,0.8362,OURS
Train3Val_ProteinGym,cls,prot,,esm1b_650m,Hybrid_Concat_XGBoost,0.7887,0.7643,0.7768,0.7988,0.7705,0.5748,0.8633,0.8362,OURS
Train3Val_ProteinGym,cls,prot,,esm1b_650m,Hybrid_Concat_XGBoost,0.7887,0.7643,0.7768,0.7988,0.7705,0.5748,0.8633,0.8362,OURS
Train3Val_ProteinGym,cls,prot,,esm1b_650m,Hybrid_Concat_XGBoost,0.7887,0.7643,0.7768,0.7988,0.7705,0.5748,0.8633,0.8362,OURS
Train3Val_ProteinGym,cls,dna_prot,nt_v1_500m,esm1b_650m,PyTorch_Gating,0.7894,0.7997,0.7188,0.8488,0.7571,0.5747,0.8683,0.844,OURS
Train3Val_ProteinGym,cls,bio_geom_prot,nt_v2_500m,esm1b_650m,Pure_XGBoost_Concat,0.7663,0.6783,0.9286,0.63,0.7839,0.5747,0.9078,0.8862,OURS
Train3Val_ProteinGym,cls,dna_prot,nt_v3_650m,esm1b_650m,Hybrid_Gating_XGBoost,0.7887,0.7658,0.7738,0.8012,0.7698,0.5746,0.8598,0.838,OURS
Train3Val_ProteinGym,mean,bio_dna_geom,nt_v2_500m,esm1b_650m,Pure_XGBoost_Concat,0.7649,0.6756,0.933,0.6238,0.7837,0.5746,0.9047,0.8928,OURS
Train3Val_ProteinGym,center,bio_dna_geom,nt_v1_500m,esmc_600m,Hybrid_Concat_XGBoost,0.7846,0.7339,0.8289,0.7475,0.7785,0.5745,0.8768,0.8531,OURS
Train3Val_ProteinGym,center,bio_core_dna_prot_spliceai,nt_v1_500m,esm2_650m,Hybrid_Transformer_XGBoost,0.7697,0.6856,0.9152,0.6475,0.7839,0.5745,0.884,0.8598,OURS
Train3Val_ProteinGym,center,bio_core_dna_prot,nt_v3_650m,esm1v_650m,PyTorch_Gating,0.7656,0.6771,0.9301,0.6275,0.7837,0.5743,0.8997,0.8892,OURS
Train3Val_ProteinGym,mean,dna_prot,nt_v1_500m,esm1b_650m,Pure_XGBoost_Concat,0.7867,0.7472,0.8051,0.7712,0.7751,0.5742,0.8714,0.8465,OURS
Train3Val_ProteinGym,mean,dna_prot,nt_v3_650m,esm1b_650m,Pure_XGBoost_Concat,0.7867,0.7472,0.8051,0.7712,0.7751,0.5742,0.8707,0.8494,OURS
Train3Val_ProteinGym,center,bio_core_dna_prot_spliceai,nt_v2_500m,esm1b_650m,Hybrid_Concat_XGBoost,0.7643,0.6745,0.9345,0.6212,0.7835,0.5742,0.9027,0.8893,OURS
Train3Val_ProteinGym,center,bio_core_dna_prot_spliceai,nt_v2_500m,esm1v_650m,Hybrid_Concat_XGBoost,0.7629,0.672,0.939,0.615,0.7834,0.5742,0.898,0.8814,OURS
Train3Val_ProteinGym,mean,bio_core_dna_prot_spliceai,nt_v1_500m,esm1b_650m,Hybrid_Concat_XGBoost,0.7643,0.6745,0.9345,0.6212,0.7835,0.5742,0.8921,0.8582,OURS
Train3Val_ProteinGym,center,dna_prot_spliceai,nt_v1_500m,esm1v_650m,Hybrid_CrossAttn_XGBoost,0.7874,0.7539,0.7932,0.7825,0.773,0.5739,0.8675,0.8559,OURS
Train3Val_ProteinGym,center,bio_core_dna_prot_spliceai,nt_v1_500m,esm1v_650m,PyTorch_Gating,0.7636,0.6734,0.936,0.6188,0.7833,0.5738,0.8952,0.8801,OURS
Train3Val_ProteinGym,mean,bio_core_dna_prot_spliceai,nt_v3_650m,esm1b_650m,Pure_XGBoost_Concat,0.7622,0.6709,0.9405,0.6125,0.7831,0.5738,0.9005,0.8688,OURS
Train3Val_ProteinGym,center,dna_prot,nt_v1_500m,esm1v_650m,PyTorch_Gating,0.7867,0.7493,0.8006,0.775,0.7741,0.5736,0.869,0.8599,OURS
Train3Val_ProteinGym,center,bio_core_dna_prot_spliceai,nt_v3_650m,esm1v_650m,Hybrid_Concat_XGBoost,0.7643,0.6749,0.933,0.6225,0.7833,0.5735,0.9032,0.8883,OURS
Train3Val_ProteinGym,center,bio_core_dna_prot_spliceai,nt_v2_500m,esm1v_650m,Hybrid_Transformer_XGBoost,0.7643,0.6749,0.933,0.6225,0.7833,0.5735,0.8954,0.8729,OURS
Train3Val_ProteinGym,mean,dna_prot_spliceai,nt_v3_650m,esm1b_650m,Hybrid_Gating_XGBoost,0.7874,0.7568,0.7872,0.7875,0.7717,0.5733,0.8637,0.8377,OURS
Train3Val_ProteinGym,cls,bio_core_dna_prot_spliceai,nt_v1_500m,esm1b_650m,Hybrid_Transformer_XGBoost,0.7649,0.6764,0.9301,0.6262,0.7832,0.5732,0.8885,0.859,OURS
Train3Val_ProteinGym,center,prot_spliceai,,esm2_650m,Pure_XGBoost_Concat,0.7887,0.7861,0.7381,0.8312,0.7613,0.5731,0.8539,0.8251,OURS
Train3Val_ProteinGym,center,dna_prot_spliceai,nt_v3_650m,esm2_650m,Hybrid_Transformer_XGBoost,0.7887,0.7843,0.7411,0.8288,0.7621,0.5731,0.8508,0.8403,OURS
Train3Val_ProteinGym,center,dna_prot_spliceai,nt_v2_500m,esm1v_650m,Hybrid_Gating_XGBoost,0.7874,0.7575,0.7857,0.7887,0.7714,0.5731,0.8653,0.861,OURS
Train3Val_ProteinGym,cls,dna_prot_spliceai,nt_v1_500m,esm1b_650m,Hybrid_Concat_XGBoost,0.788,0.7663,0.7708,0.8025,0.7685,0.5731,0.8563,0.8355,OURS
Train3Val_ProteinGym,mean,dna_prot_spliceai,nt_v1_500m,esm1b_650m,PyTorch_Transformer,0.7887,0.7888,0.7336,0.835,0.7602,0.573,0.8734,0.8481,OURS
Train3Val_ProteinGym,center,bio_core_dna_prot,nt_v1_500m,esm1v_650m,PyTorch_Gating,0.7683,0.6837,0.9167,0.6438,0.7832,0.5729,0.8933,0.879,OURS
Train3Val_ProteinGym,mean,dna_prot_spliceai,nt_v3_650m,esm1b_650m,PyTorch_Gating,0.788,0.7679,0.7679,0.805,0.7679,0.5729,0.873,0.8509,OURS
Train3Val_ProteinGym,cls,bio_core_dna_prot_spliceai,nt_v2_500m,esm1v_650m,PyTorch_Transformer,0.7792,0.7134,0.8631,0.7088,0.7811,0.5728,0.8729,0.8428,OURS
Train3Val_ProteinGym,mean,bio_core_dna_prot_spliceai,nt_v3_650m,esmc_600m,PyTorch_Transformer,0.7724,0.6935,0.8988,0.6662,0.7829,0.5726,0.8805,0.8557,OURS
Train3Val_ProteinGym,mean,dna_prot_spliceai,nt_v1_500m,esm1b_650m,Hybrid_CrossAttn_XGBoost,0.7867,0.7535,0.7917,0.7825,0.7721,0.5725,0.856,0.8325,OURS
Train3Val_ProteinGym,cls,dna_prot,nt_v1_500m,esm1b_650m,PyTorch_Transformer,0.7874,0.8188,0.686,0.8725,0.7466,0.5724,0.8652,0.8312,OURS
Train3Val_ProteinGym,mean,bio_prot,,esm1b_650m,Hybrid_Concat_XGBoost,0.7677,0.6825,0.9182,0.6412,0.783,0.5724,0.893,0.8633,OURS
Train3Val_ProteinGym,mean,bio_prot,,esm1b_650m,Hybrid_Concat_XGBoost,0.7677,0.6825,0.9182,0.6412,0.783,0.5724,0.893,0.8633,OURS
Train3Val_ProteinGym,mean,bio_prot,,esm1b_650m,Hybrid_Concat_XGBoost,0.7677,0.6825,0.9182,0.6412,0.783,0.5724,0.893,0.8633,OURS
Train3Val_ProteinGym,center,dna_prot,nt_v1_500m,esm1v_650m,Hybrid_Transformer_XGBoost,0.7874,0.7613,0.7783,0.795,0.7697,0.5724,0.8652,0.8554,OURS
Train3Val_ProteinGym,mean,dna_prot,nt_v2_500m,esm1b_650m,Hybrid_Gating_XGBoost,0.7867,0.7543,0.7902,0.7837,0.7718,0.5723,0.866,0.8462,OURS
Train3Val_ProteinGym,center,bio_core_dna_prot_spliceai,nt_v2_500m,esm1b_650m,Hybrid_CrossAttn_XGBoost,0.7683,0.6841,0.9152,0.645,0.7829,0.5723,0.9017,0.8924,OURS
Train3Val_ProteinGym,cls,dna_prot_spliceai,nt_v3_650m,esm1b_650m,PyTorch_Concat,0.788,0.7736,0.7574,0.8138,0.7654,0.5722,0.8651,0.8381,OURS
Train3Val_ProteinGym,center,bio_core_dna_prot_spliceai,nt_v2_500m,esm1b_650m,Pure_XGBoost_Concat,0.7629,0.6731,0.9345,0.6188,0.7826,0.5721,0.9084,0.8908,OURS
Train3Val_ProteinGym,mean,bio_prot,,esm1b_650m,Pure_XGBoost_Concat,0.7615,0.6706,0.939,0.6125,0.7824,0.572,0.9045,0.8826,OURS
Train3Val_ProteinGym,mean,bio_prot,,esm1b_650m,Pure_XGBoost_Concat,0.7615,0.6706,0.939,0.6125,0.7824,0.572,0.9045,0.8826,OURS
Train3Val_ProteinGym,mean,bio_prot,,esm1b_650m,Pure_XGBoost_Concat,0.7615,0.6706,0.939,0.6125,0.7824,0.572,0.9045,0.8826,OURS
Train3Val_ProteinGym,mean,bio_core_dna_prot_spliceai,nt_v3_650m,esm2_650m,PyTorch_Transformer,0.7745,0.6995,0.8869,0.68,0.7822,0.5719,0.8737,0.8447,OURS
Train3Val_ProteinGym,cls,dna_prot,nt_v1_500m,esm1b_650m,PyTorch_CrossAttn,0.7874,0.8122,0.6949,0.865,0.749,0.5717,0.8549,0.8291,OURS
Train3Val_ProteinGym,mean,dna_prot,nt_v1_500m,esm1b_650m,PyTorch_Transformer,0.788,0.7894,0.7307,0.8362,0.7589,0.5717,0.8717,0.8475,OURS
Train3Val_ProteinGym,mean,bio_core_dna_prot_spliceai,nt_v1_500m,esm1b_650m,Hybrid_Gating_XGBoost,0.7636,0.6746,0.9315,0.6225,0.7825,0.5717,0.8881,0.8504,OURS
Train3Val_ProteinGym,center,bio_prot,,esmc_600m,Pure_XGBoost_Concat,0.7663,0.6802,0.9211,0.6362,0.7826,0.5715,0.9074,0.8915,OURS
Train3Val_ProteinGym,center,bio_prot,,esmc_600m,Pure_XGBoost_Concat,0.7663,0.6802,0.9211,0.6362,0.7826,0.5715,0.9074,0.8915,OURS
Train3Val_ProteinGym,center,bio_prot,,esmc_600m,Pure_XGBoost_Concat,0.7663,0.6802,0.9211,0.6362,0.7826,0.5715,0.9074,0.8915,OURS
Train3Val_ProteinGym,center,dna_prot_spliceai,nt_v2_500m,esm1v_650m,PyTorch_Gating,0.7867,0.7587,0.7812,0.7912,0.7698,0.5714,0.8654,0.859,OURS
Train3Val_ProteinGym,mean,prot_spliceai,,esm1b_650m,Pure_XGBoost_Concat,0.7853,0.7465,0.8021,0.7712,0.7733,0.5713,0.8756,0.8531,OURS
Train3Val_ProteinGym,center,dna_prot,nt_v1_500m,esm1b_650m,PyTorch_Concat,0.786,0.7532,0.7902,0.7825,0.7712,0.571,0.8719,0.8595,OURS
Train3Val_ProteinGym,center,bio_core_dna_prot_spliceai,nt_v1_500m,esm1v_650m,PyTorch_Concat,0.7656,0.6791,0.9226,0.6338,0.7823,0.571,0.892,0.8765,OURS
Train3Val_ProteinGym,mean,dna_geom_prot,nt_v2_500m,esm1b_650m,PyTorch_Concat,0.7779,0.7111,0.8646,0.705,0.7804,0.5709,0.862,0.8296,OURS
Train3Val_ProteinGym,center,dna_prot,nt_v3_650m,esm2_650m,PyTorch_Transformer,0.7853,0.8333,0.6622,0.8888,0.738,0.5708,0.8518,0.8415,OURS
Train3Val_ProteinGym,center,bio_core_dna_prot_spliceai,nt_v1_500m,esm1b_650m,Hybrid_Concat_XGBoost,0.7629,0.6738,0.9315,0.6212,0.782,0.5707,0.8955,0.8795,OURS
Train3Val_ProteinGym,mean,dna_prot_spliceai,nt_v1_500m,esm1b_650m,Hybrid_Gating_XGBoost,0.786,0.7546,0.7872,0.785,0.7706,0.5707,0.8559,0.8346,OURS
Train3Val_ProteinGym,mean,dna_prot_spliceai,nt_v2_500m,esm1b_650m,Hybrid_Gating_XGBoost,0.786,0.7546,0.7872,0.785,0.7706,0.5707,0.8607,0.8345,OURS
Train3Val_ProteinGym,mean,bio_core_dna_prot_spliceai,nt_v2_500m,esm1v_650m,PyTorch_Transformer,0.7751,0.7027,0.8795,0.6875,0.7812,0.5707,0.8832,0.8595,OURS
Train3Val_ProteinGym,center,dna_prot_spliceai,nt_v3_650m,esm2_650m,Hybrid_CrossAttn_XGBoost,0.7874,0.7783,0.747,0.8212,0.7623,0.5705,0.8534,0.8407,OURS
Train3Val_ProteinGym,cls,bio_core_dna_prot,nt_v3_650m,esm1v_650m,PyTorch_Transformer,0.7792,0.7166,0.8542,0.7163,0.7794,0.5705,0.8722,0.8417,OURS
Train3Val_ProteinGym,mean,bio_core_dna_prot_spliceai,nt_v1_500m,esm1b_650m,Hybrid_Transformer_XGBoost,0.7636,0.6753,0.9286,0.625,0.782,0.5704,0.891,0.8614,OURS
Train3Val_ProteinGym,mean,bio_core_dna_prot_spliceai,nt_v2_500m,esm2_650m,PyTorch_Concat,0.7751,0.7032,0.878,0.6888,0.7809,0.5702,0.8693,0.8307,OURS
Train3Val_ProteinGym,cls,bio_dna_prot,nt_v2_500m,esm1b_650m,Hybrid_Concat_XGBoost,0.7629,0.6742,0.9301,0.6225,0.7817,0.57,0.8897,0.8585,OURS
Train3Val_ProteinGym,center,bio_core_dna_prot_spliceai,nt_v2_500m,esm1v_650m,PyTorch_Gating,0.7677,0.6842,0.9122,0.6462,0.7819,0.57,0.8924,0.8791,OURS
Train3Val_ProteinGym,mean,dna_prot_spliceai,nt_v2_500m,esm1b_650m,Pure_XGBoost_Concat,0.7846,0.7455,0.8021,0.77,0.7728,0.57,0.8714,0.8421,OURS
Train3Val_ProteinGym,mean,bio_core_dna_prot_spliceai,nt_v2_500m,esmc_600m,PyTorch_CrossAttn,0.7758,0.7055,0.8735,0.6938,0.7806,0.57,0.8761,0.8635,OURS
Train3Val_ProteinGym,center,bio_core_prot_spliceai,,esm1v_650m,Pure_XGBoost_Concat,0.7602,0.6691,0.939,0.61,0.7814,0.5699,0.9078,0.8914,OURS
Train3Val_ProteinGym,cls,dna_prot_spliceai,nt_v3_650m,esm1b_650m,Hybrid_Transformer_XGBoost,0.7867,0.768,0.7634,0.8062,0.7657,0.5699,0.8614,0.8334,OURS
Train3Val_ProteinGym,mean,dna_prot_spliceai,nt_v2_500m,esm1b_650m,Hybrid_Transformer_XGBoost,0.7853,0.7514,0.7917,0.78,0.771,0.5699,0.8644,0.8444,OURS
Train3Val_ProteinGym,cls,dna_prot_spliceai,nt_v3_650m,esm1b_650m,PyTorch_Transformer,0.786,0.8159,0.686,0.87,0.7454,0.5695,0.8751,0.8447,OURS
Train3Val_ProteinGym,center,bio_prot,,esmc_600m,PyTorch_Concat,0.7677,0.6846,0.9107,0.6475,0.7816,0.5694,0.9007,0.8828,OURS
Train3Val_ProteinGym,center,bio_prot,,esmc_600m,PyTorch_Concat,0.7677,0.6846,0.9107,0.6475,0.7816,0.5694,0.9007,0.8828,OURS
Train3Val_ProteinGym,center,bio_prot,,esmc_600m,PyTorch_Concat,0.7677,0.6846,0.9107,0.6475,0.7816,0.5694,0.9007,0.8828,OURS
Train3Val_ProteinGym,center,dna_prot,nt_v1_500m,esm1v_650m,Hybrid_Gating_XGBoost,0.7853,0.7536,0.7872,0.7837,0.77,0.5694,0.8572,0.8505,OURS
Train3Val_ProteinGym,mean,bio_core_prot_spliceai,,esm2_650m,PyTorch_Concat,0.7704,0.6911,0.8988,0.6625,0.7814,0.5693,0.8782,0.8443,OURS
Train3Val_ProteinGym,mean,bio_core_dna_prot,nt_v1_500m,esm1v_650m,PyTorch_Transformer,0.7711,0.6928,0.8958,0.6662,0.7813,0.5693,0.88,0.8576,OURS
Train3Val_ProteinGym,mean,dna_geom_prot,nt_v2_500m,esm1b_650m,PyTorch_CrossAttn,0.7867,0.7925,0.7217,0.8412,0.7555,0.569,0.8624,0.8253,OURS
Train3Val_ProteinGym,cls,prot_spliceai,,esm1b_650m,PyTorch_Concat,0.7867,0.7814,0.7396,0.8262,0.7599,0.569,0.8729,0.8513,OURS
Train3Val_ProteinGym,center,dna_prot,nt_v3_650m,esm2_650m,PyTorch_Gating,0.7867,0.7823,0.7381,0.8275,0.7596,0.5689,0.8581,0.8466,OURS
Train3Val_ProteinGym,cls,dna_prot_spliceai,nt_v3_650m,esm1b_650m,PyTorch_Gating,0.7867,0.7823,0.7381,0.8275,0.7596,0.5689,0.8733,0.8475,OURS
Train3Val_ProteinGym,mean,bio_core_dna_prot,nt_v1_500m,esm1v_650m,PyTorch_Gating,0.767,0.6834,0.9122,0.645,0.7814,0.5689,0.8835,0.8599,OURS
Train3Val_ProteinGym,mean,dna_prot,nt_v1_500m,esm1b_650m,Hybrid_CrossAttn_XGBoost,0.7853,0.7565,0.7812,0.7887,0.7687,0.5688,0.8595,0.8331,OURS
Train3Val_ProteinGym,center,bio_core_dna_prot_spliceai,nt_v1_500m,esm2_650m,Hybrid_CrossAttn_XGBoost,0.7677,0.685,0.9092,0.6488,0.7813,0.5688,0.8825,0.8588,OURS
Train3Val_ProteinGym,cls,dna_prot_spliceai,nt_v2_500m,esm1b_650m,Pure_XGBoost_Concat,0.7846,0.7496,0.7932,0.7775,0.7708,0.5688,0.866,0.835,OURS
Train3Val_ProteinGym,cls,bio_core_dna_prot_spliceai,nt_v2_500m,esm1b_650m,Hybrid_Transformer_XGBoost,0.7609,0.6709,0.9345,0.615,0.7811,0.5688,0.8939,0.8681,OURS
Train3Val_ProteinGym,mean,bio_dna_prot,nt_v2_500m,esm1b_650m,Hybrid_Transformer_XGBoost,0.7629,0.675,0.9271,0.625,0.7812,0.5687,0.8926,0.8637,OURS
Train3Val_ProteinGym,mean,dna_prot,nt_v3_650m,esm1v_650m,Hybrid_Transformer_XGBoost,0.7853,0.758,0.7783,0.7912,0.768,0.5685,0.8618,0.8365,OURS
Train3Val_ProteinGym,center,bio_core_dna_prot,nt_v3_650m,esm1v_650m,Hybrid_Transformer_XGBoost,0.7636,0.6765,0.9241,0.6288,0.7811,0.5684,0.8981,0.8848,OURS
Train3Val_ProteinGym,center,bio_core_dna_prot,nt_v2_500m,esm1v_650m,PyTorch_CrossAttn,0.7711,0.6936,0.8929,0.6688,0.7807,0.5683,0.8816,0.859,OURS
Train3Val_ProteinGym,cls,bio_core_dna_prot_spliceai,nt_v1_500m,esm1b_650m,Hybrid_Concat_XGBoost,0.7582,0.6663,0.942,0.6038,0.7805,0.5682,0.8921,0.857,OURS
Train3Val_ProteinGym,cls,bio_dna_geom,nt_v2_500m,esm1b_650m,Pure_XGBoost_Concat,0.7595,0.6688,0.9375,0.61,0.7807,0.5681,0.9035,0.8856,OURS
Train3Val_ProteinGym,cls,bio_core_dna_prot_spliceai,nt_v3_650m,esmc_600m,PyTorch_Gating,0.769,0.6886,0.9018,0.6575,0.7809,0.5681,0.8771,0.8572,OURS
Train3Val_ProteinGym,cls,dna_prot_spliceai,nt_v2_500m,esm1b_650m,PyTorch_Concat,0.786,0.7725,0.753,0.8138,0.7626,0.568,0.8586,0.8373,OURS
Train3Val_ProteinGym,mean,dna_prot,nt_v3_650m,esm1b_650m,Hybrid_CrossAttn_XGBoost,0.7846,0.7539,0.7842,0.785,0.7688,0.5678,0.8691,0.8435,OURS
Train3Val_ProteinGym,mean,bio_core_dna_prot,nt_v2_500m,esm1v_650m,PyTorch_Concat,0.7711,0.6941,0.8914,0.67,0.7805,0.5678,0.8802,0.8467,OURS
Train3Val_ProteinGym,cls,dna_prot,nt_v3_650m,esm1b_650m,PyTorch_Transformer,0.786,0.795,0.7158,0.845,0.7533,0.5677,0.8693,0.8338,OURS
Train3Val_ProteinGym,cls,dna_prot_spliceai,nt_v1_500m,esm1b_650m,PyTorch_Transformer,0.786,0.7776,0.744,0.8212,0.7605,0.5677,0.865,0.8378,OURS
Train3Val_ProteinGym,center,dna_prot,nt_v2_500m,esm1v_650m,Hybrid_CrossAttn_XGBoost,0.784,0.7486,0.7932,0.7762,0.7702,0.5675,0.8697,0.8588,OURS
Train3Val_ProteinGym,center,bio_core_dna_prot,nt_v2_500m,esm1v_650m,Hybrid_CrossAttn_XGBoost,0.7629,0.6757,0.9241,0.6275,0.7806,0.5673,0.9021,0.886,OURS
Train3Val_ProteinGym,center,bio_core_dna_prot_spliceai,nt_v2_500m,esm2_650m,Pure_XGBoost_Concat,0.7615,0.6731,0.9286,0.6212,0.7805,0.5672,0.9023,0.883,OURS
Train3Val_ProteinGym,center,bio_core_dna_prot_spliceai,nt_v2_500m,esmc_600m,Pure_XGBoost_Concat,0.7615,0.6731,0.9286,0.6212,0.7805,0.5672,0.9075,0.8874,OURS
Train3Val_ProteinGym,cls,dna_prot,nt_v3_650m,esm1b_650m,Hybrid_CrossAttn_XGBoost,0.7853,0.7673,0.7604,0.8062,0.7638,0.5671,0.8634,0.8317,OURS
Train3Val_ProteinGym,mean,bio_core_dna_prot_spliceai,nt_v2_500m,esmc_600m,PyTorch_Concat,0.767,0.6846,0.9077,0.6488,0.7806,0.5671,0.8771,0.8646,OURS
Train3Val_ProteinGym,mean,bio_core_dna_prot,nt_v3_650m,esm1v_650m,Hybrid_Concat_XGBoost,0.7622,0.6746,0.9256,0.625,0.7804,0.5669,0.89,0.8723,OURS
Train3Val_ProteinGym,center,dna_prot,nt_v2_500m,esm2_650m,PyTorch_Concat,0.7853,0.8027,0.7024,0.855,0.7492,0.5668,0.8497,0.8395,OURS
Train3Val_ProteinGym,cls,dna_prot,nt_v1_500m,esm1b_650m,Hybrid_Transformer_XGBoost,0.7846,0.7591,0.7738,0.7938,0.7664,0.5668,0.8577,0.8396,OURS
Train3Val_ProteinGym,cls,dna_prot_spliceai,nt_v1_500m,esm1b_650m,PyTorch_Concat,0.7853,0.8027,0.7024,0.855,0.7492,0.5668,0.8543,0.8342,OURS
Train3Val_ProteinGym,cls,bio_prot,,esm1b_650m,Pure_XGBoost_Concat,0.7582,0.667,0.939,0.6062,0.78,0.5667,0.9033,0.8775,OURS
Train3Val_ProteinGym,cls,bio_prot,,esm1b_650m,Pure_XGBoost_Concat,0.7582,0.667,0.939,0.6062,0.78,0.5667,0.9033,0.8775,OURS
Train3Val_ProteinGym,cls,bio_prot,,esm1b_650m,Pure_XGBoost_Concat,0.7582,0.667,0.939,0.6062,0.78,0.5667,0.9033,0.8775,OURS
Train3Val_ProteinGym,cls,bio_core_dna_prot_spliceai,nt_v1_500m,esm1b_650m,Hybrid_CrossAttn_XGBoost,0.7595,0.6695,0.9345,0.6125,0.7801,0.5667,0.8859,0.8564,OURS
Train3Val_ProteinGym,cls,bio_core_dna_prot_spliceai,nt_v2_500m,esm1b_650m,PyTorch_CrossAttn,0.7656,0.6819,0.9122,0.6425,0.7804,0.5667,0.8804,0.8501,OURS
Train3Val_ProteinGym,mean,dna_prot_spliceai,nt_v1_500m,esm1b_650m,Hybrid_Concat_XGBoost,0.7846,0.7599,0.7723,0.795,0.7661,0.5666,0.8637,0.8385,OURS
Train3Val_ProteinGym,cls,bio_core_dna_prot,nt_v2_500m,esm1v_650m,PyTorch_Transformer,0.7738,0.703,0.8735,0.69,0.779,0.5665,0.869,0.8335,OURS
Train3Val_ProteinGym,mean,dna_prot_spliceai,nt_v1_500m,esm1b_650m,Hybrid_Transformer_XGBoost,0.784,0.7529,0.7842,0.7837,0.7682,0.5665,0.8603,0.8407,OURS
Train3Val_ProteinGym,center,bio_core_dna_prot,nt_v1_500m,esm1v_650m,Hybrid_Concat_XGBoost,0.7588,0.6684,0.936,0.61,0.7799,0.5664,0.8985,0.8801,OURS
Train3Val_ProteinGym,mean,bio_core_dna_prot_spliceai,nt_v2_500m,esm2_650m,PyTorch_CrossAttn,0.7717,0.6972,0.8839,0.6775,0.7795,0.5664,0.8703,0.8346,OURS
Train3Val_ProteinGym,mean,dna_prot_spliceai,nt_v2_500m,esm1v_650m,PyTorch_Gating,0.7853,0.7781,0.7411,0.8225,0.7591,0.5663,0.8611,0.8395,OURS
Train3Val_ProteinGym,cls,bio_core_dna_prot,nt_v3_650m,esm1v_650m,PyTorch_CrossAttn,0.7751,0.7077,0.8646,0.7,0.7783,0.5662,0.8694,0.84,OURS
Train3Val_ProteinGym,center,dna_geom_prot,nt_v1_500m,esmc_600m,Hybrid_Concat_XGBoost,0.7846,0.8087,0.692,0.8625,0.7458,0.5661,0.8595,0.8525,OURS
Train3Val_ProteinGym,cls,dna_prot_spliceai,nt_v1_500m,esm1b_650m,PyTorch_Gating,0.7846,0.7637,0.7649,0.8012,0.7643,0.5661,0.8595,0.8338,OURS
Train3Val_ProteinGym,mean,dna_prot_spliceai,nt_v1_500m,esm1b_650m,PyTorch_Gating,0.7853,0.7871,0.7262,0.835,0.7554,0.5661,0.8514,0.8362,OURS
Train3Val_ProteinGym,center,bio_core_dna_prot_spliceai,nt_v3_650m,esm2_650m,Hybrid_Gating_XGBoost,0.7629,0.6765,0.9211,0.63,0.7801,0.566,0.8791,0.8549,OURS
Train3Val_ProteinGym,center,bio_core_dna_prot,nt_v1_500m,esm1v_650m,Hybrid_CrossAttn_XGBoost,0.7636,0.678,0.9182,0.6338,0.78,0.5659,0.8971,0.8783,OURS
Train3Val_ProteinGym,cls,dna_prot,nt_v1_500m,esm1b_650m,Hybrid_Concat_XGBoost,0.7846,0.7661,0.7604,0.805,0.7633,0.5658,0.8561,0.8368,OURS
Train3Val_ProteinGym,cls,dna_geom_prot,nt_v2_500m,esm1b_650m,PyTorch_CrossAttn,0.7833,0.8262,0.6652,0.8825,0.737,0.5658,0.855,0.8251,OURS
Train3Val_ProteinGym,mean,dna_prot,nt_v3_650m,esm1b_650m,PyTorch_Transformer,0.784,0.8172,0.6786,0.8725,0.7415,0.5658,0.8804,0.8532,OURS
Train3Val_ProteinGym,cls,bio_core_dna_prot_spliceai,nt_v3_650m,esm2_650m,PyTorch_Concat,0.7751,0.7082,0.8631,0.7012,0.778,0.5658,0.8652,0.8334,OURS
Train3Val_ProteinGym,cls,bio_core_dna_prot_spliceai,nt_v3_650m,esm2_650m,PyTorch_Transformer,0.7751,0.7082,0.8631,0.7012,0.778,0.5658,0.8632,0.8307,OURS
Train3Val_ProteinGym,center,dna_prot_spliceai,nt_v1_500m,esm1v_650m,Hybrid_Transformer_XGBoost,0.784,0.7565,0.7768,0.79,0.7665,0.5657,0.8657,0.859,OURS
Train3Val_ProteinGym,center,bio_core_dna_prot_spliceai,nt_v2_500m,esm2_650m,Hybrid_Gating_XGBoost,0.7649,0.6811,0.9122,0.6412,0.7799,0.5656,0.8811,0.8604,OURS
Train3Val_ProteinGym,center,bio_core_dna_prot_spliceai,nt_v2_500m,esm2_650m,Hybrid_CrossAttn_XGBoost,0.7677,0.6875,0.9003,0.6562,0.7796,0.5654,0.8914,0.8731,OURS
Train3Val_ProteinGym,mean,bio_core_dna_prot_spliceai,nt_v1_500m,esm1b_650m,Hybrid_CrossAttn_XGBoost,0.7609,0.6728,0.9271,0.6212,0.7797,0.5654,0.8876,0.8578,OURS
Train3Val_ProteinGym,center,bio_core_dna_prot,nt_v3_650m,esm1v_650m,Hybrid_Gating_XGBoost,0.7582,0.6677,0.936,0.6088,0.7794,0.5653,0.899,0.882,OURS
Train3Val_ProteinGym,center,dna_prot,nt_v2_500m,esm2_650m,Hybrid_CrossAttn_XGBoost,0.7846,0.7735,0.747,0.8162,0.76,0.5651,0.8495,0.8367,OURS
Train3Val_ProteinGym,cls,dna_prot,nt_v3_650m,esm1b_650m,PyTorch_Concat,0.7846,0.7752,0.744,0.8188,0.7593,0.565,0.8668,0.8387,OURS
Train3Val_ProteinGym,cls,bio_dna_prot,nt_v2_500m,esm1b_650m,Hybrid_CrossAttn_XGBoost,0.7602,0.6717,0.9286,0.6188,0.7795,0.565,0.89,0.8624,OURS
Train3Val_ProteinGym,mean,bio_core_dna_prot_spliceai,nt_v2_500m,esm1v_650m,PyTorch_Gating,0.7697,0.6929,0.8899,0.6688,0.7792,0.565,0.8818,0.858,OURS
Train3Val_ProteinGym,mean,bio_core_dna_prot_spliceai,nt_v2_500m,esm1b_650m,Hybrid_Concat_XGBoost,0.7588,0.6692,0.933,0.6125,0.7794,0.5649,0.8915,0.8588,OURS
Train3Val_ProteinGym,cls,dna_prot_spliceai,nt_v1_500m,esm1b_650m,PyTorch_CrossAttn,0.7846,0.7858,0.7262,0.8338,0.7548,0.5648,0.8583,0.8205,OURS
Train3Val_ProteinGym,mean,dna_prot_spliceai,nt_v1_500m,esm1v_650m,PyTorch_CrossAttn,0.7846,0.7813,0.7336,0.8275,0.7567,0.5648,0.8601,0.8311,OURS
Train3Val_ProteinGym,mean,dna_prot_spliceai,nt_v2_500m,esm1v_650m,PyTorch_Transformer,0.7846,0.7905,0.7188,0.84,0.7529,0.5648,0.8685,0.8433,OURS
Train3Val_ProteinGym,cls,dna_prot,nt_v2_500m,esm1b_650m,Pure_XGBoost_Concat,0.7812,0.7378,0.808,0.7588,0.7713,0.5646,0.8638,0.8404,OURS
Train3Val_ProteinGym,mean,bio_dna_geom_prot,nt_v2_500m,esm1b_650m,Hybrid_Transformer_XGBoost,0.7826,0.7479,0.7902,0.7762,0.7685,0.5646,0.8604,0.8337,OURS
Train3Val_ProteinGym,center,bio_core_dna_prot,nt_v1_500m,esm1v_650m,Hybrid_Gating_XGBoost,0.7568,0.6656,0.939,0.6038,0.779,0.5646,0.8978,0.8849,OURS
Train3Val_ProteinGym,cls,dna_prot_spliceai,nt_v3_650m,esm1b_650m,Hybrid_CrossAttn_XGBoost,0.784,0.7634,0.7634,0.8012,0.7634,0.5646,0.8606,0.8355,OURS
Train3Val_ProteinGym,mean,bio_core_prot_spliceai,,esmc_600m,Hybrid_Concat_XGBoost,0.7582,0.6681,0.9345,0.61,0.7792,0.5646,0.8881,0.8647,OURS
Train3Val_ProteinGym,center,bio_core_dna_prot_spliceai,nt_v1_500m,esmc_600m,Hybrid_Gating_XGBoost,0.7615,0.6746,0.9226,0.6262,0.7794,0.5645,0.8996,0.8842,OURS
Train3Val_ProteinGym,cls,dna_prot,nt_v3_650m,esm1b_650m,Hybrid_Concat_XGBoost,0.7833,0.7554,0.7768,0.7887,0.766,0.5644,0.8624,0.8408,OURS
Train3Val_ProteinGym,cls,bio_core_dna_prot_spliceai,nt_v2_500m,esm1b_650m,PyTorch_Concat,0.7663,0.6851,0.9033,0.6512,0.7792,0.5643,0.8773,0.8403,OURS
Train3Val_ProteinGym,mean,bio_core_dna_prot_spliceai,nt_v3_650m,esmc_600m,PyTorch_CrossAttn,0.7677,0.6884,0.8973,0.6587,0.7791,0.5643,0.8773,0.8628,OURS
Train3Val_ProteinGym,mean,bio_core_dna_prot_spliceai,nt_v1_500m,esm1b_650m,PyTorch_Gating,0.7588,0.6695,0.9315,0.6138,0.7791,0.5642,0.8869,0.8611,OURS
Train3Val_ProteinGym,mean,bio_core_dna_prot_spliceai,nt_v2_500m,esmc_600m,Hybrid_Transformer_XGBoost,0.7588,0.6695,0.9315,0.6138,0.7791,0.5642,0.8812,0.8628,OURS
Train3Val_ProteinGym,center,dna_prot,nt_v3_650m,esm2_650m,PyTorch_Concat,0.784,0.801,0.7009,0.8538,0.7476,0.5641,0.8605,0.8451,OURS
Train3Val_ProteinGym,center,bio_core_dna_prot,nt_v2_500m,esm1v_650m,PyTorch_Concat,0.7636,0.6792,0.9137,0.6375,0.7792,0.564,0.8925,0.8753,OURS
Train3Val_ProteinGym,mean,bio_core_dna_prot_spliceai,nt_v3_650m,esm2_650m,Hybrid_Transformer_XGBoost,0.7615,0.675,0.9211,0.6275,0.7791,0.5639,0.8759,0.8409,OURS
Train3Val_ProteinGym,cls,dna_prot,nt_v3_650m,esm1b_650m,PyTorch_Gating,0.784,0.798,0.7054,0.85,0.7488,0.5638,0.8708,0.837,OURS
Train3Val_ProteinGym,cls,bio_core_dna_prot_spliceai,nt_v2_500m,esmc_600m,PyTorch_Transformer,0.7711,0.6978,0.8795,0.68,0.7781,0.5638,0.8612,0.837,OURS
Train3Val_ProteinGym,cls,bio_core_dna_prot_spliceai,nt_v3_650m,esm1b_650m,Hybrid_Transformer_XGBoost,0.7602,0.6724,0.9256,0.6212,0.779,0.5637,0.8955,0.8688,OURS
Train3Val_ProteinGym,cls,bio_core_dna_prot,nt_v2_500m,esm1v_650m,Hybrid_CrossAttn_XGBoost,0.7602,0.6724,0.9256,0.6212,0.779,0.5637,0.8829,0.8546,OURS
Train3Val_ProteinGym,mean,bio_core_dna_prot_spliceai,nt_v2_500m,esm2_650m,PyTorch_Gating,0.7622,0.6765,0.9182,0.6312,0.779,0.5637,0.8743,0.8397,OURS
Train3Val_ProteinGym,center,bio_dna_geom,nt_v1_500m,esmc_600m,Pure_XGBoost_Concat,0.7609,0.6739,0.9226,0.625,0.7789,0.5634,0.8998,0.8836,OURS
Train3Val_ProteinGym,center,dna_prot_spliceai,nt_v2_500m,esm2_650m,Pure_XGBoost_Concat,0.784,0.7801,0.7336,0.8262,0.7561,0.5634,0.8517,0.8268,OURS
Train3Val_ProteinGym,mean,dna_prot_spliceai,nt_v1_500m,esm1v_650m,PyTorch_Concat,0.784,0.781,0.7321,0.8275,0.7558,0.5634,0.8632,0.8336,OURS
Train3Val_ProteinGym,center,bio_core_dna_prot_spliceai,nt_v3_650m,esmc_600m,PyTorch_Concat,0.7595,0.6713,0.9271,0.6188,0.7788,0.5633,0.9027,0.89,OURS
Train3Val_ProteinGym,cls,bio_core_dna_prot_spliceai,nt_v1_500m,esm1v_650m,PyTorch_Transformer,0.769,0.6926,0.8884,0.6688,0.7784,0.5633,0.8778,0.85,OURS
Train3Val_ProteinGym,cls,bio_core_dna_prot_spliceai,nt_v2_500m,esm1b_650m,Hybrid_Concat_XGBoost,0.7568,0.6663,0.936,0.6062,0.7785,0.5632,0.8906,0.862,OURS
Train3Val_ProteinGym,center,prot_spliceai,,esm2_650m,PyTorch_Concat,0.7833,0.8038,0.6949,0.8575,0.7454,0.563,0.8483,0.8396,OURS
Train3Val_ProteinGym,center,bio_core_prot_spliceai,,esm2_650m,Hybrid_Concat_XGBoost,0.7609,0.6743,0.9211,0.6262,0.7786,0.5628,0.8904,0.8709,OURS
Train3Val_ProteinGym,center,dna_prot_spliceai,nt_v2_500m,esm2_650m,Hybrid_CrossAttn_XGBoost,0.7833,0.7678,0.753,0.8088,0.7603,0.5627,0.844,0.8354,OURS
Train3Val_ProteinGym,mean,bio_core_dna_prot_spliceai,nt_v3_650m,esm1v_650m,PyTorch_Gating,0.7731,0.7051,0.8646,0.6962,0.7767,0.5627,0.8802,0.854,OURS
Train3Val_ProteinGym,mean,bio_dna_prot,nt_v2_500m,esm1b_650m,Hybrid_Concat_XGBoost,0.7595,0.6717,0.9256,0.62,0.7785,0.5626,0.8883,0.8443,OURS
Train3Val_ProteinGym,mean,bio_core_dna_prot,nt_v3_650m,esm1v_650m,PyTorch_CrossAttn,0.7697,0.6952,0.8824,0.675,0.7777,0.5625,0.8831,0.865,OURS
Train3Val_ProteinGym,cls,dna_prot_spliceai,nt_v2_500m,esm1b_650m,PyTorch_Transformer,0.7833,0.7937,0.7098,0.845,0.7494,0.5623,0.861,0.8334,OURS
Train3Val_ProteinGym,cls,bio_prot,,esm1b_650m,Hybrid_Concat_XGBoost,0.7588,0.6706,0.9271,0.6175,0.7783,0.5622,0.8925,0.8694,OURS
Train3Val_ProteinGym,cls,bio_prot,,esm1b_650m,Hybrid_Concat_XGBoost,0.7588,0.6706,0.9271,0.6175,0.7783,0.5622,0.8925,0.8694,OURS
Train3Val_ProteinGym,cls,bio_prot,,esm1b_650m,Hybrid_Concat_XGBoost,0.7588,0.6706,0.9271,0.6175,0.7783,0.5622,0.8925,0.8694,OURS
Train3Val_ProteinGym,cls,bio_core_prot_spliceai,,esm1v_650m,PyTorch_Concat,0.7677,0.6901,0.8914,0.6637,0.7779,0.5621,0.8771,0.8472,OURS
Train3Val_ProteinGym,cls,dna_prot_spliceai,nt_v2_500m,esm1b_650m,PyTorch_Gating,0.7833,0.7879,0.7188,0.8375,0.7518,0.562,0.8521,0.8307,OURS
Train3Val_ProteinGym,cls,dna_prot,nt_v2_500m,esm1b_650m,Hybrid_CrossAttn_XGBoost,0.7826,0.7619,0.7619,0.8,0.7619,0.5619,0.8578,0.8317,OURS
Train3Val_ProteinGym,center,bio_core_dna_prot_spliceai,nt_v3_650m,esm2_650m,Pure_XGBoost_Concat,0.7595,0.6721,0.9241,0.6212,0.7782,0.5619,0.8981,0.8648,OURS
Train3Val_ProteinGym,center,bio_core_dna_prot_spliceai,nt_v2_500m,esm1v_650m,PyTorch_CrossAttn,0.7582,0.6695,0.9286,0.615,0.7781,0.5618,0.8918,0.8772,OURS
Train3Val_ProteinGym,center,bio_core_dna_prot_spliceai,nt_v2_500m,esm1v_650m,Pure_XGBoost_Concat,0.7554,0.6646,0.9375,0.6025,0.7778,0.5618,0.9085,0.8965,OURS
Train3Val_ProteinGym,cls,bio_core_prot_spliceai,,esm2_650m,PyTorch_Concat,0.769,0.6939,0.8839,0.6725,0.7775,0.5618,0.8633,0.828,OURS
Train3Val_ProteinGym,cls,bio_core_dna_prot_spliceai,nt_v3_650m,esm1b_650m,Hybrid_Gating_XGBoost,0.7554,0.6646,0.9375,0.6025,0.7778,0.5618,0.8882,0.8614,OURS
Train3Val_ProteinGym,cls,dna_prot,nt_v2_500m,esm1b_650m,Hybrid_Transformer_XGBoost,0.7826,0.7635,0.7589,0.8025,0.7612,0.5617,0.8573,0.8345,OURS
Train3Val_ProteinGym,cls,dna_prot_spliceai,nt_v1_500m,esm1b_650m,Hybrid_Gating_XGBoost,0.7819,0.754,0.7753,0.7875,0.7645,0.5617,0.8563,0.8333,OURS
Train3Val_ProteinGym,mean,bio_core_dna_prot,nt_v2_500m,esm1v_650m,Hybrid_Transformer_XGBoost,0.7602,0.6736,0.9211,0.625,0.7781,0.5617,0.892,0.8713,OURS
Train3Val_ProteinGym,center,dna_prot,nt_v3_650m,esm2_650m,Hybrid_Gating_XGBoost,0.7826,0.7643,0.7574,0.8038,0.7608,0.5616,0.855,0.8396,OURS
Train3Val_ProteinGym,center,bio_core_dna_prot,nt_v1_500m,esm1v_650m,PyTorch_CrossAttn,0.7636,0.6808,0.9077,0.6425,0.7781,0.5616,0.893,0.8746,OURS
Train3Val_ProteinGym,cls,bio_core_dna_prot_spliceai,nt_v1_500m,esm1b_650m,PyTorch_Gating,0.7649,0.684,0.9018,0.65,0.7779,0.5615,0.879,0.8427,OURS
Train3Val_ProteinGym,mean,bio_core_dna_prot_spliceai,nt_v3_650m,esm2_650m,PyTorch_Concat,0.767,0.6889,0.8929,0.6612,0.7777,0.5615,0.8766,0.8482,OURS
Train3Val_ProteinGym,mean,bio_core_dna_prot_spliceai,nt_v3_650m,esmc_600m,PyTorch_Gating,0.7656,0.6856,0.8988,0.6538,0.7778,0.5615,0.8727,0.8412,OURS
Train3Val_ProteinGym,mean,bio_core_dna_prot_spliceai,nt_v1_500m,esm1v_650m,Hybrid_CrossAttn_XGBoost,0.7595,0.6725,0.9226,0.6225,0.7779,0.5613,0.8858,0.8584,OURS
Train3Val_ProteinGym,center,bio_geom,nt_v1_500m,esmc_600m,Pure_XGBoost_Concat,0.7582,0.6699,0.9271,0.6162,0.7778,0.5611,0.8999,0.8833,OURS
Train3Val_ProteinGym,mean,bio_core_dna_prot_spliceai,nt_v2_500m,esm1v_650m,PyTorch_CrossAttn,0.7629,0.6796,0.9092,0.64,0.7778,0.5611,0.885,0.8602,OURS
Train3Val_ProteinGym,cls,bio_core_dna_prot_spliceai,nt_v3_650m,esmc_600m,Hybrid_CrossAttn_XGBoost,0.7568,0.6674,0.9315,0.61,0.7776,0.561,0.8775,0.8549,OURS
Train3Val_ProteinGym,center,dna_prot,nt_v3_650m,esm2_650m,Hybrid_Transformer_XGBoost,0.7826,0.7724,0.7426,0.8162,0.7572,0.5609,0.8502,0.8382,OURS
Train3Val_ProteinGym,center,dna_prot_spliceai,nt_v2_500m,esm2_650m,PyTorch_Transformer,0.7826,0.7933,0.7083,0.845,0.7484,0.5609,0.8453,0.8373,OURS
Train3Val_ProteinGym,center,dna_prot,nt_v3_650m,esm2_650m,Hybrid_CrossAttn_XGBoost,0.7826,0.7767,0.7351,0.8225,0.7554,0.5607,0.8504,0.843,OURS
Train3Val_ProteinGym,center,bio_core_dna_prot,nt_v1_500m,esm1v_650m,Hybrid_Transformer_XGBoost,0.7561,0.6663,0.933,0.6075,0.7774,0.5607,0.8973,0.8778,OURS
Train3Val_ProteinGym,cls,dna_prot_spliceai,nt_v2_500m,esm1b_650m,Hybrid_Transformer_XGBoost,0.7819,0.76,0.7634,0.7975,0.7617,0.5607,0.8537,0.8284,OURS
Train3Val_ProteinGym,mean,dna_prot,nt_v3_650m,esm1v_650m,PyTorch_CrossAttn,0.7826,0.7776,0.7336,0.8238,0.755,0.5607,0.864,0.8388,OURS
Train3Val_ProteinGym,mean,dna_prot_spliceai,nt_v1_500m,esm1v_650m,PyTorch_Gating,0.7826,0.7767,0.7351,0.8225,0.7554,0.5607,0.8621,0.8343,OURS
Train3Val_ProteinGym,mean,bio_core_dna_prot_spliceai,nt_v1_500m,esm1v_650m,PyTorch_Transformer,0.7636,0.6816,0.9048,0.645,0.7775,0.5604,0.8831,0.8578,OURS
Train3Val_ProteinGym,mean,bio_dna_prot,nt_v2_500m,esm1b_650m,PyTorch_Gating,0.7568,0.6677,0.9301,0.6112,0.7774,0.5603,0.8872,0.8572,OURS
Train3Val_ProteinGym,mean,bio_core_dna_prot_spliceai,nt_v3_650m,esmc_600m,Hybrid_Concat_XGBoost,0.7568,0.6677,0.9301,0.6112,0.7774,0.5603,0.8838,0.8606,OURS
Train3Val_ProteinGym,center,bio_core_dna_prot_spliceai,nt_v1_500m,esm2_650m,Hybrid_Concat_XGBoost,0.7609,0.6758,0.9152,0.6312,0.7775,0.5602,0.8864,0.8674,OURS
Train3Val_ProteinGym,center,bio_core_dna_prot_spliceai,nt_v3_650m,esmc_600m,Hybrid_Gating_XGBoost,0.7588,0.6717,0.9226,0.6212,0.7774,0.5602,0.8983,0.8855,OURS
Train3Val_ProteinGym,mean,bio_dna_prot,nt_v2_500m,esm1b_650m,Pure_XGBoost_Concat,0.7534,0.6618,0.9405,0.5962,0.7769,0.5601,0.9014,0.8803,OURS
Train3Val_ProteinGym,cls,bio_dna_prot,nt_v2_500m,esm1b_650m,Pure_XGBoost_Concat,0.7548,0.6642,0.936,0.6025,0.777,0.56,0.9,0.8834,OURS
Train3Val_ProteinGym,center,bio_core_dna_prot,nt_v3_650m,esm1v_650m,Hybrid_CrossAttn_XGBoost,0.7575,0.6692,0.9271,0.615,0.7773,0.56,0.8992,0.8873,OURS
Train3Val_ProteinGym,cls,dna_prot_spliceai,nt_v3_650m,esm1b_650m,PyTorch_CrossAttn,0.7819,0.8,0.6964,0.8538,0.7446,0.56,0.8663,0.8238,OURS
Train3Val_ProteinGym,center,bio_dna_geom_prot,nt_v1_500m,esmc_600m,Pure_XGBoost_Concat,0.7582,0.6706,0.9241,0.6188,0.7772,0.5598,0.9059,0.8911,OURS
Train3Val_ProteinGym,mean,bio_core_dna_prot_spliceai,nt_v3_650m,esm1v_650m,Hybrid_CrossAttn_XGBoost,0.7582,0.6706,0.9241,0.6188,0.7772,0.5598,0.883,0.8546,OURS
Train3Val_ProteinGym,cls,dna_prot,nt_v1_500m,esm1b_650m,Pure_XGBoost_Concat,0.7799,0.743,0.7917,0.77,0.7666,0.5597,0.8577,0.8228,OURS
Train3Val_ProteinGym,cls,prot,,esm1b_650m,Pure_XGBoost_Concat,0.7799,0.743,0.7917,0.77,0.7666,0.5597,0.8616,0.8278,OURS
Train3Val_ProteinGym,cls,prot,,esm1b_650m,Pure_XGBoost_Concat,0.7799,0.743,0.7917,0.77,0.7666,0.5597,0.8616,0.8278,OURS
Train3Val_ProteinGym,cls,prot,,esm1b_650m,Pure_XGBoost_Concat,0.7799,0.743,0.7917,0.77,0.7666,0.5597,0.8616,0.8278,OURS
Train3Val_ProteinGym,cls,prot,,esm1b_650m,Pure_XGBoost_Concat,0.7799,0.743,0.7917,0.77,0.7666,0.5597,0.8616,0.8278,OURS
Train3Val_ProteinGym,cls,prot,,esm1b_650m,Pure_XGBoost_Concat,0.7799,0.743,0.7917,0.77,0.7666,0.5597,0.8616,0.8278,OURS
Train3Val_ProteinGym,mean,bio_core_dna_prot_spliceai,nt_v2_500m,esm2_650m,PyTorch_Transformer,0.7683,0.694,0.881,0.6738,0.7764,0.5597,0.8739,0.841,OURS
Train3Val_ProteinGym,center,dna_prot_spliceai,nt_v3_650m,esm2_650m,PyTorch_Concat,0.7819,0.794,0.7054,0.8462,0.747,0.5596,0.8471,0.8367,OURS
Train3Val_ProteinGym,center,dna_prot_spliceai,nt_v2_500m,esm2_650m,Hybrid_Concat_XGBoost,0.7819,0.7713,0.7426,0.815,0.7566,0.5596,0.8424,0.8295,OURS
Train3Val_ProteinGym,mean,bio_core_dna_prot_spliceai,nt_v3_650m,esm1b_650m,Hybrid_Transformer_XGBoost,0.7554,0.6656,0.933,0.6062,0.777,0.5596,0.8843,0.8524,OURS
Train3Val_ProteinGym,center,bio_core_dna_prot,nt_v2_500m,esm1v_650m,PyTorch_Transformer,0.7588,0.6721,0.9211,0.6225,0.7772,0.5595,0.89,0.8747,OURS
Train3Val_ProteinGym,mean,dna_prot,nt_v2_500m,esm1v_650m,PyTorch_Concat,0.7819,0.7729,0.7396,0.8175,0.7559,0.5595,0.8637,0.8378,OURS
Train3Val_ProteinGym,center,dna_prot,nt_v3_650m,esm2_650m,Hybrid_Concat_XGBoost,0.7819,0.7764,0.7336,0.8225,0.7544,0.5593,0.854,0.8457,OURS
Train3Val_ProteinGym,cls,bio_core_dna_prot_spliceai,nt_v3_650m,esm1v_650m,PyTorch_CrossAttn,0.7677,0.6928,0.8824,0.6712,0.7762,0.5591,0.8716,0.8421,OURS
Train3Val_ProteinGym,cls,dna_prot,nt_v3_650m,esm1b_650m,PyTorch_CrossAttn,0.7812,0.8028,0.6905,0.8575,0.7424,0.5589,0.8646,0.8123,OURS
Train3Val_ProteinGym,center,bio_core_dna_prot_spliceai,nt_v1_500m,esm1v_650m,Pure_XGBoost_Concat,0.7541,0.6635,0.936,0.6012,0.7765,0.5589,0.9064,0.8895,OURS
Train3Val_ProteinGym,mean,bio_core_dna_prot_spliceai,nt_v2_500m,esm1v_650m,Pure_XGBoost_Concat,0.7554,0.666,0.9315,0.6075,0.7767,0.5589,0.8902,0.8674,OURS
Train3Val_ProteinGym,mean,bio_core_dna_prot_spliceai,nt_v3_650m,esm2_650m,PyTorch_CrossAttn,0.7663,0.6894,0.8884,0.6637,0.7763,0.5588,0.872,0.8356,OURS
Train3Val_ProteinGym,center,bio_dna_prot,nt_v1_500m,esmc_600m,Pure_XGBoost_Concat,0.7575,0.6699,0.9241,0.6175,0.7767,0.5587,0.9055,0.8871,OURS
Train3Val_ProteinGym,mean,dna_prot,nt_v1_500m,esm1v_650m,PyTorch_Transformer,0.7812,0.8007,0.6935,0.855,0.7432,0.5587,0.8597,0.8283,OURS
Train3Val_ProteinGym,mean,dna_prot,nt_v2_500m,esm1v_650m,PyTorch_Transformer,0.7812,0.7668,0.7485,0.8088,0.7575,0.5585,0.8629,0.8397,OURS
Train3Val_ProteinGym,center,dna_prot_spliceai,nt_v3_650m,esm2_650m,Pure_XGBoost_Concat,0.7812,0.7684,0.7455,0.8112,0.7568,0.5583,0.8559,0.8297,OURS
Train3Val_ProteinGym,center,dna_prot,nt_v1_500m,esm2_650m,PyTorch_Concat,0.7812,0.7917,0.7068,0.8438,0.7469,0.5581,0.8526,0.8406,OURS
Train3Val_ProteinGym,center,dna_prot_spliceai,nt_v1_500m,esm2_650m,PyTorch_Concat,0.7812,0.7869,0.7143,0.8375,0.7488,0.5579,0.845,0.8364,OURS
Train3Val_ProteinGym,center,bio_core_dna_prot_spliceai,nt_v2_500m,esm2_650m,Hybrid_Concat_XGBoost,0.7602,0.6759,0.9122,0.6325,0.7764,0.5579,0.8885,0.8661,OURS
Train3Val_ProteinGym,mean,dna_prot,nt_v1_500m,esm1b_650m,Hybrid_Gating_XGBoost,0.7799,0.7507,0.7753,0.7837,0.7628,0.5578,0.8577,0.833,OURS
Train3Val_ProteinGym,center,bio_core_dna_prot_spliceai,nt_v1_500m,esm2_650m,Pure_XGBoost_Concat,0.7582,0.6717,0.9196,0.6225,0.7764,0.5578,0.9003,0.8745,OURS
Train3Val_ProteinGym,center,dna_prot,nt_v2_500m,esm2_650m,Hybrid_Concat_XGBoost,0.7806,0.764,0.7515,0.805,0.7577,0.5573,0.8417,0.8331,OURS
Train3Val_ProteinGym,center,bio_core_dna_prot_spliceai,nt_v3_650m,esm2_650m,Hybrid_Transformer_XGBoost,0.7609,0.6778,0.9077,0.6375,0.7761,0.5572,0.8871,0.8663,OURS
Train3Val_ProteinGym,mean,bio_core_dna_prot_spliceai,nt_v1_500m,esm1b_650m,Pure_XGBoost_Concat,0.752,0.6607,0.939,0.595,0.7757,0.5572,0.8972,0.8595,OURS
Train3Val_ProteinGym,cls,bio_dna_prot,nt_v2_500m,esm1b_650m,PyTorch_Gating,0.7615,0.6793,0.9048,0.6412,0.776,0.5571,0.8715,0.8319,OURS
Train3Val_ProteinGym,center,bio_core_dna_prot_spliceai,nt_v1_500m,esm1b_650m,PyTorch_Concat,0.7643,0.6857,0.8929,0.6562,0.7757,0.5571,0.8907,0.8777,OURS
Train3Val_ProteinGym,cls,bio_core_dna_prot_spliceai,nt_v2_500m,esm1b_650m,Pure_XGBoost_Concat,0.7527,0.6621,0.936,0.5988,0.7756,0.5568,0.8991,0.8737,OURS
Train3Val_ProteinGym,center,dna_prot,nt_v1_500m,esm2_650m,Pure_XGBoost_Concat,0.7806,0.7757,0.7307,0.8225,0.7525,0.5565,0.8556,0.8329,OURS
Train3Val_ProteinGym,center,dna_prot_spliceai,nt_v3_650m,esm2_650m,PyTorch_Gating,0.7806,0.7757,0.7307,0.8225,0.7525,0.5565,0.8542,0.8449,OURS
Train3Val_ProteinGym,cls,bio_core_prot_spliceai,,esm1b_650m,Pure_XGBoost_Concat,0.752,0.6611,0.9375,0.5962,0.7754,0.5565,0.9006,0.8688,OURS
Train3Val_ProteinGym,mean,bio_core_dna_prot_spliceai,nt_v1_500m,esm1v_650m,PyTorch_Concat,0.7629,0.6829,0.8973,0.65,0.7756,0.5565,0.877,0.8522,OURS
Train3Val_ProteinGym,cls,bio_core_dna_prot_spliceai,nt_v1_500m,esm1b_650m,Hybrid_Gating_XGBoost,0.7548,0.666,0.9286,0.6088,0.7756,0.5564,0.8875,0.8525,OURS
Train3Val_ProteinGym,mean,bio_core_prot_spliceai,,esm1v_650m,Hybrid_Concat_XGBoost,0.7534,0.6635,0.933,0.6025,0.7755,0.5564,0.8852,0.8608,OURS
Train3Val_ProteinGym,mean,dna_prot,nt_v3_650m,esmc_600m,PyTorch_Transformer,0.7799,0.8031,0.686,0.8588,0.74,0.5563,0.8532,0.8368,OURS
Train3Val_ProteinGym,mean,dna_geom_prot,nt_v2_500m,esm1b_650m,PyTorch_Gating,0.7799,0.8031,0.686,0.8588,0.74,0.5563,0.8681,0.8345,OURS
Train3Val_ProteinGym,mean,bio_core_dna_prot_spliceai,nt_v2_500m,esmc_600m,Hybrid_Concat_XGBoost,0.7568,0.6699,0.9211,0.6188,0.7757,0.5563,0.8838,0.8622,OURS
Train3Val_ProteinGym,center,dna_prot_spliceai,nt_v2_500m,esm2_650m,PyTorch_Concat,0.7799,0.8021,0.6875,0.8575,0.7404,0.5562,0.8359,0.8298,OURS
Train3Val_ProteinGym,center,bio_core_dna_prot_spliceai,nt_v2_500m,esm2_650m,PyTorch_Concat,0.7656,0.6899,0.8839,0.6662,0.775,0.5562,0.8798,0.8583,OURS
Train3Val_ProteinGym,center,bio_core_prot_spliceai,,esm2_650m,Pure_XGBoost_Concat,0.7575,0.6714,0.9182,0.6225,0.7756,0.5561,0.9024,0.8778,OURS
Train3Val_ProteinGym,mean,bio_core_dna_prot_spliceai,nt_v1_500m,esmc_600m,PyTorch_CrossAttn,0.7643,0.6866,0.8899,0.6587,0.7751,0.556,0.8727,0.8592,OURS
Train3Val_ProteinGym,cls,geom_prot,nt_v2_500m,esm1b_650m,PyTorch_Concat,0.7792,0.8104,0.6741,0.8675,0.736,0.5559,0.8679,0.8327,OURS
Train3Val_ProteinGym,center,bio_core_dna_prot_spliceai,nt_v1_500m,esmc_600m,Pure_XGBoost_Concat,0.7561,0.6688,0.9226,0.6162,0.7755,0.5559,0.9038,0.8876,OURS
Train3Val_ProteinGym,center,bio_core_dna_prot,nt_v3_650m,esm1v_650m,Pure_XGBoost_Concat,0.752,0.6614,0.936,0.5975,0.7751,0.5557,0.9053,0.8883,OURS
Train3Val_ProteinGym,mean,bio_core_prot_spliceai,,esm1v_650m,Pure_XGBoost_Concat,0.7534,0.6638,0.9315,0.6038,0.7752,0.5557,0.8946,0.8676,OURS
Train3Val_ProteinGym,mean,dna_prot_spliceai,nt_v2_500m,esm1v_650m,Hybrid_Transformer_XGBoost,0.7792,0.754,0.7664,0.79,0.7601,0.5557,0.8551,0.835,OURS
Train3Val_ProteinGym,cls,bio_core_dna_prot,nt_v3_650m,esm1v_650m,PyTorch_Gating,0.7575,0.6718,0.9167,0.6238,0.7753,0.5554,0.8805,0.8485,OURS
Train3Val_ProteinGym,mean,bio_core_dna_prot_spliceai,nt_v2_500m,esmc_600m,PyTorch_Transformer,0.7609,0.679,0.9033,0.6412,0.7752,0.5554,0.8789,0.8645,OURS
Train3Val_ProteinGym,mean,bio_core_dna_prot,nt_v3_650m,esm1v_650m,Hybrid_CrossAttn_XGBoost,0.7575,0.6718,0.9167,0.6238,0.7753,0.5554,0.8895,0.8631,OURS
Train3Val_ProteinGym,center,bio_core_dna_prot,nt_v1_500m,esm1v_650m,Pure_XGBoost_Concat,0.7493,0.657,0.9435,0.5863,0.7746,0.5553,0.9101,0.894,OURS
Train3Val_ProteinGym,mean,dna_prot,nt_v1_500m,esm1v_650m,Hybrid_Concat_XGBoost,0.7785,0.7486,0.7753,0.7812,0.7617,0.5553,0.8523,0.831,OURS
Train3Val_ProteinGym,mean,dna_prot_spliceai,nt_v2_500m,esmc_600m,Pure_XGBoost_Concat,0.7792,0.757,0.7604,0.795,0.7587,0.5552,0.8464,0.8395,OURS
Train3Val_ProteinGym,center,bio_core_dna_prot,nt_v2_500m,esm1v_650m,Hybrid_Transformer_XGBoost,0.7514,0.6607,0.936,0.5962,0.7746,0.5547,0.8949,0.878,OURS
Train3Val_ProteinGym,center,bio_core_dna_prot_spliceai,nt_v1_500m,esm1v_650m,Hybrid_Concat_XGBoost,0.7561,0.6696,0.9196,0.6188,0.7749,0.5546,0.8944,0.8769,OURS
Train3Val_ProteinGym,mean,dna_prot_spliceai,nt_v2_500m,esm1v_650m,PyTorch_CrossAttn,0.7772,0.7402,0.7887,0.7675,0.7637,0.5543,0.8647,0.8415,OURS
Train3Val_ProteinGym,cls,bio_core_dna_prot_spliceai,nt_v3_650m,esm1v_650m,PyTorch_Concat,0.7656,0.6917,0.878,0.6712,0.7738,0.5542,0.8752,0.848,OURS
Train3Val_ProteinGym,center,dna_prot,nt_v1_500m,esm2_650m,Hybrid_CrossAttn_XGBoost,0.7792,0.7673,0.7411,0.8112,0.754,0.5541,0.8422,0.8335,OURS
Train3Val_ProteinGym,mean,dna_prot_spliceai,nt_v3_650m,esmc_600m,Hybrid_Concat_XGBoost,0.7792,0.7698,0.7366,0.815,0.7529,0.554,0.8485,0.8346,OURS
Train3Val_ProteinGym,center,dna_prot_spliceai,nt_v1_500m,esm2_650m,Hybrid_CrossAttn_XGBoost,0.7792,0.7732,0.7307,0.82,0.7513,0.5538,0.8452,0.8323,OURS
Train3Val_ProteinGym,cls,dna_prot_spliceai,nt_v2_500m,esm1b_650m,Hybrid_CrossAttn_XGBoost,0.7785,0.7567,0.7589,0.795,0.7578,0.5538,0.8533,0.8306,OURS
Train3Val_ProteinGym,mean,bio_core_dna_prot_spliceai,nt_v3_650m,esm1v_650m,Hybrid_Concat_XGBoost,0.7554,0.6688,0.9196,0.6175,0.7744,0.5535,0.8811,0.8589,OURS
Train3Val_ProteinGym,mean,bio_geom,nt_v2_500m,esm1b_650m,Pure_XGBoost_Concat,0.7514,0.6614,0.933,0.5988,0.7741,0.5532,0.9041,0.8919,OURS
Train3Val_ProteinGym,cls,bio_core_dna_prot_spliceai,nt_v2_500m,esm1v_650m,PyTorch_CrossAttn,0.7622,0.6838,0.8914,0.6538,0.7739,0.5532,0.8715,0.8398,OURS
Train3Val_ProteinGym,mean,dna_prot_spliceai,nt_v3_650m,esm1v_650m,Hybrid_CrossAttn_XGBoost,0.7779,0.7518,0.7664,0.7875,0.759,0.5531,0.8541,0.8257,OURS
Train3Val_ProteinGym,mean,bio_core_dna_prot,nt_v2_500m,esm1v_650m,PyTorch_Gating,0.7609,0.6806,0.8973,0.6462,0.7741,0.5531,0.8814,0.8576,OURS
Train3Val_ProteinGym,cls,dna_prot_spliceai,nt_v1_500m,esm1b_650m,Hybrid_Transformer_XGBoost,0.7779,0.7526,0.7649,0.7887,0.7587,0.553,0.8543,0.8284,OURS
Train3Val_ProteinGym,cls,dna_prot,nt_v1_500m,esm1b_650m,PyTorch_Concat,0.7779,0.8053,0.6771,0.8625,0.7357,0.5527,0.8533,0.833,OURS
Train3Val_ProteinGym,mean,bio_core_dna_prot_spliceai,nt_v3_650m,esm2_650m,PyTorch_Gating,0.7609,0.681,0.8958,0.6475,0.7738,0.5526,0.8783,0.8493,OURS
Train3Val_ProteinGym,cls,bio_core_dna_prot_spliceai,nt_v3_650m,esm1b_650m,Pure_XGBoost_Concat,0.75,0.6593,0.936,0.5938,0.7737,0.5525,0.8982,0.8774,OURS
Train3Val_ProteinGym,mean,dna_prot,nt_v3_650m,esm1v_650m,Pure_XGBoost_Concat,0.7758,0.7362,0.7932,0.7612,0.7636,0.5524,0.8559,0.8293,OURS
Train3Val_ProteinGym,cls,dna_prot,nt_v2_500m,esm1b_650m,PyTorch_Concat,0.7785,0.779,0.7188,0.8288,0.7477,0.5523,0.8576,0.8315,OURS
Train3Val_ProteinGym,cls,bio_core_dna_prot_spliceai,nt_v1_500m,esmc_600m,PyTorch_CrossAttn,0.7636,0.6879,0.8824,0.6637,0.7731,0.5523,0.8637,0.8443,OURS
Train3Val_ProteinGym,cls,bio_dna_geom,nt_v2_500m,esm1b_650m,PyTorch_Concat,0.7751,0.732,0.8006,0.7538,0.7647,0.5522,0.8591,0.8343,OURS
Train3Val_ProteinGym,center,bio_core_dna_prot_spliceai,nt_v3_650m,esm1v_650m,Pure_XGBoost_Concat,0.7507,0.6607,0.933,0.5975,0.7736,0.5522,0.9047,0.8851,OURS
Train3Val_ProteinGym,center,bio_core_dna_prot_spliceai,nt_v1_500m,esmc_600m,PyTorch_Gating,0.7541,0.667,0.9211,0.6138,0.7738,0.552,0.8962,0.8833,OURS
Train3Val_ProteinGym,mean,bio_core_dna_prot,nt_v2_500m,esm1v_650m,Pure_XGBoost_Concat,0.7486,0.6573,0.939,0.5888,0.7733,0.5519,0.8928,0.8723,OURS
Train3Val_ProteinGym,cls,dna_prot,nt_v2_500m,esm1b_650m,Hybrid_Concat_XGBoost,0.7772,0.7507,0.7664,0.7862,0.7585,0.5518,0.859,0.8321,OURS
Train3Val_ProteinGym,center,bio_core_dna_prot,nt_v3_650m,esm1v_650m,Hybrid_Concat_XGBoost,0.7514,0.6621,0.9301,0.6012,0.7735,0.5518,0.9008,0.883,OURS
Train3Val_ProteinGym,mean,bio_geom,nt_v2_500m,esm1b_650m,PyTorch_Concat,0.7622,0.6851,0.8869,0.6575,0.773,0.5516,0.8846,0.8721,OURS
Train3Val_ProteinGym,mean,bio_core_dna_prot_spliceai,nt_v2_500m,esm1v_650m,Hybrid_CrossAttn_XGBoost,0.7554,0.6699,0.9152,0.6212,0.7736,0.5515,0.8808,0.8536,OURS
Train3Val_ProteinGym,cls,bio_core_prot_spliceai,,esm2_650m,Pure_XGBoost_Concat,0.7507,0.661,0.9315,0.5988,0.7733,0.5514,0.8857,0.863,OURS
Train3Val_ProteinGym,mean,dna_prot,nt_v2_500m,esmc_600m,Pure_XGBoost_Concat,0.7779,0.7666,0.7381,0.8112,0.7521,0.5513,0.8504,0.8421,OURS
Train3Val_ProteinGym,mean,prot_spliceai,,esm1v_650m,Pure_XGBoost_Concat,0.7751,0.7345,0.7946,0.7588,0.7634,0.5513,0.8558,0.8266,OURS
Train3Val_ProteinGym,center,dna_prot,nt_v3_650m,esm2_650m,Pure_XGBoost_Concat,0.7779,0.7691,0.7336,0.815,0.751,0.5512,0.8564,0.8293,OURS
Train3Val_ProteinGym,center,bio_core_dna_prot,nt_v2_500m,esm1v_650m,Pure_XGBoost_Concat,0.7486,0.6576,0.9375,0.59,0.773,0.5512,0.9043,0.889,OURS
Train3Val_ProteinGym,mean,dna_prot_spliceai,nt_v3_650m,esm1v_650m,PyTorch_Concat,0.7772,0.8039,0.6771,0.8612,0.7351,0.5512,0.8669,0.8399,OURS
Train3Val_ProteinGym,mean,bio_core_dna_prot_spliceai,nt_v2_500m,esm2_650m,Hybrid_Gating_XGBoost,0.7527,0.6649,0.9241,0.6088,0.7733,0.5512,0.8761,0.8445,OURS
Train3Val_ProteinGym,center,dna_prot,nt_v2_500m,esm2_650m,Hybrid_Transformer_XGBoost,0.7779,0.7708,0.7307,0.8175,0.7502,0.5511,0.8461,0.8356,OURS
Train3Val_ProteinGym,cls,bio_dna_prot,nt_v2_500m,esm1b_650m,Hybrid_Gating_XGBoost,0.7514,0.6624,0.9286,0.6025,0.7732,0.5511,0.889,0.8623,OURS
Train3Val_ProteinGym,center,bio_core_dna_prot_spliceai,nt_v1_500m,esm2_650m,PyTorch_CrossAttn,0.7629,0.6871,0.8824,0.6625,0.7726,0.5511,0.8739,0.8485,OURS
Train3Val_ProteinGym,mean,bio_core_dna_prot_spliceai,nt_v2_500m,esm2_650m,Hybrid_Concat_XGBoost,0.7548,0.6688,0.9167,0.6188,0.7734,0.5511,0.8785,0.8448,OURS
Train3Val_ProteinGym,mean,bio_core_dna_prot,nt_v2_500m,esm1v_650m,Hybrid_Concat_XGBoost,0.7514,0.6624,0.9286,0.6025,0.7732,0.5511,0.8866,0.8527,OURS
Train3Val_ProteinGym,cls,dna_prot_spliceai,nt_v1_500m,esm1b_650m,Hybrid_CrossAttn_XGBoost,0.7772,0.756,0.756,0.795,0.756,0.551,0.8476,0.8253,OURS
Train3Val_ProteinGym,mean,dna_prot,nt_v3_650m,esm1v_650m,PyTorch_Gating,0.7765,0.7518,0.7619,0.7887,0.7568,0.5501,0.8617,0.8353,OURS
Train3Val_ProteinGym,mean,dna_prot,nt_v3_650m,esm1v_650m,Hybrid_Gating_XGBoost,0.7758,0.745,0.7738,0.7775,0.7591,0.55,0.8526,0.8279,OURS
Train3Val_ProteinGym,cls,dna_prot_spliceai,nt_v2_500m,esm1b_650m,Hybrid_Concat_XGBoost,0.7765,0.7533,0.7589,0.7912,0.7561,0.5499,0.8578,0.8418,OURS
Train3Val_ProteinGym,center,dna_prot_spliceai,nt_v1_500m,esm2_650m,PyTorch_CrossAttn,0.7772,0.7857,0.7039,0.8388,0.7425,0.5498,0.8466,0.8327,OURS
Train3Val_ProteinGym,mean,dna_prot,nt_v3_650m,esm1v_650m,Hybrid_CrossAttn_XGBoost,0.7758,0.7457,0.7723,0.7788,0.7588,0.5498,0.8615,0.8353,OURS
Train3Val_ProteinGym,mean,dna_prot,nt_v2_500m,esm1v_650m,PyTorch_CrossAttn,0.7772,0.7867,0.7024,0.84,0.7421,0.5498,0.8615,0.8407,OURS
Train3Val_ProteinGym,mean,dna_prot_spliceai,nt_v3_650m,esm1v_650m,PyTorch_Transformer,0.7772,0.7867,0.7024,0.84,0.7421,0.5498,0.8616,0.8309,OURS
Train3Val_ProteinGym,mean,bio_core_dna_prot_spliceai,nt_v1_500m,esm1v_650m,Pure_XGBoost_Concat,0.75,0.6607,0.9301,0.5988,0.7726,0.5497,0.8897,0.8647,OURS
Train3Val_ProteinGym,mean,dna_prot_spliceai,nt_v1_500m,esm1v_650m,PyTorch_Transformer,0.7772,0.7783,0.7158,0.8288,0.7457,0.5496,0.8616,0.836,OURS
Train3Val_ProteinGym,mean,bio_core_dna_prot_spliceai,nt_v3_650m,esm2_650m,Hybrid_CrossAttn_XGBoost,0.7554,0.6711,0.9107,0.625,0.7727,0.5496,0.8777,0.8472,OURS
Train3Val_ProteinGym,cls,bio_core_prot_spliceai,,esmc_600m,Pure_XGBoost_Concat,0.748,0.6573,0.936,0.59,0.7723,0.5494,0.8907,0.8706,OURS
Train3Val_ProteinGym,center,bio_core_dna_prot,nt_v2_500m,esm1v_650m,Hybrid_Gating_XGBoost,0.7507,0.6621,0.9271,0.6025,0.7725,0.5493,0.8928,0.8763,OURS
Train3Val_ProteinGym,cls,bio_core_dna_prot_spliceai,nt_v2_500m,esm1v_650m,Pure_XGBoost_Concat,0.7493,0.6596,0.9315,0.5962,0.7724,0.5493,0.8901,0.859,OURS
Train3Val_ProteinGym,mean,bio_core_dna_prot_spliceai,nt_v2_500m,esm1v_650m,PyTorch_Concat,0.7609,0.6835,0.8869,0.655,0.772,0.5493,0.8802,0.854,OURS
Train3Val_ProteinGym,mean,bio_core_dna_prot_spliceai,nt_v1_500m,esm1v_650m,PyTorch_Gating,0.7527,0.6659,0.9196,0.6125,0.7725,0.5491,0.887,0.863,OURS
Train3Val_ProteinGym,mean,bio_core_dna_prot_spliceai,nt_v1_500m,esm2_650m,Hybrid_Transformer_XGBoost,0.7527,0.6659,0.9196,0.6125,0.7725,0.5491,0.8731,0.8308,OURS
Train3Val_ProteinGym,mean,bio_core_dna_prot_spliceai,nt_v2_500m,esmc_600m,PyTorch_Gating,0.7561,0.6729,0.9062,0.63,0.7724,0.5489,0.8779,0.8634,OURS
Train3Val_ProteinGym,cls,dna_prot_spliceai,nt_v3_650m,esm1v_650m,Hybrid_Concat_XGBoost,0.7745,0.7374,0.7857,0.765,0.7608,0.5488,0.8447,0.8082,OURS
Train3Val_ProteinGym,center,bio_core_dna_prot_spliceai,nt_v1_500m,esm1b_650m,Hybrid_Gating_XGBoost,0.7507,0.6624,0.9256,0.6038,0.7722,0.5486,0.8991,0.8848,OURS
Train3Val_ProteinGym,center,bio_core_dna_prot_spliceai,nt_v3_650m,esmc_600m,Pure_XGBoost_Concat,0.7507,0.6624,0.9256,0.6038,0.7722,0.5486,0.9046,0.8884,OURS
Train3Val_ProteinGym,cls,bio_core_dna_prot_spliceai,nt_v3_650m,esmc_600m,Hybrid_Concat_XGBoost,0.7507,0.6624,0.9256,0.6038,0.7722,0.5486,0.8723,0.8472,OURS
Train3Val_ProteinGym,center,bio_core_dna_prot_spliceai,nt_v1_500m,esm1b_650m,PyTorch_CrossAttn,0.7527,0.6663,0.9182,0.6138,0.7722,0.5485,0.8969,0.8841,OURS
Train3Val_ProteinGym,mean,bio_core_dna_prot_spliceai,nt_v1_500m,esm1v_650m,Hybrid_Transformer_XGBoost,0.7527,0.6663,0.9182,0.6138,0.7722,0.5485,0.8822,0.8592,OURS
Train3Val_ProteinGym,center,dna_prot,nt_v2_500m,esm2_650m,PyTorch_Transformer,0.7765,0.7709,0.7262,0.8188,0.7479,0.5483,0.8482,0.8318,OURS
Train3Val_ProteinGym,mean,dna_prot_spliceai,nt_v3_650m,esmc_600m,PyTorch_CrossAttn,0.7745,0.8195,0.6488,0.88,0.7243,0.5483,0.8327,0.8247,OURS
Train3Val_ProteinGym,cls,dna_prot,nt_v2_500m,esm1b_650m,PyTorch_CrossAttn,0.7765,0.7735,0.7217,0.8225,0.7467,0.5482,0.8449,0.8023,OURS
Train3Val_ProteinGym,center,dna_prot_spliceai,nt_v2_500m,esm2_650m,Hybrid_Transformer_XGBoost,0.7765,0.7718,0.7247,0.82,0.7475,0.5482,0.8508,0.8403,OURS
Train3Val_ProteinGym,cls,bio_core_dna_prot_spliceai,nt_v3_650m,esmc_600m,Hybrid_Transformer_XGBoost,0.75,0.6614,0.9271,0.6012,0.772,0.5482,0.8718,0.8432,OURS
Train3Val_ProteinGym,mean,bio_core_dna_prot,nt_v3_650m,esm1v_650m,Hybrid_Gating_XGBoost,0.75,0.6614,0.9271,0.6012,0.772,0.5482,0.8895,0.8717,OURS
Train3Val_ProteinGym,mean,dna_prot_spliceai,nt_v3_650m,esm1v_650m,Hybrid_Concat_XGBoost,0.7751,0.7467,0.7679,0.7812,0.7572,0.5481,0.8556,0.8309,OURS
Train3Val_ProteinGym,cls,dna_prot,nt_v1_500m,esm1v_650m,PyTorch_Concat,0.7738,0.7351,0.7887,0.7612,0.7609,0.548,0.8355,0.8018,OURS
Train3Val_ProteinGym,mean,dna_prot_spliceai,nt_v1_500m,esm1v_650m,Hybrid_CrossAttn_XGBoost,0.7751,0.7475,0.7664,0.7825,0.7568,0.5479,0.8472,0.8266,OURS
Train3Val_ProteinGym,mean,bio_core_dna_prot_spliceai,nt_v3_650m,esm1v_650m,Pure_XGBoost_Concat,0.7493,0.6603,0.9286,0.5988,0.7718,0.5479,0.8902,0.8604,OURS
Train3Val_ProteinGym,center,bio_dna_prot,nt_v1_500m,esmc_600m,PyTorch_Transformer,0.7514,0.6642,0.9211,0.6088,0.7718,0.5477,0.8967,0.8821,OURS
Train3Val_ProteinGym,mean,dna_prot_spliceai,nt_v2_500m,esm1v_650m,PyTorch_Concat,0.7758,0.7583,0.747,0.8,0.7526,0.5477,0.8595,0.8335,OURS
Train3Val_ProteinGym,center,bio_core_dna_prot_spliceai,nt_v1_500m,esm2_650m,PyTorch_Gating,0.7568,0.6752,0.9003,0.6362,0.7717,0.5476,0.8785,0.858,OURS
Train3Val_ProteinGym,cls,bio_core_dna_prot_spliceai,nt_v1_500m,esmc_600m,PyTorch_Transformer,0.7568,0.6752,0.9003,0.6362,0.7717,0.5476,0.8652,0.8451,OURS
Train3Val_ProteinGym,mean,bio_core_dna_prot_spliceai,nt_v3_650m,esm1v_650m,Hybrid_Transformer_XGBoost,0.7534,0.6681,0.9137,0.6188,0.7718,0.5476,0.8806,0.8483,OURS
Train3Val_ProteinGym,mean,bio_core_prot_spliceai,,esmc_600m,Pure_XGBoost_Concat,0.75,0.6617,0.9256,0.6025,0.7717,0.5475,0.8944,0.873,OURS
Train3Val_ProteinGym,mean,dna_prot,nt_v1_500m,esm1v_650m,PyTorch_Concat,0.7758,0.7615,0.7411,0.805,0.7511,0.5474,0.8557,0.8318,OURS
Train3Val_ProteinGym,mean,dna_prot,nt_v2_500m,esm1v_650m,PyTorch_Gating,0.7758,0.7615,0.7411,0.805,0.7511,0.5474,0.8583,0.8355,OURS
Train3Val_ProteinGym,center,dna_prot_spliceai,nt_v3_650m,esm2_650m,Hybrid_Gating_XGBoost,0.7758,0.7647,0.7351,0.81,0.7496,0.5472,0.8466,0.8335,OURS
Train3Val_ProteinGym,cls,dna_prot_spliceai,nt_v1_500m,esm1b_650m,Pure_XGBoost_Concat,0.7738,0.7377,0.7827,0.7662,0.7596,0.5472,0.8575,0.8302,OURS
Train3Val_ProteinGym,cls,bio_core_dna_prot_spliceai,nt_v3_650m,esm1v_650m,Hybrid_CrossAttn_XGBoost,0.7507,0.6631,0.9226,0.6062,0.7716,0.5472,0.8764,0.8343,OURS
Train3Val_ProteinGym,mean,dna_prot_spliceai,nt_v2_500m,esmc_600m,PyTorch_Transformer,0.7745,0.8125,0.6577,0.8725,0.727,0.5472,0.8288,0.8308,OURS
Train3Val_ProteinGym,center,dna_prot_spliceai,nt_v2_500m,esm2_650m,Hybrid_Gating_XGBoost,0.7758,0.7655,0.7336,0.8112,0.7492,0.5471,0.8455,0.8272,OURS
Train3Val_ProteinGym,center,bio_core_dna_prot_spliceai,nt_v1_500m,esm1v_650m,Hybrid_Gating_XGBoost,0.75,0.662,0.9241,0.6038,0.7714,0.5469,0.8921,0.8788,OURS
Train3Val_ProteinGym,mean,dna_prot,nt_v3_650m,esm1v_650m,PyTorch_Transformer,0.7758,0.7822,0.7054,0.835,0.7418,0.5469,0.8632,0.8363,OURS
Train3Val_ProteinGym,cls,bio_core_dna_prot_spliceai,nt_v1_500m,esm1v_650m,Hybrid_CrossAttn_XGBoost,0.7486,0.6596,0.9286,0.5975,0.7713,0.5468,0.8783,0.8509,OURS
Train3Val_ProteinGym,mean,bio_core_dna_prot_spliceai,nt_v3_650m,esmc_600m,Pure_XGBoost_Concat,0.7473,0.6572,0.933,0.5913,0.7712,0.5468,0.8894,0.8727,OURS
Train3Val_ProteinGym,mean,bio_core_dna_prot_spliceai,nt_v3_650m,esm2_650m,Hybrid_Concat_XGBoost,0.7507,0.6635,0.9211,0.6075,0.7713,0.5466,0.881,0.8486,OURS
Train3Val_ProteinGym,center,dna_prot_spliceai,nt_v1_500m,esm2_650m,PyTorch_Transformer,0.7745,0.808,0.6637,0.8675,0.7288,0.5465,0.836,0.8253,OURS
Train3Val_ProteinGym,center,bio_core_dna_prot_spliceai,nt_v1_500m,esm2_650m,Hybrid_Gating_XGBoost,0.7561,0.6745,0.9003,0.635,0.7712,0.5465,0.8782,0.8575,OURS
Train3Val_ProteinGym,center,dna_prot_spliceai,nt_v3_650m,esm2_650m,Hybrid_Concat_XGBoost,0.7751,0.7587,0.744,0.8012,0.7513,0.5462,0.8478,0.8334,OURS
Train3Val_ProteinGym,cls,bio_core_dna_prot_spliceai,nt_v1_500m,esm1v_650m,PyTorch_CrossAttn,0.7554,0.6733,0.9018,0.6325,0.771,0.546,0.8741,0.8463,OURS
Train3Val_ProteinGym,mean,dna_prot_spliceai,nt_v3_650m,esmc_600m,Pure_XGBoost_Concat,0.7751,0.7611,0.7396,0.805,0.7502,0.546,0.8525,0.8401,OURS
Train3Val_ProteinGym,center,dna_prot,nt_v3_650m,esm2_650m,PyTorch_CrossAttn,0.7724,0.8272,0.6339,0.8888,0.7178,0.5459,0.8364,0.8316,OURS
Train3Val_ProteinGym,mean,dna_prot,nt_v2_500m,esmc_600m,Hybrid_Transformer_XGBoost,0.7751,0.7627,0.7366,0.8075,0.7494,0.5459,0.8339,0.8365,OURS
Train3Val_ProteinGym,cls,bio_core_dna_prot,nt_v2_500m,esm1v_650m,PyTorch_CrossAttn,0.7568,0.6764,0.8958,0.64,0.7708,0.5459,0.8678,0.8394,OURS
Train3Val_ProteinGym,mean,bio_core_dna_prot_spliceai,nt_v3_650m,esmc_600m,Hybrid_CrossAttn_XGBoost,0.7507,0.6638,0.9196,0.6088,0.7711,0.5459,0.8813,0.863,OURS
Train3Val_ProteinGym,center,dna_prot_spliceai,nt_v2_500m,esm2_650m,PyTorch_Gating,0.7751,0.7635,0.7351,0.8088,0.7491,0.5458,0.8485,0.8386,OURS
Train3Val_ProteinGym,mean,bio_core_dna_prot,nt_v3_650m,esm1v_650m,PyTorch_Gating,0.7534,0.6692,0.9092,0.6225,0.771,0.5457,0.8857,0.8615,OURS
Train3Val_ProteinGym,center,dna_prot,nt_v1_500m,esm2_650m,Hybrid_Transformer_XGBoost,0.7751,0.7711,0.7217,0.82,0.7456,0.5455,0.8433,0.8333,OURS
Train3Val_ProteinGym,cls,bio_core_prot_spliceai,,esm1v_650m,Pure_XGBoost_Concat,0.7459,0.6555,0.9345,0.5875,0.7706,0.5455,0.8958,0.8634,OURS
Train3Val_ProteinGym,center,bio_dna_prot,nt_v1_500m,esmc_600m,PyTorch_Gating,0.7554,0.6737,0.9003,0.6338,0.7707,0.5454,0.8928,0.8812,OURS
Train3Val_ProteinGym,mean,bio_core_dna_prot_spliceai,nt_v2_500m,esm1v_650m,Hybrid_Transformer_XGBoost,0.7473,0.6579,0.9301,0.5938,0.7707,0.5454,0.881,0.8591,OURS
Train3Val_ProteinGym,mean,bio_core_dna_prot,nt_v2_500m,esm1v_650m,Hybrid_Gating_XGBoost,0.7486,0.6603,0.9256,0.6,0.7708,0.5454,0.8862,0.8652,OURS
Train3Val_ProteinGym,mean,dna_prot,nt_v1_500m,esm1v_650m,Hybrid_Gating_XGBoost,0.7738,0.746,0.7649,0.7812,0.7553,0.5452,0.8536,0.8343,OURS
Train3Val_ProteinGym,cls,bio_core_dna_prot,nt_v1_500m,esm1v_650m,PyTorch_Gating,0.7602,0.6852,0.878,0.6612,0.7697,0.5451,0.8703,0.8398,OURS
Train3Val_ProteinGym,mean,bio_core_prot_spliceai,,esm2_650m,Pure_XGBoost_Concat,0.7493,0.6617,0.9226,0.6038,0.7707,0.5451,0.8923,0.8606,OURS
Train3Val_ProteinGym,mean,dna_prot_spliceai,nt_v2_500m,esmc_600m,PyTorch_CrossAttn,0.7731,0.8153,0.6503,0.8762,0.7235,0.5451,0.8167,0.8247,OURS
Train3Val_ProteinGym,mean,bio_core_dna_prot_spliceai,nt_v1_500m,esmc_600m,Pure_XGBoost_Concat,0.748,0.6593,0.9271,0.5975,0.7706,0.545,0.8892,0.8681,OURS
Train3Val_ProteinGym,mean,dna_prot_spliceai,nt_v3_650m,esm1v_650m,Hybrid_Transformer_XGBoost,0.7738,0.7482,0.7604,0.785,0.7542,0.5448,0.8562,0.8373,OURS
Train3Val_ProteinGym,mean,bio_core_dna_prot_spliceai,nt_v3_650m,esm1v_650m,PyTorch_Concat,0.7568,0.6772,0.8929,0.6425,0.7702,0.5448,0.8796,0.8518,OURS
Train3Val_ProteinGym,cls,bio_core_dna_prot_spliceai,nt_v2_500m,esm1v_650m,Hybrid_Concat_XGBoost,0.7486,0.6606,0.9241,0.6012,0.7705,0.5447,0.8792,0.8531,OURS
Train3Val_ProteinGym,mean,dna_prot_spliceai,nt_v3_650m,esm1v_650m,PyTorch_CrossAttn,0.7738,0.7489,0.7589,0.7862,0.7539,0.5446,0.8671,0.8375,OURS
Train3Val_ProteinGym,cls,bio_core_dna_prot_spliceai,nt_v3_650m,esm2_650m,Hybrid_Concat_XGBoost,0.7493,0.662,0.9211,0.605,0.7704,0.5444,0.8658,0.8281,OURS
Train3Val_ProteinGym,center,dna_prot,nt_v1_500m,esm2_650m,PyTorch_Gating,0.7745,0.7852,0.6964,0.84,0.7382,0.5443,0.8428,0.8354,OURS
Train3Val_ProteinGym,mean,bio_core_dna_prot_spliceai,nt_v2_500m,esm1v_650m,Hybrid_Gating_XGBoost,0.748,0.6596,0.9256,0.5988,0.7703,0.5443,0.8862,0.8578,OURS
Train3Val_ProteinGym,mean,dna_prot_spliceai,nt_v2_500m,esmc_600m,Hybrid_Concat_XGBoost,0.7745,0.7665,0.7277,0.8138,0.7466,0.5442,0.8401,0.8318,OURS
Train3Val_ProteinGym,cls,bio_core_dna_prot_spliceai,nt_v1_500m,esm1v_650m,PyTorch_Concat,0.7527,0.6689,0.9077,0.6225,0.7702,0.544,0.8749,0.8494,OURS
Train3Val_ProteinGym,mean,dna_prot,nt_v1_500m,esm1v_650m,Hybrid_CrossAttn_XGBoost,0.7731,0.7442,0.7664,0.7788,0.7551,0.544,0.8521,0.8289,OURS
Train3Val_ProteinGym,mean,bio_core_dna_prot_spliceai,nt_v2_500m,esm2_650m,Hybrid_Transformer_XGBoost,0.7486,0.661,0.9226,0.6025,0.7702,0.544,0.8751,0.839,OURS
Train3Val_ProteinGym,cls,bio_geom_prot,nt_v2_500m,esm1b_650m,Hybrid_Concat_XGBoost,0.7731,0.7464,0.7619,0.7825,0.7541,0.5436,0.855,0.8365,OURS
Train3Val_ProteinGym,cls,bio_core_prot_spliceai,,esmc_600m,Hybrid_Concat_XGBoost,0.748,0.6599,0.9241,0.6,0.77,0.5436,0.8762,0.8564,OURS
Train3Val_ProteinGym,cls,dna_prot,nt_v2_500m,esm1b_650m,Hybrid_Gating_XGBoost,0.7738,0.7572,0.7426,0.8,0.7498,0.5435,0.8477,0.8327,OURS
Train3Val_ProteinGym,mean,dna_prot_spliceai,nt_v3_650m,esm1v_650m,Hybrid_Gating_XGBoost,0.7731,0.7471,0.7604,0.7837,0.7537,0.5435,0.8472,0.8307,OURS
Train3Val_ProteinGym,mean,dna_prot,nt_v3_650m,esmc_600m,PyTorch_CrossAttn,0.7717,0.8206,0.6399,0.8825,0.7191,0.5434,0.8366,0.8298,OURS
Train3Val_ProteinGym,center,prot_spliceai,,esm2_650m,Hybrid_Concat_XGBoost,0.7738,0.7596,0.7381,0.8038,0.7487,0.5433,0.8525,0.8376,OURS
Train3Val_ProteinGym,mean,bio_core_dna_prot_spliceai,nt_v2_500m,esmc_600m,Hybrid_CrossAttn_XGBoost,0.7473,0.6589,0.9256,0.5975,0.7698,0.5433,0.8868,0.8718,OURS
Train3Val_ProteinGym,mean,dna_prot_spliceai,nt_v3_650m,esm1b_650m,Hybrid_CrossAttn_XGBoost,0.7731,0.7485,0.7574,0.7862,0.753,0.5432,0.8578,0.832,OURS
Train3Val_ProteinGym,mean,bio_core_dna_prot_spliceai,nt_v1_500m,esmc_600m,Hybrid_Gating_XGBoost,0.7493,0.6627,0.9182,0.6075,0.7698,0.5431,0.8787,0.8598,OURS
Train3Val_ProteinGym,center,dna_prot,nt_v1_500m,esm2_650m,PyTorch_CrossAttn,0.7738,0.783,0.6979,0.8375,0.738,0.5429,0.8404,0.8339,OURS
Train3Val_ProteinGym,cls,bio_core_dna_prot_spliceai,nt_v1_500m,esm1b_650m,Pure_XGBoost_Concat,0.7452,0.6555,0.9315,0.5888,0.7695,0.5429,0.8982,0.8718,OURS
Train3Val_ProteinGym,cls,dna_geom_prot,nt_v2_500m,esm1b_650m,PyTorch_Transformer,0.7717,0.817,0.6443,0.8788,0.7205,0.5428,0.8497,0.8193,OURS
Train3Val_ProteinGym,center,dna_prot,nt_v2_500m,esm2_650m,PyTorch_Gating,0.7738,0.7703,0.7188,0.82,0.7436,0.5427,0.8492,0.8381,OURS
Train3Val_ProteinGym,mean,dna_prot,nt_v2_500m,esm1v_650m,Hybrid_Gating_XGBoost,0.7717,0.7373,0.7768,0.7675,0.7565,0.5426,0.8549,0.8326,OURS
Train3Val_ProteinGym,cls,dna_prot,nt_v1_500m,esm1v_650m,PyTorch_CrossAttn,0.7724,0.7446,0.7634,0.78,0.7539,0.5424,0.8346,0.7969,OURS
Train3Val_ProteinGym,cls,bio_core_dna_prot_spliceai,nt_v3_650m,esmc_600m,PyTorch_CrossAttn,0.748,0.6606,0.9211,0.6025,0.7694,0.5423,0.8766,0.855,OURS
Train3Val_ProteinGym,mean,dna_prot,nt_v1_500m,esm1v_650m,Hybrid_Transformer_XGBoost,0.7724,0.7453,0.7619,0.7812,0.7535,0.5423,0.8563,0.8364,OURS
Train3Val_ProteinGym,cls,bio_core_dna_prot_spliceai,nt_v2_500m,esmc_600m,Hybrid_Concat_XGBoost,0.7466,0.6582,0.9256,0.5962,0.7693,0.5422,0.8738,0.8485,OURS
Train3Val_ProteinGym,cls,bio_dna_prot,nt_v2_500m,esm1b_650m,PyTorch_Concat,0.7507,0.6659,0.9107,0.6162,0.7693,0.542,0.8767,0.8433,OURS
Train3Val_ProteinGym,mean,dna_prot,nt_v2_500m,esmc_600m,Hybrid_Concat_XGBoost,0.7731,0.7576,0.7396,0.8012,0.7485,0.542,0.8451,0.838,OURS
Train3Val_ProteinGym,mean,bio_core_dna_prot,nt_v3_650m,esm1v_650m,Hybrid_Transformer_XGBoost,0.7486,0.662,0.9182,0.6062,0.7693,0.542,0.8848,0.8591,OURS
Train3Val_ProteinGym,cls,bio_core_dna_prot,nt_v3_650m,esm1v_650m,Hybrid_Transformer_XGBoost,0.748,0.661,0.9196,0.6038,0.7691,0.5416,0.8813,0.8557,OURS
Train3Val_ProteinGym,cls,bio_core_dna_prot_spliceai,nt_v2_500m,esm1v_650m,Hybrid_CrossAttn_XGBoost,0.75,0.6649,0.9122,0.6138,0.7691,0.5415,0.877,0.8412,OURS
Train3Val_ProteinGym,mean,dna_prot,nt_v1_500m,esm1v_650m,PyTorch_CrossAttn,0.7731,0.7817,0.6979,0.8362,0.7374,0.5415,0.8515,0.8237,OURS
Train3Val_ProteinGym,cls,dna_prot_spliceai,nt_v2_500m,esm1b_650m,PyTorch_CrossAttn,0.7731,0.777,0.7054,0.83,0.7395,0.5413,0.857,0.8271,OURS
Train3Val_ProteinGym,mean,dna_prot,nt_v2_500m,esm1v_650m,Hybrid_Concat_XGBoost,0.7711,0.7369,0.7753,0.7675,0.7556,0.5412,0.8581,0.835,OURS
Train3Val_ProteinGym,cls,bio_core_dna_prot_spliceai,nt_v3_650m,esm1v_650m,PyTorch_Gating,0.7527,0.6707,0.9003,0.6288,0.7687,0.541,0.8757,0.8503,OURS
Train3Val_ProteinGym,cls,dna_prot_spliceai,nt_v2_500m,esm1b_650m,Hybrid_Gating_XGBoost,0.7717,0.7449,0.7604,0.7812,0.7526,0.5409,0.8504,0.8271,OURS
Train3Val_ProteinGym,center,dna_prot,nt_v2_500m,esm2_650m,Pure_XGBoost_Concat,0.7724,0.7565,0.7396,0.8,0.7479,0.5407,0.8479,0.8264,OURS
Train3Val_ProteinGym,mean,dna_prot,nt_v2_500m,esm1v_650m,Hybrid_CrossAttn_XGBoost,0.7717,0.7463,0.7574,0.7837,0.7518,0.5406,0.8518,0.8282,OURS
Train3Val_ProteinGym,mean,bio_core_prot_spliceai,,esm2_650m,Hybrid_Concat_XGBoost,0.748,0.6617,0.9167,0.6062,0.7686,0.5402,0.8757,0.8496,OURS
Train3Val_ProteinGym,mean,dna_prot_spliceai,nt_v2_500m,esm1v_650m,Hybrid_Gating_XGBoost,0.7711,0.741,0.7664,0.775,0.7535,0.5402,0.8477,0.816,OURS
Train3Val_ProteinGym,cls,bio_core_dna_prot_spliceai,nt_v2_500m,esm1v_650m,PyTorch_Gating,0.7507,0.667,0.9062,0.62,0.7685,0.5401,0.8707,0.8364,OURS
Train3Val_ProteinGym,mean,dna_prot_spliceai,nt_v1_500m,esm1v_650m,Hybrid_Concat_XGBoost,0.7717,0.7493,0.7515,0.7887,0.7504,0.5401,0.8536,0.8297,OURS
Train3Val_ProteinGym,mean,bio_core_dna_prot_spliceai,nt_v2_500m,esm1v_650m,Hybrid_Concat_XGBoost,0.7466,0.6592,0.9211,0.6,0.7685,0.5401,0.8832,0.8594,OURS
Train3Val_ProteinGym,cls,bio_core_dna_prot_spliceai,nt_v3_650m,esm2_650m,Pure_XGBoost_Concat,0.7452,0.6568,0.9256,0.5938,0.7684,0.54,0.881,0.8556,OURS
Train3Val_ProteinGym,cls,prot,,esm1b_650m,PyTorch_Concat,0.7724,0.7705,0.7143,0.8212,0.7413,0.5399,0.8679,0.8395,OURS
Train3Val_ProteinGym,cls,prot,,esm1b_650m,PyTorch_Concat,0.7724,0.7705,0.7143,0.8212,0.7413,0.5399,0.8679,0.8395,OURS
Train3Val_ProteinGym,cls,prot,,esm1b_650m,PyTorch_Concat,0.7724,0.7705,0.7143,0.8212,0.7413,0.5399,0.8679,0.8395,OURS
Train3Val_ProteinGym,cls,prot,,esm1b_650m,PyTorch_Concat,0.7724,0.7705,0.7143,0.8212,0.7413,0.5399,0.8679,0.8395,OURS
Train3Val_ProteinGym,cls,prot,,esm1b_650m,PyTorch_Concat,0.7724,0.7705,0.7143,0.8212,0.7413,0.5399,0.8679,0.8395,OURS
Train3Val_ProteinGym,center,dna_prot_spliceai,nt_v1_500m,esm2_650m,Pure_XGBoost_Concat,0.7724,0.7713,0.7128,0.8225,0.7409,0.5399,0.8488,0.8186,OURS
Train3Val_ProteinGym,mean,bio_core_dna_prot_spliceai,nt_v1_500m,esmc_600m,Hybrid_Transformer_XGBoost,0.7493,0.6645,0.9107,0.6138,0.7684,0.5398,0.8764,0.8576,OURS
Train3Val_ProteinGym,cls,dna_geom_prot,nt_v2_500m,esm1b_650m,PyTorch_Concat,0.7711,0.7431,0.7619,0.7788,0.7524,0.5397,0.8387,0.8206,OURS
Train3Val_ProteinGym,cls,bio_core_dna_prot_spliceai,nt_v2_500m,esmc_600m,Pure_XGBoost_Concat,0.7432,0.6534,0.9315,0.585,0.7681,0.5397,0.8841,0.8652,OURS
Train3Val_ProteinGym,mean,bio_core_dna_prot_spliceai,nt_v1_500m,esm1v_650m,Hybrid_Gating_XGBoost,0.7446,0.6558,0.9271,0.5913,0.7682,0.5397,0.8789,0.8554,OURS
Train3Val_ProteinGym,mean,dna_prot_spliceai,nt_v2_500m,esmc_600m,PyTorch_Concat,0.7717,0.7927,0.6771,0.8512,0.7303,0.5396,0.8275,0.8302,OURS
Train3Val_ProteinGym,cls,bio_core_dna_prot_spliceai,nt_v3_650m,esm1v_650m,Hybrid_Gating_XGBoost,0.7466,0.6596,0.9196,0.6012,0.7682,0.5394,0.875,0.8447,OURS
Train3Val_ProteinGym,cls,bio_core_dna_prot,nt_v3_650m,esm1v_650m,PyTorch_Concat,0.7554,0.6781,0.8839,0.6475,0.7674,0.5393,0.8699,0.8464,OURS
Train3Val_ProteinGym,mean,bio_core_dna_prot_spliceai,nt_v1_500m,esmc_600m,Hybrid_Concat_XGBoost,0.7452,0.6571,0.9241,0.595,0.7681,0.5393,0.8822,0.8622,OURS
Train3Val_ProteinGym,mean,prot_spliceai,,esmc_600m,Pure_XGBoost_Concat,0.7717,0.7569,0.7366,0.8012,0.7466,0.5392,0.8563,0.8474,OURS
Train3Val_ProteinGym,mean,bio_core_dna_prot_spliceai,nt_v2_500m,esmc_600m,Hybrid_Gating_XGBoost,0.7473,0.6609,0.9167,0.605,0.7681,0.5392,0.8784,0.8614,OURS
Train3Val_ProteinGym,cls,dna_geom_prot,nt_v2_500m,esm1b_650m,PyTorch_Gating,0.7629,0.6996,0.8423,0.6962,0.7643,0.5391,0.8554,0.8287,OURS
Train3Val_ProteinGym,center,bio_core_dna_prot_spliceai,nt_v2_500m,esm1v_650m,Hybrid_Gating_XGBoost,0.7459,0.6585,0.9211,0.5988,0.768,0.539,0.8954,0.8798,OURS
Train3Val_ProteinGym,cls,bio_core_dna_prot,nt_v1_500m,esm1v_650m,Hybrid_Gating_XGBoost,0.7459,0.6585,0.9211,0.5988,0.768,0.539,0.8839,0.8578,OURS
Train3Val_ProteinGym,mean,bio_core_dna_prot_spliceai,nt_v2_500m,esmc_600m,Pure_XGBoost_Concat,0.7446,0.6561,0.9256,0.5925,0.7679,0.539,0.8928,0.8741,OURS
Train3Val_ProteinGym,mean,bio_core_dna_prot,nt_v1_500m,esm1v_650m,Hybrid_Concat_XGBoost,0.7446,0.6561,0.9256,0.5925,0.7679,0.539,0.8825,0.8515,OURS
Train3Val_ProteinGym,center,dna_prot_spliceai,nt_v1_500m,esm2_650m,Hybrid_Transformer_XGBoost,0.7717,0.7601,0.7307,0.8062,0.7451,0.5389,0.8386,0.8241,OURS
Train3Val_ProteinGym,mean,dna_prot_spliceai,nt_v1_500m,esm1v_650m,Hybrid_Transformer_XGBoost,0.7704,0.7399,0.7664,0.7738,0.7529,0.5389,0.8532,0.8292,OURS
Train3Val_ProteinGym,center,dna_prot_spliceai,nt_v1_500m,esm2_650m,PyTorch_Gating,0.7717,0.7701,0.7128,0.8212,0.7403,0.5385,0.8438,0.8298,OURS
Train3Val_ProteinGym,mean,bio_core_dna_prot_spliceai,nt_v2_500m,esm2_650m,Hybrid_CrossAttn_XGBoost,0.7473,0.6613,0.9152,0.6062,0.7678,0.5385,0.8748,0.8351,OURS
Train3Val_ProteinGym,mean,dna_prot_spliceai,nt_v2_500m,esmc_600m,PyTorch_Gating,0.7704,0.8047,0.6562,0.8662,0.723,0.5384,0.827,0.8268,OURS
Train3Val_ProteinGym,mean,bio_dna_geom,nt_v2_500m,esm1b_650m,Hybrid_Concat_XGBoost,0.769,0.7306,0.7827,0.7575,0.7557,0.5383,0.8507,0.837,OURS
Train3Val_ProteinGym,center,bio_core_dna_prot_spliceai,nt_v2_500m,esm2_650m,PyTorch_Transformer,0.7514,0.6696,0.8988,0.6275,0.7675,0.5382,0.8887,0.8738,OURS
Train3Val_ProteinGym,cls,bio_core_dna_prot_spliceai,nt_v3_650m,esmc_600m,PyTorch_Concat,0.7473,0.6616,0.9137,0.6075,0.7675,0.5378,0.8648,0.8456,OURS
Train3Val_ProteinGym,cls,bio_core_dna_prot_spliceai,nt_v2_500m,esm2_650m,PyTorch_Transformer,0.7561,0.6809,0.8765,0.655,0.7664,0.5378,0.8508,0.8072,OURS
Train3Val_ProteinGym,cls,bio_core_dna_prot,nt_v1_500m,esm1v_650m,PyTorch_CrossAttn,0.7582,0.6863,0.8661,0.6675,0.7658,0.5378,0.8647,0.8399,OURS
Train3Val_ProteinGym,mean,bio_core_dna_prot_spliceai,nt_v1_500m,esm2_650m,Hybrid_CrossAttn_XGBoost,0.7473,0.6616,0.9137,0.6075,0.7675,0.5378,0.8755,0.8411,OURS
Train3Val_ProteinGym,mean,prot_spliceai,,esmc_600m,Hybrid_Concat_XGBoost,0.7711,0.7573,0.7336,0.8025,0.7453,0.5377,0.8511,0.8392,OURS
Train3Val_ProteinGym,center,dna_prot,nt_v1_500m,esm2_650m,Hybrid_Concat_XGBoost,0.7711,0.7605,0.7277,0.8075,0.7437,0.5375,0.8408,0.8325,OURS
Train3Val_ProteinGym,mean,dna_prot,nt_v3_650m,esmc_600m,Hybrid_Concat_XGBoost,0.7711,0.763,0.7232,0.8112,0.7426,0.5373,0.854,0.8429,OURS
Train3Val_ProteinGym,mean,dna_prot,nt_v2_500m,esmc_600m,PyTorch_Concat,0.7704,0.7961,0.6682,0.8562,0.7265,0.5373,0.8325,0.8316,OURS
Train3Val_ProteinGym,mean,dna_prot_spliceai,nt_v1_500m,esm1v_650m,Hybrid_Gating_XGBoost,0.7697,0.7403,0.7634,0.775,0.7516,0.5373,0.85,0.8328,OURS
Train3Val_ProteinGym,mean,bio_core_dna_prot_spliceai,nt_v1_500m,esm1v_650m,Hybrid_Concat_XGBoost,0.7452,0.6581,0.9196,0.5988,0.7672,0.5373,0.8844,0.8598,OURS
Train3Val_ProteinGym,mean,bio_core_dna_prot,nt_v1_500m,esm1v_650m,PyTorch_CrossAttn,0.75,0.6674,0.9018,0.6225,0.7671,0.5372,0.8748,0.847,OURS
Train3Val_ProteinGym,mean,bio_core_dna_prot,nt_v1_500m,esm1v_650m,Hybrid_CrossAttn_XGBoost,0.7473,0.662,0.9122,0.6088,0.7672,0.5372,0.8815,0.8563,OURS
Train3Val_ProteinGym,center,dna_prot_spliceai,nt_v1_500m,esm2_650m,Hybrid_Concat_XGBoost,0.7711,0.7706,0.7098,0.8225,0.739,0.5371,0.8453,0.8307,OURS
Train3Val_ProteinGym,mean,dna_prot,nt_v1_500m,esm1v_650m,Pure_XGBoost_Concat,0.7683,0.7295,0.7827,0.7562,0.7552,0.5371,0.8479,0.8229,OURS
Train3Val_ProteinGym,mean,prot_spliceai,,esm1v_650m,PyTorch_Concat,0.7711,0.7706,0.7098,0.8225,0.739,0.5371,0.866,0.837,OURS
Train3Val_ProteinGym,mean,prot_spliceai,,esm1v_650m,Hybrid_Concat_XGBoost,0.7697,0.741,0.7619,0.7762,0.7513,0.5371,0.8598,0.8354,OURS
Train3Val_ProteinGym,cls,bio_core_dna_prot_spliceai,nt_v1_500m,esm1v_650m,Pure_XGBoost_Concat,0.7405,0.6501,0.9345,0.5775,0.7668,0.537,0.8902,0.8616,OURS
Train3Val_ProteinGym,cls,bio_core_dna_prot_spliceai,nt_v2_500m,esmc_600m,PyTorch_Concat,0.752,0.6719,0.8929,0.6338,0.7668,0.537,0.8628,0.8419,OURS
Train3Val_ProteinGym,cls,bio_core_dna_prot_spliceai,nt_v3_650m,esm1v_650m,Hybrid_Transformer_XGBoost,0.7446,0.6571,0.9211,0.5962,0.767,0.5369,0.8788,0.8532,OURS
Train3Val_ProteinGym,cls,bio_core_dna_prot,nt_v3_650m,esm1v_650m,Pure_XGBoost_Concat,0.7446,0.6571,0.9211,0.5962,0.767,0.5369,0.8929,0.8704,OURS
Train3Val_ProteinGym,mean,dna_prot_spliceai,nt_v3_650m,esm1v_650m,Pure_XGBoost_Concat,0.7683,0.7308,0.7798,0.7588,0.7545,0.5367,0.8514,0.8277,OURS
Train3Val_ProteinGym,cls,bio_core_dna_prot,nt_v1_500m,esm1v_650m,PyTorch_Concat,0.7548,0.6785,0.8795,0.65,0.766,0.5366,0.8734,0.8505,OURS
Train3Val_ProteinGym,mean,bio_core_dna_prot,nt_v2_500m,esm1v_650m,Hybrid_CrossAttn_XGBoost,0.7452,0.6585,0.9182,0.6,0.7669,0.5366,0.8892,0.8698,OURS
Train3Val_ProteinGym,cls,bio_core_dna_prot_spliceai,nt_v2_500m,esmc_600m,Hybrid_CrossAttn_XGBoost,0.7425,0.6537,0.9271,0.5875,0.7668,0.5365,0.8754,0.8556,OURS
Train3Val_ProteinGym,mean,bio_core_dna_prot_spliceai,nt_v3_650m,esmc_600m,Hybrid_Transformer_XGBoost,0.7459,0.6599,0.9152,0.6038,0.7668,0.5363,0.8818,0.8626,OURS
Train3Val_ProteinGym,cls,bio_core_dna_prot_spliceai,nt_v2_500m,esm2_650m,Hybrid_Transformer_XGBoost,0.7446,0.6574,0.9196,0.5975,0.7667,0.5362,0.8574,0.8201,OURS
Train3Val_ProteinGym,cls,bio_core_dna_prot,nt_v1_500m,esm1v_650m,Hybrid_Transformer_XGBoost,0.7446,0.6574,0.9196,0.5975,0.7667,0.5362,0.8807,0.8534,OURS
Train3Val_ProteinGym,cls,bio_core_dna_prot,nt_v2_500m,esm1v_650m,Pure_XGBoost_Concat,0.7405,0.6504,0.933,0.5788,0.7665,0.5362,0.8936,0.8688,OURS
Train3Val_ProteinGym,mean,dna_prot_spliceai,nt_v3_650m,esm2_650m,PyTorch_CrossAttn,0.7704,0.7585,0.7292,0.805,0.7436,0.5362,0.8339,0.8018,OURS
Train3Val_ProteinGym,cls,bio_core_dna_prot_spliceai,nt_v3_650m,esm2_650m,Hybrid_Transformer_XGBoost,0.7493,0.6667,0.9018,0.6212,0.7666,0.5361,0.8628,0.8249,OURS
Train3Val_ProteinGym,mean,dna_prot_spliceai,nt_v2_500m,esm2_650m,PyTorch_Transformer,0.7704,0.7811,0.6905,0.8375,0.733,0.536,0.8342,0.8031,OURS
Train3Val_ProteinGym,mean,bio_core_dna_prot_spliceai,nt_v3_650m,esm2_650m,Pure_XGBoost_Concat,0.7452,0.6588,0.9167,0.6012,0.7666,0.5359,0.8869,0.8605,OURS
Train3Val_ProteinGym,mean,dna_prot_spliceai,nt_v3_650m,esmc_600m,PyTorch_Transformer,0.769,0.8051,0.6518,0.8675,0.7204,0.5359,0.8324,0.8267,OURS
Train3Val_ProteinGym,cls,dna_prot,nt_v1_500m,esm1b_650m,Hybrid_CrossAttn_XGBoost,0.7697,0.7481,0.747,0.7887,0.7476,0.5358,0.8493,0.8277,OURS
Train3Val_ProteinGym,mean,dna_prot,nt_v3_650m,esmc_600m,Pure_XGBoost_Concat,0.7697,0.7481,0.747,0.7887,0.7476,0.5358,0.8493,0.8445,OURS
Train3Val_ProteinGym,cls,bio_core_dna_prot_spliceai,nt_v2_500m,esm1v_650m,Hybrid_Transformer_XGBoost,0.7439,0.6564,0.9211,0.595,0.7666,0.5358,0.8703,0.8357,OURS
Train3Val_ProteinGym,mean,dna_prot,nt_v2_500m,esm1v_650m,Hybrid_Transformer_XGBoost,0.769,0.7406,0.7604,0.7762,0.7504,0.5357,0.8553,0.8353,OURS
Train3Val_ProteinGym,mean,bio_core_dna_prot,nt_v1_500m,esm1v_650m,Hybrid_Gating_XGBoost,0.7446,0.6578,0.9182,0.5988,0.7665,0.5355,0.8889,0.8682,OURS
Train3Val_ProteinGym,cls,bio_core_dna_prot_spliceai,nt_v3_650m,esm2_650m,PyTorch_CrossAttn,0.7473,0.663,0.9077,0.6125,0.7663,0.5353,0.8528,0.8142,OURS
Train3Val_ProteinGym,mean,dna_prot_spliceai,nt_v2_500m,esm1v_650m,Hybrid_CrossAttn_XGBoost,0.7683,0.7361,0.7679,0.7688,0.7516,0.5352,0.8537,0.8293,OURS
Train3Val_ProteinGym,mean,dna_prot,nt_v3_650m,esm1v_650m,PyTorch_Concat,0.7697,0.7866,0.6801,0.845,0.7294,0.5351,0.8605,0.8327,OURS
Train3Val_ProteinGym,mean,dna_prot,nt_v2_500m,esmc_600m,PyTorch_Transformer,0.769,0.7975,0.6622,0.8588,0.7236,0.5349,0.8363,0.8314,OURS
Train3Val_ProteinGym,cls,dna_prot_spliceai,nt_v3_650m,esm1b_650m,Hybrid_Gating_XGBoost,0.7683,0.7381,0.7634,0.7725,0.7505,0.5347,0.8531,0.8296,OURS
Train3Val_ProteinGym,cls,bio_core_dna_prot,nt_v1_500m,esm1v_650m,Hybrid_CrossAttn_XGBoost,0.7432,0.6557,0.9211,0.5938,0.7661,0.5347,0.8812,0.8578,OURS
Train3Val_ProteinGym,mean,bio_core_dna_prot_spliceai,nt_v2_500m,esm2_650m,Pure_XGBoost_Concat,0.7432,0.6557,0.9211,0.5938,0.7661,0.5347,0.8886,0.8693,OURS
Train3Val_ProteinGym,cls,dna_prot,nt_v3_650m,esm1v_650m,PyTorch_Concat,0.7697,0.7639,0.7173,0.8138,0.7398,0.5345,0.8411,0.8039,OURS
Train3Val_ProteinGym,mean,dna_prot_spliceai,nt_v2_500m,esm1v_650m,Pure_XGBoost_Concat,0.767,0.7275,0.7827,0.7538,0.7541,0.5345,0.8448,0.8178,OURS
Train3Val_ProteinGym,cls,bio_core_dna_prot_spliceai,nt_v1_500m,esm1v_650m,Hybrid_Gating_XGBoost,0.7425,0.6547,0.9226,0.5913,0.7659,0.5344,0.8757,0.8425,OURS
Train3Val_ProteinGym,mean,bio_core_dna_prot_spliceai,nt_v3_650m,esm2_650m,Hybrid_Gating_XGBoost,0.7418,0.6537,0.9241,0.5888,0.7657,0.534,0.8763,0.8481,OURS
Train3Val_ProteinGym,mean,bio_core_dna_prot,nt_v1_500m,esm1v_650m,Pure_XGBoost_Concat,0.7405,0.6514,0.9286,0.5825,0.7656,0.534,0.8882,0.8581,OURS
Train3Val_ProteinGym,cls,bio_dna_geom_prot,nt_v2_500m,esm1b_650m,Hybrid_Gating_XGBoost,0.7575,0.6882,0.8571,0.6738,0.7634,0.5339,0.8566,0.8137,OURS
Train3Val_ProteinGym,cls,bio_core_dna_prot_spliceai,nt_v1_500m,esm1v_650m,PyTorch_Gating,0.7486,0.6667,0.8988,0.6225,0.7655,0.5338,0.8668,0.8339,OURS
Train3Val_ProteinGym,mean,bio_dna_geom_prot,nt_v2_500m,esm1b_650m,PyTorch_Transformer,0.7622,0.7048,0.8244,0.71,0.7599,0.5336,0.8535,0.8353,OURS
Train3Val_ProteinGym,cls,bio_core_dna_prot_spliceai,nt_v1_500m,esmc_600m,Hybrid_CrossAttn_XGBoost,0.7412,0.6527,0.9256,0.5863,0.7655,0.5336,0.8748,0.8502,OURS
Train3Val_ProteinGym,mean,bio_core_dna_prot,nt_v1_500m,esm1v_650m,PyTorch_Concat,0.7514,0.6727,0.8869,0.6375,0.7651,0.5336,0.8786,0.8544,OURS
Train3Val_ProteinGym,mean,bio_core_dna_prot_spliceai,nt_v3_650m,esm1v_650m,Hybrid_Gating_XGBoost,0.7446,0.6588,0.9137,0.6025,0.7656,0.5335,0.8835,0.8655,OURS
Train3Val_ProteinGym,cls,bio_core_dna_prot,nt_v2_500m,esm1v_650m,Hybrid_Concat_XGBoost,0.7432,0.6564,0.9182,0.5962,0.7655,0.5334,0.882,0.8567,OURS
Train3Val_ProteinGym,mean,dna_prot_spliceai,nt_v2_500m,esm2_650m,PyTorch_Gating,0.769,0.7823,0.6845,0.84,0.7302,0.5334,0.8393,0.8113,OURS
Train3Val_ProteinGym,mean,dna_prot,nt_v3_650m,esm2_650m,PyTorch_CrossAttn,0.769,0.7795,0.689,0.8362,0.7314,0.5333,0.8414,0.8102,OURS
Train3Val_ProteinGym,mean,bio_core_dna_prot,nt_v3_650m,esm1v_650m,Pure_XGBoost_Concat,0.7385,0.6484,0.933,0.575,0.7651,0.533,0.889,0.86,OURS
Train3Val_ProteinGym,cls,dna_prot,nt_v2_500m,esm1v_650m,Hybrid_CrossAttn_XGBoost,0.7677,0.7391,0.7589,0.775,0.7489,0.5329,0.8352,0.8078,OURS
Train3Val_ProteinGym,cls,bio_core_dna_prot_spliceai,nt_v1_500m,esmc_600m,Hybrid_Concat_XGBoost,0.7412,0.653,0.9241,0.5875,0.7652,0.5329,0.8707,0.845,OURS
Train3Val_ProteinGym,cls,bio_core_dna_prot_spliceai,nt_v2_500m,esmc_600m,Hybrid_Transformer_XGBoost,0.7446,0.6591,0.9122,0.6038,0.7653,0.5328,0.8722,0.8475,OURS
Train3Val_ProteinGym,cls,bio_core_dna_prot_spliceai,nt_v3_650m,esm1v_650m,Hybrid_Concat_XGBoost,0.7405,0.652,0.9256,0.585,0.7651,0.5326,0.8778,0.8469,OURS
Train3Val_ProteinGym,cls,bio_core_dna_prot_spliceai,nt_v2_500m,esm2_650m,Hybrid_CrossAttn_XGBoost,0.7439,0.6581,0.9137,0.6012,0.7651,0.5324,0.8618,0.8205,OURS
Train3Val_ProteinGym,cls,bio_core_dna_prot,nt_v2_500m,esm1v_650m,PyTorch_Gating,0.7459,0.662,0.9062,0.6112,0.7651,0.5324,0.8695,0.841,OURS
Train3Val_ProteinGym,cls,bio_core_dna_prot_spliceai,nt_v1_500m,esmc_600m,Hybrid_Gating_XGBoost,0.7412,0.6533,0.9226,0.5888,0.765,0.5322,0.8665,0.845,OURS
Train3Val_ProteinGym,cls,bio_core_dna_prot_spliceai,nt_v3_650m,esm1v_650m,Pure_XGBoost_Concat,0.7378,0.6477,0.933,0.5738,0.7646,0.532,0.8911,0.8623,OURS
Train3Val_ProteinGym,cls,bio_core_dna_prot_spliceai,nt_v3_650m,esmc_600m,Pure_XGBoost_Concat,0.7391,0.65,0.9286,0.58,0.7647,0.5319,0.89,0.8677,OURS
Train3Val_ProteinGym,cls,bio_core_prot_spliceai,,esm1v_650m,Hybrid_Concat_XGBoost,0.7405,0.6523,0.9241,0.5863,0.7648,0.5318,0.8829,0.8548,OURS
Train3Val_ProteinGym,cls,bio_core_dna_prot_spliceai,nt_v1_500m,esm2_650m,Pure_XGBoost_Concat,0.7412,0.6536,0.9211,0.59,0.7647,0.5315,0.8772,0.8431,OURS
Train3Val_ProteinGym,cls,bio_core_dna_prot,nt_v2_500m,esm1v_650m,Hybrid_Gating_XGBoost,0.7412,0.6536,0.9211,0.59,0.7647,0.5315,0.8825,0.8565,OURS
Train3Val_ProteinGym,cls,bio_core_dna_prot_spliceai,nt_v2_500m,esmc_600m,Hybrid_Gating_XGBoost,0.7432,0.6574,0.9137,0.6,0.7646,0.5313,0.8722,0.8523,OURS
Train3Val_ProteinGym,mean,dna_prot,nt_v2_500m,esmc_600m,Hybrid_Gating_XGBoost,0.7677,0.7508,0.7351,0.795,0.7429,0.5311,0.8362,0.8335,OURS
Train3Val_ProteinGym,mean,bio_core_dna_prot_spliceai,nt_v3_650m,esmc_600m,Hybrid_Gating_XGBoost,0.7439,0.6588,0.9107,0.6038,0.7645,0.5311,0.8797,0.8514,OURS
Train3Val_ProteinGym,cls,bio_core_dna_prot_spliceai,nt_v1_500m,esmc_600m,PyTorch_Concat,0.7425,0.6564,0.9152,0.5975,0.7644,0.5309,0.8601,0.8398,OURS
Train3Val_ProteinGym,mean,bio_core_dna_prot_spliceai,nt_v1_500m,esm2_650m,PyTorch_Transformer,0.7514,0.6747,0.8795,0.6438,0.7636,0.5309,0.8602,0.8302,OURS
Train3Val_ProteinGym,mean,dna_prot_spliceai,nt_v3_650m,esmc_600m,PyTorch_Concat,0.7656,0.8138,0.631,0.8788,0.7108,0.5309,0.8128,0.8155,OURS
Train3Val_ProteinGym,center,dna_prot,nt_v1_500m,esm2_650m,PyTorch_Transformer,0.767,0.7964,0.6577,0.8588,0.7205,0.5308,0.8423,0.8327,OURS
Train3Val_ProteinGym,cls,bio_core_dna_prot_spliceai,nt_v2_500m,esm2_650m,PyTorch_CrossAttn,0.7493,0.67,0.8884,0.6325,0.7639,0.5308,0.8449,0.796,OURS
Train3Val_ProteinGym,mean,bio_core_dna_prot_spliceai,nt_v1_500m,esmc_600m,PyTorch_Transformer,0.7493,0.67,0.8884,0.6325,0.7639,0.5308,0.8668,0.8532,OURS
Train3Val_ProteinGym,cls,dna_prot_spliceai,nt_v3_650m,esm1v_650m,PyTorch_Concat,0.7677,0.7554,0.7262,0.8025,0.7405,0.5307,0.8467,0.8125,OURS
Train3Val_ProteinGym,cls,prot_spliceai,,esm1v_650m,Hybrid_Concat_XGBoost,0.7663,0.7363,0.7604,0.7712,0.7482,0.5305,0.841,0.8063,OURS
Train3Val_ProteinGym,mean,dna_prot_spliceai,nt_v3_650m,esmc_600m,PyTorch_Gating,0.7677,0.7787,0.686,0.8362,0.7294,0.5305,0.8371,0.8257,OURS
Train3Val_ProteinGym,mean,dna_prot,nt_v3_650m,esm2_650m,PyTorch_Concat,0.7677,0.7603,0.7173,0.81,0.7381,0.5304,0.8394,0.8077,OURS
Train3Val_ProteinGym,mean,dna_prot,nt_v2_500m,esm1v_650m,Pure_XGBoost_Concat,0.7643,0.7211,0.7887,0.7438,0.7534,0.5304,0.8478,0.8257,OURS
Train3Val_ProteinGym,mean,bio_core_dna_prot_spliceai,nt_v1_500m,esmc_600m,PyTorch_Concat,0.7473,0.6659,0.8958,0.6225,0.764,0.5304,0.8669,0.8547,OURS
Train3Val_ProteinGym,cls,dna_geom_prot,nt_v2_500m,esm1b_650m,Hybrid_Transformer_XGBoost,0.7622,0.7107,0.808,0.7238,0.7563,0.5302,0.8289,0.7992,OURS
Train3Val_ProteinGym,mean,bio_core_dna_prot_spliceai,nt_v1_500m,esm2_650m,PyTorch_CrossAttn,0.7412,0.6543,0.9182,0.5925,0.7641,0.5301,0.871,0.8319,OURS
Train3Val_ProteinGym,mean,dna_prot,nt_v3_650m,esm2_650m,PyTorch_Transformer,0.767,0.7871,0.6711,0.8475,0.7245,0.5298,0.8426,0.8121,OURS
Train3Val_ProteinGym,cls,bio_core_dna_prot_spliceai,nt_v1_500m,esmc_600m,Hybrid_Transformer_XGBoost,0.7378,0.6486,0.9286,0.5775,0.7638,0.5297,0.8573,0.8281,OURS
Train3Val_ProteinGym,cls,bio_core_dna_prot,nt_v1_500m,esm1v_650m,PyTorch_Transformer,0.7459,0.6637,0.8988,0.6175,0.7636,0.5294,0.8749,0.8498,OURS
Train3Val_ProteinGym,mean,dna_prot,nt_v2_500m,esmc_600m,Hybrid_CrossAttn_XGBoost,0.767,0.7558,0.7232,0.8038,0.7392,0.5292,0.8365,0.8375,OURS
Train3Val_ProteinGym,mean,dna_prot,nt_v2_500m,esmc_600m,PyTorch_Gating,0.7656,0.8022,0.6458,0.8662,0.7156,0.5291,0.8177,0.8254,OURS
Train3Val_ProteinGym,cls,dna_prot_spliceai,nt_v3_650m,esm1v_650m,PyTorch_Gating,0.767,0.7582,0.7188,0.8075,0.738,0.5291,0.8462,0.8073,OURS
Train3Val_ProteinGym,mean,dna_prot_spliceai,nt_v1_500m,esmc_600m,PyTorch_CrossAttn,0.7656,0.8022,0.6458,0.8662,0.7156,0.5291,0.7939,0.8045,OURS
Train3Val_ProteinGym,cls,dna_prot,nt_v1_500m,esm1v_650m,PyTorch_Transformer,0.767,0.7591,0.7173,0.8088,0.7376,0.529,0.841,0.8084,OURS
Train3Val_ProteinGym,cls,bio_core_dna_prot_spliceai,nt_v3_650m,esm2_650m,Hybrid_Gating_XGBoost,0.7398,0.6526,0.9196,0.5888,0.7634,0.5287,0.8577,0.8165,OURS
Train3Val_ProteinGym,mean,geom,nt_v2_500m,esm1b_650m,PyTorch_Concat,0.7568,0.6919,0.8423,0.685,0.7597,0.5286,0.8548,0.8521,OURS
Train3Val_ProteinGym,cls,bio_core_dna_prot_spliceai,nt_v1_500m,esmc_600m,PyTorch_Gating,0.7473,0.667,0.8914,0.6262,0.7631,0.5286,0.8597,0.8429,OURS
Train3Val_ProteinGym,mean,dna_prot_spliceai,nt_v1_500m,esm1v_650m,Pure_XGBoost_Concat,0.7649,0.7315,0.7664,0.7638,0.7485,0.5286,0.8503,0.8204,OURS
Train3Val_ProteinGym,cls,dna_prot_spliceai,nt_v1_500m,esm1v_650m,Hybrid_Transformer_XGBoost,0.7656,0.7387,0.753,0.7762,0.7458,0.5285,0.8373,0.8039,OURS
Train3Val_ProteinGym,cls,dna_prot_spliceai,nt_v3_650m,esm1v_650m,Pure_XGBoost_Concat,0.7643,0.7266,0.7753,0.755,0.7502,0.5285,0.8356,0.8013,OURS
Train3Val_ProteinGym,mean,bio_core_dna_prot_spliceai,nt_v3_650m,esm1v_650m,PyTorch_CrossAttn,0.7418,0.6563,0.9122,0.5988,0.7634,0.5285,0.8775,0.8541,OURS
Train3Val_ProteinGym,cls,dna_prot_spliceai,nt_v2_500m,esm1v_650m,Hybrid_CrossAttn_XGBoost,0.7656,0.7394,0.7515,0.7775,0.7454,0.5284,0.839,0.7985,OURS
Train3Val_ProteinGym,mean,bio_core_dna_prot,nt_v1_500m,esm1v_650m,Hybrid_Transformer_XGBoost,0.7405,0.6539,0.9167,0.5925,0.7633,0.5284,0.8853,0.8642,OURS
Train3Val_ProteinGym,mean,bio_core_dna_prot_spliceai,nt_v1_500m,esmc_600m,PyTorch_Gating,0.7425,0.6577,0.9092,0.6025,0.7633,0.5283,0.8714,0.8574,OURS
Train3Val_ProteinGym,cls,bio_core_dna_prot,nt_v1_500m,esm1v_650m,Pure_XGBoost_Concat,0.7357,0.646,0.9315,0.5712,0.7629,0.5281,0.8907,0.8652,OURS
Train3Val_ProteinGym,mean,prot_spliceai,,esmc_600m,PyTorch_Concat,0.7643,0.8107,0.631,0.8762,0.7096,0.5279,0.8013,0.8151,OURS
Train3Val_ProteinGym,mean,dna_prot,nt_v1_500m,esmc_600m,PyTorch_CrossAttn,0.7649,0.8019,0.6443,0.8662,0.7145,0.5277,0.7971,0.8065,OURS
Train3Val_ProteinGym,center,dna_prot_spliceai,nt_v1_500m,esm2_650m,Hybrid_Gating_XGBoost,0.7663,0.7571,0.7188,0.8062,0.7374,0.5277,0.8369,0.8258,OURS
Train3Val_ProteinGym,cls,dna_prot,nt_v3_650m,esm1v_650m,Hybrid_CrossAttn_XGBoost,0.7649,0.7355,0.7574,0.7712,0.7463,0.5276,0.8321,0.7969,OURS
Train3Val_ProteinGym,cls,bio_core_dna_prot_spliceai,nt_v1_500m,esmc_600m,Pure_XGBoost_Concat,0.7344,0.6441,0.9345,0.5662,0.7626,0.5275,0.8864,0.8637,OURS
Train3Val_ProteinGym,cls,bio_core_prot_spliceai,,esm2_650m,Hybrid_Concat_XGBoost,0.7412,0.6556,0.9122,0.5975,0.7629,0.5274,0.8693,0.8388,OURS
Train3Val_ProteinGym,cls,prot_spliceai,,esm1v_650m,Pure_XGBoost_Concat,0.7629,0.7209,0.7842,0.745,0.7512,0.5272,0.8433,0.8113,OURS
Train3Val_ProteinGym,mean,bio_core_dna_prot_spliceai,nt_v1_500m,esm2_650m,Pure_XGBoost_Concat,0.7385,0.6509,0.9211,0.585,0.7628,0.5272,0.8851,0.8541,OURS
Train3Val_ProteinGym,mean,bio_core_dna_prot_spliceai,nt_v1_500m,esmc_600m,Hybrid_CrossAttn_XGBoost,0.7385,0.6509,0.9211,0.585,0.7628,0.5272,0.8753,0.8578,OURS
Train3Val_ProteinGym,cls,bio_core_dna_prot_spliceai,nt_v1_500m,esm2_650m,PyTorch_CrossAttn,0.7452,0.6637,0.8958,0.6188,0.7625,0.5271,0.8507,0.8089,OURS
Train3Val_ProteinGym,cls,dna_prot,nt_v1_500m,esm1b_650m,Hybrid_Gating_XGBoost,0.7643,0.7325,0.7619,0.7662,0.7469,0.5268,0.8511,0.8307,OURS
Train3Val_ProteinGym,cls,dna_prot,nt_v3_650m,esmc_600m,PyTorch_Transformer,0.7649,0.7942,0.6548,0.8575,0.7178,0.5267,0.8061,0.8077,OURS
Train3Val_ProteinGym,mean,dna_prot,nt_v3_650m,esmc_600m,Hybrid_CrossAttn_XGBoost,0.7656,0.7512,0.7277,0.7975,0.7392,0.5267,0.837,0.8348,OURS
Train3Val_ProteinGym,mean,dna_prot,nt_v1_500m,esmc_600m,Pure_XGBoost_Concat,0.7656,0.7519,0.7262,0.7988,0.7388,0.5266,0.8458,0.8406,OURS
Train3Val_ProteinGym,cls,dna_prot,nt_v3_650m,esm1v_650m,PyTorch_Gating,0.7656,0.7551,0.7202,0.8038,0.7372,0.5264,0.8457,0.8174,OURS
Train3Val_ProteinGym,cls,bio_core_dna_prot_spliceai,nt_v1_500m,esm2_650m,PyTorch_Gating,0.7473,0.6685,0.8854,0.6312,0.7618,0.5264,0.8453,0.8085,OURS
Train3Val_ProteinGym,mean,dna_prot,nt_v1_500m,esmc_600m,PyTorch_Concat,0.7636,0.8092,0.631,0.875,0.709,0.5263,0.8027,0.8131,OURS
Train3Val_ProteinGym,cls,bio_core_dna_prot,nt_v3_650m,esm1v_650m,Hybrid_CrossAttn_XGBoost,0.7405,0.6549,0.9122,0.5962,0.7624,0.5263,0.8767,0.8479,OURS
Train3Val_ProteinGym,mean,dna_prot,nt_v1_500m,esmc_600m,Hybrid_Concat_XGBoost,0.7656,0.7599,0.7113,0.8112,0.7348,0.5262,0.8291,0.8242,OURS
Train3Val_ProteinGym,mean,bio_core_dna_prot_spliceai,nt_v1_500m,esm2_650m,Hybrid_Concat_XGBoost,0.7391,0.6525,0.9167,0.59,0.7624,0.5262,0.8708,0.838,OURS
Train3Val_ProteinGym,cls,dna_prot_spliceai,nt_v3_650m,esmc_600m,PyTorch_Transformer,0.7643,0.7993,0.6458,0.8638,0.7144,0.5261,0.8129,0.8125,OURS
Train3Val_ProteinGym,cls,bio_core_dna_prot,nt_v3_650m,esm1v_650m,Hybrid_Gating_XGBoost,0.7398,0.6539,0.9137,0.5938,0.7623,0.5259,0.8805,0.8569,OURS
Train3Val_ProteinGym,cls,bio_core_dna_prot_spliceai,nt_v1_500m,esm2_650m,PyTorch_Concat,0.748,0.6704,0.881,0.6362,0.7614,0.5258,0.8413,0.7975,OURS
Train3Val_ProteinGym,cls,bio_core_dna_prot,nt_v3_650m,esm1v_650m,Hybrid_Concat_XGBoost,0.7385,0.6519,0.9167,0.5888,0.7619,0.5251,0.886,0.8651,OURS
Train3Val_ProteinGym,cls,dna_prot,nt_v1_500m,esm1v_650m,Hybrid_Concat_XGBoost,0.7629,0.7284,0.7664,0.76,0.7469,0.5248,0.833,0.8061,OURS
Train3Val_ProteinGym,mean,prot_spliceai,,esm2_650m,PyTorch_Concat,0.7649,0.7655,0.6994,0.82,0.7309,0.5247,0.8387,0.8131,OURS
Train3Val_ProteinGym,cls,bio_core_dna_prot_spliceai,nt_v2_500m,esm2_650m,Hybrid_Concat_XGBoost,0.7385,0.6522,0.9152,0.59,0.7616,0.5244,0.8565,0.8103,OURS
Train3Val_ProteinGym,mean,bio_core_dna_prot_spliceai,nt_v1_500m,esm2_650m,Hybrid_Gating_XGBoost,0.7391,0.6535,0.9122,0.5938,0.7615,0.5242,0.8725,0.8407,OURS
Train3Val_ProteinGym,mean,bio_core_dna_prot_spliceai,nt_v1_500m,esm2_650m,PyTorch_Concat,0.7378,0.6512,0.9167,0.5875,0.7614,0.524,0.8693,0.8323,OURS
Train3Val_ProteinGym,mean,dna_geom_prot,nt_v2_500m,esm1b_650m,Hybrid_CrossAttn_XGBoost,0.7527,0.6847,0.8497,0.6712,0.7583,0.5236,0.8372,0.7962,OURS
Train3Val_ProteinGym,mean,dna_prot_spliceai,nt_v3_650m,esm2_650m,PyTorch_Transformer,0.7643,0.7713,0.6875,0.8288,0.727,0.5234,0.8297,0.8009,OURS
Train3Val_ProteinGym,cls,bio_core_dna_prot_spliceai,nt_v2_500m,esm1v_650m,PyTorch_Concat,0.7473,0.6708,0.8765,0.6388,0.76,0.5231,0.8673,0.8401,OURS
Train3Val_ProteinGym,mean,dna_prot,nt_v1_500m,esmc_600m,PyTorch_Gating,0.7622,0.8038,0.6339,0.87,0.7088,0.5229,0.8009,0.8141,OURS
Train3Val_ProteinGym,cls,bio_core_dna_prot,nt_v2_500m,esm1v_650m,Hybrid_Transformer_XGBoost,0.7378,0.6518,0.9137,0.59,0.7608,0.5227,0.8822,0.8565,OURS
Train3Val_ProteinGym,mean,bio_dna_geom_prot,nt_v2_500m,esm1b_650m,Hybrid_Gating_XGBoost,0.7582,0.7057,0.8065,0.7175,0.7528,0.5226,0.852,0.8227,OURS
Train3Val_ProteinGym,mean,dna_prot_spliceai,nt_v2_500m,esm1v_650m,Hybrid_Concat_XGBoost,0.7615,0.7257,0.7679,0.7562,0.7462,0.5224,0.8497,0.8231,OURS
Train3Val_ProteinGym,mean,dna_prot,nt_v2_500m,esm2_650m,PyTorch_Transformer,0.7636,0.7718,0.6845,0.83,0.7256,0.5221,0.8334,0.8029,OURS
Train3Val_ProteinGym,mean,dna_prot_spliceai,nt_v1_500m,esmc_600m,Pure_XGBoost_Concat,0.7636,0.7555,0.7128,0.8062,0.7335,0.5221,0.8454,0.8374,OURS
Train3Val_ProteinGym,mean,dna_prot,nt_v3_650m,esm2_650m,PyTorch_Gating,0.7636,0.7647,0.6964,0.82,0.729,0.5219,0.8392,0.812,OURS
Train3Val_ProteinGym,cls,dna_prot,nt_v2_500m,esm1v_650m,Hybrid_Transformer_XGBoost,0.7622,0.734,0.7515,0.7712,0.7426,0.5219,0.8349,0.7976,OURS
Train3Val_ProteinGym,cls,dna_prot_spliceai,nt_v2_500m,esm1v_650m,Hybrid_Concat_XGBoost,0.7609,0.7222,0.7738,0.75,0.7471,0.5219,0.8349,0.7977,OURS
Train3Val_ProteinGym,mean,dna_prot_spliceai,nt_v1_500m,esm2_650m,PyTorch_Concat,0.7629,0.7848,0.6622,0.8475,0.7183,0.5217,0.8203,0.7948,OURS
Train3Val_ProteinGym,mean,dna_prot,nt_v3_650m,esm1v_650m,Hybrid_Concat_XGBoost,0.7622,0.7354,0.7485,0.7738,0.7419,0.5216,0.8509,0.8338,OURS
Train3Val_ProteinGym,mean,dna_prot,nt_v3_650m,esmc_600m,Hybrid_Transformer_XGBoost,0.7629,0.7466,0.7277,0.7925,0.737,0.5214,0.8357,0.8293,OURS
Train3Val_ProteinGym,cls,bio_core_dna_prot_spliceai,nt_v1_500m,esm2_650m,Hybrid_Gating_XGBoost,0.7378,0.6525,0.9107,0.5925,0.7602,0.5213,0.8642,0.8285,OURS
Train3Val_ProteinGym,mean,bio_core_dna_prot_spliceai,nt_v1_500m,esm2_650m,PyTorch_Gating,0.7439,0.6644,0.8869,0.6238,0.7597,0.5213,0.8551,0.8187,OURS
Train3Val_ProteinGym,mean,dna_prot_spliceai,nt_v2_500m,esmc_600m,Hybrid_Transformer_XGBoost,0.7629,0.7496,0.7217,0.7975,0.7354,0.5211,0.8317,0.8309,OURS
Train3Val_ProteinGym,cls,dna_prot_spliceai,nt_v1_500m,esm1v_650m,Hybrid_Gating_XGBoost,0.7609,0.7254,0.7664,0.7562,0.7453,0.521,0.8307,0.7964,OURS
Train3Val_ProteinGym,cls,dna_prot_spliceai,nt_v3_650m,esm1v_650m,Hybrid_Transformer_XGBoost,0.7615,0.7309,0.756,0.7662,0.7432,0.521,0.8368,0.7975,OURS
Train3Val_ProteinGym,center,dna_prot,nt_v2_500m,esm2_650m,Hybrid_Gating_XGBoost,0.7629,0.7543,0.7128,0.805,0.733,0.5208,0.8303,0.8211,OURS
Train3Val_ProteinGym,cls,dna_prot,nt_v3_650m,esmc_600m,PyTorch_Gating,0.7629,0.7714,0.683,0.83,0.7245,0.5207,0.8055,0.8045,OURS
Train3Val_ProteinGym,cls,dna_prot,nt_v1_500m,esm1v_650m,PyTorch_Gating,0.7629,0.7559,0.7098,0.8075,0.7322,0.5207,0.8418,0.8097,OURS
Train3Val_ProteinGym,cls,dna_prot,nt_v1_500m,esm1v_650m,Hybrid_Transformer_XGBoost,0.7615,0.7323,0.753,0.7688,0.7425,0.5207,0.8358,0.8031,OURS
Train3Val_ProteinGym,mean,dna_prot,nt_v2_500m,esm2_650m,PyTorch_Gating,0.7629,0.7584,0.7054,0.8112,0.7309,0.5206,0.835,0.8062,OURS
Train3Val_ProteinGym,cls,dna_prot,nt_v3_650m,esm1v_650m,PyTorch_CrossAttn,0.7629,0.7576,0.7068,0.81,0.7313,0.5206,0.8461,0.8093,OURS
Train3Val_ProteinGym,cls,dna_prot_spliceai,nt_v3_650m,esmc_600m,PyTorch_Concat,0.7629,0.7678,0.689,0.825,0.7263,0.5206,0.8164,0.8168,OURS
Train3Val_ProteinGym,cls,dna_prot_spliceai,nt_v3_650m,esmc_600m,PyTorch_Gating,0.7629,0.7678,0.689,0.825,0.7263,0.5206,0.813,0.8125,OURS
Train3Val_ProteinGym,cls,dna_prot_spliceai,nt_v2_500m,esm1v_650m,PyTorch_CrossAttn,0.7629,0.7652,0.6935,0.8212,0.7276,0.5206,0.8329,0.7951,OURS
Train3Val_ProteinGym,cls,dna_prot_spliceai,nt_v3_650m,esm1v_650m,Hybrid_CrossAttn_XGBoost,0.7615,0.7343,0.7485,0.7725,0.7413,0.5203,0.8405,0.8065,OURS
Train3Val_ProteinGym,mean,dna_prot_spliceai,nt_v3_650m,esm2_650m,PyTorch_Concat,0.7622,0.7432,0.7321,0.7875,0.7376,0.5203,0.8435,0.8165,OURS
Train3Val_ProteinGym,cls,bio_core_dna_prot_spliceai,nt_v3_650m,esmc_600m,Hybrid_Gating_XGBoost,0.7317,0.6426,0.9286,0.5662,0.7596,0.5202,0.873,0.8492,OURS
Train3Val_ProteinGym,cls,dna_prot,nt_v3_650m,esmc_600m,PyTorch_Concat,0.7615,0.7934,0.6458,0.8588,0.7121,0.5201,0.7975,0.8004,OURS
Train3Val_ProteinGym,cls,bio_core_dna_prot_spliceai,nt_v1_500m,esm2_650m,PyTorch_Transformer,0.7425,0.6626,0.8884,0.62,0.7591,0.5197,0.8499,0.8123,OURS
Train3Val_ProteinGym,mean,dna_prot_spliceai,nt_v1_500m,esm2_650m,PyTorch_Gating,0.7622,0.7492,0.7202,0.7975,0.7344,0.5197,0.8307,0.8099,OURS
Train3Val_ProteinGym,cls,bio_core_dna_prot_spliceai,nt_v2_500m,esmc_600m,PyTorch_Gating,0.7371,0.6521,0.9092,0.5925,0.7595,0.5196,0.859,0.8383,OURS
Train3Val_ProteinGym,mean,dna_prot,nt_v3_650m,esmc_600m,PyTorch_Concat,0.7615,0.7851,0.6577,0.8488,0.7158,0.5191,0.8328,0.8272,OURS
Train3Val_ProteinGym,cls,bio_core_dna_prot_spliceai,nt_v2_500m,esmc_600m,PyTorch_CrossAttn,0.7337,0.6464,0.9196,0.5775,0.7592,0.519,0.8657,0.8468,OURS
Train3Val_ProteinGym,cls,bio_core_dna_prot_spliceai,nt_v2_500m,esm1v_650m,Hybrid_Gating_XGBoost,0.733,0.6455,0.9211,0.575,0.759,0.5186,0.8728,0.8416,OURS
Train3Val_ProteinGym,center,dna_geom,nt_v1_500m,esmc_600m,Hybrid_Concat_XGBoost,0.7602,0.7992,0.6339,0.8662,0.7071,0.5184,0.8299,0.8187,OURS
Train3Val_ProteinGym,cls,dna_prot,nt_v2_500m,esm1v_650m,PyTorch_Transformer,0.7615,0.7504,0.7158,0.8,0.7327,0.5182,0.8355,0.7918,OURS
Train3Val_ProteinGym,cls,dna_prot_spliceai,nt_v3_650m,esmc_600m,PyTorch_CrossAttn,0.7602,0.797,0.6369,0.8638,0.708,0.5181,0.8069,0.8077,OURS
Train3Val_ProteinGym,cls,prot_spliceai,,esmc_600m,PyTorch_Concat,0.7609,0.7867,0.6533,0.8512,0.7138,0.518,0.8114,0.8134,OURS
Train3Val_ProteinGym,mean,dna_prot_spliceai,nt_v2_500m,esmc_600m,Hybrid_Gating_XGBoost,0.7615,0.7536,0.7098,0.805,0.731,0.518,0.8249,0.825,OURS
Train3Val_ProteinGym,cls,bio_core_dna_prot_spliceai,nt_v2_500m,esm2_650m,Pure_XGBoost_Concat,0.733,0.6458,0.9196,0.5762,0.7587,0.5179,0.879,0.8527,OURS
Train3Val_ProteinGym,mean,dna_prot_spliceai,nt_v1_500m,esmc_600m,PyTorch_Concat,0.7609,0.7857,0.6548,0.85,0.7143,0.5179,0.8032,0.8108,OURS
Train3Val_ProteinGym,cls,dna_prot,nt_v3_650m,esm1v_650m,Hybrid_Gating_XGBoost,0.7595,0.7259,0.7604,0.7588,0.7427,0.5177,0.8319,0.7997,OURS
Train3Val_ProteinGym,cls,dna_prot,nt_v2_500m,esm1v_650m,PyTorch_CrossAttn,0.7609,0.7462,0.7217,0.7938,0.7337,0.5171,0.827,0.7851,OURS
Train3Val_ProteinGym,cls,geom_prot,nt_v2_500m,esm1b_650m,Hybrid_Concat_XGBoost,0.7418,0.6629,0.8839,0.6225,0.7577,0.5169,0.8509,0.8328,OURS
Train3Val_ProteinGym,cls,bio_core_dna_prot_spliceai,nt_v1_500m,esm1v_650m,Hybrid_Concat_XGBoost,0.7323,0.6451,0.9196,0.575,0.7583,0.5168,0.8782,0.8508,OURS
Train3Val_ProteinGym,cls,dna_prot,nt_v2_500m,esm1v_650m,PyTorch_Concat,0.7609,0.7703,0.6786,0.83,0.7215,0.5166,0.8352,0.7983,OURS
Train3Val_ProteinGym,mean,dna_prot,nt_v1_500m,esmc_600m,PyTorch_Transformer,0.7554,0.8333,0.5804,0.9025,0.6842,0.5165,0.792,0.8092,OURS
Train3Val_ProteinGym,cls,prot_spliceai,,esm1v_650m,PyTorch_Concat,0.7609,0.7658,0.686,0.8238,0.7237,0.5165,0.8428,0.8063,OURS
Train3Val_ProteinGym,cls,bio_core_dna_prot_spliceai,nt_v1_500m,esm2_650m,Hybrid_Transformer_XGBoost,0.7357,0.6513,0.9062,0.5925,0.7579,0.5161,0.8584,0.8218,OURS
Train3Val_ProteinGym,cls,dna_prot,nt_v2_500m,esm1v_650m,Hybrid_Concat_XGBoost,0.7582,0.7213,0.7664,0.7512,0.7431,0.5159,0.8327,0.7939,OURS
Train3Val_ProteinGym,cls,dna_prot,nt_v3_650m,esmc_600m,PyTorch_CrossAttn,0.7582,0.8062,0.619,0.875,0.7003,0.5158,0.8021,0.8017,OURS
Train3Val_ProteinGym,mean,bio_geom_prot,nt_v2_500m,esm1b_650m,Hybrid_Concat_XGBoost,0.7602,0.745,0.7217,0.7925,0.7332,0.5157,0.8349,0.8003,OURS
Train3Val_ProteinGym,cls,bio_dna_geom_prot,nt_v2_500m,esm1b_650m,Hybrid_Concat_XGBoost,0.7337,0.648,0.9122,0.5838,0.7577,0.5155,0.8705,0.8499,OURS
Train3Val_ProteinGym,cls,bio_core_dna_prot_spliceai,nt_v1_500m,esm1v_650m,Hybrid_Transformer_XGBoost,0.7337,0.648,0.9122,0.5838,0.7577,0.5155,0.8727,0.8411,OURS
Train3Val_ProteinGym,cls,dna_prot,nt_v2_500m,esm1v_650m,PyTorch_Gating,0.7602,0.7726,0.6726,0.8338,0.7192,0.5154,0.8333,0.8007,OURS
Train3Val_ProteinGym,cls,dna_prot_spliceai,nt_v2_500m,esm1v_650m,PyTorch_Gating,0.7602,0.7512,0.7098,0.8025,0.7299,0.5153,0.8392,0.8014,OURS
Train3Val_ProteinGym,mean,dna_prot_spliceai,nt_v3_650m,esmc_600m,Hybrid_CrossAttn_XGBoost,0.7602,0.7504,0.7113,0.8012,0.7303,0.5153,0.8262,0.8281,OURS
Train3Val_ProteinGym,mean,dna_prot_spliceai,nt_v1_500m,esmc_600m,PyTorch_Transformer,0.7582,0.8027,0.6235,0.8712,0.7018,0.5151,0.8009,0.8076,OURS
Train3Val_ProteinGym,mean,dna_prot,nt_v2_500m,esmc_600m,PyTorch_CrossAttn,0.7568,0.8153,0.6042,0.885,0.694,0.515,0.8046,0.8175,OURS
Train3Val_ProteinGym,cls,dna_prot_spliceai,nt_v1_500m,esm1v_650m,PyTorch_Gating,0.7602,0.7636,0.6875,0.8212,0.7236,0.515,0.8413,0.8093,OURS
Train3Val_ProteinGym,cls,bio_core_dna_prot,nt_v1_500m,esm1v_650m,Hybrid_Concat_XGBoost,0.731,0.6438,0.9196,0.5725,0.7574,0.5147,0.8808,0.8562,OURS
Train3Val_ProteinGym,cls,dna_prot_spliceai,nt_v1_500m,esm1v_650m,PyTorch_CrossAttn,0.7588,0.7334,0.7411,0.7738,0.7372,0.5144,0.8261,0.7927,OURS
Train3Val_ProteinGym,mean,dna_prot_spliceai,nt_v3_650m,esm2_650m,PyTorch_Gating,0.7595,0.7454,0.7188,0.7938,0.7318,0.5142,0.8405,0.8125,OURS
Train3Val_ProteinGym,cls,dna_prot_spliceai,nt_v3_650m,esm1v_650m,Hybrid_Gating_XGBoost,0.7582,0.7283,0.75,0.765,0.739,0.514,0.8325,0.7959,OURS
Train3Val_ProteinGym,cls,bio_core_dna_prot_spliceai,nt_v3_650m,esm2_650m,PyTorch_Gating,0.7364,0.6537,0.8988,0.6,0.7569,0.514,0.8608,0.8321,OURS
Train3Val_ProteinGym,mean,dna_prot,nt_v3_650m,esmc_600m,PyTorch_Gating,0.7595,0.7668,0.6801,0.8262,0.7208,0.5138,0.83,0.8271,OURS
Train3Val_ProteinGym,mean,dna_prot,nt_v1_500m,esmc_600m,Hybrid_Transformer_XGBoost,0.7595,0.7548,0.7009,0.8088,0.7269,0.5137,0.819,0.8258,OURS
Train3Val_ProteinGym,cls,bio_core_dna_prot_spliceai,nt_v3_650m,esm2_650m,Hybrid_CrossAttn_XGBoost,0.7351,0.6513,0.9033,0.5938,0.7569,0.5137,0.8601,0.82,OURS
Train3Val_ProteinGym,center,bio_core_dna_spliceai,nt_v3_650m,,Pure_XGBoost_Concat,0.7249,0.6347,0.936,0.5475,0.7565,0.5135,0.8734,0.8445,OURS
Train3Val_ProteinGym,cls,prot_spliceai,,esmc_600m,Hybrid_Concat_XGBoost,0.7588,0.7427,0.7217,0.79,0.7321,0.5131,0.8177,0.8111,OURS
Train3Val_ProteinGym,mean,dna_prot,nt_v1_500m,esm2_650m,PyTorch_Gating,0.7588,0.7682,0.6756,0.8288,0.7189,0.5125,0.8223,0.7954,OURS
Train3Val_ProteinGym,cls,dna_prot_spliceai,nt_v1_500m,esm1v_650m,Hybrid_CrossAttn_XGBoost,0.7575,0.7286,0.747,0.7662,0.7377,0.5124,0.8322,0.7915,OURS
Train3Val_ProteinGym,cls,bio_core_dna_prot_spliceai,nt_v1_500m,esm2_650m,Hybrid_CrossAttn_XGBoost,0.7351,0.6519,0.9003,0.5962,0.7562,0.5124,0.8594,0.8259,OURS
Train3Val_ProteinGym,mean,dna_prot_spliceai,nt_v2_500m,esmc_600m,Hybrid_CrossAttn_XGBoost,0.7588,0.7528,0.7024,0.8062,0.7267,0.5124,0.8282,0.8258,OURS
Train3Val_ProteinGym,mean,dna_prot,nt_v3_650m,esm2_650m,Hybrid_Gating_XGBoost,0.7588,0.7577,0.6935,0.8138,0.7242,0.5123,0.8205,0.7856,OURS
Train3Val_ProteinGym,mean,dna_prot,nt_v2_500m,esm2_650m,PyTorch_Concat,0.7588,0.7569,0.6949,0.8125,0.7246,0.5123,0.8308,0.806,OURS
Train3Val_ProteinGym,cls,dna_prot_spliceai,nt_v1_500m,esm1v_650m,PyTorch_Concat,0.7582,0.7394,0.7262,0.785,0.7327,0.512,0.8379,0.8036,OURS
Train3Val_ProteinGym,mean,dna_prot_spliceai,nt_v2_500m,esm2_650m,PyTorch_CrossAttn,0.7582,0.7801,0.6548,0.845,0.712,0.512,0.84,0.8055,OURS
Train3Val_ProteinGym,cls,dna_prot_spliceai,nt_v1_500m,esm1v_650m,Hybrid_Concat_XGBoost,0.7561,0.7189,0.7649,0.7488,0.7412,0.5119,0.8329,0.8,OURS
Train3Val_ProteinGym,cls,dna_prot,nt_v1_500m,esm1v_650m,Hybrid_CrossAttn_XGBoost,0.7575,0.7313,0.7411,0.7712,0.7361,0.5118,0.8312,0.7956,OURS
Train3Val_ProteinGym,cls,dna_prot_spliceai,nt_v1_500m,esmc_600m,Pure_XGBoost_Concat,0.7582,0.7416,0.7217,0.7887,0.7315,0.5117,0.8292,0.8242,OURS
Train3Val_ProteinGym,cls,dna_prot_spliceai,nt_v2_500m,esm1v_650m,Pure_XGBoost_Concat,0.7548,0.711,0.7798,0.7338,0.7438,0.5116,0.8343,0.8005,OURS
Train3Val_ProteinGym,mean,dna_prot,nt_v3_650m,esmc_600m,Hybrid_Gating_XGBoost,0.7582,0.7461,0.7128,0.7962,0.7291,0.5113,0.826,0.8257,OURS
Train3Val_ProteinGym,cls,dna_prot,nt_v3_650m,esm1v_650m,Hybrid_Transformer_XGBoost,0.7568,0.7269,0.7485,0.7638,0.7375,0.5112,0.8368,0.8048,OURS
Train3Val_ProteinGym,mean,dna_prot,nt_v1_500m,esmc_600m,Hybrid_Gating_XGBoost,0.7582,0.7516,0.7024,0.805,0.7262,0.511,0.8101,0.8194,OURS
Train3Val_ProteinGym,cls,dna_prot_spliceai,nt_v1_500m,esm1v_650m,PyTorch_Transformer,0.7582,0.7508,0.7039,0.8038,0.7266,0.511,0.8289,0.7938,OURS
Train3Val_ProteinGym,cls,dna_prot,nt_v3_650m,esm1v_650m,PyTorch_Transformer,0.7582,0.7599,0.6875,0.8175,0.7219,0.5109,0.8421,0.8106,OURS
Train3Val_ProteinGym,mean,dna_prot_spliceai,nt_v2_500m,esm2_650m,PyTorch_Concat,0.7582,0.7607,0.686,0.8188,0.7214,0.5109,0.8402,0.8145,OURS
Train3Val_ProteinGym,mean,dna_prot_spliceai,nt_v1_500m,esmc_600m,PyTorch_Gating,0.7575,0.7807,0.6518,0.8462,0.7105,0.5108,0.8004,0.813,OURS
Train3Val_ProteinGym,cls,dna_prot_spliceai,nt_v1_500m,esm1v_650m,Pure_XGBoost_Concat,0.7541,0.7095,0.7812,0.7312,0.7436,0.5106,0.8301,0.7943,OURS
Train3Val_ProteinGym,mean,dna_prot,nt_v1_500m,esm2_650m,PyTorch_CrossAttn,0.7568,0.735,0.7307,0.7788,0.7328,0.5097,0.8284,0.7974,OURS
Train3Val_ProteinGym,cls,dna_prot,nt_v2_500m,esm1v_650m,Hybrid_Gating_XGBoost,0.7554,0.721,0.7574,0.7538,0.7388,0.5097,0.8345,0.7965,OURS
Train3Val_ProteinGym,mean,dna_prot_spliceai,nt_v3_650m,esm2_650m,Hybrid_CrossAttn_XGBoost,0.7575,0.752,0.6994,0.8062,0.7247,0.5096,0.817,0.7888,OURS
Train3Val_ProteinGym,mean,dna_prot,nt_v2_500m,esm2_650m,PyTorch_CrossAttn,0.7554,0.7943,0.6265,0.8638,0.7005,0.5087,0.8306,0.802,OURS
Train3Val_ProteinGym,cls,bio_core_dna_prot_spliceai,nt_v1_500m,esm2_650m,Hybrid_Concat_XGBoost,0.7289,0.6429,0.9137,0.5738,0.7548,0.5086,0.8592,0.8222,OURS
Train3Val_ProteinGym,cls,prot_spliceai,,esmc_600m,Pure_XGBoost_Concat,0.7561,0.7368,0.7247,0.7825,0.7307,0.5079,0.8382,0.8289,OURS
Train3Val_ProteinGym,mean,bio_core_dna_spliceai,nt_v3_650m,,Pure_XGBoost_Concat,0.7228,0.6339,0.9301,0.5488,0.7539,0.5071,0.8664,0.8327,OURS
Train3Val_ProteinGym,cls,dna_prot_spliceai,nt_v2_500m,esm1v_650m,Hybrid_Gating_XGBoost,0.7548,0.7257,0.744,0.7638,0.7348,0.5069,0.8264,0.7963,OURS
Train3Val_ProteinGym,mean,dna_prot_spliceai,nt_v3_650m,esmc_600m,Hybrid_Transformer_XGBoost,0.7554,0.743,0.7098,0.7938,0.726,0.5058,0.8267,0.8224,OURS
Train3Val_ProteinGym,cls,dna_prot,nt_v3_650m,esm1v_650m,Hybrid_Concat_XGBoost,0.7534,0.7185,0.756,0.7512,0.7368,0.5057,0.8303,0.792,OURS
Train3Val_ProteinGym,mean,dna_geom,nt_v2_500m,esm1b_650m,PyTorch_Concat,0.7534,0.7943,0.6205,0.865,0.6967,0.5049,0.8246,0.814,OURS
Train3Val_ProteinGym,cls,dna_prot,nt_v1_500m,esm1v_650m,Hybrid_Gating_XGBoost,0.7527,0.7163,0.7589,0.7475,0.737,0.5048,0.831,0.7963,OURS
Train3Val_ProteinGym,cls,bio_core_dna_prot_spliceai,nt_v2_500m,esm2_650m,Hybrid_Gating_XGBoost,0.7283,0.6435,0.9077,0.5775,0.7531,0.5048,0.8551,0.8262,OURS
Train3Val_ProteinGym,cls,dna_prot_spliceai,nt_v1_500m,esmc_600m,PyTorch_CrossAttn,0.7534,0.7921,0.6235,0.8625,0.6978,0.5045,0.7818,0.7908,OURS
Train3Val_ProteinGym,mean,dna_prot_spliceai,nt_v3_650m,esm2_650m,Pure_XGBoost_Concat,0.7541,0.7313,0.7292,0.775,0.7303,0.5043,0.8294,0.7921,OURS
Train3Val_ProteinGym,mean,dna_prot,nt_v1_500m,esm2_650m,PyTorch_Concat,0.7548,0.7545,0.686,0.8125,0.7186,0.5039,0.8247,0.7994,OURS
Train3Val_ProteinGym,cls,dna_prot,nt_v3_650m,esm1v_650m,Pure_XGBoost_Concat,0.7507,0.7075,0.7738,0.7312,0.7392,0.5031,0.8345,0.804,OURS
Train3Val_ProteinGym,mean,dna_prot,nt_v2_500m,esm2_650m,Hybrid_Gating_XGBoost,0.7541,0.7437,0.7039,0.7962,0.7232,0.5029,0.8197,0.7865,OURS
Train3Val_ProteinGym,cls,dna_prot_spliceai,nt_v3_650m,esmc_600m,Hybrid_Concat_XGBoost,0.7541,0.746,0.6994,0.8,0.722,0.5028,0.8124,0.8084,OURS
Train3Val_ProteinGym,center,dna_prot,nt_v1_500m,esm2_650m,Hybrid_Gating_XGBoost,0.7541,0.7476,0.6964,0.8025,0.7211,0.5027,0.8296,0.8209,OURS
Train3Val_ProteinGym,mean,dna_prot_spliceai,nt_v3_650m,esmc_600m,Hybrid_Gating_XGBoost,0.7541,0.7476,0.6964,0.8025,0.7211,0.5027,0.8168,0.8214,OURS
Train3Val_ProteinGym,cls,dna_prot_spliceai,nt_v2_500m,esm1v_650m,PyTorch_Transformer,0.7534,0.7725,0.6518,0.8388,0.707,0.5021,0.8385,0.802,OURS
Train3Val_ProteinGym,cls,dna_prot,nt_v2_500m,esm1v_650m,Pure_XGBoost_Concat,0.75,0.7065,0.7738,0.73,0.7386,0.5019,0.8365,0.8004,OURS
Train3Val_ProteinGym,cls,dna_prot_spliceai,nt_v2_500m,esmc_600m,Hybrid_Concat_XGBoost,0.7534,0.7456,0.6979,0.8,0.721,0.5014,0.7961,0.7996,OURS
Train3Val_ProteinGym,mean,dna_prot_spliceai,nt_v1_500m,esmc_600m,Hybrid_CrossAttn_XGBoost,0.7534,0.7472,0.6949,0.8025,0.7201,0.5013,0.8222,0.8219,OURS
Train3Val_ProteinGym,mean,dna_prot,nt_v1_500m,esm2_650m,PyTorch_Transformer,0.7527,0.775,0.6458,0.8425,0.7045,0.501,0.8181,0.7889,OURS
Train3Val_ProteinGym,cls,dna_prot,nt_v3_650m,esmc_600m,Hybrid_CrossAttn_XGBoost,0.7527,0.7452,0.6964,0.8,0.72,0.5,0.81,0.8027,OURS
Train3Val_ProteinGym,mean,dna_prot,nt_v3_650m,esm2_650m,Hybrid_CrossAttn_XGBoost,0.7527,0.7533,0.6815,0.8125,0.7156,0.4998,0.8158,0.7881,OURS
Train3Val_ProteinGym,cls,dna_prot,nt_v1_500m,esmc_600m,PyTorch_Concat,0.7486,0.812,0.5848,0.8862,0.6799,0.4995,0.7718,0.784,OURS
Train3Val_ProteinGym,mean,dna_prot_spliceai,nt_v1_500m,esmc_600m,Hybrid_Concat_XGBoost,0.752,0.7425,0.6994,0.7962,0.7203,0.4987,0.8277,0.8299,OURS
Train3Val_ProteinGym,mean,dna_prot,nt_v3_650m,esm2_650m,Hybrid_Concat_XGBoost,0.7514,0.7347,0.7128,0.7837,0.7236,0.4979,0.8278,0.7946,OURS
Train3Val_ProteinGym,cls,dna_prot_spliceai,nt_v2_500m,esm1v_650m,PyTorch_Concat,0.7514,0.7675,0.6533,0.8338,0.7058,0.4977,0.8346,0.7969,OURS
Train3Val_ProteinGym,cls,dna_prot_spliceai,nt_v1_500m,esmc_600m,PyTorch_Concat,0.7459,0.8253,0.5625,0.9,0.669,0.4976,0.7746,0.787,OURS
Train3Val_ProteinGym,cls,dna_prot_spliceai,nt_v3_650m,esm1v_650m,PyTorch_CrossAttn,0.7514,0.7602,0.6652,0.8238,0.7095,0.4972,0.8369,0.7992,OURS
Train3Val_ProteinGym,mean,dna_prot_spliceai,nt_v1_500m,esmc_600m,Hybrid_Transformer_XGBoost,0.7514,0.7436,0.6949,0.7988,0.7185,0.4972,0.814,0.8158,OURS
Train3Val_ProteinGym,mean,dna_prot,nt_v3_650m,esm2_650m,Hybrid_Transformer_XGBoost,0.7514,0.7468,0.689,0.8038,0.7167,0.4971,0.8149,0.7804,OURS
Train3Val_ProteinGym,center,bio_dna,nt_v1_500m,,PyTorch_Concat,0.7228,0.6378,0.9092,0.5662,0.7497,0.4968,0.814,0.7378,OURS
Train3Val_ProteinGym,center,bio_dna,nt_v1_500m,,PyTorch_Concat,0.7228,0.6378,0.9092,0.5662,0.7497,0.4968,0.814,0.7378,OURS
Train3Val_ProteinGym,center,bio_dna,nt_v1_500m,,PyTorch_Concat,0.7228,0.6378,0.9092,0.5662,0.7497,0.4968,0.814,0.7378,OURS
Train3Val_ProteinGym,cls,dna_prot_spliceai,nt_v3_650m,esm2_650m,PyTorch_Concat,0.7507,0.768,0.6503,0.835,0.7043,0.4964,0.8052,0.7846,OURS
Train3Val_ProteinGym,cls,dna_prot_spliceai,nt_v1_500m,esmc_600m,PyTorch_Transformer,0.7473,0.8086,0.5848,0.8838,0.6788,0.4963,0.7856,0.7898,OURS
Train3Val_ProteinGym,mean,dna_prot_spliceai,nt_v2_500m,esm2_650m,Pure_XGBoost_Concat,0.75,0.7255,0.7277,0.7688,0.7266,0.4963,0.8214,0.7912,OURS
Train3Val_ProteinGym,cls,dna_prot_spliceai,nt_v3_650m,esmc_600m,Hybrid_CrossAttn_XGBoost,0.7507,0.7432,0.6935,0.7988,0.7175,0.4958,0.7996,0.7998,OURS
Train3Val_ProteinGym,mean,dna_prot_spliceai,nt_v1_500m,esm2_650m,PyTorch_CrossAttn,0.7507,0.7456,0.689,0.8025,0.7162,0.4957,0.8159,0.7894,OURS
Train3Val_ProteinGym,mean,dna_prot_spliceai,nt_v3_650m,esm2_650m,Hybrid_Concat_XGBoost,0.7507,0.7496,0.6815,0.8088,0.714,0.4956,0.8171,0.792,OURS
Train3Val_ProteinGym,cls,bio_core_dna_spliceai,nt_v3_650m,,Pure_XGBoost_Concat,0.7188,0.6319,0.9196,0.55,0.7491,0.4954,0.85,0.8206,OURS
Train3Val_ProteinGym,cls,dna_prot,nt_v1_500m,esmc_600m,Pure_XGBoost_Concat,0.75,0.7324,0.7128,0.7812,0.7225,0.4953,0.8255,0.8186,OURS
Train3Val_ProteinGym,cls,dna_prot,nt_v3_650m,esmc_600m,Hybrid_Concat_XGBoost,0.75,0.7331,0.7113,0.7825,0.7221,0.4952,0.8153,0.8143,OURS
Train3Val_ProteinGym,cls,dna_prot,nt_v1_500m,esm1v_650m,Pure_XGBoost_Concat,0.7452,0.6962,0.7842,0.7125,0.7376,0.495,0.8287,0.7918,OURS
Train3Val_ProteinGym,cls,bio_core_dna_prot_spliceai,nt_v2_500m,esm2_650m,PyTorch_Concat,0.7249,0.6422,0.8973,0.58,0.7486,0.4947,0.8494,0.8053,OURS
Train3Val_ProteinGym,mean,bio_core_dna_spliceai,nt_v2_500m,,Pure_XGBoost_Concat,0.7154,0.6271,0.9286,0.5362,0.7487,0.4947,0.8558,0.8217,OURS
Train3Val_ProteinGym,mean,dna_prot,nt_v1_500m,esmc_600m,Hybrid_CrossAttn_XGBoost,0.75,0.739,0.6994,0.7925,0.7187,0.4946,0.8259,0.8233,OURS
Train3Val_ProteinGym,cls,dna_prot,nt_v1_500m,esmc_600m,PyTorch_Gating,0.7466,0.8057,0.5863,0.8812,0.6787,0.4945,0.7783,0.7872,OURS
Train3Val_ProteinGym,cls,dna_prot,nt_v1_500m,esmc_600m,PyTorch_Transformer,0.7473,0.7941,0.6027,0.8688,0.6853,0.4935,0.7847,0.7875,OURS
Train3Val_ProteinGym,mean,dna_prot_spliceai,nt_v2_500m,esm2_650m,Hybrid_CrossAttn_XGBoost,0.7493,0.7512,0.6741,0.8125,0.7106,0.4929,0.8037,0.7842,OURS
Train3Val_ProteinGym,cls,dna_prot,nt_v3_650m,esm2_650m,PyTorch_CrossAttn,0.7486,0.7706,0.6399,0.84,0.6992,0.4927,0.8035,0.7892,OURS
Train3Val_ProteinGym,mean,bio_dna_geom_prot,nt_v2_500m,esm1b_650m,Hybrid_Concat_XGBoost,0.712,0.623,0.9345,0.525,0.7476,0.4927,0.8753,0.8388,OURS
Train3Val_ProteinGym,cls,dna_prot_spliceai,nt_v3_650m,esm1v_650m,PyTorch_Transformer,0.7452,0.8062,0.5818,0.8825,0.6759,0.4921,0.8488,0.8127,OURS
Train3Val_ProteinGym,cls,dna_prot_spliceai,nt_v3_650m,esm2_650m,PyTorch_CrossAttn,0.748,0.7751,0.631,0.8462,0.6957,0.4919,0.8048,0.7815,OURS
Train3Val_ProteinGym,mean,dna_prot,nt_v2_500m,esm2_650m,Hybrid_Transformer_XGBoost,0.7486,0.7382,0.6964,0.7925,0.7167,0.4918,0.8203,0.783,OURS
Train3Val_ProteinGym,center,bio_dna_geom,nt_v1_500m,esmc_600m,PyTorch_Concat,0.7201,0.6354,0.9077,0.5625,0.7475,0.4918,0.8462,0.8196,OURS
Train3Val_ProteinGym,cls,dna_prot_spliceai,nt_v2_500m,esmc_600m,PyTorch_Concat,0.7459,0.798,0.5938,0.8738,0.6809,0.4917,0.7819,0.7883,OURS
Train3Val_ProteinGym,mean,dna_prot_spliceai,nt_v1_500m,esm2_650m,PyTorch_Transformer,0.7486,0.7517,0.6711,0.8138,0.7091,0.4915,0.823,0.7927,OURS
Train3Val_ProteinGym,cls,bio_dna,nt_v2_500m,,PyTorch_Concat,0.716,0.6293,0.9196,0.545,0.7473,0.4911,0.8043,0.7198,OURS
Train3Val_ProteinGym,cls,bio_dna_geom,nt_v2_500m,esm1b_650m,Hybrid_Concat_XGBoost,0.7201,0.6357,0.9062,0.5638,0.7472,0.4911,0.8468,0.8126,OURS
Train3Val_ProteinGym,cls,bio_dna,nt_v2_500m,,PyTorch_Concat,0.716,0.6293,0.9196,0.545,0.7473,0.4911,0.8043,0.7198,OURS
Train3Val_ProteinGym,cls,bio_dna,nt_v2_500m,,PyTorch_Concat,0.716,0.6293,0.9196,0.545,0.7473,0.4911,0.8043,0.7198,OURS
Train3Val_ProteinGym,mean,dna_prot_spliceai,nt_v2_500m,esm2_650m,Hybrid_Concat_XGBoost,0.748,0.7348,0.7009,0.7875,0.7174,0.4906,0.8191,0.7827,OURS
Train3Val_ProteinGym,cls,dna_prot,nt_v3_650m,esm2_650m,PyTorch_Gating,0.748,0.7608,0.6533,0.8275,0.703,0.4905,0.8115,0.7895,OURS
Train3Val_ProteinGym,mean,dna_prot_spliceai,nt_v2_500m,esm2_650m,Hybrid_Transformer_XGBoost,0.748,0.74,0.6905,0.7962,0.7144,0.4903,0.8208,0.7898,OURS
Train3Val_ProteinGym,cls,dna_prot_spliceai,nt_v2_500m,esmc_600m,PyTorch_CrossAttn,0.7412,0.827,0.5476,0.9038,0.6589,0.4895,0.7793,0.7875,OURS
Train3Val_ProteinGym,cls,dna_prot,nt_v2_500m,esmc_600m,Pure_XGBoost_Concat,0.7466,0.7221,0.7232,0.7662,0.7227,0.4894,0.83,0.8212,OURS
Train3Val_ProteinGym,mean,dna_prot_spliceai,nt_v1_500m,esm2_650m,Pure_XGBoost_Concat,0.7466,0.7269,0.7128,0.775,0.7198,0.4886,0.821,0.7905,OURS
Train3Val_ProteinGym,mean,dna_prot_spliceai,nt_v1_500m,esmc_600m,Hybrid_Gating_XGBoost,0.7466,0.7369,0.692,0.7925,0.7137,0.4876,0.8041,0.8159,OURS
Train3Val_ProteinGym,cls,dna_prot,nt_v3_650m,esmc_600m,Pure_XGBoost_Concat,0.7452,0.722,0.7188,0.7675,0.7204,0.4864,0.8297,0.82,OURS
Train3Val_ProteinGym,cls,bio_core_dna_prot_spliceai,nt_v2_500m,esm2_650m,PyTorch_Gating,0.7188,0.6355,0.9003,0.5662,0.7451,0.4862,0.8402,0.7942,OURS
Train3Val_ProteinGym,mean,dna_prot,nt_v2_500m,esm2_650m,Pure_XGBoost_Concat,0.7446,0.7189,0.7232,0.7625,0.7211,0.4855,0.8196,0.788,OURS
Train3Val_ProteinGym,cls,dna_prot_spliceai,nt_v3_650m,esm2_650m,PyTorch_Gating,0.7452,0.7496,0.6637,0.8138,0.704,0.4846,0.8081,0.7864,OURS
Train3Val_ProteinGym,cls,dna_prot,nt_v2_500m,esmc_600m,PyTorch_Concat,0.7425,0.7924,0.5908,0.87,0.6769,0.4844,0.781,0.7876,OURS
Train3Val_ProteinGym,cls,dna_prot_spliceai,nt_v2_500m,esmc_600m,Pure_XGBoost_Concat,0.7446,0.7256,0.7083,0.775,0.7169,0.4844,0.8257,0.8206,OURS
Train3Val_ProteinGym,cls,dna_prot_spliceai,nt_v2_500m,esm1v_650m,Hybrid_Transformer_XGBoost,0.7432,0.7124,0.7336,0.7512,0.7229,0.4839,0.837,0.8028,OURS
Train3Val_ProteinGym,cls,dna_prot,nt_v1_500m,esmc_600m,PyTorch_CrossAttn,0.7425,0.789,0.5952,0.8662,0.6785,0.4838,0.774,0.7829,OURS
Train3Val_ProteinGym,mean,dna_prot,nt_v1_500m,esm2_650m,Pure_XGBoost_Concat,0.7439,0.7198,0.7188,0.765,0.7193,0.4838,0.8183,0.7871,OURS
Train3Val_ProteinGym,cls,dna_prot_spliceai,nt_v2_500m,esmc_600m,PyTorch_Gating,0.7446,0.7578,0.6473,0.8262,0.6982,0.4836,0.7812,0.7892,OURS
Train3Val_ProteinGym,mean,dna_prot_spliceai,nt_v1_500m,esm2_650m,Hybrid_Concat_XGBoost,0.7446,0.7334,0.692,0.7887,0.7121,0.4836,0.8094,0.785,OURS
Train3Val_ProteinGym,cls,dna_prot_spliceai,nt_v2_500m,esmc_600m,Hybrid_CrossAttn_XGBoost,0.7446,0.7387,0.6815,0.7975,0.709,0.4833,0.7965,0.7981,OURS
Train3Val_ProteinGym,cls,dna_prot_spliceai,nt_v3_650m,esmc_600m,Hybrid_Gating_XGBoost,0.7446,0.745,0.6696,0.8075,0.7053,0.4832,0.7958,0.7983,OURS
Train3Val_ProteinGym,mean,dna_prot_spliceai,nt_v3_650m,esm2_650m,Hybrid_Gating_XGBoost,0.7446,0.7403,0.6786,0.8,0.7081,0.4832,0.811,0.7826,OURS
Train3Val_ProteinGym,cls,bio_core_dna_spliceai,nt_v2_500m,,Pure_XGBoost_Concat,0.7133,0.6281,0.9122,0.5462,0.7439,0.4831,0.8519,0.8261,OURS
Train3Val_ProteinGym,center,bio_core_spliceai,,,Pure_XGBoost_Concat,0.7113,0.6251,0.9182,0.5375,0.7438,0.4829,0.8598,0.8351,OURS
Train3Val_ProteinGym,mean,bio_core_dna_spliceai,nt_v2_500m,,Hybrid_Concat_XGBoost,0.7113,0.6251,0.9182,0.5375,0.7438,0.4829,0.8266,0.7718,OURS
Train3Val_ProteinGym,cls,dna_prot,nt_v2_500m,esmc_600m,PyTorch_Transformer,0.7385,0.8182,0.5491,0.8975,0.6572,0.4826,0.7844,0.7904,OURS
Train3Val_ProteinGym,mean,bio_core_dna_spliceai,nt_v3_650m,,PyTorch_Concat,0.7201,0.6395,0.8869,0.58,0.7431,0.4826,0.8332,0.7843,OURS
Train3Val_ProteinGym,mean,dna_prot_spliceai,nt_v3_650m,esm2_650m,Hybrid_Transformer_XGBoost,0.7439,0.7308,0.6949,0.785,0.7124,0.4823,0.815,0.7906,OURS
Train3Val_ProteinGym,cls,bio_core_dna_spliceai,nt_v1_500m,,Hybrid_Concat_XGBoost,0.7106,0.6245,0.9182,0.5362,0.7434,0.4818,0.8186,0.754,OURS
Train3Val_ProteinGym,mean,prot_spliceai,,esm2_650m,Pure_XGBoost_Concat,0.7425,0.717,0.7202,0.7612,0.7186,0.4813,0.8272,0.7962,OURS
Train3Val_ProteinGym,mean,dna_prot,nt_v2_500m,esm2_650m,Hybrid_CrossAttn_XGBoost,0.7432,0.7297,0.6949,0.7837,0.7119,0.481,0.8063,0.7788,OURS
Train3Val_ProteinGym,cls,dna_prot_spliceai,nt_v1_500m,esmc_600m,PyTorch_Gating,0.7412,0.787,0.5938,0.865,0.6768,0.4809,0.7727,0.786,OURS
Train3Val_ProteinGym,cls,dna_prot,nt_v2_500m,esmc_600m,PyTorch_Gating,0.7398,0.7992,0.5744,0.8788,0.6684,0.4807,0.7816,0.7872,OURS
Train3Val_ProteinGym,mean,dna_prot,nt_v3_650m,esm2_650m,Pure_XGBoost_Concat,0.7425,0.721,0.7113,0.7688,0.7161,0.4806,0.8249,0.7965,OURS
Train3Val_ProteinGym,cls,bio_core_dna_spliceai,nt_v3_650m,,PyTorch_Concat,0.7113,0.6259,0.9137,0.5412,0.7429,0.4806,0.8274,0.7763,OURS
Train3Val_ProteinGym,cls,dna_prot,nt_v3_650m,esm2_650m,PyTorch_Concat,0.7425,0.7593,0.6384,0.83,0.6936,0.4797,0.8063,0.787,OURS
Train3Val_ProteinGym,cls,dna_prot,nt_v3_650m,esmc_600m,Hybrid_Gating_XGBoost,0.7425,0.7329,0.686,0.79,0.7087,0.4793,0.7959,0.7947,OURS
Train3Val_ProteinGym,cls,dna_prot_spliceai,nt_v2_500m,esmc_600m,PyTorch_Transformer,0.7405,0.7854,0.5938,0.8638,0.6763,0.4793,0.7801,0.7826,OURS
Train3Val_ProteinGym,cls,bio_core_dna_spliceai,nt_v3_650m,,Hybrid_Concat_XGBoost,0.7099,0.6244,0.9152,0.5375,0.7423,0.4792,0.8313,0.7758,OURS
Train3Val_ProteinGym,mean,bio_core_dna_spliceai,nt_v3_650m,,Hybrid_Concat_XGBoost,0.7079,0.6215,0.9211,0.5288,0.7422,0.4791,0.8352,0.7862,OURS
Train3Val_ProteinGym,cls,dna_prot_spliceai,nt_v3_650m,esmc_600m,Pure_XGBoost_Concat,0.7412,0.7168,0.7158,0.7625,0.7163,0.4783,0.8271,0.8146,OURS
Train3Val_ProteinGym,cls,dna_prot_spliceai,nt_v1_500m,esm2_650m,PyTorch_Transformer,0.7412,0.768,0.6205,0.8425,0.6864,0.478,0.7827,0.7696,OURS
Train3Val_ProteinGym,cls,dna_prot,nt_v2_500m,esmc_600m,Hybrid_Concat_XGBoost,0.7418,0.7332,0.683,0.7912,0.7072,0.4779,0.8021,0.8091,OURS
Train3Val_ProteinGym,cls,dna_prot,nt_v3_650m,esm2_650m,PyTorch_Transformer,0.7412,0.7584,0.6354,0.83,0.6915,0.477,0.8112,0.7905,OURS
Train3Val_ProteinGym,cls,dna_prot,nt_v2_500m,esmc_600m,PyTorch_CrossAttn,0.7364,0.81,0.5521,0.8912,0.6566,0.477,0.7643,0.7756,OURS
Train3Val_ProteinGym,cls,dna_prot,nt_v1_500m,esm2_650m,PyTorch_Concat,0.7412,0.753,0.6443,0.8225,0.6945,0.4766,0.7997,0.7814,OURS
Train3Val_ProteinGym,mean,dna_prot,nt_v2_500m,esm2_650m,Hybrid_Concat_XGBoost,0.7412,0.7343,0.6786,0.7938,0.7053,0.4764,0.8154,0.7836,OURS
Train3Val_ProteinGym,center,bio_core_dna_spliceai,nt_v2_500m,,Pure_XGBoost_Concat,0.7052,0.6185,0.9241,0.5212,0.7411,0.4764,0.8494,0.8106,OURS
Train3Val_ProteinGym,cls,dna_prot_spliceai,nt_v1_500m,esmc_600m,Hybrid_Gating_XGBoost,0.7412,0.7358,0.6756,0.7962,0.7044,0.4763,0.7945,0.8017,OURS
Train3Val_ProteinGym,cls,dna_prot_spliceai,nt_v3_650m,esmc_600m,Hybrid_Transformer_XGBoost,0.7405,0.7238,0.6979,0.7762,0.7106,0.4758,0.7959,0.7993,OURS
Train3Val_ProteinGym,cls,dna_prot_spliceai,nt_v3_650m,esm2_650m,PyTorch_Transformer,0.7371,0.7975,0.5685,0.8788,0.6638,0.4754,0.8091,0.7944,OURS
Train3Val_ProteinGym,mean,dna_prot_spliceai,nt_v2_500m,esm2_650m,Hybrid_Gating_XGBoost,0.7405,0.7331,0.6786,0.7925,0.7048,0.475,0.8088,0.7785,OURS
Train3Val_ProteinGym,cls,dna_prot,nt_v3_650m,esmc_600m,Hybrid_Transformer_XGBoost,0.7398,0.7319,0.6786,0.7912,0.7042,0.4737,0.7987,0.8014,OURS
Train3Val_ProteinGym,center,bio_core_dna_spliceai,nt_v1_500m,,Pure_XGBoost_Concat,0.7072,0.6223,0.9122,0.535,0.7399,0.4734,0.8499,0.8059,OURS
Train3Val_ProteinGym,cls,bio_core_dna_spliceai,nt_v2_500m,,Hybrid_Concat_XGBoost,0.7072,0.6223,0.9122,0.535,0.7399,0.4734,0.8313,0.7809,OURS
Train3Val_ProteinGym,cls,bio_dna,nt_v2_500m,,Pure_XGBoost_Concat,0.7065,0.6215,0.9137,0.5325,0.7398,0.4731,0.8497,0.821,OURS
Train3Val_ProteinGym,cls,bio_dna,nt_v2_500m,,Pure_XGBoost_Concat,0.7065,0.6215,0.9137,0.5325,0.7398,0.4731,0.8497,0.821,OURS
Train3Val_ProteinGym,cls,bio_dna,nt_v2_500m,,Pure_XGBoost_Concat,0.7065,0.6215,0.9137,0.5325,0.7398,0.4731,0.8497,0.821,OURS
Train3Val_ProteinGym,center,bio_core_dna_spliceai,nt_v3_650m,,Hybrid_Concat_XGBoost,0.7038,0.6178,0.9211,0.5212,0.7395,0.4727,0.842,0.8057,OURS
Train3Val_ProteinGym,cls,dna_prot_spliceai,nt_v1_500m,esmc_600m,Hybrid_Transformer_XGBoost,0.7391,0.7315,0.6771,0.7912,0.7032,0.4723,0.7944,0.7981,OURS
Train3Val_ProteinGym,mean,bio_core_dna_spliceai,nt_v2_500m,,PyTorch_Concat,0.7086,0.6249,0.9048,0.5438,0.7392,0.472,0.8211,0.7678,OURS
Train3Val_ProteinGym,mean,bio_dna_geom_prot,nt_v2_500m,esm1b_650m,Hybrid_CrossAttn_XGBoost,0.7276,0.8501,0.4896,0.9275,0.6213,0.4719,0.8447,0.8224,OURS
Train3Val_ProteinGym,mean,bio_dna,nt_v2_500m,,PyTorch_Concat,0.7086,0.6251,0.9033,0.545,0.7389,0.4712,0.824,0.7579,OURS
Train3Val_ProteinGym,mean,bio_dna,nt_v2_500m,,PyTorch_Concat,0.7086,0.6251,0.9033,0.545,0.7389,0.4712,0.824,0.7579,OURS
Train3Val_ProteinGym,mean,bio_dna,nt_v2_500m,,PyTorch_Concat,0.7086,0.6251,0.9033,0.545,0.7389,0.4712,0.824,0.7579,OURS
Train3Val_ProteinGym,cls,dna_prot_spliceai,nt_v1_500m,esmc_600m,Hybrid_CrossAttn_XGBoost,0.7385,0.7267,0.6845,0.7837,0.705,0.4711,0.7938,0.7928,OURS
Train3Val_ProteinGym,cls,prot_spliceai,,esm2_650m,PyTorch_Concat,0.7385,0.7496,0.6414,0.82,0.6913,0.471,0.8131,0.7961,OURS
Train3Val_ProteinGym,cls,bio_core_dna_spliceai,nt_v1_500m,,PyTorch_Concat,0.7065,0.6222,0.9092,0.5362,0.7388,0.4709,0.8136,0.7611,OURS
Train3Val_ProteinGym,cls,dna_prot,nt_v2_500m,esmc_600m,Hybrid_Gating_XGBoost,0.7385,0.7412,0.6562,0.8075,0.6961,0.4707,0.7885,0.7951,OURS
Train3Val_ProteinGym,cls,dna_prot,nt_v1_500m,esmc_600m,Hybrid_Concat_XGBoost,0.7371,0.7202,0.6935,0.7738,0.7066,0.4689,0.8036,0.8013,OURS
Train3Val_ProteinGym,cls,dna_prot,nt_v1_500m,esmc_600m,Hybrid_Transformer_XGBoost,0.7371,0.7302,0.6726,0.7912,0.7002,0.4681,0.7941,0.801,OURS
Train3Val_ProteinGym,cls,bio,,,Pure_XGBoost_Concat,0.7045,0.6203,0.9092,0.5325,0.7375,0.4676,0.8563,0.829,OURS
Train3Val_ProteinGym,cls,bio,,,Pure_XGBoost_Concat,0.7045,0.6203,0.9092,0.5325,0.7375,0.4676,0.8563,0.829,OURS
Train3Val_ProteinGym,cls,bio,,,Pure_XGBoost_Concat,0.7045,0.6203,0.9092,0.5325,0.7375,0.4676,0.8563,0.829,OURS
Train3Val_ProteinGym,cls,dna_prot,nt_v2_500m,esmc_600m,Hybrid_CrossAttn_XGBoost,0.7364,0.7254,0.6801,0.7837,0.702,0.4669,0.7939,0.7981,OURS
Train3Val_ProteinGym,center,bio,,,Hybrid_Concat_XGBoost,0.7052,0.6217,0.9048,0.5375,0.737,0.4665,0.8465,0.8161,OURS
Train3Val_ProteinGym,center,bio,,,Hybrid_Concat_XGBoost,0.7052,0.6217,0.9048,0.5375,0.737,0.4665,0.8465,0.8161,OURS
Train3Val_ProteinGym,center,bio,,,Hybrid_Concat_XGBoost,0.7052,0.6217,0.9048,0.5375,0.737,0.4665,0.8465,0.8161,OURS
Train3Val_ProteinGym,center,bio_core_dna_spliceai,nt_v3_650m,,PyTorch_Concat,0.7092,0.6282,0.8899,0.5575,0.7365,0.4662,0.8355,0.8026,OURS
Train3Val_ProteinGym,mean,bio,,,Hybrid_Concat_XGBoost,0.7024,0.6179,0.9122,0.5262,0.7368,0.4659,0.8457,0.8252,OURS
Train3Val_ProteinGym,mean,bio,,,Hybrid_Concat_XGBoost,0.7024,0.6179,0.9122,0.5262,0.7368,0.4659,0.8457,0.8252,OURS
Train3Val_ProteinGym,mean,bio,,,Hybrid_Concat_XGBoost,0.7024,0.6179,0.9122,0.5262,0.7368,0.4659,0.8457,0.8252,OURS
Train3Val_ProteinGym,mean,dna_prot,nt_v1_500m,esm2_650m,Hybrid_Concat_XGBoost,0.7357,0.725,0.6786,0.7837,0.701,0.4655,0.8145,0.7786,OURS
Train3Val_ProteinGym,mean,dna_prot_spliceai,nt_v1_500m,esm2_650m,Hybrid_Gating_XGBoost,0.7357,0.7286,0.6711,0.79,0.6987,0.4653,0.8012,0.7765,OURS
Train3Val_ProteinGym,cls,dna_prot,nt_v1_500m,esmc_600m,Hybrid_CrossAttn_XGBoost,0.7357,0.7301,0.6682,0.7925,0.6977,0.4652,0.793,0.7985,OURS
Train3Val_ProteinGym,cls,dna_prot_spliceai,nt_v2_500m,esmc_600m,Hybrid_Transformer_XGBoost,0.7357,0.7316,0.6652,0.795,0.6968,0.4652,0.788,0.794,OURS
Train3Val_ProteinGym,center,bio_core_spliceai,,,Hybrid_Concat_XGBoost,0.7011,0.6165,0.9137,0.5225,0.7362,0.4645,0.8319,0.7998,OURS
Train3Val_ProteinGym,cls,dna_prot,nt_v1_500m,esm2_650m,PyTorch_Transformer,0.7303,0.8009,0.5446,0.8862,0.6484,0.4639,0.7867,0.7708,OURS
Train3Val_ProteinGym,mean,dna_prot,nt_v1_500m,esm2_650m,Hybrid_Gating_XGBoost,0.7351,0.735,0.6562,0.8012,0.6934,0.4638,0.7946,0.7708,OURS
Train3Val_ProteinGym,mean,prot_spliceai,,esm2_650m,Hybrid_Concat_XGBoost,0.7344,0.7172,0.6905,0.7712,0.7036,0.4634,0.8156,0.7857,OURS
Train3Val_ProteinGym,cls,dna_prot,nt_v3_650m,esm2_650m,Pure_XGBoost_Concat,0.7337,0.7102,0.7039,0.7588,0.707,0.463,0.7967,0.7718,OURS
Train3Val_ProteinGym,center,bio_dna,nt_v1_500m,,Pure_XGBoost_Concat,0.7011,0.6169,0.9107,0.525,0.7356,0.463,0.8555,0.824,OURS
Train3Val_ProteinGym,center,bio_dna,nt_v1_500m,,Pure_XGBoost_Concat,0.7011,0.6169,0.9107,0.525,0.7356,0.463,0.8555,0.824,OURS
Train3Val_ProteinGym,center,bio_dna,nt_v1_500m,,Pure_XGBoost_Concat,0.7011,0.6169,0.9107,0.525,0.7356,0.463,0.8555,0.824,OURS
Train3Val_ProteinGym,mean,bio_dna,nt_v2_500m,,Pure_XGBoost_Concat,0.699,0.6144,0.9152,0.5175,0.7352,0.462,0.8467,0.8047,OURS
Train3Val_ProteinGym,mean,bio_dna,nt_v2_500m,,Pure_XGBoost_Concat,0.699,0.6144,0.9152,0.5175,0.7352,0.462,0.8467,0.8047,OURS
Train3Val_ProteinGym,mean,bio_dna,nt_v2_500m,,Pure_XGBoost_Concat,0.699,0.6144,0.9152,0.5175,0.7352,0.462,0.8467,0.8047,OURS
Train3Val_ProteinGym,cls,dna_prot,nt_v1_500m,esm2_650m,PyTorch_Gating,0.7337,0.75,0.625,0.825,0.6818,0.4617,0.7879,0.7726,OURS
Train3Val_ProteinGym,cls,dna_prot_spliceai,nt_v1_500m,esmc_600m,Hybrid_Concat_XGBoost,0.7337,0.7201,0.6815,0.7775,0.7003,0.4616,0.7914,0.7985,OURS
Train3Val_ProteinGym,cls,dna_prot,nt_v1_500m,esmc_600m,Hybrid_Gating_XGBoost,0.7337,0.731,0.6592,0.7962,0.6933,0.461,0.8014,0.7977,OURS
Train3Val_ProteinGym,mean,bio,,,Pure_XGBoost_Concat,0.699,0.6148,0.9122,0.52,0.7346,0.4605,0.8559,0.8341,OURS
Train3Val_ProteinGym,mean,bio,,,Pure_XGBoost_Concat,0.699,0.6148,0.9122,0.52,0.7346,0.4605,0.8559,0.8341,OURS
Train3Val_ProteinGym,mean,bio,,,Pure_XGBoost_Concat,0.699,0.6148,0.9122,0.52,0.7346,0.4605,0.8559,0.8341,OURS
Train3Val_ProteinGym,center,bio,,,PyTorch_Concat,0.7004,0.6168,0.9077,0.5262,0.7345,0.4604,0.8479,0.8253,OURS
Train3Val_ProteinGym,center,bio,,,PyTorch_Concat,0.7004,0.6168,0.9077,0.5262,0.7345,0.4604,0.8479,0.8253,OURS
Train3Val_ProteinGym,center,bio,,,PyTorch_Concat,0.7004,0.6168,0.9077,0.5262,0.7345,0.4604,0.8479,0.8253,OURS
Train3Val_ProteinGym,cls,bio_core_dna_spliceai,nt_v1_500m,,Pure_XGBoost_Concat,0.7011,0.6179,0.9048,0.53,0.7343,0.46,0.8524,0.8193,OURS
Train3Val_ProteinGym,cls,bio_core_dna_spliceai,nt_v2_500m,,PyTorch_Concat,0.7011,0.6179,0.9048,0.53,0.7343,0.46,0.7949,0.7003,OURS
Train3Val_ProteinGym,mean,dna_prot,nt_v1_500m,esm2_650m,Hybrid_Transformer_XGBoost,0.733,0.7232,0.6726,0.7837,0.697,0.4599,0.8001,0.7768,OURS
Train3Val_ProteinGym,cls,dna_prot,nt_v2_500m,esmc_600m,Hybrid_Transformer_XGBoost,0.733,0.7345,0.6503,0.8025,0.6898,0.4596,0.7887,0.7924,OURS
Train3Val_ProteinGym,cls,dna_prot,nt_v1_500m,esm2_650m,PyTorch_CrossAttn,0.7323,0.75,0.6205,0.8262,0.6792,0.459,0.784,0.7709,OURS
Train3Val_ProteinGym,center,bio,,,Pure_XGBoost_Concat,0.699,0.6153,0.9092,0.5225,0.7339,0.459,0.856,0.8337,OURS
Train3Val_ProteinGym,center,bio,,,Pure_XGBoost_Concat,0.699,0.6153,0.9092,0.5225,0.7339,0.459,0.856,0.8337,OURS
Train3Val_ProteinGym,center,bio,,,Pure_XGBoost_Concat,0.699,0.6153,0.9092,0.5225,0.7339,0.459,0.856,0.8337,OURS
Train3Val_ProteinGym,center,bio_core_dna_spliceai,nt_v2_500m,,PyTorch_Concat,0.6909,0.6048,0.9315,0.4888,0.7335,0.4582,0.7964,0.726,OURS
Train3Val_ProteinGym,cls,prot_spliceai,,esm2_650m,Pure_XGBoost_Concat,0.731,0.706,0.7039,0.7538,0.7049,0.4577,0.8048,0.7795,OURS
Train3Val_ProteinGym,cls,dna_prot_spliceai,nt_v1_500m,esm2_650m,PyTorch_Gating,0.7317,0.7469,0.6235,0.8225,0.6796,0.4574,0.7855,0.7713,OURS
Train3Val_ProteinGym,mean,bio_core_dna_spliceai,nt_v1_500m,,Pure_XGBoost_Concat,0.697,0.613,0.9122,0.5162,0.7333,0.4573,0.8447,0.8111,OURS
Train3Val_ProteinGym,mean,bio,,,PyTorch_Concat,0.6984,0.6149,0.9077,0.5225,0.7332,0.4572,0.8469,0.8165,OURS
Train3Val_ProteinGym,mean,bio,,,PyTorch_Concat,0.6984,0.6149,0.9077,0.5225,0.7332,0.4572,0.8469,0.8165,OURS
Train3Val_ProteinGym,mean,bio,,,PyTorch_Concat,0.6984,0.6149,0.9077,0.5225,0.7332,0.4572,0.8469,0.8165,OURS
Train3Val_ProteinGym,cls,bio,,,Hybrid_Concat_XGBoost,0.697,0.6132,0.9107,0.5175,0.7329,0.4565,0.8422,0.8035,OURS
Train3Val_ProteinGym,cls,bio,,,Hybrid_Concat_XGBoost,0.697,0.6132,0.9107,0.5175,0.7329,0.4565,0.8422,0.8035,OURS
Train3Val_ProteinGym,cls,bio,,,Hybrid_Concat_XGBoost,0.697,0.6132,0.9107,0.5175,0.7329,0.4565,0.8422,0.8035,OURS
Train3Val_ProteinGym,center,bio_dna,nt_v1_500m,,Hybrid_Concat_XGBoost,0.6997,0.6171,0.9018,0.53,0.7328,0.4564,0.8384,0.8,OURS
Train3Val_ProteinGym,center,bio_dna,nt_v1_500m,,Hybrid_Concat_XGBoost,0.6997,0.6171,0.9018,0.53,0.7328,0.4564,0.8384,0.8,OURS
Train3Val_ProteinGym,center,bio_dna,nt_v1_500m,,Hybrid_Concat_XGBoost,0.6997,0.6171,0.9018,0.53,0.7328,0.4564,0.8384,0.8,OURS
Train3Val_ProteinGym,center,bio_core_spliceai,,,PyTorch_Concat,0.6977,0.6143,0.9077,0.5212,0.7327,0.4561,0.8437,0.8103,OURS
Train3Val_ProteinGym,mean,geom,nt_v2_500m,esm1b_650m,Hybrid_Concat_XGBoost,0.7235,0.6684,0.7827,0.6738,0.721,0.4559,0.7098,0.6267,OURS
Train3Val_ProteinGym,cls,dna_prot_spliceai,nt_v2_500m,esmc_600m,Hybrid_Gating_XGBoost,0.731,0.7315,0.6488,0.8,0.6877,0.4554,0.7843,0.7904,OURS
Train3Val_ProteinGym,mean,dna_prot,nt_v1_500m,esm2_650m,Hybrid_CrossAttn_XGBoost,0.7303,0.72,0.6696,0.7812,0.6939,0.4544,0.7998,0.7691,OURS
Train3Val_ProteinGym,cls,dna_prot_spliceai,nt_v1_500m,esm2_650m,PyTorch_Concat,0.7303,0.7273,0.6548,0.7938,0.6891,0.4541,0.7788,0.7749,OURS
Train3Val_ProteinGym,cls,dna_prot_spliceai,nt_v2_500m,esm2_650m,PyTorch_Concat,0.7296,0.7518,0.6086,0.8312,0.6727,0.4539,0.7827,0.7702,OURS
Train3Val_ProteinGym,mean,bio_core_dna_spliceai,nt_v1_500m,,Hybrid_Concat_XGBoost,0.6943,0.6106,0.9122,0.5112,0.7315,0.4529,0.8175,0.7597,OURS
Train3Val_ProteinGym,cls,bio,,,PyTorch_Concat,0.6929,0.6093,0.9122,0.5088,0.7306,0.4508,0.8462,0.8215,OURS
Train3Val_ProteinGym,cls,bio,,,PyTorch_Concat,0.6929,0.6093,0.9122,0.5088,0.7306,0.4508,0.8462,0.8215,OURS
Train3Val_ProteinGym,cls,bio,,,PyTorch_Concat,0.6929,0.6093,0.9122,0.5088,0.7306,0.4508,0.8462,0.8215,OURS
Train3Val_ProteinGym,mean,bio_dna,nt_v2_500m,,Hybrid_Concat_XGBoost,0.695,0.6123,0.9048,0.5188,0.7303,0.4502,0.8367,0.7928,OURS
Train3Val_ProteinGym,mean,bio_dna,nt_v2_500m,,Hybrid_Concat_XGBoost,0.695,0.6123,0.9048,0.5188,0.7303,0.4502,0.8367,0.7928,OURS
Train3Val_ProteinGym,mean,bio_dna,nt_v2_500m,,Hybrid_Concat_XGBoost,0.695,0.6123,0.9048,0.5188,0.7303,0.4502,0.8367,0.7928,OURS
Train3Val_ProteinGym,cls,bio_dna,nt_v2_500m,,Hybrid_Concat_XGBoost,0.6963,0.6147,0.8973,0.5275,0.7296,0.4488,0.8436,0.8183,OURS
Train3Val_ProteinGym,cls,bio_dna,nt_v2_500m,,Hybrid_Concat_XGBoost,0.6963,0.6147,0.8973,0.5275,0.7296,0.4488,0.8436,0.8183,OURS
Train3Val_ProteinGym,cls,bio_dna,nt_v2_500m,,Hybrid_Concat_XGBoost,0.6963,0.6147,0.8973,0.5275,0.7296,0.4488,0.8436,0.8183,OURS
Train3Val_ProteinGym,cls,dna_prot_spliceai,nt_v1_500m,esm2_650m,PyTorch_CrossAttn,0.7276,0.7308,0.6384,0.8025,0.6815,0.4485,0.7741,0.7643,OURS
Train3Val_ProteinGym,cls,prot_spliceai,,esm2_650m,Hybrid_Concat_XGBoost,0.7269,0.7177,0.6622,0.7812,0.6889,0.4474,0.791,0.7626,OURS
Train3Val_ProteinGym,center,bio_core_dna_spliceai,nt_v2_500m,,Hybrid_Concat_XGBoost,0.6861,0.6015,0.9256,0.485,0.7292,0.4473,0.8187,0.7568,OURS
Train3Val_ProteinGym,mean,dna_prot_spliceai,nt_v1_500m,esm2_650m,Hybrid_Transformer_XGBoost,0.7269,0.7258,0.6458,0.795,0.6835,0.4471,0.7948,0.7698,OURS
Train3Val_ProteinGym,cls,dna_prot,nt_v1_500m,esm2_650m,Pure_XGBoost_Concat,0.7249,0.6984,0.6994,0.7462,0.6989,0.4456,0.7958,0.7753,OURS
Train3Val_ProteinGym,cls,dna_prot_spliceai,nt_v2_500m,esm2_650m,PyTorch_CrossAttn,0.7228,0.7785,0.5491,0.8688,0.644,0.4455,0.7641,0.7433,OURS
Train3Val_ProteinGym,cls,dna_prot_spliceai,nt_v3_650m,esm2_650m,Hybrid_Concat_XGBoost,0.7249,0.7076,0.6771,0.765,0.692,0.444,0.7883,0.7611,OURS
Train3Val_ProteinGym,cls,dna_prot,nt_v2_500m,esm2_650m,PyTorch_Concat,0.7249,0.738,0.6161,0.8162,0.6715,0.4434,0.781,0.768,OURS
Train3Val_ProteinGym,cls,dna_geom,nt_v2_500m,esm1b_650m,PyTorch_Concat,0.7031,0.6279,0.8586,0.5725,0.7253,0.4434,0.8214,0.7981,OURS
Train3Val_ProteinGym,mean,dna_geom,nt_v2_500m,esm1b_650m,Hybrid_Concat_XGBoost,0.7079,0.6378,0.8333,0.6025,0.7226,0.4425,0.7601,0.6808,OURS
Train3Val_ProteinGym,cls,dna_prot_spliceai,nt_v2_500m,esm2_650m,PyTorch_Gating,0.7235,0.7533,0.5863,0.8388,0.6594,0.4424,0.7785,0.7597,OURS
Train3Val_ProteinGym,mean,bio_core_dna_spliceai,nt_v1_500m,,PyTorch_Concat,0.6861,0.6027,0.9167,0.4925,0.7273,0.4424,0.8072,0.7411,OURS
Train3Val_ProteinGym,cls,dna_prot_spliceai,nt_v2_500m,esm2_650m,Pure_XGBoost_Concat,0.7221,0.6909,0.7083,0.7338,0.6995,0.4413,0.7971,0.7686,OURS
Train3Val_ProteinGym,center,dna_geom,nt_v1_500m,esmc_600m,PyTorch_Concat,0.7221,0.7594,0.5729,0.8475,0.6531,0.4407,0.7794,0.766,OURS
Train3Val_ProteinGym,center,bio_core_dna_spliceai,nt_v1_500m,,PyTorch_Concat,0.6855,0.6026,0.9137,0.4938,0.7262,0.4397,0.797,0.7219,OURS
Train3Val_ProteinGym,cls,dna_prot_spliceai,nt_v2_500m,esm2_650m,Hybrid_Concat_XGBoost,0.7228,0.7089,0.6667,0.77,0.6871,0.4394,0.775,0.7504,OURS
Train3Val_ProteinGym,cls,dna_prot,nt_v2_500m,esm2_650m,Pure_XGBoost_Concat,0.7208,0.6962,0.689,0.7475,0.6926,0.4369,0.7977,0.775,OURS
Train3Val_ProteinGym,cls,dna_prot_spliceai,nt_v3_650m,esm2_650m,Hybrid_CrossAttn_XGBoost,0.7215,0.7086,0.6622,0.7712,0.6846,0.4365,0.7725,0.7498,OURS
Train3Val_ProteinGym,cls,dna_prot_spliceai,nt_v3_650m,esm2_650m,Pure_XGBoost_Concat,0.7201,0.6917,0.6979,0.7388,0.6948,0.4364,0.7885,0.7661,OURS
Train3Val_ProteinGym,cls,dna_prot,nt_v2_500m,esm2_650m,PyTorch_CrossAttn,0.7201,0.739,0.5982,0.8225,0.6612,0.4342,0.7737,0.7513,OURS
Train3Val_ProteinGym,cls,dna_prot,nt_v3_650m,esm2_650m,Hybrid_CrossAttn_XGBoost,0.7201,0.7131,0.6473,0.7812,0.6786,0.4333,0.7808,0.7536,OURS
Train3Val_ProteinGym,cls,dna_prot,nt_v2_500m,esm2_650m,PyTorch_Transformer,0.7194,0.7325,0.6071,0.8138,0.664,0.4323,0.7735,0.7591,OURS
Train3Val_ProteinGym,mean,dna_prot_spliceai,nt_v1_500m,esm2_650m,Hybrid_CrossAttn_XGBoost,0.7181,0.7063,0.6548,0.7712,0.6795,0.4295,0.7886,0.7614,OURS
Train3Val_ProteinGym,cls,dna_prot,nt_v3_650m,esm2_650m,Hybrid_Concat_XGBoost,0.7181,0.7089,0.6488,0.7762,0.6775,0.4293,0.7887,0.758,OURS
Train3Val_ProteinGym,center,bio_core_dna_spliceai,nt_v1_500m,,Hybrid_Concat_XGBoost,0.6814,0.6,0.9062,0.4925,0.722,0.4293,0.82,0.765,OURS
Train3Val_ProteinGym,cls,dna_prot,nt_v2_500m,esm2_650m,Hybrid_Concat_XGBoost,0.7174,0.7032,0.6592,0.7662,0.6805,0.4283,0.7796,0.7586,OURS
Train3Val_ProteinGym,cls,dna_prot_spliceai,nt_v2_500m,esm2_650m,PyTorch_Transformer,0.7174,0.7148,0.6339,0.7875,0.6719,0.4276,0.7766,0.7543,OURS
Train3Val_ProteinGym,cls,dna_prot,nt_v1_500m,esm2_650m,Hybrid_Concat_XGBoost,0.716,0.6954,0.6726,0.7525,0.6838,0.4264,0.7761,0.7483,OURS
Train3Val_ProteinGym,cls,dna_prot,nt_v2_500m,esm2_650m,PyTorch_Gating,0.716,0.696,0.6711,0.7538,0.6833,0.4263,0.78,0.7603,OURS
Train3Val_ProteinGym,cls,dna_prot_spliceai,nt_v2_500m,esm2_650m,Hybrid_Transformer_XGBoost,0.7167,0.7107,0.6399,0.7812,0.6735,0.4263,0.7708,0.7492,OURS
Train3Val_ProteinGym,cls,dna_prot,nt_v1_500m,esm2_650m,Hybrid_Transformer_XGBoost,0.7154,0.7057,0.6458,0.7738,0.6744,0.4238,0.7761,0.7425,OURS
Train3Val_ProteinGym,cls,dna_prot,nt_v1_500m,esm2_650m,Hybrid_Gating_XGBoost,0.7147,0.7026,0.6503,0.7688,0.6754,0.4226,0.7761,0.7491,OURS
Train3Val_ProteinGym,cls,dna_geom_prot,nt_v2_500m,esm1b_650m,Hybrid_Concat_XGBoost,0.7113,0.7656,0.5298,0.8638,0.6262,0.4216,0.7791,0.7293,OURS
Train3Val_ProteinGym,cls,dna_prot,nt_v3_650m,esm2_650m,Hybrid_Transformer_XGBoost,0.714,0.7047,0.6429,0.7738,0.6724,0.4209,0.7786,0.7578,OURS
Train3Val_ProteinGym,cls,dna_prot,nt_v2_500m,esm2_650m,Hybrid_CrossAttn_XGBoost,0.7126,0.7005,0.6473,0.7675,0.6729,0.4184,0.7687,0.745,OURS
Train3Val_ProteinGym,mean,dna_geom_prot,nt_v2_500m,esm1b_650m,Hybrid_Gating_XGBoost,0.699,0.6349,0.8021,0.6125,0.7087,0.418,0.7859,0.7381,OURS
Train3Val_ProteinGym,cls,dna_prot_spliceai,nt_v3_650m,esm2_650m,Hybrid_Transformer_XGBoost,0.7106,0.699,0.6429,0.7675,0.6698,0.4142,0.7804,0.7633,OURS
Train3Val_ProteinGym,cls,dna_prot_spliceai,nt_v1_500m,esm2_650m,Pure_XGBoost_Concat,0.7086,0.6758,0.6949,0.72,0.6853,0.4141,0.788,0.7672,OURS
Train3Val_ProteinGym,cls,dna_prot_spliceai,nt_v2_500m,esm2_650m,Hybrid_CrossAttn_XGBoost,0.7079,0.7003,0.6295,0.7738,0.663,0.4083,0.7636,0.7473,OURS
Train3Val_ProteinGym,cls,dna_prot,nt_v3_650m,esm2_650m,Hybrid_Gating_XGBoost,0.7065,0.6974,0.631,0.77,0.6625,0.4056,0.7739,0.7451,OURS
Train3Val_ProteinGym,cls,dna_prot,nt_v2_500m,esm2_650m,Hybrid_Transformer_XGBoost,0.7052,0.6964,0.628,0.77,0.6604,0.4028,0.7614,0.736,OURS
Train3Val_ProteinGym,center,geom,nt_v1_500m,esmc_600m,PyTorch_Concat,0.6793,0.6057,0.8527,0.5337,0.7083,0.4017,0.831,0.8306,OURS
Train3Val_ProteinGym,cls,dna_prot_spliceai,nt_v2_500m,esm2_650m,Hybrid_Gating_XGBoost,0.7018,0.6888,0.6324,0.76,0.6594,0.3962,0.7615,0.7367,OURS
Train3Val_ProteinGym,cls,dna_prot,nt_v1_500m,esm2_650m,Hybrid_CrossAttn_XGBoost,0.7011,0.6871,0.6339,0.7575,0.6594,0.3949,0.7579,0.7391,OURS
Train3Val_ProteinGym,cls,dna_prot_spliceai,nt_v1_500m,esm2_650m,Hybrid_Concat_XGBoost,0.7004,0.6791,0.6518,0.7412,0.6651,0.3946,0.775,0.7475,OURS
Train3Val_ProteinGym,cls,dna_prot_spliceai,nt_v3_650m,esm2_650m,Hybrid_Gating_XGBoost,0.7004,0.6909,0.622,0.7662,0.6547,0.3931,0.7638,0.743,OURS
Train3Val_ProteinGym,cls,dna_prot_spliceai,nt_v1_500m,esm2_650m,Hybrid_CrossAttn_XGBoost,0.6997,0.6891,0.6235,0.7638,0.6547,0.3918,0.7597,0.743,OURS
Train3Val_ProteinGym,cls,bio_geom,nt_v2_500m,esm1b_650m,Hybrid_Concat_XGBoost,0.6467,0.5687,0.936,0.4038,0.7075,0.3915,0.8456,0.8256,OURS
Train3Val_ProteinGym,center,dna_spliceai,nt_v3_650m,,PyTorch_Concat,0.699,0.6886,0.622,0.7638,0.6536,0.3904,0.7603,0.724,OURS
Train3Val_ProteinGym,cls,dna_prot_spliceai,nt_v1_500m,esm2_650m,Hybrid_Gating_XGBoost,0.6984,0.6804,0.6399,0.7475,0.6595,0.3898,0.7653,0.7416,OURS
Train3Val_ProteinGym,cls,dna_prot_spliceai,nt_v1_500m,esm2_650m,Hybrid_Transformer_XGBoost,0.6984,0.6833,0.6324,0.7538,0.6569,0.3894,0.7641,0.7371,OURS
Train3Val_ProteinGym,center,dna_spliceai,nt_v3_650m,,Pure_XGBoost_Concat,0.6882,0.6418,0.7173,0.6637,0.6774,0.3796,0.7529,0.7263,OURS
Train3Val_ProteinGym,cls,dna_prot,nt_v2_500m,esm2_650m,Hybrid_Gating_XGBoost,0.6868,0.6688,0.622,0.7412,0.6446,0.3661,0.7592,0.7329,OURS
Train3Val_ProteinGym,mean,bio_geom,nt_v2_500m,esm1b_650m,Hybrid_Concat_XGBoost,0.6698,0.7768,0.3884,0.9062,0.5179,0.3497,0.7641,0.73,OURS
Train3Val_ProteinGym,mean,dna_spliceai,nt_v3_650m,,PyTorch_Concat,0.6637,0.6453,0.5848,0.73,0.6136,0.3184,0.7125,0.6762,OURS
Train3Val_ProteinGym,mean,dna_spliceai,nt_v3_650m,,Pure_XGBoost_Concat,0.6569,0.6121,0.6786,0.6388,0.6436,0.3161,0.7226,0.6765,OURS
Train3Val_ProteinGym,mean,dna_geom_prot,nt_v2_500m,esm1b_650m,Hybrid_Transformer_XGBoost,0.6019,0.5385,0.8943,0.3562,0.6723,0.2915,0.7821,0.7327,OURS
Train3Val_ProteinGym,center,dna_spliceai,nt_v3_650m,,Hybrid_Concat_XGBoost,0.6379,0.5938,0.6548,0.6238,0.6228,0.2775,0.706,0.6907,OURS
Train3Val_ProteinGym,center,geom,nt_v1_500m,esmc_600m,Hybrid_Concat_XGBoost,0.5584,0.5089,0.933,0.2438,0.6586,0.2384,0.7734,0.7093,OURS
Train3Val_ProteinGym,mean,dna_spliceai,nt_v3_650m,,Hybrid_Concat_XGBoost,0.6087,0.5819,0.5074,0.6938,0.5421,0.2047,0.638,0.6188,OURS
Train3Val_ProteinGym,mean,dna_spliceai,nt_v2_500m,,PyTorch_Concat,0.5761,0.5357,0.5357,0.61,0.5357,0.1457,0.6002,0.5516,OURS
Train3Val_ProteinGym,mean,dna,nt_v2_500m,,PyTorch_Concat,0.5591,0.5128,0.683,0.455,0.5858,0.1408,0.5933,0.5361,OURS
Train3Val_ProteinGym,mean,dna,nt_v2_500m,,PyTorch_Concat,0.5591,0.5128,0.683,0.455,0.5858,0.1408,0.5933,0.5361,OURS
Train3Val_ProteinGym,mean,dna,nt_v2_500m,,PyTorch_Concat,0.5591,0.5128,0.683,0.455,0.5858,0.1408,0.5933,0.5361,OURS
Train3Val_ProteinGym,mean,dna,nt_v2_500m,,PyTorch_Concat,0.5591,0.5128,0.683,0.455,0.5858,0.1408,0.5933,0.5361,OURS
Train3Val_ProteinGym,mean,dna,nt_v2_500m,,PyTorch_Concat,0.5591,0.5128,0.683,0.455,0.5858,0.1408,0.5933,0.5361,OURS
Train3Val_ProteinGym,cls,dna_geom,nt_v2_500m,esm1b_650m,Hybrid_Concat_XGBoost,0.5611,0.9333,0.0417,0.9975,0.0798,0.1381,0.6872,0.6849,OURS
Train3Val_ProteinGym,mean,dna_spliceai,nt_v2_500m,,Hybrid_Concat_XGBoost,0.5503,0.5069,0.5461,0.5538,0.5258,0.0995,0.5545,0.5002,OURS
Train3Val_ProteinGym,center,dna_spliceai,nt_v2_500m,,PyTorch_Concat,0.5387,0.4959,0.6369,0.4562,0.5577,0.0942,0.566,0.5083,OURS
Train3Val_ProteinGym,cls,dna_geom_prot,nt_v2_500m,esm1b_650m,Hybrid_Gating_XGBoost,0.5605,0.5387,0.2589,0.8138,0.3497,0.0875,0.7078,0.6282,OURS
Train3Val_ProteinGym,center,dna_spliceai,nt_v2_500m,,Hybrid_Concat_XGBoost,0.5408,0.4974,0.5744,0.5125,0.5331,0.0867,0.5372,0.4806,OURS
Train3Val_ProteinGym,cls,dna_spliceai,nt_v3_650m,,PyTorch_Concat,0.5476,0.5047,0.4836,0.6012,0.4939,0.0852,0.5518,0.4901,OURS
Train3Val_ProteinGym,cls,dna_spliceai,nt_v3_650m,,Pure_XGBoost_Concat,0.5489,0.5069,0.4345,0.645,0.4679,0.0812,0.5566,0.4975,OURS
Train3Val_ProteinGym,cls,dna,nt_v2_500m,,Pure_XGBoost_Concat,0.5455,0.5024,0.4732,0.6062,0.4874,0.08,0.5365,0.489,OURS
Train3Val_ProteinGym,cls,dna,nt_v2_500m,,Pure_XGBoost_Concat,0.5455,0.5024,0.4732,0.6062,0.4874,0.08,0.5365,0.489,OURS
Train3Val_ProteinGym,cls,dna,nt_v2_500m,,Pure_XGBoost_Concat,0.5455,0.5024,0.4732,0.6062,0.4874,0.08,0.5365,0.489,OURS
Train3Val_ProteinGym,cls,dna,nt_v2_500m,,Pure_XGBoost_Concat,0.5455,0.5024,0.4732,0.6062,0.4874,0.08,0.5365,0.489,OURS
Train3Val_ProteinGym,cls,dna,nt_v2_500m,,Pure_XGBoost_Concat,0.5455,0.5024,0.4732,0.6062,0.4874,0.08,0.5365,0.489,OURS
Train3Val_ProteinGym,cls,dna_spliceai,nt_v3_650m,,Hybrid_Concat_XGBoost,0.5469,0.5046,0.4107,0.6612,0.4528,0.0742,0.5518,0.4966,OURS
Train3Val_ProteinGym,mean,dna,nt_v2_500m,,Hybrid_Concat_XGBoost,0.5353,0.4921,0.5565,0.5175,0.5223,0.0738,0.5352,0.4857,OURS
Train3Val_ProteinGym,mean,dna,nt_v2_500m,,Hybrid_Concat_XGBoost,0.5353,0.4921,0.5565,0.5175,0.5223,0.0738,0.5352,0.4857,OURS
Train3Val_ProteinGym,mean,dna,nt_v2_500m,,Hybrid_Concat_XGBoost,0.5353,0.4921,0.5565,0.5175,0.5223,0.0738,0.5352,0.4857,OURS
Train3Val_ProteinGym,mean,dna,nt_v2_500m,,Hybrid_Concat_XGBoost,0.5353,0.4921,0.5565,0.5175,0.5223,0.0738,0.5352,0.4857,OURS
Train3Val_ProteinGym,mean,dna,nt_v2_500m,,Hybrid_Concat_XGBoost,0.5353,0.4921,0.5565,0.5175,0.5223,0.0738,0.5352,0.4857,OURS
Train3Val_ProteinGym,center,dna_spliceai,nt_v1_500m,,PyTorch_Concat,0.5319,0.4888,0.5521,0.515,0.5185,0.0669,0.5387,0.4836,OURS
Train3Val_ProteinGym,center,dna_spliceai,nt_v1_500m,,Pure_XGBoost_Concat,0.5346,0.4908,0.5164,0.55,0.5033,0.0662,0.5419,0.4839,OURS
Train3Val_ProteinGym,mean,dna,nt_v2_500m,,Pure_XGBoost_Concat,0.5333,0.4895,0.5179,0.5462,0.5033,0.0639,0.5483,0.497,OURS
Train3Val_ProteinGym,mean,dna,nt_v2_500m,,Pure_XGBoost_Concat,0.5333,0.4895,0.5179,0.5462,0.5033,0.0639,0.5483,0.497,OURS
Train3Val_ProteinGym,mean,dna,nt_v2_500m,,Pure_XGBoost_Concat,0.5333,0.4895,0.5179,0.5462,0.5033,0.0639,0.5483,0.497,OURS
Train3Val_ProteinGym,mean,dna,nt_v2_500m,,Pure_XGBoost_Concat,0.5333,0.4895,0.5179,0.5462,0.5033,0.0639,0.5483,0.497,OURS
Train3Val_ProteinGym,mean,dna,nt_v2_500m,,Pure_XGBoost_Concat,0.5333,0.4895,0.5179,0.5462,0.5033,0.0639,0.5483,0.497,OURS
Train3Val_ProteinGym,mean,dna_spliceai,nt_v1_500m,,PyTorch_Concat,0.5374,0.4929,0.4643,0.5988,0.4782,0.0634,0.5523,0.4979,OURS
Train3Val_ProteinGym,center,dna,nt_v1_500m,,PyTorch_Concat,0.5279,0.4855,0.5744,0.4888,0.5262,0.0631,0.5555,0.502,OURS
Train3Val_ProteinGym,center,dna,nt_v1_500m,,PyTorch_Concat,0.5279,0.4855,0.5744,0.4888,0.5262,0.0631,0.5555,0.502,OURS
Train3Val_ProteinGym,center,dna,nt_v1_500m,,PyTorch_Concat,0.5279,0.4855,0.5744,0.4888,0.5262,0.0631,0.5555,0.502,OURS
Train3Val_ProteinGym,center,dna,nt_v1_500m,,PyTorch_Concat,0.5279,0.4855,0.5744,0.4888,0.5262,0.0631,0.5555,0.502,OURS
Train3Val_ProteinGym,center,dna,nt_v1_500m,,PyTorch_Concat,0.5279,0.4855,0.5744,0.4888,0.5262,0.0631,0.5555,0.502,OURS
Train3Val_ProteinGym,mean,dna_spliceai,nt_v1_500m,,Hybrid_Concat_XGBoost,0.5312,0.4875,0.5238,0.5375,0.505,0.0611,0.5426,0.4811,OURS
Train3Val_ProteinGym,cls,dna_spliceai,nt_v2_500m,,Pure_XGBoost_Concat,0.534,0.4877,0.4137,0.635,0.4477,0.0498,0.5418,0.4972,OURS
Train3Val_ProteinGym,cls,dna_geom_prot,nt_v2_500m,esm1b_650m,Hybrid_CrossAttn_XGBoost,0.4789,0.4644,0.9226,0.1062,0.6178,0.0495,0.7231,0.6924,OURS
Train3Val_ProteinGym,cls,dna_spliceai,nt_v2_500m,,PyTorch_Concat,0.5211,0.4788,0.5551,0.4925,0.5141,0.0475,0.5289,0.4866,OURS
Train3Val_ProteinGym,cls,dna_spliceai,nt_v1_500m,,PyTorch_Concat,0.5401,0.4939,0.3036,0.7388,0.376,0.0469,0.5255,0.4761,OURS
Train3Val_ProteinGym,center,dna,nt_v1_500m,,Pure_XGBoost_Concat,0.5204,0.478,0.5506,0.495,0.5118,0.0455,0.5351,0.4739,OURS
Train3Val_ProteinGym,center,dna,nt_v1_500m,,Pure_XGBoost_Concat,0.5204,0.478,0.5506,0.495,0.5118,0.0455,0.5351,0.4739,OURS
Train3Val_ProteinGym,center,dna,nt_v1_500m,,Pure_XGBoost_Concat,0.5204,0.478,0.5506,0.495,0.5118,0.0455,0.5351,0.4739,OURS
Train3Val_ProteinGym,center,dna,nt_v1_500m,,Pure_XGBoost_Concat,0.5204,0.478,0.5506,0.495,0.5118,0.0455,0.5351,0.4739,OURS
Train3Val_ProteinGym,center,dna,nt_v1_500m,,Pure_XGBoost_Concat,0.5204,0.478,0.5506,0.495,0.5118,0.0455,0.5351,0.4739,OURS
Train3Val_ProteinGym,mean,dna_spliceai,nt_v1_500m,,Pure_XGBoost_Concat,0.5272,0.4814,0.4628,0.5812,0.4719,0.0442,0.5408,0.4832,OURS
Train3Val_ProteinGym,mean,dna_spliceai,nt_v2_500m,,Pure_XGBoost_Concat,0.5245,0.4798,0.494,0.55,0.4868,0.044,0.5326,0.4869,OURS
Train3Val_ProteinGym,cls,dna,nt_v2_500m,,PyTorch_Concat,0.534,0.4856,0.3512,0.6875,0.4076,0.041,0.5165,0.4709,OURS
Train3Val_ProteinGym,cls,dna,nt_v2_500m,,PyTorch_Concat,0.534,0.4856,0.3512,0.6875,0.4076,0.041,0.5165,0.4709,OURS
Train3Val_ProteinGym,cls,dna,nt_v2_500m,,PyTorch_Concat,0.534,0.4856,0.3512,0.6875,0.4076,0.041,0.5165,0.4709,OURS
Train3Val_ProteinGym,cls,dna,nt_v2_500m,,PyTorch_Concat,0.534,0.4856,0.3512,0.6875,0.4076,0.041,0.5165,0.4709,OURS
Train3Val_ProteinGym,cls,dna,nt_v2_500m,,PyTorch_Concat,0.534,0.4856,0.3512,0.6875,0.4076,0.041,0.5165,0.4709,OURS
Train3Val_ProteinGym,cls,dna_spliceai,nt_v1_500m,,Pure_XGBoost_Concat,0.5204,0.4741,0.4628,0.5688,0.4684,0.0316,0.5249,0.4798,OURS
Train3Val_ProteinGym,center,dna_spliceai,nt_v2_500m,,Pure_XGBoost_Concat,0.5115,0.4707,0.561,0.47,0.5119,0.031,0.5287,0.4765,OURS
Train3Val_ProteinGym,cls,dna,nt_v2_500m,,Hybrid_Concat_XGBoost,0.5183,0.4716,0.4568,0.57,0.4641,0.0269,0.5129,0.4731,OURS
Train3Val_ProteinGym,cls,dna,nt_v2_500m,,Hybrid_Concat_XGBoost,0.5183,0.4716,0.4568,0.57,0.4641,0.0269,0.5129,0.4731,OURS
Train3Val_ProteinGym,cls,dna,nt_v2_500m,,Hybrid_Concat_XGBoost,0.5183,0.4716,0.4568,0.57,0.4641,0.0269,0.5129,0.4731,OURS
Train3Val_ProteinGym,cls,dna,nt_v2_500m,,Hybrid_Concat_XGBoost,0.5183,0.4716,0.4568,0.57,0.4641,0.0269,0.5129,0.4731,OURS
Train3Val_ProteinGym,cls,dna,nt_v2_500m,,Hybrid_Concat_XGBoost,0.5183,0.4716,0.4568,0.57,0.4641,0.0269,0.5129,0.4731,OURS
Train3Val_ProteinGym,center,dna,nt_v1_500m,,Hybrid_Concat_XGBoost,0.5109,0.4682,0.5253,0.4988,0.4951,0.024,0.5147,0.4649,OURS
Train3Val_ProteinGym,center,dna,nt_v1_500m,,Hybrid_Concat_XGBoost,0.5109,0.4682,0.5253,0.4988,0.4951,0.024,0.5147,0.4649,OURS
Train3Val_ProteinGym,center,dna,nt_v1_500m,,Hybrid_Concat_XGBoost,0.5109,0.4682,0.5253,0.4988,0.4951,0.024,0.5147,0.4649,OURS
Train3Val_ProteinGym,center,dna,nt_v1_500m,,Hybrid_Concat_XGBoost,0.5109,0.4682,0.5253,0.4988,0.4951,0.024,0.5147,0.4649,OURS
Train3Val_ProteinGym,center,dna,nt_v1_500m,,Hybrid_Concat_XGBoost,0.5109,0.4682,0.5253,0.4988,0.4951,0.024,0.5147,0.4649,OURS
Train3Val_ProteinGym,cls,dna_spliceai,nt_v2_500m,,Hybrid_Concat_XGBoost,0.5197,0.4709,0.4211,0.6025,0.4446,0.0239,0.5324,0.4944,OURS
Train3Val_ProteinGym,cls,dna_spliceai,nt_v1_500m,,Hybrid_Concat_XGBoost,0.5115,0.4669,0.4926,0.5275,0.4794,0.02,0.5088,0.4686,OURS
Train3Val_ProteinGym,center,dna_spliceai,nt_v1_500m,,Hybrid_Concat_XGBoost,0.5068,0.4632,0.506,0.5075,0.4836,0.0134,0.5147,0.4664,OURS
Train3Val_ProteinGym,mean,dna_geom_prot,nt_v2_500m,esm1b_650m,Hybrid_Concat_XGBoost,0.4565,0.4565,0.9985,0.0012,0.6265,-0.0032,0.581,0.5159,OURS
Train3Val_ProteinGym,cls,geom,nt_v2_500m,esm1b_650m,Hybrid_Concat_XGBoost,0.4497,0.4443,0.8185,0.14,0.5759,-0.0566,0.4906,0.4589,OURS
Train3Val_Test,center,bio_geom_prot,nt_v1_500m,esmc_600m,Pure_XGBoost_Concat,0.9239,0.8317,0.9029,0.9317,0.8658,0.8141,0.9722,0.9413,OURS
Train3Val_Test,center,bio_core_dna_prot_spliceai,nt_v1_500m,esm1b_650m,Pure_XGBoost_Concat,0.9191,0.8227,0.8957,0.9279,0.8576,0.8027,0.9691,0.9285,OURS
Train3Val_Test,center,bio_prot,,esmc_600m,Pure_XGBoost_Concat,0.9181,0.8218,0.8926,0.9277,0.8557,0.8001,0.9704,0.9354,OURS
Train3Val_Test,center,bio_prot,,esmc_600m,Pure_XGBoost_Concat,0.9181,0.8218,0.8926,0.9277,0.8557,0.8001,0.9704,0.9354,OURS
Train3Val_Test,center,bio_prot,,esmc_600m,Pure_XGBoost_Concat,0.9181,0.8218,0.8926,0.9277,0.8557,0.8001,0.9704,0.9354,OURS
Train3Val_Test,center,bio_core_dna_prot_spliceai,nt_v3_650m,esmc_600m,Pure_XGBoost_Concat,0.918,0.8217,0.892,0.9277,0.8554,0.7996,0.9691,0.9331,OURS
Train3Val_Test,center,bio_core_dna_prot_spliceai,nt_v3_650m,esm1v_650m,PyTorch_CrossAttn,0.9199,0.8511,0.8552,0.9441,0.8532,0.7982,0.9636,0.9206,OURS
Train3Val_Test,mean,bio_dna_geom_prot,nt_v2_500m,esm1b_650m,Pure_XGBoost_Concat,0.9173,0.8202,0.8914,0.927,0.8543,0.7981,0.9685,0.9318,OURS
Train3Val_Test,center,bio_core_dna_prot_spliceai,nt_v3_650m,esm1b_650m,Pure_XGBoost_Concat,0.9163,0.8126,0.8999,0.9225,0.854,0.7976,0.9692,0.9289,OURS
Train3Val_Test,center,bio_dna_geom_prot,nt_v1_500m,esmc_600m,Pure_XGBoost_Concat,0.9168,0.8174,0.8938,0.9254,0.8539,0.7975,0.9704,0.9373,OURS
Train3Val_Test,center,bio_core_prot_spliceai,,esm1b_650m,Pure_XGBoost_Concat,0.9163,0.814,0.8975,0.9234,0.8537,0.7972,0.9692,0.9313,OURS
Train3Val_Test,center,bio_core_dna_prot_spliceai,nt_v2_500m,esmc_600m,Pure_XGBoost_Concat,0.9162,0.8125,0.8993,0.9225,0.8537,0.7972,0.9696,0.9344,OURS
Train3Val_Test,center,bio_dna_prot,nt_v1_500m,esmc_600m,Pure_XGBoost_Concat,0.9167,0.8184,0.8914,0.9261,0.8533,0.7967,0.9693,0.9332,OURS
Train3Val_Test,center,bio_core_prot_spliceai,,esmc_600m,Pure_XGBoost_Concat,0.9162,0.816,0.8932,0.9247,0.8529,0.796,0.9705,0.9357,OURS
Train3Val_Test,center,bio_prot,,esmc_600m,Hybrid_Concat_XGBoost,0.9158,0.8144,0.8945,0.9238,0.8525,0.7955,0.9671,0.9312,OURS
Train3Val_Test,center,bio_prot,,esmc_600m,Hybrid_Concat_XGBoost,0.9158,0.8144,0.8945,0.9238,0.8525,0.7955,0.9671,0.9312,OURS
Train3Val_Test,center,bio_prot,,esmc_600m,Hybrid_Concat_XGBoost,0.9158,0.8144,0.8945,0.9238,0.8525,0.7955,0.9671,0.9312,OURS
Train3Val_Test,center,bio_core_dna_prot_spliceai,nt_v2_500m,esm1b_650m,Pure_XGBoost_Concat,0.9152,0.8089,0.9011,0.9204,0.8525,0.7955,0.968,0.9294,OURS
Train3Val_Test,center,bio_core_dna_prot_spliceai,nt_v3_650m,esm2_650m,Pure_XGBoost_Concat,0.9157,0.816,0.8908,0.9249,0.8518,0.7945,0.9694,0.9325,OURS
Train3Val_Test,center,bio_dna_prot,nt_v1_500m,esmc_600m,Hybrid_Gating_XGBoost,0.9155,0.8156,0.8908,0.9247,0.8515,0.7942,0.9658,0.93,OURS
Train3Val_Test,center,bio_core_dna_prot_spliceai,nt_v1_500m,esmc_600m,Pure_XGBoost_Concat,0.915,0.8125,0.8938,0.9229,0.8512,0.7937,0.9689,0.9332,OURS
Train3Val_Test,center,bio_geom,nt_v1_500m,esmc_600m,Pure_XGBoost_Concat,0.9148,0.8131,0.892,0.9234,0.8507,0.793,0.9691,0.9334,OURS
Train3Val_Test,center,bio_core_prot_spliceai,,esmc_600m,PyTorch_Concat,0.9162,0.8272,0.8745,0.9317,0.8502,0.7926,0.966,0.9282,OURS
Train3Val_Test,center,bio_core_prot_spliceai,,esm2_650m,Pure_XGBoost_Concat,0.9145,0.8118,0.8926,0.9227,0.8503,0.7924,0.9677,0.9292,OURS
Train3Val_Test,center,bio_core_dna_prot,nt_v3_650m,esm1v_650m,Pure_XGBoost_Concat,0.914,0.8078,0.8975,0.9202,0.8503,0.7924,0.9678,0.9286,OURS
Train3Val_Test,mean,bio_prot,,esm1b_650m,PyTorch_Concat,0.9171,0.8401,0.8589,0.9389,0.8494,0.7923,0.9607,0.9164,OURS
Train3Val_Test,mean,bio_prot,,esm1b_650m,PyTorch_Concat,0.9171,0.8401,0.8589,0.9389,0.8494,0.7923,0.9607,0.9164,OURS
Train3Val_Test,mean,bio_prot,,esm1b_650m,PyTorch_Concat,0.9171,0.8401,0.8589,0.9389,0.8494,0.7923,0.9607,0.9164,OURS
Train3Val_Test,center,bio_core_dna_prot_spliceai,nt_v2_500m,esm2_650m,Pure_XGBoost_Concat,0.9145,0.8125,0.8914,0.9231,0.8502,0.7922,0.9681,0.9304,OURS
Train3Val_Test,center,bio_core_dna_prot_spliceai,nt_v2_500m,esmc_600m,PyTorch_CrossAttn,0.9158,0.8262,0.8745,0.9313,0.8497,0.7919,0.9638,0.9242,OURS
Train3Val_Test,center,bio_prot,,esmc_600m,PyTorch_Concat,0.9155,0.8242,0.8764,0.9301,0.8495,0.7915,0.9676,0.9314,OURS
Train3Val_Test,center,bio_prot,,esmc_600m,PyTorch_Concat,0.9155,0.8242,0.8764,0.9301,0.8495,0.7915,0.9676,0.9314,OURS
Train3Val_Test,center,bio_prot,,esmc_600m,PyTorch_Concat,0.9155,0.8242,0.8764,0.9301,0.8495,0.7915,0.9676,0.9314,OURS
Train3Val_Test,center,bio_core_prot_spliceai,,esm1v_650m,Pure_XGBoost_Concat,0.9126,0.799,0.9065,0.9148,0.8494,0.7912,0.9685,0.9303,OURS
Train3Val_Test,center,bio_core_dna_prot_spliceai,nt_v2_500m,esm1v_650m,Pure_XGBoost_Concat,0.9127,0.8004,0.9047,0.9157,0.8494,0.7912,0.9679,0.9277,OURS
Train3Val_Test,center,bio_core_dna_prot_spliceai,nt_v3_650m,esm1v_650m,Pure_XGBoost_Concat,0.9129,0.8028,0.9011,0.9173,0.8491,0.7907,0.9676,0.9292,OURS
Train3Val_Test,center,bio_core_prot_spliceai,,esmc_600m,Hybrid_Concat_XGBoost,0.9137,0.81,0.892,0.9218,0.849,0.7906,0.9651,0.9261,OURS
Train3Val_Test,center,bio_core_dna_prot_spliceai,nt_v1_500m,esm2_650m,Pure_XGBoost_Concat,0.9137,0.8103,0.8914,0.922,0.8489,0.7905,0.9671,0.9278,OURS
Train3Val_Test,center,bio_core_dna_prot_spliceai,nt_v2_500m,esm1b_650m,Hybrid_Gating_XGBoost,0.9134,0.8074,0.8951,0.9202,0.849,0.7905,0.9634,0.9214,OURS
Train3Val_Test,mean,bio_core_dna_prot_spliceai,nt_v3_650m,esm1b_650m,PyTorch_Transformer,0.9178,0.865,0.8269,0.9518,0.8455,0.7899,0.9589,0.9127,OURS
Train3Val_Test,center,bio_core_prot_spliceai,,esm2_650m,PyTorch_Concat,0.9155,0.8305,0.8661,0.934,0.8479,0.7898,0.9634,0.9186,OURS
Train3Val_Test,center,bio_core_dna_prot_spliceai,nt_v3_650m,esm2_650m,PyTorch_Transformer,0.916,0.8367,0.8589,0.9373,0.8476,0.7898,0.9642,0.9219,OURS
Train3Val_Test,center,bio_core_dna_prot_spliceai,nt_v3_650m,esmc_600m,PyTorch_CrossAttn,0.9178,0.8664,0.8251,0.9524,0.8452,0.7897,0.9621,0.9219,OURS
Train3Val_Test,center,bio_core_dna_prot_spliceai,nt_v3_650m,esmc_600m,PyTorch_Transformer,0.9173,0.8602,0.8311,0.9495,0.8454,0.7892,0.9638,0.9246,OURS
Train3Val_Test,center,bio_core_dna_prot_spliceai,nt_v2_500m,esmc_600m,Hybrid_Transformer_XGBoost,0.9129,0.8071,0.8932,0.9202,0.848,0.7891,0.9639,0.9244,OURS
Train3Val_Test,center,bio_dna_prot,nt_v1_500m,esmc_600m,PyTorch_CrossAttn,0.917,0.8556,0.8359,0.9473,0.8456,0.789,0.9635,0.9229,OURS
Train3Val_Test,cls,bio_geom_prot,nt_v2_500m,esm1b_650m,Pure_XGBoost_Concat,0.9129,0.8078,0.892,0.9207,0.8478,0.7889,0.9675,0.9299,OURS
Train3Val_Test,center,bio_core_dna_prot_spliceai,nt_v2_500m,esmc_600m,Hybrid_CrossAttn_XGBoost,0.913,0.8092,0.8902,0.9216,0.8478,0.7889,0.9641,0.9247,OURS
Train3Val_Test,center,bio_core_dna_prot_spliceai,nt_v1_500m,esmc_600m,PyTorch_CrossAttn,0.9171,0.8601,0.8305,0.9495,0.845,0.7887,0.9627,0.922,OURS
Train3Val_Test,center,bio_core_dna_prot,nt_v2_500m,esm1v_650m,Pure_XGBoost_Concat,0.9112,0.7966,0.9047,0.9137,0.8472,0.7882,0.9671,0.9261,OURS
Train3Val_Test,center,bio_core_dna_prot_spliceai,nt_v3_650m,esm2_650m,Hybrid_CrossAttn_XGBoost,0.9127,0.809,0.889,0.9216,0.8471,0.7879,0.9634,0.9188,OURS
Train3Val_Test,center,bio_core_dna_prot_spliceai,nt_v2_500m,esmc_600m,PyTorch_Concat,0.9145,0.8273,0.8667,0.9324,0.8465,0.7878,0.9651,0.9265,OURS
Train3Val_Test,center,bio_dna_prot,nt_v1_500m,esmc_600m,PyTorch_Concat,0.9158,0.8447,0.8462,0.9419,0.8454,0.7876,0.9611,0.9185,OURS
Train3Val_Test,cls,bio_geom,nt_v2_500m,esm1b_650m,PyTorch_Concat,0.9175,0.8777,0.8094,0.9579,0.8422,0.7876,0.9616,0.9203,OURS
Train3Val_Test,center,bio_core_dna_prot_spliceai,nt_v3_650m,esmc_600m,Hybrid_Transformer_XGBoost,0.9119,0.8048,0.8926,0.9191,0.8464,0.787,0.9643,0.9247,OURS
Train3Val_Test,mean,bio_geom_prot,nt_v2_500m,esm1b_650m,Pure_XGBoost_Concat,0.9124,0.8091,0.8872,0.9218,0.8464,0.7869,0.9686,0.9324,OURS
Train3Val_Test,center,bio_core_dna_prot,nt_v3_650m,esm1v_650m,PyTorch_CrossAttn,0.914,0.8255,0.8673,0.9315,0.8459,0.7868,0.9638,0.9203,OURS
Train3Val_Test,center,bio_dna_prot,nt_v1_500m,esmc_600m,Hybrid_Transformer_XGBoost,0.9124,0.8098,0.886,0.9222,0.8462,0.7867,0.965,0.9248,OURS
Train3Val_Test,cls,bio_geom,nt_v2_500m,esm1b_650m,Pure_XGBoost_Concat,0.9124,0.8105,0.8848,0.9227,0.846,0.7864,0.9665,0.9244,OURS
Train3Val_Test,center,bio_core_prot_spliceai,,esm2_650m,Hybrid_Concat_XGBoost,0.9117,0.8057,0.8902,0.9198,0.8458,0.7861,0.9638,0.92,OURS
Train3Val_Test,center,bio_core_dna_prot_spliceai,nt_v3_650m,esm2_650m,Hybrid_Concat_XGBoost,0.9121,0.8086,0.8866,0.9216,0.8458,0.7861,0.9648,0.9205,OURS
Train3Val_Test,center,bio_dna_geom,nt_v1_500m,esmc_600m,Pure_XGBoost_Concat,0.9121,0.8096,0.8848,0.9222,0.8455,0.7857,0.9685,0.9309,OURS
Train3Val_Test,center,bio_core_prot_spliceai,,esm1v_650m,PyTorch_Concat,0.9142,0.8328,0.8565,0.9358,0.8445,0.7854,0.9649,0.9213,OURS
Train3Val_Test,center,bio_core_dna_prot_spliceai,nt_v1_500m,esmc_600m,Hybrid_Concat_XGBoost,0.9109,0.8009,0.8951,0.9168,0.8453,0.7854,0.964,0.9256,OURS
Train3Val_Test,mean,bio_core_dna_prot_spliceai,nt_v2_500m,esm1b_650m,Pure_XGBoost_Concat,0.9103,0.796,0.9011,0.9137,0.8453,0.7854,0.9657,0.9245,OURS
Train3Val_Test,center,bio_core_dna_prot_spliceai,nt_v3_650m,esm1b_650m,PyTorch_Gating,0.9121,0.811,0.8824,0.9231,0.8452,0.7853,0.9638,0.9224,OURS
Train3Val_Test,center,bio_core_dna_prot_spliceai,nt_v1_500m,esmc_600m,PyTorch_Transformer,0.914,0.8324,0.8565,0.9355,0.8442,0.785,0.9615,0.9188,OURS
Train3Val_Test,center,bio_core_dna_prot_spliceai,nt_v1_500m,esm1b_650m,Hybrid_Concat_XGBoost,0.9112,0.8054,0.8884,0.9198,0.8449,0.7847,0.9633,0.9204,OURS
Train3Val_Test,center,bio_core_dna_prot_spliceai,nt_v1_500m,esm1b_650m,Hybrid_CrossAttn_XGBoost,0.9114,0.8068,0.8866,0.9207,0.8448,0.7847,0.9627,0.9182,OURS
Train3Val_Test,center,bio_core_dna_prot_spliceai,nt_v3_650m,esm1b_650m,Hybrid_CrossAttn_XGBoost,0.9119,0.8116,0.8806,0.9236,0.8447,0.7846,0.9629,0.9197,OURS
Train3Val_Test,center,bio_dna_prot,nt_v1_500m,esmc_600m,PyTorch_Gating,0.9122,0.8156,0.8752,0.9261,0.8443,0.7843,0.9634,0.9248,OURS
Train3Val_Test,center,bio_core_dna_prot_spliceai,nt_v3_650m,esm2_650m,PyTorch_CrossAttn,0.9132,0.8257,0.8631,0.9319,0.844,0.7843,0.9606,0.9152,OURS
Train3Val_Test,center,bio_core_dna_prot_spliceai,nt_v2_500m,esmc_600m,Hybrid_Concat_XGBoost,0.9104,0.8002,0.8938,0.9166,0.8444,0.7842,0.966,0.9285,OURS
Train3Val_Test,center,bio_core_dna_prot_spliceai,nt_v3_650m,esm1b_650m,Hybrid_Transformer_XGBoost,0.9111,0.8059,0.8866,0.9202,0.8443,0.784,0.9646,0.9252,OURS
Train3Val_Test,center,bio_core_dna_prot,nt_v1_500m,esm1v_650m,Hybrid_CrossAttn_XGBoost,0.9106,0.8023,0.8908,0.918,0.8442,0.7839,0.9626,0.9182,OURS
Train3Val_Test,center,bio_dna_prot,nt_v1_500m,esmc_600m,Hybrid_Concat_XGBoost,0.9103,0.8014,0.8908,0.9175,0.8438,0.7832,0.9649,0.9261,OURS
Train3Val_Test,center,bio_core_dna_prot_spliceai,nt_v3_650m,esm1b_650m,PyTorch_Transformer,0.9139,0.8386,0.8462,0.9391,0.8424,0.7831,0.9572,0.9114,OURS
Train3Val_Test,center,bio_core_dna_prot_spliceai,nt_v3_650m,esmc_600m,Hybrid_Concat_XGBoost,0.9103,0.8017,0.8902,0.9177,0.8437,0.7831,0.9643,0.9242,OURS
Train3Val_Test,center,bio_core_dna_prot_spliceai,nt_v2_500m,esm1b_650m,Hybrid_Transformer_XGBoost,0.9103,0.8017,0.8902,0.9177,0.8437,0.7831,0.9625,0.9217,OURS
Train3Val_Test,center,bio_core_dna_prot_spliceai,nt_v2_500m,esm2_650m,Hybrid_Transformer_XGBoost,0.9101,0.8003,0.892,0.9168,0.8437,0.7831,0.9632,0.9174,OURS
Train3Val_Test,mean,bio_dna_prot,nt_v2_500m,esm1b_650m,PyTorch_Transformer,0.9155,0.8694,0.8112,0.9545,0.8393,0.783,0.9604,0.9144,OURS
Train3Val_Test,center,bio_core_dna_prot_spliceai,nt_v2_500m,esmc_600m,PyTorch_Transformer,0.9158,0.8799,0.7998,0.9592,0.8379,0.7829,0.9639,0.9246,OURS
Train3Val_Test,center,bio_core_dna_prot_spliceai,nt_v2_500m,esmc_600m,PyTorch_Gating,0.9114,0.8126,0.8764,0.9245,0.8433,0.7827,0.9641,0.9254,OURS
Train3Val_Test,center,bio_core_dna_prot,nt_v3_650m,esm1v_650m,Hybrid_Gating_XGBoost,0.9091,0.7939,0.8993,0.9128,0.8433,0.7827,0.966,0.9209,OURS
Train3Val_Test,center,bio_core_dna_prot_spliceai,nt_v3_650m,esm1v_650m,PyTorch_Gating,0.9122,0.8214,0.8655,0.9297,0.8429,0.7826,0.962,0.9169,OURS
Train3Val_Test,mean,bio_core_dna_prot_spliceai,nt_v3_650m,esm1b_650m,Pure_XGBoost_Concat,0.9093,0.7953,0.8975,0.9137,0.8433,0.7826,0.9654,0.9231,OURS
Train3Val_Test,cls,bio_dna_geom_prot,nt_v2_500m,esm1b_650m,Pure_XGBoost_Concat,0.9099,0.8012,0.8896,0.9175,0.8431,0.7823,0.9672,0.9285,OURS
Train3Val_Test,center,bio_core_dna_prot,nt_v3_650m,esm1v_650m,PyTorch_Gating,0.9098,0.7998,0.8914,0.9166,0.8431,0.7823,0.9657,0.9248,OURS
Train3Val_Test,center,bio_core_dna_prot,nt_v3_650m,esm1v_650m,Hybrid_CrossAttn_XGBoost,0.9093,0.7959,0.8963,0.9141,0.8431,0.7823,0.9649,0.9249,OURS
Train3Val_Test,center,bio_core_dna_prot_spliceai,nt_v3_650m,esm1v_650m,Hybrid_Gating_XGBoost,0.9093,0.7962,0.8957,0.9144,0.843,0.7822,0.9631,0.9216,OURS
Train3Val_Test,center,bio_core_dna_prot_spliceai,nt_v3_650m,esmc_600m,PyTorch_Concat,0.9091,0.7952,0.8969,0.9137,0.843,0.7821,0.9642,0.9272,OURS
Train3Val_Test,center,bio_core_dna_prot_spliceai,nt_v3_650m,esmc_600m,Hybrid_Gating_XGBoost,0.9096,0.799,0.892,0.9162,0.843,0.7821,0.964,0.9264,OURS
Train3Val_Test,center,bio_core_dna_prot,nt_v2_500m,esm1v_650m,Hybrid_Transformer_XGBoost,0.9088,0.7928,0.8999,0.9121,0.8429,0.7821,0.9652,0.9243,OURS
Train3Val_Test,center,bio_core_dna_prot_spliceai,nt_v1_500m,esm2_650m,Hybrid_Transformer_XGBoost,0.9104,0.8065,0.8824,0.9209,0.8427,0.7818,0.9615,0.9155,OURS
Train3Val_Test,center,bio_core_dna_prot,nt_v3_650m,esm1v_650m,Hybrid_Transformer_XGBoost,0.9093,0.7972,0.8938,0.915,0.8428,0.7818,0.9657,0.9241,OURS
Train3Val_Test,center,bio_core_dna_prot_spliceai,nt_v1_500m,esm1v_650m,Hybrid_Concat_XGBoost,0.9091,0.7961,0.8951,0.9144,0.8427,0.7817,0.9633,0.9182,OURS
Train3Val_Test,center,bio_core_dna_prot_spliceai,nt_v1_500m,esmc_600m,Hybrid_CrossAttn_XGBoost,0.9096,0.8,0.8902,0.9168,0.8427,0.7817,0.9623,0.9225,OURS
Train3Val_Test,center,bio_core_dna_prot,nt_v1_500m,esm1v_650m,Pure_XGBoost_Concat,0.9084,0.7919,0.8999,0.9117,0.8425,0.7815,0.9666,0.9243,OURS
Train3Val_Test,center,bio_core_dna_prot_spliceai,nt_v3_650m,esm1v_650m,PyTorch_Concat,0.9124,0.8275,0.8565,0.9333,0.8417,0.7814,0.9635,0.9205,OURS
Train3Val_Test,center,bio_core_dna_prot_spliceai,nt_v3_650m,esm1v_650m,Hybrid_Transformer_XGBoost,0.9093,0.7982,0.892,0.9157,0.8425,0.7814,0.9644,0.9204,OURS
Train3Val_Test,center,bio_core_dna_prot_spliceai,nt_v2_500m,esm2_650m,Hybrid_Concat_XGBoost,0.9098,0.8031,0.8854,0.9189,0.8422,0.7811,0.9623,0.9178,OURS
Train3Val_Test,center,bio_core_dna_prot_spliceai,nt_v2_500m,esm2_650m,Hybrid_CrossAttn_XGBoost,0.9101,0.8056,0.8824,0.9204,0.8423,0.7811,0.965,0.9211,OURS
Train3Val_Test,center,bio_core_dna_prot_spliceai,nt_v2_500m,esmc_600m,Hybrid_Gating_XGBoost,0.9096,0.802,0.8866,0.9182,0.8422,0.781,0.964,0.9237,OURS
Train3Val_Test,mean,bio_dna_prot,nt_v2_500m,esm1b_650m,PyTorch_Concat,0.9121,0.8262,0.8571,0.9326,0.8413,0.7808,0.9599,0.9151,OURS
Train3Val_Test,center,bio_core_dna_prot_spliceai,nt_v1_500m,esm1v_650m,PyTorch_Transformer,0.9121,0.8262,0.8571,0.9326,0.8413,0.7808,0.9608,0.9148,OURS
Train3Val_Test,center,bio_core_dna_prot,nt_v1_500m,esm1v_650m,PyTorch_CrossAttn,0.9107,0.8126,0.8733,0.9247,0.8419,0.7808,0.9623,0.9166,OURS
Train3Val_Test,center,bio_core_dna_prot,nt_v3_650m,esm1v_650m,PyTorch_Transformer,0.9104,0.8096,0.877,0.9229,0.8419,0.7808,0.9623,0.9171,OURS
Train3Val_Test,center,bio_core_dna_prot_spliceai,nt_v1_500m,esm1v_650m,Pure_XGBoost_Concat,0.9084,0.7941,0.8957,0.9132,0.8418,0.7805,0.9662,0.9242,OURS
Train3Val_Test,center,bio_core_prot_spliceai,,esm1v_650m,Hybrid_Concat_XGBoost,0.9078,0.7899,0.9005,0.9105,0.8416,0.7803,0.9628,0.9202,OURS
Train3Val_Test,center,bio_core_dna_prot_spliceai,nt_v3_650m,esm1v_650m,Hybrid_CrossAttn_XGBoost,0.9084,0.7947,0.8945,0.9137,0.8417,0.7803,0.964,0.9218,OURS
Train3Val_Test,center,bio_core_dna_prot_spliceai,nt_v3_650m,esm1b_650m,Hybrid_Gating_XGBoost,0.9089,0.7986,0.8896,0.9162,0.8417,0.7802,0.9632,0.9212,OURS
Train3Val_Test,center,bio_core_dna_prot_spliceai,nt_v3_650m,esm2_650m,PyTorch_Gating,0.9109,0.8162,0.8679,0.927,0.8413,0.7801,0.9616,0.9174,OURS
Train3Val_Test,center,bio_core_dna_prot_spliceai,nt_v3_650m,esm2_650m,PyTorch_Concat,0.9099,0.8075,0.8782,0.9218,0.8414,0.78,0.9606,0.9162,OURS
Train3Val_Test,mean,bio_dna_geom,nt_v2_500m,esm1b_650m,Pure_XGBoost_Concat,0.9094,0.8035,0.883,0.9193,0.8414,0.7799,0.965,0.9222,OURS
Train3Val_Test,center,bio_core_dna_prot_spliceai,nt_v2_500m,esm2_650m,PyTorch_CrossAttn,0.9124,0.8337,0.8468,0.9369,0.8402,0.7799,0.9616,0.9151,OURS
Train3Val_Test,center,bio_geom,nt_v1_500m,esmc_600m,PyTorch_Concat,0.9148,0.8856,0.7889,0.9619,0.8344,0.7797,0.9606,0.9214,OURS
Train3Val_Test,center,bio_core_dna_prot,nt_v2_500m,esm1v_650m,PyTorch_Concat,0.9106,0.8146,0.8691,0.9261,0.841,0.7797,0.9625,0.9206,OURS
Train3Val_Test,center,bio_core_dna_prot_spliceai,nt_v1_500m,esm1b_650m,PyTorch_Transformer,0.9116,0.8255,0.8559,0.9324,0.8404,0.7795,0.9605,0.9163,OURS
Train3Val_Test,mean,bio_core_dna_prot_spliceai,nt_v1_500m,esm1b_650m,Pure_XGBoost_Concat,0.9076,0.7911,0.8975,0.9114,0.8409,0.7793,0.9641,0.9198,OURS
Train3Val_Test,center,bio_core_dna_prot_spliceai,nt_v1_500m,esm2_650m,Hybrid_Concat_XGBoost,0.9086,0.799,0.8872,0.9166,0.8408,0.7791,0.9627,0.9184,OURS
Train3Val_Test,mean,bio_core_prot_spliceai,,esmc_600m,Pure_XGBoost_Concat,0.9075,0.7903,0.8981,0.911,0.8408,0.7791,0.9641,0.9229,OURS
Train3Val_Test,center,bio_core_dna_prot_spliceai,nt_v1_500m,esm1b_650m,PyTorch_Gating,0.9111,0.8218,0.8595,0.9304,0.8402,0.779,0.9607,0.9136,OURS
Train3Val_Test,center,bio_core_dna_prot_spliceai,nt_v2_500m,esm1b_650m,Hybrid_CrossAttn_XGBoost,0.9093,0.8047,0.88,0.9202,0.8407,0.7789,0.9623,0.9211,OURS
Train3Val_Test,center,bio_core_dna_prot,nt_v2_500m,esm1v_650m,Hybrid_Concat_XGBoost,0.9073,0.7896,0.8987,0.9105,0.8406,0.7789,0.965,0.9243,OURS
Train3Val_Test,mean,bio_core_dna_prot_spliceai,nt_v2_500m,esm1b_650m,PyTorch_CrossAttn,0.9106,0.8185,0.8625,0.9286,0.8399,0.7785,0.959,0.9102,OURS
Train3Val_Test,mean,bio_dna_prot,nt_v2_500m,esm1b_650m,PyTorch_CrossAttn,0.9121,0.8363,0.8414,0.9385,0.8388,0.7784,0.9585,0.9117,OURS
Train3Val_Test,mean,bio_core_prot_spliceai,,esm1b_650m,Pure_XGBoost_Concat,0.907,0.7885,0.8993,0.9098,0.8402,0.7784,0.9649,0.9221,OURS
Train3Val_Test,center,bio_dna_prot,nt_v1_500m,esmc_600m,PyTorch_Transformer,0.908,0.796,0.8896,0.9148,0.8402,0.7782,0.9625,0.9229,OURS
Train3Val_Test,center,bio_core_dna_prot_spliceai,nt_v2_500m,esm1b_650m,Hybrid_Concat_XGBoost,0.908,0.796,0.8896,0.9148,0.8402,0.7782,0.9641,0.9223,OURS
Train3Val_Test,mean,bio_core_dna_prot_spliceai,nt_v3_650m,esmc_600m,Pure_XGBoost_Concat,0.907,0.7888,0.8987,0.9101,0.8401,0.7782,0.964,0.923,OURS
Train3Val_Test,center,bio_core_dna_prot,nt_v3_650m,esm1v_650m,Hybrid_Concat_XGBoost,0.9076,0.7939,0.892,0.9135,0.8401,0.7781,0.9638,0.9211,OURS
Train3Val_Test,center,bio_core_dna_prot_spliceai,nt_v1_500m,esm1b_650m,Hybrid_Transformer_XGBoost,0.9084,0.8009,0.883,0.918,0.8399,0.7778,0.9615,0.9182,OURS
Train3Val_Test,mean,bio_core_dna_prot_spliceai,nt_v3_650m,esm2_650m,Pure_XGBoost_Concat,0.9076,0.7948,0.8902,0.9141,0.8398,0.7777,0.9635,0.9198,OURS
Train3Val_Test,center,bio_core_dna_prot_spliceai,nt_v3_650m,esmc_600m,Hybrid_CrossAttn_XGBoost,0.9078,0.7965,0.8878,0.9153,0.8397,0.7775,0.9644,0.9229,OURS
Train3Val_Test,center,bio_core_dna_prot,nt_v1_500m,esm1v_650m,Hybrid_Concat_XGBoost,0.9065,0.7869,0.8999,0.9089,0.8396,0.7775,0.9641,0.9223,OURS
Train3Val_Test,center,bio_core_dna_prot_spliceai,nt_v2_500m,esm1v_650m,Hybrid_Transformer_XGBoost,0.907,0.7912,0.8938,0.9119,0.8394,0.7771,0.9612,0.9149,OURS
Train3Val_Test,center,bio_dna_prot,nt_v1_500m,esmc_600m,Hybrid_CrossAttn_XGBoost,0.907,0.7916,0.8932,0.9121,0.8393,0.777,0.9637,0.9212,OURS
Train3Val_Test,center,bio_core_dna_prot,nt_v3_650m,esm1v_650m,PyTorch_Concat,0.9096,0.8143,0.8649,0.9263,0.8388,0.7768,0.9576,0.9108,OURS
Train3Val_Test,center,bio_core_dna_prot_spliceai,nt_v3_650m,esm2_650m,Hybrid_Transformer_XGBoost,0.9078,0.7985,0.8842,0.9166,0.8392,0.7767,0.9624,0.9162,OURS
Train3Val_Test,mean,bio_core_prot_spliceai,,esm1b_650m,PyTorch_Concat,0.9111,0.8314,0.8444,0.936,0.8378,0.7766,0.9583,0.9099,OURS
Train3Val_Test,center,bio_core_dna_prot,nt_v1_500m,esm1v_650m,PyTorch_Concat,0.9081,0.8023,0.8788,0.9191,0.8388,0.7763,0.961,0.9141,OURS
Train3Val_Test,center,bio_core_dna_prot,nt_v2_500m,esm1v_650m,PyTorch_CrossAttn,0.9109,0.8309,0.8444,0.9358,0.8376,0.7762,0.96,0.9129,OURS
Train3Val_Test,mean,bio_core_dna_prot_spliceai,nt_v2_500m,esm1b_650m,PyTorch_Transformer,0.9112,0.8358,0.8384,0.9385,0.8371,0.7761,0.9597,0.9092,OURS
Train3Val_Test,center,bio_core_dna_prot,nt_v2_500m,esm1v_650m,PyTorch_Gating,0.9084,0.8059,0.8739,0.9213,0.8385,0.776,0.9623,0.9176,OURS
Train3Val_Test,mean,bio_dna_prot,nt_v2_500m,esm1b_650m,Pure_XGBoost_Concat,0.9062,0.7882,0.8957,0.9101,0.8385,0.7759,0.9653,0.9232,OURS
Train3Val_Test,center,bio_core_dna_prot_spliceai,nt_v1_500m,esm2_650m,PyTorch_CrossAttn,0.9094,0.8164,0.8607,0.9277,0.8379,0.7757,0.9615,0.9131,OURS
Train3Val_Test,center,bio_core_dna_prot_spliceai,nt_v1_500m,esmc_600m,Hybrid_Gating_XGBoost,0.9073,0.7972,0.8842,0.9159,0.8384,0.7757,0.963,0.9199,OURS
Train3Val_Test,mean,bio_core_prot_spliceai,,esm2_650m,Pure_XGBoost_Concat,0.9065,0.7909,0.892,0.9119,0.8384,0.7757,0.964,0.9222,OURS
Train3Val_Test,center,bio_core_prot_spliceai,,esm1b_650m,PyTorch_Concat,0.9058,0.7865,0.8975,0.9089,0.8383,0.7756,0.9637,0.9226,OURS
Train3Val_Test,mean,bio_core_dna_prot_spliceai,nt_v3_650m,esm1b_650m,PyTorch_Concat,0.9089,0.8118,0.8661,0.9249,0.8381,0.7756,0.9591,0.9133,OURS
Train3Val_Test,mean,bio_geom,nt_v2_500m,esm1b_650m,Pure_XGBoost_Concat,0.9063,0.7905,0.892,0.9117,0.8382,0.7754,0.9656,0.9263,OURS
Train3Val_Test,center,bio_core_prot_spliceai,,esm1b_650m,Hybrid_Concat_XGBoost,0.907,0.7953,0.886,0.9148,0.8382,0.7754,0.9641,0.9246,OURS
Train3Val_Test,mean,bio_core_dna_prot_spliceai,nt_v3_650m,esmc_600m,PyTorch_Gating,0.9091,0.8144,0.8625,0.9265,0.8377,0.7753,0.9573,0.9101,OURS
Train3Val_Test,mean,bio_core_dna_prot_spliceai,nt_v1_500m,esm2_650m,Pure_XGBoost_Concat,0.9062,0.7901,0.892,0.9114,0.838,0.7751,0.9626,0.9187,OURS
Train3Val_Test,center,bio_core_dna_prot,nt_v1_500m,esm1v_650m,PyTorch_Gating,0.908,0.8056,0.8721,0.9213,0.8375,0.7747,0.9618,0.916,OURS
Train3Val_Test,mean,bio_core_prot_spliceai,,esm2_650m,PyTorch_Concat,0.9093,0.8181,0.8571,0.9288,0.8371,0.7747,0.959,0.9123,OURS
Train3Val_Test,mean,bio_core_dna_prot_spliceai,nt_v3_650m,esmc_600m,PyTorch_Concat,0.9101,0.8276,0.8456,0.9342,0.8365,0.7746,0.9582,0.9104,OURS
Train3Val_Test,center,bio_core_dna_prot_spliceai,nt_v1_500m,esm1b_650m,Hybrid_Gating_XGBoost,0.906,0.7906,0.8902,0.9119,0.8374,0.7743,0.962,0.9176,OURS
Train3Val_Test,center,bio_core_dna_prot,nt_v1_500m,esm1v_650m,Hybrid_Gating_XGBoost,0.9057,0.7882,0.8932,0.9103,0.8374,0.7743,0.9623,0.9172,OURS
Train3Val_Test,center,bio_geom_prot,nt_v1_500m,esmc_600m,PyTorch_Concat,0.9124,0.8702,0.7967,0.9556,0.8319,0.7742,0.9588,0.9126,OURS
Train3Val_Test,center,bio_core_dna_prot_spliceai,nt_v3_650m,esm1b_650m,Hybrid_Concat_XGBoost,0.9066,0.7958,0.8836,0.9153,0.8374,0.7742,0.962,0.9182,OURS
Train3Val_Test,mean,bio_core_prot_spliceai,,esmc_600m,Hybrid_Concat_XGBoost,0.9052,0.7851,0.8969,0.9083,0.8373,0.7742,0.9597,0.9155,OURS
Train3Val_Test,mean,bio_core_dna_prot_spliceai,nt_v3_650m,esm1b_650m,PyTorch_Gating,0.9101,0.8292,0.8432,0.9351,0.8361,0.7742,0.9595,0.914,OURS
Train3Val_Test,mean,bio_prot,,esm1b_650m,Pure_XGBoost_Concat,0.9052,0.7854,0.8963,0.9085,0.8372,0.774,0.9653,0.924,OURS
Train3Val_Test,mean,bio_prot,,esm1b_650m,Pure_XGBoost_Concat,0.9052,0.7854,0.8963,0.9085,0.8372,0.774,0.9653,0.924,OURS
Train3Val_Test,mean,bio_prot,,esm1b_650m,Pure_XGBoost_Concat,0.9052,0.7854,0.8963,0.9085,0.8372,0.774,0.9653,0.924,OURS
Train3Val_Test,cls,bio_core_dna_prot_spliceai,nt_v3_650m,esmc_600m,Pure_XGBoost_Concat,0.9052,0.7857,0.8957,0.9087,0.8371,0.7739,0.9622,0.9155,OURS
Train3Val_Test,center,bio_core_dna_prot_spliceai,nt_v2_500m,esm1v_650m,Hybrid_CrossAttn_XGBoost,0.9057,0.7894,0.8908,0.9112,0.8371,0.7738,0.9622,0.9169,OURS
Train3Val_Test,center,bio_core_dna_prot_spliceai,nt_v1_500m,esmc_600m,Hybrid_Transformer_XGBoost,0.9058,0.7908,0.889,0.9121,0.837,0.7737,0.9619,0.9197,OURS
Train3Val_Test,cls,bio_dna_geom,nt_v2_500m,esm1b_650m,Pure_XGBoost_Concat,0.9062,0.7938,0.8848,0.9141,0.8369,0.7735,0.9661,0.9262,OURS
Train3Val_Test,center,bio_core_dna_prot_spliceai,nt_v1_500m,esm1v_650m,Hybrid_Transformer_XGBoost,0.9053,0.7877,0.8926,0.9101,0.8369,0.7735,0.9593,0.9102,OURS
Train3Val_Test,center,bio_core_dna_prot,nt_v2_500m,esm1v_650m,Hybrid_CrossAttn_XGBoost,0.9055,0.7899,0.889,0.9117,0.8365,0.7731,0.9646,0.9212,OURS
Train3Val_Test,cls,bio_prot,,esm1b_650m,PyTorch_Concat,0.9093,0.8244,0.8468,0.9326,0.8355,0.773,0.9587,0.9088,OURS
Train3Val_Test,cls,bio_prot,,esm1b_650m,PyTorch_Concat,0.9093,0.8244,0.8468,0.9326,0.8355,0.773,0.9587,0.9088,OURS
Train3Val_Test,cls,bio_prot,,esm1b_650m,PyTorch_Concat,0.9093,0.8244,0.8468,0.9326,0.8355,0.773,0.9587,0.9088,OURS
Train3Val_Test,center,bio_core_dna_prot_spliceai,nt_v1_500m,esm1v_650m,Hybrid_CrossAttn_XGBoost,0.9052,0.7878,0.8914,0.9103,0.8364,0.7729,0.9611,0.9148,OURS
Train3Val_Test,center,bio_core_dna_prot,nt_v2_500m,esm1v_650m,Hybrid_Gating_XGBoost,0.9058,0.7927,0.8854,0.9135,0.8365,0.7729,0.9623,0.9196,OURS
Train3Val_Test,mean,bio_core_prot_spliceai,,esm1b_650m,Hybrid_Concat_XGBoost,0.9057,0.7916,0.8866,0.9128,0.8364,0.7729,0.9577,0.9092,OURS
Train3Val_Test,center,bio_core_dna_prot_spliceai,nt_v3_650m,esm2_650m,Hybrid_Gating_XGBoost,0.9058,0.793,0.8848,0.9137,0.8364,0.7728,0.9601,0.9154,OURS
Train3Val_Test,mean,bio_core_prot_spliceai,,esmc_600m,PyTorch_Concat,0.9098,0.8313,0.8384,0.9364,0.8348,0.7728,0.9567,0.9119,OURS
Train3Val_Test,center,bio_core_dna_prot_spliceai,nt_v1_500m,esm2_650m,PyTorch_Transformer,0.9103,0.8406,0.8269,0.9414,0.8337,0.7723,0.9605,0.9122,OURS
Train3Val_Test,center,bio_core_dna_prot_spliceai,nt_v3_650m,esm1b_650m,PyTorch_CrossAttn,0.9089,0.8235,0.8468,0.9322,0.835,0.7723,0.9584,0.9134,OURS
Train3Val_Test,center,bio_core_dna_prot_spliceai,nt_v2_500m,esm1v_650m,PyTorch_Concat,0.9055,0.7921,0.8848,0.9132,0.8359,0.7721,0.9622,0.9186,OURS
Train3Val_Test,mean,bio_dna_prot,nt_v2_500m,esm1b_650m,PyTorch_Gating,0.906,0.7966,0.8788,0.9162,0.8357,0.7719,0.9594,0.9125,OURS
Train3Val_Test,center,bio_core_dna_prot_spliceai,nt_v2_500m,esm1b_650m,PyTorch_Concat,0.9066,0.8023,0.8715,0.9198,0.8355,0.7718,0.9586,0.9155,OURS
Train3Val_Test,center,bio_core_dna_prot_spliceai,nt_v2_500m,esm2_650m,Hybrid_Gating_XGBoost,0.9058,0.7955,0.88,0.9155,0.8356,0.7718,0.962,0.9191,OURS
Train3Val_Test,mean,bio_core_dna_prot_spliceai,nt_v2_500m,esmc_600m,PyTorch_Concat,0.9088,0.8234,0.8462,0.9322,0.8346,0.7718,0.9531,0.9055,OURS
Train3Val_Test,center,bio_dna_geom_prot,nt_v1_500m,esmc_600m,PyTorch_CrossAttn,0.9084,0.8205,0.8492,0.9306,0.8346,0.7716,0.9587,0.9118,OURS
Train3Val_Test,center,bio_core_dna_prot_spliceai,nt_v2_500m,esm1b_650m,PyTorch_CrossAttn,0.9055,0.7934,0.8824,0.9141,0.8355,0.7716,0.9604,0.9161,OURS
Train3Val_Test,center,bio_core_dna_prot_spliceai,nt_v3_650m,esm1b_650m,PyTorch_Concat,0.908,0.8154,0.8552,0.9277,0.8349,0.7715,0.9612,0.9174,OURS
Train3Val_Test,mean,bio_core_dna_prot_spliceai,nt_v2_500m,esm1v_650m,PyTorch_Gating,0.9088,0.8245,0.8444,0.9328,0.8343,0.7715,0.9556,0.8998,OURS
Train3Val_Test,center,bio_core_dna_prot_spliceai,nt_v3_650m,esmc_600m,PyTorch_Gating,0.9058,0.7965,0.8782,0.9162,0.8353,0.7714,0.9648,0.9264,OURS
Train3Val_Test,center,bio_core_dna_prot_spliceai,nt_v2_500m,esm1b_650m,PyTorch_Transformer,0.9078,0.8142,0.8565,0.927,0.8348,0.7714,0.957,0.9083,OURS
Train3Val_Test,mean,bio_core_dna_prot_spliceai,nt_v2_500m,esm1v_650m,Pure_XGBoost_Concat,0.9045,0.7868,0.8902,0.9098,0.8353,0.7713,0.9617,0.9117,OURS
Train3Val_Test,mean,bio_core_dna_prot,nt_v3_650m,esm1v_650m,PyTorch_CrossAttn,0.9094,0.8335,0.8335,0.9378,0.8335,0.7713,0.9577,0.903,OURS
Train3Val_Test,mean,bio_core_dna_prot,nt_v2_500m,esm1v_650m,Pure_XGBoost_Concat,0.9045,0.7868,0.8902,0.9098,0.8353,0.7713,0.962,0.9115,OURS
Train3Val_Test,center,bio_core_dna_prot_spliceai,nt_v1_500m,esm1v_650m,PyTorch_Gating,0.9045,0.7874,0.889,0.9103,0.8351,0.7711,0.9618,0.9142,OURS
Train3Val_Test,center,bio_core_dna_prot_spliceai,nt_v1_500m,esmc_600m,PyTorch_Concat,0.9084,0.8231,0.845,0.9322,0.8339,0.7709,0.9576,0.9095,OURS
Train3Val_Test,center,bio_core_dna_prot_spliceai,nt_v2_500m,esm2_650m,PyTorch_Concat,0.9083,0.8212,0.8474,0.931,0.8341,0.7709,0.9617,0.9147,OURS
Train3Val_Test,mean,bio_dna_prot,nt_v2_500m,esm1b_650m,Hybrid_Concat_XGBoost,0.9048,0.7904,0.8848,0.9123,0.8349,0.7708,0.9588,0.9118,OURS
Train3Val_Test,mean,bio_core_dna_prot_spliceai,nt_v3_650m,esm1b_650m,PyTorch_CrossAttn,0.9066,0.805,0.8667,0.9216,0.8347,0.7708,0.9554,0.9039,OURS
Train3Val_Test,mean,bio_geom,nt_v2_500m,esm1b_650m,PyTorch_Concat,0.9096,0.8389,0.8263,0.9407,0.8326,0.7707,0.9566,0.9127,OURS
Train3Val_Test,center,bio_core_dna_prot_spliceai,nt_v2_500m,esm2_650m,PyTorch_Gating,0.9076,0.8148,0.8546,0.9274,0.8343,0.7707,0.9608,0.9154,OURS
Train3Val_Test,center,bio_core_dna_prot_spliceai,nt_v3_650m,esm1v_650m,PyTorch_Transformer,0.9048,0.7914,0.883,0.913,0.8347,0.7704,0.9613,0.9155,OURS
Train3Val_Test,mean,bio_core_dna_prot_spliceai,nt_v2_500m,esm1v_650m,PyTorch_CrossAttn,0.9065,0.8049,0.8661,0.9216,0.8344,0.7704,0.9581,0.899,OURS
Train3Val_Test,mean,bio_core_dna_prot,nt_v3_650m,esm1v_650m,Hybrid_Concat_XGBoost,0.9045,0.7892,0.8854,0.9117,0.8346,0.7703,0.9595,0.9108,OURS
Train3Val_Test,mean,bio_core_dna_prot_spliceai,nt_v2_500m,esm1b_650m,PyTorch_Gating,0.905,0.7937,0.8794,0.9146,0.8343,0.77,0.9587,0.9101,OURS
Train3Val_Test,center,bio_core_dna_prot_spliceai,nt_v3_650m,esm1v_650m,Hybrid_Concat_XGBoost,0.9039,0.7854,0.8896,0.9092,0.8343,0.7699,0.9614,0.9149,OURS
Train3Val_Test,center,bio_core_dna_prot,nt_v2_500m,esm1v_650m,PyTorch_Transformer,0.9053,0.7965,0.8758,0.9164,0.8342,0.7699,0.9595,0.9146,OURS
Train3Val_Test,center,bio_core_dna_prot_spliceai,nt_v1_500m,esm2_650m,Hybrid_CrossAttn_XGBoost,0.9057,0.7997,0.8715,0.9184,0.8341,0.7697,0.9595,0.9091,OURS
Train3Val_Test,mean,bio_dna_prot,nt_v2_500m,esm1b_650m,Hybrid_Gating_XGBoost,0.9039,0.7863,0.8878,0.9098,0.834,0.7695,0.9593,0.9154,OURS
Train3Val_Test,mean,bio_core_dna_prot_spliceai,nt_v1_500m,esmc_600m,Pure_XGBoost_Concat,0.9035,0.784,0.8908,0.9083,0.834,0.7695,0.963,0.9213,OURS
Train3Val_Test,center,bio_core_dna_prot,nt_v1_500m,esm1v_650m,Hybrid_Transformer_XGBoost,0.9034,0.783,0.892,0.9076,0.8339,0.7694,0.9621,0.9155,OURS
Train3Val_Test,center,bio_core_dna_prot_spliceai,nt_v2_500m,esm1v_650m,Hybrid_Gating_XGBoost,0.9039,0.7866,0.8872,0.9101,0.8339,0.7693,0.9609,0.9123,OURS
Train3Val_Test,mean,bio_core_dna_prot,nt_v1_500m,esm1v_650m,PyTorch_CrossAttn,0.9063,0.8065,0.8625,0.9227,0.8336,0.7693,0.9583,0.904,OURS
Train3Val_Test,mean,bio_core_dna_prot_spliceai,nt_v2_500m,esm1b_650m,PyTorch_Concat,0.9093,0.8417,0.8209,0.9423,0.8311,0.7692,0.9558,0.9055,OURS
Train3Val_Test,mean,bio_core_dna_prot_spliceai,nt_v2_500m,esmc_600m,Pure_XGBoost_Concat,0.9029,0.7805,0.8945,0.906,0.8336,0.769,0.9627,0.9214,OURS
Train3Val_Test,mean,bio_core_prot_spliceai,,esm1v_650m,Pure_XGBoost_Concat,0.9029,0.7808,0.8938,0.9062,0.8335,0.7689,0.9633,0.9145,OURS
Train3Val_Test,mean,bio_core_dna_prot_spliceai,nt_v3_650m,esmc_600m,PyTorch_CrossAttn,0.9086,0.8367,0.8251,0.9398,0.8309,0.7683,0.9526,0.9014,OURS
Train3Val_Test,mean,bio_core_dna_prot_spliceai,nt_v2_500m,esm2_650m,Pure_XGBoost_Concat,0.9035,0.787,0.8848,0.9105,0.833,0.7681,0.9633,0.9183,OURS
Train3Val_Test,center,bio_core_dna_prot_spliceai,nt_v1_500m,esm2_650m,PyTorch_Concat,0.9063,0.8115,0.854,0.9259,0.8322,0.7678,0.9569,0.9111,OURS
Train3Val_Test,center,bio_core_dna_prot_spliceai,nt_v2_500m,esm1v_650m,PyTorch_Transformer,0.9055,0.8036,0.8637,0.9211,0.8326,0.7678,0.9592,0.9132,OURS
Train3Val_Test,center,bio_core_dna_prot_spliceai,nt_v2_500m,esm1v_650m,Hybrid_Concat_XGBoost,0.9025,0.7809,0.892,0.9065,0.8328,0.7678,0.9622,0.9166,OURS
Train3Val_Test,center,bio_core_dna_prot_spliceai,nt_v1_500m,esm2_650m,PyTorch_Gating,0.9047,0.797,0.8715,0.9171,0.8326,0.7677,0.9611,0.9142,OURS
Train3Val_Test,center,bio_core_dna_prot_spliceai,nt_v1_500m,esmc_600m,PyTorch_Gating,0.9043,0.7942,0.8752,0.9153,0.8327,0.7677,0.962,0.9202,OURS
Train3Val_Test,mean,bio_core_dna_prot_spliceai,nt_v3_650m,esmc_600m,Hybrid_Concat_XGBoost,0.903,0.7848,0.8866,0.9092,0.8326,0.7675,0.9587,0.9138,OURS
Train3Val_Test,cls,bio_dna_prot,nt_v2_500m,esm1b_650m,Hybrid_Concat_XGBoost,0.9034,0.7881,0.8818,0.9114,0.8323,0.7671,0.9577,0.9078,OURS
Train3Val_Test,mean,bio_dna_prot,nt_v2_500m,esm1b_650m,Hybrid_Transformer_XGBoost,0.9034,0.7885,0.8812,0.9117,0.8322,0.767,0.9606,0.9163,OURS
Train3Val_Test,mean,bio_core_dna_prot_spliceai,nt_v1_500m,esmc_600m,PyTorch_CrossAttn,0.9078,0.8321,0.8281,0.9376,0.8301,0.7668,0.9527,0.9048,OURS
Train3Val_Test,cls,bio_dna_prot,nt_v2_500m,esm1b_650m,Pure_XGBoost_Concat,0.9017,0.778,0.8938,0.9047,0.8319,0.7666,0.962,0.9129,OURS
Train3Val_Test,cls,bio_prot,,esm1b_650m,Hybrid_Concat_XGBoost,0.903,0.7873,0.8818,0.911,0.8319,0.7665,0.9601,0.9101,OURS
Train3Val_Test,cls,bio_prot,,esm1b_650m,Hybrid_Concat_XGBoost,0.903,0.7873,0.8818,0.911,0.8319,0.7665,0.9601,0.9101,OURS
Train3Val_Test,cls,bio_prot,,esm1b_650m,Hybrid_Concat_XGBoost,0.903,0.7873,0.8818,0.911,0.8319,0.7665,0.9601,0.9101,OURS
Train3Val_Test,center,bio_core_dna_prot_spliceai,nt_v2_500m,esm1v_650m,PyTorch_CrossAttn,0.9019,0.7792,0.892,0.9056,0.8318,0.7665,0.9607,0.9144,OURS
Train3Val_Test,cls,bio_core_prot_spliceai,,esmc_600m,PyTorch_Concat,0.9053,0.8059,0.8589,0.9227,0.8315,0.7665,0.9558,0.9011,OURS
Train3Val_Test,mean,bio_core_dna_prot,nt_v3_650m,esm1v_650m,Pure_XGBoost_Concat,0.9017,0.7782,0.8932,0.9049,0.8318,0.7664,0.963,0.9131,OURS
Train3Val_Test,cls,bio_core_prot_spliceai,,esm1b_650m,PyTorch_Concat,0.9047,0.801,0.8643,0.9198,0.8314,0.7662,0.9564,0.9014,OURS
Train3Val_Test,mean,bio_core_dna_prot_spliceai,nt_v1_500m,esm1b_650m,PyTorch_CrossAttn,0.9084,0.8468,0.81,0.9452,0.828,0.766,0.9555,0.9075,OURS
Train3Val_Test,mean,bio_core_dna_prot_spliceai,nt_v3_650m,esm1v_650m,Pure_XGBoost_Concat,0.9021,0.7814,0.8884,0.9071,0.8315,0.766,0.9626,0.9144,OURS
Train3Val_Test,mean,bio_core_dna_prot_spliceai,nt_v2_500m,esm1v_650m,PyTorch_Transformer,0.9078,0.8362,0.8221,0.9398,0.8291,0.766,0.9564,0.9001,OURS
Train3Val_Test,cls,bio_core_dna_prot_spliceai,nt_v3_650m,esm1b_650m,Pure_XGBoost_Concat,0.9016,0.7787,0.8914,0.9053,0.8313,0.7657,0.9625,0.9149,OURS
Train3Val_Test,mean,bio_core_dna_prot_spliceai,nt_v3_650m,esmc_600m,PyTorch_Transformer,0.9047,0.8024,0.8619,0.9207,0.8311,0.7657,0.9576,0.9117,OURS
Train3Val_Test,center,bio_core_dna_prot_spliceai,nt_v2_500m,esm1v_650m,PyTorch_Gating,0.9035,0.7936,0.8721,0.9153,0.831,0.7654,0.96,0.9139,OURS
Train3Val_Test,mean,bio_core_dna_prot_spliceai,nt_v2_500m,esmc_600m,Hybrid_CrossAttn_XGBoost,0.9019,0.7816,0.8872,0.9074,0.8311,0.7654,0.9584,0.9117,OURS
Train3Val_Test,center,bio_core_dna_prot_spliceai,nt_v2_500m,esm2_650m,PyTorch_Transformer,0.9025,0.7866,0.8806,0.9108,0.831,0.7652,0.9618,0.9171,OURS
Train3Val_Test,cls,bio_prot,,esm1b_650m,Pure_XGBoost_Concat,0.9011,0.7769,0.8926,0.9042,0.8308,0.765,0.9628,0.9137,OURS
Train3Val_Test,cls,bio_prot,,esm1b_650m,Pure_XGBoost_Concat,0.9011,0.7769,0.8926,0.9042,0.8308,0.765,0.9628,0.9137,OURS
Train3Val_Test,cls,bio_prot,,esm1b_650m,Pure_XGBoost_Concat,0.9011,0.7769,0.8926,0.9042,0.8308,0.765,0.9628,0.9137,OURS
Train3Val_Test,mean,bio_core_prot_spliceai,,esm1v_650m,PyTorch_Concat,0.9058,0.8159,0.8444,0.9288,0.8299,0.765,0.9579,0.9049,OURS
Train3Val_Test,mean,bio_core_dna_prot,nt_v2_500m,esm1v_650m,PyTorch_Gating,0.9045,0.8036,0.8589,0.9216,0.8303,0.7648,0.957,0.9011,OURS
Train3Val_Test,mean,bio_core_dna_prot,nt_v1_500m,esm1v_650m,PyTorch_Concat,0.905,0.8092,0.8516,0.9249,0.8299,0.7645,0.9576,0.9044,OURS
Train3Val_Test,mean,bio_core_dna_prot,nt_v3_650m,esm1v_650m,PyTorch_Gating,0.9034,0.7948,0.8691,0.9162,0.8303,0.7644,0.9593,0.9078,OURS
Train3Val_Test,center,bio_core_dna_prot,nt_v1_500m,esm1v_650m,PyTorch_Transformer,0.903,0.7926,0.8715,0.9148,0.8302,0.7643,0.9603,0.9117,OURS
Train3Val_Test,mean,bio_core_dna_prot,nt_v1_500m,esm1v_650m,PyTorch_Gating,0.9035,0.7966,0.8667,0.9173,0.8302,0.7643,0.9572,0.9051,OURS
Train3Val_Test,cls,bio_core_dna_prot_spliceai,nt_v1_500m,esm1b_650m,PyTorch_Transformer,0.9063,0.8245,0.8329,0.9337,0.8287,0.7642,0.9552,0.9009,OURS
Train3Val_Test,mean,bio_core_dna_prot_spliceai,nt_v1_500m,esm1v_650m,Pure_XGBoost_Concat,0.9014,0.7813,0.8854,0.9074,0.8301,0.764,0.9627,0.9138,OURS
Train3Val_Test,mean,bio_core_dna_prot_spliceai,nt_v3_650m,esm2_650m,PyTorch_Gating,0.903,0.7933,0.8703,0.9153,0.83,0.764,0.9596,0.9097,OURS
Train3Val_Test,mean,bio_core_dna_prot_spliceai,nt_v2_500m,esm1v_650m,PyTorch_Concat,0.9058,0.8196,0.8384,0.931,0.8289,0.764,0.9549,0.8968,OURS
Train3Val_Test,mean,bio_core_dna_prot_spliceai,nt_v2_500m,esmc_600m,PyTorch_CrossAttn,0.908,0.8527,0.7998,0.9484,0.8254,0.7637,0.9518,0.9038,OURS
Train3Val_Test,mean,bio_core_dna_prot,nt_v3_650m,esm1v_650m,Hybrid_Gating_XGBoost,0.9019,0.7853,0.88,0.9101,0.8299,0.7637,0.9594,0.9064,OURS
Train3Val_Test,mean,bio_dna_prot,nt_v2_500m,esm1b_650m,Hybrid_CrossAttn_XGBoost,0.9017,0.7851,0.8794,0.9101,0.8296,0.7633,0.9594,0.9143,OURS
Train3Val_Test,mean,bio_core_dna_prot_spliceai,nt_v2_500m,esmc_600m,PyTorch_Transformer,0.9052,0.8154,0.842,0.9288,0.8285,0.7632,0.9531,0.9056,OURS
Train3Val_Test,mean,bio_core_dna_prot_spliceai,nt_v3_650m,esm1b_650m,Hybrid_CrossAttn_XGBoost,0.9019,0.7868,0.877,0.9112,0.8294,0.7631,0.9556,0.9063,OURS
Train3Val_Test,center,bio_core_dna_prot_spliceai,nt_v1_500m,esm1v_650m,Hybrid_Gating_XGBoost,0.9009,0.78,0.8854,0.9067,0.8294,0.763,0.9606,0.9126,OURS
Train3Val_Test,cls,bio_core_prot_spliceai,,esmc_600m,Pure_XGBoost_Concat,0.9002,0.7757,0.8908,0.9038,0.8293,0.7629,0.9613,0.9154,OURS
Train3Val_Test,mean,bio_core_dna_prot_spliceai,nt_v1_500m,esm1v_650m,PyTorch_CrossAttn,0.906,0.8258,0.8293,0.9346,0.8276,0.7629,0.9571,0.9018,OURS
Train3Val_Test,mean,bio_core_dna_prot_spliceai,nt_v1_500m,esm1v_650m,PyTorch_Transformer,0.9039,0.8032,0.8565,0.9216,0.829,0.7629,0.9577,0.9056,OURS
Train3Val_Test,cls,bio_core_dna_prot_spliceai,nt_v3_650m,esm1b_650m,Hybrid_Concat_XGBoost,0.9004,0.777,0.889,0.9047,0.8293,0.7628,0.9587,0.9024,OURS
Train3Val_Test,mean,bio_core_dna_prot_spliceai,nt_v3_650m,esmc_600m,Hybrid_CrossAttn_XGBoost,0.9001,0.775,0.8914,0.9033,0.8292,0.7628,0.9581,0.9125,OURS
Train3Val_Test,center,bio_dna_geom_prot,nt_v1_500m,esmc_600m,Hybrid_Concat_XGBoost,0.9084,0.8788,0.7696,0.9603,0.8206,0.7625,0.9585,0.911,OURS
Train3Val_Test,center,bio_core_dna_prot_spliceai,nt_v2_500m,esm1b_650m,PyTorch_Gating,0.9002,0.7766,0.889,0.9044,0.829,0.7625,0.9627,0.9182,OURS
Train3Val_Test,mean,bio_core_dna_prot_spliceai,nt_v2_500m,esm2_650m,PyTorch_CrossAttn,0.9063,0.832,0.8215,0.938,0.8267,0.7625,0.9537,0.9015,OURS
Train3Val_Test,mean,bio_core_dna_prot_spliceai,nt_v2_500m,esm2_650m,Hybrid_Concat_XGBoost,0.9016,0.7859,0.877,0.9108,0.829,0.7624,0.9571,0.9087,OURS
Train3Val_Test,center,bio_core_dna_prot_spliceai,nt_v1_500m,esm2_650m,Hybrid_Gating_XGBoost,0.9014,0.7849,0.8782,0.9101,0.8289,0.7623,0.9605,0.9152,OURS
Train3Val_Test,mean,bio_core_dna_prot_spliceai,nt_v3_650m,esm2_650m,Hybrid_Transformer_XGBoost,0.9004,0.7782,0.8866,0.9056,0.8289,0.7623,0.9577,0.9101,OURS
Train3Val_Test,mean,bio_core_dna_prot_spliceai,nt_v2_500m,esmc_600m,PyTorch_Gating,0.9035,0.8023,0.8565,0.9211,0.8285,0.7623,0.9537,0.9063,OURS
Train3Val_Test,mean,bio_core_dna_prot,nt_v3_650m,esm1v_650m,Hybrid_Transformer_XGBoost,0.9011,0.7825,0.8812,0.9085,0.8289,0.7623,0.9573,0.9055,OURS
Train3Val_Test,mean,bio_core_dna_prot_spliceai,nt_v2_500m,esmc_600m,Hybrid_Transformer_XGBoost,0.9017,0.7876,0.8745,0.9119,0.8288,0.7622,0.9572,0.9123,OURS
Train3Val_Test,mean,bio_core_dna_prot_spliceai,nt_v1_500m,esm1b_650m,PyTorch_Transformer,0.9055,0.824,0.8299,0.9337,0.8269,0.7619,0.9556,0.9072,OURS
Train3Val_Test,cls,bio_dna_prot,nt_v2_500m,esm1b_650m,Hybrid_CrossAttn_XGBoost,0.9014,0.7861,0.8758,0.911,0.8285,0.7618,0.9566,0.9069,OURS
Train3Val_Test,cls,bio_core_dna_prot,nt_v3_650m,esm1v_650m,PyTorch_Transformer,0.9075,0.857,0.7919,0.9506,0.8232,0.7618,0.9549,0.8951,OURS
Train3Val_Test,mean,bio_core_dna_prot_spliceai,nt_v3_650m,esm1b_650m,Hybrid_Gating_XGBoost,0.9011,0.7838,0.8788,0.9094,0.8285,0.7618,0.9558,0.9064,OURS
Train3Val_Test,mean,bio_core_dna_prot_spliceai,nt_v2_500m,esm1b_650m,Hybrid_Gating_XGBoost,0.9004,0.7791,0.8848,0.9062,0.8286,0.7618,0.9588,0.9101,OURS
Train3Val_Test,mean,bio_core_dna_prot_spliceai,nt_v2_500m,esm2_650m,PyTorch_Transformer,0.9057,0.8268,0.8263,0.9353,0.8265,0.7618,0.9563,0.9048,OURS
Train3Val_Test,mean,bio_core_dna_prot,nt_v2_500m,esm1v_650m,PyTorch_Transformer,0.9057,0.8268,0.8263,0.9353,0.8265,0.7618,0.9561,0.8977,OURS
Train3Val_Test,cls,bio_core_dna_prot,nt_v1_500m,esm1v_650m,Pure_XGBoost_Concat,0.9004,0.7794,0.8842,0.9065,0.8285,0.7617,0.9603,0.9106,OURS
Train3Val_Test,mean,bio_core_dna_prot,nt_v1_500m,esm1v_650m,Hybrid_Concat_XGBoost,0.9009,0.7827,0.88,0.9087,0.8285,0.7617,0.9579,0.9078,OURS
Train3Val_Test,cls,bio_core_prot_spliceai,,esm1b_650m,Pure_XGBoost_Concat,0.8993,0.7722,0.8932,0.9015,0.8283,0.7616,0.962,0.9124,OURS
Train3Val_Test,cls,bio_core_dna_prot_spliceai,nt_v3_650m,esmc_600m,PyTorch_Transformer,0.9057,0.828,0.8245,0.936,0.8262,0.7615,0.9522,0.8998,OURS
Train3Val_Test,cls,bio_core_dna_prot,nt_v2_500m,esm1v_650m,Hybrid_CrossAttn_XGBoost,0.9012,0.7857,0.8758,0.9108,0.8283,0.7615,0.9551,0.9053,OURS
Train3Val_Test,mean,bio_core_dna_prot_spliceai,nt_v3_650m,esm2_650m,Hybrid_Concat_XGBoost,0.9006,0.781,0.8818,0.9076,0.8283,0.7615,0.9572,0.9085,OURS
Train3Val_Test,cls,bio_core_dna_prot_spliceai,nt_v1_500m,esm1b_650m,PyTorch_CrossAttn,0.9035,0.805,0.8516,0.9229,0.8277,0.7613,0.9538,0.8964,OURS
Train3Val_Test,mean,bio_core_dna_prot_spliceai,nt_v1_500m,esm1b_650m,Hybrid_Gating_XGBoost,0.9002,0.7796,0.883,0.9067,0.8281,0.7611,0.957,0.9077,OURS
Train3Val_Test,mean,bio_core_dna_prot_spliceai,nt_v1_500m,esmc_600m,PyTorch_Transformer,0.905,0.8213,0.8317,0.9324,0.8265,0.7611,0.9514,0.9029,OURS
Train3Val_Test,cls,bio_core_dna_prot_spliceai,nt_v3_650m,esmc_600m,PyTorch_Gating,0.9055,0.8279,0.8239,0.936,0.8259,0.761,0.9518,0.8961,OURS
Train3Val_Test,mean,bio_core_dna_prot_spliceai,nt_v3_650m,esm2_650m,PyTorch_Concat,0.903,0.8016,0.8552,0.9209,0.8275,0.761,0.9577,0.9072,OURS
Train3Val_Test,mean,bio_core_dna_prot,nt_v2_500m,esm1v_650m,PyTorch_CrossAttn,0.9066,0.8462,0.8028,0.9455,0.8239,0.7609,0.9561,0.8932,OURS
Train3Val_Test,mean,bio_prot,,esm1b_650m,Hybrid_Concat_XGBoost,0.9016,0.79,0.8691,0.9137,0.8277,0.7607,0.96,0.9142,OURS
Train3Val_Test,mean,bio_prot,,esm1b_650m,Hybrid_Concat_XGBoost,0.9016,0.79,0.8691,0.9137,0.8277,0.7607,0.96,0.9142,OURS
Train3Val_Test,mean,bio_prot,,esm1b_650m,Hybrid_Concat_XGBoost,0.9016,0.79,0.8691,0.9137,0.8277,0.7607,0.96,0.9142,OURS
Train3Val_Test,mean,bio_core_dna_prot_spliceai,nt_v3_650m,esm1b_650m,Hybrid_Concat_XGBoost,0.9002,0.7804,0.8812,0.9074,0.8278,0.7607,0.9579,0.9124,OURS
Train3Val_Test,mean,bio_core_dna_prot,nt_v3_650m,esm1v_650m,Hybrid_CrossAttn_XGBoost,0.9006,0.7828,0.8782,0.9089,0.8277,0.7607,0.9577,0.9038,OURS
Train3Val_Test,mean,bio_core_dna_prot,nt_v1_500m,esm1v_650m,PyTorch_Transformer,0.9039,0.8113,0.8426,0.9268,0.8266,0.7604,0.9575,0.9019,OURS
Train3Val_Test,mean,bio_core_dna_prot,nt_v1_500m,esm1v_650m,Hybrid_CrossAttn_XGBoost,0.9006,0.7834,0.877,0.9094,0.8275,0.7604,0.9574,0.9024,OURS
Train3Val_Test,cls,bio_core_prot_spliceai,,esm1v_650m,Pure_XGBoost_Concat,0.8994,0.7757,0.8866,0.9042,0.8275,0.7603,0.962,0.9116,OURS
Train3Val_Test,mean,bio_core_dna_prot_spliceai,nt_v2_500m,esm2_650m,PyTorch_Concat,0.905,0.8248,0.8263,0.9344,0.8255,0.7603,0.9553,0.9029,OURS
Train3Val_Test,mean,bio_core_dna_prot_spliceai,nt_v2_500m,esmc_600m,Hybrid_Gating_XGBoost,0.8998,0.778,0.8836,0.9058,0.8274,0.7603,0.9553,0.908,OURS
Train3Val_Test,mean,bio_core_dna_prot,nt_v2_500m,esm1v_650m,Hybrid_Concat_XGBoost,0.9002,0.7814,0.8794,0.908,0.8275,0.7603,0.9579,0.9068,OURS
Train3Val_Test,cls,bio_core_dna_prot_spliceai,nt_v3_650m,esm1b_650m,PyTorch_Concat,0.9057,0.8345,0.8148,0.9396,0.8245,0.7601,0.9545,0.9003,OURS
Train3Val_Test,cls,bio_core_dna_prot_spliceai,nt_v1_500m,esm1b_650m,Pure_XGBoost_Concat,0.8978,0.7663,0.8981,0.8977,0.827,0.7599,0.9613,0.9143,OURS
Train3Val_Test,cls,bio_dna_prot,nt_v2_500m,esm1b_650m,PyTorch_Transformer,0.905,0.8272,0.8227,0.9358,0.8249,0.7597,0.9511,0.8914,OURS
Train3Val_Test,cls,bio_core_dna_prot,nt_v1_500m,esm1v_650m,PyTorch_Transformer,0.9029,0.8039,0.8504,0.9225,0.8265,0.7597,0.9552,0.8988,OURS
Train3Val_Test,mean,bio_core_dna_prot_spliceai,nt_v1_500m,esmc_600m,PyTorch_Gating,0.9019,0.7951,0.8613,0.9171,0.8269,0.7597,0.9518,0.9031,OURS
Train3Val_Test,mean,bio_core_dna_prot_spliceai,nt_v3_650m,esm2_650m,PyTorch_CrossAttn,0.9035,0.8107,0.842,0.9265,0.826,0.7596,0.9534,0.9014,OURS
Train3Val_Test,cls,bio_core_dna_prot_spliceai,nt_v2_500m,esmc_600m,Pure_XGBoost_Concat,0.8984,0.771,0.8914,0.9011,0.8269,0.7595,0.9608,0.9138,OURS
Train3Val_Test,mean,bio_core_dna_prot_spliceai,nt_v1_500m,esm1b_650m,PyTorch_Gating,0.9006,0.7856,0.8727,0.911,0.8269,0.7595,0.9567,0.9083,OURS
Train3Val_Test,mean,bio_core_dna_prot_spliceai,nt_v2_500m,esm1b_650m,Hybrid_Concat_XGBoost,0.8986,0.772,0.8902,0.9017,0.8269,0.7595,0.9572,0.9095,OURS
Train3Val_Test,mean,bio_core_dna_prot,nt_v3_650m,esm1v_650m,PyTorch_Transformer,0.903,0.8061,0.8474,0.9238,0.8262,0.7595,0.957,0.9018,OURS
Train3Val_Test,mean,bio_core_dna_prot_spliceai,nt_v2_500m,esmc_600m,Hybrid_Concat_XGBoost,0.9002,0.7835,0.8752,0.9096,0.8268,0.7593,0.9573,0.9127,OURS
Train3Val_Test,cls,bio_core_dna_prot_spliceai,nt_v1_500m,esm1v_650m,Pure_XGBoost_Concat,0.8989,0.7748,0.886,0.9038,0.8267,0.7592,0.9609,0.9113,OURS
Train3Val_Test,mean,bio_core_dna_prot_spliceai,nt_v2_500m,esm2_650m,Hybrid_Gating_XGBoost,0.8999,0.7814,0.8776,0.9083,0.8267,0.7592,0.9561,0.9095,OURS
Train3Val_Test,cls,bio_core_dna_prot_spliceai,nt_v2_500m,esm1b_650m,Pure_XGBoost_Concat,0.8981,0.7702,0.8914,0.9006,0.8264,0.7589,0.9607,0.9129,OURS
Train3Val_Test,mean,bio_core_dna_prot_spliceai,nt_v1_500m,esmc_600m,PyTorch_Concat,0.9035,0.814,0.8366,0.9286,0.8251,0.7587,0.952,0.9032,OURS
Train3Val_Test,mean,bio_core_dna_prot,nt_v1_500m,esm1v_650m,Hybrid_Transformer_XGBoost,0.8996,0.7806,0.8776,0.9078,0.8262,0.7585,0.9564,0.901,OURS
Train3Val_Test,center,bio_core_dna_prot_spliceai,nt_v1_500m,esm1b_650m,PyTorch_CrossAttn,0.9001,0.7846,0.8721,0.9105,0.826,0.7583,0.9602,0.9138,OURS
Train3Val_Test,mean,bio_core_dna_prot,nt_v1_500m,esm1v_650m,Pure_XGBoost_Concat,0.8989,0.7765,0.8824,0.9051,0.8261,0.7583,0.9625,0.911,OURS
Train3Val_Test,mean,bio_core_dna_prot_spliceai,nt_v3_650m,esm1b_650m,Hybrid_Transformer_XGBoost,0.8981,0.7719,0.8878,0.902,0.8258,0.758,0.9569,0.9019,OURS
Train3Val_Test,mean,bio_core_dna_prot_spliceai,nt_v3_650m,esm1v_650m,PyTorch_Gating,0.9037,0.8186,0.8299,0.9313,0.8242,0.7579,0.9556,0.8972,OURS
Train3Val_Test,cls,bio_core_dna_prot_spliceai,nt_v3_650m,esm1b_650m,PyTorch_Gating,0.903,0.8122,0.8372,0.9277,0.8245,0.7577,0.9542,0.8961,OURS
Train3Val_Test,cls,bio_core_dna_prot,nt_v2_500m,esm1v_650m,PyTorch_CrossAttn,0.9027,0.8087,0.8414,0.9256,0.8247,0.7577,0.9536,0.8924,OURS
Train3Val_Test,mean,bio_core_dna_prot_spliceai,nt_v1_500m,esm1b_650m,PyTorch_Concat,0.9011,0.7939,0.8595,0.9166,0.8254,0.7577,0.9538,0.9054,OURS
Train3Val_Test,mean,bio_core_dna_prot_spliceai,nt_v1_500m,esm2_650m,Hybrid_Concat_XGBoost,0.8986,0.7757,0.8824,0.9047,0.8256,0.7577,0.9556,0.908,OURS
Train3Val_Test,cls,bio_core_dna_prot_spliceai,nt_v2_500m,esm1v_650m,Pure_XGBoost_Concat,0.8978,0.7708,0.8884,0.9013,0.8254,0.7575,0.9605,0.9108,OURS
Train3Val_Test,mean,bio_core_dna_prot_spliceai,nt_v1_500m,esm1b_650m,Hybrid_Transformer_XGBoost,0.8984,0.775,0.883,0.9042,0.8255,0.7575,0.9573,0.9123,OURS
Train3Val_Test,mean,bio_core_dna_prot,nt_v3_650m,esm1v_650m,PyTorch_Concat,0.9025,0.8079,0.842,0.9252,0.8246,0.7575,0.9561,0.8992,OURS
Train3Val_Test,cls,bio_dna_prot,nt_v2_500m,esm1b_650m,Hybrid_Transformer_XGBoost,0.8989,0.7789,0.8776,0.9069,0.8253,0.7572,0.9551,0.9054,OURS
Train3Val_Test,mean,bio_core_dna_prot,nt_v1_500m,esm1v_650m,Hybrid_Gating_XGBoost,0.8994,0.7823,0.8733,0.9092,0.8253,0.7572,0.9566,0.9049,OURS
Train3Val_Test,mean,bio_core_dna_prot_spliceai,nt_v3_650m,esm2_650m,Hybrid_CrossAttn_XGBoost,0.8988,0.7785,0.8776,0.9067,0.8251,0.7569,0.9557,0.9077,OURS
Train3Val_Test,cls,bio_core_dna_prot_spliceai,nt_v1_500m,esm1b_650m,PyTorch_Gating,0.9017,0.8021,0.848,0.9218,0.8244,0.7568,0.9519,0.895,OURS
Train3Val_Test,cls,bio_core_dna_prot_spliceai,nt_v3_650m,esm1v_650m,Pure_XGBoost_Concat,0.8975,0.77,0.8884,0.9008,0.825,0.7568,0.9612,0.9094,OURS
Train3Val_Test,cls,bio_core_dna_prot_spliceai,nt_v2_500m,esm1b_650m,Hybrid_CrossAttn_XGBoost,0.8984,0.7765,0.88,0.9053,0.825,0.7568,0.955,0.9051,OURS
Train3Val_Test,cls,bio_core_dna_prot,nt_v1_500m,esm1v_650m,Hybrid_Transformer_XGBoost,0.8989,0.7798,0.8758,0.9076,0.825,0.7568,0.9543,0.8985,OURS
Train3Val_Test,mean,bio_core_dna_prot_spliceai,nt_v1_500m,esm1b_650m,Hybrid_CrossAttn_XGBoost,0.8986,0.7775,0.8788,0.906,0.825,0.7568,0.9557,0.9018,OURS
Train3Val_Test,mean,bio_core_dna_prot_spliceai,nt_v3_650m,esm1v_650m,Hybrid_Concat_XGBoost,0.8981,0.7742,0.883,0.9038,0.825,0.7568,0.956,0.9005,OURS
Train3Val_Test,mean,bio_core_dna_prot_spliceai,nt_v3_650m,esm1v_650m,PyTorch_Concat,0.9009,0.7957,0.8552,0.918,0.8244,0.7565,0.9569,0.9003,OURS
Train3Val_Test,mean,bio_core_dna_prot_spliceai,nt_v1_500m,esm1b_650m,Hybrid_Concat_XGBoost,0.8978,0.7734,0.883,0.9033,0.8246,0.7562,0.9565,0.9084,OURS
Train3Val_Test,cls,bio_core_prot_spliceai,,esm1v_650m,PyTorch_Concat,0.9014,0.8011,0.848,0.9213,0.8239,0.7561,0.9551,0.8937,OURS
Train3Val_Test,cls,bio_core_dna_prot,nt_v1_500m,esm1v_650m,Hybrid_Concat_XGBoost,0.8981,0.7757,0.88,0.9049,0.8245,0.7561,0.9585,0.9069,OURS
Train3Val_Test,mean,bio_core_dna_prot_spliceai,nt_v3_650m,esmc_600m,Hybrid_Transformer_XGBoost,0.8984,0.778,0.877,0.9065,0.8245,0.7561,0.9557,0.9083,OURS
Train3Val_Test,mean,bio_core_dna_prot,nt_v2_500m,esm1v_650m,Hybrid_Transformer_XGBoost,0.8986,0.7793,0.8752,0.9074,0.8244,0.756,0.9573,0.9076,OURS
Train3Val_Test,mean,bio_core_dna_prot_spliceai,nt_v2_500m,esm2_650m,PyTorch_Gating,0.8999,0.7892,0.8625,0.9139,0.8242,0.7559,0.9573,0.9074,OURS
Train3Val_Test,cls,bio_core_dna_prot,nt_v3_650m,esm1v_650m,Pure_XGBoost_Concat,0.8975,0.772,0.8842,0.9024,0.8243,0.7558,0.9598,0.909,OURS
Train3Val_Test,cls,bio_core_dna_prot,nt_v3_650m,esm1v_650m,PyTorch_Concat,0.9024,0.8125,0.8335,0.9281,0.8229,0.7556,0.9541,0.8952,OURS
Train3Val_Test,mean,bio_core_dna_prot_spliceai,nt_v1_500m,esmc_600m,Hybrid_Gating_XGBoost,0.8981,0.7768,0.8776,0.9058,0.8241,0.7556,0.9542,0.9064,OURS
Train3Val_Test,cls,bio_core_dna_prot_spliceai,nt_v1_500m,esm1b_650m,Hybrid_Concat_XGBoost,0.8971,0.7706,0.8854,0.9015,0.824,0.7555,0.955,0.9031,OURS
Train3Val_Test,mean,bio_core_dna_prot_spliceai,nt_v1_500m,esm1v_650m,PyTorch_Concat,0.9009,0.7984,0.8504,0.9198,0.8236,0.7555,0.9544,0.8955,OURS
Train3Val_Test,cls,bio_core_dna_prot,nt_v1_500m,esm1v_650m,PyTorch_Gating,0.9025,0.8152,0.8299,0.9297,0.8225,0.7554,0.9534,0.8949,OURS
Train3Val_Test,cls,bio_core_dna_prot,nt_v3_650m,esm1v_650m,Hybrid_Transformer_XGBoost,0.8981,0.7771,0.877,0.906,0.824,0.7554,0.9544,0.9013,OURS
Train3Val_Test,mean,bio_core_dna_prot_spliceai,nt_v3_650m,esm2_650m,PyTorch_Transformer,0.8999,0.7911,0.8589,0.9153,0.8236,0.7551,0.9581,0.9067,OURS
Train3Val_Test,cls,bio_core_dna_prot_spliceai,nt_v1_500m,esmc_600m,Pure_XGBoost_Concat,0.8971,0.7715,0.8836,0.9022,0.8237,0.755,0.9606,0.9134,OURS
Train3Val_Test,cls,bio_core_dna_prot,nt_v2_500m,esm1v_650m,PyTorch_Transformer,0.903,0.8227,0.8203,0.934,0.8215,0.7549,0.9516,0.8896,OURS
Train3Val_Test,cls,bio_core_dna_prot_spliceai,nt_v1_500m,esm1b_650m,Hybrid_CrossAttn_XGBoost,0.8971,0.772,0.8824,0.9026,0.8235,0.7547,0.9547,0.9012,OURS
Train3Val_Test,cls,bio_core_dna_prot_spliceai,nt_v1_500m,esm1b_650m,Hybrid_Transformer_XGBoost,0.8981,0.7789,0.8733,0.9074,0.8234,0.7546,0.9552,0.9015,OURS
Train3Val_Test,cls,bio_core_dna_prot,nt_v1_500m,esm1v_650m,Hybrid_CrossAttn_XGBoost,0.8976,0.7756,0.8776,0.9051,0.8234,0.7546,0.9542,0.9,OURS
Train3Val_Test,mean,bio_core_dna_prot_spliceai,nt_v1_500m,esmc_600m,Hybrid_Concat_XGBoost,0.8963,0.7672,0.8884,0.8993,0.8234,0.7546,0.9544,0.9079,OURS
Train3Val_Test,cls,bio_dna_prot,nt_v2_500m,esm1b_650m,Hybrid_Gating_XGBoost,0.8979,0.7785,0.8733,0.9071,0.8232,0.7543,0.9553,0.9038,OURS
Train3Val_Test,cls,bio_core_dna_prot_spliceai,nt_v2_500m,esm1b_650m,Hybrid_Gating_XGBoost,0.897,0.7719,0.8818,0.9026,0.8232,0.7543,0.9539,0.9007,OURS
Train3Val_Test,cls,bio_core_dna_prot,nt_v3_650m,esm1v_650m,PyTorch_CrossAttn,0.9042,0.8434,0.7955,0.9448,0.8187,0.7543,0.952,0.8912,OURS
Train3Val_Test,mean,bio_core_dna_prot_spliceai,nt_v3_650m,esm2_650m,Hybrid_Gating_XGBoost,0.8971,0.7732,0.88,0.9035,0.8231,0.7542,0.9552,0.9019,OURS
Train3Val_Test,cls,bio_dna_prot,nt_v2_500m,esm1b_650m,PyTorch_CrossAttn,0.905,0.8633,0.7732,0.9542,0.8158,0.7541,0.951,0.8913,OURS
Train3Val_Test,center,bio_core_dna_prot_spliceai,nt_v1_500m,esm1b_650m,PyTorch_Concat,0.9001,0.7952,0.8522,0.918,0.8227,0.7541,0.9553,0.9081,OURS
Train3Val_Test,cls,bio_core_dna_prot_spliceai,nt_v1_500m,esm1v_650m,PyTorch_Gating,0.9002,0.7966,0.8504,0.9189,0.8226,0.7541,0.9518,0.8888,OURS
Train3Val_Test,mean,bio_core_dna_prot_spliceai,nt_v3_650m,esmc_600m,Hybrid_Gating_XGBoost,0.8973,0.7748,0.8776,0.9047,0.823,0.7539,0.9563,0.91,OURS
Train3Val_Test,mean,bio_core_dna_prot_spliceai,nt_v1_500m,esmc_600m,Hybrid_CrossAttn_XGBoost,0.8968,0.7718,0.8812,0.9026,0.8229,0.7538,0.9545,0.907,OURS
Train3Val_Test,center,bio_core_dna_prot_spliceai,nt_v1_500m,esm1v_650m,PyTorch_Concat,0.8979,0.7797,0.8709,0.908,0.8228,0.7537,0.9587,0.9095,OURS
Train3Val_Test,cls,bio_core_prot_spliceai,,esmc_600m,Hybrid_Concat_XGBoost,0.8965,0.7704,0.8824,0.9017,0.8226,0.7534,0.9546,0.9062,OURS
Train3Val_Test,cls,bio_core_dna_prot,nt_v3_650m,esm1v_650m,Hybrid_Concat_XGBoost,0.8968,0.7727,0.8794,0.9033,0.8226,0.7534,0.9551,0.9016,OURS
Train3Val_Test,mean,bio_core_dna_prot_spliceai,nt_v1_500m,esm2_650m,Hybrid_Transformer_XGBoost,0.8971,0.7746,0.877,0.9047,0.8226,0.7534,0.9557,0.9073,OURS
Train3Val_Test,center,bio_core_dna_prot_spliceai,nt_v1_500m,esm1v_650m,PyTorch_CrossAttn,0.8983,0.783,0.8661,0.9103,0.8225,0.7533,0.9589,0.9062,OURS
Train3Val_Test,mean,bio_core_dna_prot_spliceai,nt_v1_500m,esm2_650m,PyTorch_CrossAttn,0.897,0.7739,0.8776,0.9042,0.8225,0.7533,0.9547,0.9041,OURS
Train3Val_Test,cls,bio_core_dna_prot,nt_v1_500m,esm1v_650m,PyTorch_CrossAttn,0.9027,0.8269,0.8124,0.9364,0.8196,0.753,0.9516,0.8901,OURS
Train3Val_Test,cls,bio_core_dna_prot,nt_v3_650m,esm1v_650m,Hybrid_CrossAttn_XGBoost,0.8963,0.7703,0.8818,0.9017,0.8223,0.753,0.9554,0.9002,OURS
Train3Val_Test,cls,bio_core_prot_spliceai,,esm1b_650m,Hybrid_Concat_XGBoost,0.8973,0.7768,0.8733,0.9062,0.8223,0.7529,0.9565,0.9039,OURS
Train3Val_Test,cls,bio_core_dna_prot_spliceai,nt_v3_650m,esm1v_650m,PyTorch_Concat,0.9016,0.8134,0.8281,0.929,0.8207,0.7529,0.9522,0.8905,OURS
Train3Val_Test,mean,bio_core_dna_prot_spliceai,nt_v1_500m,esmc_600m,Hybrid_Transformer_XGBoost,0.8973,0.7768,0.8733,0.9062,0.8223,0.7529,0.9543,0.9078,OURS
Train3Val_Test,mean,bio_core_dna_prot,nt_v2_500m,esm1v_650m,PyTorch_Concat,0.8994,0.7934,0.8522,0.9171,0.8218,0.7528,0.956,0.8975,OURS
Train3Val_Test,mean,bio_core_dna_prot_spliceai,nt_v1_500m,esm2_650m,PyTorch_Gating,0.9001,0.7999,0.8438,0.9211,0.8213,0.7525,0.9482,0.8926,OURS
Train3Val_Test,center,bio_dna_geom_prot,nt_v1_500m,esmc_600m,Hybrid_CrossAttn_XGBoost,0.8999,0.7987,0.845,0.9204,0.8212,0.7524,0.9529,0.902,OURS
Train3Val_Test,cls,bio_core_dna_prot_spliceai,nt_v1_500m,esm1v_650m,PyTorch_CrossAttn,0.8993,0.7933,0.8516,0.9171,0.8214,0.7523,0.9519,0.8882,OURS
Train3Val_Test,mean,bio_core_prot_spliceai,,esm2_650m,Hybrid_Concat_XGBoost,0.897,0.776,0.8733,0.9058,0.8218,0.7523,0.9561,0.9094,OURS
Train3Val_Test,cls,bio_core_dna_prot,nt_v2_500m,esm1v_650m,PyTorch_Concat,0.9039,0.8522,0.7823,0.9493,0.8157,0.7521,0.9497,0.8868,OURS
Train3Val_Test,mean,bio_core_dna_prot_spliceai,nt_v3_650m,esm1v_650m,Hybrid_Transformer_XGBoost,0.8965,0.773,0.877,0.9038,0.8217,0.7521,0.9557,0.8974,OURS
Train3Val_Test,cls,bio_core_dna_prot,nt_v3_650m,esm1v_650m,Hybrid_Gating_XGBoost,0.8965,0.7733,0.8764,0.904,0.8216,0.752,0.9562,0.9056,OURS
Train3Val_Test,cls,bio_core_dna_prot_spliceai,nt_v2_500m,esm1v_650m,PyTorch_CrossAttn,0.9007,0.8084,0.8323,0.9263,0.8202,0.7518,0.9508,0.8873,OURS
Train3Val_Test,mean,bio_core_dna_prot,nt_v2_500m,esm1v_650m,Hybrid_CrossAttn_XGBoost,0.8963,0.7726,0.877,0.9035,0.8215,0.7518,0.9565,0.9045,OURS
Train3Val_Test,cls,bio_core_dna_prot_spliceai,nt_v3_650m,esm1b_650m,Hybrid_CrossAttn_XGBoost,0.8963,0.7729,0.8764,0.9038,0.8214,0.7517,0.9566,0.905,OURS
Train3Val_Test,mean,bio_core_dna_prot_spliceai,nt_v2_500m,esm2_650m,Hybrid_Transformer_XGBoost,0.896,0.7706,0.8794,0.9022,0.8214,0.7517,0.9572,0.9095,OURS
Train3Val_Test,mean,bio_geom_prot,nt_v2_500m,esm1b_650m,PyTorch_Concat,0.9007,0.8092,0.8311,0.9268,0.82,0.7516,0.9479,0.8921,OURS
Train3Val_Test,cls,bio_core_dna_prot_spliceai,nt_v2_500m,esm1v_650m,PyTorch_Transformer,0.9032,0.8423,0.7925,0.9446,0.8167,0.7516,0.9508,0.8874,OURS
Train3Val_Test,center,bio_dna_geom,nt_v1_500m,esmc_600m,Hybrid_Concat_XGBoost,0.9043,0.872,0.76,0.9583,0.8121,0.7515,0.9509,0.9026,OURS
Train3Val_Test,cls,bio_core_dna_prot,nt_v2_500m,esm1v_650m,Pure_XGBoost_Concat,0.8952,0.7663,0.8842,0.8993,0.8211,0.7513,0.9595,0.9086,OURS
Train3Val_Test,cls,bio_core_dna_prot,nt_v2_500m,esm1v_650m,Hybrid_Concat_XGBoost,0.8968,0.7771,0.8703,0.9067,0.8211,0.7512,0.9558,0.9018,OURS
Train3Val_Test,mean,bio_core_dna_prot_spliceai,nt_v1_500m,esm1v_650m,PyTorch_Gating,0.8957,0.7695,0.88,0.9015,0.821,0.7512,0.9554,0.9001,OURS
Train3Val_Test,mean,bio_core_dna_prot_spliceai,nt_v3_650m,esm1v_650m,Hybrid_CrossAttn_XGBoost,0.8955,0.7688,0.8806,0.9011,0.8209,0.751,0.9545,0.9027,OURS
Train3Val_Test,cls,bio_core_dna_prot_spliceai,nt_v3_650m,esmc_600m,PyTorch_CrossAttn,0.8966,0.7766,0.8703,0.9065,0.8208,0.7509,0.9534,0.9021,OURS
Train3Val_Test,cls,bio_core_dna_prot_spliceai,nt_v1_500m,esm1b_650m,PyTorch_Concat,0.9034,0.8514,0.7811,0.9491,0.8147,0.7508,0.9506,0.8921,OURS
Train3Val_Test,cls,bio_dna_prot,nt_v2_500m,esm1b_650m,PyTorch_Concat,0.8984,0.7907,0.8522,0.9157,0.8203,0.7507,0.9518,0.8961,OURS
Train3Val_Test,mean,bio_core_prot_spliceai,,esm1v_650m,Hybrid_Concat_XGBoost,0.895,0.7668,0.8824,0.8997,0.8205,0.7505,0.956,0.9046,OURS
Train3Val_Test,cls,bio_core_dna_prot_spliceai,nt_v3_650m,esm1b_650m,Hybrid_Transformer_XGBoost,0.8957,0.7715,0.8758,0.9031,0.8203,0.7502,0.9567,0.9055,OURS
Train3Val_Test,cls,bio_core_dna_prot,nt_v1_500m,esm1v_650m,Hybrid_Gating_XGBoost,0.8958,0.7725,0.8745,0.9038,0.8204,0.7502,0.9538,0.8988,OURS
Train3Val_Test,mean,bio_core_dna_prot_spliceai,nt_v3_650m,esm1v_650m,PyTorch_Transformer,0.9009,0.8163,0.8203,0.931,0.8183,0.7502,0.9536,0.8904,OURS
Train3Val_Test,cls,bio_core_dna_prot_spliceai,nt_v3_650m,esmc_600m,Hybrid_Transformer_XGBoost,0.8957,0.7718,0.8752,0.9033,0.8202,0.7501,0.9513,0.8974,OURS
Train3Val_Test,mean,bio_core_dna_prot_spliceai,nt_v2_500m,esm1b_650m,Hybrid_Transformer_XGBoost,0.895,0.7676,0.8806,0.9004,0.8202,0.7501,0.9546,0.904,OURS
Train3Val_Test,mean,bio_core_dna_prot_spliceai,nt_v1_500m,esm1v_650m,Hybrid_Concat_XGBoost,0.895,0.7682,0.8794,0.9008,0.82,0.7498,0.9555,0.9012,OURS
Train3Val_Test,cls,bio_core_dna_prot_spliceai,nt_v3_650m,esm1v_650m,PyTorch_CrossAttn,0.9011,0.8203,0.8148,0.9333,0.8175,0.7497,0.951,0.8898,OURS
Train3Val_Test,cls,bio_dna_geom_prot,nt_v2_500m,esm1b_650m,PyTorch_CrossAttn,0.9025,0.8432,0.7883,0.9452,0.8148,0.7496,0.9516,0.8936,OURS
Train3Val_Test,cls,bio_core_dna_prot,nt_v3_650m,esm1v_650m,PyTorch_Gating,0.8965,0.7786,0.8655,0.908,0.8198,0.7495,0.9549,0.8982,OURS
Train3Val_Test,mean,bio_core_dna_prot_spliceai,nt_v2_500m,esm1v_650m,Hybrid_Concat_XGBoost,0.894,0.7627,0.886,0.897,0.8198,0.7495,0.9566,0.9035,OURS
Train3Val_Test,mean,bio_core_dna_prot_spliceai,nt_v3_650m,esm1v_650m,Hybrid_Gating_XGBoost,0.8955,0.772,0.8739,0.9035,0.8198,0.7494,0.956,0.9006,OURS
Train3Val_Test,cls,bio_core_prot_spliceai,,esm2_650m,Hybrid_Concat_XGBoost,0.8947,0.7677,0.8788,0.9006,0.8195,0.749,0.9518,0.8965,OURS
Train3Val_Test,cls,bio_core_dna_prot_spliceai,nt_v3_650m,esm2_650m,Pure_XGBoost_Concat,0.894,0.7635,0.8842,0.8977,0.8195,0.749,0.958,0.9052,OURS
Train3Val_Test,mean,bio_core_dna_prot,nt_v2_500m,esm1v_650m,Hybrid_Gating_XGBoost,0.8955,0.7734,0.8709,0.9047,0.8193,0.7487,0.9573,0.9061,OURS
Train3Val_Test,cls,bio_core_dna_prot,nt_v1_500m,esm1v_650m,PyTorch_Concat,0.8991,0.8027,0.8341,0.9234,0.8181,0.7486,0.9536,0.8938,OURS
Train3Val_Test,cls,bio_core_dna_prot_spliceai,nt_v1_500m,esm2_650m,Pure_XGBoost_Concat,0.8938,0.764,0.8824,0.8981,0.8189,0.7483,0.956,0.9021,OURS
Train3Val_Test,cls,bio_core_dna_prot_spliceai,nt_v3_650m,esmc_600m,Hybrid_CrossAttn_XGBoost,0.8942,0.7659,0.88,0.8995,0.819,0.7483,0.952,0.8967,OURS
Train3Val_Test,mean,bio_core_dna_prot_spliceai,nt_v2_500m,esm1v_650m,Hybrid_Transformer_XGBoost,0.8948,0.77,0.8745,0.9024,0.819,0.7483,0.9544,0.8994,OURS
Train3Val_Test,mean,bio_core_dna_prot_spliceai,nt_v1_500m,esm2_650m,PyTorch_Transformer,0.8979,0.7933,0.845,0.9177,0.8183,0.7482,0.9504,0.9001,OURS
Train3Val_Test,cls,bio_core_dna_prot_spliceai,nt_v2_500m,esm1b_650m,Hybrid_Concat_XGBoost,0.8942,0.7667,0.8782,0.9002,0.8187,0.7479,0.9539,0.902,OURS
Train3Val_Test,mean,bio_core_dna_prot_spliceai,nt_v2_500m,esm1b_650m,Hybrid_CrossAttn_XGBoost,0.895,0.7722,0.8709,0.904,0.8186,0.7478,0.9559,0.9049,OURS
Train3Val_Test,cls,bio_dna_geom_prot,nt_v2_500m,esm1b_650m,PyTorch_Transformer,0.9029,0.8686,0.7575,0.9572,0.8093,0.7477,0.9525,0.8983,OURS
Train3Val_Test,cls,bio_core_dna_prot_spliceai,nt_v1_500m,esmc_600m,Hybrid_Gating_XGBoost,0.8943,0.768,0.8764,0.9011,0.8186,0.7477,0.9498,0.8968,OURS
Train3Val_Test,cls,bio_core_dna_prot_spliceai,nt_v3_650m,esm1b_650m,PyTorch_CrossAttn,0.9022,0.8498,0.778,0.9486,0.8123,0.7477,0.9524,0.8876,OURS
Train3Val_Test,mean,bio_core_dna_prot_spliceai,nt_v3_650m,esm1v_650m,PyTorch_CrossAttn,0.8958,0.7778,0.8637,0.9078,0.8185,0.7477,0.9546,0.8921,OURS
Train3Val_Test,mean,bio_core_dna_prot_spliceai,nt_v1_500m,esm1v_650m,Hybrid_CrossAttn_XGBoost,0.8947,0.7705,0.8727,0.9029,0.8184,0.7475,0.9557,0.9017,OURS
Train3Val_Test,mean,bio_core_dna_prot_spliceai,nt_v1_500m,esm2_650m,PyTorch_Concat,0.8947,0.7708,0.8721,0.9031,0.8183,0.7474,0.9543,0.9058,OURS
Train3Val_Test,cls,bio_core_dna_prot_spliceai,nt_v1_500m,esm1v_650m,Hybrid_Concat_XGBoost,0.8935,0.7646,0.8794,0.8988,0.818,0.7469,0.9536,0.8977,OURS
Train3Val_Test,cls,bio_core_prot_spliceai,,esm2_650m,Pure_XGBoost_Concat,0.8932,0.7626,0.8818,0.8975,0.8179,0.7468,0.9572,0.9058,OURS
Train3Val_Test,cls,bio_core_dna_prot_spliceai,nt_v1_500m,esm1b_650m,Hybrid_Gating_XGBoost,0.8943,0.77,0.8721,0.9026,0.8179,0.7467,0.9554,0.9011,OURS
Train3Val_Test,cls,bio_core_dna_prot_spliceai,nt_v1_500m,esm1v_650m,PyTorch_Concat,0.8958,0.7806,0.8583,0.9098,0.8176,0.7465,0.9529,0.892,OURS
Train3Val_Test,mean,bio_core_dna_prot_spliceai,nt_v1_500m,esm2_650m,Hybrid_CrossAttn_XGBoost,0.8945,0.7715,0.8697,0.9038,0.8177,0.7465,0.9553,0.9081,OURS
Train3Val_Test,cls,bio_core_dna_prot_spliceai,nt_v2_500m,esm1v_650m,Hybrid_CrossAttn_XGBoost,0.894,0.7691,0.8721,0.9022,0.8174,0.7461,0.9517,0.8919,OURS
Train3Val_Test,cls,bio_core_dna_prot_spliceai,nt_v3_650m,esm1v_650m,PyTorch_Transformer,0.9009,0.8378,0.7883,0.943,0.8123,0.7457,0.9512,0.8859,OURS
Train3Val_Test,cls,bio_core_dna_prot_spliceai,nt_v3_650m,esm1v_650m,PyTorch_Gating,0.8955,0.7806,0.8565,0.9101,0.8168,0.7455,0.9521,0.8904,OURS
Train3Val_Test,cls,bio_core_dna_prot_spliceai,nt_v3_650m,esm1b_650m,Hybrid_Gating_XGBoost,0.8922,0.7595,0.8836,0.8954,0.8168,0.7453,0.9549,0.9057,OURS
Train3Val_Test,center,bio_dna_geom_prot,nt_v1_500m,esmc_600m,Hybrid_Gating_XGBoost,0.9022,0.8793,0.7425,0.9619,0.8051,0.7452,0.9521,0.9066,OURS
Train3Val_Test,cls,bio_core_dna_prot_spliceai,nt_v2_500m,esmc_600m,Hybrid_Transformer_XGBoost,0.8945,0.7742,0.8643,0.9058,0.8168,0.7452,0.9491,0.8925,OURS
Train3Val_Test,mean,bio_core_dna_prot_spliceai,nt_v2_500m,esm2_650m,Hybrid_CrossAttn_XGBoost,0.8934,0.7669,0.8733,0.9008,0.8167,0.7451,0.956,0.9061,OURS
Train3Val_Test,mean,bio_core_dna_prot_spliceai,nt_v1_500m,esm2_650m,Hybrid_Gating_XGBoost,0.8938,0.7705,0.8685,0.9033,0.8166,0.7449,0.955,0.9067,OURS
Train3Val_Test,cls,bio_core_dna_prot_spliceai,nt_v2_500m,esm1b_650m,PyTorch_Transformer,0.9004,0.8345,0.7907,0.9414,0.812,0.7448,0.9496,0.889,OURS
Train3Val_Test,mean,bio_core_dna_prot_spliceai,nt_v2_500m,esm1v_650m,Hybrid_Gating_XGBoost,0.8929,0.7643,0.8764,0.899,0.8165,0.7448,0.9547,0.9,OURS
Train3Val_Test,cls,bio_core_dna_prot,nt_v2_500m,esm1v_650m,Hybrid_Transformer_XGBoost,0.8932,0.7665,0.8733,0.9006,0.8165,0.7447,0.9537,0.8976,OURS
Train3Val_Test,cls,bio_core_dna_prot_spliceai,nt_v2_500m,esm1b_650m,PyTorch_CrossAttn,0.8973,0.7979,0.8335,0.9211,0.8153,0.7446,0.9485,0.888,OURS
Train3Val_Test,cls,bio_core_dna_prot_spliceai,nt_v2_500m,esm2_650m,Pure_XGBoost_Concat,0.8925,0.7627,0.8782,0.8979,0.8164,0.7446,0.9568,0.9023,OURS
Train3Val_Test,cls,bio_core_dna_prot_spliceai,nt_v3_650m,esm1v_650m,Hybrid_Gating_XGBoost,0.893,0.7667,0.8721,0.9008,0.816,0.7441,0.9529,0.8955,OURS
Train3Val_Test,cls,bio_core_dna_prot_spliceai,nt_v2_500m,esm1b_650m,PyTorch_Gating,0.8971,0.7978,0.8329,0.9211,0.815,0.7441,0.9509,0.8919,OURS
Train3Val_Test,cls,bio_core_dna_prot_spliceai,nt_v2_500m,esm1b_650m,Hybrid_Transformer_XGBoost,0.8927,0.7653,0.8733,0.8999,0.8158,0.7438,0.9552,0.9006,OURS
Train3Val_Test,cls,bio_core_dna_prot_spliceai,nt_v2_500m,esmc_600m,Hybrid_Concat_XGBoost,0.8929,0.7663,0.8721,0.9006,0.8158,0.7438,0.9519,0.8983,OURS
Train3Val_Test,cls,bio_geom_prot,nt_v2_500m,esm1b_650m,PyTorch_Concat,0.9009,0.8518,0.7696,0.95,0.8086,0.7437,0.9506,0.8901,OURS
Train3Val_Test,cls,bio_core_dna_prot_spliceai,nt_v1_500m,esm1v_650m,Hybrid_CrossAttn_XGBoost,0.8917,0.7596,0.8806,0.8959,0.8156,0.7436,0.9522,0.892,OURS
Train3Val_Test,cls,bio_core_dna_prot_spliceai,nt_v1_500m,esmc_600m,Hybrid_Concat_XGBoost,0.8925,0.7646,0.8739,0.8995,0.8156,0.7436,0.9521,0.898,OURS
Train3Val_Test,cls,bio_core_dna_prot_spliceai,nt_v2_500m,esm1v_650m,Hybrid_Concat_XGBoost,0.8925,0.7649,0.8733,0.8997,0.8155,0.7434,0.9539,0.8996,OURS
Train3Val_Test,cls,bio_core_dna_prot_spliceai,nt_v3_650m,esmc_600m,Hybrid_Concat_XGBoost,0.8927,0.7667,0.8703,0.9011,0.8153,0.743,0.9516,0.8939,OURS
Train3Val_Test,cls,bio_core_dna_prot_spliceai,nt_v3_650m,esmc_600m,Hybrid_Gating_XGBoost,0.8925,0.766,0.8709,0.9006,0.8151,0.7428,0.9507,0.8925,OURS
Train3Val_Test,center,bio_dna_geom_prot,nt_v1_500m,esmc_600m,PyTorch_Gating,0.9007,0.8569,0.7624,0.9524,0.8069,0.7427,0.9504,0.8965,OURS
Train3Val_Test,cls,bio_core_prot_spliceai,,esm1v_650m,Hybrid_Concat_XGBoost,0.8917,0.7615,0.8764,0.8975,0.8149,0.7426,0.9561,0.9019,OURS
Train3Val_Test,cls,bio_core_dna_prot_spliceai,nt_v1_500m,esmc_600m,PyTorch_CrossAttn,0.8994,0.833,0.7883,0.941,0.81,0.7422,0.948,0.8881,OURS
Train3Val_Test,cls,bio_dna_prot,nt_v2_500m,esm1b_650m,PyTorch_Gating,0.8958,0.7918,0.8372,0.9177,0.8138,0.7421,0.9501,0.8954,OURS
Train3Val_Test,cls,bio_core_dna_prot_spliceai,nt_v1_500m,esmc_600m,Hybrid_Transformer_XGBoost,0.8911,0.7586,0.8794,0.8954,0.8145,0.742,0.9508,0.8946,OURS
Train3Val_Test,cls,bio_core_dna_prot_spliceai,nt_v3_650m,esmc_600m,PyTorch_Concat,0.8945,0.7818,0.8492,0.9114,0.8141,0.7419,0.9487,0.8885,OURS
Train3Val_Test,cls,bio_core_dna_prot_spliceai,nt_v3_650m,esm1b_650m,PyTorch_Transformer,0.8998,0.8428,0.7762,0.9459,0.8082,0.7416,0.9533,0.8934,OURS
Train3Val_Test,cls,bio_core_dna_prot,nt_v2_500m,esm1v_650m,PyTorch_Gating,0.894,0.7786,0.8528,0.9094,0.814,0.7416,0.9511,0.8913,OURS
Train3Val_Test,mean,bio_core_dna_prot_spliceai,nt_v1_500m,esm1v_650m,Hybrid_Transformer_XGBoost,0.8916,0.7622,0.8739,0.8981,0.8143,0.7416,0.9523,0.8988,OURS
Train3Val_Test,mean,bio_core_dna_prot_spliceai,nt_v2_500m,esm1v_650m,Hybrid_CrossAttn_XGBoost,0.8924,0.7676,0.8667,0.902,0.8142,0.7415,0.955,0.8971,OURS
Train3Val_Test,cls,bio_core_dna_prot_spliceai,nt_v1_500m,esm1v_650m,Hybrid_Gating_XGBoost,0.8914,0.7618,0.8739,0.8979,0.814,0.7413,0.9526,0.8948,OURS
Train3Val_Test,mean,bio_dna_geom_prot,nt_v2_500m,esm1b_650m,PyTorch_CrossAttn,0.9009,0.8974,0.7177,0.9693,0.7976,0.7411,0.9538,0.9021,OURS
Train3Val_Test,cls,bio_core_dna_prot,nt_v2_500m,esm1v_650m,Hybrid_Gating_XGBoost,0.892,0.7668,0.8667,0.9015,0.8137,0.7408,0.9524,0.8968,OURS
Train3Val_Test,cls,bio_core_dna_prot_spliceai,nt_v3_650m,esm1v_650m,Hybrid_Concat_XGBoost,0.8906,0.7587,0.8764,0.8959,0.8133,0.7403,0.9552,0.8974,OURS
Train3Val_Test,cls,bio_core_dna_prot_spliceai,nt_v2_500m,esm1v_650m,PyTorch_Gating,0.8929,0.7735,0.8571,0.9062,0.8132,0.7402,0.9509,0.8882,OURS
Train3Val_Test,cls,bio_core_dna_prot_spliceai,nt_v1_500m,esm1v_650m,PyTorch_Transformer,0.8961,0.8016,0.8215,0.924,0.8114,0.7399,0.9527,0.8926,OURS
Train3Val_Test,cls,bio_core_dna_prot_spliceai,nt_v2_500m,esm1v_650m,PyTorch_Concat,0.8958,0.7986,0.8251,0.9222,0.8116,0.7398,0.9487,0.8845,OURS
Train3Val_Test,cls,bio_dna_geom_prot,nt_v2_500m,esm1b_650m,PyTorch_Concat,0.8968,0.8094,0.8118,0.9286,0.8106,0.7397,0.9473,0.8876,OURS
Train3Val_Test,cls,bio_core_dna_prot_spliceai,nt_v1_500m,esmc_600m,PyTorch_Gating,0.8963,0.8039,0.8185,0.9254,0.8111,0.7397,0.9459,0.8846,OURS
Train3Val_Test,cls,bio_core_dna_prot_spliceai,nt_v2_500m,esm1b_650m,PyTorch_Concat,0.8947,0.789,0.8366,0.9164,0.8121,0.7396,0.9483,0.8874,OURS
Train3Val_Test,cls,bio_core_dna_prot_spliceai,nt_v2_500m,esm1v_650m,Hybrid_Transformer_XGBoost,0.8907,0.7616,0.8709,0.8981,0.8126,0.7393,0.951,0.8946,OURS
Train3Val_Test,cls,bio_core_dna_prot_spliceai,nt_v1_500m,esm2_650m,PyTorch_Concat,0.8957,0.7999,0.8221,0.9231,0.8108,0.7389,0.9436,0.8761,OURS
Train3Val_Test,cls,bio_core_dna_prot_spliceai,nt_v1_500m,esmc_600m,PyTorch_Transformer,0.8952,0.7957,0.8269,0.9207,0.811,0.7388,0.9461,0.8836,OURS
Train3Val_Test,mean,bio_core_dna_prot_spliceai,nt_v1_500m,esm1v_650m,Hybrid_Gating_XGBoost,0.8894,0.7549,0.8788,0.8934,0.8122,0.7387,0.9539,0.8986,OURS
Train3Val_Test,cls,bio_core_dna_prot_spliceai,nt_v3_650m,esm1v_650m,Hybrid_Transformer_XGBoost,0.8899,0.758,0.8745,0.8957,0.8121,0.7386,0.9527,0.8948,OURS
Train3Val_Test,cls,bio_core_dna_prot_spliceai,nt_v2_500m,esmc_600m,PyTorch_Transformer,0.8978,0.8273,0.7889,0.9385,0.8077,0.7385,0.9473,0.8854,OURS
Train3Val_Test,cls,bio_core_dna_prot_spliceai,nt_v3_650m,esm1v_650m,Hybrid_CrossAttn_XGBoost,0.8897,0.7576,0.8745,0.8954,0.8119,0.7382,0.9536,0.8999,OURS
Train3Val_Test,cls,bio_core_prot_spliceai,,esm2_650m,PyTorch_Concat,0.894,0.7875,0.8359,0.9157,0.811,0.7381,0.9456,0.8754,OURS
Train3Val_Test,cls,bio_core_dna_prot_spliceai,nt_v2_500m,esm1v_650m,Hybrid_Gating_XGBoost,0.8894,0.756,0.8764,0.8943,0.8117,0.7381,0.9501,0.8907,OURS
Train3Val_Test,cls,bio_core_dna_prot_spliceai,nt_v1_500m,esm2_650m,PyTorch_CrossAttn,0.8942,0.7919,0.8287,0.9186,0.8099,0.737,0.9428,0.8773,OURS
Train3Val_Test,cls,bio_core_dna_prot_spliceai,nt_v2_500m,esmc_600m,Hybrid_CrossAttn_XGBoost,0.8896,0.7591,0.8703,0.8968,0.8109,0.7369,0.9499,0.8931,OURS
Train3Val_Test,cls,bio_core_dna_prot_spliceai,nt_v3_650m,esm2_650m,PyTorch_Transformer,0.897,0.8239,0.7901,0.9369,0.8067,0.7368,0.9462,0.8834,OURS
Train3Val_Test,cls,bio_core_dna_prot_spliceai,nt_v2_500m,esmc_600m,PyTorch_CrossAttn,0.8902,0.7635,0.8643,0.8999,0.8107,0.7367,0.9488,0.8904,OURS
Train3Val_Test,center,bio_core_dna_spliceai,nt_v3_650m,,Pure_XGBoost_Concat,0.8876,0.7504,0.8794,0.8907,0.8098,0.7354,0.9545,0.8969,OURS
Train3Val_Test,cls,bio_core_dna_prot_spliceai,nt_v3_650m,esm2_650m,Hybrid_Concat_XGBoost,0.8886,0.7567,0.8703,0.8954,0.8095,0.7349,0.9486,0.8876,OURS
Train3Val_Test,center,bio_dna_geom_prot,nt_v1_500m,esmc_600m,PyTorch_Transformer,0.8984,0.8828,0.7226,0.9642,0.7947,0.7346,0.9474,0.8947,OURS
Train3Val_Test,cls,bio_core_dna_prot_spliceai,nt_v2_500m,esmc_600m,PyTorch_Concat,0.8942,0.8006,0.8136,0.9243,0.8071,0.7342,0.944,0.8813,OURS
Train3Val_Test,cls,bio_core_dna_prot_spliceai,nt_v1_500m,esm1v_650m,Hybrid_Transformer_XGBoost,0.8891,0.7612,0.8631,0.8988,0.8089,0.7341,0.9498,0.8874,OURS
Train3Val_Test,cls,bio_core_dna_prot_spliceai,nt_v2_500m,esm2_650m,PyTorch_CrossAttn,0.894,0.7994,0.8148,0.9236,0.807,0.7341,0.9413,0.8705,OURS
Train3Val_Test,mean,bio_dna_geom,nt_v2_500m,esm1b_650m,PyTorch_Concat,0.8983,0.8926,0.7117,0.968,0.7919,0.7339,0.9505,0.8956,OURS
Train3Val_Test,cls,bio_core_dna_prot_spliceai,nt_v1_500m,esmc_600m,PyTorch_Concat,0.8919,0.7811,0.8372,0.9123,0.8082,0.7339,0.9458,0.8841,OURS
Train3Val_Test,cls,bio_core_dna_prot_spliceai,nt_v3_650m,esm2_650m,Hybrid_Transformer_XGBoost,0.8891,0.7614,0.8625,0.899,0.8088,0.7339,0.9462,0.8837,OURS
Train3Val_Test,cls,bio_core_dna_prot_spliceai,nt_v3_650m,esm2_650m,PyTorch_Concat,0.8947,0.8075,0.8046,0.9283,0.806,0.7337,0.9441,0.877,OURS
Train3Val_Test,cls,bio_core_dna_prot_spliceai,nt_v2_500m,esm2_650m,PyTorch_Transformer,0.8943,0.8054,0.8064,0.9272,0.8059,0.7333,0.9418,0.8737,OURS
Train3Val_Test,cls,bio_core_dna_prot_spliceai,nt_v1_500m,esmc_600m,Hybrid_CrossAttn_XGBoost,0.887,0.7527,0.8703,0.8932,0.8073,0.7317,0.9511,0.8939,OURS
Train3Val_Test,center,bio_geom_prot,nt_v1_500m,esmc_600m,Hybrid_Concat_XGBoost,0.8965,0.8515,0.7503,0.9511,0.7977,0.7311,0.9487,0.8943,OURS
Train3Val_Test,mean,bio_core_dna_spliceai,nt_v3_650m,,Pure_XGBoost_Concat,0.8853,0.7455,0.8782,0.888,0.8064,0.7306,0.9514,0.8903,OURS
Train3Val_Test,cls,bio_core_dna_prot_spliceai,nt_v1_500m,esm2_650m,Hybrid_Concat_XGBoost,0.8865,0.7524,0.8685,0.8932,0.8063,0.7303,0.9453,0.8848,OURS
Train3Val_Test,cls,bio_core_dna_prot_spliceai,nt_v3_650m,esm2_650m,PyTorch_CrossAttn,0.8897,0.7736,0.8408,0.908,0.8058,0.7302,0.9423,0.8743,OURS
Train3Val_Test,cls,bio_core_dna_prot_spliceai,nt_v1_500m,esm2_650m,PyTorch_Transformer,0.8907,0.7815,0.8305,0.9132,0.8053,0.7301,0.9438,0.8808,OURS
Train3Val_Test,cls,bio_core_dna_prot_spliceai,nt_v2_500m,esmc_600m,Hybrid_Gating_XGBoost,0.8873,0.7576,0.8613,0.897,0.8061,0.7301,0.947,0.8911,OURS
Train3Val_Test,cls,bio_core_dna_prot_spliceai,nt_v3_650m,esm2_650m,PyTorch_Gating,0.8879,0.7628,0.8534,0.9008,0.8056,0.7295,0.9441,0.881,OURS
Train3Val_Test,center,bio_dna_geom_prot,nt_v1_500m,esmc_600m,PyTorch_Concat,0.8961,0.8648,0.7328,0.9572,0.7933,0.729,0.9481,0.8924,OURS
Train3Val_Test,mean,bio_dna_geom_prot,nt_v2_500m,esm1b_650m,PyTorch_Gating,0.8899,0.7783,0.8323,0.9114,0.8044,0.7287,0.941,0.8824,OURS
Train3Val_Test,cls,bio_core_dna_prot_spliceai,nt_v2_500m,esm2_650m,Hybrid_CrossAttn_XGBoost,0.8853,0.7499,0.8679,0.8918,0.8046,0.7279,0.9467,0.8828,OURS
Train3Val_Test,cls,bio_core_dna_prot_spliceai,nt_v1_500m,esm2_650m,PyTorch_Gating,0.8902,0.785,0.8215,0.9159,0.8028,0.7272,0.9403,0.8723,OURS
Train3Val_Test,cls,bio_core_dna_prot_spliceai,nt_v1_500m,esm2_650m,Hybrid_Transformer_XGBoost,0.8856,0.753,0.8625,0.8943,0.804,0.7272,0.9458,0.8851,OURS
Train3Val_Test,cls,bio_core_dna_prot_spliceai,nt_v3_650m,esm2_650m,Hybrid_Gating_XGBoost,0.8847,0.7488,0.8667,0.8914,0.8035,0.7263,0.9443,0.8838,OURS
Train3Val_Test,cls,bio_core_dna_prot_spliceai,nt_v1_500m,esm2_650m,Hybrid_Gating_XGBoost,0.8843,0.7493,0.8637,0.892,0.8025,0.7249,0.9439,0.8845,OURS
Train3Val_Test,cls,bio_core_dna_prot_spliceai,nt_v2_500m,esmc_600m,PyTorch_Gating,0.887,0.7666,0.8402,0.9044,0.8017,0.7244,0.9401,0.875,OURS
Train3Val_Test,cls,bio_core_dna_prot_spliceai,nt_v3_650m,esm2_650m,Hybrid_CrossAttn_XGBoost,0.8845,0.7513,0.8601,0.8936,0.802,0.7243,0.9471,0.8863,OURS
Train3Val_Test,cls,bio_core_dna_prot_spliceai,nt_v2_500m,esm2_650m,Hybrid_Gating_XGBoost,0.8838,0.7484,0.8631,0.8916,0.8017,0.7238,0.9442,0.8809,OURS
Train3Val_Test,cls,bio_core_dna_prot_spliceai,nt_v2_500m,esm2_650m,Hybrid_Concat_XGBoost,0.8842,0.7519,0.8571,0.8943,0.801,0.7229,0.9457,0.8834,OURS
Train3Val_Test,cls,bio_core_dna_prot_spliceai,nt_v1_500m,esm2_650m,Hybrid_CrossAttn_XGBoost,0.8825,0.7463,0.8607,0.8907,0.7994,0.7206,0.9439,0.8803,OURS
Train3Val_Test,cls,bio_core_dna_prot_spliceai,nt_v2_500m,esm2_650m,Hybrid_Transformer_XGBoost,0.8824,0.7459,0.8607,0.8905,0.7992,0.7203,0.9441,0.8802,OURS
Train3Val_Test,cls,bio_core_dna_prot_spliceai,nt_v2_500m,esm2_650m,PyTorch_Concat,0.8814,0.7488,0.8486,0.8936,0.7956,0.7153,0.9406,0.8733,OURS
Train3Val_Test,cls,bio_core_dna_prot_spliceai,nt_v2_500m,esm2_650m,PyTorch_Gating,0.8792,0.7391,0.8595,0.8866,0.7948,0.714,0.9412,0.8691,OURS
Train3Val_Test,cls,bio_dna_geom_prot,nt_v2_500m,esm1b_650m,Hybrid_Transformer_XGBoost,0.8819,0.7588,0.8293,0.9015,0.7925,0.7115,0.9398,0.872,OURS
Train3Val_Test,cls,bio_dna_geom_prot,nt_v2_500m,esm1b_650m,PyTorch_Gating,0.8886,0.831,0.7413,0.9437,0.7836,0.711,0.9414,0.8697,OURS
Train3Val_Test,mean,bio_dna_geom_prot,nt_v2_500m,esm1b_650m,PyTorch_Concat,0.8876,0.8263,0.7431,0.9416,0.7825,0.7088,0.9383,0.8655,OURS
Train3Val_Test,mean,bio_core_dna_spliceai,nt_v3_650m,,PyTorch_Concat,0.8811,0.7599,0.8227,0.9029,0.79,0.7083,0.9358,0.8559,OURS
Train3Val_Test,cls,bio_dna_geom,nt_v2_500m,esm1b_650m,PyTorch_Concat,0.8886,0.8694,0.6948,0.961,0.7724,0.7075,0.9422,0.8755,OURS
Train3Val_Test,center,bio_core_dna_spliceai,nt_v2_500m,,Pure_XGBoost_Concat,0.8745,0.7261,0.8649,0.8781,0.7894,0.7064,0.9419,0.8689,OURS
Train3Val_Test,mean,bio_core_dna_spliceai,nt_v2_500m,,Pure_XGBoost_Concat,0.8748,0.7284,0.8607,0.8801,0.7891,0.7059,0.9417,0.8716,OURS
Train3Val_Test,cls,bio_core_dna_spliceai,nt_v3_650m,,Pure_XGBoost_Concat,0.8738,0.7246,0.8649,0.8772,0.7886,0.7052,0.942,0.8724,OURS
Train3Val_Test,center,bio_core_spliceai,,,Pure_XGBoost_Concat,0.8745,0.7293,0.8565,0.8812,0.7878,0.704,0.9412,0.8689,OURS
Train3Val_Test,mean,bio_dna,nt_v2_500m,,Pure_XGBoost_Concat,0.8737,0.7256,0.8613,0.8783,0.7876,0.7039,0.9405,0.8685,OURS
Train3Val_Test,mean,bio_dna,nt_v2_500m,,Pure_XGBoost_Concat,0.8737,0.7256,0.8613,0.8783,0.7876,0.7039,0.9405,0.8685,OURS
Train3Val_Test,mean,bio_dna,nt_v2_500m,,Pure_XGBoost_Concat,0.8737,0.7256,0.8613,0.8783,0.7876,0.7039,0.9405,0.8685,OURS
Train3Val_Test,mean,bio_core_dna_spliceai,nt_v1_500m,,Pure_XGBoost_Concat,0.8733,0.7256,0.8595,0.8785,0.7869,0.7027,0.9418,0.8683,OURS
Train3Val_Test,cls,bio_core_dna_spliceai,nt_v1_500m,,Pure_XGBoost_Concat,0.8737,0.7279,0.8552,0.8805,0.7865,0.7022,0.9418,0.8719,OURS
Train3Val_Test,center,bio_dna,nt_v1_500m,,Pure_XGBoost_Concat,0.8742,0.7319,0.848,0.8839,0.7857,0.7011,0.9389,0.8598,OURS
Train3Val_Test,center,bio_dna,nt_v1_500m,,Pure_XGBoost_Concat,0.8742,0.7319,0.848,0.8839,0.7857,0.7011,0.9389,0.8598,OURS
Train3Val_Test,center,bio_dna,nt_v1_500m,,Pure_XGBoost_Concat,0.8742,0.7319,0.848,0.8839,0.7857,0.7011,0.9389,0.8598,OURS
Train3Val_Test,center,bio_core_dna_spliceai,nt_v3_650m,,PyTorch_Concat,0.8784,0.7574,0.8136,0.9026,0.7845,0.7009,0.9322,0.848,OURS
Train3Val_Test,center,bio_core_dna_spliceai,nt_v3_650m,,Hybrid_Concat_XGBoost,0.8722,0.7237,0.8577,0.8776,0.785,0.7001,0.9394,0.8599,OURS
Train3Val_Test,center,dna_geom_prot,nt_v1_500m,esmc_600m,Pure_XGBoost_Concat,0.8814,0.7838,0.7786,0.9198,0.7812,0.6999,0.9191,0.8521,OURS
Train3Val_Test,cls,bio_core_dna_spliceai,nt_v2_500m,,Pure_XGBoost_Concat,0.8724,0.7247,0.8559,0.8785,0.7848,0.6998,0.9396,0.8684,OURS
Train3Val_Test,mean,bio_dna_geom_prot,nt_v2_500m,esm1b_650m,PyTorch_Transformer,0.8791,0.7701,0.7919,0.9117,0.7809,0.6975,0.9272,0.8625,OURS
Train3Val_Test,center,bio_core_dna_spliceai,nt_v1_500m,,Pure_XGBoost_Concat,0.872,0.727,0.848,0.881,0.7829,0.697,0.939,0.863,OURS
Train3Val_Test,cls,bio_dna_geom_prot,nt_v2_500m,esm1b_650m,Hybrid_Gating_XGBoost,0.876,0.7492,0.8179,0.8977,0.782,0.6969,0.9311,0.8483,OURS
Train3Val_Test,mean,bio_dna,nt_v2_500m,,PyTorch_Concat,0.8753,0.7467,0.8197,0.8961,0.7815,0.696,0.9338,0.8516,OURS
Train3Val_Test,mean,bio_dna,nt_v2_500m,,PyTorch_Concat,0.8753,0.7467,0.8197,0.8961,0.7815,0.696,0.9338,0.8516,OURS
Train3Val_Test,mean,bio_dna,nt_v2_500m,,PyTorch_Concat,0.8753,0.7467,0.8197,0.8961,0.7815,0.696,0.9338,0.8516,OURS
Train3Val_Test,cls,bio_dna,nt_v2_500m,,Pure_XGBoost_Concat,0.8702,0.7199,0.8559,0.8756,0.782,0.6958,0.9381,0.8655,OURS
Train3Val_Test,cls,bio_dna,nt_v2_500m,,Pure_XGBoost_Concat,0.8702,0.7199,0.8559,0.8756,0.782,0.6958,0.9381,0.8655,OURS
Train3Val_Test,cls,bio_dna,nt_v2_500m,,Pure_XGBoost_Concat,0.8702,0.7199,0.8559,0.8756,0.782,0.6958,0.9381,0.8655,OURS
Train3Val_Test,mean,bio,,,PyTorch_Concat,0.8704,0.7242,0.8456,0.8796,0.7802,0.6932,0.9355,0.8618,OURS
Train3Val_Test,mean,bio,,,PyTorch_Concat,0.8704,0.7242,0.8456,0.8796,0.7802,0.6932,0.9355,0.8618,OURS
Train3Val_Test,mean,bio,,,PyTorch_Concat,0.8704,0.7242,0.8456,0.8796,0.7802,0.6932,0.9355,0.8618,OURS
Train3Val_Test,cls,bio_core_dna_spliceai,nt_v3_650m,,PyTorch_Concat,0.8702,0.7245,0.8438,0.8801,0.7796,0.6924,0.9315,0.8532,OURS
Train3Val_Test,cls,bio,,,Pure_XGBoost_Concat,0.8686,0.717,0.854,0.874,0.7795,0.6923,0.9413,0.8684,OURS
Train3Val_Test,mean,bio,,,Pure_XGBoost_Concat,0.8679,0.714,0.8583,0.8715,0.7795,0.6923,0.9414,0.8685,OURS
Train3Val_Test,cls,bio,,,Pure_XGBoost_Concat,0.8686,0.717,0.854,0.874,0.7795,0.6923,0.9413,0.8684,OURS
Train3Val_Test,mean,bio,,,Pure_XGBoost_Concat,0.8679,0.714,0.8583,0.8715,0.7795,0.6923,0.9414,0.8685,OURS
Train3Val_Test,cls,bio,,,Pure_XGBoost_Concat,0.8686,0.717,0.854,0.874,0.7795,0.6923,0.9413,0.8684,OURS
Train3Val_Test,mean,bio,,,Pure_XGBoost_Concat,0.8679,0.714,0.8583,0.8715,0.7795,0.6923,0.9414,0.8685,OURS
Train3Val_Test,mean,bio_core_dna_spliceai,nt_v2_500m,,PyTorch_Concat,0.8724,0.7358,0.8281,0.8889,0.7792,0.6923,0.9309,0.8412,OURS
Train3Val_Test,cls,bio_core_dna_spliceai,nt_v1_500m,,PyTorch_Concat,0.8709,0.7291,0.8359,0.8839,0.7789,0.6915,0.9282,0.8412,OURS
Train3Val_Test,center,geom_prot,nt_v1_500m,esmc_600m,Pure_XGBoost_Concat,0.8766,0.7658,0.7871,0.9101,0.7763,0.6913,0.9201,0.8542,OURS
Train3Val_Test,mean,bio_dna_geom,nt_v2_500m,esm1b_650m,Hybrid_Concat_XGBoost,0.8827,0.8647,0.6743,0.9606,0.7577,0.691,0.9331,0.8682,OURS
Train3Val_Test,center,bio,,,Pure_XGBoost_Concat,0.8678,0.7156,0.8528,0.8733,0.7782,0.6904,0.9412,0.8689,OURS
Train3Val_Test,center,bio,,,Pure_XGBoost_Concat,0.8678,0.7156,0.8528,0.8733,0.7782,0.6904,0.9412,0.8689,OURS
Train3Val_Test,center,bio,,,Pure_XGBoost_Concat,0.8678,0.7156,0.8528,0.8733,0.7782,0.6904,0.9412,0.8689,OURS
Train3Val_Test,center,bio,,,PyTorch_Concat,0.8678,0.7165,0.8504,0.8742,0.7777,0.6897,0.9359,0.8638,OURS
Train3Val_Test,center,bio,,,PyTorch_Concat,0.8678,0.7165,0.8504,0.8742,0.7777,0.6897,0.9359,0.8638,OURS
Train3Val_Test,center,bio,,,PyTorch_Concat,0.8678,0.7165,0.8504,0.8742,0.7777,0.6897,0.9359,0.8638,OURS
Train3Val_Test,cls,bio_core_dna_spliceai,nt_v1_500m,,Hybrid_Concat_XGBoost,0.8674,0.7153,0.8516,0.8733,0.7775,0.6894,0.9299,0.8468,OURS
Train3Val_Test,center,bio_core_spliceai,,,PyTorch_Concat,0.8674,0.7168,0.8474,0.8749,0.7767,0.6882,0.934,0.8562,OURS
Train3Val_Test,center,bio_dna_geom_prot,nt_v1_500m,esmc_600m,Hybrid_Transformer_XGBoost,0.8774,0.7834,0.7593,0.9216,0.7712,0.6877,0.9252,0.859,OURS
Train3Val_Test,cls,bio_dna_geom_prot,nt_v2_500m,esm1b_650m,Hybrid_CrossAttn_XGBoost,0.8815,0.8703,0.6634,0.963,0.7529,0.6876,0.9299,0.8627,OURS
Train3Val_Test,cls,bio,,,PyTorch_Concat,0.8656,0.7105,0.854,0.87,0.7757,0.6868,0.9352,0.8623,OURS
Train3Val_Test,cls,bio,,,PyTorch_Concat,0.8656,0.7105,0.854,0.87,0.7757,0.6868,0.9352,0.8623,OURS
Train3Val_Test,cls,bio,,,PyTorch_Concat,0.8656,0.7105,0.854,0.87,0.7757,0.6868,0.9352,0.8623,OURS
Train3Val_Test,mean,bio_dna,nt_v2_500m,,Hybrid_Concat_XGBoost,0.8663,0.7139,0.8486,0.8729,0.7754,0.6864,0.9351,0.8569,OURS
Train3Val_Test,mean,bio_dna,nt_v2_500m,,Hybrid_Concat_XGBoost,0.8663,0.7139,0.8486,0.8729,0.7754,0.6864,0.9351,0.8569,OURS
Train3Val_Test,mean,bio_dna,nt_v2_500m,,Hybrid_Concat_XGBoost,0.8663,0.7139,0.8486,0.8729,0.7754,0.6864,0.9351,0.8569,OURS
Train3Val_Test,center,bio_core_dna_spliceai,nt_v2_500m,,Hybrid_Concat_XGBoost,0.8655,0.7103,0.8534,0.87,0.7753,0.6863,0.9334,0.8519,OURS
Train3Val_Test,center,prot_spliceai,,esmc_600m,PyTorch_Concat,0.8786,0.8044,0.7316,0.9335,0.7663,0.6859,0.9112,0.8455,OURS
Train3Val_Test,mean,bio_core_dna_spliceai,nt_v2_500m,,Hybrid_Concat_XGBoost,0.8653,0.7115,0.8492,0.8713,0.7743,0.6847,0.9322,0.8434,OURS
Train3Val_Test,center,dna_prot_spliceai,nt_v3_650m,esm1b_650m,PyTorch_Gating,0.8753,0.7734,0.766,0.9162,0.7697,0.6842,0.9132,0.8377,OURS
Train3Val_Test,center,dna_prot_spliceai,nt_v3_650m,esmc_600m,PyTorch_CrossAttn,0.8745,0.7669,0.7738,0.9121,0.7703,0.684,0.9186,0.8522,OURS
Train3Val_Test,cls,bio_dna,nt_v2_500m,,PyTorch_Concat,0.8666,0.7193,0.8359,0.8781,0.7732,0.6833,0.9242,0.8194,OURS
Train3Val_Test,cls,bio_dna,nt_v2_500m,,PyTorch_Concat,0.8666,0.7193,0.8359,0.8781,0.7732,0.6833,0.9242,0.8194,OURS
Train3Val_Test,cls,bio_dna,nt_v2_500m,,PyTorch_Concat,0.8666,0.7193,0.8359,0.8781,0.7732,0.6833,0.9242,0.8194,OURS
Train3Val_Test,center,dna_prot_spliceai,nt_v3_650m,esm1b_650m,PyTorch_Concat,0.8724,0.7555,0.7847,0.9051,0.7698,0.6818,0.9172,0.8406,OURS
Train3Val_Test,center,dna_prot,nt_v3_650m,esm1b_650m,PyTorch_Transformer,0.8755,0.7829,0.7503,0.9222,0.7662,0.6817,0.9096,0.8325,OURS
Train3Val_Test,center,bio_dna,nt_v1_500m,,PyTorch_Concat,0.8661,0.7193,0.8329,0.8785,0.7719,0.6816,0.9276,0.8331,OURS
Train3Val_Test,center,bio_dna,nt_v1_500m,,PyTorch_Concat,0.8661,0.7193,0.8329,0.8785,0.7719,0.6816,0.9276,0.8331,OURS
Train3Val_Test,center,bio_dna,nt_v1_500m,,PyTorch_Concat,0.8661,0.7193,0.8329,0.8785,0.7719,0.6816,0.9276,0.8331,OURS
Train3Val_Test,center,dna_prot,nt_v2_500m,esmc_600m,PyTorch_Transformer,0.8756,0.7855,0.7467,0.9238,0.7656,0.6815,0.9045,0.842,OURS
Train3Val_Test,mean,bio_dna_geom_prot,nt_v2_500m,esm1b_650m,Hybrid_Transformer_XGBoost,0.8766,0.7992,0.7298,0.9315,0.7629,0.6811,0.9289,0.8543,OURS
Train3Val_Test,center,dna_prot_spliceai,nt_v3_650m,esmc_600m,Pure_XGBoost_Concat,0.8728,0.7608,0.7768,0.9087,0.7687,0.6811,0.9148,0.8467,OURS
Train3Val_Test,cls,bio_core_dna_spliceai,nt_v2_500m,,Hybrid_Concat_XGBoost,0.864,0.7101,0.845,0.8711,0.7717,0.6811,0.9287,0.8377,OURS
Train3Val_Test,mean,bio_core_dna_spliceai,nt_v3_650m,,Hybrid_Concat_XGBoost,0.8623,0.7034,0.854,0.8654,0.7715,0.6808,0.9342,0.8561,OURS
Train3Val_Test,center,dna_prot_spliceai,nt_v2_500m,esmc_600m,PyTorch_CrossAttn,0.8763,0.7966,0.7322,0.9301,0.763,0.6806,0.9081,0.8429,OURS
Train3Val_Test,center,dna_prot,nt_v3_650m,esmc_600m,PyTorch_Transformer,0.8781,0.8284,0.696,0.9461,0.7565,0.6805,0.9087,0.845,OURS
Train3Val_Test,center,bio_core_dna_spliceai,nt_v2_500m,,PyTorch_Concat,0.8602,0.6953,0.8655,0.8582,0.7711,0.6805,0.9274,0.834,OURS
Train3Val_Test,center,dna_prot,nt_v3_650m,esm1b_650m,PyTorch_CrossAttn,0.8733,0.7669,0.7678,0.9128,0.7673,0.6803,0.9165,0.8425,OURS
Train3Val_Test,mean,bio,,,Hybrid_Concat_XGBoost,0.864,0.7112,0.842,0.8722,0.7711,0.6802,0.9316,0.8553,OURS
Train3Val_Test,mean,bio,,,Hybrid_Concat_XGBoost,0.864,0.7112,0.842,0.8722,0.7711,0.6802,0.9316,0.8553,OURS
Train3Val_Test,mean,bio,,,Hybrid_Concat_XGBoost,0.864,0.7112,0.842,0.8722,0.7711,0.6802,0.9316,0.8553,OURS
Train3Val_Test,center,dna_prot_spliceai,nt_v2_500m,esm1b_650m,Hybrid_CrossAttn_XGBoost,0.8715,0.753,0.7853,0.9038,0.7688,0.6802,0.9106,0.8309,OURS
Train3Val_Test,cls,bio_core_dna_spliceai,nt_v3_650m,,Hybrid_Concat_XGBoost,0.8638,0.7104,0.8432,0.8715,0.7711,0.6802,0.929,0.8433,OURS
Train3Val_Test,center,dna_prot_spliceai,nt_v2_500m,esm1b_650m,PyTorch_Transformer,0.8727,0.7622,0.7732,0.9098,0.7677,0.68,0.9136,0.8349,OURS
Train3Val_Test,cls,bio_dna,nt_v2_500m,,Hybrid_Concat_XGBoost,0.8638,0.7108,0.842,0.872,0.7708,0.6799,0.9322,0.8549,OURS
Train3Val_Test,cls,bio_dna,nt_v2_500m,,Hybrid_Concat_XGBoost,0.8638,0.7108,0.842,0.872,0.7708,0.6799,0.9322,0.8549,OURS
Train3Val_Test,cls,bio_dna,nt_v2_500m,,Hybrid_Concat_XGBoost,0.8638,0.7108,0.842,0.872,0.7708,0.6799,0.9322,0.8549,OURS
Train3Val_Test,center,dna_prot_spliceai,nt_v3_650m,esmc_600m,PyTorch_Gating,0.8761,0.7992,0.7274,0.9317,0.7616,0.6796,0.9088,0.8444,OURS
Train3Val_Test,center,dna_prot,nt_v3_650m,esm1b_650m,PyTorch_Gating,0.8743,0.7791,0.7509,0.9204,0.7647,0.6793,0.9133,0.8396,OURS
Train3Val_Test,center,dna_prot_spliceai,nt_v3_650m,esmc_600m,Hybrid_Concat_XGBoost,0.8697,0.7449,0.7925,0.8986,0.768,0.6782,0.9142,0.8467,OURS
Train3Val_Test,mean,bio_core_dna_spliceai,nt_v1_500m,,Hybrid_Concat_XGBoost,0.862,0.705,0.8474,0.8675,0.7697,0.6781,0.9286,0.8382,OURS
Train3Val_Test,center,bio_dna,nt_v1_500m,,Hybrid_Concat_XGBoost,0.8627,0.7081,0.8426,0.8702,0.7695,0.6779,0.931,0.851,OURS
Train3Val_Test,center,bio_dna,nt_v1_500m,,Hybrid_Concat_XGBoost,0.8627,0.7081,0.8426,0.8702,0.7695,0.6779,0.931,0.851,OURS
Train3Val_Test,center,bio_dna,nt_v1_500m,,Hybrid_Concat_XGBoost,0.8627,0.7081,0.8426,0.8702,0.7695,0.6779,0.931,0.851,OURS
Train3Val_Test,cls,geom,nt_v2_500m,esm1b_650m,PyTorch_Concat,0.8771,0.8282,0.6918,0.9464,0.7539,0.6777,0.9104,0.8377,OURS
Train3Val_Test,center,geom_prot,nt_v1_500m,esmc_600m,PyTorch_Concat,0.8728,0.77,0.7593,0.9153,0.7647,0.6776,0.9148,0.8505,OURS
Train3Val_Test,center,dna_prot,nt_v3_650m,esm1b_650m,Hybrid_CrossAttn_XGBoost,0.8701,0.7489,0.7859,0.9015,0.7669,0.6773,0.916,0.8363,OURS
Train3Val_Test,center,bio,,,Hybrid_Concat_XGBoost,0.8625,0.7081,0.8414,0.8704,0.769,0.6772,0.9306,0.8546,OURS
Train3Val_Test,center,bio,,,Hybrid_Concat_XGBoost,0.8625,0.7081,0.8414,0.8704,0.769,0.6772,0.9306,0.8546,OURS
Train3Val_Test,center,bio,,,Hybrid_Concat_XGBoost,0.8625,0.7081,0.8414,0.8704,0.769,0.6772,0.9306,0.8546,OURS
Train3Val_Test,center,dna_prot_spliceai,nt_v2_500m,esm1b_650m,PyTorch_CrossAttn,0.8724,0.767,0.7624,0.9135,0.7647,0.6771,0.9144,0.8383,OURS
Train3Val_Test,center,dna_prot_spliceai,nt_v3_650m,esm1b_650m,Hybrid_Transformer_XGBoost,0.8692,0.7442,0.7913,0.8984,0.767,0.6769,0.9113,0.835,OURS
Train3Val_Test,mean,bio_core_dna_spliceai,nt_v1_500m,,PyTorch_Concat,0.8614,0.7036,0.8474,0.8666,0.7688,0.6769,0.9272,0.833,OURS
Train3Val_Test,center,prot_spliceai,,esm1b_650m,PyTorch_Concat,0.8724,0.768,0.7606,0.9141,0.7642,0.6767,0.9146,0.8365,OURS
Train3Val_Test,center,dna_prot_spliceai,nt_v3_650m,esmc_600m,PyTorch_Concat,0.8727,0.7712,0.7563,0.9162,0.7637,0.6766,0.9123,0.846,OURS
Train3Val_Test,center,dna_prot,nt_v2_500m,esm1b_650m,PyTorch_Transformer,0.8725,0.7704,0.7569,0.9157,0.7636,0.6764,0.911,0.8357,OURS
Train3Val_Test,center,dna_prot,nt_v3_650m,esmc_600m,PyTorch_CrossAttn,0.8763,0.8224,0.6954,0.9439,0.7536,0.676,0.8965,0.8309,OURS
Train3Val_Test,center,dna_prot,nt_v2_500m,esmc_600m,PyTorch_Gating,0.8725,0.7721,0.7539,0.9168,0.7629,0.6758,0.9064,0.8437,OURS
Train3Val_Test,center,dna_prot_spliceai,nt_v3_650m,esm1b_650m,Hybrid_CrossAttn_XGBoost,0.8687,0.7435,0.7901,0.8981,0.7661,0.6756,0.9154,0.8424,OURS
Train3Val_Test,center,dna_prot,nt_v3_650m,esmc_600m,PyTorch_Concat,0.8666,0.7315,0.8052,0.8896,0.7666,0.675,0.9146,0.8513,OURS
Train3Val_Test,center,bio_core_dna_spliceai,nt_v1_500m,,Hybrid_Concat_XGBoost,0.8607,0.7032,0.8444,0.8668,0.7673,0.6748,0.9281,0.8385,OURS
Train3Val_Test,cls,bio_core_dna_spliceai,nt_v2_500m,,PyTorch_Concat,0.8625,0.7113,0.8323,0.8738,0.7671,0.6746,0.9245,0.8261,OURS
Train3Val_Test,center,dna_prot,nt_v2_500m,esm1b_650m,PyTorch_Concat,0.8696,0.7513,0.778,0.9038,0.7644,0.6745,0.9131,0.8379,OURS
Train3Val_Test,center,dna_prot,nt_v2_500m,esm1b_650m,PyTorch_CrossAttn,0.8691,0.7483,0.7817,0.9017,0.7646,0.6743,0.9155,0.8425,OURS
Train3Val_Test,center,dna_prot,nt_v2_500m,esm1b_650m,Hybrid_CrossAttn_XGBoost,0.8689,0.7473,0.7829,0.9011,0.7647,0.6742,0.9115,0.8296,OURS
Train3Val_Test,center,dna_prot,nt_v1_500m,esm1b_650m,PyTorch_CrossAttn,0.871,0.7642,0.7606,0.9123,0.7624,0.6739,0.908,0.8324,OURS
Train3Val_Test,center,dna_prot_spliceai,nt_v2_500m,esmc_600m,Pure_XGBoost_Concat,0.8694,0.7515,0.7768,0.904,0.7639,0.6739,0.9115,0.8415,OURS
Train3Val_Test,center,dna_prot_spliceai,nt_v2_500m,esm1b_650m,PyTorch_Concat,0.8687,0.7471,0.7823,0.9011,0.7643,0.6737,0.9124,0.8351,OURS
Train3Val_Test,cls,bio,,,Hybrid_Concat_XGBoost,0.8597,0.7009,0.845,0.8652,0.7662,0.6732,0.9322,0.8545,OURS
Train3Val_Test,cls,bio,,,Hybrid_Concat_XGBoost,0.8597,0.7009,0.845,0.8652,0.7662,0.6732,0.9322,0.8545,OURS
Train3Val_Test,cls,bio,,,Hybrid_Concat_XGBoost,0.8597,0.7009,0.845,0.8652,0.7662,0.6732,0.9322,0.8545,OURS
Train3Val_Test,center,dna_prot_spliceai,nt_v2_500m,esmc_600m,PyTorch_Transformer,0.873,0.787,0.731,0.9261,0.758,0.6729,0.9027,0.8381,OURS
Train3Val_Test,cls,bio_geom_prot,nt_v2_500m,esm1b_650m,Hybrid_Concat_XGBoost,0.8745,0.8086,0.7057,0.9376,0.7536,0.6727,0.9221,0.839,OURS
Train3Val_Test,center,dna_prot,nt_v3_650m,esm1b_650m,PyTorch_Concat,0.8705,0.7638,0.7587,0.9123,0.7613,0.6725,0.9115,0.8341,OURS
Train3Val_Test,center,dna_geom_prot,nt_v1_500m,esmc_600m,PyTorch_Concat,0.875,0.8209,0.6912,0.9437,0.7505,0.6723,0.8906,0.8278,OURS
Train3Val_Test,center,dna_prot,nt_v1_500m,esmc_600m,PyTorch_Concat,0.8735,0.7963,0.7189,0.9313,0.7556,0.6722,0.9006,0.8342,OURS
Train3Val_Test,center,dna_prot_spliceai,nt_v2_500m,esmc_600m,PyTorch_Concat,0.8745,0.8116,0.7014,0.9391,0.7525,0.6722,0.8989,0.8325,OURS
Train3Val_Test,center,dna_prot_spliceai,nt_v2_500m,esm1b_650m,PyTorch_Gating,0.8683,0.7473,0.7793,0.9015,0.7629,0.672,0.9121,0.835,OURS
Train3Val_Test,center,dna_prot_spliceai,nt_v1_500m,esmc_600m,PyTorch_CrossAttn,0.871,0.7701,0.7497,0.9164,0.7598,0.6718,0.9095,0.8413,OURS
Train3Val_Test,center,dna_prot_spliceai,nt_v2_500m,esmc_600m,PyTorch_Gating,0.8727,0.7875,0.7286,0.9265,0.7569,0.6718,0.9045,0.8407,OURS
Train3Val_Test,center,dna_prot,nt_v2_500m,esmc_600m,PyTorch_CrossAttn,0.8686,0.751,0.7732,0.9042,0.762,0.6714,0.9087,0.8439,OURS
Train3Val_Test,center,dna_prot_spliceai,nt_v3_650m,esm1b_650m,PyTorch_Transformer,0.8697,0.7634,0.7551,0.9126,0.7592,0.67,0.9097,0.8304,OURS
Train3Val_Test,center,dna_prot_spliceai,nt_v3_650m,esm1b_650m,Pure_XGBoost_Concat,0.8661,0.7373,0.7889,0.895,0.7622,0.67,0.9169,0.8389,OURS
Train3Val_Test,center,dna_prot,nt_v1_500m,esm1b_650m,Hybrid_CrossAttn_XGBoost,0.8666,0.7413,0.7829,0.8979,0.7615,0.6695,0.91,0.834,OURS
Train3Val_Test,center,dna_prot_spliceai,nt_v3_650m,esmc_600m,PyTorch_Transformer,0.875,0.8522,0.6538,0.9576,0.7399,0.6695,0.9014,0.8337,OURS
Train3Val_Test,center,dna_prot,nt_v3_650m,esm1b_650m,Hybrid_Transformer_XGBoost,0.8673,0.7458,0.7768,0.9011,0.761,0.6694,0.911,0.8275,OURS
Train3Val_Test,mean,geom_prot,nt_v2_500m,esm1b_650m,Pure_XGBoost_Concat,0.8661,0.7389,0.7853,0.8963,0.7614,0.6691,0.9153,0.8451,OURS
Train3Val_Test,center,dna_prot,nt_v1_500m,esmc_600m,PyTorch_Gating,0.8732,0.8071,0.7014,0.9373,0.7506,0.669,0.8925,0.8258,OURS
Train3Val_Test,center,dna_prot,nt_v2_500m,esm1b_650m,Hybrid_Transformer_XGBoost,0.8663,0.7404,0.7829,0.8975,0.7611,0.6688,0.9117,0.8355,OURS
Train3Val_Test,center,bio_core_spliceai,,,Hybrid_Concat_XGBoost,0.8576,0.6973,0.842,0.8634,0.7628,0.6684,0.9287,0.8417,OURS
Train3Val_Test,center,dna_prot_spliceai,nt_v3_650m,esmc_600m,Hybrid_Gating_XGBoost,0.8668,0.7445,0.7768,0.9004,0.7603,0.6684,0.9132,0.8423,OURS
Train3Val_Test,center,dna_prot,nt_v3_650m,esmc_600m,Hybrid_Concat_XGBoost,0.8655,0.737,0.7859,0.8952,0.7607,0.6679,0.9134,0.8436,OURS
Train3Val_Test,center,dna_prot,nt_v1_500m,esm1b_650m,PyTorch_Transformer,0.8702,0.7745,0.7376,0.9198,0.7556,0.6677,0.9066,0.827,OURS
Train3Val_Test,center,dna_prot,nt_v3_650m,esm1b_650m,Pure_XGBoost_Concat,0.865,0.7344,0.7889,0.8934,0.7607,0.6676,0.914,0.8356,OURS
Train3Val_Test,center,dna_geom_prot,nt_v1_500m,esmc_600m,PyTorch_CrossAttn,0.874,0.8392,0.6641,0.9524,0.7414,0.6675,0.8971,0.8319,OURS
Train3Val_Test,center,dna_prot_spliceai,nt_v1_500m,esmc_600m,PyTorch_Transformer,0.8727,0.8097,0.6954,0.9389,0.7482,0.6671,0.9068,0.8389,OURS
Train3Val_Test,center,geom,nt_v1_500m,esmc_600m,Pure_XGBoost_Concat,0.8691,0.7664,0.7461,0.915,0.7561,0.6668,0.9014,0.8357,OURS
Train3Val_Test,center,prot_spliceai,,esm1b_650m,Pure_XGBoost_Concat,0.8645,0.7329,0.7895,0.8925,0.7602,0.6668,0.9151,0.835,OURS
Train3Val_Test,center,dna_prot_spliceai,nt_v2_500m,esm1b_650m,Hybrid_Transformer_XGBoost,0.8645,0.7337,0.7877,0.8932,0.7597,0.6663,0.9135,0.836,OURS
Train3Val_Test,center,dna_prot,nt_v3_650m,esmc_600m,Pure_XGBoost_Concat,0.8669,0.7507,0.7648,0.9051,0.7577,0.666,0.9135,0.8393,OURS
Train3Val_Test,center,dna_prot_spliceai,nt_v1_500m,esm1b_650m,PyTorch_Transformer,0.8689,0.7676,0.7431,0.9159,0.7551,0.6658,0.9084,0.8275,OURS
Train3Val_Test,center,prot,,esmc_600m,Pure_XGBoost_Concat,0.8656,0.7426,0.7744,0.8997,0.7582,0.6655,0.9127,0.8386,OURS
Train3Val_Test,center,prot,,esmc_600m,Pure_XGBoost_Concat,0.8656,0.7426,0.7744,0.8997,0.7582,0.6655,0.9127,0.8386,OURS
Train3Val_Test,center,prot,,esmc_600m,Pure_XGBoost_Concat,0.8656,0.7426,0.7744,0.8997,0.7582,0.6655,0.9127,0.8386,OURS
Train3Val_Test,center,prot,,esmc_600m,Pure_XGBoost_Concat,0.8656,0.7426,0.7744,0.8997,0.7582,0.6655,0.9127,0.8386,OURS
Train3Val_Test,center,prot,,esmc_600m,Pure_XGBoost_Concat,0.8656,0.7426,0.7744,0.8997,0.7582,0.6655,0.9127,0.8386,OURS
Train3Val_Test,center,prot_spliceai,,esm1b_650m,Hybrid_Concat_XGBoost,0.8638,0.7313,0.7895,0.8916,0.7593,0.6655,0.9128,0.826,OURS
Train3Val_Test,center,dna_prot,nt_v1_500m,esm1b_650m,Pure_XGBoost_Concat,0.8638,0.7321,0.7877,0.8923,0.7589,0.665,0.9097,0.83,OURS
Train3Val_Test,center,dna_prot,nt_v3_650m,esm1b_650m,Hybrid_Gating_XGBoost,0.8633,0.7293,0.7913,0.8902,0.759,0.665,0.9102,0.8262,OURS
Train3Val_Test,center,bio_core_dna_spliceai,nt_v1_500m,,PyTorch_Concat,0.8566,0.697,0.8366,0.8641,0.7604,0.6649,0.924,0.8256,OURS
Train3Val_Test,center,dna_prot,nt_v2_500m,esm1b_650m,Pure_XGBoost_Concat,0.8638,0.7331,0.7853,0.8932,0.7583,0.6644,0.9113,0.8366,OURS
Train3Val_Test,center,prot,,esmc_600m,Hybrid_Concat_XGBoost,0.8646,0.7384,0.778,0.897,0.7577,0.6643,0.9128,0.841,OURS
Train3Val_Test,center,prot,,esmc_600m,Hybrid_Concat_XGBoost,0.8646,0.7384,0.778,0.897,0.7577,0.6643,0.9128,0.841,OURS
Train3Val_Test,center,prot,,esmc_600m,Hybrid_Concat_XGBoost,0.8646,0.7384,0.778,0.897,0.7577,0.6643,0.9128,0.841,OURS
Train3Val_Test,center,prot,,esmc_600m,Hybrid_Concat_XGBoost,0.8646,0.7384,0.778,0.897,0.7577,0.6643,0.9128,0.841,OURS
Train3Val_Test,center,prot,,esmc_600m,Hybrid_Concat_XGBoost,0.8646,0.7384,0.778,0.897,0.7577,0.6643,0.9128,0.841,OURS
Train3Val_Test,center,dna_prot,nt_v2_500m,esm1b_650m,PyTorch_Gating,0.8666,0.7525,0.7593,0.9067,0.7559,0.6642,0.9104,0.8339,OURS
Train3Val_Test,center,dna_prot,nt_v3_650m,esmc_600m,PyTorch_Gating,0.8724,0.825,0.6737,0.9466,0.7417,0.664,0.8938,0.8282,OURS
Train3Val_Test,center,dna_prot_spliceai,nt_v3_650m,esm1b_650m,PyTorch_CrossAttn,0.865,0.7412,0.7738,0.899,0.7572,0.664,0.9117,0.8336,OURS
Train3Val_Test,center,dna_prot_spliceai,nt_v2_500m,esm1b_650m,Pure_XGBoost_Concat,0.8642,0.7363,0.7799,0.8957,0.7575,0.6638,0.9133,0.8354,OURS
Train3Val_Test,center,dna_prot,nt_v1_500m,esmc_600m,PyTorch_CrossAttn,0.8728,0.8457,0.6514,0.9556,0.7359,0.6637,0.8926,0.8281,OURS
Train3Val_Test,center,prot,,esmc_600m,PyTorch_Concat,0.8727,0.8387,0.6586,0.9527,0.7378,0.6637,0.9016,0.8328,OURS
Train3Val_Test,center,prot,,esmc_600m,PyTorch_Concat,0.8727,0.8387,0.6586,0.9527,0.7378,0.6637,0.9016,0.8328,OURS
Train3Val_Test,center,prot,,esmc_600m,PyTorch_Concat,0.8727,0.8387,0.6586,0.9527,0.7378,0.6637,0.9016,0.8328,OURS
Train3Val_Test,center,prot,,esmc_600m,PyTorch_Concat,0.8727,0.8387,0.6586,0.9527,0.7378,0.6637,0.9016,0.8328,OURS
Train3Val_Test,center,prot,,esmc_600m,PyTorch_Concat,0.8727,0.8387,0.6586,0.9527,0.7378,0.6637,0.9016,0.8328,OURS
Train3Val_Test,center,dna_prot,nt_v2_500m,esm1b_650m,Hybrid_Concat_XGBoost,0.8632,0.7307,0.7871,0.8916,0.7578,0.6636,0.9122,0.8332,OURS
Train3Val_Test,center,dna_prot_spliceai,nt_v2_500m,esmc_600m,Hybrid_Concat_XGBoost,0.8645,0.7388,0.7762,0.8975,0.7571,0.6636,0.9146,0.8431,OURS
Train3Val_Test,center,dna_prot,nt_v3_650m,esm1b_650m,Hybrid_Concat_XGBoost,0.8632,0.7309,0.7865,0.8918,0.7577,0.6634,0.9121,0.8313,OURS
Train3Val_Test,center,dna_prot_spliceai,nt_v1_500m,esm1b_650m,PyTorch_CrossAttn,0.8656,0.7469,0.7654,0.9031,0.756,0.6634,0.9093,0.833,OURS
Train3Val_Test,mean,dna_geom_prot,nt_v2_500m,esm1b_650m,Pure_XGBoost_Concat,0.8627,0.7284,0.7895,0.89,0.7577,0.6632,0.9121,0.8436,OURS
Train3Val_Test,center,dna_prot,nt_v2_500m,esmc_600m,Hybrid_Concat_XGBoost,0.8638,0.7363,0.778,0.8959,0.7566,0.6627,0.9091,0.8404,OURS
Train3Val_Test,center,prot_spliceai,,esmc_600m,Hybrid_Concat_XGBoost,0.8633,0.7332,0.7823,0.8936,0.7569,0.6627,0.9178,0.8463,OURS
Train3Val_Test,center,dna_prot,nt_v1_500m,esmc_600m,Hybrid_Concat_XGBoost,0.8642,0.7388,0.7744,0.8977,0.7562,0.6625,0.9094,0.8394,OURS
Train3Val_Test,center,dna_prot_spliceai,nt_v1_500m,esmc_600m,PyTorch_Gating,0.8704,0.7969,0.7027,0.9331,0.7468,0.6625,0.8878,0.8211,OURS
Train3Val_Test,center,dna_prot,nt_v1_500m,esmc_600m,Pure_XGBoost_Concat,0.8658,0.7503,0.7593,0.9056,0.7548,0.6624,0.9095,0.8332,OURS
Train3Val_Test,center,dna_prot,nt_v1_500m,esm1b_650m,PyTorch_Gating,0.8637,0.7364,0.7768,0.8961,0.7561,0.662,0.905,0.8265,OURS
Train3Val_Test,center,dna_prot,nt_v3_650m,esm1v_650m,PyTorch_Gating,0.866,0.7529,0.7551,0.9074,0.754,0.6619,0.9078,0.833,OURS
Train3Val_Test,center,prot_spliceai,,esmc_600m,Pure_XGBoost_Concat,0.8645,0.743,0.7672,0.9008,0.7549,0.6614,0.914,0.8378,OURS
Train3Val_Test,center,dna_prot_spliceai,nt_v1_500m,esm1b_650m,Pure_XGBoost_Concat,0.8623,0.7302,0.7835,0.8918,0.7559,0.661,0.9134,0.8327,OURS
Train3Val_Test,center,dna_prot_spliceai,nt_v1_500m,esmc_600m,PyTorch_Concat,0.8701,0.7994,0.6972,0.9346,0.7448,0.661,0.8888,0.8241,OURS
Train3Val_Test,center,dna_geom_prot,nt_v1_500m,esmc_600m,PyTorch_Transformer,0.8719,0.8455,0.6472,0.9558,0.7332,0.6609,0.8965,0.831,OURS
Train3Val_Test,center,dna_prot_spliceai,nt_v3_650m,esm1b_650m,Hybrid_Gating_XGBoost,0.8619,0.7279,0.7859,0.8902,0.7558,0.6606,0.9099,0.8293,OURS
Train3Val_Test,center,dna_prot_spliceai,nt_v2_500m,esm1b_650m,Hybrid_Gating_XGBoost,0.8628,0.7343,0.7768,0.895,0.755,0.6604,0.9107,0.8292,OURS
Train3Val_Test,center,dna_prot_spliceai,nt_v3_650m,esm1b_650m,Hybrid_Concat_XGBoost,0.8619,0.7287,0.7841,0.8909,0.7554,0.6602,0.9125,0.8284,OURS
Train3Val_Test,center,dna_prot_spliceai,nt_v3_650m,esmc_600m,Hybrid_CrossAttn_XGBoost,0.8607,0.7224,0.7925,0.8862,0.7558,0.6601,0.9088,0.841,OURS
Train3Val_Test,center,dna_prot_spliceai,nt_v1_500m,esm1b_650m,Hybrid_Transformer_XGBoost,0.8632,0.7376,0.7714,0.8975,0.7541,0.6597,0.9046,0.8254,OURS
Train3Val_Test,center,dna_prot,nt_v2_500m,esm1v_650m,PyTorch_Transformer,0.865,0.7514,0.7527,0.9069,0.752,0.6593,0.9048,0.8298,OURS
Train3Val_Test,center,dna_prot,nt_v2_500m,esmc_600m,Pure_XGBoost_Concat,0.8635,0.7412,0.7654,0.9002,0.7531,0.659,0.9099,0.8356,OURS
Train3Val_Test,center,dna_prot_spliceai,nt_v1_500m,esmc_600m,Hybrid_CrossAttn_XGBoost,0.8612,0.7268,0.7847,0.8898,0.7546,0.659,0.906,0.8325,OURS
Train3Val_Test,center,dna_prot_spliceai,nt_v1_500m,esm1b_650m,Hybrid_Concat_XGBoost,0.8617,0.7306,0.7786,0.8927,0.7539,0.6585,0.9056,0.8201,OURS
Train3Val_Test,center,dna_geom_prot,nt_v1_500m,esmc_600m,PyTorch_Gating,0.8709,0.8448,0.6435,0.9558,0.7306,0.6581,0.9,0.8299,OURS
Train3Val_Test,mean,bio_dna_geom_prot,nt_v2_500m,esm1b_650m,Hybrid_Concat_XGBoost,0.8397,0.648,0.8993,0.8174,0.7532,0.6579,0.9438,0.8804,OURS
Train3Val_Test,center,dna_prot_spliceai,nt_v1_500m,esmc_600m,Pure_XGBoost_Concat,0.8637,0.7445,0.7593,0.9026,0.7519,0.6579,0.9082,0.8329,OURS
Train3Val_Test,cls,dna_geom_prot,nt_v2_500m,esm1b_650m,Pure_XGBoost_Concat,0.8609,0.727,0.7823,0.8902,0.7536,0.6577,0.9126,0.8379,OURS
Train3Val_Test,center,dna_prot,nt_v3_650m,esm1v_650m,PyTorch_CrossAttn,0.864,0.7475,0.7551,0.9047,0.7513,0.6577,0.9084,0.8353,OURS
Train3Val_Test,center,dna_prot_spliceai,nt_v1_500m,esm1b_650m,PyTorch_Gating,0.863,0.7405,0.7642,0.8999,0.7522,0.6577,0.907,0.8271,OURS
Train3Val_Test,center,prot_spliceai,,esm1v_650m,PyTorch_Concat,0.8628,0.7395,0.7654,0.8993,0.7522,0.6576,0.9091,0.8304,OURS
Train3Val_Test,center,dna_prot_spliceai,nt_v1_500m,esmc_600m,Hybrid_Concat_XGBoost,0.8623,0.7363,0.7696,0.897,0.7526,0.6576,0.9111,0.839,OURS
Train3Val_Test,center,dna_prot,nt_v2_500m,esmc_600m,PyTorch_Concat,0.8684,0.7944,0.6966,0.9326,0.7423,0.657,0.8925,0.827,OURS
Train3Val_Test,center,dna_prot,nt_v1_500m,esm1b_650m,Hybrid_Concat_XGBoost,0.861,0.7295,0.7774,0.8923,0.7527,0.6568,0.9078,0.8221,OURS
Train3Val_Test,center,dna_prot_spliceai,nt_v1_500m,esm1b_650m,Hybrid_CrossAttn_XGBoost,0.8609,0.7288,0.778,0.8918,0.7526,0.6567,0.9057,0.824,OURS
Train3Val_Test,center,dna_prot_spliceai,nt_v2_500m,esmc_600m,Hybrid_Transformer_XGBoost,0.8597,0.7222,0.7871,0.8869,0.7532,0.6567,0.9094,0.8428,OURS
Train3Val_Test,center,bio_geom,nt_v1_500m,esmc_600m,Hybrid_Concat_XGBoost,0.8691,0.9461,0.5501,0.9883,0.6957,0.6565,0.9433,0.8875,OURS
Train3Val_Test,center,dna_prot,nt_v1_500m,esmc_600m,PyTorch_Transformer,0.8701,0.8351,0.6508,0.952,0.7315,0.6563,0.8949,0.8275,OURS
Train3Val_Test,center,dna_prot_spliceai,nt_v2_500m,esm1b_650m,Hybrid_Concat_XGBoost,0.8609,0.7296,0.7762,0.8925,0.7522,0.6562,0.9117,0.8285,OURS
Train3Val_Test,center,dna_prot,nt_v3_650m,esmc_600m,Hybrid_Transformer_XGBoost,0.8605,0.728,0.778,0.8914,0.7522,0.656,0.9075,0.8395,OURS
Train3Val_Test,center,dna_prot_spliceai,nt_v3_650m,esm1v_650m,PyTorch_Transformer,0.8673,0.7843,0.7063,0.9274,0.7433,0.6557,0.9009,0.823,OURS
Train3Val_Test,center,dna_prot,nt_v3_650m,esmc_600m,Hybrid_CrossAttn_XGBoost,0.8599,0.7248,0.7817,0.8891,0.7522,0.6556,0.9067,0.839,OURS
Train3Val_Test,center,dna_prot_spliceai,nt_v2_500m,esmc_600m,Hybrid_CrossAttn_XGBoost,0.8594,0.7221,0.7853,0.8871,0.7524,0.6556,0.9083,0.8411,OURS
Train3Val_Test,center,dna_prot_spliceai,nt_v2_500m,esmc_600m,Hybrid_Gating_XGBoost,0.8609,0.7306,0.7738,0.8934,0.7516,0.6556,0.9071,0.8362,OURS
Train3Val_Test,center,dna_geom_prot,nt_v1_500m,esmc_600m,Hybrid_CrossAttn_XGBoost,0.8602,0.7269,0.7786,0.8907,0.7519,0.6555,0.9025,0.8367,OURS
Train3Val_Test,center,dna_prot_spliceai,nt_v2_500m,esm1v_650m,PyTorch_Concat,0.861,0.7324,0.7708,0.8947,0.7511,0.6552,0.9029,0.8275,OURS
Train3Val_Test,center,dna_prot,nt_v3_650m,esmc_600m,Hybrid_Gating_XGBoost,0.8599,0.7264,0.778,0.8905,0.7513,0.6547,0.906,0.8339,OURS
Train3Val_Test,center,dna_prot,nt_v1_500m,esmc_600m,Hybrid_CrossAttn_XGBoost,0.8594,0.7246,0.7793,0.8893,0.7509,0.654,0.9051,0.8334,OURS
Train3Val_Test,center,dna_prot,nt_v2_500m,esm1v_650m,PyTorch_CrossAttn,0.866,0.7754,0.7141,0.9227,0.7435,0.654,0.9025,0.8288,OURS
Train3Val_Test,center,dna_prot_spliceai,nt_v3_650m,esm1v_650m,PyTorch_CrossAttn,0.8625,0.7461,0.7497,0.9047,0.7479,0.6534,0.9075,0.8301,OURS
Train3Val_Test,cls,geom_prot,nt_v2_500m,esm1b_650m,Pure_XGBoost_Concat,0.8596,0.7273,0.7738,0.8916,0.7499,0.653,0.914,0.84,OURS
Train3Val_Test,center,bio_dna_geom,nt_v1_500m,esmc_600m,PyTorch_Concat,0.8427,0.6594,0.8721,0.8316,0.751,0.6525,0.9274,0.8452,OURS
Train3Val_Test,center,dna_prot,nt_v2_500m,esmc_600m,Hybrid_Gating_XGBoost,0.8584,0.7224,0.7786,0.8882,0.7495,0.6519,0.9057,0.8312,OURS
Train3Val_Test,center,dna_prot_spliceai,nt_v1_500m,esmc_600m,Hybrid_Transformer_XGBoost,0.8568,0.7139,0.7901,0.8817,0.7501,0.6517,0.9039,0.8306,OURS
Train3Val_Test,cls,dna_geom,nt_v2_500m,esm1b_650m,Pure_XGBoost_Concat,0.8614,0.7418,0.7521,0.9022,0.7469,0.6515,0.9071,0.8299,OURS
Train3Val_Test,center,dna_prot,nt_v3_650m,esm1v_650m,PyTorch_Transformer,0.8607,0.7381,0.7563,0.8997,0.7471,0.6511,0.9057,0.8286,OURS
Train3Val_Test,center,dna_prot_spliceai,nt_v2_500m,esm1v_650m,PyTorch_Transformer,0.8578,0.7211,0.778,0.8875,0.7485,0.6504,0.9025,0.826,OURS
Train3Val_Test,center,dna_prot,nt_v2_500m,esm1b_650m,Hybrid_Gating_XGBoost,0.8584,0.7255,0.7714,0.8909,0.7477,0.65,0.904,0.8264,OURS
Train3Val_Test,center,dna_prot_spliceai,nt_v1_500m,esmc_600m,Hybrid_Gating_XGBoost,0.8584,0.7257,0.7708,0.8911,0.7476,0.6499,0.8981,0.8221,OURS
Train3Val_Test,center,dna_prot_spliceai,nt_v1_500m,esm1b_650m,Hybrid_Gating_XGBoost,0.8586,0.7274,0.7678,0.8925,0.7471,0.6495,0.9044,0.8196,OURS
Train3Val_Test,center,dna_prot_spliceai,nt_v2_500m,esm1v_650m,PyTorch_CrossAttn,0.8581,0.7244,0.772,0.8902,0.7474,0.6495,0.9072,0.8307,OURS
Train3Val_Test,center,dna_geom,nt_v1_500m,esmc_600m,Pure_XGBoost_Concat,0.8625,0.7559,0.7304,0.9119,0.7429,0.6493,0.8936,0.8271,OURS
Train3Val_Test,center,dna_prot_spliceai,nt_v3_650m,esm2_650m,PyTorch_CrossAttn,0.8642,0.772,0.7105,0.9216,0.7399,0.6492,0.8993,0.8091,OURS
Train3Val_Test,center,dna_prot_spliceai,nt_v1_500m,esm1b_650m,PyTorch_Concat,0.8582,0.7261,0.769,0.8916,0.7469,0.6491,0.9032,0.8238,OURS
Train3Val_Test,center,dna_prot,nt_v2_500m,esmc_600m,Hybrid_CrossAttn_XGBoost,0.8556,0.7119,0.7883,0.8808,0.7481,0.649,0.9082,0.8401,OURS
Train3Val_Test,center,dna_prot,nt_v1_500m,esm1v_650m,PyTorch_Transformer,0.86,0.738,0.7527,0.9002,0.7453,0.6489,0.8979,0.8215,OURS
Train3Val_Test,mean,dna_geom,nt_v2_500m,esm1b_650m,Pure_XGBoost_Concat,0.8599,0.737,0.7539,0.8995,0.7454,0.6488,0.9012,0.8281,OURS
Train3Val_Test,center,dna_prot,nt_v2_500m,esmc_600m,Hybrid_Transformer_XGBoost,0.8561,0.7156,0.7817,0.8839,0.7472,0.6481,0.9068,0.837,OURS
Train3Val_Test,center,dna_prot_spliceai,nt_v3_650m,esmc_600m,Hybrid_Transformer_XGBoost,0.8564,0.7176,0.7786,0.8855,0.7469,0.648,0.9079,0.8388,OURS
Train3Val_Test,center,dna_prot,nt_v1_500m,esmc_600m,Hybrid_Gating_XGBoost,0.8581,0.7283,0.763,0.8936,0.7452,0.6473,0.8992,0.8299,OURS
Train3Val_Test,mean,dna_prot,nt_v2_500m,esm1b_650m,PyTorch_Transformer,0.8599,0.7413,0.7449,0.9029,0.7431,0.6468,0.9049,0.8111,OURS
Train3Val_Test,center,dna_prot_spliceai,nt_v3_650m,esm1v_650m,PyTorch_Concat,0.8559,0.7169,0.7774,0.8853,0.7459,0.6467,0.9101,0.8345,OURS
Train3Val_Test,center,dna_prot,nt_v1_500m,esm1b_650m,PyTorch_Concat,0.8571,0.7247,0.7654,0.8914,0.7445,0.6459,0.9019,0.8202,OURS
Train3Val_Test,cls,bio_dna_geom,nt_v2_500m,esm1b_650m,Hybrid_Concat_XGBoost,0.8397,0.6551,0.8673,0.8294,0.7464,0.6459,0.9244,0.8191,OURS
Train3Val_Test,center,dna_prot_spliceai,nt_v2_500m,esm1v_650m,PyTorch_Gating,0.8561,0.719,0.7732,0.8871,0.7451,0.6459,0.9018,0.8241,OURS
Train3Val_Test,center,dna_prot,nt_v1_500m,esm1b_650m,Hybrid_Gating_XGBoost,0.8569,0.7238,0.7666,0.8907,0.7446,0.6458,0.901,0.8221,OURS
Train3Val_Test,center,dna_prot,nt_v1_500m,esm1b_650m,Hybrid_Transformer_XGBoost,0.8568,0.7234,0.7666,0.8905,0.7444,0.6455,0.9047,0.8217,OURS
Train3Val_Test,mean,dna_prot_spliceai,nt_v3_650m,esm1b_650m,PyTorch_Transformer,0.8623,0.7664,0.7105,0.9191,0.7374,0.6452,0.907,0.8066,OURS
Train3Val_Test,center,dna_prot,nt_v1_500m,esmc_600m,Hybrid_Transformer_XGBoost,0.8545,0.7129,0.7786,0.8828,0.7443,0.6441,0.9065,0.8373,OURS
Train3Val_Test,center,dna_geom_prot,nt_v1_500m,esmc_600m,Hybrid_Transformer_XGBoost,0.8568,0.726,0.7606,0.8927,0.7429,0.644,0.9008,0.8291,OURS
Train3Val_Test,center,dna_geom_prot,nt_v1_500m,esmc_600m,Hybrid_Concat_XGBoost,0.8637,0.7878,0.6828,0.9313,0.7315,0.6437,0.8979,0.8176,OURS
Train3Val_Test,center,dna_prot,nt_v3_650m,esm1v_650m,PyTorch_Concat,0.8533,0.7078,0.7847,0.879,0.7443,0.6435,0.9082,0.8353,OURS
Train3Val_Test,mean,dna_prot,nt_v2_500m,esm1b_650m,PyTorch_Gating,0.8573,0.7304,0.7533,0.8961,0.7417,0.6432,0.9021,0.815,OURS
Train3Val_Test,mean,dna_prot,nt_v3_650m,esm1b_650m,PyTorch_Gating,0.8561,0.7238,0.7618,0.8914,0.7423,0.643,0.904,0.8149,OURS
Train3Val_Test,mean,dna_prot,nt_v2_500m,esm1b_650m,PyTorch_Concat,0.8545,0.7152,0.7726,0.8851,0.7428,0.6425,0.9041,0.8116,OURS
Train3Val_Test,mean,dna_prot,nt_v3_650m,esm1b_650m,PyTorch_CrossAttn,0.8548,0.7173,0.7696,0.8866,0.7425,0.6423,0.902,0.8037,OURS
Train3Val_Test,mean,dna_prot_spliceai,nt_v2_500m,esm1b_650m,PyTorch_Concat,0.854,0.7133,0.7744,0.8837,0.7426,0.642,0.9074,0.818,OURS
Train3Val_Test,cls,bio_dna_geom_prot,nt_v2_500m,esm1b_650m,Hybrid_Concat_XGBoost,0.8351,0.6449,0.8764,0.8197,0.743,0.6417,0.9305,0.8581,OURS
Train3Val_Test,mean,prot,,esm1b_650m,PyTorch_Concat,0.8541,0.7149,0.7714,0.8851,0.7421,0.6415,0.906,0.8112,OURS
Train3Val_Test,mean,prot,,esm1b_650m,PyTorch_Concat,0.8541,0.7149,0.7714,0.8851,0.7421,0.6415,0.906,0.8112,OURS
Train3Val_Test,mean,prot,,esm1b_650m,PyTorch_Concat,0.8541,0.7149,0.7714,0.8851,0.7421,0.6415,0.906,0.8112,OURS
Train3Val_Test,mean,prot,,esm1b_650m,PyTorch_Concat,0.8541,0.7149,0.7714,0.8851,0.7421,0.6415,0.906,0.8112,OURS
Train3Val_Test,mean,prot,,esm1b_650m,PyTorch_Concat,0.8541,0.7149,0.7714,0.8851,0.7421,0.6415,0.906,0.8112,OURS
Train3Val_Test,center,dna_prot_spliceai,nt_v3_650m,esm1v_650m,PyTorch_Gating,0.854,0.714,0.7726,0.8844,0.7422,0.6415,0.9039,0.8298,OURS
Train3Val_Test,mean,dna_prot_spliceai,nt_v2_500m,esm1b_650m,PyTorch_Gating,0.8543,0.7158,0.7702,0.8857,0.742,0.6415,0.9048,0.8164,OURS
Train3Val_Test,mean,dna_prot,nt_v3_650m,esm1b_650m,PyTorch_Transformer,0.8628,0.7874,0.6791,0.9315,0.7293,0.6412,0.9047,0.8127,OURS
Train3Val_Test,center,dna_prot,nt_v3_650m,esm2_650m,PyTorch_Gating,0.8576,0.7368,0.7413,0.9011,0.739,0.6411,0.9021,0.8142,OURS
Train3Val_Test,center,dna_prot,nt_v3_650m,esm2_650m,PyTorch_Concat,0.8596,0.7522,0.7214,0.9112,0.7365,0.641,0.8997,0.8092,OURS
Train3Val_Test,mean,dna_prot_spliceai,nt_v2_500m,esm1b_650m,PyTorch_CrossAttn,0.8576,0.7377,0.7394,0.9017,0.7386,0.6407,0.9013,0.8088,OURS
Train3Val_Test,mean,dna_prot_spliceai,nt_v1_500m,esm1b_650m,PyTorch_Transformer,0.8579,0.7406,0.7352,0.9038,0.7379,0.6404,0.9018,0.8059,OURS
Train3Val_Test,center,dna_prot,nt_v2_500m,esm1v_650m,PyTorch_Concat,0.8543,0.7188,0.763,0.8884,0.7402,0.6396,0.9011,0.8231,OURS
Train3Val_Test,mean,dna_prot_spliceai,nt_v2_500m,esm1b_650m,PyTorch_Transformer,0.8584,0.7474,0.7244,0.9085,0.7357,0.6392,0.9086,0.8163,OURS
Train3Val_Test,cls,dna_geom_prot,nt_v2_500m,esm1b_650m,PyTorch_CrossAttn,0.863,0.8015,0.6598,0.9389,0.7238,0.6391,0.8809,0.7916,OURS
Train3Val_Test,center,dna_prot_spliceai,nt_v2_500m,esm2_650m,PyTorch_CrossAttn,0.8596,0.7577,0.7111,0.915,0.7337,0.639,0.8965,0.8061,OURS
Train3Val_Test,center,prot_spliceai,,esm1v_650m,Pure_XGBoost_Concat,0.852,0.7079,0.7762,0.8803,0.7405,0.6386,0.9029,0.8232,OURS
Train3Val_Test,mean,dna_prot,nt_v3_650m,esm1b_650m,PyTorch_Concat,0.8505,0.7016,0.7841,0.8754,0.7405,0.638,0.904,0.8095,OURS
Train3Val_Test,mean,prot_spliceai,,esm1b_650m,PyTorch_Concat,0.8543,0.7215,0.7563,0.8909,0.7385,0.638,0.9002,0.8098,OURS
Train3Val_Test,center,dna_prot_spliceai,nt_v3_650m,esm1v_650m,Pure_XGBoost_Concat,0.8509,0.7039,0.7799,0.8774,0.7399,0.6374,0.9034,0.8244,OURS
Train3Val_Test,mean,dna_prot_spliceai,nt_v3_650m,esm1b_650m,PyTorch_Gating,0.853,0.7162,0.7612,0.8873,0.738,0.6365,0.8994,0.8113,OURS
Train3Val_Test,center,dna_prot_spliceai,nt_v1_500m,esm1v_650m,PyTorch_Transformer,0.8553,0.731,0.7407,0.8981,0.7358,0.6362,0.8976,0.8162,OURS
Train3Val_Test,center,dna_prot_spliceai,nt_v1_500m,esm1v_650m,PyTorch_Gating,0.8535,0.7205,0.7539,0.8907,0.7368,0.6357,0.8974,0.817,OURS
Train3Val_Test,mean,geom_prot,nt_v2_500m,esm1b_650m,PyTorch_Concat,0.8563,0.739,0.7292,0.9038,0.7341,0.6356,0.8876,0.8008,OURS
Train3Val_Test,center,dna_geom_prot,nt_v1_500m,esmc_600m,Hybrid_Gating_XGBoost,0.8586,0.7595,0.7027,0.9168,0.7299,0.6352,0.8885,0.8158,OURS
Train3Val_Test,center,dna_prot,nt_v3_650m,esm1v_650m,Hybrid_Gating_XGBoost,0.8468,0.6885,0.7973,0.8652,0.739,0.6347,0.8992,0.8209,OURS
Train3Val_Test,center,dna_prot,nt_v3_650m,esm1v_650m,Hybrid_CrossAttn_XGBoost,0.8486,0.6968,0.7847,0.8724,0.7382,0.6344,0.9064,0.8284,OURS
Train3Val_Test,mean,dna_prot,nt_v1_500m,esm1b_650m,PyTorch_Transformer,0.8564,0.7433,0.7214,0.9069,0.7322,0.6343,0.902,0.8075,OURS
Train3Val_Test,center,dna_prot,nt_v3_650m,esm1v_650m,Hybrid_Transformer_XGBoost,0.8494,0.7009,0.7786,0.8758,0.7377,0.6342,0.9006,0.8204,OURS
Train3Val_Test,center,dna_prot,nt_v3_650m,esm1v_650m,Hybrid_Concat_XGBoost,0.8481,0.6949,0.7871,0.8709,0.7381,0.6341,0.904,0.8242,OURS
Train3Val_Test,center,dna_prot,nt_v3_650m,esm1v_650m,Pure_XGBoost_Concat,0.8484,0.6969,0.7835,0.8727,0.7376,0.6337,0.9034,0.8229,OURS
Train3Val_Test,center,prot_spliceai,,esm2_650m,PyTorch_Concat,0.8571,0.7502,0.7117,0.9114,0.7304,0.6337,0.8979,0.8093,OURS
Train3Val_Test,center,dna_prot_spliceai,nt_v3_650m,esm1v_650m,Hybrid_Transformer_XGBoost,0.8487,0.6985,0.7811,0.874,0.7375,0.6336,0.9031,0.8268,OURS
Train3Val_Test,center,dna_prot_spliceai,nt_v3_650m,esm2_650m,PyTorch_Transformer,0.8563,0.7444,0.7183,0.9078,0.7311,0.6333,0.8908,0.7997,OURS
Train3Val_Test,center,dna_prot,nt_v3_650m,esm2_650m,Hybrid_Transformer_XGBoost,0.853,0.7218,0.7479,0.8923,0.7346,0.6332,0.8972,0.806,OURS
Train3Val_Test,center,dna_prot_spliceai,nt_v3_650m,esm1v_650m,Hybrid_CrossAttn_XGBoost,0.8484,0.6975,0.7817,0.8733,0.7372,0.6332,0.9065,0.8256,OURS
Train3Val_Test,mean,dna_prot_spliceai,nt_v3_650m,esm1b_650m,PyTorch_Concat,0.8523,0.7178,0.7533,0.8893,0.7351,0.6332,0.8998,0.8084,OURS
Train3Val_Test,mean,dna_prot_spliceai,nt_v1_500m,esm1b_650m,PyTorch_Concat,0.852,0.7177,0.7515,0.8896,0.7342,0.6321,0.8917,0.8007,OURS
Train3Val_Test,center,dna_prot,nt_v2_500m,esm2_650m,PyTorch_Gating,0.8555,0.7412,0.7201,0.906,0.7305,0.6319,0.8966,0.8079,OURS
Train3Val_Test,center,dna_prot_spliceai,nt_v2_500m,esm1v_650m,Hybrid_CrossAttn_XGBoost,0.8469,0.6927,0.7859,0.8697,0.7364,0.6316,0.9036,0.827,OURS
Train3Val_Test,mean,dna_prot,nt_v1_500m,esm1b_650m,PyTorch_Gating,0.8553,0.7407,0.7201,0.9058,0.7303,0.6315,0.8978,0.8063,OURS
Train3Val_Test,mean,dna_prot_spliceai,nt_v1_500m,esm1b_650m,PyTorch_CrossAttn,0.8487,0.7018,0.772,0.8774,0.7352,0.6311,0.9004,0.8013,OURS
Train3Val_Test,center,dna_prot_spliceai,nt_v3_650m,esm2_650m,PyTorch_Concat,0.8553,0.7419,0.7177,0.9067,0.7296,0.631,0.8937,0.8023,OURS
Train3Val_Test,center,dna_prot_spliceai,nt_v3_650m,esm1v_650m,Hybrid_Concat_XGBoost,0.8463,0.6906,0.7877,0.8682,0.736,0.6309,0.9044,0.8222,OURS
Train3Val_Test,center,dna_prot_spliceai,nt_v3_650m,esm2_650m,PyTorch_Gating,0.852,0.7198,0.7467,0.8914,0.733,0.6309,0.8996,0.8127,OURS
Train3Val_Test,center,dna_prot_spliceai,nt_v3_650m,esm2_650m,Hybrid_CrossAttn_XGBoost,0.8517,0.7182,0.7485,0.8902,0.733,0.6307,0.8964,0.8065,OURS
Train3Val_Test,center,dna_prot_spliceai,nt_v3_650m,esm2_650m,Pure_XGBoost_Concat,0.8509,0.7144,0.7527,0.8875,0.733,0.6301,0.8957,0.7964,OURS
Train3Val_Test,mean,dna_prot,nt_v3_650m,esm1b_650m,Hybrid_Concat_XGBoost,0.8471,0.6954,0.7793,0.8724,0.7349,0.63,0.8968,0.8006,OURS
Train3Val_Test,cls,geom,nt_v2_500m,esm1b_650m,Pure_XGBoost_Concat,0.8479,0.6994,0.7732,0.8758,0.7345,0.6298,0.9044,0.8274,OURS
Train3Val_Test,center,dna_prot,nt_v2_500m,esm2_650m,PyTorch_Concat,0.8561,0.7521,0.7027,0.9135,0.7265,0.6297,0.8925,0.8042,OURS
Train3Val_Test,center,dna_prot,nt_v2_500m,esm2_650m,PyTorch_CrossAttn,0.8502,0.7115,0.7557,0.8855,0.733,0.6296,0.8948,0.8069,OURS
Train3Val_Test,mean,dna_geom_prot,nt_v2_500m,esm1b_650m,PyTorch_Transformer,0.851,0.7165,0.7485,0.8893,0.7322,0.6293,0.8983,0.7913,OURS
Train3Val_Test,center,dna_prot,nt_v2_500m,esm1v_650m,Hybrid_Transformer_XGBoost,0.8468,0.6948,0.7786,0.8722,0.7344,0.6292,0.8972,0.8155,OURS
Train3Val_Test,center,dna_prot_spliceai,nt_v3_650m,esm2_650m,Hybrid_Concat_XGBoost,0.8514,0.7189,0.7449,0.8911,0.7316,0.6291,0.8941,0.7999,OURS
Train3Val_Test,center,dna_prot,nt_v3_650m,esm2_650m,PyTorch_Transformer,0.8589,0.7879,0.6586,0.9337,0.7175,0.6289,0.8946,0.8027,OURS
Train3Val_Test,center,dna_prot_spliceai,nt_v1_500m,esm1v_650m,PyTorch_Concat,0.8476,0.6995,0.7708,0.8763,0.7334,0.6285,0.8987,0.8198,OURS
Train3Val_Test,mean,dna_prot,nt_v2_500m,esm1b_650m,Hybrid_Transformer_XGBoost,0.8459,0.6923,0.7805,0.8704,0.7338,0.6281,0.8924,0.7976,OURS
Train3Val_Test,mean,geom_prot,nt_v2_500m,esm1b_650m,Hybrid_Concat_XGBoost,0.8515,0.7216,0.7394,0.8934,0.7304,0.6281,0.8957,0.8125,OURS
Train3Val_Test,center,dna_prot,nt_v3_650m,esm2_650m,Hybrid_CrossAttn_XGBoost,0.8509,0.7179,0.7443,0.8907,0.7308,0.6279,0.8955,0.8069,OURS
Train3Val_Test,center,dna_prot_spliceai,nt_v2_500m,esm1v_650m,Hybrid_Transformer_XGBoost,0.8446,0.687,0.7877,0.8659,0.7339,0.6278,0.8994,0.817,OURS
Train3Val_Test,center,dna_prot,nt_v2_500m,esm1v_650m,Hybrid_CrossAttn_XGBoost,0.8463,0.6943,0.7768,0.8722,0.7333,0.6277,0.9006,0.8205,OURS
Train3Val_Test,center,prot_spliceai,,esm1v_650m,Hybrid_Concat_XGBoost,0.8454,0.6906,0.7823,0.8691,0.7336,0.6277,0.8998,0.815,OURS
Train3Val_Test,mean,bio_dna_geom_prot,nt_v2_500m,esm1b_650m,Hybrid_Gating_XGBoost,0.8468,0.6967,0.7732,0.8742,0.733,0.6276,0.9047,0.8127,OURS
Train3Val_Test,mean,dna_prot,nt_v2_500m,esm1b_650m,PyTorch_CrossAttn,0.8484,0.705,0.7612,0.881,0.732,0.6274,0.8961,0.7944,OURS
Train3Val_Test,center,dna_prot,nt_v1_500m,esm1v_650m,Hybrid_CrossAttn_XGBoost,0.8463,0.6952,0.7744,0.8731,0.7327,0.627,0.8948,0.8175,OURS
Train3Val_Test,center,dna_prot,nt_v2_500m,esm2_650m,PyTorch_Transformer,0.8528,0.733,0.722,0.9017,0.7274,0.6267,0.8942,0.8084,OURS
Train3Val_Test,center,dna_prot,nt_v2_500m,esm1v_650m,Hybrid_Concat_XGBoost,0.8461,0.6948,0.7744,0.8729,0.7325,0.6267,0.8955,0.8154,OURS
Train3Val_Test,center,dna_prot_spliceai,nt_v2_500m,esm2_650m,Hybrid_CrossAttn_XGBoost,0.8504,0.7171,0.7431,0.8905,0.7299,0.6266,0.8959,0.8056,OURS
Train3Val_Test,center,dna_prot_spliceai,nt_v3_650m,esm2_650m,Hybrid_Transformer_XGBoost,0.85,0.7158,0.7443,0.8896,0.7297,0.6263,0.893,0.7998,OURS
Train3Val_Test,center,dna_prot_spliceai,nt_v2_500m,esm2_650m,PyTorch_Gating,0.8492,0.712,0.7485,0.8869,0.7298,0.6257,0.8923,0.8003,OURS
Train3Val_Test,center,dna_prot_spliceai,nt_v2_500m,esm2_650m,Hybrid_Concat_XGBoost,0.8494,0.7131,0.7467,0.8878,0.7295,0.6256,0.8907,0.8006,OURS
Train3Val_Test,mean,dna_prot,nt_v3_650m,esmc_600m,PyTorch_Transformer,0.855,0.7539,0.693,0.9155,0.7222,0.6253,0.887,0.8036,OURS
Train3Val_Test,mean,dna_prot_spliceai,nt_v2_500m,esm1b_650m,Hybrid_Transformer_XGBoost,0.844,0.6869,0.7835,0.8666,0.732,0.6253,0.8932,0.802,OURS
Train3Val_Test,mean,dna_prot,nt_v1_500m,esm1b_650m,PyTorch_Concat,0.8494,0.7139,0.7449,0.8884,0.729,0.6251,0.8898,0.8045,OURS
Train3Val_Test,center,dna_prot_spliceai,nt_v3_650m,esm1v_650m,Hybrid_Gating_XGBoost,0.8446,0.69,0.7786,0.8693,0.7317,0.6251,0.9008,0.8163,OURS
Train3Val_Test,mean,dna_prot,nt_v3_650m,esmc_600m,PyTorch_CrossAttn,0.8576,0.7879,0.652,0.9344,0.7135,0.6248,0.8699,0.7929,OURS
Train3Val_Test,center,dna_prot,nt_v2_500m,esm2_650m,Hybrid_CrossAttn_XGBoost,0.8494,0.7149,0.7425,0.8893,0.7284,0.6245,0.8964,0.8051,OURS
Train3Val_Test,center,dna_prot_spliceai,nt_v1_500m,esm2_650m,PyTorch_Transformer,0.8563,0.7708,0.6713,0.9254,0.7176,0.6245,0.8872,0.7959,OURS
Train3Val_Test,center,dna_prot_spliceai,nt_v1_500m,esm1v_650m,Hybrid_Concat_XGBoost,0.8448,0.6916,0.775,0.8709,0.7309,0.6244,0.8966,0.814,OURS
Train3Val_Test,center,dna_prot,nt_v1_500m,esm1v_650m,Hybrid_Concat_XGBoost,0.845,0.6924,0.7738,0.8715,0.7308,0.6243,0.8988,0.8188,OURS
Train3Val_Test,mean,prot_spliceai,,esm1b_650m,Hybrid_Concat_XGBoost,0.8438,0.6876,0.7805,0.8675,0.7311,0.6241,0.8989,0.8033,OURS
Train3Val_Test,mean,dna_prot_spliceai,nt_v2_500m,esmc_600m,PyTorch_CrossAttn,0.8568,0.7798,0.6598,0.9304,0.7148,0.6239,0.8557,0.7854,OURS
Train3Val_Test,mean,dna_prot_spliceai,nt_v3_650m,esm1v_650m,PyTorch_Gating,0.8471,0.7035,0.7569,0.8808,0.7292,0.6237,0.8926,0.7914,OURS
Train3Val_Test,center,dna_prot,nt_v2_500m,esm1v_650m,Pure_XGBoost_Concat,0.8458,0.6973,0.7654,0.8758,0.7297,0.6235,0.8979,0.8178,OURS
Train3Val_Test,mean,dna_prot_spliceai,nt_v3_650m,esmc_600m,PyTorch_CrossAttn,0.8568,0.7826,0.6556,0.9319,0.7135,0.6233,0.8673,0.7906,OURS
Train3Val_Test,mean,dna_prot_spliceai,nt_v3_650m,esm1b_650m,PyTorch_CrossAttn,0.8443,0.6911,0.7732,0.8709,0.7299,0.6229,0.897,0.8003,OURS
Train3Val_Test,center,dna_prot_spliceai,nt_v2_500m,esm1v_650m,Hybrid_Concat_XGBoost,0.8428,0.6848,0.7823,0.8654,0.7303,0.6228,0.8998,0.8163,OURS
Train3Val_Test,mean,dna_prot_spliceai,nt_v1_500m,esm1b_650m,PyTorch_Gating,0.8515,0.732,0.7165,0.902,0.7242,0.6227,0.8773,0.7827,OURS
Train3Val_Test,mean,geom,nt_v2_500m,esm1b_650m,Pure_XGBoost_Concat,0.8458,0.6986,0.7618,0.8772,0.7288,0.6225,0.8953,0.8124,OURS
Train3Val_Test,center,dna_prot_spliceai,nt_v1_500m,esm2_650m,Hybrid_CrossAttn_XGBoost,0.8484,0.7131,0.7407,0.8887,0.7266,0.622,0.8925,0.802,OURS
Train3Val_Test,center,dna_prot,nt_v1_500m,esm1v_650m,PyTorch_Concat,0.8438,0.6902,0.7726,0.8704,0.7291,0.6218,0.8982,0.8202,OURS
Train3Val_Test,mean,dna_prot_spliceai,nt_v2_500m,esmc_600m,PyTorch_Transformer,0.8551,0.77,0.6665,0.9256,0.7145,0.621,0.8645,0.7923,OURS
Train3Val_Test,center,dna_prot_spliceai,nt_v1_500m,esm1v_650m,Hybrid_Transformer_XGBoost,0.8445,0.6942,0.7654,0.874,0.7281,0.6209,0.8956,0.8111,OURS
Train3Val_Test,center,dna_prot,nt_v3_650m,esm2_650m,Hybrid_Concat_XGBoost,0.8468,0.7059,0.7485,0.8835,0.7266,0.6208,0.8976,0.8066,OURS
Train3Val_Test,center,dna_prot,nt_v1_500m,esm2_650m,Hybrid_CrossAttn_XGBoost,0.8479,0.7124,0.7394,0.8884,0.7257,0.6207,0.8916,0.7986,OURS
Train3Val_Test,mean,dna_prot_spliceai,nt_v3_650m,esmc_600m,PyTorch_Transformer,0.855,0.7695,0.6665,0.9254,0.7143,0.6206,0.8681,0.7911,OURS
Train3Val_Test,center,dna_prot,nt_v2_500m,esm2_650m,Hybrid_Transformer_XGBoost,0.8487,0.718,0.731,0.8927,0.7244,0.6203,0.8898,0.7984,OURS
Train3Val_Test,center,dna_prot_spliceai,nt_v1_500m,esm1v_650m,Hybrid_CrossAttn_XGBoost,0.8412,0.6806,0.7841,0.8625,0.7287,0.6203,0.899,0.8173,OURS
Train3Val_Test,mean,dna_prot_spliceai,nt_v2_500m,esm1v_650m,PyTorch_Transformer,0.8494,0.7221,0.7256,0.8957,0.7238,0.6203,0.8975,0.7981,OURS
Train3Val_Test,center,prot_spliceai,,esm2_650m,Pure_XGBoost_Concat,0.8477,0.7125,0.7382,0.8887,0.7251,0.6201,0.8917,0.7935,OURS
Train3Val_Test,mean,dna_prot_spliceai,nt_v3_650m,esm1b_650m,Hybrid_CrossAttn_XGBoost,0.843,0.6887,0.7714,0.8697,0.7277,0.6199,0.8904,0.7919,OURS
Train3Val_Test,center,dna_prot_spliceai,nt_v2_500m,esm1v_650m,Pure_XGBoost_Concat,0.8441,0.6941,0.7636,0.8742,0.7272,0.6198,0.8978,0.8159,OURS
Train3Val_Test,mean,dna_prot_spliceai,nt_v2_500m,esmc_600m,PyTorch_Concat,0.8527,0.748,0.6912,0.913,0.7185,0.6198,0.8676,0.7953,OURS
Train3Val_Test,center,dna_prot,nt_v3_650m,esm2_650m,Pure_XGBoost_Concat,0.8473,0.7107,0.7394,0.8875,0.7248,0.6194,0.8973,0.801,OURS
Train3Val_Test,mean,prot_spliceai,,esm1b_650m,Pure_XGBoost_Concat,0.8395,0.6751,0.7907,0.8578,0.7283,0.6194,0.9028,0.8068,OURS
Train3Val_Test,center,dna_prot,nt_v1_500m,esm1v_650m,Pure_XGBoost_Concat,0.8441,0.6947,0.7618,0.8749,0.7267,0.6193,0.8947,0.8127,OURS
Train3Val_Test,mean,dna_prot,nt_v3_650m,esm1v_650m,PyTorch_Transformer,0.8499,0.7272,0.7171,0.8995,0.7221,0.6193,0.8918,0.7856,OURS
Train3Val_Test,center,dna_prot,nt_v1_500m,esm2_650m,PyTorch_Concat,0.8495,0.7252,0.7195,0.8981,0.7224,0.6192,0.8915,0.7994,OURS
Train3Val_Test,center,dna_prot_spliceai,nt_v2_500m,esm2_650m,Hybrid_Gating_XGBoost,0.8473,0.711,0.7388,0.8878,0.7246,0.6192,0.891,0.7954,OURS
Train3Val_Test,mean,dna_prot,nt_v1_500m,esm1b_650m,PyTorch_CrossAttn,0.8433,0.6911,0.7666,0.872,0.7269,0.6191,0.8885,0.7985,OURS
Train3Val_Test,mean,dna_geom_prot,nt_v2_500m,esm1b_650m,PyTorch_Gating,0.853,0.7533,0.6834,0.9164,0.7166,0.619,0.8963,0.7995,OURS
Train3Val_Test,center,dna_prot,nt_v1_500m,esm1v_650m,Hybrid_Transformer_XGBoost,0.8425,0.6878,0.7708,0.8693,0.727,0.6188,0.8948,0.808,OURS
Train3Val_Test,center,dna_prot,nt_v2_500m,esm1v_650m,PyTorch_Gating,0.8407,0.6801,0.7823,0.8625,0.7276,0.6188,0.8982,0.8177,OURS
Train3Val_Test,mean,dna_prot_spliceai,nt_v3_650m,esmc_600m,PyTorch_Gating,0.8512,0.7381,0.7021,0.9069,0.7196,0.6188,0.8716,0.7983,OURS
Train3Val_Test,center,dna_prot,nt_v3_650m,esm2_650m,Hybrid_Gating_XGBoost,0.8454,0.702,0.7503,0.881,0.7254,0.6187,0.895,0.7957,OURS
Train3Val_Test,center,dna_prot_spliceai,nt_v2_500m,esm2_650m,Hybrid_Transformer_XGBoost,0.8464,0.7072,0.7431,0.8851,0.7247,0.6187,0.8907,0.7992,OURS
Train3Val_Test,mean,dna_prot,nt_v1_500m,esm1b_650m,Hybrid_Concat_XGBoost,0.8413,0.6831,0.7774,0.8652,0.7272,0.6186,0.8926,0.7909,OURS
Train3Val_Test,center,dna_prot,nt_v1_500m,esm1v_650m,PyTorch_CrossAttn,0.8394,0.6753,0.7889,0.8582,0.7277,0.6185,0.8973,0.8191,OURS
Train3Val_Test,center,dna_prot,nt_v1_500m,esm2_650m,Hybrid_Concat_XGBoost,0.8459,0.7051,0.7455,0.8835,0.7247,0.6183,0.8886,0.7944,OURS
Train3Val_Test,mean,dna_prot_spliceai,nt_v2_500m,esm1b_650m,Hybrid_Concat_XGBoost,0.841,0.6822,0.778,0.8645,0.727,0.6182,0.8923,0.7979,OURS
Train3Val_Test,mean,dna_prot,nt_v2_500m,esm1b_650m,Pure_XGBoost_Concat,0.8382,0.6718,0.7925,0.8553,0.7272,0.6175,0.8981,0.7991,OURS
Train3Val_Test,center,dna_prot_spliceai,nt_v1_500m,esm2_650m,PyTorch_CrossAttn,0.8504,0.7346,0.7045,0.9049,0.7192,0.6175,0.8892,0.7966,OURS
Train3Val_Test,center,dna_prot,nt_v2_500m,esm2_650m,Hybrid_Concat_XGBoost,0.8456,0.7047,0.7443,0.8835,0.724,0.6174,0.8926,0.8004,OURS
Train3Val_Test,mean,dna_prot,nt_v1_500m,esm1b_650m,Hybrid_Transformer_XGBoost,0.84,0.6789,0.7817,0.8618,0.7267,0.6174,0.8938,0.7965,OURS
Train3Val_Test,cls,bio_geom,nt_v2_500m,esm1b_650m,Hybrid_Concat_XGBoost,0.8095,0.5983,0.9119,0.7712,0.7226,0.6171,0.9338,0.8588,OURS
Train3Val_Test,mean,prot,,esm1b_650m,Pure_XGBoost_Concat,0.8384,0.6728,0.7901,0.8564,0.7268,0.6171,0.9037,0.8063,OURS
Train3Val_Test,mean,prot,,esm1b_650m,Pure_XGBoost_Concat,0.8384,0.6728,0.7901,0.8564,0.7268,0.6171,0.9037,0.8063,OURS
Train3Val_Test,mean,prot,,esm1b_650m,Pure_XGBoost_Concat,0.8384,0.6728,0.7901,0.8564,0.7268,0.6171,0.9037,0.8063,OURS
Train3Val_Test,mean,prot,,esm1b_650m,Pure_XGBoost_Concat,0.8384,0.6728,0.7901,0.8564,0.7268,0.6171,0.9037,0.8063,OURS
Train3Val_Test,mean,prot,,esm1b_650m,Pure_XGBoost_Concat,0.8384,0.6728,0.7901,0.8564,0.7268,0.6171,0.9037,0.8063,OURS
Train3Val_Test,center,dna_prot,nt_v2_500m,esm1v_650m,Hybrid_Gating_XGBoost,0.8413,0.6851,0.7714,0.8675,0.7257,0.6168,0.8945,0.8166,OURS
Train3Val_Test,center,prot_spliceai,,esm2_650m,Hybrid_Concat_XGBoost,0.8446,0.7007,0.7485,0.8805,0.7238,0.6165,0.8958,0.802,OURS
Train3Val_Test,mean,dna_prot,nt_v3_650m,esm1b_650m,Pure_XGBoost_Concat,0.8374,0.6697,0.7937,0.8537,0.7265,0.6164,0.9,0.8027,OURS
Train3Val_Test,mean,dna_prot_spliceai,nt_v2_500m,esmc_600m,PyTorch_Gating,0.853,0.762,0.6683,0.922,0.7121,0.6163,0.8618,0.79,OURS
Train3Val_Test,center,dna_prot_spliceai,nt_v2_500m,esm2_650m,PyTorch_Concat,0.851,0.7432,0.6912,0.9108,0.7163,0.6162,0.8849,0.7954,OURS
Train3Val_Test,mean,dna_prot,nt_v3_650m,esm1b_650m,Hybrid_Transformer_XGBoost,0.8405,0.6823,0.7744,0.8652,0.7254,0.6161,0.8935,0.7984,OURS
Train3Val_Test,mean,dna_prot_spliceai,nt_v1_500m,esm1b_650m,Hybrid_Transformer_XGBoost,0.8395,0.6784,0.7799,0.8618,0.7256,0.616,0.8899,0.7905,OURS
Train3Val_Test,center,dna_prot_spliceai,nt_v1_500m,esm1v_650m,PyTorch_CrossAttn,0.8413,0.6861,0.7684,0.8686,0.7249,0.6159,0.8971,0.8152,OURS
Train3Val_Test,center,dna_prot_spliceai,nt_v2_500m,esm1v_650m,Hybrid_Gating_XGBoost,0.8407,0.6832,0.7726,0.8661,0.7252,0.6159,0.8965,0.8107,OURS
Train3Val_Test,mean,dna_prot,nt_v3_650m,esmc_600m,PyTorch_Concat,0.8515,0.7485,0.684,0.9141,0.7148,0.6158,0.8679,0.7921,OURS
Train3Val_Test,center,dna_prot_spliceai,nt_v1_500m,esm2_650m,PyTorch_Concat,0.8487,0.7263,0.7123,0.8997,0.7192,0.6158,0.8908,0.8012,OURS
Train3Val_Test,mean,dna_prot,nt_v3_650m,esm1b_650m,Hybrid_CrossAttn_XGBoost,0.8413,0.6863,0.7678,0.8688,0.7247,0.6157,0.8916,0.7941,OURS
Train3Val_Test,center,dna_prot_spliceai,nt_v3_650m,esm2_650m,Hybrid_Gating_XGBoost,0.8451,0.7047,0.7413,0.8839,0.7225,0.6156,0.8916,0.7992,OURS
Train3Val_Test,mean,dna_prot,nt_v2_500m,esmc_600m,PyTorch_Gating,0.8533,0.7694,0.658,0.9263,0.7094,0.6154,0.8561,0.7863,OURS
Train3Val_Test,center,dna_prot_spliceai,nt_v1_500m,esm2_650m,Hybrid_Concat_XGBoost,0.8456,0.7078,0.7364,0.8864,0.7218,0.6153,0.8915,0.7995,OURS
Train3Val_Test,mean,dna_prot_spliceai,nt_v2_500m,esm1v_650m,PyTorch_Concat,0.8435,0.6969,0.7515,0.8778,0.7232,0.6151,0.8941,0.7909,OURS
Train3Val_Test,center,dna_prot,nt_v1_500m,esm2_650m,PyTorch_Transformer,0.8515,0.7512,0.6791,0.9159,0.7133,0.6149,0.8832,0.788,OURS
Train3Val_Test,center,dna_prot_spliceai,nt_v1_500m,esm2_650m,PyTorch_Gating,0.8473,0.7183,0.7214,0.8943,0.7198,0.6148,0.8904,0.798,OURS
Train3Val_Test,mean,dna_prot_spliceai,nt_v3_650m,esm1b_650m,Hybrid_Concat_XGBoost,0.8395,0.6795,0.7762,0.8632,0.7247,0.6148,0.8964,0.804,OURS
Train3Val_Test,mean,dna_prot,nt_v2_500m,esm1b_650m,Hybrid_Concat_XGBoost,0.8397,0.6804,0.7744,0.8641,0.7244,0.6146,0.8935,0.7957,OURS
Train3Val_Test,mean,dna_prot_spliceai,nt_v3_650m,esm1b_650m,Pure_XGBoost_Concat,0.8369,0.6696,0.7907,0.8542,0.7251,0.6146,0.8997,0.7998,OURS
Train3Val_Test,mean,dna_prot_spliceai,nt_v3_650m,esm1v_650m,PyTorch_Concat,0.85,0.7394,0.693,0.9087,0.7154,0.6144,0.896,0.7947,OURS
Train3Val_Test,cls,geom_prot,nt_v2_500m,esm1b_650m,PyTorch_Concat,0.8522,0.7616,0.6647,0.9222,0.7098,0.6138,0.8865,0.7798,OURS
Train3Val_Test,cls,dna_prot_spliceai,nt_v3_650m,esm1b_650m,PyTorch_Concat,0.842,0.6915,0.7569,0.8738,0.7227,0.6138,0.8918,0.7853,OURS
Train3Val_Test,mean,prot,,esm1b_650m,Hybrid_Concat_XGBoost,0.8389,0.6781,0.7762,0.8623,0.7238,0.6136,0.8976,0.8027,OURS
Train3Val_Test,mean,prot,,esm1b_650m,Hybrid_Concat_XGBoost,0.8389,0.6781,0.7762,0.8623,0.7238,0.6136,0.8976,0.8027,OURS
Train3Val_Test,mean,prot,,esm1b_650m,Hybrid_Concat_XGBoost,0.8389,0.6781,0.7762,0.8623,0.7238,0.6136,0.8976,0.8027,OURS
Train3Val_Test,mean,prot,,esm1b_650m,Hybrid_Concat_XGBoost,0.8389,0.6781,0.7762,0.8623,0.7238,0.6136,0.8976,0.8027,OURS
Train3Val_Test,mean,prot,,esm1b_650m,Hybrid_Concat_XGBoost,0.8389,0.6781,0.7762,0.8623,0.7238,0.6136,0.8976,0.8027,OURS
Train3Val_Test,mean,dna_prot_spliceai,nt_v2_500m,esm1v_650m,PyTorch_Gating,0.8443,0.7032,0.74,0.8833,0.7211,0.6136,0.8919,0.784,OURS
Train3Val_Test,mean,dna_prot,nt_v2_500m,esm1b_650m,Hybrid_CrossAttn_XGBoost,0.8389,0.6783,0.7756,0.8625,0.7237,0.6134,0.8879,0.7855,OURS
Train3Val_Test,center,dna_prot_spliceai,nt_v1_500m,esm1v_650m,Hybrid_Gating_XGBoost,0.839,0.6792,0.7738,0.8634,0.7234,0.6132,0.8934,0.8086,OURS
Train3Val_Test,center,dna_prot,nt_v1_500m,esm2_650m,PyTorch_CrossAttn,0.8486,0.7307,0.7021,0.9033,0.7161,0.6131,0.8827,0.7959,OURS
Train3Val_Test,mean,dna_prot,nt_v1_500m,esm1b_650m,Hybrid_CrossAttn_XGBoost,0.8392,0.6799,0.7726,0.8641,0.7233,0.6131,0.8851,0.7905,OURS
Train3Val_Test,center,dna_prot_spliceai,nt_v1_500m,esm1v_650m,Pure_XGBoost_Concat,0.841,0.6877,0.7612,0.8709,0.7226,0.6131,0.8944,0.8107,OURS
Train3Val_Test,center,dna_prot_spliceai,nt_v2_500m,esm2_650m,PyTorch_Transformer,0.8492,0.7367,0.6936,0.9074,0.7145,0.6127,0.8877,0.7988,OURS
Train3Val_Test,mean,dna_prot,nt_v3_650m,esm1v_650m,PyTorch_CrossAttn,0.8435,0.7005,0.7419,0.8815,0.7206,0.6125,0.8928,0.7873,OURS
Train3Val_Test,center,geom_prot,nt_v1_500m,esmc_600m,Hybrid_Concat_XGBoost,0.8244,0.6329,0.8444,0.817,0.7235,0.6121,0.9129,0.8395,OURS
Train3Val_Test,mean,dna_prot_spliceai,nt_v3_650m,esmc_600m,PyTorch_Concat,0.8528,0.7771,0.6435,0.931,0.7041,0.6121,0.8515,0.7779,OURS
Train3Val_Test,mean,dna_prot_spliceai,nt_v1_500m,esm1b_650m,Hybrid_CrossAttn_XGBoost,0.8389,0.6802,0.7696,0.8648,0.7221,0.6116,0.8877,0.787,OURS
Train3Val_Test,mean,dna_prot,nt_v2_500m,esm1v_650m,PyTorch_Concat,0.8433,0.7014,0.7382,0.8826,0.7194,0.6112,0.8919,0.7871,OURS
Train3Val_Test,cls,dna_prot,nt_v3_650m,esm1b_650m,PyTorch_Concat,0.8433,0.7019,0.737,0.883,0.719,0.6108,0.891,0.7826,OURS
Train3Val_Test,mean,dna_prot_spliceai,nt_v3_650m,esm1v_650m,PyTorch_Transformer,0.8464,0.7204,0.7117,0.8968,0.716,0.6108,0.8919,0.7842,OURS
Train3Val_Test,mean,dna_prot_spliceai,nt_v3_650m,esm1b_650m,Hybrid_Transformer_XGBoost,0.8369,0.6733,0.778,0.8589,0.7219,0.6105,0.8924,0.796,OURS
Train3Val_Test,mean,dna_prot_spliceai,nt_v1_500m,esm1v_650m,PyTorch_Concat,0.843,0.7011,0.737,0.8826,0.7186,0.6102,0.8914,0.7906,OURS
Train3Val_Test,mean,dna_prot_spliceai,nt_v1_500m,esm1v_650m,PyTorch_Transformer,0.845,0.7121,0.722,0.8909,0.717,0.6102,0.8906,0.7908,OURS
Train3Val_Test,mean,dna_prot,nt_v2_500m,esm1b_650m,Hybrid_Gating_XGBoost,0.8382,0.6791,0.7684,0.8643,0.721,0.61,0.8902,0.7937,OURS
Train3Val_Test,cls,dna_prot_spliceai,nt_v3_650m,esm1b_650m,PyTorch_Transformer,0.851,0.7619,0.658,0.9231,0.7061,0.61,0.8983,0.7916,OURS
Train3Val_Test,center,dna_prot,nt_v1_500m,esm2_650m,Pure_XGBoost_Concat,0.8432,0.7024,0.7346,0.8837,0.7182,0.6099,0.8907,0.7863,OURS
Train3Val_Test,center,dna_prot,nt_v3_650m,esm2_650m,PyTorch_CrossAttn,0.8523,0.7803,0.6363,0.9331,0.701,0.6098,0.8807,0.7895,OURS
Train3Val_Test,center,dna_prot_spliceai,nt_v2_500m,esm2_650m,Pure_XGBoost_Concat,0.8433,0.7038,0.7322,0.8848,0.7177,0.6096,0.887,0.7877,OURS
Train3Val_Test,mean,dna_prot,nt_v1_500m,esm1v_650m,PyTorch_Gating,0.8381,0.6789,0.7678,0.8643,0.7206,0.6095,0.8877,0.7862,OURS
Train3Val_Test,center,dna_prot,nt_v1_500m,esm2_650m,PyTorch_Gating,0.8469,0.7267,0.7008,0.9015,0.7135,0.6093,0.8858,0.7909,OURS
Train3Val_Test,mean,dna_prot,nt_v2_500m,esm1v_650m,PyTorch_CrossAttn,0.8459,0.7199,0.7099,0.8968,0.7148,0.6093,0.8897,0.7897,OURS
Train3Val_Test,mean,dna_prot_spliceai,nt_v2_500m,esm1b_650m,Hybrid_CrossAttn_XGBoost,0.8376,0.6771,0.7702,0.8627,0.7207,0.6093,0.8873,0.7919,OURS
Train3Val_Test,mean,dna_prot_spliceai,nt_v3_650m,esm1b_650m,Hybrid_Gating_XGBoost,0.8376,0.6773,0.7696,0.863,0.7205,0.6091,0.8927,0.7939,OURS
Train3Val_Test,mean,prot_spliceai,,esmc_600m,Pure_XGBoost_Concat,0.839,0.6843,0.7581,0.8693,0.7193,0.6085,0.8911,0.8079,OURS
Train3Val_Test,mean,dna_prot_spliceai,nt_v1_500m,esm1v_650m,PyTorch_CrossAttn,0.841,0.6934,0.7449,0.8769,0.7182,0.6085,0.8928,0.7912,OURS
Train3Val_Test,mean,dna_prot,nt_v2_500m,esmc_600m,PyTorch_Concat,0.8487,0.7434,0.6779,0.9126,0.7091,0.6084,0.8661,0.7923,OURS
Train3Val_Test,center,dna_prot_spliceai,nt_v1_500m,esm2_650m,Hybrid_Transformer_XGBoost,0.8433,0.7054,0.728,0.8864,0.7165,0.6084,0.8899,0.7967,OURS
Train3Val_Test,mean,dna_prot_spliceai,nt_v1_500m,esm1b_650m,Hybrid_Gating_XGBoost,0.8382,0.6808,0.763,0.8664,0.7196,0.6084,0.8873,0.7785,OURS
Train3Val_Test,mean,dna_prot_spliceai,nt_v1_500m,esm1b_650m,Pure_XGBoost_Concat,0.8346,0.6668,0.7835,0.8537,0.7205,0.6081,0.8965,0.7946,OURS
Train3Val_Test,mean,dna_prot,nt_v1_500m,esm1b_650m,Pure_XGBoost_Concat,0.8345,0.6665,0.7835,0.8535,0.7203,0.6078,0.8968,0.7916,OURS
Train3Val_Test,mean,dna_prot_spliceai,nt_v2_500m,esm1b_650m,Pure_XGBoost_Concat,0.8343,0.666,0.7841,0.8531,0.7202,0.6077,0.896,0.7917,OURS
Train3Val_Test,center,dna_prot,nt_v1_500m,esm1v_650m,PyTorch_Gating,0.8359,0.6724,0.7738,0.8591,0.7196,0.6074,0.8949,0.8105,OURS
Train3Val_Test,mean,dna_prot,nt_v2_500m,esmc_600m,Hybrid_Concat_XGBoost,0.8413,0.6966,0.7382,0.8799,0.7168,0.6073,0.8828,0.8032,OURS
Train3Val_Test,cls,prot,,esm1b_650m,PyTorch_Concat,0.8422,0.7012,0.7316,0.8835,0.7161,0.6071,0.8949,0.7836,OURS
Train3Val_Test,cls,prot,,esm1b_650m,PyTorch_Concat,0.8422,0.7012,0.7316,0.8835,0.7161,0.6071,0.8949,0.7836,OURS
Train3Val_Test,cls,prot,,esm1b_650m,PyTorch_Concat,0.8422,0.7012,0.7316,0.8835,0.7161,0.6071,0.8949,0.7836,OURS
Train3Val_Test,cls,prot,,esm1b_650m,PyTorch_Concat,0.8422,0.7012,0.7316,0.8835,0.7161,0.6071,0.8949,0.7836,OURS
Train3Val_Test,cls,prot,,esm1b_650m,PyTorch_Concat,0.8422,0.7012,0.7316,0.8835,0.7161,0.6071,0.8949,0.7836,OURS
Train3Val_Test,mean,dna_prot_spliceai,nt_v1_500m,esmc_600m,PyTorch_Transformer,0.8512,0.7759,0.6369,0.9313,0.6996,0.6071,0.8469,0.7736,OURS
Train3Val_Test,mean,dna_prot,nt_v3_650m,esm1v_650m,PyTorch_Gating,0.8369,0.6768,0.7666,0.8632,0.7189,0.607,0.8944,0.7875,OURS
Train3Val_Test,mean,dna_prot,nt_v2_500m,esm1v_650m,PyTorch_Transformer,0.8392,0.6869,0.7515,0.872,0.7177,0.6068,0.8939,0.7927,OURS
Train3Val_Test,mean,dna_prot,nt_v3_650m,esm1b_650m,Hybrid_Gating_XGBoost,0.8372,0.6785,0.7636,0.8648,0.7185,0.6067,0.8917,0.7899,OURS
Train3Val_Test,center,dna_prot,nt_v2_500m,esm2_650m,Pure_XGBoost_Concat,0.8415,0.6984,0.7346,0.8815,0.716,0.6066,0.8866,0.7902,OURS
Train3Val_Test,mean,dna_prot_spliceai,nt_v2_500m,esm1b_650m,Hybrid_Gating_XGBoost,0.8361,0.6742,0.769,0.8612,0.7185,0.6062,0.8886,0.792,OURS
Train3Val_Test,mean,dna_prot_spliceai,nt_v1_500m,esm1b_650m,Hybrid_Concat_XGBoost,0.8369,0.6777,0.7636,0.8643,0.7181,0.6061,0.891,0.7922,OURS
Train3Val_Test,center,dna_prot,nt_v1_500m,esm2_650m,Hybrid_Transformer_XGBoost,0.8415,0.7,0.7304,0.883,0.7149,0.6055,0.8881,0.7945,OURS
Train3Val_Test,mean,prot_spliceai,,esm1v_650m,PyTorch_Concat,0.8415,0.7002,0.7298,0.8833,0.7147,0.6053,0.8943,0.7882,OURS
Train3Val_Test,center,dna_prot,nt_v1_500m,esm1v_650m,Hybrid_Gating_XGBoost,0.8351,0.6719,0.7696,0.8596,0.7175,0.6046,0.8917,0.8072,OURS
Train3Val_Test,cls,prot_spliceai,,esm1b_650m,PyTorch_Concat,0.8415,0.7019,0.7256,0.8848,0.7135,0.6042,0.895,0.7928,OURS
Train3Val_Test,mean,dna_prot_spliceai,nt_v2_500m,esm1v_650m,Hybrid_Transformer_XGBoost,0.834,0.6679,0.775,0.856,0.7175,0.6042,0.8904,0.7913,OURS
Train3Val_Test,mean,dna_prot,nt_v1_500m,esm1b_650m,Hybrid_Gating_XGBoost,0.8351,0.6725,0.7678,0.8603,0.717,0.604,0.8831,0.7866,OURS
Train3Val_Test,mean,dna_prot,nt_v1_500m,esmc_600m,PyTorch_Concat,0.8502,0.7765,0.6309,0.9322,0.6962,0.6039,0.8428,0.7708,OURS
Train3Val_Test,mean,dna_prot,nt_v2_500m,esmc_600m,PyTorch_Transformer,0.8477,0.748,0.6641,0.9164,0.7035,0.6035,0.8713,0.7901,OURS
Train3Val_Test,mean,dna_prot,nt_v3_650m,esmc_600m,PyTorch_Gating,0.8443,0.7206,0.6984,0.8988,0.7093,0.6032,0.8666,0.7931,OURS
Train3Val_Test,center,dna_prot_spliceai,nt_v1_500m,esm2_650m,Pure_XGBoost_Concat,0.8405,0.698,0.7292,0.8821,0.7133,0.6032,0.8878,0.7854,OURS
Train3Val_Test,mean,dna_prot,nt_v1_500m,esmc_600m,PyTorch_CrossAttn,0.8491,0.7639,0.6441,0.9256,0.699,0.6031,0.8368,0.7678,OURS
Train3Val_Test,mean,dna_prot_spliceai,nt_v1_500m,esm1v_650m,PyTorch_Gating,0.839,0.6907,0.7394,0.8763,0.7142,0.6031,0.8884,0.7822,OURS
Train3Val_Test,mean,dna_prot,nt_v2_500m,esmc_600m,PyTorch_CrossAttn,0.8509,0.7933,0.611,0.9405,0.6903,0.603,0.8452,0.7719,OURS
Train3Val_Test,mean,dna_prot,nt_v2_500m,esm1v_650m,PyTorch_Gating,0.8371,0.6822,0.7509,0.8693,0.7149,0.6026,0.8899,0.7878,OURS
Train3Val_Test,cls,dna_prot_spliceai,nt_v3_650m,esm1b_650m,PyTorch_Gating,0.8399,0.6962,0.7298,0.881,0.7126,0.602,0.8961,0.792,OURS
Train3Val_Test,mean,dna_prot,nt_v1_500m,esm1v_650m,PyTorch_CrossAttn,0.842,0.7082,0.7129,0.8902,0.7106,0.6019,0.8858,0.7737,OURS
Train3Val_Test,mean,dna_prot_spliceai,nt_v2_500m,esm2_650m,PyTorch_Gating,0.8433,0.7174,0.6996,0.897,0.7084,0.6014,0.8873,0.7855,OURS
Train3Val_Test,mean,dna_prot,nt_v1_500m,esm1v_650m,PyTorch_Concat,0.8366,0.6817,0.7491,0.8693,0.7138,0.6011,0.8884,0.7871,OURS
Train3Val_Test,mean,dna_prot_spliceai,nt_v3_650m,esmc_600m,Pure_XGBoost_Concat,0.8369,0.6834,0.7461,0.8709,0.7134,0.6008,0.8886,0.8058,OURS
Train3Val_Test,cls,dna_prot,nt_v3_650m,esm1b_650m,PyTorch_Transformer,0.8436,0.721,0.6936,0.8997,0.707,0.6007,0.893,0.7839,OURS
Train3Val_Test,mean,dna_prot_spliceai,nt_v1_500m,esmc_600m,PyTorch_CrossAttn,0.8476,0.7558,0.6496,0.9216,0.6987,0.6005,0.8432,0.7735,OURS
Train3Val_Test,mean,dna_prot_spliceai,nt_v2_500m,esmc_600m,Hybrid_Concat_XGBoost,0.8386,0.6919,0.7328,0.8781,0.7118,0.6003,0.882,0.8043,OURS
Train3Val_Test,mean,dna_prot_spliceai,nt_v3_650m,esmc_600m,Hybrid_Concat_XGBoost,0.8371,0.685,0.7425,0.8724,0.7126,0.6001,0.8809,0.8008,OURS
Train3Val_Test,mean,dna_prot,nt_v1_500m,esm1v_650m,PyTorch_Transformer,0.8443,0.7274,0.684,0.9042,0.705,0.5999,0.8887,0.7806,OURS
Train3Val_Test,mean,dna_prot_spliceai,nt_v1_500m,esmc_600m,PyTorch_Concat,0.8464,0.7459,0.6604,0.9159,0.7006,0.5998,0.8453,0.7748,OURS
Train3Val_Test,mean,dna_prot_spliceai,nt_v2_500m,esm2_650m,PyTorch_Transformer,0.8423,0.7139,0.7014,0.895,0.7076,0.5998,0.877,0.7744,OURS
Train3Val_Test,mean,dna_geom_prot,nt_v2_500m,esm1b_650m,PyTorch_CrossAttn,0.8389,0.6945,0.728,0.8803,0.7108,0.5996,0.8839,0.7521,OURS
Train3Val_Test,cls,dna_prot,nt_v1_500m,esm1b_650m,PyTorch_Gating,0.8422,0.7138,0.7008,0.895,0.7072,0.5993,0.8869,0.7774,OURS
Train3Val_Test,mean,prot_spliceai,,esmc_600m,PyTorch_Concat,0.8482,0.7709,0.6291,0.9301,0.6928,0.5988,0.8438,0.7714,OURS
Train3Val_Test,center,dna_prot,nt_v2_500m,esm2_650m,Hybrid_Gating_XGBoost,0.8399,0.7013,0.7165,0.886,0.7088,0.5985,0.8863,0.7904,OURS
Train3Val_Test,cls,dna_prot,nt_v2_500m,esm1b_650m,PyTorch_Transformer,0.8394,0.6989,0.7195,0.8842,0.7091,0.5983,0.8787,0.7665,OURS
Train3Val_Test,mean,dna_prot_spliceai,nt_v1_500m,esmc_600m,PyTorch_Gating,0.8456,0.7427,0.6616,0.9144,0.6998,0.5982,0.8464,0.777,OURS
Train3Val_Test,mean,dna_prot_spliceai,nt_v2_500m,esm1v_650m,PyTorch_CrossAttn,0.8274,0.6499,0.7925,0.8404,0.7141,0.5982,0.8948,0.7907,OURS
Train3Val_Test,mean,dna_prot,nt_v1_500m,esmc_600m,PyTorch_Transformer,0.8499,0.8124,0.5826,0.9497,0.6786,0.5979,0.8312,0.7633,OURS
Train3Val_Test,mean,dna_prot,nt_v3_650m,esmc_600m,Hybrid_Concat_XGBoost,0.8361,0.6836,0.74,0.872,0.7107,0.5975,0.8827,0.8004,OURS
Train3Val_Test,mean,dna_prot_spliceai,nt_v3_650m,esm1v_650m,PyTorch_CrossAttn,0.8325,0.6684,0.7624,0.8587,0.7123,0.5974,0.8912,0.7872,OURS
Train3Val_Test,mean,dna_prot,nt_v1_500m,esmc_600m,PyTorch_Gating,0.8471,0.763,0.6351,0.9263,0.6932,0.5969,0.8432,0.772,OURS
Train3Val_Test,mean,dna_prot_spliceai,nt_v2_500m,esmc_600m,Hybrid_Transformer_XGBoost,0.8369,0.6889,0.7304,0.8767,0.709,0.5964,0.872,0.7929,OURS
Train3Val_Test,center,dna_prot,nt_v1_500m,esm2_650m,Hybrid_Gating_XGBoost,0.8389,0.6995,0.7147,0.8853,0.707,0.596,0.8832,0.7886,OURS
Train3Val_Test,cls,dna_geom_prot,nt_v2_500m,esm1b_650m,PyTorch_Transformer,0.8469,0.7656,0.6303,0.9279,0.6914,0.5958,0.872,0.7626,OURS
Train3Val_Test,mean,dna_prot,nt_v2_500m,esmc_600m,Hybrid_CrossAttn_XGBoost,0.8361,0.6856,0.734,0.8742,0.709,0.5958,0.8748,0.7939,OURS
Train3Val_Test,cls,dna_prot,nt_v3_650m,esm1b_650m,PyTorch_Gating,0.8418,0.7182,0.6888,0.899,0.7032,0.5957,0.8918,0.7824,OURS
Train3Val_Test,mean,dna_prot,nt_v3_650m,esm2_650m,PyTorch_Transformer,0.8423,0.7224,0.6828,0.902,0.702,0.5954,0.8908,0.7885,OURS
Train3Val_Test,mean,dna_prot,nt_v3_650m,esmc_600m,Pure_XGBoost_Concat,0.8341,0.6776,0.7443,0.8677,0.7094,0.595,0.8854,0.8022,OURS
Train3Val_Test,mean,dna_prot,nt_v1_500m,esm1v_650m,Hybrid_Transformer_XGBoost,0.8294,0.659,0.7726,0.8506,0.7113,0.595,0.8858,0.7881,OURS
Train3Val_Test,cls,dna_prot,nt_v1_500m,esm1b_650m,PyTorch_CrossAttn,0.843,0.7283,0.6743,0.906,0.7003,0.5949,0.874,0.7635,OURS
Train3Val_Test,mean,dna_prot_spliceai,nt_v3_650m,esm2_650m,PyTorch_Gating,0.8315,0.6672,0.7593,0.8585,0.7103,0.5947,0.8899,0.7906,OURS
Train3Val_Test,mean,dna_prot,nt_v2_500m,esm1v_650m,Hybrid_Transformer_XGBoost,0.8294,0.6593,0.7714,0.851,0.711,0.5946,0.886,0.7854,OURS
Train3Val_Test,mean,dna_prot,nt_v3_650m,esm2_650m,PyTorch_Concat,0.8343,0.6796,0.7394,0.8697,0.7083,0.5939,0.8857,0.7825,OURS
Train3Val_Test,mean,prot_spliceai,,esm2_650m,PyTorch_Concat,0.8368,0.6913,0.7226,0.8794,0.7066,0.5939,0.8905,0.7928,OURS
Train3Val_Test,mean,dna_prot,nt_v3_650m,esm2_650m,PyTorch_Gating,0.8376,0.6958,0.7159,0.883,0.7057,0.5937,0.8865,0.7867,OURS
Train3Val_Test,cls,dna_prot_spliceai,nt_v1_500m,esm1b_650m,PyTorch_CrossAttn,0.8387,0.7022,0.7069,0.888,0.7045,0.5936,0.88,0.7463,OURS
Train3Val_Test,cls,dna_prot_spliceai,nt_v1_500m,esm1b_650m,PyTorch_Transformer,0.8377,0.6971,0.7135,0.8842,0.7052,0.5934,0.8887,0.7813,OURS
Train3Val_Test,mean,dna_prot,nt_v3_650m,esmc_600m,Hybrid_CrossAttn_XGBoost,0.8343,0.6802,0.7376,0.8704,0.7078,0.5933,0.8742,0.7975,OURS
Train3Val_Test,cls,prot,,esm1b_650m,Hybrid_Concat_XGBoost,0.8308,0.6661,0.7581,0.858,0.7092,0.5931,0.8901,0.783,OURS
Train3Val_Test,cls,prot,,esm1b_650m,Hybrid_Concat_XGBoost,0.8308,0.6661,0.7581,0.858,0.7092,0.5931,0.8901,0.783,OURS
Train3Val_Test,cls,prot,,esm1b_650m,Hybrid_Concat_XGBoost,0.8308,0.6661,0.7581,0.858,0.7092,0.5931,0.8901,0.783,OURS
Train3Val_Test,cls,prot,,esm1b_650m,Hybrid_Concat_XGBoost,0.8308,0.6661,0.7581,0.858,0.7092,0.5931,0.8901,0.783,OURS
Train3Val_Test,cls,prot,,esm1b_650m,Hybrid_Concat_XGBoost,0.8308,0.6661,0.7581,0.858,0.7092,0.5931,0.8901,0.783,OURS
Train3Val_Test,mean,dna_prot_spliceai,nt_v1_500m,esm1v_650m,Hybrid_Transformer_XGBoost,0.8277,0.6548,0.7756,0.8472,0.7101,0.5931,0.8859,0.7855,OURS
Train3Val_Test,cls,prot_spliceai,,esm1b_650m,Hybrid_Concat_XGBoost,0.8308,0.6665,0.7569,0.8585,0.7088,0.5927,0.8859,0.7731,OURS
Train3Val_Test,cls,dna_prot_spliceai,nt_v1_500m,esm1b_650m,PyTorch_Gating,0.8331,0.6758,0.7431,0.8668,0.7078,0.5927,0.8847,0.7753,OURS
Train3Val_Test,cls,dna_prot,nt_v3_650m,esm1b_650m,PyTorch_CrossAttn,0.8425,0.7299,0.6683,0.9076,0.6977,0.5926,0.8881,0.7523,OURS
Train3Val_Test,mean,dna_prot,nt_v1_500m,esmc_600m,Pure_XGBoost_Concat,0.8326,0.6739,0.7455,0.8652,0.7079,0.5925,0.8834,0.7982,OURS
Train3Val_Test,mean,dna_prot,nt_v3_650m,esm1v_650m,Hybrid_Transformer_XGBoost,0.8284,0.6576,0.7702,0.8501,0.7094,0.5925,0.8876,0.7866,OURS
Train3Val_Test,mean,dna_prot,nt_v1_500m,esmc_600m,Hybrid_Concat_XGBoost,0.8348,0.6836,0.731,0.8736,0.7065,0.5924,0.8735,0.7963,OURS
Train3Val_Test,cls,dna_prot_spliceai,nt_v3_650m,esm1b_650m,PyTorch_CrossAttn,0.842,0.7264,0.6725,0.9053,0.6984,0.5924,0.8894,0.7638,OURS
Train3Val_Test,mean,dna_prot_spliceai,nt_v2_500m,esmc_600m,Pure_XGBoost_Concat,0.8318,0.671,0.7491,0.8627,0.7079,0.5921,0.8855,0.7993,OURS
Train3Val_Test,mean,dna_prot,nt_v2_500m,esm2_650m,PyTorch_CrossAttn,0.8441,0.7465,0.6466,0.918,0.693,0.592,0.8738,0.7709,OURS
Train3Val_Test,center,dna_geom,nt_v1_500m,esmc_600m,Hybrid_Concat_XGBoost,0.8454,0.7617,0.6285,0.9265,0.6887,0.592,0.8657,0.7758,OURS
Train3Val_Test,cls,dna_prot_spliceai,nt_v2_500m,esm1b_650m,PyTorch_Transformer,0.84,0.7133,0.6888,0.8966,0.7008,0.5919,0.8801,0.771,OURS
Train3Val_Test,mean,dna_prot,nt_v3_650m,esm2_650m,PyTorch_CrossAttn,0.8376,0.6995,0.7063,0.8866,0.7029,0.5911,0.8861,0.7772,OURS
Train3Val_Test,cls,prot_spliceai,,esm1b_650m,Pure_XGBoost_Concat,0.8248,0.6466,0.7847,0.8398,0.709,0.5909,0.8905,0.7747,OURS
Train3Val_Test,mean,prot_spliceai,,esmc_600m,Hybrid_Concat_XGBoost,0.834,0.6817,0.731,0.8724,0.7055,0.5908,0.8876,0.8045,OURS
Train3Val_Test,center,dna_prot_spliceai,nt_v1_500m,esm2_650m,Hybrid_Gating_XGBoost,0.8364,0.6938,0.7135,0.8824,0.7035,0.5907,0.8823,0.7875,OURS
Train3Val_Test,mean,dna_prot_spliceai,nt_v3_650m,esm2_650m,PyTorch_Transformer,0.8376,0.7002,0.7045,0.8873,0.7023,0.5907,0.8834,0.7824,OURS
Train3Val_Test,mean,dna_prot,nt_v2_500m,esmc_600m,Hybrid_Transformer_XGBoost,0.8348,0.6859,0.7244,0.876,0.7046,0.5905,0.8692,0.792,OURS
Train3Val_Test,mean,dna_prot_spliceai,nt_v3_650m,esmc_600m,Hybrid_CrossAttn_XGBoost,0.8345,0.6843,0.7268,0.8747,0.7049,0.5905,0.8686,0.7919,OURS
Train3Val_Test,cls,dna_prot,nt_v1_500m,esm1b_650m,PyTorch_Transformer,0.8422,0.7323,0.6616,0.9096,0.6952,0.5904,0.8882,0.7727,OURS
Train3Val_Test,mean,dna_prot,nt_v2_500m,esmc_600m,Hybrid_Gating_XGBoost,0.834,0.6825,0.7286,0.8733,0.7048,0.5901,0.8713,0.7923,OURS
Train3Val_Test,cls,dna_prot_spliceai,nt_v1_500m,esm1b_650m,PyTorch_Concat,0.8405,0.7202,0.6767,0.9017,0.6978,0.5901,0.8754,0.7665,OURS
Train3Val_Test,mean,dna_prot,nt_v2_500m,esm2_650m,PyTorch_Transformer,0.8384,0.7063,0.6948,0.892,0.7005,0.5899,0.8853,0.7818,OURS
Train3Val_Test,mean,dna_prot_spliceai,nt_v2_500m,esm2_650m,PyTorch_CrossAttn,0.8395,0.7141,0.684,0.8977,0.6987,0.5897,0.8844,0.7765,OURS
Train3Val_Test,mean,dna_prot,nt_v3_650m,esmc_600m,Hybrid_Transformer_XGBoost,0.8326,0.6772,0.7352,0.8691,0.705,0.5895,0.8727,0.7901,OURS
Train3Val_Test,mean,dna_prot_spliceai,nt_v1_500m,esm1v_650m,Hybrid_Gating_XGBoost,0.8256,0.6511,0.7732,0.8452,0.7069,0.5884,0.8797,0.7814,OURS
Train3Val_Test,mean,dna_prot_spliceai,nt_v3_650m,esm1v_650m,Hybrid_Concat_XGBoost,0.8254,0.6506,0.7738,0.8447,0.7069,0.5884,0.8876,0.7833,OURS
Train3Val_Test,mean,dna_prot,nt_v2_500m,esm1v_650m,Hybrid_Concat_XGBoost,0.8249,0.649,0.7762,0.8431,0.7069,0.5883,0.8862,0.7807,OURS
Train3Val_Test,mean,dna_geom,nt_v2_500m,esm1b_650m,PyTorch_Concat,0.8458,0.7863,0.5947,0.9396,0.6772,0.5882,0.8658,0.7726,OURS
Train3Val_Test,mean,dna_prot_spliceai,nt_v3_650m,esm1v_650m,Hybrid_Gating_XGBoost,0.8276,0.6582,0.7618,0.8522,0.7062,0.5882,0.8788,0.7778,OURS
Train3Val_Test,cls,dna_prot_spliceai,nt_v2_500m,esm1b_650m,PyTorch_Concat,0.8326,0.679,0.7298,0.8711,0.7035,0.5879,0.8777,0.7676,OURS
Train3Val_Test,cls,dna_prot_spliceai,nt_v3_650m,esm1b_650m,Hybrid_Concat_XGBoost,0.8284,0.6619,0.7545,0.856,0.7052,0.5874,0.8872,0.7774,OURS
Train3Val_Test,mean,dna_prot_spliceai,nt_v1_500m,esmc_600m,Pure_XGBoost_Concat,0.8313,0.6738,0.7364,0.8668,0.7037,0.5873,0.8817,0.7966,OURS
Train3Val_Test,mean,dna_prot,nt_v2_500m,esm2_650m,PyTorch_Concat,0.8348,0.6902,0.7123,0.8805,0.7011,0.5871,0.8826,0.7802,OURS
Train3Val_Test,cls,dna_prot_spliceai,nt_v2_500m,esm1b_650m,PyTorch_CrossAttn,0.8374,0.7052,0.6912,0.892,0.6981,0.587,0.8743,0.7501,OURS
Train3Val_Test,cls,dna_prot,nt_v1_500m,esm1b_650m,PyTorch_Concat,0.8417,0.7375,0.649,0.9137,0.6904,0.5868,0.8747,0.7708,OURS
Train3Val_Test,mean,dna_prot_spliceai,nt_v1_500m,esm2_650m,PyTorch_Concat,0.8392,0.7181,0.6731,0.9013,0.6949,0.5865,0.865,0.7606,OURS
Train3Val_Test,cls,dna_prot,nt_v3_650m,esm1b_650m,Hybrid_Concat_XGBoost,0.8272,0.6586,0.7575,0.8533,0.7046,0.5862,0.8887,0.7811,OURS
Train3Val_Test,cls,dna_prot_spliceai,nt_v1_500m,esm1b_650m,Pure_XGBoost_Concat,0.8218,0.6407,0.7853,0.8355,0.7057,0.586,0.8833,0.7671,OURS
Train3Val_Test,mean,dna_prot_spliceai,nt_v2_500m,esm1v_650m,Hybrid_CrossAttn_XGBoost,0.8253,0.6521,0.7666,0.8472,0.7047,0.5856,0.8825,0.7821,OURS
Train3Val_Test,mean,dna_prot_spliceai,nt_v2_500m,esmc_600m,Hybrid_Gating_XGBoost,0.8335,0.6857,0.7159,0.8774,0.7005,0.5855,0.8697,0.7902,OURS
Train3Val_Test,mean,dna_prot_spliceai,nt_v2_500m,esm2_650m,PyTorch_Concat,0.8343,0.6904,0.7087,0.8812,0.6994,0.5851,0.8863,0.7845,OURS
Train3Val_Test,mean,dna_prot_spliceai,nt_v3_650m,esm2_650m,PyTorch_CrossAttn,0.8277,0.6619,0.7497,0.8569,0.7031,0.5846,0.884,0.7733,OURS
Train3Val_Test,mean,dna_prot,nt_v2_500m,esmc_600m,Pure_XGBoost_Concat,0.8295,0.6696,0.737,0.8641,0.7017,0.5841,0.8828,0.7961,OURS
Train3Val_Test,cls,dna_prot_spliceai,nt_v2_500m,esm1b_650m,PyTorch_Gating,0.8363,0.7035,0.6882,0.8916,0.6957,0.5838,0.8724,0.7656,OURS
Train3Val_Test,mean,dna_prot_spliceai,nt_v3_650m,esm1v_650m,Hybrid_Transformer_XGBoost,0.8235,0.6476,0.7702,0.8434,0.7036,0.5836,0.8845,0.7836,OURS
Train3Val_Test,mean,dna_prot_spliceai,nt_v1_500m,esmc_600m,Hybrid_Concat_XGBoost,0.8315,0.679,0.722,0.8724,0.6998,0.5834,0.8698,0.7897,OURS
Train3Val_Test,mean,dna_prot_spliceai,nt_v3_650m,esm1v_650m,Hybrid_CrossAttn_XGBoost,0.8238,0.6488,0.7678,0.8447,0.7033,0.5834,0.8854,0.7778,OURS
Train3Val_Test,mean,prot_spliceai,,esm1v_650m,Pure_XGBoost_Concat,0.82,0.637,0.7865,0.8325,0.7039,0.5833,0.8875,0.7792,OURS
Train3Val_Test,mean,dna_prot,nt_v1_500m,esm2_650m,PyTorch_Concat,0.8335,0.6888,0.7075,0.8805,0.698,0.5832,0.8763,0.772,OURS
Train3Val_Test,mean,dna_prot_spliceai,nt_v2_500m,esm1v_650m,Hybrid_Gating_XGBoost,0.8236,0.6485,0.7678,0.8445,0.7031,0.5831,0.8868,0.776,OURS
Train3Val_Test,cls,dna_prot_spliceai,nt_v3_650m,esmc_600m,PyTorch_Concat,0.8353,0.6989,0.693,0.8884,0.6959,0.583,0.8488,0.759,OURS
Train3Val_Test,mean,dna_prot,nt_v1_500m,esm2_650m,PyTorch_Transformer,0.8389,0.7235,0.6598,0.9058,0.6902,0.5828,0.8702,0.7644,OURS
Train3Val_Test,mean,dna_prot_spliceai,nt_v2_500m,esm1v_650m,Hybrid_Concat_XGBoost,0.8233,0.6477,0.7684,0.8438,0.7029,0.5827,0.8843,0.778,OURS
Train3Val_Test,mean,dna_prot,nt_v1_500m,esm1v_650m,Hybrid_CrossAttn_XGBoost,0.8235,0.6483,0.7672,0.8445,0.7028,0.5826,0.8812,0.7806,OURS
Train3Val_Test,mean,dna_prot_spliceai,nt_v1_500m,esm1v_650m,Hybrid_Concat_XGBoost,0.8233,0.6478,0.7678,0.844,0.7027,0.5825,0.8843,0.7807,OURS
Train3Val_Test,mean,dna_prot,nt_v3_650m,esm1v_650m,PyTorch_Concat,0.8359,0.7038,0.6852,0.8923,0.6944,0.5824,0.8867,0.7676,OURS
Train3Val_Test,cls,dna_prot_spliceai,nt_v3_650m,esmc_600m,PyTorch_Transformer,0.84,0.7363,0.6417,0.9141,0.6858,0.5816,0.8451,0.7536,OURS
Train3Val_Test,mean,dna_prot_spliceai,nt_v1_500m,esmc_600m,Hybrid_CrossAttn_XGBoost,0.8313,0.6804,0.7165,0.8742,0.698,0.5815,0.8643,0.786,OURS
Train3Val_Test,mean,dna_prot,nt_v3_650m,esm1v_650m,Hybrid_Gating_XGBoost,0.8223,0.6456,0.769,0.8422,0.7019,0.5812,0.8802,0.7704,OURS
Train3Val_Test,mean,dna_prot,nt_v1_500m,esm2_650m,PyTorch_Gating,0.8338,0.6935,0.6972,0.8848,0.6953,0.5811,0.8672,0.758,OURS
Train3Val_Test,mean,dna_prot_spliceai,nt_v1_500m,esm1v_650m,Hybrid_CrossAttn_XGBoost,0.8235,0.6495,0.7624,0.8463,0.7014,0.581,0.8794,0.775,OURS
Train3Val_Test,cls,dna_prot,nt_v3_650m,esm1b_650m,Hybrid_Transformer_XGBoost,0.8285,0.6687,0.7328,0.8643,0.6993,0.5809,0.8797,0.7698,OURS
Train3Val_Test,cls,dna_prot,nt_v2_500m,esm1b_650m,PyTorch_Gating,0.8289,0.6702,0.7304,0.8657,0.699,0.5808,0.8728,0.767,OURS
Train3Val_Test,cls,dna_prot,nt_v3_650m,esmc_600m,PyTorch_Transformer,0.8389,0.7284,0.6502,0.9094,0.6871,0.5807,0.8452,0.7545,OURS
Train3Val_Test,mean,dna_prot_spliceai,nt_v3_650m,esmc_600m,Hybrid_Transformer_XGBoost,0.8294,0.6724,0.7268,0.8677,0.6986,0.5807,0.8649,0.7837,OURS
Train3Val_Test,mean,dna_prot,nt_v3_650m,esm1v_650m,Pure_XGBoost_Concat,0.8197,0.6378,0.7805,0.8343,0.7019,0.5806,0.8834,0.7772,OURS
Train3Val_Test,mean,dna_prot,nt_v3_650m,esmc_600m,Hybrid_Gating_XGBoost,0.829,0.6713,0.728,0.8668,0.6985,0.5804,0.8648,0.7883,OURS
Train3Val_Test,mean,dna_prot_spliceai,nt_v3_650m,esm2_650m,PyTorch_Concat,0.8226,0.6474,0.7642,0.8445,0.701,0.5801,0.8893,0.7873,OURS
Train3Val_Test,cls,dna_prot,nt_v2_500m,esm1b_650m,PyTorch_CrossAttn,0.8313,0.6827,0.7099,0.8767,0.696,0.5796,0.8642,0.7266,OURS
Train3Val_Test,mean,dna_prot,nt_v1_500m,esm1v_650m,Hybrid_Concat_XGBoost,0.8217,0.6447,0.7672,0.842,0.7006,0.5794,0.8806,0.7754,OURS
Train3Val_Test,mean,dna_prot_spliceai,nt_v1_500m,esmc_600m,Hybrid_Transformer_XGBoost,0.8299,0.6761,0.7189,0.8713,0.6969,0.5793,0.8599,0.7827,OURS
Train3Val_Test,cls,dna_prot,nt_v2_500m,esm1b_650m,Pure_XGBoost_Concat,0.8169,0.6305,0.7895,0.8271,0.7011,0.579,0.8874,0.7721,OURS
Train3Val_Test,mean,dna_prot_spliceai,nt_v1_500m,esm2_650m,PyTorch_Gating,0.8277,0.6676,0.7304,0.8641,0.6976,0.5786,0.8738,0.7663,OURS
Train3Val_Test,mean,dna_prot_spliceai,nt_v2_500m,esmc_600m,Hybrid_CrossAttn_XGBoost,0.83,0.6779,0.7147,0.8731,0.6958,0.5784,0.8636,0.7878,OURS
Train3Val_Test,cls,dna_prot,nt_v2_500m,esm1b_650m,Hybrid_Transformer_XGBoost,0.8261,0.6613,0.7394,0.8585,0.6982,0.5783,0.8761,0.7663,OURS
Train3Val_Test,mean,bio_geom_prot,nt_v2_500m,esm1b_650m,Hybrid_Concat_XGBoost,0.8366,0.7161,0.6616,0.902,0.6878,0.5782,0.879,0.7643,OURS
Train3Val_Test,mean,dna_prot,nt_v3_650m,esm1v_650m,Hybrid_CrossAttn_XGBoost,0.8218,0.6462,0.7624,0.844,0.6995,0.5781,0.8863,0.7798,OURS
Train3Val_Test,cls,dna_prot,nt_v3_650m,esmc_600m,PyTorch_Concat,0.8392,0.7387,0.6327,0.9164,0.6816,0.578,0.8384,0.7487,OURS
Train3Val_Test,mean,dna_prot,nt_v2_500m,esm2_650m,PyTorch_Gating,0.8292,0.6746,0.7189,0.8704,0.6961,0.578,0.8831,0.7799,OURS
Train3Val_Test,cls,dna_prot_spliceai,nt_v1_500m,esm1b_650m,Hybrid_Gating_XGBoost,0.8235,0.652,0.7527,0.8499,0.6988,0.5778,0.8766,0.7621,OURS
Train3Val_Test,cls,dna_prot,nt_v2_500m,esm1b_650m,Hybrid_CrossAttn_XGBoost,0.8241,0.6547,0.7479,0.8526,0.6982,0.5774,0.8744,0.7627,OURS
Train3Val_Test,mean,dna_prot,nt_v1_500m,esm1v_650m,Hybrid_Gating_XGBoost,0.8205,0.6424,0.7672,0.8404,0.6993,0.5774,0.8798,0.7747,OURS
Train3Val_Test,mean,dna_prot,nt_v2_500m,esm1v_650m,Hybrid_CrossAttn_XGBoost,0.8221,0.6478,0.7587,0.8458,0.6989,0.5774,0.8821,0.7743,OURS
Train3Val_Test,cls,dna_prot_spliceai,nt_v3_650m,esm1b_650m,Hybrid_Transformer_XGBoost,0.8238,0.654,0.7479,0.8522,0.6978,0.5768,0.8822,0.7729,OURS
Train3Val_Test,cls,dna_prot_spliceai,nt_v3_650m,esmc_600m,PyTorch_Gating,0.8328,0.6942,0.6888,0.8866,0.6915,0.5768,0.8526,0.7639,OURS
Train3Val_Test,mean,dna_prot,nt_v2_500m,esm1v_650m,Hybrid_Gating_XGBoost,0.8205,0.6429,0.7654,0.8411,0.6988,0.5767,0.885,0.7781,OURS
Train3Val_Test,cls,prot,,esm1b_650m,Pure_XGBoost_Concat,0.8167,0.6315,0.7835,0.8292,0.6993,0.5766,0.886,0.771,OURS
Train3Val_Test,cls,prot,,esm1b_650m,Pure_XGBoost_Concat,0.8167,0.6315,0.7835,0.8292,0.6993,0.5766,0.886,0.771,OURS
Train3Val_Test,cls,prot,,esm1b_650m,Pure_XGBoost_Concat,0.8167,0.6315,0.7835,0.8292,0.6993,0.5766,0.886,0.771,OURS
Train3Val_Test,cls,prot,,esm1b_650m,Pure_XGBoost_Concat,0.8167,0.6315,0.7835,0.8292,0.6993,0.5766,0.886,0.771,OURS
Train3Val_Test,cls,prot,,esm1b_650m,Pure_XGBoost_Concat,0.8167,0.6315,0.7835,0.8292,0.6993,0.5766,0.886,0.771,OURS
Train3Val_Test,cls,dna_prot,nt_v3_650m,esm1v_650m,PyTorch_Transformer,0.832,0.6905,0.693,0.8839,0.6918,0.5763,0.8783,0.755,OURS
Train3Val_Test,cls,dna_prot_spliceai,nt_v2_500m,esm1b_650m,Pure_XGBoost_Concat,0.8172,0.6331,0.7805,0.831,0.6991,0.5763,0.8839,0.769,OURS
Train3Val_Test,cls,dna_prot_spliceai,nt_v3_650m,esm1b_650m,Pure_XGBoost_Concat,0.8172,0.6337,0.7774,0.8321,0.6983,0.5752,0.8857,0.769,OURS
Train3Val_Test,cls,dna_prot_spliceai,nt_v3_650m,esm1v_650m,PyTorch_Gating,0.829,0.6776,0.7087,0.874,0.6928,0.5747,0.8787,0.7543,OURS
Train3Val_Test,mean,dna_prot,nt_v1_500m,esmc_600m,Hybrid_Transformer_XGBoost,0.8279,0.6725,0.7159,0.8697,0.6935,0.5746,0.8623,0.7844,OURS
Train3Val_Test,cls,dna_prot,nt_v2_500m,esm1b_650m,PyTorch_Concat,0.8315,0.6904,0.69,0.8844,0.6902,0.5745,0.8776,0.7681,OURS
Train3Val_Test,cls,dna_prot,nt_v3_650m,esm1b_650m,Hybrid_CrossAttn_XGBoost,0.824,0.6567,0.7394,0.8555,0.6956,0.5744,0.8828,0.7732,OURS
Train3Val_Test,cls,dna_prot_spliceai,nt_v1_500m,esm1b_650m,Hybrid_Concat_XGBoost,0.8226,0.6519,0.7467,0.851,0.6961,0.5743,0.877,0.7682,OURS
Train3Val_Test,cls,prot_spliceai,,esmc_600m,PyTorch_Concat,0.8363,0.7224,0.6466,0.9071,0.6824,0.5741,0.8461,0.7562,OURS
Train3Val_Test,cls,dna_prot,nt_v1_500m,esm1v_650m,PyTorch_Transformer,0.8277,0.6727,0.7141,0.8702,0.6928,0.5737,0.8756,0.7529,OURS
Train3Val_Test,mean,dna_prot_spliceai,nt_v3_650m,esm2_650m,Pure_XGBoost_Concat,0.8233,0.6549,0.7407,0.8542,0.6952,0.5736,0.8798,0.7677,OURS
Train3Val_Test,cls,dna_prot_spliceai,nt_v2_500m,esm1b_650m,Hybrid_CrossAttn_XGBoost,0.823,0.6539,0.7419,0.8533,0.6951,0.5733,0.8738,0.7697,OURS
Train3Val_Test,mean,dna_prot_spliceai,nt_v2_500m,esm1v_650m,Pure_XGBoost_Concat,0.8169,0.634,0.7732,0.8332,0.6967,0.5732,0.8796,0.7702,OURS
Train3Val_Test,mean,dna_prot_spliceai,nt_v3_650m,esm1v_650m,Pure_XGBoost_Concat,0.8169,0.6344,0.7714,0.8339,0.6962,0.5725,0.8825,0.7785,OURS
Train3Val_Test,cls,dna_prot_spliceai,nt_v1_500m,esm1b_650m,Hybrid_CrossAttn_XGBoost,0.8218,0.6508,0.7443,0.8508,0.6944,0.572,0.8721,0.764,OURS
Train3Val_Test,mean,dna_prot_spliceai,nt_v3_650m,esmc_600m,Hybrid_Gating_XGBoost,0.8272,0.6728,0.7105,0.8709,0.6911,0.5717,0.8589,0.7834,OURS
Train3Val_Test,mean,dna_prot_spliceai,nt_v1_500m,esm1v_650m,Pure_XGBoost_Concat,0.8167,0.6345,0.7696,0.8343,0.6956,0.5716,0.8805,0.7703,OURS
Train3Val_Test,mean,dna_prot,nt_v1_500m,esm1v_650m,Pure_XGBoost_Concat,0.8166,0.6341,0.7702,0.8339,0.6955,0.5715,0.8797,0.7702,OURS
Train3Val_Test,mean,bio_dna_geom_prot,nt_v2_500m,esm1b_650m,Hybrid_CrossAttn_XGBoost,0.8407,0.899,0.4668,0.9804,0.6145,0.5714,0.8916,0.8073,OURS
Train3Val_Test,mean,dna_prot,nt_v1_500m,esmc_600m,Hybrid_Gating_XGBoost,0.8274,0.6739,0.7081,0.872,0.6906,0.5713,0.8541,0.7778,OURS
Train3Val_Test,cls,dna_prot_spliceai,nt_v3_650m,esm1b_650m,Hybrid_CrossAttn_XGBoost,0.823,0.6557,0.7352,0.8558,0.6932,0.5712,0.878,0.7675,OURS
Train3Val_Test,cls,dna_prot,nt_v1_500m,esm1b_650m,Hybrid_Transformer_XGBoost,0.821,0.6491,0.7443,0.8497,0.6935,0.5705,0.8756,0.7693,OURS
Train3Val_Test,mean,dna_prot,nt_v3_650m,esm1v_650m,Hybrid_Concat_XGBoost,0.8177,0.6383,0.7612,0.8389,0.6944,0.5704,0.8828,0.78,OURS
Train3Val_Test,mean,dna_prot_spliceai,nt_v1_500m,esm2_650m,PyTorch_Transformer,0.8285,0.6808,0.696,0.8781,0.6883,0.5702,0.8705,0.7664,OURS
Train3Val_Test,mean,dna_prot_spliceai,nt_v1_500m,esm2_650m,PyTorch_CrossAttn,0.8267,0.6724,0.7081,0.8711,0.6898,0.5701,0.8653,0.753,OURS
Train3Val_Test,cls,prot_spliceai,,esm1v_650m,PyTorch_Concat,0.8308,0.6939,0.6767,0.8884,0.6852,0.5697,0.8759,0.7543,OURS
Train3Val_Test,mean,dna_prot,nt_v1_500m,esmc_600m,Hybrid_CrossAttn_XGBoost,0.8249,0.6654,0.7171,0.8652,0.6903,0.5693,0.8632,0.7809,OURS
Train3Val_Test,mean,dna_prot,nt_v2_500m,esm1v_650m,Pure_XGBoost_Concat,0.8143,0.6287,0.775,0.8289,0.6942,0.5693,0.8799,0.7687,OURS
Train3Val_Test,cls,dna_prot,nt_v3_650m,esm1b_650m,Pure_XGBoost_Concat,0.8138,0.6274,0.7768,0.8276,0.6942,0.5691,0.8823,0.7621,OURS
Train3Val_Test,cls,dna_prot,nt_v1_500m,esm1v_650m,PyTorch_Gating,0.8261,0.6707,0.7087,0.87,0.6891,0.569,0.8747,0.7547,OURS
Train3Val_Test,cls,dna_prot_spliceai,nt_v1_500m,esm1v_650m,PyTorch_Transformer,0.8269,0.6744,0.7033,0.8731,0.6885,0.569,0.8691,0.7381,OURS
Train3Val_Test,cls,dna_prot,nt_v3_650m,esm1v_650m,PyTorch_CrossAttn,0.8289,0.6845,0.6882,0.8815,0.6863,0.5687,0.8705,0.7474,OURS
Train3Val_Test,cls,dna_prot_spliceai,nt_v2_500m,esm1b_650m,Hybrid_Transformer_XGBoost,0.8212,0.6512,0.7376,0.8524,0.6917,0.5687,0.8738,0.7611,OURS
Train3Val_Test,cls,dna_prot_spliceai,nt_v3_650m,esmc_600m,PyTorch_CrossAttn,0.8351,0.7266,0.6315,0.9112,0.6757,0.5684,0.8442,0.7455,OURS
Train3Val_Test,cls,dna_prot,nt_v3_650m,esm1v_650m,PyTorch_Concat,0.8258,0.6699,0.7087,0.8695,0.6887,0.5683,0.8747,0.7494,OURS
Train3Val_Test,cls,dna_prot,nt_v3_650m,esm1b_650m,Hybrid_Gating_XGBoost,0.8194,0.6453,0.7461,0.8467,0.692,0.5682,0.875,0.7667,OURS
Train3Val_Test,cls,dna_prot_spliceai,nt_v2_500m,esm1b_650m,Hybrid_Gating_XGBoost,0.8197,0.6464,0.7443,0.8479,0.6919,0.5681,0.8691,0.7546,OURS
Train3Val_Test,cls,prot_spliceai,,esmc_600m,Pure_XGBoost_Concat,0.8189,0.6438,0.7479,0.8454,0.692,0.5679,0.8794,0.7887,OURS
Train3Val_Test,cls,dna_prot_spliceai,nt_v1_500m,esm1b_650m,Hybrid_Transformer_XGBoost,0.82,0.6477,0.7419,0.8492,0.6916,0.5679,0.8774,0.7667,OURS
Train3Val_Test,cls,dna_prot,nt_v2_500m,esm1b_650m,Hybrid_Concat_XGBoost,0.8197,0.6467,0.7431,0.8483,0.6916,0.5677,0.8763,0.7631,OURS
Train3Val_Test,mean,dna_prot,nt_v3_650m,esm2_650m,Pure_XGBoost_Concat,0.8208,0.651,0.7358,0.8526,0.6908,0.5675,0.8788,0.7626,OURS
Train3Val_Test,cls,dna_prot,nt_v3_650m,esmc_600m,PyTorch_CrossAttn,0.8369,0.7489,0.6025,0.9245,0.6678,0.5672,0.8315,0.7341,OURS
Train3Val_Test,cls,dna_prot,nt_v1_500m,esm1b_650m,Hybrid_Concat_XGBoost,0.8197,0.6473,0.7407,0.8492,0.6909,0.5669,0.8764,0.7661,OURS
Train3Val_Test,cls,dna_prot_spliceai,nt_v3_650m,esm1v_650m,PyTorch_Transformer,0.8376,0.7589,0.5905,0.9299,0.6642,0.5669,0.8791,0.7574,OURS
Train3Val_Test,cls,dna_prot,nt_v1_500m,esm1b_650m,Hybrid_CrossAttn_XGBoost,0.8202,0.6493,0.737,0.8513,0.6904,0.5667,0.8702,0.7558,OURS
Train3Val_Test,cls,dna_prot,nt_v3_650m,esmc_600m,PyTorch_Gating,0.8292,0.6889,0.6785,0.8855,0.6837,0.5667,0.8447,0.7543,OURS
Train3Val_Test,cls,dna_prot,nt_v1_500m,esm1b_650m,Pure_XGBoost_Concat,0.8118,0.6233,0.7793,0.824,0.6926,0.5666,0.8821,0.7654,OURS
Train3Val_Test,cls,dna_prot_spliceai,nt_v3_650m,esm1b_650m,Hybrid_Gating_XGBoost,0.8185,0.6438,0.7455,0.8458,0.6909,0.5665,0.8772,0.7655,OURS
Train3Val_Test,cls,dna_prot_spliceai,nt_v3_650m,esm1v_650m,PyTorch_Concat,0.8208,0.652,0.7322,0.854,0.6898,0.5663,0.8781,0.7594,OURS
Train3Val_Test,mean,dna_prot_spliceai,nt_v1_500m,esmc_600m,Hybrid_Gating_XGBoost,0.8251,0.6699,0.7039,0.8704,0.6865,0.5656,0.8517,0.7763,OURS
Train3Val_Test,cls,dna_prot,nt_v1_500m,esm1b_650m,Hybrid_Gating_XGBoost,0.8184,0.644,0.7431,0.8465,0.69,0.5654,0.8782,0.7697,OURS
Train3Val_Test,cls,prot_spliceai,,esmc_600m,Hybrid_Concat_XGBoost,0.8203,0.6511,0.7316,0.8535,0.689,0.5652,0.8666,0.7739,OURS
Train3Val_Test,mean,prot_spliceai,,esm2_650m,Pure_XGBoost_Concat,0.8185,0.645,0.7407,0.8476,0.6895,0.5649,0.8788,0.7669,OURS
Train3Val_Test,mean,dna_prot,nt_v1_500m,esm2_650m,PyTorch_CrossAttn,0.8176,0.6422,0.7437,0.8452,0.6892,0.5641,0.8734,0.7638,OURS
Train3Val_Test,cls,dna_prot,nt_v2_500m,esm1v_650m,PyTorch_Transformer,0.824,0.6665,0.7063,0.8679,0.6858,0.5641,0.8686,0.7347,OURS
Train3Val_Test,cls,dna_prot,nt_v1_500m,esm1v_650m,PyTorch_Concat,0.8113,0.6238,0.772,0.826,0.69,0.5631,0.8727,0.7501,OURS
Train3Val_Test,mean,dna_prot_spliceai,nt_v3_650m,esm2_650m,Hybrid_CrossAttn_XGBoost,0.8215,0.6573,0.7183,0.86,0.6865,0.5631,0.8608,0.7534,OURS
Train3Val_Test,mean,dna_prot_spliceai,nt_v2_500m,esm2_650m,Pure_XGBoost_Concat,0.8195,0.6503,0.728,0.8537,0.687,0.5625,0.8743,0.7534,OURS
Train3Val_Test,cls,dna_prot,nt_v1_500m,esmc_600m,PyTorch_Concat,0.8359,0.755,0.5875,0.9288,0.6608,0.5624,0.8079,0.7208,OURS
Train3Val_Test,cls,dna_prot_spliceai,nt_v1_500m,esm1v_650m,Hybrid_Transformer_XGBoost,0.8156,0.6369,0.7491,0.8404,0.6885,0.5624,0.8683,0.746,OURS
Train3Val_Test,mean,prot_spliceai,,esm1v_650m,Hybrid_Concat_XGBoost,0.8131,0.6294,0.7612,0.8325,0.6891,0.5623,0.8864,0.775,OURS
Train3Val_Test,cls,dna_prot,nt_v3_650m,esm1v_650m,PyTorch_Gating,0.8213,0.6578,0.7153,0.8609,0.6854,0.5619,0.8774,0.7574,OURS
Train3Val_Test,cls,dna_prot,nt_v2_500m,esm1v_650m,PyTorch_Concat,0.8285,0.6924,0.6653,0.8896,0.6786,0.5619,0.8662,0.7434,OURS
Train3Val_Test,cls,dna_prot_spliceai,nt_v1_500m,esm1v_650m,PyTorch_Gating,0.8266,0.6816,0.6803,0.8812,0.681,0.5619,0.8721,0.753,OURS
Train3Val_Test,cls,dna_prot_spliceai,nt_v2_500m,esm1v_650m,PyTorch_Concat,0.8297,0.7003,0.6538,0.8954,0.6762,0.5615,0.8678,0.7416,OURS
Train3Val_Test,cls,dna_prot_spliceai,nt_v1_500m,esm1v_650m,PyTorch_Concat,0.8195,0.6515,0.7238,0.8553,0.6857,0.5611,0.873,0.7487,OURS
Train3Val_Test,cls,dna_prot,nt_v2_500m,esm1b_650m,Hybrid_Gating_XGBoost,0.8179,0.6459,0.7316,0.8501,0.6861,0.5607,0.8674,0.7517,OURS
Train3Val_Test,cls,dna_prot_spliceai,nt_v3_650m,esm1v_650m,Hybrid_CrossAttn_XGBoost,0.8151,0.6366,0.7461,0.8409,0.687,0.5605,0.8671,0.7441,OURS
Train3Val_Test,cls,dna_prot,nt_v2_500m,esm1v_650m,PyTorch_Gating,0.8276,0.6891,0.6671,0.8875,0.6779,0.5604,0.8673,0.7465,OURS
Train3Val_Test,mean,dna_prot_spliceai,nt_v2_500m,esm2_650m,Hybrid_Transformer_XGBoost,0.821,0.6581,0.7117,0.8618,0.6839,0.5601,0.8662,0.7533,OURS
Train3Val_Test,mean,dna_prot,nt_v2_500m,esm2_650m,Hybrid_Concat_XGBoost,0.8203,0.6556,0.7153,0.8596,0.6842,0.56,0.8677,0.7463,OURS
Train3Val_Test,cls,dna_prot_spliceai,nt_v1_500m,esmc_600m,PyTorch_Transformer,0.8348,0.7494,0.5899,0.9263,0.6601,0.56,0.8229,0.7323,OURS
Train3Val_Test,cls,dna_prot_spliceai,nt_v2_500m,esm1v_650m,Hybrid_CrossAttn_XGBoost,0.8154,0.6384,0.7413,0.8431,0.686,0.5594,0.869,0.7433,OURS
Train3Val_Test,cls,dna_prot_spliceai,nt_v2_500m,esm1b_650m,Hybrid_Concat_XGBoost,0.8171,0.6442,0.7316,0.849,0.6851,0.5592,0.8794,0.7732,OURS
Train3Val_Test,cls,dna_prot_spliceai,nt_v2_500m,esm1v_650m,PyTorch_Transformer,0.8292,0.7012,0.6484,0.8968,0.6738,0.5591,0.8695,0.7489,OURS
Train3Val_Test,cls,dna_prot,nt_v1_500m,esmc_600m,PyTorch_Transformer,0.8336,0.7396,0.5995,0.9211,0.6622,0.5588,0.8158,0.7254,OURS
Train3Val_Test,cls,dna_prot,nt_v1_500m,esm1v_650m,PyTorch_CrossAttn,0.8138,0.6339,0.7467,0.8389,0.6857,0.5584,0.8691,0.7441,OURS
Train3Val_Test,cls,dna_prot_spliceai,nt_v3_650m,esmc_600m,Pure_XGBoost_Concat,0.8159,0.6409,0.7352,0.8461,0.6848,0.5583,0.8742,0.7785,OURS
Train3Val_Test,mean,dna_prot_spliceai,nt_v3_650m,esm2_650m,Hybrid_Transformer_XGBoost,0.8176,0.6468,0.7256,0.8519,0.6839,0.5581,0.8646,0.7545,OURS
Train3Val_Test,cls,dna_prot,nt_v3_650m,esm1v_650m,Hybrid_CrossAttn_XGBoost,0.8136,0.6337,0.7461,0.8389,0.6853,0.5579,0.8657,0.7437,OURS
Train3Val_Test,cls,dna_prot_spliceai,nt_v3_650m,esm1v_650m,Hybrid_Concat_XGBoost,0.8107,0.6249,0.7606,0.8294,0.6861,0.5578,0.8738,0.7491,OURS
Train3Val_Test,mean,dna_prot,nt_v3_650m,esm2_650m,Hybrid_Gating_XGBoost,0.8197,0.6555,0.7105,0.8605,0.6819,0.5573,0.8582,0.7446,OURS
Train3Val_Test,cls,dna_prot_spliceai,nt_v3_650m,esm1v_650m,PyTorch_CrossAttn,0.8269,0.6902,0.6598,0.8893,0.6747,0.5571,0.8673,0.7404,OURS
Train3Val_Test,mean,dna_prot,nt_v3_650m,esm2_650m,Hybrid_CrossAttn_XGBoost,0.819,0.6532,0.7135,0.8585,0.682,0.557,0.8609,0.7537,OURS
Train3Val_Test,cls,dna_prot,nt_v3_650m,esm1v_650m,Hybrid_Transformer_XGBoost,0.8136,0.6345,0.7425,0.8402,0.6843,0.5566,0.8679,0.7445,OURS
Train3Val_Test,cls,dna_prot,nt_v2_500m,esm1v_650m,Hybrid_CrossAttn_XGBoost,0.8135,0.6341,0.7431,0.8398,0.6843,0.5566,0.8667,0.7463,OURS
Train3Val_Test,cls,dna_prot_spliceai,nt_v1_500m,esmc_600m,PyTorch_CrossAttn,0.8313,0.7231,0.6158,0.9119,0.6651,0.5566,0.8179,0.7261,OURS
Train3Val_Test,cls,dna_prot_spliceai,nt_v1_500m,esm1v_650m,Hybrid_CrossAttn_XGBoost,0.8149,0.6389,0.7352,0.8447,0.6837,0.5565,0.8629,0.7361,OURS
Train3Val_Test,cls,dna_prot_spliceai,nt_v1_500m,esmc_600m,Pure_XGBoost_Concat,0.8159,0.6423,0.7298,0.8481,0.6832,0.5565,0.8684,0.7748,OURS
Train3Val_Test,cls,dna_prot_spliceai,nt_v1_500m,esm1v_650m,PyTorch_CrossAttn,0.8156,0.6414,0.7304,0.8474,0.683,0.5561,0.8647,0.7299,OURS
Train3Val_Test,cls,dna_prot_spliceai,nt_v2_500m,esmc_600m,Pure_XGBoost_Concat,0.8144,0.6377,0.7358,0.8438,0.6833,0.5558,0.8751,0.7765,OURS
Train3Val_Test,cls,dna_prot_spliceai,nt_v2_500m,esm1v_650m,PyTorch_CrossAttn,0.821,0.6632,0.6948,0.8682,0.6786,0.555,0.8652,0.7402,OURS
Train3Val_Test,mean,dna_prot,nt_v3_650m,esm2_650m,Hybrid_Concat_XGBoost,0.8161,0.6447,0.7214,0.8515,0.6809,0.554,0.8691,0.7509,OURS
Train3Val_Test,cls,dna_prot_spliceai,nt_v1_500m,esmc_600m,PyTorch_Concat,0.8343,0.7714,0.5555,0.9385,0.6459,0.5538,0.8105,0.7219,OURS
Train3Val_Test,mean,dna_prot_spliceai,nt_v1_500m,esm2_650m,Pure_XGBoost_Concat,0.8133,0.6357,0.7346,0.8427,0.6816,0.5534,0.8706,0.7531,OURS
Train3Val_Test,cls,dna_prot,nt_v1_500m,esmc_600m,PyTorch_CrossAttn,0.8315,0.7339,0.5971,0.9191,0.6585,0.5533,0.8144,0.7184,OURS
Train3Val_Test,cls,dna_prot,nt_v1_500m,esm1v_650m,Hybrid_Concat_XGBoost,0.8085,0.6215,0.7575,0.8276,0.6828,0.5531,0.8635,0.7436,OURS
Train3Val_Test,mean,dna_prot,nt_v3_650m,esm2_650m,Hybrid_Transformer_XGBoost,0.8172,0.6506,0.7087,0.8578,0.6784,0.5521,0.8625,0.7519,OURS
Train3Val_Test,cls,dna_prot_spliceai,nt_v2_500m,esm1v_650m,Hybrid_Transformer_XGBoost,0.8103,0.6273,0.7461,0.8343,0.6815,0.5521,0.8684,0.7464,OURS
Train3Val_Test,cls,dna_prot_spliceai,nt_v1_500m,esmc_600m,PyTorch_Gating,0.8304,0.7264,0.6037,0.915,0.6594,0.5519,0.8116,0.7272,OURS
Train3Val_Test,cls,dna_prot,nt_v1_500m,esmc_600m,PyTorch_Gating,0.832,0.745,0.5814,0.9256,0.6531,0.5518,0.8106,0.7211,OURS
Train3Val_Test,mean,prot_spliceai,,esm2_650m,Hybrid_Concat_XGBoost,0.8174,0.6518,0.7057,0.8591,0.6777,0.5514,0.8662,0.7507,OURS
Train3Val_Test,cls,dna_prot,nt_v3_650m,esm1v_650m,Hybrid_Gating_XGBoost,0.8075,0.6199,0.7563,0.8267,0.6813,0.551,0.8645,0.7433,OURS
Train3Val_Test,mean,dna_geom_prot,nt_v2_500m,esm1b_650m,PyTorch_Concat,0.7834,0.5682,0.8492,0.7588,0.6809,0.5509,0.8861,0.7797,OURS
Train3Val_Test,cls,prot_spliceai,,esm1v_650m,Pure_XGBoost_Concat,0.8031,0.6084,0.775,0.8136,0.6817,0.5505,0.8717,0.7351,OURS
Train3Val_Test,cls,dna_prot,nt_v1_500m,esm1v_650m,Hybrid_Transformer_XGBoost,0.8112,0.631,0.7364,0.8391,0.6797,0.5502,0.864,0.7419,OURS
Train3Val_Test,cls,dna_prot,nt_v1_500m,esm1v_650m,Hybrid_CrossAttn_XGBoost,0.8118,0.6331,0.7328,0.8413,0.6793,0.5501,0.8628,0.7393,OURS
Train3Val_Test,cls,dna_prot,nt_v2_500m,esmc_600m,Pure_XGBoost_Concat,0.8116,0.6328,0.7328,0.8411,0.6792,0.5498,0.8694,0.7711,OURS
Train3Val_Test,mean,dna_prot,nt_v2_500m,esm2_650m,Pure_XGBoost_Concat,0.811,0.6308,0.7358,0.8391,0.6793,0.5497,0.8737,0.7565,OURS
Train3Val_Test,mean,dna_prot,nt_v2_500m,esm2_650m,Hybrid_Gating_XGBoost,0.8167,0.6509,0.7039,0.8589,0.6763,0.5496,0.8643,0.7511,OURS
Train3Val_Test,mean,dna_prot_spliceai,nt_v1_500m,esm2_650m,Hybrid_Concat_XGBoost,0.8153,0.6455,0.7117,0.854,0.677,0.5493,0.8636,0.7523,OURS
Train3Val_Test,cls,dna_prot,nt_v3_650m,esmc_600m,Hybrid_Concat_XGBoost,0.8143,0.6422,0.7165,0.8508,0.6773,0.5491,0.8552,0.7661,OURS
Train3Val_Test,cls,dna_prot_spliceai,nt_v3_650m,esm1v_650m,Pure_XGBoost_Concat,0.8031,0.609,0.7714,0.815,0.6807,0.5491,0.8683,0.7326,OURS
Train3Val_Test,cls,dna_prot_spliceai,nt_v3_650m,esmc_600m,Hybrid_Concat_XGBoost,0.8158,0.6477,0.7075,0.8562,0.6763,0.5489,0.8532,0.7577,OURS
Train3Val_Test,cls,dna_prot,nt_v2_500m,esmc_600m,PyTorch_Concat,0.8304,0.736,0.5869,0.9213,0.653,0.5487,0.8089,0.7132,OURS
Train3Val_Test,mean,dna_prot_spliceai,nt_v3_650m,esm2_650m,Hybrid_Concat_XGBoost,0.8161,0.6492,0.7045,0.8578,0.6757,0.5486,0.8668,0.7556,OURS
Train3Val_Test,mean,dna_prot,nt_v1_500m,esm2_650m,Pure_XGBoost_Concat,0.8118,0.6344,0.7274,0.8434,0.6777,0.5482,0.8695,0.7516,OURS
Train3Val_Test,cls,dna_prot,nt_v1_500m,esmc_600m,Pure_XGBoost_Concat,0.8112,0.6328,0.7286,0.842,0.6773,0.5475,0.8675,0.7685,OURS
Train3Val_Test,mean,dna_prot_spliceai,nt_v2_500m,esm2_650m,Hybrid_Concat_XGBoost,0.8154,0.6476,0.7051,0.8567,0.6751,0.5475,0.8628,0.7486,OURS
Train3Val_Test,cls,dna_prot,nt_v3_650m,esmc_600m,Pure_XGBoost_Concat,0.8113,0.6334,0.7274,0.8427,0.6771,0.5474,0.8708,0.7756,OURS
Train3Val_Test,cls,dna_prot_spliceai,nt_v3_650m,esm1v_650m,Hybrid_Gating_XGBoost,0.8072,0.6209,0.7479,0.8294,0.6785,0.5473,0.8649,0.7398,OURS
Train3Val_Test,cls,dna_prot_spliceai,nt_v2_500m,esm1v_650m,Hybrid_Concat_XGBoost,0.8053,0.6155,0.7569,0.8233,0.6789,0.5473,0.8665,0.7362,OURS
Train3Val_Test,cls,dna_prot_spliceai,nt_v2_500m,esm1v_650m,Pure_XGBoost_Concat,0.8026,0.6087,0.7684,0.8154,0.6793,0.5471,0.8682,0.7293,OURS
Train3Val_Test,cls,dna_geom_prot,nt_v2_500m,esm1b_650m,PyTorch_Concat,0.8041,0.6126,0.7612,0.8201,0.6789,0.5469,0.859,0.7596,OURS
Train3Val_Test,cls,dna_prot,nt_v1_500m,esm1v_650m,Hybrid_Gating_XGBoost,0.8071,0.6209,0.7467,0.8296,0.678,0.5466,0.8642,0.739,OURS
Train3Val_Test,cls,dna_prot_spliceai,nt_v1_500m,esm1v_650m,Hybrid_Concat_XGBoost,0.8062,0.6186,0.7503,0.8271,0.6781,0.5465,0.8643,0.7405,OURS
Train3Val_Test,mean,dna_prot,nt_v2_500m,esm2_650m,Hybrid_Transformer_XGBoost,0.8154,0.6486,0.7014,0.858,0.674,0.5464,0.8626,0.7485,OURS
Train3Val_Test,mean,dna_prot_spliceai,nt_v2_500m,esm2_650m,Hybrid_CrossAttn_XGBoost,0.8141,0.6438,0.7087,0.8535,0.6747,0.5462,0.8535,0.7369,OURS
Train3Val_Test,cls,dna_prot,nt_v1_500m,esm1v_650m,Pure_XGBoost_Concat,0.8002,0.6032,0.7756,0.8093,0.6786,0.5458,0.8636,0.7209,OURS
Train3Val_Test,cls,dna_prot,nt_v2_500m,esm1v_650m,PyTorch_CrossAttn,0.8121,0.6372,0.7183,0.8472,0.6754,0.5458,0.8582,0.7291,OURS
Train3Val_Test,cls,dna_prot_spliceai,nt_v3_650m,esm1v_650m,Hybrid_Transformer_XGBoost,0.8075,0.6232,0.74,0.8328,0.6766,0.5451,0.8694,0.7438,OURS
Train3Val_Test,cls,dna_prot_spliceai,nt_v1_500m,esm1v_650m,Pure_XGBoost_Concat,0.8016,0.6072,0.7672,0.8145,0.6779,0.545,0.8655,0.725,OURS
Train3Val_Test,cls,dna_prot,nt_v2_500m,esm1v_650m,Hybrid_Concat_XGBoost,0.8066,0.6205,0.7437,0.8301,0.6765,0.5447,0.8647,0.7318,OURS
Train3Val_Test,cls,dna_prot_spliceai,nt_v1_500m,esm1v_650m,Hybrid_Gating_XGBoost,0.8062,0.6197,0.7449,0.8292,0.6765,0.5445,0.8656,0.7394,OURS
Train3Val_Test,cls,dna_prot_spliceai,nt_v2_500m,esm1v_650m,PyTorch_Gating,0.8149,0.6487,0.6972,0.8589,0.6721,0.5441,0.8616,0.7288,OURS
Train3Val_Test,mean,dna_prot,nt_v1_500m,esm2_650m,Hybrid_Concat_XGBoost,0.8153,0.6503,0.6942,0.8605,0.6715,0.5438,0.8639,0.7495,OURS
Train3Val_Test,cls,dna_geom_prot,nt_v2_500m,esm1b_650m,PyTorch_Gating,0.7869,0.5759,0.8215,0.7739,0.6771,0.5437,0.8757,0.7783,OURS
Train3Val_Test,cls,dna_prot,nt_v2_500m,esmc_600m,PyTorch_Transformer,0.831,0.775,0.5338,0.9421,0.6321,0.5427,0.8116,0.7151,OURS
Train3Val_Test,cls,dna_prot,nt_v3_650m,esmc_600m,Hybrid_CrossAttn_XGBoost,0.8135,0.6445,0.7008,0.8555,0.6715,0.5425,0.8464,0.7525,OURS
Train3Val_Test,cls,dna_prot,nt_v2_500m,esm1v_650m,Hybrid_Gating_XGBoost,0.8043,0.6153,0.7485,0.8251,0.6754,0.5425,0.8621,0.7371,OURS
Train3Val_Test,mean,dna_prot,nt_v1_500m,esm2_650m,Hybrid_Gating_XGBoost,0.8135,0.6446,0.7002,0.8558,0.6713,0.5423,0.8487,0.7354,OURS
Train3Val_Test,mean,dna_prot,nt_v2_500m,esm2_650m,Hybrid_CrossAttn_XGBoost,0.8136,0.6453,0.699,0.8564,0.6711,0.5422,0.8538,0.7373,OURS
Train3Val_Test,cls,prot_spliceai,,esm1v_650m,Hybrid_Concat_XGBoost,0.8036,0.6137,0.7503,0.8235,0.6752,0.542,0.8691,0.7402,OURS
Train3Val_Test,mean,dna_prot_spliceai,nt_v1_500m,esm2_650m,Hybrid_Gating_XGBoost,0.8144,0.6486,0.6936,0.8596,0.6704,0.542,0.8543,0.742,OURS
Train3Val_Test,cls,dna_prot,nt_v2_500m,esm1v_650m,Hybrid_Transformer_XGBoost,0.8069,0.6234,0.7328,0.8346,0.6737,0.5414,0.8635,0.7382,OURS
Train3Val_Test,mean,dna_prot_spliceai,nt_v2_500m,esm2_650m,Hybrid_Gating_XGBoost,0.8125,0.6423,0.7008,0.8542,0.6703,0.5406,0.8562,0.7449,OURS
Train3Val_Test,cls,dna_prot,nt_v2_500m,esmc_600m,PyTorch_Gating,0.8281,0.7394,0.5682,0.9252,0.6426,0.5399,0.8071,0.7122,OURS
Train3Val_Test,cls,dna_prot_spliceai,nt_v3_650m,esm2_650m,PyTorch_CrossAttn,0.8231,0.6952,0.623,0.8979,0.6571,0.5399,0.8425,0.7002,OURS
Train3Val_Test,cls,dna_prot_spliceai,nt_v2_500m,esmc_600m,PyTorch_Concat,0.8267,0.7246,0.5856,0.9168,0.6478,0.5399,0.8115,0.7147,OURS
Train3Val_Test,cls,dna_prot,nt_v3_650m,esm1v_650m,Hybrid_Concat_XGBoost,0.8041,0.6162,0.7419,0.8274,0.6732,0.5398,0.8663,0.7392,OURS
Train3Val_Test,cls,dna_prot,nt_v2_500m,esmc_600m,Hybrid_Concat_XGBoost,0.8141,0.6494,0.6882,0.8612,0.6682,0.5397,0.8456,0.7507,OURS
Train3Val_Test,cls,prot_spliceai,,esm2_650m,PyTorch_Concat,0.8189,0.6708,0.6562,0.8796,0.6634,0.5396,0.8545,0.7282,OURS
Train3Val_Test,cls,dna_prot_spliceai,nt_v1_500m,esmc_600m,Hybrid_Transformer_XGBoost,0.8131,0.6459,0.693,0.858,0.6686,0.5394,0.8342,0.7443,OURS
Train3Val_Test,mean,dna_prot_spliceai,nt_v3_650m,esm2_650m,Hybrid_Gating_XGBoost,0.812,0.6417,0.699,0.8542,0.6692,0.5391,0.8589,0.7482,OURS
Train3Val_Test,mean,dna_prot,nt_v1_500m,esm2_650m,Hybrid_Transformer_XGBoost,0.8112,0.6389,0.7033,0.8515,0.6695,0.539,0.8574,0.7429,OURS
Train3Val_Test,cls,dna_prot,nt_v2_500m,esmc_600m,Hybrid_CrossAttn_XGBoost,0.8125,0.6443,0.6936,0.8569,0.668,0.5383,0.8374,0.7435,OURS
Train3Val_Test,cls,dna_prot,nt_v3_650m,esm1v_650m,Pure_XGBoost_Concat,0.7992,0.6042,0.7587,0.8143,0.6727,0.5377,0.8655,0.7279,OURS
Train3Val_Test,cls,dna_prot_spliceai,nt_v3_650m,esm2_650m,PyTorch_Gating,0.8174,0.6659,0.6598,0.8763,0.6628,0.5376,0.845,0.7169,OURS
Train3Val_Test,cls,dna_prot_spliceai,nt_v1_500m,esmc_600m,Hybrid_Concat_XGBoost,0.8102,0.6368,0.7033,0.8501,0.6684,0.5372,0.8448,0.757,OURS
Train3Val_Test,cls,dna_prot_spliceai,nt_v3_650m,esmc_600m,Hybrid_CrossAttn_XGBoost,0.813,0.6475,0.6858,0.8605,0.6661,0.5368,0.8454,0.7541,OURS
Train3Val_Test,cls,dna_prot_spliceai,nt_v3_650m,esm2_650m,PyTorch_Transformer,0.8269,0.738,0.5639,0.9252,0.6393,0.5364,0.8508,0.7281,OURS
Train3Val_Test,cls,dna_prot_spliceai,nt_v2_500m,esm1v_650m,Hybrid_Gating_XGBoost,0.8026,0.6139,0.7394,0.8262,0.6709,0.5363,0.8574,0.736,OURS
Train3Val_Test,cls,dna_prot,nt_v3_650m,esm2_650m,PyTorch_Transformer,0.819,0.6764,0.6417,0.8853,0.6586,0.536,0.8533,0.7235,OURS
Train3Val_Test,cls,dna_prot,nt_v2_500m,esm1v_650m,Pure_XGBoost_Concat,0.797,0.5999,0.7624,0.81,0.6714,0.5356,0.8674,0.7311,OURS
Train3Val_Test,cls,dna_prot_spliceai,nt_v2_500m,esmc_600m,PyTorch_Transformer,0.8246,0.7167,0.5875,0.9132,0.6457,0.5353,0.809,0.7112,OURS
Train3Val_Test,cls,dna_prot,nt_v3_650m,esm2_650m,PyTorch_CrossAttn,0.8197,0.6826,0.6303,0.8905,0.6554,0.5343,0.8415,0.7072,OURS
Train3Val_Test,center,dna_geom,nt_v1_500m,esmc_600m,PyTorch_Concat,0.8246,0.7193,0.5826,0.915,0.6438,0.5343,0.8298,0.7222,OURS
Train3Val_Test,cls,dna_prot,nt_v1_500m,esmc_600m,Hybrid_Concat_XGBoost,0.8103,0.6399,0.6924,0.8544,0.6651,0.5339,0.8417,0.7502,OURS
Train3Val_Test,cls,dna_prot,nt_v2_500m,esmc_600m,PyTorch_CrossAttn,0.8267,0.7479,0.5476,0.931,0.6323,0.5334,0.7995,0.6979,OURS
Train3Val_Test,cls,dna_prot_spliceai,nt_v3_650m,esm2_650m,PyTorch_Concat,0.8197,0.684,0.6267,0.8918,0.6541,0.5334,0.8469,0.7114,OURS
Train3Val_Test,cls,dna_prot_spliceai,nt_v2_500m,esmc_600m,PyTorch_CrossAttn,0.8274,0.7621,0.5314,0.938,0.6262,0.5328,0.8117,0.7123,OURS
Train3Val_Test,cls,dna_prot_spliceai,nt_v2_500m,esmc_600m,Hybrid_Gating_XGBoost,0.8135,0.6542,0.6665,0.8684,0.6603,0.5318,0.8279,0.7267,OURS
Train3Val_Test,cls,dna_prot,nt_v3_650m,esmc_600m,Hybrid_Gating_XGBoost,0.8079,0.6333,0.6978,0.849,0.664,0.5311,0.8341,0.7372,OURS
Train3Val_Test,cls,dna_geom_prot,nt_v2_500m,esm1b_650m,Hybrid_Transformer_XGBoost,0.7897,0.5853,0.778,0.794,0.668,0.5298,0.8488,0.7216,OURS
Train3Val_Test,cls,dna_prot_spliceai,nt_v3_650m,esmc_600m,Hybrid_Transformer_XGBoost,0.8072,0.6322,0.6966,0.8485,0.6628,0.5295,0.8428,0.75,OURS
Train3Val_Test,cls,dna_prot,nt_v3_650m,esm2_650m,PyTorch_Concat,0.8169,0.6742,0.6327,0.8857,0.6528,0.5291,0.8482,0.7219,OURS
Train3Val_Test,mean,geom,nt_v2_500m,esm1b_650m,Hybrid_Concat_XGBoost,0.7875,0.5812,0.7835,0.789,0.6674,0.5287,0.7738,0.5183,OURS
Train3Val_Test,cls,dna_prot_spliceai,nt_v2_500m,esmc_600m,Hybrid_CrossAttn_XGBoost,0.8089,0.6387,0.6846,0.8553,0.6608,0.5286,0.8361,0.7413,OURS
Train3Val_Test,cls,dna_prot_spliceai,nt_v1_500m,esmc_600m,Hybrid_CrossAttn_XGBoost,0.8061,0.6295,0.6978,0.8465,0.6619,0.5278,0.8402,0.7477,OURS
Train3Val_Test,cls,dna_prot,nt_v3_650m,esm2_650m,PyTorch_Gating,0.8133,0.658,0.6532,0.8731,0.6556,0.5275,0.8515,0.726,OURS
Train3Val_Test,mean,geom,nt_v2_500m,esm1b_650m,PyTorch_Concat,0.7756,0.5596,0.8215,0.7584,0.6657,0.5269,0.8801,0.8007,OURS
Train3Val_Test,cls,dna_prot,nt_v1_500m,esmc_600m,Hybrid_CrossAttn_XGBoost,0.8067,0.6325,0.6912,0.8499,0.6605,0.5268,0.8381,0.7486,OURS
Train3Val_Test,mean,dna_prot_spliceai,nt_v1_500m,esm2_650m,Hybrid_Transformer_XGBoost,0.8085,0.6391,0.6803,0.8564,0.6591,0.5266,0.8497,0.7356,OURS
Train3Val_Test,cls,dna_prot,nt_v3_650m,esmc_600m,Hybrid_Transformer_XGBoost,0.8062,0.6315,0.6906,0.8494,0.6598,0.5257,0.8413,0.7479,OURS
Train3Val_Test,cls,dna_prot_spliceai,nt_v2_500m,esmc_600m,Hybrid_Concat_XGBoost,0.8046,0.6264,0.6978,0.8445,0.6602,0.5251,0.8385,0.7474,OURS
Train3Val_Test,cls,dna_prot,nt_v1_500m,esm2_650m,PyTorch_Concat,0.8128,0.6599,0.6435,0.876,0.6516,0.5237,0.8433,0.7178,OURS
Train3Val_Test,cls,dna_prot,nt_v1_500m,esmc_600m,Hybrid_Transformer_XGBoost,0.8051,0.6293,0.69,0.8481,0.6582,0.5234,0.8352,0.7452,OURS
Train3Val_Test,cls,dna_prot,nt_v1_500m,esm2_650m,PyTorch_Gating,0.8141,0.6677,0.6303,0.8828,0.6485,0.5227,0.8377,0.7149,OURS
Train3Val_Test,cls,dna_prot_spliceai,nt_v1_500m,esmc_600m,Hybrid_Gating_XGBoost,0.8051,0.6303,0.6858,0.8497,0.6568,0.522,0.8352,0.7408,OURS
Train3Val_Test,cls,dna_prot_spliceai,nt_v3_650m,esmc_600m,Hybrid_Gating_XGBoost,0.8074,0.6386,0.6725,0.8578,0.6551,0.5219,0.8334,0.737,OURS
Train3Val_Test,mean,dna_prot,nt_v1_500m,esm2_650m,Hybrid_CrossAttn_XGBoost,0.8046,0.6289,0.687,0.8485,0.6567,0.5215,0.848,0.735,OURS
Train3Val_Test,mean,dna_prot_spliceai,nt_v1_500m,esm2_650m,Hybrid_CrossAttn_XGBoost,0.8051,0.6308,0.6834,0.8506,0.6561,0.5212,0.8434,0.7291,OURS
Train3Val_Test,cls,dna_prot,nt_v1_500m,esmc_600m,Hybrid_Gating_XGBoost,0.8043,0.6292,0.6828,0.8497,0.6549,0.5195,0.8356,0.7419,OURS
Train3Val_Test,cls,dna_prot_spliceai,nt_v1_500m,esm2_650m,PyTorch_Transformer,0.8136,0.6713,0.617,0.8871,0.643,0.518,0.8304,0.71,OURS
Train3Val_Test,cls,dna_prot,nt_v2_500m,esmc_600m,Hybrid_Gating_XGBoost,0.8069,0.6407,0.6604,0.8616,0.6504,0.5172,0.8221,0.7239,OURS
Train3Val_Test,cls,dna_prot,nt_v1_500m,esm2_650m,PyTorch_Transformer,0.82,0.7239,0.547,0.922,0.6232,0.5165,0.8301,0.7074,OURS
Train3Val_Test,cls,dna_prot_spliceai,nt_v2_500m,esmc_600m,PyTorch_Gating,0.809,0.6506,0.6435,0.8709,0.6471,0.5162,0.8078,0.7132,OURS
Train3Val_Test,cls,dna_prot_spliceai,nt_v1_500m,esm2_650m,PyTorch_Gating,0.81,0.6561,0.6339,0.8758,0.6448,0.5153,0.8311,0.7119,OURS
Train3Val_Test,cls,dna_prot,nt_v2_500m,esmc_600m,Hybrid_Transformer_XGBoost,0.8053,0.6365,0.6622,0.8587,0.6491,0.5146,0.8267,0.7296,OURS
Train3Val_Test,cls,dna_prot_spliceai,nt_v2_500m,esmc_600m,Hybrid_Transformer_XGBoost,0.8041,0.6336,0.6634,0.8567,0.6482,0.5128,0.8257,0.7307,OURS
Train3Val_Test,cls,dna_prot,nt_v1_500m,esm2_650m,PyTorch_CrossAttn,0.8105,0.6624,0.6188,0.8821,0.6399,0.512,0.8307,0.6964,OURS
Train3Val_Test,cls,dna_prot_spliceai,nt_v2_500m,esm2_650m,Pure_XGBoost_Concat,0.7925,0.599,0.7171,0.8206,0.6528,0.5106,0.8476,0.7112,OURS
Train3Val_Test,mean,dna_geom_prot,nt_v2_500m,esm1b_650m,Hybrid_CrossAttn_XGBoost,0.7588,0.5364,0.8353,0.7302,0.6533,0.5093,0.8609,0.7307,OURS
Train3Val_Test,cls,dna_prot_spliceai,nt_v1_500m,esm2_650m,PyTorch_CrossAttn,0.8039,0.6387,0.6429,0.8641,0.6408,0.506,0.8203,0.6969,OURS
Train3Val_Test,cls,dna_prot,nt_v3_650m,esm2_650m,Pure_XGBoost_Concat,0.789,0.5929,0.7159,0.8163,0.6486,0.5043,0.8429,0.7074,OURS
Train3Val_Test,cls,prot_spliceai,,esm2_650m,Hybrid_Concat_XGBoost,0.7941,0.6077,0.6858,0.8346,0.6444,0.502,0.8413,0.7099,OURS
Train3Val_Test,cls,prot_spliceai,,esm2_650m,Pure_XGBoost_Concat,0.7869,0.5893,0.7141,0.8141,0.6458,0.5,0.8496,0.7213,OURS
Train3Val_Test,cls,dna_prot,nt_v2_500m,esm2_650m,PyTorch_Transformer,0.8034,0.645,0.617,0.8731,0.6307,0.4971,0.814,0.6936,OURS
Train3Val_Test,center,geom,nt_v1_500m,esmc_600m,PyTorch_Concat,0.7357,0.5083,0.8715,0.6849,0.6421,0.4964,0.8902,0.8201,OURS
Train3Val_Test,cls,dna_prot_spliceai,nt_v1_500m,esm2_650m,PyTorch_Concat,0.7962,0.6179,0.6574,0.8481,0.6371,0.4961,0.823,0.7043,OURS
Train3Val_Test,cls,geom_prot,nt_v2_500m,esm1b_650m,Hybrid_Concat_XGBoost,0.7445,0.5187,0.8438,0.7075,0.6425,0.4939,0.8673,0.7595,OURS
Train3Val_Test,cls,dna_prot_spliceai,nt_v3_650m,esm2_650m,Pure_XGBoost_Concat,0.7851,0.5873,0.7057,0.8147,0.6411,0.4937,0.8407,0.7091,OURS
Train3Val_Test,cls,dna_prot_spliceai,nt_v2_500m,esm2_650m,PyTorch_Concat,0.8028,0.646,0.6086,0.8754,0.6267,0.4933,0.8165,0.689,OURS
Train3Val_Test,cls,dna_prot,nt_v3_650m,esm2_650m,Hybrid_Transformer_XGBoost,0.7928,0.6095,0.6628,0.8413,0.6351,0.4916,0.8318,0.7011,OURS
Train3Val_Test,cls,dna_prot,nt_v2_500m,esm2_650m,PyTorch_CrossAttn,0.8023,0.6464,0.6031,0.8767,0.624,0.4907,0.8086,0.6777,OURS
Train3Val_Test,cls,dna_prot_spliceai,nt_v1_500m,esm2_650m,Pure_XGBoost_Concat,0.7836,0.5854,0.7008,0.8145,0.6379,0.4894,0.8381,0.7023,OURS
Train3Val_Test,cls,dna_prot,nt_v1_500m,esm2_650m,Pure_XGBoost_Concat,0.7846,0.588,0.6954,0.8179,0.6372,0.489,0.8387,0.7067,OURS
Train3Val_Test,cls,dna_prot_spliceai,nt_v3_650m,esm2_650m,Hybrid_Concat_XGBoost,0.7872,0.5953,0.6803,0.8271,0.635,0.4879,0.8378,0.706,OURS
Train3Val_Test,cls,dna_prot,nt_v3_650m,esm2_650m,Hybrid_CrossAttn_XGBoost,0.7902,0.6046,0.6604,0.8386,0.6313,0.486,0.8307,0.6971,OURS
Train3Val_Test,cls,dna_prot,nt_v2_500m,esm2_650m,Pure_XGBoost_Concat,0.7816,0.5825,0.6966,0.8134,0.6344,0.4844,0.8418,0.7092,OURS
Train3Val_Test,cls,dna_prot_spliceai,nt_v2_500m,esm2_650m,PyTorch_CrossAttn,0.8064,0.6792,0.5464,0.9035,0.6056,0.4843,0.7968,0.6649,OURS
Train3Val_Test,cls,dna_prot_spliceai,nt_v2_500m,esm2_650m,PyTorch_Gating,0.8015,0.6499,0.5856,0.8821,0.6161,0.4839,0.8088,0.682,OURS
Train3Val_Test,cls,dna_prot,nt_v3_650m,esm2_650m,Hybrid_Concat_XGBoost,0.7872,0.5984,0.6622,0.8339,0.6287,0.4813,0.8355,0.7012,OURS
Train3Val_Test,cls,dna_prot,nt_v2_500m,esm2_650m,Hybrid_Concat_XGBoost,0.7854,0.5941,0.6665,0.8298,0.6282,0.4796,0.8285,0.6976,OURS
Train3Val_Test,cls,dna_prot,nt_v2_500m,esm2_650m,PyTorch_Concat,0.7961,0.6304,0.6049,0.8675,0.6174,0.4787,0.8125,0.6871,OURS
Train3Val_Test,cls,dna_prot_spliceai,nt_v2_500m,esm2_650m,Hybrid_Concat_XGBoost,0.7867,0.5984,0.6568,0.8352,0.6262,0.4785,0.8243,0.6933,OURS
Train3Val_Test,cls,dna_prot_spliceai,nt_v2_500m,esm2_650m,PyTorch_Transformer,0.789,0.6067,0.6381,0.8454,0.622,0.4761,0.8158,0.6937,OURS
Train3Val_Test,cls,dna_prot,nt_v1_500m,esm2_650m,Hybrid_Gating_XGBoost,0.7844,0.5931,0.661,0.8305,0.6252,0.4759,0.8246,0.695,OURS
Train3Val_Test,cls,dna_prot,nt_v1_500m,esm2_650m,Hybrid_Transformer_XGBoost,0.7826,0.5889,0.6653,0.8265,0.6248,0.4743,0.822,0.6858,OURS
Train3Val_Test,cls,dna_prot,nt_v1_500m,esm2_650m,Hybrid_Concat_XGBoost,0.7805,0.5838,0.6725,0.8208,0.625,0.4733,0.8258,0.689,OURS
Train3Val_Test,cls,dna_prot_spliceai,nt_v3_650m,esm2_650m,Hybrid_Transformer_XGBoost,0.7846,0.5948,0.6526,0.8339,0.6224,0.4731,0.824,0.6862,OURS
Train3Val_Test,cls,dna_prot,nt_v2_500m,esm2_650m,Hybrid_CrossAttn_XGBoost,0.7847,0.5954,0.6514,0.8346,0.6221,0.473,0.8161,0.6821,OURS
Train3Val_Test,cls,dna_prot_spliceai,nt_v3_650m,esm2_650m,Hybrid_CrossAttn_XGBoost,0.7839,0.5931,0.655,0.8321,0.6225,0.4728,0.8229,0.6874,OURS
Train3Val_Test,cls,dna_prot_spliceai,nt_v2_500m,esm2_650m,Hybrid_Transformer_XGBoost,0.7852,0.5972,0.6466,0.8371,0.6209,0.4721,0.812,0.6838,OURS
Train3Val_Test,cls,dna_prot,nt_v3_650m,esm2_650m,Hybrid_Gating_XGBoost,0.7823,0.589,0.6604,0.8278,0.6227,0.4719,0.8212,0.6872,OURS
Train3Val_Test,cls,dna_prot_spliceai,nt_v1_500m,esm2_650m,Hybrid_Transformer_XGBoost,0.7834,0.5923,0.6538,0.8319,0.6216,0.4715,0.8182,0.6854,OURS
Train3Val_Test,cls,dna_prot_spliceai,nt_v1_500m,esm2_650m,Hybrid_Concat_XGBoost,0.7798,0.5831,0.6689,0.8213,0.623,0.4708,0.8238,0.6942,OURS
Train3Val_Test,cls,dna_prot_spliceai,nt_v3_650m,esm2_650m,Hybrid_Gating_XGBoost,0.7821,0.5907,0.6484,0.8321,0.6182,0.4672,0.8142,0.685,OURS
Train3Val_Test,cls,dna_prot_spliceai,nt_v1_500m,esm2_650m,Hybrid_Gating_XGBoost,0.7798,0.5847,0.658,0.8253,0.6192,0.4667,0.8146,0.6838,OURS
Train3Val_Test,cls,dna_prot,nt_v2_500m,esm2_650m,Hybrid_Transformer_XGBoost,0.7831,0.5938,0.6417,0.8359,0.6168,0.4666,0.8113,0.6787,OURS
Train3Val_Test,cls,dna_prot_spliceai,nt_v2_500m,esm2_650m,Hybrid_CrossAttn_XGBoost,0.7826,0.5927,0.6423,0.835,0.6165,0.4659,0.8133,0.6833,OURS
Train3Val_Test,cls,dna_prot,nt_v2_500m,esm2_650m,PyTorch_Gating,0.7798,0.5857,0.6514,0.8278,0.6168,0.4642,0.8081,0.6754,OURS
Train3Val_Test,cls,dna_geom_prot,nt_v2_500m,esm1b_650m,Hybrid_Concat_XGBoost,0.7987,0.6693,0.5139,0.9051,0.5814,0.4587,0.8079,0.6426,OURS
Train3Val_Test,cls,dna_prot_spliceai,nt_v1_500m,esm2_650m,Hybrid_CrossAttn_XGBoost,0.778,0.584,0.6393,0.8298,0.6104,0.4566,0.8116,0.6799,OURS
Train3Val_Test,cls,dna_geom,nt_v2_500m,esm1b_650m,PyTorch_Concat,0.7211,0.4925,0.8311,0.68,0.6185,0.4564,0.8494,0.7227,OURS
Train3Val_Test,cls,dna_prot_spliceai,nt_v2_500m,esm2_650m,Hybrid_Gating_XGBoost,0.7762,0.58,0.6429,0.826,0.6098,0.4547,0.8073,0.6686,OURS
Train3Val_Test,cls,dna_prot,nt_v1_500m,esm2_650m,Hybrid_CrossAttn_XGBoost,0.7747,0.5769,0.6448,0.8233,0.6089,0.4528,0.8141,0.6796,OURS
Train3Val_Test,mean,dna_geom_prot,nt_v2_500m,esm1b_650m,Hybrid_Gating_XGBoost,0.7298,0.5021,0.7961,0.705,0.6158,0.4503,0.8335,0.6648,OURS
Train3Val_Test,cls,dna_prot,nt_v2_500m,esm2_650m,Hybrid_Gating_XGBoost,0.7752,0.5793,0.6345,0.8278,0.6056,0.4498,0.804,0.6675,OURS
Train3Val_Test,mean,bio_geom,nt_v2_500m,esm1b_650m,Hybrid_Concat_XGBoost,0.8008,0.8491,0.3257,0.9784,0.4708,0.4426,0.8865,0.7429,OURS
Train3Val_Test,center,dna_spliceai,nt_v3_650m,,PyTorch_Concat,0.7733,0.5797,0.6055,0.8359,0.5923,0.4356,0.7842,0.625,OURS
Train3Val_Test,center,dna_spliceai,nt_v3_650m,,Pure_XGBoost_Concat,0.7544,0.5392,0.6671,0.787,0.5964,0.4276,0.8053,0.6429,OURS
Train3Val_Test,mean,dna_geom,nt_v2_500m,esm1b_650m,Hybrid_Concat_XGBoost,0.7047,0.4746,0.7992,0.6694,0.5955,0.4185,0.7669,0.5324,OURS
Train3Val_Test,center,dna_spliceai,nt_v3_650m,,Hybrid_Concat_XGBoost,0.7216,0.4907,0.6206,0.7593,0.5481,0.3559,0.7604,0.5987,OURS
Train3Val_Test,mean,dna_spliceai,nt_v3_650m,,Pure_XGBoost_Concat,0.7073,0.4722,0.646,0.7302,0.5456,0.3463,0.7562,0.5569,OURS
Train3Val_Test,mean,dna_spliceai,nt_v3_650m,,PyTorch_Concat,0.7168,0.483,0.5832,0.7667,0.5284,0.3316,0.7409,0.5647,OURS
Train3Val_Test,center,geom,nt_v1_500m,esmc_600m,Hybrid_Concat_XGBoost,0.5278,0.3585,0.9324,0.3766,0.5179,0.3023,0.8218,0.646,OURS
Train3Val_Test,mean,dna_geom_prot,nt_v2_500m,esm1b_650m,Hybrid_Transformer_XGBoost,0.5099,0.3429,0.8752,0.3735,0.4928,0.2401,0.8021,0.6279,OURS
Train3Val_Test,mean,dna_spliceai,nt_v3_650m,,Hybrid_Concat_XGBoost,0.6581,0.3971,0.4958,0.7187,0.441,0.2016,0.646,0.4688,OURS
Train3Val_Test,mean,dna_spliceai,nt_v2_500m,,PyTorch_Concat,0.6271,0.3666,0.5097,0.6709,0.4264,0.1657,0.6294,0.3762,OURS
Train3Val_Test,mean,dna,nt_v2_500m,,PyTorch_Concat,0.5516,0.3367,0.6683,0.508,0.4478,0.1574,0.6229,0.3688,OURS
Train3Val_Test,mean,dna,nt_v2_500m,,PyTorch_Concat,0.5516,0.3367,0.6683,0.508,0.4478,0.1574,0.6229,0.3688,OURS
Train3Val_Test,mean,dna,nt_v2_500m,,PyTorch_Concat,0.5516,0.3367,0.6683,0.508,0.4478,0.1574,0.6229,0.3688,OURS
Train3Val_Test,mean,dna,nt_v2_500m,,PyTorch_Concat,0.5516,0.3367,0.6683,0.508,0.4478,0.1574,0.6229,0.3688,OURS
Train3Val_Test,mean,dna,nt_v2_500m,,PyTorch_Concat,0.5516,0.3367,0.6683,0.508,0.4478,0.1574,0.6229,0.3688,OURS
Train3Val_Test,center,dna_spliceai,nt_v2_500m,,PyTorch_Concat,0.579,0.3433,0.6001,0.5711,0.4368,0.1526,0.6202,0.3753,OURS
Train3Val_Test,cls,dna_geom,nt_v2_500m,esm1b_650m,Hybrid_Concat_XGBoost,0.7363,0.9474,0.0326,0.9993,0.063,0.1475,0.6779,0.5216,OURS
Train3Val_Test,center,dna_spliceai,nt_v2_500m,,Pure_XGBoost_Concat,0.5918,0.3435,0.5495,0.6076,0.4227,0.141,0.6072,0.3631,OURS
Train3Val_Test,center,dna_spliceai,nt_v2_500m,,Hybrid_Concat_XGBoost,0.5805,0.3356,0.5537,0.5905,0.4179,0.129,0.6021,0.353,OURS
Train3Val_Test,cls,dna_geom_prot,nt_v2_500m,esm1b_650m,Hybrid_Gating_XGBoost,0.6884,0.3923,0.2648,0.8467,0.3162,0.1282,0.7456,0.508,OURS
Train3Val_Test,mean,dna_spliceai,nt_v1_500m,,PyTorch_Concat,0.6002,0.3349,0.4765,0.6464,0.3933,0.1122,0.5876,0.3421,OURS
Train3Val_Test,mean,dna_spliceai,nt_v2_500m,,Hybrid_Concat_XGBoost,0.5767,0.3279,0.5296,0.5943,0.405,0.1111,0.581,0.3363,OURS
Train3Val_Test,cls,dna_spliceai,nt_v3_650m,,Pure_XGBoost_Concat,0.6041,0.33,0.4421,0.6646,0.3779,0.0987,0.581,0.3361,OURS
Train3Val_Test,center,dna_spliceai,nt_v1_500m,,PyTorch_Concat,0.5649,0.317,0.5193,0.5819,0.3937,0.0906,0.5774,0.3282,OURS
Train3Val_Test,cls,dna_spliceai,nt_v3_650m,,PyTorch_Concat,0.5815,0.3205,0.4807,0.6191,0.3846,0.0904,0.5613,0.3083,OURS
Train3Val_Test,center,dna,nt_v1_500m,,PyTorch_Concat,0.5526,0.3124,0.5368,0.5585,0.3949,0.085,0.5703,0.3222,OURS
Train3Val_Test,center,dna,nt_v1_500m,,PyTorch_Concat,0.5526,0.3124,0.5368,0.5585,0.3949,0.085,0.5703,0.3222,OURS
Train3Val_Test,center,dna,nt_v1_500m,,PyTorch_Concat,0.5526,0.3124,0.5368,0.5585,0.3949,0.085,0.5703,0.3222,OURS
Train3Val_Test,center,dna,nt_v1_500m,,PyTorch_Concat,0.5526,0.3124,0.5368,0.5585,0.3949,0.085,0.5703,0.3222,OURS
Train3Val_Test,center,dna,nt_v1_500m,,PyTorch_Concat,0.5526,0.3124,0.5368,0.5585,0.3949,0.085,0.5703,0.3222,OURS
Train3Val_Test,mean,dna_spliceai,nt_v1_500m,,Pure_XGBoost_Concat,0.5739,0.3152,0.4831,0.6078,0.3815,0.0821,0.5646,0.3294,OURS
Train3Val_Test,cls,dna_spliceai,nt_v3_650m,,Hybrid_Concat_XGBoost,0.5959,0.3186,0.4264,0.6592,0.3647,0.0792,0.5557,0.3223,OURS
Train3Val_Test,center,dna_spliceai,nt_v1_500m,,Pure_XGBoost_Concat,0.56,0.3108,0.5072,0.5797,0.3854,0.0778,0.5695,0.3267,OURS
Train3Val_Test,cls,dna_spliceai,nt_v2_500m,,Pure_XGBoost_Concat,0.5947,0.3168,0.4234,0.6588,0.3624,0.076,0.555,0.3234,OURS
Train3Val_Test,mean,dna_spliceai,nt_v1_500m,,Hybrid_Concat_XGBoost,0.5573,0.3094,0.509,0.5754,0.3849,0.0756,0.5627,0.3262,OURS
Train3Val_Test,mean,dna_spliceai,nt_v2_500m,,Pure_XGBoost_Concat,0.5687,0.3101,0.4783,0.6024,0.3763,0.0728,0.5697,0.3338,OURS
Train3Val_Test,center,dna,nt_v1_500m,,Pure_XGBoost_Concat,0.5372,0.3032,0.5404,0.5359,0.3885,0.068,0.5577,0.309,OURS
Train3Val_Test,center,dna,nt_v1_500m,,Pure_XGBoost_Concat,0.5372,0.3032,0.5404,0.5359,0.3885,0.068,0.5577,0.309,OURS
Train3Val_Test,center,dna,nt_v1_500m,,Pure_XGBoost_Concat,0.5372,0.3032,0.5404,0.5359,0.3885,0.068,0.5577,0.309,OURS
Train3Val_Test,center,dna,nt_v1_500m,,Pure_XGBoost_Concat,0.5372,0.3032,0.5404,0.5359,0.3885,0.068,0.5577,0.309,OURS
Train3Val_Test,center,dna,nt_v1_500m,,Pure_XGBoost_Concat,0.5372,0.3032,0.5404,0.5359,0.3885,0.068,0.5577,0.309,OURS
Train3Val_Test,mean,dna,nt_v2_500m,,Hybrid_Concat_XGBoost,0.5444,0.3032,0.5199,0.5535,0.383,0.0655,0.5572,0.316,OURS
Train3Val_Test,mean,dna,nt_v2_500m,,Hybrid_Concat_XGBoost,0.5444,0.3032,0.5199,0.5535,0.383,0.0655,0.5572,0.316,OURS
Train3Val_Test,mean,dna,nt_v2_500m,,Hybrid_Concat_XGBoost,0.5444,0.3032,0.5199,0.5535,0.383,0.0655,0.5572,0.316,OURS
Train3Val_Test,mean,dna,nt_v2_500m,,Hybrid_Concat_XGBoost,0.5444,0.3032,0.5199,0.5535,0.383,0.0655,0.5572,0.316,OURS
Train3Val_Test,mean,dna,nt_v2_500m,,Hybrid_Concat_XGBoost,0.5444,0.3032,0.5199,0.5535,0.383,0.0655,0.5572,0.316,OURS
Train3Val_Test,cls,dna_spliceai,nt_v1_500m,,Pure_XGBoost_Concat,0.5614,0.3043,0.4759,0.5934,0.3712,0.0624,0.5454,0.3134,OURS
Train3Val_Test,cls,dna_spliceai,nt_v1_500m,,PyTorch_Concat,0.6328,0.3174,0.304,0.7557,0.3105,0.0605,0.5416,0.3081,OURS
Train3Val_Test,cls,dna_spliceai,nt_v2_500m,,Hybrid_Concat_XGBoost,0.5657,0.3008,0.4505,0.6087,0.3608,0.0537,0.5383,0.3084,OURS
Train3Val_Test,center,dna_spliceai,nt_v1_500m,,Hybrid_Concat_XGBoost,0.539,0.2965,0.506,0.5513,0.3739,0.0511,0.5446,0.3046,OURS
Train3Val_Test,mean,dna,nt_v2_500m,,Pure_XGBoost_Concat,0.547,0.2973,0.4879,0.5691,0.3695,0.051,0.5475,0.3101,OURS
Train3Val_Test,mean,dna,nt_v2_500m,,Pure_XGBoost_Concat,0.547,0.2973,0.4879,0.5691,0.3695,0.051,0.5475,0.3101,OURS
Train3Val_Test,mean,dna,nt_v2_500m,,Pure_XGBoost_Concat,0.547,0.2973,0.4879,0.5691,0.3695,0.051,0.5475,0.3101,OURS
Train3Val_Test,mean,dna,nt_v2_500m,,Pure_XGBoost_Concat,0.547,0.2973,0.4879,0.5691,0.3695,0.051,0.5475,0.3101,OURS
Train3Val_Test,mean,dna,nt_v2_500m,,Pure_XGBoost_Concat,0.547,0.2973,0.4879,0.5691,0.3695,0.051,0.5475,0.3101,OURS
Train3Val_Test,cls,dna_spliceai,nt_v2_500m,,PyTorch_Concat,0.5117,0.2926,0.5609,0.4934,0.3846,0.0483,0.5326,0.2972,OURS
Train3Val_Test,cls,dna,nt_v2_500m,,Pure_XGBoost_Concat,0.5657,0.2973,0.4373,0.6137,0.3539,0.0463,0.5273,0.3024,OURS
Train3Val_Test,cls,dna,nt_v2_500m,,Pure_XGBoost_Concat,0.5657,0.2973,0.4373,0.6137,0.3539,0.0463,0.5273,0.3024,OURS
Train3Val_Test,cls,dna,nt_v2_500m,,Pure_XGBoost_Concat,0.5657,0.2973,0.4373,0.6137,0.3539,0.0463,0.5273,0.3024,OURS
Train3Val_Test,cls,dna,nt_v2_500m,,Pure_XGBoost_Concat,0.5657,0.2973,0.4373,0.6137,0.3539,0.0463,0.5273,0.3024,OURS
Train3Val_Test,cls,dna,nt_v2_500m,,Pure_XGBoost_Concat,0.5657,0.2973,0.4373,0.6137,0.3539,0.0463,0.5273,0.3024,OURS
Train3Val_Test,center,dna,nt_v1_500m,,Hybrid_Concat_XGBoost,0.5272,0.2925,0.5205,0.5296,0.3746,0.0447,0.5396,0.2996,OURS
Train3Val_Test,center,dna,nt_v1_500m,,Hybrid_Concat_XGBoost,0.5272,0.2925,0.5205,0.5296,0.3746,0.0447,0.5396,0.2996,OURS
Train3Val_Test,center,dna,nt_v1_500m,,Hybrid_Concat_XGBoost,0.5272,0.2925,0.5205,0.5296,0.3746,0.0447,0.5396,0.2996,OURS
Train3Val_Test,center,dna,nt_v1_500m,,Hybrid_Concat_XGBoost,0.5272,0.2925,0.5205,0.5296,0.3746,0.0447,0.5396,0.2996,OURS
Train3Val_Test,center,dna,nt_v1_500m,,Hybrid_Concat_XGBoost,0.5272,0.2925,0.5205,0.5296,0.3746,0.0447,0.5396,0.2996,OURS
Train3Val_Test,cls,dna,nt_v2_500m,,PyTorch_Concat,0.5975,0.2987,0.3559,0.6879,0.3248,0.0416,0.5235,0.29,OURS
Train3Val_Test,cls,dna,nt_v2_500m,,PyTorch_Concat,0.5975,0.2987,0.3559,0.6879,0.3248,0.0416,0.5235,0.29,OURS
Train3Val_Test,cls,dna,nt_v2_500m,,PyTorch_Concat,0.5975,0.2987,0.3559,0.6879,0.3248,0.0416,0.5235,0.29,OURS
Train3Val_Test,cls,dna,nt_v2_500m,,PyTorch_Concat,0.5975,0.2987,0.3559,0.6879,0.3248,0.0416,0.5235,0.29,OURS
Train3Val_Test,cls,dna,nt_v2_500m,,PyTorch_Concat,0.5975,0.2987,0.3559,0.6879,0.3248,0.0416,0.5235,0.29,OURS
Train3Val_Test,cls,dna,nt_v2_500m,,Hybrid_Concat_XGBoost,0.5541,0.2888,0.4373,0.5977,0.3479,0.0316,0.5255,0.2883,OURS
Train3Val_Test,cls,dna,nt_v2_500m,,Hybrid_Concat_XGBoost,0.5541,0.2888,0.4373,0.5977,0.3479,0.0316,0.5255,0.2883,OURS
Train3Val_Test,cls,dna,nt_v2_500m,,Hybrid_Concat_XGBoost,0.5541,0.2888,0.4373,0.5977,0.3479,0.0316,0.5255,0.2883,OURS
Train3Val_Test,cls,dna,nt_v2_500m,,Hybrid_Concat_XGBoost,0.5541,0.2888,0.4373,0.5977,0.3479,0.0316,0.5255,0.2883,OURS
Train3Val_Test,cls,dna,nt_v2_500m,,Hybrid_Concat_XGBoost,0.5541,0.2888,0.4373,0.5977,0.3479,0.0316,0.5255,0.2883,OURS
Train3Val_Test,cls,dna_spliceai,nt_v1_500m,,Hybrid_Concat_XGBoost,0.5324,0.2865,0.4825,0.551,0.3596,0.03,0.5302,0.2984,OURS
Train3Val_Test,mean,dna_geom_prot,nt_v2_500m,esm1b_650m,Hybrid_Concat_XGBoost,0.273,0.2723,1.0,0.0014,0.428,0.0192,0.5933,0.3318,OURS
Train3Val_Test,cls,dna_geom_prot,nt_v2_500m,esm1b_650m,Hybrid_CrossAttn_XGBoost,0.3058,0.2733,0.9355,0.0705,0.423,0.0106,0.7318,0.5592,OURS
Train3Val_Test,cls,geom,nt_v2_500m,esm1b_650m,Hybrid_Concat_XGBoost,0.3429,0.2722,0.8456,0.1551,0.4118,0.0008,0.509,0.2828,OURS
Train3Val_UniProt,center,bio_geom_prot,nt_v1_500m,esmc_600m,PyTorch_Concat,0.7457,0.7677,0.7018,0.7892,0.7333,0.493,0.8057,0.7969,OURS
Train3Val_UniProt,center,bio_dna_geom_prot,nt_v1_500m,esmc_600m,Hybrid_Gating_XGBoost,0.7412,0.7895,0.6551,0.8266,0.716,0.4891,0.7872,0.7791,OURS
Train3Val_UniProt,mean,bio_core_dna_prot_spliceai,nt_v3_650m,esm1b_650m,PyTorch_Transformer,0.7412,0.7488,0.7229,0.7593,0.7356,0.4826,0.7905,0.7765,OURS
Train3Val_UniProt,center,prot_spliceai,,esmc_600m,PyTorch_Concat,0.7367,0.778,0.6596,0.8132,0.7139,0.4786,0.7802,0.7793,OURS
Train3Val_UniProt,mean,bio_geom_prot,nt_v2_500m,esm1b_650m,PyTorch_Concat,0.7389,0.7297,0.756,0.722,0.7426,0.4782,0.79,0.7794,OURS
Train3Val_UniProt,center,bio_core_dna_prot_spliceai,nt_v3_650m,esm1b_650m,PyTorch_Transformer,0.7389,0.7351,0.744,0.7339,0.7395,0.4779,0.7896,0.7774,OURS
Train3Val_UniProt,center,bio_geom_prot,nt_v1_500m,esmc_600m,Pure_XGBoost_Concat,0.7337,0.703,0.8057,0.6622,0.7509,0.4727,0.7977,0.7858,OURS
Train3Val_UniProt,center,bio_core_dna_prot_spliceai,nt_v1_500m,esmc_600m,PyTorch_Transformer,0.7359,0.7222,0.7636,0.7085,0.7423,0.4727,0.785,0.7778,OURS
Train3Val_UniProt,center,bio_dna_prot,nt_v1_500m,esmc_600m,Hybrid_Gating_XGBoost,0.7337,0.7074,0.7937,0.6741,0.748,0.4711,0.7953,0.7882,OURS
Train3Val_UniProt,center,bio_core_dna_prot_spliceai,nt_v3_650m,esm1b_650m,PyTorch_Concat,0.7344,0.7189,0.7666,0.7025,0.742,0.47,0.7836,0.7705,OURS
Train3Val_UniProt,center,bio_dna_geom_prot,nt_v1_500m,esmc_600m,Hybrid_CrossAttn_XGBoost,0.7337,0.7185,0.7651,0.7025,0.7411,0.4685,0.7963,0.7904,OURS
Train3Val_UniProt,mean,bio_core_dna_prot_spliceai,nt_v2_500m,esm1b_650m,PyTorch_CrossAttn,0.7337,0.7217,0.7575,0.71,0.7392,0.468,0.7877,0.7793,OURS
Train3Val_UniProt,center,dna_prot_spliceai,nt_v3_650m,esmc_600m,PyTorch_Gating,0.7314,0.7675,0.6611,0.8012,0.7104,0.4671,0.7773,0.7733,OURS
Train3Val_UniProt,center,bio_dna_geom_prot,nt_v1_500m,esmc_600m,PyTorch_CrossAttn,0.7329,0.7175,0.7651,0.701,0.7405,0.467,0.7947,0.7853,OURS
Train3Val_UniProt,center,bio_dna_geom_prot,nt_v1_500m,esmc_600m,Hybrid_Concat_XGBoost,0.7314,0.7638,0.6672,0.7952,0.7122,0.4663,0.7984,0.7927,OURS
Train3Val_UniProt,center,bio_core_dna_prot_spliceai,nt_v3_650m,esmc_600m,PyTorch_CrossAttn,0.7329,0.7406,0.7139,0.7519,0.727,0.4661,0.7914,0.7825,OURS
Train3Val_UniProt,center,dna_prot,nt_v1_500m,esmc_600m,PyTorch_Gating,0.7292,0.779,0.637,0.8206,0.7009,0.4657,0.7687,0.7743,OURS
Train3Val_UniProt,center,bio_core_dna_prot_spliceai,nt_v2_500m,esm2_650m,PyTorch_CrossAttn,0.7322,0.7171,0.7636,0.701,0.7396,0.4655,0.7868,0.7667,OURS
Train3Val_UniProt,center,dna_prot_spliceai,nt_v2_500m,esmc_600m,PyTorch_CrossAttn,0.7307,0.7661,0.6611,0.7997,0.7098,0.4654,0.7727,0.7717,OURS
Train3Val_UniProt,center,bio_dna_geom_prot,nt_v1_500m,esmc_600m,PyTorch_Gating,0.7314,0.7567,0.6792,0.7833,0.7159,0.4651,0.7914,0.7837,OURS
Train3Val_UniProt,center,bio_core_dna_prot_spliceai,nt_v1_500m,esmc_600m,PyTorch_Concat,0.7322,0.7196,0.7575,0.707,0.7381,0.4651,0.788,0.7831,OURS
Train3Val_UniProt,center,bio_core_dna_prot_spliceai,nt_v2_500m,esmc_600m,PyTorch_Gating,0.7307,0.7052,0.7892,0.6726,0.7448,0.4649,0.7949,0.7858,OURS
Train3Val_UniProt,center,bio_core_dna_prot_spliceai,nt_v3_650m,esm1v_650m,PyTorch_CrossAttn,0.7322,0.7267,0.741,0.7235,0.7338,0.4645,0.7884,0.7771,OURS
Train3Val_UniProt,center,bio_core_prot_spliceai,,esm2_650m,PyTorch_Concat,0.7314,0.7161,0.7636,0.6996,0.7391,0.464,0.7927,0.7831,OURS
Train3Val_UniProt,center,bio_core_dna_prot_spliceai,nt_v2_500m,esm2_650m,PyTorch_Gating,0.7314,0.7167,0.762,0.701,0.7387,0.4639,0.7966,0.7805,OURS
Train3Val_UniProt,center,dna_prot_spliceai,nt_v3_650m,esm2_650m,PyTorch_Transformer,0.7314,0.7468,0.6973,0.7653,0.7212,0.4637,0.7769,0.7571,OURS
Train3Val_UniProt,center,bio_core_dna_prot_spliceai,nt_v1_500m,esmc_600m,PyTorch_CrossAttn,0.7314,0.7332,0.7244,0.7384,0.7288,0.4629,0.7868,0.7766,OURS
Train3Val_UniProt,mean,bio_dna_prot,nt_v2_500m,esm1b_650m,PyTorch_Transformer,0.7307,0.7472,0.6943,0.7668,0.7198,0.4624,0.7913,0.7719,OURS
Train3Val_UniProt,mean,bio_prot,,esm1b_650m,PyTorch_Concat,0.7307,0.7175,0.7575,0.704,0.737,0.4622,0.7844,0.7697,OURS
Train3Val_UniProt,mean,bio_prot,,esm1b_650m,PyTorch_Concat,0.7307,0.7175,0.7575,0.704,0.737,0.4622,0.7844,0.7697,OURS
Train3Val_UniProt,mean,bio_prot,,esm1b_650m,PyTorch_Concat,0.7307,0.7175,0.7575,0.704,0.737,0.4622,0.7844,0.7697,OURS
Train3Val_UniProt,center,dna_prot,nt_v3_650m,esm2_650m,Pure_XGBoost_Concat,0.7307,0.7364,0.7154,0.7459,0.7257,0.4615,0.7803,0.77,OURS
Train3Val_UniProt,center,bio_dna_geom_prot,nt_v1_500m,esmc_600m,PyTorch_Transformer,0.7262,0.7826,0.6235,0.8281,0.694,0.4615,0.7915,0.7831,OURS
Train3Val_UniProt,center,prot_spliceai,,esm2_650m,Hybrid_Concat_XGBoost,0.7307,0.7266,0.7364,0.725,0.7315,0.4614,0.7747,0.7736,OURS
Train3Val_UniProt,center,bio_core_dna_prot_spliceai,nt_v1_500m,esmc_600m,Pure_XGBoost_Concat,0.7277,0.6962,0.8042,0.6517,0.7463,0.4612,0.7879,0.7777,OURS
Train3Val_UniProt,center,bio_core_dna_prot_spliceai,nt_v2_500m,esmc_600m,Hybrid_CrossAttn_XGBoost,0.7284,0.7008,0.7937,0.6637,0.7444,0.4612,0.7843,0.7722,OURS
Train3Val_UniProt,cls,bio_dna_geom_prot,nt_v2_500m,esm1b_650m,Pure_XGBoost_Concat,0.7277,0.6983,0.7982,0.6577,0.7449,0.4603,0.7846,0.7703,OURS
Train3Val_UniProt,mean,dna_prot,nt_v2_500m,esm1b_650m,Pure_XGBoost_Concat,0.7299,0.7255,0.7364,0.7235,0.7309,0.4599,0.778,0.7487,OURS
Train3Val_UniProt,center,bio_core_dna_prot_spliceai,nt_v2_500m,esm1b_650m,Hybrid_Gating_XGBoost,0.7277,0.7009,0.7907,0.6652,0.7431,0.4594,0.7902,0.7781,OURS
Train3Val_UniProt,center,dna_prot_spliceai,nt_v3_650m,esm1b_650m,PyTorch_CrossAttn,0.7292,0.7424,0.6988,0.7593,0.7199,0.459,0.7858,0.7774,OURS
Train3Val_UniProt,center,bio_core_dna_prot_spliceai,nt_v2_500m,esm2_650m,Hybrid_CrossAttn_XGBoost,0.7269,0.6979,0.7967,0.6577,0.744,0.4587,0.7908,0.7666,OURS
Train3Val_UniProt,center,bio_dna_prot,nt_v1_500m,esmc_600m,PyTorch_CrossAttn,0.7292,0.7231,0.7395,0.719,0.7312,0.4585,0.7897,0.7811,OURS
Train3Val_UniProt,center,dna_prot_spliceai,nt_v2_500m,esm2_650m,PyTorch_Gating,0.7292,0.7244,0.7364,0.722,0.7304,0.4585,0.7779,0.7689,OURS
Train3Val_UniProt,center,dna_prot,nt_v2_500m,esmc_600m,Hybrid_Concat_XGBoost,0.7292,0.732,0.7199,0.7384,0.7259,0.4584,0.7839,0.781,OURS
Train3Val_UniProt,center,bio_core_dna_prot_spliceai,nt_v2_500m,esm1b_650m,PyTorch_Transformer,0.7284,0.7151,0.756,0.701,0.735,0.4577,0.7893,0.7813,OURS
Train3Val_UniProt,center,dna_prot_spliceai,nt_v2_500m,esmc_600m,PyTorch_Transformer,0.7269,0.7595,0.6611,0.7922,0.7069,0.4574,0.7717,0.7736,OURS
Train3Val_UniProt,mean,dna_prot_spliceai,nt_v1_500m,esm1b_650m,PyTorch_Transformer,0.7269,0.7586,0.6627,0.7907,0.7074,0.4572,0.7869,0.7697,OURS
Train3Val_UniProt,center,dna_prot_spliceai,nt_v3_650m,esmc_600m,PyTorch_CrossAttn,0.7284,0.7359,0.7093,0.7474,0.7224,0.4571,0.7862,0.786,OURS
Train3Val_UniProt,center,bio_core_dna_prot,nt_v1_500m,esm1v_650m,PyTorch_CrossAttn,0.7277,0.7093,0.7681,0.6876,0.7375,0.4571,0.7855,0.7711,OURS
Train3Val_UniProt,mean,prot_spliceai,,esm1b_650m,PyTorch_Concat,0.7277,0.7488,0.6822,0.7728,0.7139,0.457,0.7853,0.7688,OURS
Train3Val_UniProt,mean,dna_prot,nt_v2_500m,esm1b_650m,Hybrid_Transformer_XGBoost,0.7284,0.733,0.7154,0.7414,0.7241,0.4569,0.7753,0.751,OURS
Train3Val_UniProt,mean,prot_spliceai,,esm1b_650m,Pure_XGBoost_Concat,0.7284,0.7247,0.7334,0.7235,0.729,0.4569,0.7829,0.7666,OURS
Train3Val_UniProt,center,bio_core_dna_prot_spliceai,nt_v2_500m,esmc_600m,PyTorch_CrossAttn,0.7269,0.7038,0.7801,0.6741,0.74,0.4567,0.7876,0.7797,OURS
Train3Val_UniProt,center,dna_prot,nt_v3_650m,esmc_600m,PyTorch_CrossAttn,0.7247,0.7735,0.6325,0.8161,0.6959,0.4566,0.7741,0.7773,OURS
Train3Val_UniProt,center,bio_core_dna_prot,nt_v2_500m,esm1v_650m,Hybrid_Gating_XGBoost,0.7262,0.6991,0.7907,0.6622,0.742,0.4565,0.7898,0.7796,OURS
Train3Val_UniProt,center,dna_prot,nt_v3_650m,esm2_650m,PyTorch_Transformer,0.7254,0.7661,0.6461,0.8042,0.701,0.4561,0.7766,0.7706,OURS
Train3Val_UniProt,center,bio_prot,,esmc_600m,Hybrid_Concat_XGBoost,0.7254,0.6955,0.7982,0.6532,0.7433,0.4561,0.7948,0.792,OURS
Train3Val_UniProt,center,bio_prot,,esmc_600m,Hybrid_Concat_XGBoost,0.7254,0.6955,0.7982,0.6532,0.7433,0.4561,0.7948,0.792,OURS
Train3Val_UniProt,center,bio_prot,,esmc_600m,Hybrid_Concat_XGBoost,0.7254,0.6955,0.7982,0.6532,0.7433,0.4561,0.7948,0.792,OURS
Train3Val_UniProt,center,dna_prot,nt_v3_650m,esmc_600m,PyTorch_Transformer,0.7232,0.781,0.6175,0.8281,0.6897,0.456,0.7789,0.7793,OURS
Train3Val_UniProt,center,dna_prot,nt_v2_500m,esm1b_650m,PyTorch_CrossAttn,0.7277,0.7408,0.6973,0.7578,0.7184,0.456,0.7778,0.7625,OURS
Train3Val_UniProt,center,dna_prot_spliceai,nt_v3_650m,esm2_650m,PyTorch_CrossAttn,0.7269,0.7508,0.6762,0.7773,0.7116,0.4559,0.7814,0.7679,OURS
Train3Val_UniProt,mean,dna_prot_spliceai,nt_v1_500m,esm1b_650m,PyTorch_CrossAttn,0.7277,0.7355,0.7078,0.7474,0.7214,0.4556,0.7799,0.7554,OURS
Train3Val_UniProt,center,dna_prot,nt_v3_650m,esmc_600m,Hybrid_Transformer_XGBoost,0.7277,0.725,0.7304,0.725,0.7277,0.4554,0.7786,0.779,OURS
Train3Val_UniProt,center,bio_core_dna_prot_spliceai,nt_v3_650m,esmc_600m,PyTorch_Transformer,0.7277,0.727,0.7259,0.7294,0.7265,0.4554,0.7905,0.7789,OURS
Train3Val_UniProt,center,bio_core_dna_prot,nt_v3_650m,esm1v_650m,PyTorch_Concat,0.7269,0.7095,0.7651,0.6891,0.7362,0.4554,0.7844,0.776,OURS
Train3Val_UniProt,mean,bio_core_dna_prot_spliceai,nt_v2_500m,esm1b_650m,PyTorch_Transformer,0.7277,0.7236,0.7334,0.722,0.7285,0.4554,0.7822,0.7671,OURS
Train3Val_UniProt,center,bio_prot,,esmc_600m,PyTorch_Concat,0.7262,0.7034,0.7786,0.6741,0.7391,0.4552,0.7884,0.7799,OURS
Train3Val_UniProt,center,bio_prot,,esmc_600m,PyTorch_Concat,0.7262,0.7034,0.7786,0.6741,0.7391,0.4552,0.7884,0.7799,OURS
Train3Val_UniProt,center,bio_prot,,esmc_600m,PyTorch_Concat,0.7262,0.7034,0.7786,0.6741,0.7391,0.4552,0.7884,0.7799,OURS
Train3Val_UniProt,center,bio_core_dna_prot_spliceai,nt_v1_500m,esm1v_650m,Pure_XGBoost_Concat,0.7247,0.6936,0.8012,0.6487,0.7435,0.4551,0.7848,0.7718,OURS
Train3Val_UniProt,center,dna_prot_spliceai,nt_v1_500m,esmc_600m,PyTorch_CrossAttn,0.7269,0.7451,0.6867,0.7668,0.7147,0.4551,0.7849,0.7723,OURS
Train3Val_UniProt,mean,dna_prot_spliceai,nt_v3_650m,esm1b_650m,PyTorch_Transformer,0.7239,0.7721,0.6325,0.8146,0.6954,0.4549,0.786,0.7743,OURS
Train3Val_UniProt,mean,dna_prot_spliceai,nt_v2_500m,esm1b_650m,PyTorch_Gating,0.7269,0.7435,0.6898,0.7638,0.7156,0.4549,0.7896,0.7711,OURS
Train3Val_UniProt,center,geom_prot,nt_v1_500m,esmc_600m,Pure_XGBoost_Concat,0.7269,0.7381,0.7003,0.7534,0.7187,0.4543,0.7883,0.7844,OURS
Train3Val_UniProt,center,dna_prot_spliceai,nt_v2_500m,esmc_600m,PyTorch_Concat,0.7239,0.7691,0.637,0.8102,0.6969,0.4542,0.7714,0.7734,OURS
Train3Val_UniProt,center,bio_core_dna_prot_spliceai,nt_v2_500m,esm1v_650m,PyTorch_Transformer,0.7262,0.7079,0.7666,0.6861,0.7361,0.4541,0.7886,0.7746,OURS
Train3Val_UniProt,mean,bio_geom_prot,nt_v2_500m,esm1b_650m,Pure_XGBoost_Concat,0.7247,0.6967,0.7922,0.6577,0.7414,0.4539,0.7909,0.774,OURS
Train3Val_UniProt,mean,bio_core_dna_prot_spliceai,nt_v1_500m,esm1b_650m,PyTorch_Transformer,0.7269,0.7308,0.7154,0.7384,0.723,0.4539,0.7802,0.768,OURS
Train3Val_UniProt,center,bio_core_dna_prot_spliceai,nt_v2_500m,esm1b_650m,Hybrid_Transformer_XGBoost,0.7247,0.6977,0.7892,0.6607,0.7406,0.4535,0.7946,0.7844,OURS
Train3Val_UniProt,center,dna_prot,nt_v2_500m,esmc_600m,PyTorch_Transformer,0.7254,0.7525,0.6687,0.7818,0.7081,0.4534,0.77,0.7727,OURS
Train3Val_UniProt,mean,prot,,esm1b_650m,PyTorch_Concat,0.7262,0.7392,0.6958,0.7564,0.7168,0.453,0.7879,0.7687,OURS
Train3Val_UniProt,mean,prot,,esm1b_650m,PyTorch_Concat,0.7262,0.7392,0.6958,0.7564,0.7168,0.453,0.7879,0.7687,OURS
Train3Val_UniProt,mean,prot,,esm1b_650m,PyTorch_Concat,0.7262,0.7392,0.6958,0.7564,0.7168,0.453,0.7879,0.7687,OURS
Train3Val_UniProt,mean,prot,,esm1b_650m,PyTorch_Concat,0.7262,0.7392,0.6958,0.7564,0.7168,0.453,0.7879,0.7687,OURS
Train3Val_UniProt,mean,prot,,esm1b_650m,PyTorch_Concat,0.7262,0.7392,0.6958,0.7564,0.7168,0.453,0.7879,0.7687,OURS
Train3Val_UniProt,center,dna_prot,nt_v3_650m,esmc_600m,PyTorch_Concat,0.7262,0.7195,0.738,0.7145,0.7286,0.4526,0.7838,0.7801,OURS
Train3Val_UniProt,center,bio_core_dna_prot_spliceai,nt_v3_650m,esm2_650m,Hybrid_CrossAttn_XGBoost,0.7247,0.7004,0.7816,0.6682,0.7388,0.4526,0.7966,0.7759,OURS
Train3Val_UniProt,center,dna_prot_spliceai,nt_v2_500m,esmc_600m,PyTorch_Gating,0.7247,0.7556,0.6611,0.7877,0.7052,0.4526,0.7719,0.768,OURS
Train3Val_UniProt,center,dna_prot,nt_v3_650m,esm2_650m,PyTorch_Gating,0.7262,0.7296,0.7154,0.7369,0.7224,0.4524,0.7764,0.7651,OURS
Train3Val_UniProt,mean,dna_prot,nt_v1_500m,esm1b_650m,Pure_XGBoost_Concat,0.7262,0.7262,0.7229,0.7294,0.7245,0.4524,0.7798,0.7529,OURS
Train3Val_UniProt,mean,dna_prot,nt_v1_500m,esm1b_650m,Hybrid_Transformer_XGBoost,0.7262,0.7304,0.7139,0.7384,0.722,0.4524,0.7776,0.7624,OURS
Train3Val_UniProt,mean,bio_dna_geom,nt_v2_500m,esm1b_650m,Pure_XGBoost_Concat,0.7239,0.6968,0.7892,0.6592,0.7401,0.4521,0.7848,0.7714,OURS
Train3Val_UniProt,center,bio_core_prot_spliceai,,esm2_650m,Pure_XGBoost_Concat,0.7232,0.6923,0.7997,0.6472,0.7421,0.4521,0.7872,0.7568,OURS
Train3Val_UniProt,center,bio_core_prot_spliceai,,esmc_600m,PyTorch_Concat,0.7247,0.7037,0.7726,0.6771,0.7365,0.4517,0.7916,0.7821,OURS
Train3Val_UniProt,center,bio_core_dna_prot,nt_v2_500m,esm1v_650m,PyTorch_CrossAttn,0.7254,0.7135,0.75,0.701,0.7313,0.4515,0.7773,0.7628,OURS
Train3Val_UniProt,center,dna_prot,nt_v3_650m,esm1b_650m,PyTorch_CrossAttn,0.7254,0.7373,0.6973,0.7534,0.7167,0.4514,0.7886,0.7854,OURS
Train3Val_UniProt,center,bio_dna_prot,nt_v1_500m,esmc_600m,Hybrid_CrossAttn_XGBoost,0.7232,0.6943,0.7937,0.6532,0.7407,0.4513,0.7885,0.775,OURS
Train3Val_UniProt,center,dna_prot,nt_v3_650m,esm1b_650m,PyTorch_Concat,0.7247,0.7455,0.6792,0.7698,0.7108,0.4509,0.7855,0.78,OURS
Train3Val_UniProt,center,bio_core_prot_spliceai,,esmc_600m,Pure_XGBoost_Concat,0.7224,0.6914,0.7997,0.6457,0.7416,0.4507,0.7886,0.7766,OURS
Train3Val_UniProt,mean,bio_dna_geom_prot,nt_v2_500m,esm1b_650m,Pure_XGBoost_Concat,0.7232,0.6964,0.7877,0.6592,0.7392,0.4505,0.7887,0.7685,OURS
Train3Val_UniProt,center,bio_core_dna_prot_spliceai,nt_v3_650m,esm2_650m,PyTorch_CrossAttn,0.7239,0.7027,0.7726,0.6756,0.736,0.4503,0.7963,0.7751,OURS
Train3Val_UniProt,center,bio_core_dna_prot_spliceai,nt_v2_500m,esmc_600m,Pure_XGBoost_Concat,0.7217,0.6885,0.8057,0.6383,0.7425,0.4502,0.7906,0.7698,OURS
Train3Val_UniProt,center,bio_core_dna_prot_spliceai,nt_v2_500m,esmc_600m,PyTorch_Concat,0.7239,0.7033,0.7711,0.6771,0.7356,0.4501,0.7896,0.7795,OURS
Train3Val_UniProt,center,dna_prot,nt_v2_500m,esm1b_650m,PyTorch_Concat,0.7247,0.7376,0.6943,0.7549,0.7153,0.45,0.7835,0.78,OURS
Train3Val_UniProt,mean,dna_prot,nt_v3_650m,esm1b_650m,PyTorch_Gating,0.7239,0.7475,0.6732,0.7743,0.7084,0.4499,0.7857,0.7741,OURS
Train3Val_UniProt,mean,dna_prot_spliceai,nt_v3_650m,esm1b_650m,Hybrid_CrossAttn_XGBoost,0.7247,0.7361,0.6973,0.7519,0.7162,0.4499,0.7781,0.7668,OURS
Train3Val_UniProt,center,bio_core_dna_prot_spliceai,nt_v1_500m,esm1b_650m,PyTorch_Transformer,0.7247,0.7149,0.744,0.7055,0.7292,0.4498,0.7878,0.7754,OURS
Train3Val_UniProt,center,bio_core_dna_prot_spliceai,nt_v3_650m,esm2_650m,PyTorch_Gating,0.7239,0.705,0.7666,0.6816,0.7345,0.4497,0.7973,0.7813,OURS
Train3Val_UniProt,center,dna_prot_spliceai,nt_v3_650m,esm1b_650m,PyTorch_Concat,0.7247,0.7331,0.7033,0.7459,0.7179,0.4496,0.7856,0.7798,OURS
Train3Val_UniProt,center,dna_prot_spliceai,nt_v2_500m,esm1b_650m,Hybrid_Concat_XGBoost,0.7247,0.7324,0.7048,0.7444,0.7183,0.4496,0.7795,0.7771,OURS
Train3Val_UniProt,mean,dna_prot_spliceai,nt_v3_650m,esm1b_650m,PyTorch_CrossAttn,0.7247,0.7324,0.7048,0.7444,0.7183,0.4496,0.7825,0.7765,OURS
Train3Val_UniProt,mean,bio_dna_geom_prot,nt_v2_500m,esm1b_650m,PyTorch_Concat,0.7239,0.745,0.6777,0.7698,0.7098,0.4495,0.7781,0.7653,OURS
Train3Val_UniProt,center,bio_core_dna_prot_spliceai,nt_v1_500m,esmc_600m,Hybrid_Transformer_XGBoost,0.7224,0.695,0.7892,0.6562,0.7391,0.4492,0.7847,0.7702,OURS
Train3Val_UniProt,center,bio_core_prot_spliceai,,esm2_650m,Hybrid_Concat_XGBoost,0.7224,0.6955,0.7877,0.6577,0.7387,0.4491,0.791,0.7779,OURS
Train3Val_UniProt,center,bio_core_dna_prot_spliceai,nt_v1_500m,esm2_650m,Pure_XGBoost_Concat,0.7224,0.6955,0.7877,0.6577,0.7387,0.4491,0.7853,0.7662,OURS
Train3Val_UniProt,center,bio_core_prot_spliceai,,esm1b_650m,Pure_XGBoost_Concat,0.7217,0.6915,0.7967,0.6472,0.7404,0.4488,0.7891,0.7794,OURS
Train3Val_UniProt,cls,bio_geom,nt_v2_500m,esm1b_650m,Pure_XGBoost_Concat,0.7224,0.6965,0.7846,0.6607,0.738,0.4487,0.7862,0.7772,OURS
Train3Val_UniProt,center,bio_geom_prot,nt_v1_500m,esmc_600m,Hybrid_Concat_XGBoost,0.7232,0.7479,0.6702,0.7758,0.7069,0.4486,0.7821,0.7775,OURS
Train3Val_UniProt,center,bio_core_dna_prot_spliceai,nt_v2_500m,esm1b_650m,Pure_XGBoost_Concat,0.7217,0.692,0.7952,0.6487,0.74,0.4486,0.7848,0.7732,OURS
Train3Val_UniProt,center,dna_prot_spliceai,nt_v2_500m,esm2_650m,PyTorch_CrossAttn,0.7239,0.7357,0.6958,0.7519,0.7152,0.4484,0.7795,0.7655,OURS
Train3Val_UniProt,center,dna_prot_spliceai,nt_v1_500m,esm1b_650m,Pure_XGBoost_Concat,0.7239,0.7349,0.6973,0.7504,0.7156,0.4483,0.7781,0.7774,OURS
Train3Val_UniProt,center,bio_core_dna_prot_spliceai,nt_v2_500m,esm2_650m,Hybrid_Concat_XGBoost,0.7224,0.6976,0.7816,0.6637,0.7372,0.4483,0.7893,0.7727,OURS
Train3Val_UniProt,mean,dna_prot_spliceai,nt_v2_500m,esm1b_650m,PyTorch_CrossAttn,0.7224,0.7543,0.6566,0.7877,0.7021,0.4483,0.784,0.7692,OURS
Train3Val_UniProt,mean,dna_prot,nt_v2_500m,esm1b_650m,PyTorch_Concat,0.7239,0.7334,0.7003,0.7474,0.7165,0.4482,0.7888,0.7741,OURS
Train3Val_UniProt,center,bio_core_dna_prot_spliceai,nt_v1_500m,esm2_650m,PyTorch_CrossAttn,0.7232,0.7051,0.7636,0.6831,0.7332,0.4481,0.7847,0.7677,OURS
Train3Val_UniProt,center,dna_prot_spliceai,nt_v3_650m,esm1b_650m,Hybrid_Gating_XGBoost,0.7239,0.727,0.7139,0.7339,0.7204,0.4479,0.7786,0.7763,OURS
Train3Val_UniProt,center,dna_prot_spliceai,nt_v3_650m,esmc_600m,Hybrid_Concat_XGBoost,0.7239,0.7196,0.7304,0.7175,0.725,0.4479,0.7761,0.7727,OURS
Train3Val_UniProt,center,dna_prot_spliceai,nt_v3_650m,esm2_650m,PyTorch_Concat,0.7232,0.743,0.6792,0.7668,0.7097,0.4478,0.7737,0.7649,OURS
Train3Val_UniProt,center,bio_core_dna_prot_spliceai,nt_v3_650m,esm2_650m,Hybrid_Transformer_XGBoost,0.7217,0.694,0.7892,0.6547,0.7385,0.4478,0.7882,0.7726,OURS
Train3Val_UniProt,center,bio_core_dna_prot,nt_v1_500m,esm1v_650m,Hybrid_Concat_XGBoost,0.7217,0.694,0.7892,0.6547,0.7385,0.4478,0.7856,0.7749,OURS
Train3Val_UniProt,center,bio_dna_prot,nt_v1_500m,esmc_600m,Hybrid_Concat_XGBoost,0.7217,0.6951,0.7861,0.6577,0.7378,0.4475,0.7887,0.783,OURS
Train3Val_UniProt,mean,dna_prot,nt_v3_650m,esm1b_650m,PyTorch_CrossAttn,0.7232,0.7398,0.6852,0.7608,0.7115,0.4474,0.7873,0.7705,OURS
Train3Val_UniProt,center,bio_core_dna_prot_spliceai,nt_v2_500m,esmc_600m,Hybrid_Gating_XGBoost,0.7217,0.6956,0.7846,0.6592,0.7374,0.4473,0.7882,0.7765,OURS
Train3Val_UniProt,center,dna_prot,nt_v3_650m,esm2_650m,PyTorch_Concat,0.7232,0.7383,0.6883,0.7578,0.7124,0.4472,0.7747,0.7615,OURS
Train3Val_UniProt,center,dna_geom_prot,nt_v1_500m,esmc_600m,Pure_XGBoost_Concat,0.7232,0.7375,0.6898,0.7564,0.7128,0.4472,0.7847,0.7809,OURS
Train3Val_UniProt,mean,dna_prot_spliceai,nt_v2_500m,esm1b_650m,PyTorch_Transformer,0.7209,0.7616,0.6401,0.8012,0.6956,0.4472,0.7889,0.7726,OURS
Train3Val_UniProt,center,dna_prot_spliceai,nt_v3_650m,esm1b_650m,PyTorch_Gating,0.7232,0.7345,0.6958,0.7504,0.7146,0.4469,0.7768,0.7755,OURS
Train3Val_UniProt,center,bio_core_dna_prot_spliceai,nt_v3_650m,esm2_650m,PyTorch_Concat,0.7217,0.6966,0.7816,0.6622,0.7367,0.4469,0.7877,0.7686,OURS
Train3Val_UniProt,center,dna_geom_prot,nt_v1_500m,esmc_600m,PyTorch_CrossAttn,0.7172,0.7842,0.5964,0.8371,0.6775,0.4468,0.7758,0.7731,OURS
Train3Val_UniProt,center,bio_core_dna_prot_spliceai,nt_v1_500m,esmc_600m,Hybrid_Gating_XGBoost,0.7209,0.6921,0.7922,0.6502,0.7388,0.4468,0.7893,0.7768,OURS
Train3Val_UniProt,mean,dna_prot,nt_v2_500m,esm1b_650m,Hybrid_Concat_XGBoost,0.7232,0.733,0.6988,0.7474,0.7155,0.4467,0.7732,0.7543,OURS
Train3Val_UniProt,center,dna_prot,nt_v2_500m,esmc_600m,PyTorch_CrossAttn,0.7232,0.7316,0.7018,0.7444,0.7164,0.4466,0.7784,0.7742,OURS
Train3Val_UniProt,center,dna_prot,nt_v1_500m,esmc_600m,PyTorch_Concat,0.7202,0.7641,0.634,0.8057,0.693,0.4465,0.7713,0.7729,OURS
Train3Val_UniProt,mean,prot_spliceai,,esm1b_650m,Hybrid_Concat_XGBoost,0.7232,0.7294,0.7063,0.7399,0.7177,0.4465,0.7754,0.7575,OURS
Train3Val_UniProt,center,dna_prot,nt_v3_650m,esm1b_650m,Hybrid_CrossAttn_XGBoost,0.7232,0.7273,0.7108,0.7354,0.719,0.4464,0.7887,0.7903,OURS
Train3Val_UniProt,center,dna_prot,nt_v3_650m,esmc_600m,Hybrid_Concat_XGBoost,0.7232,0.7185,0.7304,0.716,0.7244,0.4464,0.7854,0.7778,OURS
Train3Val_UniProt,center,geom,nt_v1_500m,esmc_600m,Pure_XGBoost_Concat,0.7217,0.7513,0.6596,0.7833,0.7025,0.4464,0.7737,0.768,OURS
Train3Val_UniProt,center,bio_core_dna_prot_spliceai,nt_v1_500m,esm2_650m,Hybrid_Transformer_XGBoost,0.7217,0.6982,0.7771,0.6667,0.7356,0.4464,0.7853,0.7653,OURS
Train3Val_UniProt,center,bio_core_dna_prot_spliceai,nt_v2_500m,esm1b_650m,PyTorch_CrossAttn,0.7209,0.6931,0.7892,0.6532,0.738,0.4464,0.7923,0.7807,OURS
Train3Val_UniProt,mean,dna_prot_spliceai,nt_v2_500m,esm1b_650m,Pure_XGBoost_Concat,0.7232,0.7252,0.7154,0.7309,0.7202,0.4464,0.7819,0.7518,OURS
Train3Val_UniProt,center,dna_prot_spliceai,nt_v2_500m,esm1b_650m,PyTorch_CrossAttn,0.7224,0.7418,0.6792,0.7653,0.7091,0.4463,0.7819,0.7793,OURS
Train3Val_UniProt,cls,bio_geom_prot,nt_v2_500m,esm1b_650m,Pure_XGBoost_Concat,0.7209,0.6936,0.7877,0.6547,0.7377,0.4462,0.7933,0.786,OURS
Train3Val_UniProt,center,bio_core_dna_prot_spliceai,nt_v2_500m,esm2_650m,Pure_XGBoost_Concat,0.7202,0.6892,0.7982,0.6428,0.7397,0.4462,0.7844,0.765,OURS
Train3Val_UniProt,mean,dna_prot,nt_v2_500m,esm1b_650m,PyTorch_Transformer,0.7217,0.7496,0.6627,0.7803,0.7034,0.4461,0.7841,0.7602,OURS
Train3Val_UniProt,center,bio_core_prot_spliceai,,esm1v_650m,Pure_XGBoost_Concat,0.7202,0.6897,0.7967,0.6442,0.7393,0.446,0.7891,0.7732,OURS
Train3Val_UniProt,center,bio_core_dna_prot_spliceai,nt_v1_500m,esm2_650m,Hybrid_Concat_XGBoost,0.7209,0.6947,0.7846,0.6577,0.7369,0.4458,0.784,0.7599,OURS
Train3Val_UniProt,center,dna_prot_spliceai,nt_v2_500m,esm1b_650m,PyTorch_Transformer,0.7224,0.7379,0.6867,0.7578,0.7114,0.4458,0.7864,0.7797,OURS
Train3Val_UniProt,center,bio_core_dna_prot_spliceai,nt_v3_650m,esm1b_650m,Hybrid_Transformer_XGBoost,0.7209,0.6952,0.7831,0.6592,0.7365,0.4457,0.7968,0.7854,OURS
Train3Val_UniProt,center,bio_dna_prot,nt_v1_500m,esmc_600m,PyTorch_Concat,0.7224,0.7112,0.7455,0.6996,0.7279,0.4455,0.7895,0.784,OURS
Train3Val_UniProt,mean,dna_prot,nt_v3_650m,esm1b_650m,Hybrid_Concat_XGBoost,0.7224,0.7356,0.6913,0.7534,0.7127,0.4455,0.7842,0.7772,OURS
Train3Val_UniProt,mean,dna_prot,nt_v2_500m,esm1b_650m,PyTorch_Gating,0.7217,0.7462,0.6687,0.7743,0.7053,0.4455,0.7803,0.7553,OURS
Train3Val_UniProt,center,bio_core_dna_prot_spliceai,nt_v2_500m,esmc_600m,PyTorch_Transformer,0.7224,0.7341,0.6943,0.7504,0.7136,0.4454,0.7889,0.7803,OURS
Train3Val_UniProt,center,bio_core_dna_prot_spliceai,nt_v2_500m,esmc_600m,Hybrid_Concat_XGBoost,0.7202,0.6912,0.7922,0.6487,0.7382,0.4454,0.7885,0.7805,OURS
Train3Val_UniProt,center,bio_prot,,esmc_600m,Pure_XGBoost_Concat,0.7194,0.6873,0.8012,0.6383,0.7399,0.4453,0.7895,0.766,OURS
Train3Val_UniProt,center,bio_prot,,esmc_600m,Pure_XGBoost_Concat,0.7194,0.6873,0.8012,0.6383,0.7399,0.4453,0.7895,0.766,OURS
Train3Val_UniProt,center,bio_prot,,esmc_600m,Pure_XGBoost_Concat,0.7194,0.6873,0.8012,0.6383,0.7399,0.4453,0.7895,0.766,OURS
Train3Val_UniProt,center,dna_prot,nt_v2_500m,esm2_650m,PyTorch_CrossAttn,0.7224,0.7137,0.7395,0.7055,0.7263,0.4452,0.7771,0.7574,OURS
Train3Val_UniProt,center,bio_core_dna_prot,nt_v2_500m,esm1v_650m,PyTorch_Concat,0.7217,0.7032,0.7636,0.6801,0.7321,0.4452,0.7821,0.7727,OURS
Train3Val_UniProt,center,dna_prot,nt_v2_500m,esm2_650m,PyTorch_Gating,0.7224,0.7283,0.7063,0.7384,0.7171,0.445,0.7781,0.7674,OURS
Train3Val_UniProt,mean,dna_prot,nt_v1_500m,esm1b_650m,PyTorch_Transformer,0.7202,0.7575,0.6446,0.7952,0.6965,0.445,0.7829,0.7677,OURS
Train3Val_UniProt,center,dna_prot_spliceai,nt_v2_500m,esm1b_650m,PyTorch_Concat,0.7224,0.729,0.7048,0.7399,0.7167,0.445,0.7791,0.7695,OURS
Train3Val_UniProt,center,dna_prot_spliceai,nt_v2_500m,esmc_600m,Hybrid_CrossAttn_XGBoost,0.7224,0.7168,0.7319,0.713,0.7243,0.445,0.7784,0.7718,OURS
Train3Val_UniProt,center,dna_prot,nt_v2_500m,esm1b_650m,PyTorch_Transformer,0.7217,0.7421,0.6762,0.7668,0.7076,0.4449,0.7805,0.7779,OURS
Train3Val_UniProt,center,dna_prot,nt_v2_500m,esmc_600m,PyTorch_Concat,0.7187,0.7681,0.6235,0.8132,0.6883,0.4449,0.7672,0.7712,OURS
Train3Val_UniProt,center,prot_spliceai,,esm1b_650m,Hybrid_Concat_XGBoost,0.7224,0.7269,0.7093,0.7354,0.718,0.4449,0.7779,0.7748,OURS
Train3Val_UniProt,center,dna_prot_spliceai,nt_v1_500m,esmc_600m,Hybrid_Transformer_XGBoost,0.7224,0.7201,0.7244,0.7205,0.7222,0.4449,0.7756,0.7725,OURS
Train3Val_UniProt,center,dna_prot_spliceai,nt_v3_650m,esm1b_650m,Hybrid_CrossAttn_XGBoost,0.7224,0.7248,0.7139,0.7309,0.7193,0.4449,0.783,0.7773,OURS
Train3Val_UniProt,mean,dna_prot_spliceai,nt_v1_500m,esm1b_650m,Pure_XGBoost_Concat,0.7224,0.7207,0.7229,0.722,0.7218,0.4449,0.7725,0.7487,OURS
Train3Val_UniProt,mean,dna_prot_spliceai,nt_v3_650m,esm1b_650m,PyTorch_Concat,0.7217,0.7421,0.6762,0.7668,0.7076,0.4449,0.7856,0.7734,OURS
Train3Val_UniProt,center,dna_prot,nt_v1_500m,esm1b_650m,PyTorch_CrossAttn,0.7217,0.7414,0.6777,0.7653,0.7081,0.4448,0.7752,0.7753,OURS
Train3Val_UniProt,center,bio_core_dna_prot_spliceai,nt_v3_650m,esm2_650m,Hybrid_Concat_XGBoost,0.7202,0.6927,0.7877,0.6532,0.7371,0.4448,0.7984,0.7835,OURS
Train3Val_UniProt,cls,bio_core_prot_spliceai,,esmc_600m,Hybrid_Concat_XGBoost,0.7194,0.6883,0.7982,0.6413,0.7392,0.4448,0.7753,0.7529,OURS
Train3Val_UniProt,center,dna_prot,nt_v1_500m,esm2_650m,PyTorch_Transformer,0.7209,0.7491,0.6611,0.7803,0.7024,0.4447,0.7744,0.7649,OURS
Train3Val_UniProt,mean,dna_prot,nt_v1_500m,esm1b_650m,PyTorch_Concat,0.7209,0.7491,0.6611,0.7803,0.7024,0.4447,0.7732,0.7554,OURS
Train3Val_UniProt,center,bio_core_dna_prot_spliceai,nt_v1_500m,esm1v_650m,PyTorch_CrossAttn,0.7209,0.6984,0.7741,0.6682,0.7343,0.4447,0.7852,0.7683,OURS
Train3Val_UniProt,center,dna_geom_prot,nt_v1_500m,esmc_600m,PyTorch_Concat,0.7172,0.7765,0.6069,0.8266,0.6813,0.4446,0.767,0.7728,OURS
Train3Val_UniProt,center,bio_core_dna_prot_spliceai,nt_v2_500m,esm1v_650m,Hybrid_CrossAttn_XGBoost,0.7202,0.6932,0.7861,0.6547,0.7368,0.4446,0.785,0.7682,OURS
Train3Val_UniProt,center,bio_core_dna_prot_spliceai,nt_v2_500m,esm2_650m,PyTorch_Transformer,0.7209,0.6989,0.7726,0.6697,0.7339,0.4445,0.7938,0.7709,OURS
Train3Val_UniProt,mean,bio_core_dna_prot_spliceai,nt_v1_500m,esm1b_650m,Hybrid_CrossAttn_XGBoost,0.7209,0.6989,0.7726,0.6697,0.7339,0.4445,0.783,0.7628,OURS
Train3Val_UniProt,center,dna_prot,nt_v1_500m,esmc_600m,PyTorch_Transformer,0.7149,0.7886,0.5843,0.8445,0.6713,0.4444,0.7758,0.7753,OURS
Train3Val_UniProt,center,bio_core_dna_prot_spliceai,nt_v2_500m,esm1b_650m,PyTorch_Gating,0.7194,0.6893,0.7952,0.6442,0.7385,0.4444,0.7914,0.775,OURS
Train3Val_UniProt,mean,bio_core_prot_spliceai,,esm1v_650m,PyTorch_Concat,0.7217,0.7078,0.7515,0.6921,0.729,0.4443,0.7657,0.735,OURS
Train3Val_UniProt,center,bio_dna_prot,nt_v1_500m,esmc_600m,PyTorch_Transformer,0.7194,0.6898,0.7937,0.6457,0.7381,0.4442,0.7908,0.7816,OURS
Train3Val_UniProt,center,bio_core_dna_prot_spliceai,nt_v2_500m,esm2_650m,Hybrid_Transformer_XGBoost,0.7194,0.6903,0.7922,0.6472,0.7377,0.444,0.7937,0.7716,OURS
Train3Val_UniProt,center,bio_core_dna_prot,nt_v2_500m,esm1v_650m,Hybrid_Concat_XGBoost,0.7194,0.6903,0.7922,0.6472,0.7377,0.444,0.7865,0.7725,OURS
Train3Val_UniProt,mean,bio_core_dna_prot,nt_v2_500m,esm1v_650m,Hybrid_CrossAttn_XGBoost,0.7202,0.6953,0.7801,0.6607,0.7353,0.4439,0.7686,0.7423,OURS
Train3Val_UniProt,center,bio_dna_prot,nt_v1_500m,esmc_600m,Hybrid_Transformer_XGBoost,0.7194,0.6908,0.7907,0.6487,0.7374,0.4438,0.7893,0.7792,OURS
Train3Val_UniProt,center,bio_geom,nt_v1_500m,esmc_600m,Pure_XGBoost_Concat,0.7194,0.6913,0.7892,0.6502,0.737,0.4436,0.7906,0.777,OURS
Train3Val_UniProt,center,bio_core_dna_prot_spliceai,nt_v2_500m,esm1v_650m,Hybrid_Gating_XGBoost,0.7202,0.6964,0.7771,0.6637,0.7345,0.4436,0.7836,0.7662,OURS
Train3Val_UniProt,mean,bio_core_dna_prot_spliceai,nt_v3_650m,esm1v_650m,PyTorch_Transformer,0.7217,0.7151,0.7334,0.71,0.7242,0.4436,0.7713,0.7463,OURS
Train3Val_UniProt,center,prot,,esmc_600m,Hybrid_Concat_XGBoost,0.7217,0.7237,0.7139,0.7294,0.7187,0.4434,0.7824,0.7775,OURS
Train3Val_UniProt,center,prot,,esmc_600m,Hybrid_Concat_XGBoost,0.7217,0.7237,0.7139,0.7294,0.7187,0.4434,0.7824,0.7775,OURS
Train3Val_UniProt,center,prot,,esmc_600m,Hybrid_Concat_XGBoost,0.7217,0.7237,0.7139,0.7294,0.7187,0.4434,0.7824,0.7775,OURS
Train3Val_UniProt,center,prot,,esmc_600m,Hybrid_Concat_XGBoost,0.7217,0.7237,0.7139,0.7294,0.7187,0.4434,0.7824,0.7775,OURS
Train3Val_UniProt,center,prot,,esmc_600m,Hybrid_Concat_XGBoost,0.7217,0.7237,0.7139,0.7294,0.7187,0.4434,0.7824,0.7775,OURS
Train3Val_UniProt,center,bio_core_dna_prot_spliceai,nt_v3_650m,esmc_600m,Hybrid_Transformer_XGBoost,0.7194,0.6918,0.7877,0.6517,0.7366,0.4434,0.7843,0.7671,OURS
Train3Val_UniProt,center,bio_core_dna_prot_spliceai,nt_v2_500m,esmc_600m,Hybrid_Transformer_XGBoost,0.7194,0.6918,0.7877,0.6517,0.7366,0.4434,0.7863,0.7665,OURS
Train3Val_UniProt,mean,bio_core_dna_prot_spliceai,nt_v3_650m,esm1b_650m,PyTorch_Gating,0.7217,0.717,0.7289,0.7145,0.7229,0.4434,0.7763,0.7677,OURS
Train3Val_UniProt,center,bio_core_dna_prot_spliceai,nt_v3_650m,esm2_650m,Hybrid_Gating_XGBoost,0.7194,0.6923,0.7861,0.6532,0.7362,0.4432,0.7887,0.7679,OURS
Train3Val_UniProt,center,dna_prot,nt_v3_650m,esm2_650m,PyTorch_CrossAttn,0.7172,0.7713,0.6145,0.8191,0.684,0.4431,0.7687,0.7661,OURS
Train3Val_UniProt,center,dna_geom_prot,nt_v1_500m,esmc_600m,PyTorch_Transformer,0.7134,0.7925,0.5753,0.8505,0.6667,0.4431,0.7779,0.7774,OURS
Train3Val_UniProt,center,dna_prot_spliceai,nt_v1_500m,esm1b_650m,PyTorch_CrossAttn,0.7209,0.7393,0.6792,0.7623,0.708,0.4431,0.7735,0.772,OURS
Train3Val_UniProt,center,prot,,esmc_600m,PyTorch_Concat,0.7149,0.784,0.5904,0.8386,0.6735,0.443,0.7795,0.7769,OURS
Train3Val_UniProt,center,prot,,esmc_600m,PyTorch_Concat,0.7149,0.784,0.5904,0.8386,0.6735,0.443,0.7795,0.7769,OURS
Train3Val_UniProt,center,prot,,esmc_600m,PyTorch_Concat,0.7149,0.784,0.5904,0.8386,0.6735,0.443,0.7795,0.7769,OURS
Train3Val_UniProt,center,prot,,esmc_600m,PyTorch_Concat,0.7149,0.784,0.5904,0.8386,0.6735,0.443,0.7795,0.7769,OURS
Train3Val_UniProt,center,prot,,esmc_600m,PyTorch_Concat,0.7149,0.784,0.5904,0.8386,0.6735,0.443,0.7795,0.7769,OURS
Train3Val_UniProt,center,bio_core_dna_prot_spliceai,nt_v3_650m,esmc_600m,Hybrid_Concat_XGBoost,0.7187,0.6884,0.7952,0.6428,0.7379,0.443,0.7865,0.7794,OURS
Train3Val_UniProt,mean,bio_core_dna_prot,nt_v3_650m,esm1v_650m,PyTorch_Concat,0.7209,0.7062,0.753,0.6891,0.7289,0.443,0.7726,0.7455,OURS
Train3Val_UniProt,center,bio_core_dna_prot_spliceai,nt_v1_500m,esm1b_650m,PyTorch_Gating,0.7209,0.7074,0.75,0.6921,0.7281,0.4428,0.782,0.7673,OURS
Train3Val_UniProt,center,bio_core_dna_prot_spliceai,nt_v1_500m,esm1b_650m,Pure_XGBoost_Concat,0.7194,0.6933,0.7831,0.6562,0.7355,0.4428,0.7858,0.7728,OURS
Train3Val_UniProt,center,dna_prot,nt_v3_650m,esm1v_650m,PyTorch_Gating,0.7209,0.734,0.6898,0.7519,0.7112,0.4425,0.7739,0.7636,OURS
Train3Val_UniProt,center,bio_core_dna_prot,nt_v3_650m,esm1v_650m,PyTorch_CrossAttn,0.7209,0.7098,0.744,0.6981,0.7265,0.4425,0.7876,0.7749,OURS
Train3Val_UniProt,center,geom_prot,nt_v1_500m,esmc_600m,PyTorch_Concat,0.7209,0.7325,0.6928,0.7489,0.7121,0.4424,0.7861,0.786,OURS
Train3Val_UniProt,center,dna_prot,nt_v3_650m,esm1b_650m,PyTorch_Transformer,0.7202,0.7429,0.6702,0.7698,0.7047,0.4423,0.7841,0.7757,OURS
Train3Val_UniProt,center,bio_core_dna_prot,nt_v3_650m,esm1v_650m,Pure_XGBoost_Concat,0.7179,0.686,0.7997,0.6368,0.7385,0.4423,0.7868,0.7664,OURS
Train3Val_UniProt,cls,bio_core_prot_spliceai,,esmc_600m,PyTorch_Concat,0.7202,0.7012,0.7636,0.6771,0.7311,0.4423,0.7736,0.7628,OURS
Train3Val_UniProt,cls,bio_core_dna_prot_spliceai,nt_v3_650m,esm1v_650m,Hybrid_Concat_XGBoost,0.7179,0.686,0.7997,0.6368,0.7385,0.4423,0.7673,0.7426,OURS
Train3Val_UniProt,center,dna_prot_spliceai,nt_v2_500m,esm2_650m,Pure_XGBoost_Concat,0.7209,0.7288,0.7003,0.7414,0.7143,0.4421,0.7705,0.7571,OURS
Train3Val_UniProt,center,dna_prot,nt_v3_650m,esmc_600m,Hybrid_CrossAttn_XGBoost,0.7209,0.7147,0.7319,0.71,0.7232,0.442,0.7803,0.7797,OURS
Train3Val_UniProt,center,prot,,esmc_600m,Pure_XGBoost_Concat,0.7209,0.7274,0.7033,0.7384,0.7152,0.442,0.7761,0.7653,OURS
Train3Val_UniProt,center,prot,,esmc_600m,Pure_XGBoost_Concat,0.7209,0.7274,0.7033,0.7384,0.7152,0.442,0.7761,0.7653,OURS
Train3Val_UniProt,center,prot,,esmc_600m,Pure_XGBoost_Concat,0.7209,0.7274,0.7033,0.7384,0.7152,0.442,0.7761,0.7653,OURS
Train3Val_UniProt,center,prot,,esmc_600m,Pure_XGBoost_Concat,0.7209,0.7274,0.7033,0.7384,0.7152,0.442,0.7761,0.7653,OURS
Train3Val_UniProt,center,prot,,esmc_600m,Pure_XGBoost_Concat,0.7209,0.7274,0.7033,0.7384,0.7152,0.442,0.7761,0.7653,OURS
Train3Val_UniProt,center,bio_core_prot_spliceai,,esmc_600m,Hybrid_Concat_XGBoost,0.7187,0.6909,0.7877,0.6502,0.7361,0.442,0.787,0.7773,OURS
Train3Val_UniProt,center,dna_prot_spliceai,nt_v3_650m,esmc_600m,Hybrid_CrossAttn_XGBoost,0.7209,0.7179,0.7244,0.7175,0.7211,0.4419,0.7809,0.7779,OURS
Train3Val_UniProt,center,dna_prot,nt_v1_500m,esmc_600m,Hybrid_CrossAttn_XGBoost,0.7209,0.7212,0.7169,0.725,0.719,0.4418,0.7798,0.7728,OURS
Train3Val_UniProt,center,bio_core_dna_prot_spliceai,nt_v1_500m,esmc_600m,Hybrid_CrossAttn_XGBoost,0.7187,0.6914,0.7861,0.6517,0.7357,0.4418,0.7915,0.7884,OURS
Train3Val_UniProt,mean,dna_prot,nt_v2_500m,esm1b_650m,PyTorch_CrossAttn,0.7202,0.7366,0.6822,0.7578,0.7084,0.4414,0.7806,0.76,OURS
Train3Val_UniProt,center,dna_prot,nt_v3_650m,esm1b_650m,PyTorch_Gating,0.7194,0.7441,0.6657,0.7728,0.7027,0.4411,0.7786,0.778,OURS
Train3Val_UniProt,center,dna_prot,nt_v2_500m,esm1b_650m,Pure_XGBoost_Concat,0.7202,0.7328,0.6898,0.7504,0.7106,0.441,0.7783,0.7801,OURS
Train3Val_UniProt,center,dna_prot,nt_v2_500m,esm2_650m,PyTorch_Transformer,0.7202,0.7328,0.6898,0.7504,0.7106,0.441,0.7715,0.7634,OURS
Train3Val_UniProt,cls,bio_dna_geom_prot,nt_v2_500m,esm1b_650m,PyTorch_CrossAttn,0.7194,0.7433,0.6672,0.7713,0.7032,0.4409,0.7725,0.759,OURS
Train3Val_UniProt,center,bio_dna_geom,nt_v1_500m,esmc_600m,Pure_XGBoost_Concat,0.7187,0.694,0.7786,0.6592,0.7339,0.4409,0.7842,0.7746,OURS
Train3Val_UniProt,cls,bio_geom_prot,nt_v2_500m,esm1b_650m,PyTorch_Concat,0.7187,0.7504,0.6521,0.7848,0.6978,0.4409,0.7799,0.7692,OURS
Train3Val_UniProt,mean,geom_prot,nt_v2_500m,esm1b_650m,PyTorch_Concat,0.7187,0.7504,0.6521,0.7848,0.6978,0.4409,0.7705,0.7674,OURS
Train3Val_UniProt,center,bio_dna_geom_prot,nt_v1_500m,esmc_600m,PyTorch_Concat,0.7172,0.7623,0.628,0.8057,0.6887,0.4408,0.781,0.7797,OURS
Train3Val_UniProt,mean,prot,,esm1b_650m,Hybrid_Concat_XGBoost,0.7202,0.7277,0.7003,0.7399,0.7137,0.4406,0.7762,0.7647,OURS
Train3Val_UniProt,mean,prot,,esm1b_650m,Hybrid_Concat_XGBoost,0.7202,0.7277,0.7003,0.7399,0.7137,0.4406,0.7762,0.7647,OURS
Train3Val_UniProt,mean,prot,,esm1b_650m,Hybrid_Concat_XGBoost,0.7202,0.7277,0.7003,0.7399,0.7137,0.4406,0.7762,0.7647,OURS
Train3Val_UniProt,mean,prot,,esm1b_650m,Hybrid_Concat_XGBoost,0.7202,0.7277,0.7003,0.7399,0.7137,0.4406,0.7762,0.7647,OURS
Train3Val_UniProt,mean,prot,,esm1b_650m,Hybrid_Concat_XGBoost,0.7202,0.7277,0.7003,0.7399,0.7137,0.4406,0.7762,0.7647,OURS
Train3Val_UniProt,center,dna_prot_spliceai,nt_v1_500m,esm1b_650m,Hybrid_Transformer_XGBoost,0.7202,0.7284,0.6988,0.7414,0.7133,0.4406,0.7718,0.7756,OURS
Train3Val_UniProt,center,dna_prot_spliceai,nt_v1_500m,esmc_600m,PyTorch_Gating,0.7172,0.7614,0.6295,0.8042,0.6892,0.4406,0.7677,0.7729,OURS
Train3Val_UniProt,center,dna_prot,nt_v3_650m,esm2_650m,Hybrid_Transformer_XGBoost,0.7202,0.7149,0.7289,0.7115,0.7218,0.4405,0.7789,0.7634,OURS
Train3Val_UniProt,mean,dna_prot,nt_v2_500m,esm1b_650m,Hybrid_CrossAttn_XGBoost,0.7202,0.727,0.7018,0.7384,0.7142,0.4405,0.7771,0.757,OURS
Train3Val_UniProt,mean,bio_core_dna_prot,nt_v3_650m,esm1v_650m,Hybrid_Concat_XGBoost,0.7179,0.69,0.7877,0.6487,0.7356,0.4405,0.7722,0.7516,OURS
Train3Val_UniProt,center,dna_prot_spliceai,nt_v3_650m,esmc_600m,Hybrid_Transformer_XGBoost,0.7202,0.7175,0.7229,0.7175,0.7202,0.4404,0.7801,0.7699,OURS
Train3Val_UniProt,center,dna_prot_spliceai,nt_v3_650m,esmc_600m,PyTorch_Transformer,0.7127,0.7873,0.5798,0.8445,0.6678,0.4403,0.7753,0.7736,OURS
Train3Val_UniProt,mean,bio_core_dna_prot_spliceai,nt_v1_500m,esm1b_650m,PyTorch_Concat,0.7194,0.7031,0.756,0.6831,0.7286,0.4402,0.7752,0.7615,OURS
Train3Val_UniProt,mean,bio_core_dna_prot_spliceai,nt_v2_500m,esm1v_650m,PyTorch_Gating,0.7194,0.706,0.7485,0.6906,0.7266,0.4398,0.7647,0.733,OURS
Train3Val_UniProt,center,bio_core_dna_prot_spliceai,nt_v1_500m,esmc_600m,Hybrid_Concat_XGBoost,0.7172,0.6876,0.7922,0.6428,0.7362,0.4397,0.7879,0.7796,OURS
Train3Val_UniProt,center,bio_core_dna_prot_spliceai,nt_v3_650m,esm1v_650m,PyTorch_Transformer,0.7179,0.6925,0.7801,0.6562,0.7337,0.4396,0.7887,0.7805,OURS
Train3Val_UniProt,center,bio_dna_geom_prot,nt_v1_500m,esmc_600m,Pure_XGBoost_Concat,0.7172,0.6881,0.7907,0.6442,0.7358,0.4395,0.7932,0.7851,OURS
Train3Val_UniProt,mean,bio_core_dna_prot_spliceai,nt_v3_650m,esm2_650m,Pure_XGBoost_Concat,0.7172,0.6881,0.7907,0.6442,0.7358,0.4395,0.7747,0.7504,OURS
Train3Val_UniProt,center,dna_geom,nt_v1_500m,esmc_600m,Pure_XGBoost_Concat,0.7179,0.7491,0.6521,0.7833,0.6973,0.4393,0.7641,0.764,OURS
Train3Val_UniProt,cls,geom,nt_v2_500m,esm1b_650m,PyTorch_Concat,0.7142,0.7758,0.5994,0.8281,0.6763,0.4393,0.7746,0.7715,OURS
Train3Val_UniProt,center,bio_core_dna_prot_spliceai,nt_v3_650m,esm1v_650m,Hybrid_Gating_XGBoost,0.7179,0.6935,0.7771,0.6592,0.733,0.4393,0.7788,0.7691,OURS
Train3Val_UniProt,center,dna_prot_spliceai,nt_v2_500m,esmc_600m,Pure_XGBoost_Concat,0.7194,0.7294,0.6943,0.7444,0.7114,0.4393,0.7708,0.7603,OURS
Train3Val_UniProt,mean,dna_prot,nt_v1_500m,esm1b_650m,Hybrid_Concat_XGBoost,0.7194,0.728,0.6973,0.7414,0.7123,0.4392,0.7759,0.7715,OURS
Train3Val_UniProt,center,prot_spliceai,,esm1b_650m,Pure_XGBoost_Concat,0.7194,0.7287,0.6958,0.7429,0.7119,0.4392,0.7827,0.777,OURS
Train3Val_UniProt,mean,dna_prot_spliceai,nt_v2_500m,esm1b_650m,PyTorch_Concat,0.7194,0.7287,0.6958,0.7429,0.7119,0.4392,0.7842,0.7586,OURS
Train3Val_UniProt,center,bio_core_dna_prot_spliceai,nt_v2_500m,esm1v_650m,Hybrid_Transformer_XGBoost,0.7172,0.6891,0.7877,0.6472,0.7351,0.4391,0.7809,0.7684,OURS
Train3Val_UniProt,mean,bio_core_dna_prot_spliceai,nt_v1_500m,esm1b_650m,Hybrid_Transformer_XGBoost,0.7179,0.6941,0.7756,0.6607,0.7326,0.4391,0.7781,0.7599,OURS
Train3Val_UniProt,center,dna_prot,nt_v1_500m,esm2_650m,Pure_XGBoost_Concat,0.7194,0.7259,0.7018,0.7369,0.7136,0.439,0.7745,0.7704,OURS
Train3Val_UniProt,center,dna_prot_spliceai,nt_v3_650m,esmc_600m,Pure_XGBoost_Concat,0.7194,0.7245,0.7048,0.7339,0.7145,0.439,0.7777,0.7688,OURS
Train3Val_UniProt,center,dna_prot,nt_v2_500m,esm1b_650m,Hybrid_CrossAttn_XGBoost,0.7194,0.7238,0.7063,0.7324,0.7149,0.4389,0.7804,0.7683,OURS
Train3Val_UniProt,mean,dna_prot,nt_v3_650m,esm1b_650m,Pure_XGBoost_Concat,0.7194,0.7177,0.7199,0.719,0.7188,0.4389,0.776,0.7617,OURS
Train3Val_UniProt,center,dna_prot_spliceai,nt_v3_650m,esm2_650m,Pure_XGBoost_Concat,0.7194,0.7204,0.7139,0.725,0.7171,0.4389,0.775,0.7662,OURS
Train3Val_UniProt,center,dna_prot_spliceai,nt_v3_650m,esm2_650m,Hybrid_CrossAttn_XGBoost,0.7194,0.7164,0.7229,0.716,0.7196,0.4389,0.7728,0.7607,OURS
Train3Val_UniProt,cls,bio_dna_geom_prot,nt_v2_500m,esm1b_650m,PyTorch_Gating,0.7172,0.7531,0.6431,0.7907,0.6937,0.4387,0.7865,0.7715,OURS
Train3Val_UniProt,mean,bio_core_dna_prot,nt_v3_650m,esm1v_650m,PyTorch_Gating,0.7179,0.6962,0.7696,0.6667,0.731,0.4385,0.768,0.7364,OURS
Train3Val_UniProt,mean,bio_dna_prot,nt_v2_500m,esm1b_650m,PyTorch_Concat,0.7187,0.7044,0.75,0.6876,0.7265,0.4384,0.7761,0.757,OURS
Train3Val_UniProt,center,bio_core_dna_prot,nt_v3_650m,esm1v_650m,Hybrid_Transformer_XGBoost,0.7172,0.6911,0.7816,0.6532,0.7336,0.4384,0.7909,0.7772,OURS
Train3Val_UniProt,mean,dna_prot,nt_v1_500m,esm1b_650m,PyTorch_CrossAttn,0.7187,0.7334,0.6837,0.7534,0.7077,0.4382,0.773,0.766,OURS
Train3Val_UniProt,center,dna_prot_spliceai,nt_v1_500m,esmc_600m,PyTorch_Concat,0.7157,0.7615,0.625,0.8057,0.6865,0.438,0.7631,0.7703,OURS
Train3Val_UniProt,center,dna_prot,nt_v1_500m,esm1b_650m,Pure_XGBoost_Concat,0.7187,0.7305,0.6898,0.7474,0.7095,0.4379,0.7789,0.7689,OURS
Train3Val_UniProt,center,bio_core_dna_prot_spliceai,nt_v3_650m,esm1b_650m,PyTorch_CrossAttn,0.7187,0.7091,0.738,0.6996,0.7232,0.4378,0.7823,0.7796,OURS
Train3Val_UniProt,mean,dna_geom_prot,nt_v2_500m,esm1b_650m,Pure_XGBoost_Concat,0.7187,0.7276,0.6958,0.7414,0.7113,0.4377,0.787,0.7736,OURS
Train3Val_UniProt,center,prot_spliceai,,esm1b_650m,PyTorch_Concat,0.7179,0.74,0.6687,0.7668,0.7025,0.4377,0.7745,0.77,OURS
Train3Val_UniProt,cls,geom_prot,nt_v2_500m,esm1b_650m,Pure_XGBoost_Concat,0.7187,0.7268,0.6973,0.7399,0.7118,0.4376,0.7842,0.7645,OURS
Train3Val_UniProt,center,dna_prot_spliceai,nt_v3_650m,esm1b_650m,PyTorch_Transformer,0.7179,0.7392,0.6702,0.7653,0.703,0.4376,0.7759,0.7816,OURS
Train3Val_UniProt,mean,dna_prot,nt_v3_650m,esm1b_650m,PyTorch_Transformer,0.7127,0.7782,0.5919,0.8326,0.6724,0.4375,0.7861,0.775,OURS
Train3Val_UniProt,mean,dna_prot,nt_v3_650m,esm1b_650m,Hybrid_CrossAttn_XGBoost,0.7187,0.7247,0.7018,0.7354,0.7131,0.4375,0.7717,0.7559,OURS
Train3Val_UniProt,center,dna_prot_spliceai,nt_v1_500m,esmc_600m,Hybrid_Concat_XGBoost,0.7187,0.722,0.7078,0.7294,0.7148,0.4374,0.7752,0.7656,OURS
Train3Val_UniProt,center,dna_prot,nt_v3_650m,esm1v_650m,Pure_XGBoost_Concat,0.7187,0.7179,0.7169,0.7205,0.7174,0.4373,0.7708,0.7652,OURS
Train3Val_UniProt,mean,bio_core_dna_prot_spliceai,nt_v3_650m,esm1b_650m,PyTorch_CrossAttn,0.7179,0.7011,0.756,0.6801,0.7275,0.4373,0.7839,0.7743,OURS
Train3Val_UniProt,center,dna_prot,nt_v2_500m,esmc_600m,PyTorch_Gating,0.7179,0.7353,0.6777,0.7578,0.7053,0.437,0.7742,0.7712,OURS
Train3Val_UniProt,center,bio_core_dna_prot,nt_v2_500m,esm1v_650m,PyTorch_Gating,0.7172,0.6958,0.7681,0.6667,0.7301,0.4369,0.785,0.7663,OURS
Train3Val_UniProt,mean,bio_core_dna_prot,nt_v2_500m,esm1v_650m,PyTorch_Concat,0.7172,0.6963,0.7666,0.6682,0.7297,0.4368,0.7663,0.7363,OURS
Train3Val_UniProt,mean,bio_dna_geom_prot,nt_v2_500m,esm1b_650m,PyTorch_Gating,0.7179,0.7087,0.7364,0.6996,0.7223,0.4363,0.7733,0.764,OURS
Train3Val_UniProt,center,bio_core_dna_prot_spliceai,nt_v1_500m,esm1v_650m,PyTorch_Gating,0.7157,0.6873,0.7877,0.6442,0.734,0.4363,0.7797,0.7597,OURS
Train3Val_UniProt,center,bio_core_dna_prot_spliceai,nt_v3_650m,esm2_650m,PyTorch_Transformer,0.7172,0.6985,0.7605,0.6741,0.7282,0.4362,0.7876,0.7667,OURS
Train3Val_UniProt,cls,bio_dna_geom_prot,nt_v2_500m,esm1b_650m,PyTorch_Transformer,0.7157,0.7531,0.6386,0.7922,0.6911,0.4361,0.7769,0.7619,OURS
Train3Val_UniProt,cls,bio_dna_geom,nt_v2_500m,esm1b_650m,Pure_XGBoost_Concat,0.7157,0.6877,0.7861,0.6457,0.7337,0.4361,0.7804,0.7655,OURS
Train3Val_UniProt,mean,bio_core_dna_prot,nt_v2_500m,esm1v_650m,PyTorch_Gating,0.7172,0.699,0.759,0.6756,0.7278,0.4361,0.7665,0.7336,OURS
Train3Val_UniProt,mean,bio_dna_prot,nt_v2_500m,esm1b_650m,PyTorch_CrossAttn,0.7179,0.713,0.7259,0.71,0.7194,0.436,0.7751,0.765,OURS
Train3Val_UniProt,center,dna_prot_spliceai,nt_v1_500m,esm2_650m,Hybrid_Concat_XGBoost,0.7179,0.7229,0.7033,0.7324,0.713,0.436,0.7745,0.7602,OURS
Train3Val_UniProt,center,dna_prot_spliceai,nt_v3_650m,esm1v_650m,Hybrid_CrossAttn_XGBoost,0.7179,0.7118,0.7289,0.707,0.7202,0.436,0.7715,0.767,OURS
Train3Val_UniProt,center,bio_core_dna_prot_spliceai,nt_v3_650m,esmc_600m,PyTorch_Concat,0.7149,0.6839,0.7952,0.6353,0.7354,0.436,0.7872,0.7787,OURS
Train3Val_UniProt,mean,prot,,esm1b_650m,Pure_XGBoost_Concat,0.7179,0.7156,0.7199,0.716,0.7177,0.4359,0.7806,0.7628,OURS
Train3Val_UniProt,mean,prot,,esm1b_650m,Pure_XGBoost_Concat,0.7179,0.7156,0.7199,0.716,0.7177,0.4359,0.7806,0.7628,OURS
Train3Val_UniProt,mean,prot,,esm1b_650m,Pure_XGBoost_Concat,0.7179,0.7156,0.7199,0.716,0.7177,0.4359,0.7806,0.7628,OURS
Train3Val_UniProt,mean,prot,,esm1b_650m,Pure_XGBoost_Concat,0.7179,0.7156,0.7199,0.716,0.7177,0.4359,0.7806,0.7628,OURS
Train3Val_UniProt,mean,prot,,esm1b_650m,Pure_XGBoost_Concat,0.7179,0.7156,0.7199,0.716,0.7177,0.4359,0.7806,0.7628,OURS
Train3Val_UniProt,center,prot_spliceai,,esmc_600m,Pure_XGBoost_Concat,0.7179,0.7215,0.7063,0.7294,0.7139,0.4359,0.7762,0.7645,OURS
Train3Val_UniProt,center,dna_prot_spliceai,nt_v1_500m,esm1b_650m,PyTorch_Transformer,0.7172,0.7372,0.6717,0.7623,0.7029,0.4359,0.7748,0.7749,OURS
Train3Val_UniProt,center,bio_core_dna_prot,nt_v3_650m,esm1v_650m,PyTorch_Transformer,0.7164,0.6932,0.7726,0.6607,0.7308,0.4359,0.7852,0.7737,OURS
Train3Val_UniProt,mean,bio_core_dna_prot_spliceai,nt_v2_500m,esm2_650m,PyTorch_CrossAttn,0.7179,0.7156,0.7199,0.716,0.7177,0.4359,0.7656,0.7357,OURS
Train3Val_UniProt,center,dna_prot,nt_v1_500m,esmc_600m,Hybrid_Transformer_XGBoost,0.7179,0.7182,0.7139,0.722,0.716,0.4358,0.777,0.7727,OURS
Train3Val_UniProt,center,dna_prot_spliceai,nt_v3_650m,esmc_600m,Hybrid_Gating_XGBoost,0.7179,0.7175,0.7154,0.7205,0.7164,0.4358,0.7778,0.7768,OURS
Train3Val_UniProt,mean,dna_prot_spliceai,nt_v3_650m,esm1b_650m,PyTorch_Gating,0.7172,0.7364,0.6732,0.7608,0.7034,0.4358,0.7791,0.7646,OURS
Train3Val_UniProt,center,dna_prot,nt_v1_500m,esmc_600m,PyTorch_CrossAttn,0.7104,0.7837,0.5783,0.8416,0.6655,0.4354,0.772,0.7715,OURS
Train3Val_UniProt,center,bio_core_dna_prot,nt_v3_650m,esm1v_650m,PyTorch_Gating,0.7157,0.6897,0.7801,0.6517,0.7322,0.4353,0.7866,0.772,OURS
Train3Val_UniProt,center,bio_core_dna_prot_spliceai,nt_v3_650m,esm1b_650m,Hybrid_Concat_XGBoost,0.7157,0.6903,0.7786,0.6532,0.7318,0.4352,0.7863,0.7727,OURS
Train3Val_UniProt,center,dna_prot_spliceai,nt_v1_500m,esmc_600m,PyTorch_Transformer,0.7134,0.765,0.613,0.8132,0.6806,0.4351,0.7755,0.7711,OURS
Train3Val_UniProt,center,bio_core_dna_prot_spliceai,nt_v2_500m,esm1b_650m,PyTorch_Concat,0.7164,0.6964,0.7636,0.6697,0.7284,0.4351,0.7771,0.7661,OURS
Train3Val_UniProt,center,dna_prot,nt_v1_500m,esm1b_650m,PyTorch_Transformer,0.7157,0.7478,0.6476,0.7833,0.6941,0.435,0.7681,0.7692,OURS
Train3Val_UniProt,center,dna_prot_spliceai,nt_v1_500m,esm1b_650m,Hybrid_Gating_XGBoost,0.7172,0.7274,0.6913,0.7429,0.7089,0.4348,0.7733,0.7679,OURS
Train3Val_UniProt,center,bio_core_dna_prot,nt_v3_650m,esm1v_650m,Hybrid_Gating_XGBoost,0.7157,0.6913,0.7756,0.6562,0.731,0.4348,0.7844,0.7701,OURS
Train3Val_UniProt,mean,bio_core_dna_prot_spliceai,nt_v3_650m,esm1b_650m,PyTorch_Concat,0.7164,0.6981,0.759,0.6741,0.7273,0.4347,0.7785,0.7634,OURS
Train3Val_UniProt,center,prot_spliceai,,esmc_600m,Hybrid_Concat_XGBoost,0.7172,0.712,0.7259,0.7085,0.7189,0.4345,0.7803,0.7761,OURS
Train3Val_UniProt,center,bio_core_dna_prot_spliceai,nt_v1_500m,esm2_650m,PyTorch_Transformer,0.7172,0.7107,0.7289,0.7055,0.7197,0.4345,0.7836,0.767,OURS
Train3Val_UniProt,cls,bio_core_dna_prot_spliceai,nt_v3_650m,esm1b_650m,Hybrid_Gating_XGBoost,0.7149,0.6873,0.7846,0.6457,0.7328,0.4345,0.7692,0.7426,OURS
Train3Val_UniProt,mean,geom_prot,nt_v2_500m,esm1b_650m,Pure_XGBoost_Concat,0.7172,0.7218,0.7033,0.7309,0.7124,0.4344,0.7884,0.7792,OURS
Train3Val_UniProt,center,dna_prot_spliceai,nt_v2_500m,esm1v_650m,Hybrid_Concat_XGBoost,0.7172,0.7151,0.7184,0.716,0.7168,0.4344,0.767,0.7579,OURS
Train3Val_UniProt,mean,dna_prot_spliceai,nt_v3_650m,esm1b_650m,Hybrid_Transformer_XGBoost,0.7172,0.7204,0.7063,0.728,0.7133,0.4344,0.7781,0.775,OURS
Train3Val_UniProt,center,dna_prot,nt_v1_500m,esm1v_650m,Hybrid_Concat_XGBoost,0.7172,0.7171,0.7139,0.7205,0.7155,0.4343,0.7633,0.7581,OURS
Train3Val_UniProt,center,dna_prot_spliceai,nt_v1_500m,esmc_600m,Hybrid_CrossAttn_XGBoost,0.7172,0.7171,0.7139,0.7205,0.7155,0.4343,0.7752,0.7728,OURS
Train3Val_UniProt,center,bio_core_dna_prot,nt_v2_500m,esm1v_650m,Pure_XGBoost_Concat,0.7134,0.6798,0.8027,0.6248,0.7362,0.4343,0.7864,0.7751,OURS
Train3Val_UniProt,center,prot_spliceai,,esm2_650m,PyTorch_Concat,0.7164,0.7352,0.6732,0.7593,0.7028,0.4342,0.7734,0.7589,OURS
Train3Val_UniProt,center,bio_core_dna_prot_spliceai,nt_v1_500m,esm2_650m,PyTorch_Gating,0.7149,0.6883,0.7816,0.6487,0.732,0.4341,0.7822,0.7649,OURS
Train3Val_UniProt,cls,bio_core_prot_spliceai,,esm1v_650m,PyTorch_Concat,0.7164,0.7014,0.75,0.6831,0.7249,0.434,0.7617,0.738,OURS
Train3Val_UniProt,mean,bio_core_prot_spliceai,,esmc_600m,Pure_XGBoost_Concat,0.7142,0.6845,0.7907,0.6383,0.7338,0.4339,0.7819,0.7823,OURS
Train3Val_UniProt,mean,bio_core_dna_prot_spliceai,nt_v3_650m,esm1b_650m,Pure_XGBoost_Concat,0.7134,0.6808,0.7997,0.6278,0.7355,0.4338,0.7772,0.7585,OURS
Train3Val_UniProt,center,bio_core_dna_prot_spliceai,nt_v1_500m,esm2_650m,Hybrid_CrossAttn_XGBoost,0.7149,0.6893,0.7786,0.6517,0.7313,0.4337,0.7868,0.7689,OURS
Train3Val_UniProt,mean,bio_core_dna_prot_spliceai,nt_v2_500m,esm2_650m,Hybrid_Concat_XGBoost,0.7149,0.6893,0.7786,0.6517,0.7313,0.4337,0.7708,0.7463,OURS
Train3Val_UniProt,center,dna_prot,nt_v3_650m,esmc_600m,PyTorch_Gating,0.7119,0.7692,0.6024,0.8206,0.6757,0.4336,0.7713,0.7711,OURS
Train3Val_UniProt,center,dna_geom_prot,nt_v1_500m,esmc_600m,Hybrid_Gating_XGBoost,0.7142,0.754,0.6325,0.7952,0.688,0.4336,0.7712,0.7755,OURS
Train3Val_UniProt,mean,bio_geom,nt_v2_500m,esm1b_650m,Pure_XGBoost_Concat,0.7134,0.6812,0.7982,0.6293,0.7351,0.4336,0.7859,0.7699,OURS
Train3Val_UniProt,center,bio_core_dna_prot_spliceai,nt_v2_500m,esm1v_650m,PyTorch_Concat,0.7149,0.6898,0.7771,0.6532,0.7309,0.4336,0.7823,0.7703,OURS
Train3Val_UniProt,center,bio_core_dna_prot,nt_v1_500m,esm1v_650m,Hybrid_CrossAttn_XGBoost,0.7149,0.6898,0.7771,0.6532,0.7309,0.4336,0.7825,0.7737,OURS
Train3Val_UniProt,center,bio_core_dna_prot_spliceai,nt_v2_500m,esm1v_650m,Hybrid_Concat_XGBoost,0.7142,0.6855,0.7877,0.6413,0.733,0.4335,0.7798,0.7638,OURS
Train3Val_UniProt,cls,bio_dna_prot,nt_v2_500m,esm1b_650m,Hybrid_CrossAttn_XGBoost,0.7149,0.6903,0.7756,0.6547,0.7305,0.4334,0.7691,0.7562,OURS
Train3Val_UniProt,center,bio_core_dna_prot_spliceai,nt_v1_500m,esm1b_650m,Hybrid_CrossAttn_XGBoost,0.7149,0.6903,0.7756,0.6547,0.7305,0.4334,0.7879,0.7799,OURS
Train3Val_UniProt,center,dna_prot_spliceai,nt_v1_500m,esm2_650m,PyTorch_CrossAttn,0.7164,0.7284,0.6867,0.7459,0.707,0.4334,0.7711,0.7643,OURS
Train3Val_UniProt,mean,dna_prot,nt_v3_650m,esm1b_650m,Hybrid_Transformer_XGBoost,0.7164,0.727,0.6898,0.7429,0.7079,0.4333,0.7751,0.7573,OURS
Train3Val_UniProt,center,prot_spliceai,,esm1v_650m,PyTorch_Concat,0.7164,0.7248,0.6943,0.7384,0.7092,0.4331,0.7739,0.7714,OURS
Train3Val_UniProt,center,bio_core_dna_prot_spliceai,nt_v3_650m,esm1b_650m,Hybrid_CrossAttn_XGBoost,0.7149,0.6914,0.7726,0.6577,0.7297,0.4331,0.7885,0.7761,OURS
Train3Val_UniProt,center,dna_prot,nt_v2_500m,esmc_600m,Hybrid_CrossAttn_XGBoost,0.7164,0.7115,0.7244,0.7085,0.7179,0.433,0.7795,0.7786,OURS
Train3Val_UniProt,cls,dna_geom_prot,nt_v2_500m,esm1b_650m,Pure_XGBoost_Concat,0.7164,0.722,0.7003,0.7324,0.711,0.433,0.7812,0.7695,OURS
Train3Val_UniProt,mean,bio_core_dna_prot_spliceai,nt_v2_500m,esm1b_650m,PyTorch_Concat,0.7164,0.7227,0.6988,0.7339,0.7106,0.433,0.7728,0.7581,OURS
Train3Val_UniProt,center,dna_prot_spliceai,nt_v1_500m,esm1b_650m,Hybrid_Concat_XGBoost,0.7164,0.7187,0.7078,0.725,0.7132,0.4329,0.771,0.7644,OURS
Train3Val_UniProt,center,bio_core_dna_prot,nt_v2_500m,esm1v_650m,Hybrid_Transformer_XGBoost,0.7134,0.6826,0.7937,0.6338,0.734,0.4329,0.7893,0.7832,OURS
Train3Val_UniProt,mean,bio_core_dna_prot_spliceai,nt_v2_500m,esm1v_650m,PyTorch_CrossAttn,0.7149,0.6919,0.7711,0.6592,0.7293,0.4329,0.7687,0.7425,OURS
Train3Val_UniProt,center,bio_core_dna_prot_spliceai,nt_v1_500m,esm1b_650m,Hybrid_Gating_XGBoost,0.7142,0.6874,0.7816,0.6472,0.7315,0.4327,0.7824,0.7707,OURS
Train3Val_UniProt,center,bio_core_dna_prot,nt_v1_500m,esm1v_650m,Hybrid_Transformer_XGBoost,0.7142,0.6874,0.7816,0.6472,0.7315,0.4327,0.7848,0.7783,OURS
Train3Val_UniProt,mean,bio_core_dna_prot_spliceai,nt_v3_650m,esm2_650m,PyTorch_Transformer,0.7149,0.6929,0.7681,0.6622,0.7286,0.4326,0.7759,0.7547,OURS
Train3Val_UniProt,center,bio_core_dna_prot,nt_v3_650m,esm1v_650m,Hybrid_Concat_XGBoost,0.7134,0.6836,0.7907,0.6368,0.7332,0.4325,0.7876,0.7727,OURS
Train3Val_UniProt,mean,bio_core_dna_prot_spliceai,nt_v1_500m,esm2_650m,Pure_XGBoost_Concat,0.7134,0.6836,0.7907,0.6368,0.7332,0.4325,0.7724,0.7459,OURS
Train3Val_UniProt,mean,bio_prot,,esm1b_650m,Pure_XGBoost_Concat,0.7134,0.6841,0.7892,0.6383,0.7329,0.4323,0.7771,0.7525,OURS
Train3Val_UniProt,mean,bio_prot,,esm1b_650m,Pure_XGBoost_Concat,0.7134,0.6841,0.7892,0.6383,0.7329,0.4323,0.7771,0.7525,OURS
Train3Val_UniProt,mean,bio_prot,,esm1b_650m,Pure_XGBoost_Concat,0.7134,0.6841,0.7892,0.6383,0.7329,0.4323,0.7771,0.7525,OURS
Train3Val_UniProt,center,bio_core_dna_prot_spliceai,nt_v3_650m,esm1v_650m,Hybrid_Transformer_XGBoost,0.7134,0.6841,0.7892,0.6383,0.7329,0.4323,0.7903,0.7811,OURS
Train3Val_UniProt,center,bio_core_dna_prot,nt_v3_650m,esm1v_650m,Hybrid_CrossAttn_XGBoost,0.7134,0.6841,0.7892,0.6383,0.7329,0.4323,0.7835,0.7745,OURS
Train3Val_UniProt,center,dna_prot_spliceai,nt_v3_650m,esmc_600m,PyTorch_Concat,0.7157,0.7302,0.6807,0.7504,0.7046,0.4322,0.7829,0.7865,OURS
Train3Val_UniProt,cls,bio_core_dna_prot_spliceai,nt_v1_500m,esmc_600m,Hybrid_CrossAttn_XGBoost,0.7142,0.6889,0.7771,0.6517,0.7304,0.4321,0.7685,0.7563,OURS
Train3Val_UniProt,mean,bio_core_dna_prot_spliceai,nt_v1_500m,esmc_600m,Hybrid_CrossAttn_XGBoost,0.7134,0.6846,0.7877,0.6398,0.7325,0.4321,0.7724,0.7665,OURS
Train3Val_UniProt,center,bio_dna_prot,nt_v1_500m,esmc_600m,PyTorch_Gating,0.7149,0.6951,0.762,0.6682,0.727,0.432,0.7853,0.7769,OURS
Train3Val_UniProt,mean,bio_dna_prot,nt_v2_500m,esm1b_650m,Hybrid_Gating_XGBoost,0.7142,0.6894,0.7756,0.6532,0.73,0.432,0.7729,0.7602,OURS
Train3Val_UniProt,center,bio_core_prot_spliceai,,esm1v_650m,PyTorch_Concat,0.7157,0.7044,0.7395,0.6921,0.7215,0.432,0.7834,0.7751,OURS
Train3Val_UniProt,mean,dna_prot_spliceai,nt_v2_500m,esm1b_650m,Hybrid_Concat_XGBoost,0.7157,0.728,0.6852,0.7459,0.706,0.432,0.7766,0.749,OURS
Train3Val_UniProt,center,bio_core_dna_prot_spliceai,nt_v1_500m,esm1v_650m,Hybrid_CrossAttn_XGBoost,0.7134,0.685,0.7861,0.6413,0.7321,0.4319,0.7811,0.7683,OURS
Train3Val_UniProt,center,dna_prot_spliceai,nt_v3_650m,esm1b_650m,Pure_XGBoost_Concat,0.7157,0.7273,0.6867,0.7444,0.7064,0.4319,0.7827,0.7814,OURS
Train3Val_UniProt,mean,dna_prot,nt_v1_500m,esm1b_650m,Hybrid_CrossAttn_XGBoost,0.7157,0.7266,0.6883,0.7429,0.7069,0.4318,0.7714,0.7559,OURS
Train3Val_UniProt,center,dna_prot_spliceai,nt_v1_500m,esmc_600m,Pure_XGBoost_Concat,0.7157,0.7258,0.6898,0.7414,0.7073,0.4318,0.7739,0.7709,OURS
Train3Val_UniProt,center,dna_prot,nt_v3_650m,esmc_600m,Pure_XGBoost_Concat,0.7157,0.7237,0.6943,0.7369,0.7087,0.4316,0.778,0.7737,OURS
Train3Val_UniProt,center,dna_prot,nt_v2_500m,esmc_600m,Hybrid_Transformer_XGBoost,0.7157,0.7086,0.7289,0.7025,0.7186,0.4316,0.7714,0.7634,OURS
Train3Val_UniProt,mean,bio_dna_prot,nt_v2_500m,esm1b_650m,Hybrid_CrossAttn_XGBoost,0.7142,0.6904,0.7726,0.6562,0.7292,0.4316,0.779,0.7649,OURS
Train3Val_UniProt,center,bio_core_dna_prot_spliceai,nt_v2_500m,esm2_650m,Hybrid_Gating_XGBoost,0.7142,0.6904,0.7726,0.6562,0.7292,0.4316,0.7919,0.7772,OURS
Train3Val_UniProt,mean,bio_core_dna_prot_spliceai,nt_v2_500m,esm1b_650m,Hybrid_CrossAttn_XGBoost,0.7142,0.6904,0.7726,0.6562,0.7292,0.4316,0.7857,0.7721,OURS
Train3Val_UniProt,center,dna_prot,nt_v2_500m,esm2_650m,Pure_XGBoost_Concat,0.7157,0.7223,0.6973,0.7339,0.7096,0.4315,0.7675,0.7593,OURS
Train3Val_UniProt,center,dna_prot,nt_v2_500m,esmc_600m,Pure_XGBoost_Concat,0.7157,0.7189,0.7048,0.7265,0.7118,0.4314,0.7695,0.7624,OURS
Train3Val_UniProt,center,dna_prot_spliceai,nt_v2_500m,esm2_650m,Hybrid_Concat_XGBoost,0.7157,0.7117,0.7214,0.71,0.7165,0.4314,0.7759,0.7581,OURS
Train3Val_UniProt,mean,dna_prot_spliceai,nt_v2_500m,esm1b_650m,Hybrid_Transformer_XGBoost,0.7157,0.7196,0.7033,0.728,0.7113,0.4314,0.7706,0.761,OURS
Train3Val_UniProt,center,dna_prot,nt_v1_500m,esm2_650m,Hybrid_CrossAttn_XGBoost,0.7157,0.7149,0.7139,0.7175,0.7144,0.4313,0.7658,0.7529,OURS
Train3Val_UniProt,center,bio_core_dna_prot_spliceai,nt_v2_500m,esm2_650m,PyTorch_Concat,0.7149,0.6994,0.75,0.6801,0.7238,0.4311,0.789,0.7677,OURS
Train3Val_UniProt,cls,bio_core_dna_prot_spliceai,nt_v3_650m,esmc_600m,Hybrid_Concat_XGBoost,0.7134,0.687,0.7801,0.6472,0.7306,0.4311,0.7681,0.7561,OURS
Train3Val_UniProt,mean,bio_core_dna_prot_spliceai,nt_v2_500m,esmc_600m,Pure_XGBoost_Concat,0.7127,0.6827,0.7907,0.6353,0.7327,0.4311,0.7805,0.7693,OURS
Train3Val_UniProt,mean,dna_geom,nt_v2_500m,esm1b_650m,Pure_XGBoost_Concat,0.7149,0.7313,0.6762,0.7534,0.7027,0.4309,0.7712,0.7619,OURS
Train3Val_UniProt,mean,bio_core_dna_prot_spliceai,nt_v2_500m,esm1b_650m,Pure_XGBoost_Concat,0.7127,0.6832,0.7892,0.6368,0.7324,0.4309,0.7751,0.7518,OURS
Train3Val_UniProt,mean,bio_core_dna_prot_spliceai,nt_v3_650m,esm1v_650m,Hybrid_Transformer_XGBoost,0.7134,0.688,0.7771,0.6502,0.7298,0.4307,0.7619,0.7314,OURS
Train3Val_UniProt,center,bio_core_dna_prot_spliceai,nt_v3_650m,esmc_600m,PyTorch_Gating,0.7134,0.6885,0.7756,0.6517,0.7295,0.4305,0.7847,0.7775,OURS
Train3Val_UniProt,center,bio_core_dna_prot,nt_v2_500m,esm1v_650m,PyTorch_Transformer,0.7134,0.6885,0.7756,0.6517,0.7295,0.4305,0.7798,0.7648,OURS
Train3Val_UniProt,mean,bio_core_dna_prot,nt_v2_500m,esm1v_650m,Hybrid_Transformer_XGBoost,0.7127,0.6846,0.7846,0.6413,0.7312,0.4302,0.7698,0.7342,OURS
Train3Val_UniProt,mean,dna_prot,nt_v3_650m,esm1b_650m,PyTorch_Concat,0.7149,0.7219,0.6958,0.7339,0.7086,0.4301,0.7848,0.7697,OURS
Train3Val_UniProt,mean,bio_core_prot_spliceai,,esm1b_650m,Pure_XGBoost_Concat,0.7112,0.6773,0.8027,0.6203,0.7347,0.4301,0.7743,0.7446,OURS
Train3Val_UniProt,center,dna_prot_spliceai,nt_v1_500m,esmc_600m,Hybrid_Gating_XGBoost,0.7149,0.7212,0.6973,0.7324,0.709,0.43,0.7699,0.7646,OURS
Train3Val_UniProt,center,dna_prot_spliceai,nt_v2_500m,esm1b_650m,Hybrid_Gating_XGBoost,0.7149,0.7205,0.6988,0.7309,0.7095,0.43,0.7762,0.7721,OURS
Train3Val_UniProt,center,dna_prot,nt_v3_650m,esm1b_650m,Hybrid_Concat_XGBoost,0.7149,0.7165,0.7078,0.722,0.7121,0.4299,0.7751,0.7704,OURS
Train3Val_UniProt,center,dna_prot,nt_v2_500m,esm2_650m,Hybrid_CrossAttn_XGBoost,0.7149,0.7191,0.7018,0.728,0.7104,0.4299,0.7753,0.7684,OURS
Train3Val_UniProt,center,dna_prot_spliceai,nt_v3_650m,esm1b_650m,Hybrid_Transformer_XGBoost,0.7149,0.7171,0.7063,0.7235,0.7117,0.4299,0.7778,0.7773,OURS
Train3Val_UniProt,center,dna_prot_spliceai,nt_v3_650m,esm2_650m,Hybrid_Transformer_XGBoost,0.7149,0.7191,0.7018,0.728,0.7104,0.4299,0.7719,0.7595,OURS
Train3Val_UniProt,center,bio_core_dna_prot_spliceai,nt_v3_650m,esmc_600m,Hybrid_Gating_XGBoost,0.7119,0.6813,0.7922,0.6323,0.7326,0.4299,0.7833,0.777,OURS
Train3Val_UniProt,center,dna_prot,nt_v3_650m,esm1b_650m,Hybrid_Gating_XGBoost,0.7149,0.7152,0.7108,0.719,0.713,0.4298,0.7729,0.773,OURS
Train3Val_UniProt,center,bio_core_dna_prot_spliceai,nt_v2_500m,esm1b_650m,Hybrid_Concat_XGBoost,0.7127,0.6856,0.7816,0.6442,0.7305,0.4298,0.7875,0.776,OURS
Train3Val_UniProt,mean,bio_core_dna_prot,nt_v3_650m,esm1v_650m,Hybrid_Gating_XGBoost,0.7127,0.6856,0.7816,0.6442,0.7305,0.4298,0.7668,0.7385,OURS
Train3Val_UniProt,center,bio_core_dna_prot_spliceai,nt_v2_500m,esm1v_650m,Pure_XGBoost_Concat,0.7112,0.6782,0.7997,0.6233,0.7339,0.4296,0.7824,0.7691,OURS
Train3Val_UniProt,mean,bio_core_dna_prot,nt_v3_650m,esm1v_650m,PyTorch_Transformer,0.7142,0.7007,0.744,0.6846,0.7217,0.4293,0.7726,0.7392,OURS
Train3Val_UniProt,center,dna_prot,nt_v2_500m,esm1v_650m,PyTorch_Transformer,0.7142,0.7279,0.6807,0.7474,0.7035,0.4291,0.7689,0.756,OURS
Train3Val_UniProt,center,bio_core_prot_spliceai,,esm1b_650m,Hybrid_Concat_XGBoost,0.7127,0.6876,0.7756,0.6502,0.7289,0.4291,0.7858,0.7704,OURS
Train3Val_UniProt,mean,bio_core_dna_prot,nt_v2_500m,esm1v_650m,Hybrid_Concat_XGBoost,0.7127,0.6876,0.7756,0.6502,0.7289,0.4291,0.764,0.7383,OURS
Train3Val_UniProt,cls,bio_geom,nt_v2_500m,esm1b_650m,PyTorch_Concat,0.7142,0.7271,0.6822,0.7459,0.704,0.429,0.7699,0.7649,OURS
Train3Val_UniProt,center,dna_prot_spliceai,nt_v3_650m,esm1v_650m,PyTorch_CrossAttn,0.7142,0.7264,0.6837,0.7444,0.7044,0.429,0.7724,0.7691,OURS
Train3Val_UniProt,center,dna_prot,nt_v1_500m,esmc_600m,Pure_XGBoost_Concat,0.7142,0.7242,0.6883,0.7399,0.7058,0.4288,0.7719,0.7723,OURS
Train3Val_UniProt,mean,dna_prot,nt_v1_500m,esm1b_650m,PyTorch_Gating,0.7119,0.75,0.6325,0.7907,0.6863,0.4288,0.7767,0.7608,OURS
Train3Val_UniProt,center,dna_prot,nt_v2_500m,esm1v_650m,PyTorch_Gating,0.7142,0.706,0.7304,0.6981,0.718,0.4287,0.7646,0.7538,OURS
Train3Val_UniProt,mean,bio_core_dna_prot_spliceai,nt_v1_500m,esm2_650m,Hybrid_CrossAttn_XGBoost,0.7127,0.6891,0.7711,0.6547,0.7278,0.4286,0.7748,0.7461,OURS
Train3Val_UniProt,center,dna_prot,nt_v1_500m,esm2_650m,Hybrid_Gating_XGBoost,0.7142,0.716,0.7063,0.722,0.7111,0.4284,0.7722,0.7571,OURS
Train3Val_UniProt,center,dna_prot,nt_v2_500m,esm2_650m,Hybrid_Concat_XGBoost,0.7142,0.7096,0.7214,0.707,0.7155,0.4284,0.7744,0.7705,OURS
Train3Val_UniProt,center,dna_geom_prot,nt_v1_500m,esmc_600m,Hybrid_CrossAttn_XGBoost,0.7142,0.7121,0.7154,0.713,0.7137,0.4284,0.7717,0.77,OURS
Train3Val_UniProt,center,dna_prot,nt_v3_650m,esm1v_650m,PyTorch_Concat,0.7142,0.7109,0.7184,0.71,0.7146,0.4284,0.7761,0.7718,OURS
Train3Val_UniProt,center,dna_prot_spliceai,nt_v3_650m,esm1v_650m,PyTorch_Concat,0.7142,0.7128,0.7139,0.7145,0.7133,0.4284,0.7719,0.7638,OURS
Train3Val_UniProt,center,dna_prot_spliceai,nt_v3_650m,esm2_650m,PyTorch_Gating,0.7142,0.7167,0.7048,0.7235,0.7107,0.4284,0.778,0.7667,OURS
Train3Val_UniProt,center,dna_prot_spliceai,nt_v2_500m,esm2_650m,Hybrid_CrossAttn_XGBoost,0.7142,0.7096,0.7214,0.707,0.7155,0.4284,0.7684,0.7527,OURS
Train3Val_UniProt,center,dna_prot,nt_v1_500m,esm2_650m,Hybrid_Concat_XGBoost,0.7142,0.7147,0.7093,0.719,0.712,0.4283,0.7679,0.7546,OURS
Train3Val_UniProt,cls,bio_core_dna_prot_spliceai,nt_v3_650m,esm1b_650m,PyTorch_Transformer,0.7134,0.7327,0.6687,0.7578,0.6992,0.4283,0.7675,0.7491,OURS
Train3Val_UniProt,mean,bio_core_dna_prot,nt_v1_500m,esm1v_650m,Hybrid_CrossAttn_XGBoost,0.7127,0.6901,0.7681,0.6577,0.727,0.4283,0.7734,0.7539,OURS
Train3Val_UniProt,center,dna_prot_spliceai,nt_v2_500m,esm2_650m,PyTorch_Concat,0.7134,0.7311,0.6717,0.7549,0.7002,0.4281,0.7614,0.7601,OURS
Train3Val_UniProt,cls,bio_core_dna_prot,nt_v3_650m,esm1v_650m,Hybrid_CrossAttn_XGBoost,0.7119,0.6857,0.7786,0.6457,0.7292,0.4281,0.7685,0.7488,OURS
Train3Val_UniProt,center,bio_core_dna_prot_spliceai,nt_v3_650m,esm2_650m,Pure_XGBoost_Concat,0.7112,0.6814,0.7892,0.6338,0.7313,0.428,0.7853,0.7606,OURS
Train3Val_UniProt,center,bio_core_dna_prot_spliceai,nt_v1_500m,esm2_650m,PyTorch_Concat,0.7127,0.6927,0.7605,0.6652,0.7251,0.4276,0.7823,0.7675,OURS
Train3Val_UniProt,center,bio_dna_geom_prot,nt_v1_500m,esmc_600m,Hybrid_Transformer_XGBoost,0.7134,0.726,0.6822,0.7444,0.7034,0.4275,0.7725,0.7712,OURS
Train3Val_UniProt,mean,bio_core_dna_prot_spliceai,nt_v1_500m,esm1b_650m,PyTorch_CrossAttn,0.7134,0.726,0.6822,0.7444,0.7034,0.4275,0.7765,0.7644,OURS
Train3Val_UniProt,center,bio_core_dna_prot_spliceai,nt_v2_500m,esm1b_650m,Hybrid_CrossAttn_XGBoost,0.7119,0.6877,0.7726,0.6517,0.7277,0.4274,0.7876,0.7789,OURS
Train3Val_UniProt,mean,bio_core_prot_spliceai,,esm2_650m,Pure_XGBoost_Concat,0.7112,0.6828,0.7846,0.6383,0.7302,0.4274,0.772,0.743,OURS
Train3Val_UniProt,center,dna_prot,nt_v3_650m,esm1v_650m,PyTorch_Transformer,0.7127,0.7353,0.6611,0.7638,0.6963,0.4273,0.7681,0.7618,OURS
Train3Val_UniProt,center,bio_core_dna_prot,nt_v1_500m,esm1v_650m,PyTorch_Transformer,0.7127,0.6938,0.7575,0.6682,0.7243,0.4273,0.7808,0.775,OURS
Train3Val_UniProt,mean,dna_prot,nt_v1_500m,esm1b_650m,Hybrid_Gating_XGBoost,0.7134,0.7224,0.6898,0.7369,0.7057,0.4272,0.7692,0.7537,OURS
Train3Val_UniProt,mean,bio_core_prot_spliceai,,esm1v_650m,Hybrid_Concat_XGBoost,0.7104,0.6796,0.7922,0.6293,0.7316,0.4271,0.7622,0.7329,OURS
Train3Val_UniProt,center,bio_dna_prot,nt_v1_500m,esmc_600m,Pure_XGBoost_Concat,0.7112,0.6838,0.7816,0.6413,0.7294,0.427,0.7835,0.7645,OURS
Train3Val_UniProt,center,dna_prot,nt_v1_500m,esm1v_650m,PyTorch_Gating,0.7134,0.708,0.7229,0.704,0.7154,0.427,0.7631,0.7484,OURS
Train3Val_UniProt,center,prot_spliceai,,esm1v_650m,Hybrid_Concat_XGBoost,0.7134,0.708,0.7229,0.704,0.7154,0.427,0.77,0.7691,OURS
Train3Val_UniProt,mean,bio_core_dna_prot_spliceai,nt_v1_500m,esm2_650m,Hybrid_Transformer_XGBoost,0.7112,0.6838,0.7816,0.6413,0.7294,0.427,0.768,0.7506,OURS
Train3Val_UniProt,center,dna_prot,nt_v2_500m,esm2_650m,Hybrid_Gating_XGBoost,0.7134,0.7163,0.7033,0.7235,0.7097,0.4269,0.7657,0.7598,OURS
Train3Val_UniProt,center,bio_core_dna_prot_spliceai,nt_v2_500m,esm1v_650m,PyTorch_Gating,0.7119,0.6892,0.7681,0.6562,0.7265,0.4269,0.7766,0.7639,OURS
Train3Val_UniProt,center,dna_prot_spliceai,nt_v2_500m,esmc_600m,Hybrid_Concat_XGBoost,0.7134,0.7092,0.7199,0.707,0.7145,0.4269,0.7822,0.784,OURS
Train3Val_UniProt,center,dna_prot,nt_v3_650m,esm2_650m,Hybrid_CrossAttn_XGBoost,0.7134,0.713,0.7108,0.716,0.7119,0.4268,0.7757,0.7656,OURS
Train3Val_UniProt,mean,bio_core_dna_prot_spliceai,nt_v2_500m,esm1b_650m,Hybrid_Concat_XGBoost,0.7112,0.6843,0.7801,0.6428,0.7291,0.4268,0.7778,0.7527,OURS
Train3Val_UniProt,mean,dna_geom_prot,nt_v2_500m,esm1b_650m,PyTorch_Transformer,0.7127,0.7315,0.6687,0.7564,0.6987,0.4267,0.7742,0.7579,OURS
Train3Val_UniProt,cls,dna_geom,nt_v2_500m,esm1b_650m,Pure_XGBoost_Concat,0.7127,0.7315,0.6687,0.7564,0.6987,0.4267,0.7773,0.7668,OURS
Train3Val_UniProt,center,bio_core_prot_spliceai,,esm1v_650m,Hybrid_Concat_XGBoost,0.7104,0.6805,0.7892,0.6323,0.7308,0.4266,0.7788,0.7692,OURS
Train3Val_UniProt,center,dna_prot,nt_v2_500m,esm1b_650m,PyTorch_Gating,0.7127,0.73,0.6717,0.7534,0.6996,0.4265,0.777,0.7746,OURS
Train3Val_UniProt,mean,bio_core_dna_prot_spliceai,nt_v2_500m,esm1v_650m,Hybrid_Transformer_XGBoost,0.7104,0.681,0.7877,0.6338,0.7304,0.4264,0.7675,0.7349,OURS
Train3Val_UniProt,center,bio_core_dna_prot_spliceai,nt_v1_500m,esmc_600m,PyTorch_Gating,0.7112,0.6858,0.7756,0.6472,0.7279,0.4263,0.7789,0.7677,OURS
Train3Val_UniProt,center,dna_prot,nt_v2_500m,esm1v_650m,PyTorch_CrossAttn,0.7112,0.7443,0.6401,0.7818,0.6883,0.4262,0.7616,0.7507,OURS
Train3Val_UniProt,mean,bio_dna_geom_prot,nt_v2_500m,esm1b_650m,PyTorch_CrossAttn,0.7082,0.7649,0.5979,0.8176,0.6712,0.4261,0.7756,0.7653,OURS
Train3Val_UniProt,cls,bio_prot,,esm1b_650m,PyTorch_Concat,0.7127,0.701,0.738,0.6876,0.719,0.426,0.7737,0.7601,OURS
Train3Val_UniProt,cls,bio_prot,,esm1b_650m,PyTorch_Concat,0.7127,0.701,0.738,0.6876,0.719,0.426,0.7737,0.7601,OURS
Train3Val_UniProt,cls,bio_prot,,esm1b_650m,PyTorch_Concat,0.7127,0.701,0.738,0.6876,0.719,0.426,0.7737,0.7601,OURS
Train3Val_UniProt,mean,dna_prot_spliceai,nt_v1_500m,esm1b_650m,Hybrid_Transformer_XGBoost,0.7127,0.7248,0.6822,0.7429,0.7029,0.426,0.7699,0.7582,OURS
Train3Val_UniProt,mean,bio_core_dna_prot_spliceai,nt_v3_650m,esm1v_650m,Hybrid_CrossAttn_XGBoost,0.7104,0.6819,0.7846,0.6368,0.7297,0.426,0.7688,0.7472,OURS
Train3Val_UniProt,center,bio_core_dna_prot_spliceai,nt_v1_500m,esm1b_650m,Hybrid_Transformer_XGBoost,0.7112,0.6867,0.7726,0.6502,0.7271,0.4259,0.7838,0.7725,OURS
Train3Val_UniProt,center,bio_core_dna_prot_spliceai,nt_v1_500m,esm1v_650m,Hybrid_Gating_XGBoost,0.7104,0.6824,0.7831,0.6383,0.7293,0.4258,0.7791,0.7625,OURS
Train3Val_UniProt,mean,prot_spliceai,,esm2_650m,PyTorch_Concat,0.7127,0.7234,0.6852,0.7399,0.7038,0.4258,0.7698,0.7537,OURS
Train3Val_UniProt,center,dna_prot,nt_v1_500m,esm1b_650m,Hybrid_Transformer_XGBoost,0.7127,0.7213,0.6898,0.7354,0.7052,0.4257,0.7753,0.7678,OURS
Train3Val_UniProt,center,dna_geom_prot,nt_v1_500m,esmc_600m,Hybrid_Transformer_XGBoost,0.7127,0.7213,0.6898,0.7354,0.7052,0.4257,0.7721,0.768,OURS
Train3Val_UniProt,mean,dna_prot_spliceai,nt_v1_500m,esm1b_650m,PyTorch_Concat,0.7119,0.7341,0.6611,0.7623,0.6957,0.4257,0.7768,0.764,OURS
Train3Val_UniProt,mean,dna_prot,nt_v2_500m,esm1b_650m,Hybrid_Gating_XGBoost,0.7127,0.7199,0.6928,0.7324,0.7061,0.4256,0.7732,0.7538,OURS
Train3Val_UniProt,mean,bio_dna_prot,nt_v2_500m,esm1b_650m,Pure_XGBoost_Concat,0.7097,0.6787,0.7922,0.6278,0.7311,0.4256,0.7759,0.7575,OURS
Train3Val_UniProt,center,bio_core_prot_spliceai,,esm1b_650m,PyTorch_Concat,0.7097,0.6787,0.7922,0.6278,0.7311,0.4256,0.7921,0.7813,OURS
Train3Val_UniProt,center,dna_prot,nt_v2_500m,esm2_650m,Hybrid_Transformer_XGBoost,0.7127,0.7075,0.7214,0.704,0.7144,0.4255,0.7766,0.7604,OURS
Train3Val_UniProt,mean,bio_core_dna_prot,nt_v3_650m,esm1v_650m,PyTorch_CrossAttn,0.7127,0.7069,0.7229,0.7025,0.7148,0.4255,0.7684,0.7417,OURS
Train3Val_UniProt,center,dna_prot,nt_v2_500m,esm1v_650m,Pure_XGBoost_Concat,0.7127,0.7152,0.7033,0.722,0.7092,0.4254,0.7627,0.7477,OURS
Train3Val_UniProt,center,prot_spliceai,,esm1v_650m,Pure_XGBoost_Concat,0.7127,0.7106,0.7139,0.7115,0.7122,0.4254,0.7679,0.7545,OURS
Train3Val_UniProt,center,dna_prot_spliceai,nt_v3_650m,esm1v_650m,Hybrid_Transformer_XGBoost,0.7127,0.7081,0.7199,0.7055,0.714,0.4254,0.7638,0.7536,OURS
Train3Val_UniProt,center,dna_prot_spliceai,nt_v2_500m,esmc_600m,Hybrid_Gating_XGBoost,0.7127,0.7165,0.7003,0.725,0.7083,0.4254,0.7713,0.7692,OURS
Train3Val_UniProt,center,bio_core_dna_prot_spliceai,nt_v3_650m,esm1v_650m,PyTorch_Concat,0.7119,0.6961,0.7485,0.6756,0.7213,0.4252,0.7871,0.7735,OURS
Train3Val_UniProt,mean,bio_core_dna_prot,nt_v1_500m,esm1v_650m,PyTorch_CrossAttn,0.7119,0.6961,0.7485,0.6756,0.7213,0.4252,0.7665,0.7399,OURS
Train3Val_UniProt,center,dna_prot_spliceai,nt_v2_500m,esm2_650m,PyTorch_Transformer,0.7119,0.7295,0.6702,0.7534,0.6986,0.4251,0.7701,0.766,OURS
Train3Val_UniProt,center,bio_core_dna_prot_spliceai,nt_v3_650m,esm1b_650m,Pure_XGBoost_Concat,0.7097,0.6801,0.7877,0.6323,0.7299,0.425,0.7858,0.7717,OURS
Train3Val_UniProt,center,bio_core_dna_prot_spliceai,nt_v3_650m,esm1b_650m,Hybrid_Gating_XGBoost,0.7104,0.6848,0.7756,0.6457,0.7274,0.4248,0.7831,0.7688,OURS
Train3Val_UniProt,center,bio_core_dna_prot,nt_v1_500m,esm1v_650m,Hybrid_Gating_XGBoost,0.7104,0.6848,0.7756,0.6457,0.7274,0.4248,0.7753,0.7608,OURS
Train3Val_UniProt,center,dna_prot,nt_v1_500m,esm2_650m,PyTorch_Gating,0.7119,0.7251,0.6792,0.7444,0.7014,0.4246,0.767,0.7648,OURS
Train3Val_UniProt,center,bio_core_dna_prot,nt_v1_500m,esm1v_650m,PyTorch_Gating,0.7112,0.6914,0.759,0.6637,0.7236,0.4246,0.7782,0.7657,OURS
Train3Val_UniProt,mean,bio_core_dna_prot_spliceai,nt_v2_500m,esm1b_650m,Hybrid_Transformer_XGBoost,0.7112,0.6919,0.7575,0.6652,0.7232,0.4245,0.7729,0.753,OURS
Train3Val_UniProt,center,dna_prot_spliceai,nt_v1_500m,esm2_650m,PyTorch_Concat,0.7119,0.7222,0.6852,0.7384,0.7032,0.4243,0.7679,0.7613,OURS
Train3Val_UniProt,mean,dna_prot_spliceai,nt_v1_500m,esm1b_650m,PyTorch_Gating,0.7097,0.7478,0.6295,0.7892,0.6836,0.4243,0.7661,0.7559,OURS
Train3Val_UniProt,mean,bio_core_dna_prot_spliceai,nt_v3_650m,esm1v_650m,PyTorch_Gating,0.7119,0.7023,0.7319,0.6921,0.7168,0.4243,0.7669,0.7401,OURS
Train3Val_UniProt,mean,bio_core_dna_prot,nt_v1_500m,esm1v_650m,Hybrid_Concat_XGBoost,0.7104,0.6863,0.7711,0.6502,0.7262,0.4243,0.7599,0.7329,OURS
Train3Val_UniProt,center,bio_geom,nt_v1_500m,esmc_600m,PyTorch_Concat,0.7112,0.7329,0.6611,0.7608,0.6952,0.4242,0.7649,0.7618,OURS
Train3Val_UniProt,center,dna_prot_spliceai,nt_v1_500m,esm1b_650m,Hybrid_CrossAttn_XGBoost,0.7119,0.7215,0.6867,0.7369,0.7037,0.4242,0.7738,0.7803,OURS
Train3Val_UniProt,cls,bio_core_dna_prot,nt_v3_650m,esm1v_650m,PyTorch_Concat,0.7119,0.7035,0.7289,0.6951,0.716,0.4242,0.7673,0.7444,OURS
Train3Val_UniProt,center,dna_prot,nt_v1_500m,esm1b_650m,Hybrid_Concat_XGBoost,0.7119,0.7141,0.7033,0.7205,0.7086,0.4239,0.77,0.7694,OURS
Train3Val_UniProt,center,dna_prot,nt_v2_500m,esm1v_650m,Hybrid_Transformer_XGBoost,0.7119,0.7102,0.7123,0.7115,0.7113,0.4239,0.7637,0.7501,OURS
Train3Val_UniProt,center,dna_prot_spliceai,nt_v1_500m,esm2_650m,PyTorch_Transformer,0.7097,0.746,0.6325,0.7862,0.6846,0.4239,0.7662,0.7518,OURS
Train3Val_UniProt,center,dna_prot_spliceai,nt_v2_500m,esm1b_650m,Hybrid_Transformer_XGBoost,0.7119,0.709,0.7154,0.7085,0.7121,0.4239,0.7795,0.7829,OURS
Train3Val_UniProt,center,dna_prot_spliceai,nt_v2_500m,esm1v_650m,PyTorch_Transformer,0.7119,0.716,0.6988,0.725,0.7073,0.4239,0.7706,0.7664,OURS
Train3Val_UniProt,center,bio_core_dna_prot_spliceai,nt_v1_500m,esm1b_650m,Hybrid_Concat_XGBoost,0.7089,0.6792,0.7877,0.6308,0.7294,0.4236,0.7841,0.7711,OURS
Train3Val_UniProt,mean,bio_core_dna_prot,nt_v1_500m,esm1v_650m,Hybrid_Transformer_XGBoost,0.7097,0.6834,0.7771,0.6428,0.7273,0.4236,0.7681,0.7472,OURS
Train3Val_UniProt,center,dna_prot,nt_v1_500m,esm2_650m,PyTorch_CrossAttn,0.7112,0.7283,0.6702,0.7519,0.698,0.4235,0.7663,0.758,OURS
Train3Val_UniProt,mean,bio_core_dna_prot_spliceai,nt_v1_500m,esm1v_650m,Hybrid_Gating_XGBoost,0.7082,0.6756,0.7967,0.6203,0.7312,0.4235,0.7656,0.7417,OURS
Train3Val_UniProt,cls,bio_prot,,esm1b_650m,Hybrid_Concat_XGBoost,0.7097,0.6839,0.7756,0.6442,0.7269,0.4234,0.7721,0.763,OURS
Train3Val_UniProt,cls,bio_prot,,esm1b_650m,Hybrid_Concat_XGBoost,0.7097,0.6839,0.7756,0.6442,0.7269,0.4234,0.7721,0.763,OURS
Train3Val_UniProt,cls,bio_prot,,esm1b_650m,Hybrid_Concat_XGBoost,0.7097,0.6839,0.7756,0.6442,0.7269,0.4234,0.7721,0.763,OURS
Train3Val_UniProt,center,bio_core_dna_prot_spliceai,nt_v1_500m,esm1v_650m,Hybrid_Transformer_XGBoost,0.7089,0.6797,0.7861,0.6323,0.7291,0.4234,0.7705,0.7534,OURS
Train3Val_UniProt,mean,bio_prot,,esm1b_650m,Hybrid_Concat_XGBoost,0.7104,0.6899,0.7605,0.6607,0.7235,0.4233,0.7791,0.7662,OURS
Train3Val_UniProt,mean,bio_prot,,esm1b_650m,Hybrid_Concat_XGBoost,0.7104,0.6899,0.7605,0.6607,0.7235,0.4233,0.7791,0.7662,OURS
Train3Val_UniProt,mean,bio_prot,,esm1b_650m,Hybrid_Concat_XGBoost,0.7104,0.6899,0.7605,0.6607,0.7235,0.4233,0.7791,0.7662,OURS
Train3Val_UniProt,mean,bio_core_dna_prot_spliceai,nt_v1_500m,esm2_650m,Hybrid_Concat_XGBoost,0.7089,0.6802,0.7846,0.6338,0.7287,0.4232,0.769,0.7402,OURS
Train3Val_UniProt,mean,bio_core_dna_prot_spliceai,nt_v3_650m,esm1v_650m,PyTorch_Concat,0.7104,0.6904,0.759,0.6622,0.7231,0.4231,0.7646,0.7322,OURS
Train3Val_UniProt,mean,bio_core_dna_prot,nt_v1_500m,esm1v_650m,PyTorch_Concat,0.7112,0.699,0.738,0.6846,0.7179,0.4231,0.7662,0.7417,OURS
Train3Val_UniProt,mean,bio_core_dna_prot,nt_v1_500m,esm1v_650m,PyTorch_Transformer,0.7112,0.699,0.738,0.6846,0.7179,0.4231,0.7718,0.7514,OURS
Train3Val_UniProt,center,dna_prot,nt_v3_650m,esm1b_650m,Pure_XGBoost_Concat,0.7112,0.7211,0.6852,0.7369,0.7027,0.4228,0.783,0.7845,OURS
Train3Val_UniProt,mean,dna_prot_spliceai,nt_v3_650m,esm2_650m,PyTorch_Concat,0.7112,0.7013,0.7319,0.6906,0.7163,0.4228,0.7688,0.7584,OURS
Train3Val_UniProt,center,dna_prot_spliceai,nt_v2_500m,esm2_650m,Hybrid_Transformer_XGBoost,0.7112,0.7197,0.6883,0.7339,0.7036,0.4227,0.7706,0.7627,OURS
Train3Val_UniProt,mean,bio_core_dna_prot_spliceai,nt_v2_500m,esmc_600m,PyTorch_Concat,0.7112,0.7042,0.7244,0.6981,0.7142,0.4226,0.7688,0.7628,OURS
Train3Val_UniProt,mean,dna_prot_spliceai,nt_v1_500m,esm1b_650m,Hybrid_CrossAttn_XGBoost,0.7112,0.7163,0.6958,0.7265,0.7059,0.4225,0.7763,0.7645,OURS
Train3Val_UniProt,center,dna_prot_spliceai,nt_v1_500m,esm2_650m,Pure_XGBoost_Concat,0.7112,0.7149,0.6988,0.7235,0.7068,0.4224,0.7692,0.7586,OURS
Train3Val_UniProt,cls,bio_core_dna_prot_spliceai,nt_v3_650m,esmc_600m,Hybrid_CrossAttn_XGBoost,0.7089,0.6821,0.7786,0.6398,0.7271,0.4224,0.7655,0.7542,OURS
Train3Val_UniProt,mean,bio_core_dna_prot_spliceai,nt_v2_500m,esm1v_650m,PyTorch_Transformer,0.7112,0.7079,0.7154,0.707,0.7116,0.4224,0.7682,0.7411,OURS
Train3Val_UniProt,mean,bio_dna_prot,nt_v2_500m,esm1b_650m,PyTorch_Gating,0.7097,0.6874,0.7651,0.6547,0.7242,0.4223,0.7753,0.7525,OURS
Train3Val_UniProt,center,dna_prot_spliceai,nt_v2_500m,esm1v_650m,PyTorch_CrossAttn,0.7112,0.7117,0.7063,0.716,0.709,0.4223,0.7659,0.7584,OURS
Train3Val_UniProt,mean,bio_core_dna_prot_spliceai,nt_v1_500m,esm1v_650m,Hybrid_CrossAttn_XGBoost,0.7089,0.6825,0.7771,0.6413,0.7268,0.4222,0.7701,0.7395,OURS
Train3Val_UniProt,center,bio_core_dna_prot_spliceai,nt_v1_500m,esm1b_650m,PyTorch_CrossAttn,0.7089,0.6835,0.7741,0.6442,0.726,0.4218,0.7822,0.7777,OURS
Train3Val_UniProt,mean,bio_core_dna_prot_spliceai,nt_v1_500m,esm1v_650m,PyTorch_Concat,0.7104,0.6969,0.741,0.6801,0.7182,0.4218,0.765,0.7413,OURS
Train3Val_UniProt,mean,dna_geom_prot,nt_v2_500m,esm1b_650m,PyTorch_CrossAttn,0.7104,0.7249,0.6747,0.7459,0.6989,0.4217,0.7728,0.7484,OURS
Train3Val_UniProt,center,bio_core_dna_prot,nt_v1_500m,esm1v_650m,Pure_XGBoost_Concat,0.7082,0.6793,0.7846,0.6323,0.7282,0.4217,0.7824,0.7688,OURS
Train3Val_UniProt,mean,bio_core_dna_prot_spliceai,nt_v3_650m,esm2_650m,Hybrid_Concat_XGBoost,0.7082,0.6793,0.7846,0.6323,0.7282,0.4217,0.7702,0.7509,OURS
Train3Val_UniProt,mean,bio_core_dna_prot_spliceai,nt_v2_500m,esmc_600m,Hybrid_Transformer_XGBoost,0.7089,0.685,0.7696,0.6487,0.7248,0.4213,0.7721,0.763,OURS
Train3Val_UniProt,center,dna_prot,nt_v2_500m,esm1v_650m,PyTorch_Concat,0.7104,0.7186,0.6883,0.7324,0.7031,0.4211,0.769,0.754,OURS
Train3Val_UniProt,mean,bio_core_dna_prot_spliceai,nt_v2_500m,esm1v_650m,PyTorch_Concat,0.7104,0.7038,0.7229,0.6981,0.7132,0.4211,0.7658,0.7396,OURS
Train3Val_UniProt,center,dna_prot,nt_v1_500m,esm1b_650m,Hybrid_CrossAttn_XGBoost,0.7104,0.7165,0.6928,0.728,0.7044,0.421,0.7726,0.7793,OURS
Train3Val_UniProt,center,prot_spliceai,,esm2_650m,Pure_XGBoost_Concat,0.7104,0.7172,0.6913,0.7294,0.704,0.421,0.7744,0.7647,OURS
Train3Val_UniProt,mean,dna_prot_spliceai,nt_v2_500m,esm1b_650m,Hybrid_CrossAttn_XGBoost,0.7104,0.7165,0.6928,0.728,0.7044,0.421,0.772,0.7532,OURS
Train3Val_UniProt,center,dna_prot,nt_v3_650m,esm1b_650m,Hybrid_Transformer_XGBoost,0.7104,0.7152,0.6958,0.725,0.7053,0.4209,0.7838,0.7824,OURS
Train3Val_UniProt,center,dna_prot,nt_v3_650m,esm2_650m,Hybrid_Gating_XGBoost,0.7104,0.7087,0.7108,0.71,0.7098,0.4209,0.7709,0.7678,OURS
Train3Val_UniProt,cls,geom,nt_v2_500m,esm1b_650m,Pure_XGBoost_Concat,0.7104,0.7145,0.6973,0.7235,0.7058,0.4209,0.7771,0.7646,OURS
Train3Val_UniProt,center,dna_prot_spliceai,nt_v1_500m,esm2_650m,PyTorch_Gating,0.7104,0.7132,0.7003,0.7205,0.7067,0.4209,0.7657,0.7569,OURS
Train3Val_UniProt,mean,bio_core_dna_prot,nt_v3_650m,esm1v_650m,Hybrid_Transformer_XGBoost,0.7074,0.6784,0.7846,0.6308,0.7277,0.4203,0.7669,0.7425,OURS
Train3Val_UniProt,center,bio_core_dna_prot_spliceai,nt_v1_500m,esm2_650m,Hybrid_Gating_XGBoost,0.7082,0.6831,0.7726,0.6442,0.7251,0.4202,0.7846,0.7805,OURS
Train3Val_UniProt,center,bio_core_dna_prot_spliceai,nt_v1_500m,esm1v_650m,PyTorch_Transformer,0.7097,0.6976,0.7364,0.6831,0.7165,0.4201,0.7804,0.7655,OURS
Train3Val_UniProt,center,bio_core_dna_prot_spliceai,nt_v3_650m,esmc_600m,Hybrid_CrossAttn_XGBoost,0.7074,0.6789,0.7831,0.6323,0.7273,0.4201,0.7891,0.7781,OURS
Train3Val_UniProt,cls,bio_core_dna_prot_spliceai,nt_v2_500m,esm1v_650m,Hybrid_CrossAttn_XGBoost,0.7082,0.6836,0.7711,0.6457,0.7247,0.4201,0.7664,0.7443,OURS
Train3Val_UniProt,mean,bio_core_dna_prot_spliceai,nt_v1_500m,esmc_600m,Hybrid_Transformer_XGBoost,0.7082,0.6836,0.7711,0.6457,0.7247,0.4201,0.7816,0.7784,OURS
Train3Val_UniProt,cls,bio_core_dna_prot,nt_v1_500m,esm1v_650m,Hybrid_CrossAttn_XGBoost,0.7082,0.6841,0.7696,0.6472,0.7243,0.4199,0.7642,0.7425,OURS
Train3Val_UniProt,mean,bio_core_dna_prot_spliceai,nt_v1_500m,esm1b_650m,Pure_XGBoost_Concat,0.7074,0.6793,0.7816,0.6338,0.7269,0.4199,0.774,0.7482,OURS
Train3Val_UniProt,center,dna_prot_spliceai,nt_v1_500m,esm1b_650m,PyTorch_Gating,0.7097,0.7195,0.6837,0.7354,0.7012,0.4198,0.7685,0.7705,OURS
Train3Val_UniProt,mean,bio_core_dna_prot_spliceai,nt_v3_650m,esm2_650m,Hybrid_Gating_XGBoost,0.7074,0.6798,0.7801,0.6353,0.7265,0.4197,0.7718,0.7457,OURS
Train3Val_UniProt,cls,bio_core_dna_prot_spliceai,nt_v3_650m,esmc_600m,PyTorch_CrossAttn,0.7082,0.6851,0.7666,0.6502,0.7235,0.4196,0.7636,0.7446,OURS
Train3Val_UniProt,mean,bio_core_dna_prot_spliceai,nt_v3_650m,esm1b_650m,Hybrid_CrossAttn_XGBoost,0.7082,0.6851,0.7666,0.6502,0.7235,0.4196,0.775,0.7646,OURS
Train3Val_UniProt,mean,bio_core_dna_prot,nt_v1_500m,esm1v_650m,Hybrid_Gating_XGBoost,0.7082,0.6851,0.7666,0.6502,0.7235,0.4196,0.7645,0.7264,OURS
Train3Val_UniProt,cls,bio_core_dna_prot_spliceai,nt_v3_650m,esmc_600m,PyTorch_Gating,0.7097,0.7046,0.7184,0.701,0.7114,0.4195,0.765,0.752,OURS
Train3Val_UniProt,center,dna_prot,nt_v1_500m,esmc_600m,Hybrid_Gating_XGBoost,0.7097,0.7127,0.6988,0.7205,0.7057,0.4194,0.7715,0.7634,OURS
Train3Val_UniProt,center,dna_prot_spliceai,nt_v3_650m,esm1v_650m,PyTorch_Gating,0.7097,0.7121,0.7003,0.719,0.7062,0.4194,0.7682,0.7649,OURS
Train3Val_UniProt,center,dna_prot_spliceai,nt_v3_650m,esm2_650m,Hybrid_Gating_XGBoost,0.7097,0.7064,0.7139,0.7055,0.7101,0.4194,0.771,0.7607,OURS
Train3Val_UniProt,cls,bio_core_dna_prot_spliceai,nt_v2_500m,esmc_600m,PyTorch_Concat,0.7097,0.7064,0.7139,0.7055,0.7101,0.4194,0.7523,0.7379,OURS
Train3Val_UniProt,center,dna_prot,nt_v3_650m,esmc_600m,Hybrid_Gating_XGBoost,0.7097,0.7089,0.7078,0.7115,0.7084,0.4193,0.774,0.7737,OURS
Train3Val_UniProt,mean,bio_geom,nt_v2_500m,esm1b_650m,PyTorch_Concat,0.7097,0.7089,0.7078,0.7115,0.7084,0.4193,0.7656,0.7632,OURS
Train3Val_UniProt,cls,bio_core_prot_spliceai,,esm1v_650m,Pure_XGBoost_Concat,0.7067,0.6766,0.7877,0.6263,0.7279,0.4193,0.7662,0.749,OURS
Train3Val_UniProt,cls,bio_core_dna_prot_spliceai,nt_v1_500m,esm1v_650m,Hybrid_Gating_XGBoost,0.7074,0.6807,0.7771,0.6383,0.7257,0.4193,0.7658,0.7389,OURS
Train3Val_UniProt,mean,dna_prot_spliceai,nt_v3_650m,esm2_650m,PyTorch_CrossAttn,0.7097,0.7095,0.7063,0.713,0.7079,0.4193,0.7656,0.7464,OURS
Train3Val_UniProt,center,bio_core_dna_prot_spliceai,nt_v3_650m,esm1v_650m,Pure_XGBoost_Concat,0.7059,0.6735,0.7952,0.6173,0.7293,0.4191,0.7839,0.7723,OURS
Train3Val_UniProt,mean,bio_core_dna_prot_spliceai,nt_v3_650m,esmc_600m,Hybrid_Transformer_XGBoost,0.7082,0.6871,0.7605,0.6562,0.7219,0.419,0.7703,0.7642,OURS
Train3Val_UniProt,mean,bio_dna_prot,nt_v2_500m,esm1b_650m,Hybrid_Concat_XGBoost,0.7074,0.6827,0.7711,0.6442,0.7242,0.4186,0.77,0.7567,OURS
Train3Val_UniProt,center,dna_prot_spliceai,nt_v2_500m,esm1b_650m,Pure_XGBoost_Concat,0.7089,0.7226,0.6747,0.7429,0.6978,0.4186,0.7733,0.7664,OURS
Train3Val_UniProt,mean,dna_prot_spliceai,nt_v2_500m,esm2_650m,PyTorch_Transformer,0.7082,0.7319,0.6536,0.7623,0.6905,0.4185,0.7599,0.745,OURS
Train3Val_UniProt,center,dna_prot,nt_v3_650m,esm1v_650m,PyTorch_CrossAttn,0.7089,0.7197,0.6807,0.7369,0.6997,0.4183,0.7745,0.7636,OURS
Train3Val_UniProt,center,bio_core_dna_prot_spliceai,nt_v3_650m,esm1b_650m,PyTorch_Gating,0.7074,0.6836,0.7681,0.6472,0.7234,0.4183,0.7875,0.7808,OURS
Train3Val_UniProt,mean,bio_core_dna_prot_spliceai,nt_v2_500m,esm1b_650m,PyTorch_Gating,0.7074,0.6836,0.7681,0.6472,0.7234,0.4183,0.7793,0.7587,OURS
Train3Val_UniProt,mean,bio_core_dna_prot_spliceai,nt_v1_500m,esm1v_650m,PyTorch_CrossAttn,0.7089,0.7,0.7274,0.6906,0.7134,0.4182,0.7637,0.7437,OURS
Train3Val_UniProt,center,dna_prot,nt_v3_650m,esm1v_650m,Hybrid_CrossAttn_XGBoost,0.7089,0.7018,0.7229,0.6951,0.7122,0.4181,0.7701,0.7598,OURS
Train3Val_UniProt,center,dna_prot,nt_v3_650m,esm1v_650m,Hybrid_Gating_XGBoost,0.7089,0.7012,0.7244,0.6936,0.7126,0.4181,0.7641,0.755,OURS
Train3Val_UniProt,center,dna_prot,nt_v2_500m,esm1v_650m,Hybrid_CrossAttn_XGBoost,0.7089,0.7041,0.7169,0.701,0.7104,0.418,0.7655,0.7542,OURS
Train3Val_UniProt,mean,dna_prot_spliceai,nt_v3_650m,esm2_650m,PyTorch_Gating,0.7089,0.7029,0.7199,0.6981,0.7113,0.418,0.7661,0.7518,OURS
Train3Val_UniProt,cls,bio_dna_prot,nt_v2_500m,esm1b_650m,Hybrid_Concat_XGBoost,0.7067,0.6798,0.7771,0.6368,0.7252,0.4179,0.7652,0.7494,OURS
Train3Val_UniProt,mean,bio_core_dna_prot_spliceai,nt_v2_500m,esm2_650m,Pure_XGBoost_Concat,0.7067,0.6798,0.7771,0.6368,0.7252,0.4179,0.7715,0.7472,OURS
Train3Val_UniProt,center,dna_prot,nt_v2_500m,esm1b_650m,Hybrid_Transformer_XGBoost,0.7089,0.7097,0.7033,0.7145,0.7065,0.4178,0.7818,0.7741,OURS
Train3Val_UniProt,center,dna_prot,nt_v2_500m,esmc_600m,Hybrid_Gating_XGBoost,0.7089,0.7097,0.7033,0.7145,0.7065,0.4178,0.771,0.7632,OURS
Train3Val_UniProt,center,bio_core_dna_prot,nt_v2_500m,esm1v_650m,Hybrid_CrossAttn_XGBoost,0.7059,0.6766,0.7846,0.6278,0.7266,0.4175,0.7848,0.765,OURS
Train3Val_UniProt,mean,bio_core_dna_prot_spliceai,nt_v1_500m,esm1b_650m,Hybrid_Gating_XGBoost,0.7059,0.6766,0.7846,0.6278,0.7266,0.4175,0.7766,0.7588,OURS
Train3Val_UniProt,cls,bio_core_prot_spliceai,,esm1b_650m,PyTorch_Concat,0.7074,0.6866,0.759,0.6562,0.721,0.4174,0.7754,0.7612,OURS
Train3Val_UniProt,mean,bio_core_dna_prot,nt_v1_500m,esm1v_650m,PyTorch_Gating,0.7074,0.6866,0.759,0.6562,0.721,0.4174,0.7615,0.7319,OURS
Train3Val_UniProt,cls,bio_core_prot_spliceai,,esm2_650m,Hybrid_Concat_XGBoost,0.7059,0.6771,0.7831,0.6293,0.7263,0.4173,0.7643,0.7271,OURS
Train3Val_UniProt,cls,dna_prot,nt_v2_500m,esm1b_650m,PyTorch_Transformer,0.7074,0.7322,0.6506,0.7638,0.689,0.4172,0.7534,0.7244,OURS
Train3Val_UniProt,mean,dna_prot,nt_v3_650m,esm2_650m,PyTorch_Transformer,0.7074,0.7322,0.6506,0.7638,0.689,0.4172,0.7709,0.7604,OURS
Train3Val_UniProt,mean,bio_core_dna_prot_spliceai,nt_v3_650m,esmc_600m,Pure_XGBoost_Concat,0.7059,0.6775,0.7816,0.6308,0.7259,0.4171,0.7761,0.773,OURS
Train3Val_UniProt,center,bio_core_dna_prot_spliceai,nt_v3_650m,esmc_600m,Pure_XGBoost_Concat,0.7052,0.6739,0.7907,0.6203,0.7277,0.417,0.7831,0.7652,OURS
Train3Val_UniProt,cls,bio_core_dna_prot_spliceai,nt_v1_500m,esm1v_650m,PyTorch_CrossAttn,0.7074,0.6882,0.7545,0.6607,0.7198,0.417,0.759,0.738,OURS
Train3Val_UniProt,mean,bio_core_dna_prot_spliceai,nt_v1_500m,esm1b_650m,PyTorch_Gating,0.7074,0.6882,0.7545,0.6607,0.7198,0.417,0.7742,0.7607,OURS
Train3Val_UniProt,center,bio_core_dna_prot_spliceai,nt_v1_500m,esm1v_650m,Hybrid_Concat_XGBoost,0.7067,0.6832,0.7666,0.6472,0.7225,0.4167,0.7757,0.7674,OURS
Train3Val_UniProt,center,dna_prot_spliceai,nt_v3_650m,esm1v_650m,Hybrid_Gating_XGBoost,0.7082,0.7001,0.7244,0.6921,0.7121,0.4167,0.7607,0.7592,OURS
Train3Val_UniProt,mean,bio_core_dna_prot_spliceai,nt_v1_500m,esm1v_650m,PyTorch_Gating,0.7052,0.6744,0.7892,0.6218,0.7273,0.4167,0.7663,0.7362,OURS
Train3Val_UniProt,center,dna_prot_spliceai,nt_v2_500m,esm1b_650m,PyTorch_Gating,0.7082,0.7152,0.6883,0.728,0.7015,0.4166,0.7758,0.7733,OURS
Train3Val_UniProt,mean,bio_core_dna_prot_spliceai,nt_v2_500m,esm2_650m,PyTorch_Transformer,0.7082,0.7031,0.7169,0.6996,0.7099,0.4165,0.7689,0.7458,OURS
Train3Val_UniProt,mean,bio_core_dna_prot_spliceai,nt_v2_500m,esmc_600m,PyTorch_Gating,0.7074,0.6908,0.747,0.6682,0.7178,0.4164,0.7676,0.7647,OURS
Train3Val_UniProt,center,dna_prot,nt_v1_500m,esm2_650m,Hybrid_Transformer_XGBoost,0.7082,0.7086,0.7033,0.713,0.706,0.4163,0.7717,0.7661,OURS
Train3Val_UniProt,center,dna_prot,nt_v2_500m,esm2_650m,PyTorch_Concat,0.7074,0.7268,0.6611,0.7534,0.6924,0.4163,0.7699,0.7632,OURS
Train3Val_UniProt,center,bio_core_dna_prot_spliceai,nt_v3_650m,esm1v_650m,PyTorch_Gating,0.7074,0.6913,0.7455,0.6697,0.7174,0.4163,0.775,0.7636,OURS
Train3Val_UniProt,cls,bio_core_dna_prot,nt_v2_500m,esm1v_650m,Hybrid_Concat_XGBoost,0.7059,0.6794,0.7756,0.6368,0.7243,0.4163,0.7664,0.7405,OURS
Train3Val_UniProt,mean,bio_core_dna_prot_spliceai,nt_v1_500m,esmc_600m,PyTorch_Concat,0.7074,0.6913,0.7455,0.6697,0.7174,0.4163,0.7641,0.7646,OURS
Train3Val_UniProt,mean,bio_dna_geom_prot,nt_v2_500m,esm1b_650m,Hybrid_Transformer_XGBoost,0.7067,0.7341,0.6446,0.7683,0.6864,0.4162,0.7645,0.7534,OURS
Train3Val_UniProt,cls,bio_core_dna_prot_spliceai,nt_v3_650m,esm1b_650m,Pure_XGBoost_Concat,0.7052,0.6757,0.7846,0.6263,0.7261,0.4161,0.7591,0.7431,OURS
Train3Val_UniProt,mean,bio_core_dna_prot_spliceai,nt_v1_500m,esmc_600m,Hybrid_Concat_XGBoost,0.7059,0.6799,0.7741,0.6383,0.7239,0.4161,0.7677,0.7566,OURS
Train3Val_UniProt,mean,geom_prot,nt_v2_500m,esm1b_650m,Hybrid_Concat_XGBoost,0.7074,0.7239,0.6672,0.7474,0.6944,0.4159,0.7783,0.7673,OURS
Train3Val_UniProt,mean,bio_core_dna_prot_spliceai,nt_v2_500m,esm1b_650m,Hybrid_Gating_XGBoost,0.7059,0.6804,0.7726,0.6398,0.7236,0.4159,0.7771,0.7591,OURS
Train3Val_UniProt,cls,bio_core_dna_prot_spliceai,nt_v1_500m,esm1b_650m,Pure_XGBoost_Concat,0.7044,0.6726,0.7922,0.6173,0.7275,0.4158,0.7614,0.7499,OURS
Train3Val_UniProt,center,bio_dna_geom,nt_v1_500m,esmc_600m,Hybrid_Concat_XGBoost,0.7059,0.7386,0.634,0.7773,0.6823,0.4157,0.764,0.7569,OURS
Train3Val_UniProt,cls,bio_core_dna_prot_spliceai,nt_v2_500m,esm1b_650m,Hybrid_CrossAttn_XGBoost,0.7052,0.6767,0.7816,0.6293,0.7254,0.4157,0.7713,0.7647,OURS
Train3Val_UniProt,mean,bio_core_dna_prot_spliceai,nt_v3_650m,esm2_650m,Hybrid_Transformer_XGBoost,0.7052,0.6767,0.7816,0.6293,0.7254,0.4157,0.7722,0.7497,OURS
Train3Val_UniProt,cls,bio_core_dna_prot_spliceai,nt_v3_650m,esm1b_650m,PyTorch_CrossAttn,0.7074,0.721,0.6732,0.7414,0.6963,0.4156,0.759,0.7413,OURS
Train3Val_UniProt,mean,bio_core_dna_prot_spliceai,nt_v2_500m,esmc_600m,PyTorch_Transformer,0.7074,0.6968,0.7304,0.6846,0.7132,0.4154,0.7692,0.7663,OURS
Train3Val_UniProt,center,bio_core_dna_prot_spliceai,nt_v1_500m,esm1v_650m,PyTorch_Concat,0.7059,0.6823,0.7666,0.6457,0.722,0.4153,0.7701,0.7609,OURS
Train3Val_UniProt,mean,dna_prot_spliceai,nt_v1_500m,esm1b_650m,Hybrid_Concat_XGBoost,0.7074,0.7182,0.6792,0.7354,0.6981,0.4153,0.7688,0.7585,OURS
Train3Val_UniProt,mean,bio_core_dna_prot_spliceai,nt_v1_500m,esm1b_650m,Hybrid_Concat_XGBoost,0.7059,0.6823,0.7666,0.6457,0.722,0.4153,0.7754,0.7569,OURS
Train3Val_UniProt,mean,dna_prot_spliceai,nt_v3_650m,esm1b_650m,Hybrid_Gating_XGBoost,0.7074,0.7175,0.6807,0.7339,0.6986,0.4153,0.7732,0.7517,OURS
Train3Val_UniProt,mean,bio_core_dna_prot,nt_v3_650m,esm1v_650m,Hybrid_CrossAttn_XGBoost,0.7059,0.6823,0.7666,0.6457,0.722,0.4153,0.765,0.7444,OURS
Train3Val_UniProt,cls,bio_core_dna_prot_spliceai,nt_v3_650m,esmc_600m,PyTorch_Concat,0.7067,0.6888,0.75,0.6637,0.7181,0.4152,0.7629,0.7467,OURS
Train3Val_UniProt,center,dna_prot_spliceai,nt_v2_500m,esm1b_650m,Hybrid_CrossAttn_XGBoost,0.7074,0.7154,0.6852,0.7294,0.7,0.4151,0.7742,0.779,OURS
Train3Val_UniProt,cls,bio_core_dna_prot,nt_v3_650m,esm1v_650m,Hybrid_Concat_XGBoost,0.7052,0.6781,0.7771,0.6338,0.7242,0.4151,0.7696,0.7567,OURS
Train3Val_UniProt,mean,bio_core_dna_prot_spliceai,nt_v3_650m,esm2_650m,PyTorch_Gating,0.7059,0.6828,0.7651,0.6472,0.7216,0.4151,0.7752,0.7529,OURS
Train3Val_UniProt,mean,bio_core_dna_prot_spliceai,nt_v3_650m,esmc_600m,PyTorch_Gating,0.7067,0.6893,0.7485,0.6652,0.7177,0.4151,0.7712,0.7635,OURS
Train3Val_UniProt,mean,bio_core_dna_prot,nt_v2_500m,esm1v_650m,PyTorch_Transformer,0.7074,0.7015,0.7184,0.6966,0.7098,0.415,0.7716,0.747,OURS
Train3Val_UniProt,center,dna_prot_spliceai,nt_v3_650m,esm1b_650m,Hybrid_Concat_XGBoost,0.7074,0.7045,0.7108,0.704,0.7076,0.4149,0.7849,0.7825,OURS
Train3Val_UniProt,cls,bio_core_dna_prot_spliceai,nt_v1_500m,esm1v_650m,PyTorch_Transformer,0.7074,0.7039,0.7123,0.7025,0.7081,0.4149,0.7568,0.7354,OURS
Train3Val_UniProt,mean,bio_core_dna_prot_spliceai,nt_v3_650m,esm1b_650m,Hybrid_Concat_XGBoost,0.7052,0.6785,0.7756,0.6353,0.7238,0.4149,0.7782,0.766,OURS
Train3Val_UniProt,center,dna_prot,nt_v2_500m,esm1b_650m,Hybrid_Concat_XGBoost,0.7074,0.7088,0.7003,0.7145,0.7045,0.4148,0.7751,0.7777,OURS
Train3Val_UniProt,center,dna_prot_spliceai,nt_v1_500m,esm2_650m,Hybrid_CrossAttn_XGBoost,0.7074,0.7063,0.7063,0.7085,0.7063,0.4148,0.7719,0.7607,OURS
Train3Val_UniProt,mean,bio_core_dna_prot_spliceai,nt_v1_500m,esm2_650m,PyTorch_Transformer,0.7067,0.692,0.741,0.6726,0.7156,0.4145,0.7663,0.7421,OURS
Train3Val_UniProt,center,bio_core_dna_prot_spliceai,nt_v3_650m,esm1v_650m,Hybrid_CrossAttn_XGBoost,0.7044,0.6758,0.7816,0.6278,0.7249,0.4143,0.7774,0.7641,OURS
Train3Val_UniProt,cls,bio_core_dna_prot_spliceai,nt_v1_500m,esm1v_650m,Hybrid_CrossAttn_XGBoost,0.7052,0.6799,0.7711,0.6398,0.7227,0.4143,0.7611,0.7349,OURS
Train3Val_UniProt,cls,bio_core_dna_prot_spliceai,nt_v3_650m,esmc_600m,Hybrid_Transformer_XGBoost,0.7052,0.6799,0.7711,0.6398,0.7227,0.4143,0.7607,0.7444,OURS
Train3Val_UniProt,mean,dna_geom_prot,nt_v2_500m,esm1b_650m,PyTorch_Gating,0.7044,0.7437,0.6205,0.7877,0.6765,0.4142,0.7746,0.7526,OURS
Train3Val_UniProt,cls,bio_core_dna_prot,nt_v1_500m,esm1v_650m,Hybrid_Concat_XGBoost,0.7052,0.6804,0.7696,0.6413,0.7223,0.4142,0.7672,0.742,OURS
Train3Val_UniProt,cls,bio_core_dna_prot,nt_v1_500m,esm1v_650m,PyTorch_Concat,0.7067,0.6947,0.7334,0.6801,0.7136,0.4141,0.7602,0.7391,OURS
Train3Val_UniProt,mean,dna_prot_spliceai,nt_v2_500m,esm2_650m,PyTorch_Concat,0.7067,0.7205,0.6717,0.7414,0.6952,0.4141,0.762,0.7419,OURS
Train3Val_UniProt,mean,bio_core_dna_prot_spliceai,nt_v2_500m,esm2_650m,Hybrid_Gating_XGBoost,0.7044,0.6762,0.7801,0.6293,0.7245,0.4141,0.7646,0.7311,OURS
Train3Val_UniProt,cls,dna_prot,nt_v3_650m,esm1b_650m,PyTorch_Concat,0.7067,0.7191,0.6747,0.7384,0.6962,0.414,0.7567,0.739,OURS
Train3Val_UniProt,mean,geom,nt_v2_500m,esm1b_650m,Pure_XGBoost_Concat,0.7067,0.7191,0.6747,0.7384,0.6962,0.414,0.7669,0.7555,OURS
Train3Val_UniProt,mean,bio_core_dna_prot_spliceai,nt_v3_650m,esm2_650m,Hybrid_CrossAttn_XGBoost,0.7052,0.6809,0.7681,0.6428,0.7219,0.414,0.7726,0.7409,OURS
Train3Val_UniProt,cls,prot_spliceai,,esm1b_650m,PyTorch_Concat,0.7059,0.729,0.6521,0.7593,0.6884,0.4139,0.7688,0.7501,OURS
Train3Val_UniProt,mean,dna_prot,nt_v3_650m,esm2_650m,Hybrid_CrossAttn_XGBoost,0.7067,0.717,0.6792,0.7339,0.6976,0.4138,0.7589,0.7407,OURS
Train3Val_UniProt,cls,dna_prot_spliceai,nt_v3_650m,esm1b_650m,PyTorch_Concat,0.7067,0.717,0.6792,0.7339,0.6976,0.4138,0.7481,0.7235,OURS
Train3Val_UniProt,mean,bio_core_dna_prot_spliceai,nt_v3_650m,esmc_600m,PyTorch_Concat,0.7067,0.697,0.7274,0.6861,0.7119,0.4138,0.7722,0.7679,OURS
Train3Val_UniProt,mean,bio_core_prot_spliceai,,esm1b_650m,Hybrid_Concat_XGBoost,0.7044,0.6772,0.7771,0.6323,0.7237,0.4137,0.777,0.7623,OURS
Train3Val_UniProt,mean,bio_core_prot_spliceai,,esmc_600m,PyTorch_Concat,0.7067,0.6987,0.7229,0.6906,0.7106,0.4137,0.7702,0.766,OURS
Train3Val_UniProt,mean,dna_prot_spliceai,nt_v3_650m,esm1b_650m,Hybrid_Concat_XGBoost,0.7067,0.7163,0.6807,0.7324,0.6981,0.4137,0.7789,0.7652,OURS
Train3Val_UniProt,mean,bio_core_dna_prot_spliceai,nt_v2_500m,esmc_600m,Hybrid_Gating_XGBoost,0.7044,0.6772,0.7771,0.6323,0.7237,0.4137,0.772,0.7562,OURS
Train3Val_UniProt,center,dna_prot,nt_v1_500m,esm2_650m,PyTorch_Concat,0.7067,0.715,0.6837,0.7294,0.699,0.4136,0.7625,0.7572,OURS
Train3Val_UniProt,mean,bio_dna_prot,nt_v2_500m,esm1b_650m,Hybrid_Transformer_XGBoost,0.7052,0.6824,0.7636,0.6472,0.7207,0.4135,0.7739,0.753,OURS
Train3Val_UniProt,center,dna_prot,nt_v3_650m,esm1v_650m,Hybrid_Transformer_XGBoost,0.7067,0.7016,0.7154,0.6981,0.7084,0.4135,0.7656,0.758,OURS
Train3Val_UniProt,center,dna_prot,nt_v1_500m,esm1v_650m,Pure_XGBoost_Concat,0.7067,0.7097,0.6958,0.7175,0.7027,0.4134,0.7568,0.7421,OURS
Train3Val_UniProt,cls,bio_core_dna_prot_spliceai,nt_v3_650m,esmc_600m,PyTorch_Transformer,0.7067,0.7022,0.7139,0.6996,0.708,0.4134,0.7623,0.744,OURS
Train3Val_UniProt,mean,dna_prot,nt_v3_650m,esm2_650m,PyTorch_Concat,0.7067,0.7059,0.7048,0.7085,0.7054,0.4133,0.7696,0.7534,OURS
Train3Val_UniProt,mean,bio_core_dna_prot_spliceai,nt_v3_650m,esm1v_650m,Hybrid_Concat_XGBoost,0.7037,0.6749,0.7816,0.6263,0.7244,0.4128,0.7648,0.7387,OURS
Train3Val_UniProt,cls,prot,,esm1b_650m,PyTorch_Concat,0.7059,0.7201,0.6702,0.7414,0.6942,0.4127,0.7624,0.736,OURS
Train3Val_UniProt,cls,prot,,esm1b_650m,PyTorch_Concat,0.7059,0.7201,0.6702,0.7414,0.6942,0.4127,0.7624,0.736,OURS
Train3Val_UniProt,cls,prot,,esm1b_650m,PyTorch_Concat,0.7059,0.7201,0.6702,0.7414,0.6942,0.4127,0.7624,0.736,OURS
Train3Val_UniProt,cls,prot,,esm1b_650m,PyTorch_Concat,0.7059,0.7201,0.6702,0.7414,0.6942,0.4127,0.7624,0.736,OURS
Train3Val_UniProt,cls,prot,,esm1b_650m,PyTorch_Concat,0.7059,0.7201,0.6702,0.7414,0.6942,0.4127,0.7624,0.736,OURS
Train3Val_UniProt,mean,bio_core_dna_prot,nt_v2_500m,esm1v_650m,Hybrid_Gating_XGBoost,0.7044,0.6795,0.7696,0.6398,0.7218,0.4127,0.7658,0.7433,OURS
Train3Val_UniProt,cls,bio_core_prot_spliceai,,esm2_650m,Pure_XGBoost_Concat,0.7037,0.6754,0.7801,0.6278,0.724,0.4126,0.7638,0.7279,OURS
Train3Val_UniProt,mean,bio_core_prot_spliceai,,esmc_600m,Hybrid_Concat_XGBoost,0.7037,0.6754,0.7801,0.6278,0.724,0.4126,0.7796,0.7621,OURS
Train3Val_UniProt,mean,bio_core_dna_prot_spliceai,nt_v3_650m,esm1b_650m,Hybrid_Transformer_XGBoost,0.7044,0.68,0.7681,0.6413,0.7214,0.4126,0.7723,0.7597,OURS
Train3Val_UniProt,center,dna_prot,nt_v1_500m,esm1b_650m,PyTorch_Gating,0.7059,0.7179,0.6747,0.7369,0.6957,0.4125,0.7749,0.7759,OURS
Train3Val_UniProt,cls,geom_prot,nt_v2_500m,esm1b_650m,PyTorch_Concat,0.7022,0.7524,0.5994,0.8042,0.6672,0.4125,0.7588,0.743,OURS
Train3Val_UniProt,cls,bio_core_dna_prot_spliceai,nt_v3_650m,esm1b_650m,Hybrid_Concat_XGBoost,0.7037,0.6758,0.7786,0.6293,0.7236,0.4124,0.7691,0.7506,OURS
Train3Val_UniProt,cls,bio_core_dna_prot,nt_v1_500m,esm1v_650m,PyTorch_Transformer,0.7052,0.6864,0.7515,0.6592,0.7175,0.4124,0.7667,0.7447,OURS
Train3Val_UniProt,mean,bio_core_dna_prot_spliceai,nt_v1_500m,esmc_600m,Hybrid_Gating_XGBoost,0.7044,0.6805,0.7666,0.6428,0.721,0.4124,0.7724,0.7674,OURS
Train3Val_UniProt,center,dna_geom_prot,nt_v1_500m,esmc_600m,Hybrid_Concat_XGBoost,0.7037,0.7406,0.6235,0.7833,0.677,0.4121,0.771,0.7717,OURS
Train3Val_UniProt,center,dna_prot,nt_v2_500m,esm1b_650m,Hybrid_Gating_XGBoost,0.7059,0.7125,0.6867,0.725,0.6994,0.412,0.7642,0.7538,OURS
Train3Val_UniProt,cls,bio_core_dna_prot_spliceai,nt_v1_500m,esmc_600m,PyTorch_Transformer,0.7059,0.7012,0.7139,0.6981,0.7075,0.412,0.7562,0.7392,OURS
Train3Val_UniProt,cls,dna_prot_spliceai,nt_v3_650m,esm1b_650m,PyTorch_Gating,0.7052,0.7255,0.6566,0.7534,0.6893,0.412,0.755,0.7376,OURS
Train3Val_UniProt,mean,bio_core_prot_spliceai,,esm1b_650m,PyTorch_Concat,0.7059,0.7012,0.7139,0.6981,0.7075,0.412,0.7722,0.7548,OURS
Train3Val_UniProt,mean,bio_core_prot_spliceai,,esm2_650m,PyTorch_Concat,0.7052,0.6879,0.747,0.6637,0.7162,0.412,0.7741,0.7445,OURS
Train3Val_UniProt,mean,bio_core_dna_prot_spliceai,nt_v1_500m,esmc_600m,PyTorch_CrossAttn,0.7059,0.7012,0.7139,0.6981,0.7075,0.412,0.7702,0.7657,OURS
Train3Val_UniProt,mean,bio_core_dna_prot_spliceai,nt_v2_500m,esm2_650m,Hybrid_Transformer_XGBoost,0.7037,0.6767,0.7756,0.6323,0.7228,0.412,0.7734,0.7461,OURS
Train3Val_UniProt,center,dna_prot_spliceai,nt_v1_500m,esm1v_650m,Pure_XGBoost_Concat,0.7059,0.7086,0.6958,0.716,0.7021,0.4119,0.7599,0.7426,OURS
Train3Val_UniProt,cls,bio_core_dna_prot,nt_v2_500m,esm1v_650m,PyTorch_Transformer,0.7059,0.7018,0.7123,0.6996,0.707,0.4119,0.7557,0.7338,OURS
Train3Val_UniProt,center,dna_prot_spliceai,nt_v3_650m,esm2_650m,Hybrid_Concat_XGBoost,0.7059,0.7048,0.7048,0.707,0.7048,0.4118,0.7685,0.7628,OURS
Train3Val_UniProt,cls,prot_spliceai,,esm1b_650m,Hybrid_Concat_XGBoost,0.7059,0.7067,0.7003,0.7115,0.7035,0.4118,0.7609,0.7433,OURS
Train3Val_UniProt,mean,dna_prot_spliceai,nt_v3_650m,esm1b_650m,Pure_XGBoost_Concat,0.7059,0.7054,0.7033,0.7085,0.7044,0.4118,0.7796,0.7504,OURS
Train3Val_UniProt,mean,dna_prot,nt_v3_650m,esm2_650m,PyTorch_CrossAttn,0.7052,0.7203,0.6672,0.7429,0.6927,0.4113,0.7727,0.7499,OURS
Train3Val_UniProt,center,bio_core_dna_prot_spliceai,nt_v3_650m,esm1v_650m,Hybrid_Concat_XGBoost,0.7037,0.6786,0.7696,0.6383,0.7212,0.4113,0.7761,0.7555,OURS
Train3Val_UniProt,cls,bio_core_dna_prot_spliceai,nt_v2_500m,esm1b_650m,Pure_XGBoost_Concat,0.7022,0.6709,0.7892,0.6158,0.7253,0.4111,0.7603,0.7363,OURS
Train3Val_UniProt,cls,bio_core_dna_prot_spliceai,nt_v1_500m,esm1v_650m,Hybrid_Transformer_XGBoost,0.7037,0.6796,0.7666,0.6413,0.7205,0.411,0.7565,0.7337,OURS
Train3Val_UniProt,mean,bio_core_dna_prot_spliceai,nt_v1_500m,esm1v_650m,Hybrid_Transformer_XGBoost,0.7037,0.6796,0.7666,0.6413,0.7205,0.411,0.7628,0.7392,OURS
Train3Val_UniProt,cls,bio_core_dna_prot_spliceai,nt_v3_650m,esm1v_650m,Hybrid_Transformer_XGBoost,0.7029,0.6754,0.7771,0.6293,0.7227,0.4108,0.7713,0.7488,OURS
Train3Val_UniProt,mean,bio_core_dna_prot_spliceai,nt_v2_500m,esm1v_650m,Pure_XGBoost_Concat,0.7029,0.6754,0.7771,0.6293,0.7227,0.4108,0.7621,0.7349,OURS
Train3Val_UniProt,mean,bio_core_dna_prot_spliceai,nt_v1_500m,esmc_600m,PyTorch_Gating,0.7044,0.6865,0.7485,0.6607,0.7161,0.4107,0.7681,0.7643,OURS
Train3Val_UniProt,mean,bio_core_dna_prot_spliceai,nt_v2_500m,esmc_600m,PyTorch_CrossAttn,0.7052,0.7141,0.6807,0.7294,0.697,0.4107,0.7649,0.7592,OURS
Train3Val_UniProt,center,dna_prot,nt_v1_500m,esm1b_650m,PyTorch_Concat,0.7052,0.7127,0.6837,0.7265,0.6979,0.4106,0.7636,0.7656,OURS
Train3Val_UniProt,center,dna_prot_spliceai,nt_v2_500m,esmc_600m,Hybrid_Transformer_XGBoost,0.7052,0.6984,0.7184,0.6921,0.7082,0.4106,0.7757,0.7714,OURS
Train3Val_UniProt,mean,bio_core_dna_prot_spliceai,nt_v2_500m,esm2_650m,PyTorch_Concat,0.7052,0.6996,0.7154,0.6951,0.7074,0.4105,0.7691,0.743,OURS
Train3Val_UniProt,center,dna_prot,nt_v3_650m,esm2_650m,Hybrid_Concat_XGBoost,0.7052,0.7013,0.7108,0.6996,0.7061,0.4104,0.7729,0.7632,OURS
Train3Val_UniProt,center,dna_prot_spliceai,nt_v2_500m,esm1v_650m,PyTorch_Concat,0.7052,0.7075,0.6958,0.7145,0.7016,0.4104,0.7619,0.7534,OURS
Train3Val_UniProt,center,dna_prot_spliceai,nt_v2_500m,esm2_650m,Hybrid_Gating_XGBoost,0.7052,0.7081,0.6943,0.716,0.7011,0.4104,0.7684,0.7525,OURS
Train3Val_UniProt,mean,dna_prot_spliceai,nt_v1_500m,esm2_650m,PyTorch_Gating,0.7052,0.7081,0.6943,0.716,0.7011,0.4104,0.7611,0.7497,OURS
Train3Val_UniProt,mean,bio_core_dna_prot_spliceai,nt_v3_650m,esmc_600m,PyTorch_CrossAttn,0.7052,0.705,0.7018,0.7085,0.7034,0.4103,0.7634,0.7576,OURS
Train3Val_UniProt,cls,bio_core_dna_prot_spliceai,nt_v1_500m,esm1v_650m,Pure_XGBoost_Concat,0.7022,0.6727,0.7831,0.6218,0.7237,0.4102,0.7604,0.7449,OURS
Train3Val_UniProt,cls,bio_core_dna_prot,nt_v1_500m,esm1v_650m,Hybrid_Transformer_XGBoost,0.7029,0.6772,0.7711,0.6353,0.7211,0.4101,0.7649,0.7455,OURS
Train3Val_UniProt,cls,bio_core_dna_prot_spliceai,nt_v3_650m,esmc_600m,Pure_XGBoost_Concat,0.7022,0.6732,0.7816,0.6233,0.7233,0.41,0.7741,0.7667,OURS
Train3Val_UniProt,cls,bio_dna_prot,nt_v2_500m,esm1b_650m,Pure_XGBoost_Concat,0.7014,0.6696,0.7907,0.6129,0.7251,0.4099,0.7601,0.735,OURS
Train3Val_UniProt,cls,bio_core_dna_prot_spliceai,nt_v3_650m,esm2_650m,Hybrid_Concat_XGBoost,0.7029,0.6777,0.7696,0.6368,0.7207,0.4099,0.766,0.7393,OURS
Train3Val_UniProt,mean,bio_core_dna_prot_spliceai,nt_v2_500m,esm1v_650m,Hybrid_CrossAttn_XGBoost,0.7029,0.6777,0.7696,0.6368,0.7207,0.4099,0.7617,0.7347,OURS
Train3Val_UniProt,center,dna_prot,nt_v1_500m,esm1v_650m,PyTorch_Transformer,0.7044,0.7177,0.6702,0.7384,0.6931,0.4096,0.753,0.7459,OURS
Train3Val_UniProt,mean,dna_prot_spliceai,nt_v2_500m,esm1b_650m,Hybrid_Gating_XGBoost,0.7044,0.7157,0.6747,0.7339,0.6946,0.4094,0.7715,0.7615,OURS
Train3Val_UniProt,mean,dna_prot,nt_v3_650m,esm2_650m,PyTorch_Gating,0.7044,0.715,0.6762,0.7324,0.695,0.4093,0.7665,0.7495,OURS
Train3Val_UniProt,cls,bio_core_dna_prot,nt_v2_500m,esm1v_650m,Hybrid_Gating_XGBoost,0.7014,0.671,0.7861,0.6173,0.724,0.4092,0.76,0.7362,OURS
Train3Val_UniProt,center,dna_geom_prot,nt_v1_500m,esmc_600m,PyTorch_Gating,0.6977,0.7669,0.5648,0.8296,0.6505,0.4091,0.7729,0.7732,OURS
Train3Val_UniProt,mean,dna_prot,nt_v2_500m,esm2_650m,PyTorch_Gating,0.7044,0.7096,0.6883,0.7205,0.6988,0.409,0.7651,0.7452,OURS
Train3Val_UniProt,cls,bio_core_dna_prot,nt_v3_650m,esm1v_650m,Hybrid_Gating_XGBoost,0.7022,0.6754,0.7741,0.6308,0.7214,0.409,0.7692,0.7533,OURS
Train3Val_UniProt,mean,bio_core_dna_prot_spliceai,nt_v2_500m,esmc_600m,Hybrid_CrossAttn_XGBoost,0.7022,0.6754,0.7741,0.6308,0.7214,0.409,0.7721,0.7619,OURS
Train3Val_UniProt,mean,bio_core_dna_prot,nt_v2_500m,esm1v_650m,PyTorch_CrossAttn,0.7044,0.709,0.6898,0.719,0.6992,0.4089,0.7656,0.7318,OURS
Train3Val_UniProt,mean,bio_core_dna_prot_spliceai,nt_v1_500m,esm2_650m,Hybrid_Gating_XGBoost,0.7022,0.6759,0.7726,0.6323,0.721,0.4088,0.7685,0.7357,OURS
Train3Val_UniProt,cls,bio_core_dna_prot_spliceai,nt_v3_650m,esm1v_650m,PyTorch_Gating,0.7029,0.6816,0.7575,0.6487,0.7175,0.4086,0.7619,0.7402,OURS
Train3Val_UniProt,cls,bio_core_dna_prot_spliceai,nt_v3_650m,esm1v_650m,Hybrid_CrossAttn_XGBoost,0.7014,0.6727,0.7801,0.6233,0.7225,0.4084,0.7654,0.7366,OURS
Train3Val_UniProt,mean,dna_prot,nt_v3_650m,esm2_650m,Hybrid_Transformer_XGBoost,0.7037,0.7166,0.6702,0.7369,0.6926,0.4081,0.755,0.726,OURS
Train3Val_UniProt,cls,bio_core_dna_prot_spliceai,nt_v3_650m,esm1b_650m,Hybrid_CrossAttn_XGBoost,0.7022,0.6778,0.7666,0.6383,0.7194,0.4081,0.7687,0.7548,OURS
Train3Val_UniProt,cls,bio_core_dna_prot_spliceai,nt_v2_500m,esmc_600m,Hybrid_Concat_XGBoost,0.7022,0.6778,0.7666,0.6383,0.7194,0.4081,0.7641,0.7471,OURS
Train3Val_UniProt,cls,bio_core_dna_prot,nt_v3_650m,esm1v_650m,PyTorch_Transformer,0.7037,0.7166,0.6702,0.7369,0.6926,0.4081,0.7611,0.7355,OURS
Train3Val_UniProt,cls,bio_core_dna_prot_spliceai,nt_v2_500m,esm1b_650m,PyTorch_Transformer,0.7037,0.7111,0.6822,0.725,0.6964,0.4076,0.7616,0.749,OURS
Train3Val_UniProt,center,dna_prot_spliceai,nt_v3_650m,esm1v_650m,PyTorch_Transformer,0.7022,0.7314,0.6355,0.7683,0.6801,0.4075,0.7601,0.7619,OURS
Train3Val_UniProt,cls,bio_core_prot_spliceai,,esm2_650m,PyTorch_Concat,0.7029,0.6861,0.744,0.6622,0.7139,0.4075,0.757,0.7227,OURS
Train3Val_UniProt,cls,dna_prot_spliceai,nt_v3_650m,esm1b_650m,PyTorch_Transformer,0.6999,0.7481,0.5994,0.7997,0.6656,0.4075,0.7614,0.7418,OURS
Train3Val_UniProt,cls,bio_dna_prot,nt_v2_500m,esm1b_650m,Hybrid_Gating_XGBoost,0.7014,0.675,0.7726,0.6308,0.7205,0.4074,0.76,0.7402,OURS
Train3Val_UniProt,cls,bio_dna_geom_prot,nt_v2_500m,esm1b_650m,PyTorch_Concat,0.7037,0.7085,0.6883,0.719,0.6982,0.4074,0.7701,0.7609,OURS
Train3Val_UniProt,cls,bio_core_dna_prot_spliceai,nt_v3_650m,esm2_650m,PyTorch_Concat,0.7037,0.7066,0.6928,0.7145,0.6996,0.4074,0.7474,0.7183,OURS
Train3Val_UniProt,cls,bio_core_dna_prot_spliceai,nt_v2_500m,esm1b_650m,Hybrid_Transformer_XGBoost,0.7007,0.671,0.7831,0.6188,0.7227,0.4074,0.765,0.7473,OURS
Train3Val_UniProt,cls,bio_core_dna_prot,nt_v3_650m,esm1v_650m,Hybrid_Transformer_XGBoost,0.7014,0.675,0.7726,0.6308,0.7205,0.4074,0.7674,0.7528,OURS
Train3Val_UniProt,center,dna_prot,nt_v1_500m,esmc_600m,Hybrid_Concat_XGBoost,0.7037,0.7023,0.7033,0.704,0.7028,0.4073,0.7756,0.7748,OURS
Train3Val_UniProt,mean,dna_prot_spliceai,nt_v3_650m,esm2_650m,Pure_XGBoost_Concat,0.7037,0.7035,0.7003,0.707,0.7019,0.4073,0.7535,0.7345,OURS
Train3Val_UniProt,cls,bio_core_dna_prot_spliceai,nt_v2_500m,esm2_650m,Hybrid_CrossAttn_XGBoost,0.7014,0.6755,0.7711,0.6323,0.7201,0.4072,0.7519,0.7357,OURS
Train3Val_UniProt,cls,bio_core_dna_prot_spliceai,nt_v3_650m,esm1b_650m,PyTorch_Gating,0.7029,0.6893,0.7349,0.6712,0.7114,0.4069,0.7699,0.7571,OURS
Train3Val_UniProt,cls,bio_core_dna_prot_spliceai,nt_v2_500m,esm2_650m,Hybrid_Concat_XGBoost,0.7022,0.6816,0.7545,0.6502,0.7162,0.4069,0.7578,0.7277,OURS
Train3Val_UniProt,cls,bio_core_dna_prot,nt_v2_500m,esm1v_650m,PyTorch_Concat,0.7029,0.719,0.6627,0.7429,0.6897,0.4069,0.7627,0.7359,OURS
Train3Val_UniProt,mean,dna_prot_spliceai,nt_v1_500m,esm2_650m,PyTorch_CrossAttn,0.7029,0.7154,0.6702,0.7354,0.6921,0.4065,0.7481,0.7347,OURS
Train3Val_UniProt,mean,bio_core_dna_prot_spliceai,nt_v3_650m,esm2_650m,PyTorch_Concat,0.7022,0.6836,0.7485,0.6562,0.7146,0.4064,0.7696,0.7473,OURS
Train3Val_UniProt,mean,dna_prot,nt_v1_500m,esm2_650m,PyTorch_Concat,0.7029,0.7134,0.6747,0.7309,0.6935,0.4063,0.755,0.7395,OURS
Train3Val_UniProt,mean,dna_prot,nt_v3_650m,esm1b_650m,Hybrid_Gating_XGBoost,0.7029,0.7134,0.6747,0.7309,0.6935,0.4063,0.773,0.7597,OURS
Train3Val_UniProt,cls,bio_core_dna_prot_spliceai,nt_v1_500m,esm1v_650m,Hybrid_Concat_XGBoost,0.6999,0.6697,0.7846,0.6158,0.7226,0.4062,0.7654,0.743,OURS
Train3Val_UniProt,cls,bio_core_dna_prot,nt_v1_500m,esm1v_650m,Hybrid_Gating_XGBoost,0.7007,0.6737,0.7741,0.6278,0.7204,0.4062,0.7644,0.7456,OURS
Train3Val_UniProt,cls,bio_core_dna_prot,nt_v3_650m,esm1v_650m,PyTorch_CrossAttn,0.7029,0.7114,0.6792,0.7265,0.6949,0.4062,0.7625,0.7454,OURS
Train3Val_UniProt,cls,bio_core_dna_prot,nt_v2_500m,esm1v_650m,Hybrid_Transformer_XGBoost,0.7014,0.6783,0.762,0.6413,0.7177,0.4062,0.7605,0.7456,OURS
Train3Val_UniProt,cls,bio_core_dna_prot_spliceai,nt_v2_500m,esm1v_650m,PyTorch_CrossAttn,0.7029,0.6965,0.7154,0.6906,0.7058,0.4061,0.7574,0.7323,OURS
Train3Val_UniProt,cls,bio_dna_prot,nt_v2_500m,esm1b_650m,Hybrid_Transformer_XGBoost,0.7007,0.6741,0.7726,0.6293,0.72,0.406,0.763,0.7449,OURS
Train3Val_UniProt,center,bio_core_dna_prot_spliceai,nt_v1_500m,esm1b_650m,PyTorch_Concat,0.7022,0.6852,0.744,0.6607,0.7134,0.406,0.7715,0.7663,OURS
Train3Val_UniProt,cls,bio_core_dna_prot_spliceai,nt_v1_500m,esm2_650m,Pure_XGBoost_Concat,0.7007,0.6741,0.7726,0.6293,0.72,0.406,0.7637,0.7353,OURS
Train3Val_UniProt,mean,bio_core_dna_prot_spliceai,nt_v3_650m,esm1b_650m,Hybrid_Gating_XGBoost,0.7014,0.6788,0.7605,0.6428,0.7173,0.406,0.7725,0.7621,OURS
Train3Val_UniProt,mean,bio_core_dna_prot_spliceai,nt_v3_650m,esm1v_650m,Pure_XGBoost_Concat,0.6999,0.6701,0.7831,0.6173,0.7222,0.406,0.7642,0.7411,OURS
Train3Val_UniProt,cls,bio_core_dna_prot_spliceai,nt_v3_650m,esm2_650m,PyTorch_Gating,0.7014,0.6792,0.759,0.6442,0.7169,0.4059,0.7528,0.7196,OURS
Train3Val_UniProt,mean,bio_core_dna_prot_spliceai,nt_v3_650m,esmc_600m,PyTorch_Transformer,0.7022,0.6862,0.741,0.6637,0.7125,0.4058,0.7702,0.7602,OURS
Train3Val_UniProt,cls,bio_core_dna_prot_spliceai,nt_v1_500m,esm1b_650m,PyTorch_Concat,0.7022,0.7192,0.6596,0.7444,0.6881,0.4055,0.7622,0.7541,OURS
Train3Val_UniProt,cls,bio_core_dna_prot_spliceai,nt_v1_500m,esmc_600m,Hybrid_Concat_XGBoost,0.6999,0.6714,0.7786,0.6218,0.7211,0.4054,0.7697,0.7628,OURS
Train3Val_UniProt,mean,bio_core_dna_prot_spliceai,nt_v3_650m,esm2_650m,PyTorch_CrossAttn,0.7022,0.6904,0.7289,0.6756,0.7092,0.4051,0.7661,0.7404,OURS
Train3Val_UniProt,mean,bio_core_dna_prot_spliceai,nt_v1_500m,esm2_650m,PyTorch_Concat,0.7007,0.6769,0.7636,0.6383,0.7176,0.4049,0.765,0.7459,OURS
Train3Val_UniProt,cls,bio_core_dna_prot,nt_v1_500m,esm1v_650m,PyTorch_Gating,0.7022,0.6943,0.7184,0.6861,0.7061,0.4047,0.7561,0.7379,OURS
Train3Val_UniProt,cls,bio_core_dna_prot_spliceai,nt_v2_500m,esmc_600m,Pure_XGBoost_Concat,0.6992,0.6692,0.7831,0.6158,0.7217,0.4046,0.7702,0.7517,OURS
Train3Val_UniProt,cls,bio_core_dna_prot,nt_v2_500m,esm1v_650m,Hybrid_CrossAttn_XGBoost,0.6999,0.6737,0.7711,0.6293,0.7191,0.4044,0.7656,0.7458,OURS
Train3Val_UniProt,mean,bio_core_dna_prot_spliceai,nt_v1_500m,esm1v_650m,Hybrid_Concat_XGBoost,0.6999,0.6737,0.7711,0.6293,0.7191,0.4044,0.7612,0.7382,OURS
Train3Val_UniProt,cls,bio_core_prot_spliceai,,esm1b_650m,Hybrid_Concat_XGBoost,0.6999,0.6741,0.7696,0.6308,0.7187,0.4042,0.7678,0.7456,OURS
Train3Val_UniProt,cls,bio_core_dna_prot,nt_v2_500m,esm1v_650m,PyTorch_Gating,0.7007,0.6793,0.756,0.6457,0.7156,0.4042,0.7553,0.7382,OURS
Train3Val_UniProt,cls,bio_core_prot_spliceai,,esmc_600m,Pure_XGBoost_Concat,0.6992,0.6701,0.7801,0.6188,0.7209,0.4041,0.772,0.7611,OURS
Train3Val_UniProt,mean,bio_core_prot_spliceai,,esm1v_650m,Pure_XGBoost_Concat,0.6992,0.6701,0.7801,0.6188,0.7209,0.4041,0.7594,0.7353,OURS
Train3Val_UniProt,cls,bio_core_dna_prot_spliceai,nt_v2_500m,esmc_600m,Hybrid_Gating_XGBoost,0.7007,0.6798,0.7545,0.6472,0.7152,0.404,0.7551,0.7414,OURS
Train3Val_UniProt,cls,bio_core_prot_spliceai,,esm1v_650m,Hybrid_Concat_XGBoost,0.6992,0.6706,0.7786,0.6203,0.7206,0.4039,0.7638,0.7452,OURS
Train3Val_UniProt,mean,bio_core_dna_prot_spliceai,nt_v3_650m,esm1v_650m,Hybrid_Gating_XGBoost,0.6999,0.6755,0.7651,0.6353,0.7175,0.4037,0.7616,0.7324,OURS
Train3Val_UniProt,cls,bio_core_dna_prot_spliceai,nt_v2_500m,esm1v_650m,Hybrid_Gating_XGBoost,0.6984,0.6675,0.7861,0.6114,0.722,0.4036,0.7493,0.7243,OURS
Train3Val_UniProt,cls,bio_core_dna_prot,nt_v2_500m,esm1v_650m,PyTorch_CrossAttn,0.7014,0.69,0.7274,0.6756,0.7082,0.4036,0.7539,0.7328,OURS
Train3Val_UniProt,center,dna_prot_spliceai,nt_v2_500m,esm1v_650m,Hybrid_CrossAttn_XGBoost,0.7014,0.6916,0.7229,0.6801,0.7069,0.4034,0.7615,0.7558,OURS
Train3Val_UniProt,cls,bio_core_dna_prot_spliceai,nt_v1_500m,esmc_600m,Hybrid_Transformer_XGBoost,0.6992,0.6719,0.7741,0.6248,0.7194,0.4033,0.756,0.7409,OURS
Train3Val_UniProt,mean,dna_prot,nt_v2_500m,esm2_650m,PyTorch_Transformer,0.7007,0.7219,0.6491,0.7519,0.6836,0.4032,0.7662,0.7435,OURS
Train3Val_UniProt,cls,bio_core_dna_prot_spliceai,nt_v3_650m,esm1v_650m,Pure_XGBoost_Concat,0.6984,0.6684,0.7831,0.6143,0.7212,0.4032,0.7654,0.7466,OURS
Train3Val_UniProt,cls,bio_core_dna_prot_spliceai,nt_v2_500m,esm1v_650m,PyTorch_Transformer,0.7014,0.7085,0.6807,0.722,0.6943,0.4031,0.7608,0.742,OURS
Train3Val_UniProt,cls,bio_core_dna_prot_spliceai,nt_v2_500m,esmc_600m,PyTorch_Gating,0.7007,0.6833,0.744,0.6577,0.7123,0.4031,0.7489,0.7365,OURS
Train3Val_UniProt,mean,dna_prot_spliceai,nt_v1_500m,esm1b_650m,Hybrid_Gating_XGBoost,0.7014,0.7085,0.6807,0.722,0.6943,0.4031,0.7686,0.7612,OURS
Train3Val_UniProt,cls,prot,,esm1b_650m,Hybrid_Concat_XGBoost,0.7014,0.7065,0.6852,0.7175,0.6957,0.403,0.7582,0.7517,OURS
Train3Val_UniProt,cls,prot,,esm1b_650m,Hybrid_Concat_XGBoost,0.7014,0.7065,0.6852,0.7175,0.6957,0.403,0.7582,0.7517,OURS
Train3Val_UniProt,cls,prot,,esm1b_650m,Hybrid_Concat_XGBoost,0.7014,0.7065,0.6852,0.7175,0.6957,0.403,0.7582,0.7517,OURS
Train3Val_UniProt,cls,prot,,esm1b_650m,Hybrid_Concat_XGBoost,0.7014,0.7065,0.6852,0.7175,0.6957,0.403,0.7582,0.7517,OURS
Train3Val_UniProt,cls,prot,,esm1b_650m,Hybrid_Concat_XGBoost,0.7014,0.7065,0.6852,0.7175,0.6957,0.403,0.7582,0.7517,OURS
Train3Val_UniProt,center,dna_prot,nt_v3_650m,esm1v_650m,Hybrid_Concat_XGBoost,0.7014,0.695,0.7139,0.6891,0.7043,0.403,0.769,0.7638,OURS
Train3Val_UniProt,mean,bio_core_dna_prot_spliceai,nt_v2_500m,esm1v_650m,Hybrid_Gating_XGBoost,0.6992,0.6733,0.7696,0.6293,0.7182,0.4028,0.7608,0.7401,OURS
Train3Val_UniProt,mean,dna_prot,nt_v3_650m,esmc_600m,PyTorch_CrossAttn,0.6954,0.758,0.5708,0.8191,0.6512,0.4027,0.75,0.7596,OURS
Train3Val_UniProt,cls,bio_core_prot_spliceai,,esm1b_650m,Pure_XGBoost_Concat,0.6984,0.6693,0.7801,0.6173,0.7204,0.4027,0.7633,0.7533,OURS
Train3Val_UniProt,cls,bio_core_dna_prot_spliceai,nt_v1_500m,esmc_600m,Hybrid_Gating_XGBoost,0.6992,0.6737,0.7681,0.6308,0.7178,0.4026,0.758,0.7434,OURS
Train3Val_UniProt,mean,bio_core_dna_prot_spliceai,nt_v2_500m,esm1v_650m,Hybrid_Concat_XGBoost,0.6977,0.6662,0.7877,0.6084,0.7219,0.4024,0.7609,0.7373,OURS
Train3Val_UniProt,cls,bio_core_dna_prot_spliceai,nt_v1_500m,esm1b_650m,Hybrid_Gating_XGBoost,0.6984,0.6706,0.7756,0.6218,0.7193,0.4021,0.7648,0.7447,OURS
Train3Val_UniProt,mean,dna_prot_spliceai,nt_v1_500m,esm2_650m,PyTorch_Concat,0.6999,0.7237,0.6431,0.7564,0.681,0.4021,0.7469,0.7382,OURS
Train3Val_UniProt,cls,bio_dna_prot,nt_v2_500m,esm1b_650m,PyTorch_Concat,0.6999,0.6808,0.7485,0.6517,0.7131,0.402,0.7564,0.7453,OURS
Train3Val_UniProt,mean,dna_geom_prot,nt_v2_500m,esm1b_650m,PyTorch_Concat,0.6969,0.6637,0.7937,0.6009,0.7229,0.402,0.7682,0.7536,OURS
Train3Val_UniProt,mean,bio_core_dna_prot_spliceai,nt_v3_650m,esmc_600m,Hybrid_Concat_XGBoost,0.6984,0.671,0.7741,0.6233,0.7189,0.4019,0.7719,0.7646,OURS
Train3Val_UniProt,cls,dna_prot,nt_v2_500m,esm1b_650m,Pure_XGBoost_Concat,0.7007,0.6923,0.7184,0.6831,0.7051,0.4017,0.7524,0.7353,OURS
Train3Val_UniProt,cls,bio_core_dna_prot_spliceai,nt_v2_500m,esm1v_650m,PyTorch_Concat,0.7007,0.6929,0.7169,0.6846,0.7047,0.4017,0.7459,0.7249,OURS
Train3Val_UniProt,mean,bio_core_dna_prot_spliceai,nt_v1_500m,esm1v_650m,PyTorch_Transformer,0.6999,0.6823,0.744,0.6562,0.7118,0.4017,0.7584,0.7298,OURS
Train3Val_UniProt,mean,dna_prot_spliceai,nt_v1_500m,esm2_650m,Hybrid_Concat_XGBoost,0.7007,0.7093,0.6762,0.725,0.6924,0.4017,0.7478,0.7338,OURS
Train3Val_UniProt,cls,bio_dna_geom_prot,nt_v2_500m,esm1b_650m,Hybrid_Gating_XGBoost,0.7007,0.6946,0.7123,0.6891,0.7033,0.4015,0.7515,0.7267,OURS
Train3Val_UniProt,cls,bio_core_dna_prot_spliceai,nt_v3_650m,esm2_650m,Pure_XGBoost_Concat,0.6984,0.6719,0.7711,0.6263,0.7181,0.4015,0.7677,0.744,OURS
Train3Val_UniProt,cls,bio_core_dna_prot_spliceai,nt_v3_650m,esm1v_650m,PyTorch_Concat,0.7007,0.6963,0.7078,0.6936,0.702,0.4014,0.757,0.7338,OURS
Train3Val_UniProt,mean,dna_prot,nt_v1_500m,esm1v_650m,PyTorch_Transformer,0.6984,0.7339,0.619,0.7773,0.6716,0.4014,0.7418,0.725,OURS
Train3Val_UniProt,cls,dna_prot,nt_v3_650m,esm1b_650m,PyTorch_Gating,0.6992,0.7271,0.634,0.7638,0.6774,0.4013,0.755,0.7349,OURS
Train3Val_UniProt,cls,bio_prot,,esm1b_650m,Pure_XGBoost_Concat,0.6977,0.6684,0.7801,0.6158,0.7199,0.4013,0.7608,0.7439,OURS
Train3Val_UniProt,cls,bio_prot,,esm1b_650m,Pure_XGBoost_Concat,0.6977,0.6684,0.7801,0.6158,0.7199,0.4013,0.7608,0.7439,OURS
Train3Val_UniProt,cls,bio_prot,,esm1b_650m,Pure_XGBoost_Concat,0.6977,0.6684,0.7801,0.6158,0.7199,0.4013,0.7608,0.7439,OURS
Train3Val_UniProt,center,dna_prot_spliceai,nt_v2_500m,esm1v_650m,Pure_XGBoost_Concat,0.7007,0.7011,0.6958,0.7055,0.6984,0.4013,0.7519,0.7373,OURS
Train3Val_UniProt,mean,dna_prot,nt_v3_650m,esm1v_650m,Hybrid_CrossAttn_XGBoost,0.7007,0.7023,0.6928,0.7085,0.6975,0.4013,0.7496,0.7343,OURS
Train3Val_UniProt,cls,dna_prot,nt_v2_500m,esm1b_650m,PyTorch_CrossAttn,0.6999,0.7178,0.6551,0.7444,0.685,0.4012,0.7352,0.7147,OURS
Train3Val_UniProt,mean,dna_prot_spliceai,nt_v3_650m,esmc_600m,PyTorch_CrossAttn,0.6954,0.7529,0.5783,0.8117,0.6542,0.4012,0.7482,0.7582,OURS
Train3Val_UniProt,cls,bio_core_dna_prot_spliceai,nt_v2_500m,esmc_600m,Hybrid_CrossAttn_XGBoost,0.6977,0.6688,0.7786,0.6173,0.7196,0.4011,0.7608,0.7463,OURS
Train3Val_UniProt,cls,bio_core_dna_prot_spliceai,nt_v2_500m,esmc_600m,Hybrid_Transformer_XGBoost,0.6992,0.6779,0.7545,0.6442,0.7142,0.4011,0.7585,0.7424,OURS
Train3Val_UniProt,mean,dna_prot,nt_v3_650m,esmc_600m,PyTorch_Transformer,0.6977,0.7377,0.6099,0.7848,0.6678,0.401,0.767,0.7685,OURS
Train3Val_UniProt,cls,bio_core_dna_prot_spliceai,nt_v1_500m,esm1v_650m,PyTorch_Concat,0.6992,0.6789,0.7515,0.6472,0.7134,0.4009,0.7578,0.7405,OURS
Train3Val_UniProt,cls,bio_core_dna_prot_spliceai,nt_v3_650m,esm1b_650m,Hybrid_Transformer_XGBoost,0.6984,0.6737,0.7651,0.6323,0.7165,0.4008,0.7652,0.7475,OURS
Train3Val_UniProt,mean,bio_core_dna_prot_spliceai,nt_v3_650m,esm1v_650m,PyTorch_CrossAttn,0.6984,0.6742,0.7636,0.6338,0.7161,0.4006,0.7641,0.7432,OURS
Train3Val_UniProt,mean,dna_prot_spliceai,nt_v2_500m,esm1v_650m,PyTorch_Transformer,0.6999,0.7129,0.6657,0.7339,0.6885,0.4006,0.7525,0.7303,OURS
Train3Val_UniProt,mean,bio_core_dna_prot_spliceai,nt_v1_500m,esm2_650m,PyTorch_Gating,0.6999,0.6886,0.7259,0.6741,0.7067,0.4005,0.7578,0.7324,OURS
Train3Val_UniProt,mean,dna_prot,nt_v3_650m,esmc_600m,Hybrid_CrossAttn_XGBoost,0.6999,0.7109,0.6702,0.7294,0.6899,0.4004,0.746,0.7555,OURS
Train3Val_UniProt,cls,bio_core_dna_prot_spliceai,nt_v3_650m,esm1v_650m,PyTorch_Transformer,0.6999,0.7102,0.6717,0.728,0.6904,0.4003,0.7638,0.7422,OURS
Train3Val_UniProt,mean,bio_core_dna_prot_spliceai,nt_v1_500m,esmc_600m,Pure_XGBoost_Concat,0.6977,0.6706,0.7726,0.6233,0.718,0.4003,0.7772,0.7697,OURS
Train3Val_UniProt,cls,dna_prot_spliceai,nt_v1_500m,esm1b_650m,PyTorch_Concat,0.6969,0.7399,0.6039,0.7892,0.665,0.4002,0.7482,0.7311,OURS
Train3Val_UniProt,center,dna_prot,nt_v1_500m,esm1v_650m,PyTorch_CrossAttn,0.6999,0.693,0.7139,0.6861,0.7033,0.4001,0.7582,0.7465,OURS
Train3Val_UniProt,cls,dna_geom_prot,nt_v2_500m,esm1b_650m,PyTorch_CrossAttn,0.6939,0.757,0.5678,0.8191,0.6489,0.3999,0.751,0.7512,OURS
Train3Val_UniProt,cls,dna_prot_spliceai,nt_v1_500m,esm1b_650m,PyTorch_CrossAttn,0.6984,0.7266,0.6325,0.7638,0.6763,0.3999,0.7462,0.7219,OURS
Train3Val_UniProt,cls,bio_core_dna_prot_spliceai,nt_v1_500m,esm2_650m,Hybrid_Concat_XGBoost,0.6977,0.6715,0.7696,0.6263,0.7172,0.3999,0.7513,0.7286,OURS
Train3Val_UniProt,cls,bio_core_dna_prot_spliceai,nt_v3_650m,esm1v_650m,Hybrid_Gating_XGBoost,0.6977,0.6715,0.7696,0.6263,0.7172,0.3999,0.7533,0.7264,OURS
Train3Val_UniProt,mean,dna_prot,nt_v1_500m,esm1v_650m,PyTorch_Concat,0.6999,0.7018,0.6913,0.7085,0.6965,0.3999,0.7485,0.7277,OURS
Train3Val_UniProt,cls,dna_prot,nt_v3_650m,esm1b_650m,Hybrid_Concat_XGBoost,0.6999,0.7,0.6958,0.704,0.6979,0.3998,0.7575,0.7427,OURS
Train3Val_UniProt,cls,bio_dna_prot,nt_v2_500m,esm1b_650m,PyTorch_Transformer,0.6999,0.7012,0.6928,0.707,0.697,0.3998,0.7633,0.7514,OURS
Train3Val_UniProt,cls,bio_core_dna_prot_spliceai,nt_v2_500m,esm1v_650m,Pure_XGBoost_Concat,0.6969,0.668,0.7786,0.6158,0.7191,0.3997,0.7598,0.739,OURS
Train3Val_UniProt,cls,bio_core_dna_prot_spliceai,nt_v2_500m,esm2_650m,Hybrid_Transformer_XGBoost,0.6977,0.6719,0.7681,0.6278,0.7168,0.3997,0.7536,0.7246,OURS
Train3Val_UniProt,mean,bio_core_dna_prot_spliceai,nt_v1_500m,esm2_650m,PyTorch_CrossAttn,0.6977,0.6724,0.7666,0.6293,0.7164,0.3996,0.7688,0.74,OURS
Train3Val_UniProt,mean,dna_prot,nt_v1_500m,esm2_650m,PyTorch_Transformer,0.6977,0.7302,0.6235,0.7713,0.6726,0.3993,0.7529,0.7353,OURS
Train3Val_UniProt,cls,bio_core_dna_prot_spliceai,nt_v2_500m,esm1b_650m,PyTorch_Concat,0.6992,0.686,0.7304,0.6682,0.7075,0.3993,0.7572,0.7385,OURS
Train3Val_UniProt,center,bio_core_dna_prot_spliceai,nt_v2_500m,esm1v_650m,PyTorch_CrossAttn,0.6962,0.6654,0.7846,0.6084,0.7201,0.3992,0.7767,0.7711,OURS
Train3Val_UniProt,mean,bio_core_dna_prot_spliceai,nt_v3_650m,esmc_600m,Hybrid_CrossAttn_XGBoost,0.6969,0.6693,0.7741,0.6203,0.7179,0.3991,0.7719,0.7676,OURS
Train3Val_UniProt,center,dna_prot,nt_v2_500m,esm1v_650m,Hybrid_Gating_XGBoost,0.6992,0.6914,0.7154,0.6831,0.7032,0.3987,0.7639,0.7503,OURS
Train3Val_UniProt,mean,dna_prot_spliceai,nt_v2_500m,esm2_650m,PyTorch_CrossAttn,0.6984,0.7191,0.6476,0.7489,0.6815,0.3986,0.7642,0.7476,OURS
Train3Val_UniProt,mean,dna_prot,nt_v1_500m,esmc_600m,PyTorch_Concat,0.6932,0.7565,0.5663,0.8191,0.6477,0.3985,0.7283,0.7483,OURS
Train3Val_UniProt,center,dna_prot_spliceai,nt_v3_650m,esm1v_650m,Pure_XGBoost_Concat,0.6992,0.6937,0.7093,0.6891,0.7014,0.3985,0.7679,0.7538,OURS
Train3Val_UniProt,cls,prot_spliceai,,esm1b_650m,Pure_XGBoost_Concat,0.6992,0.6931,0.7108,0.6876,0.7019,0.3985,0.7564,0.7486,OURS
Train3Val_UniProt,mean,dna_prot_spliceai,nt_v3_650m,esm2_650m,Hybrid_Transformer_XGBoost,0.6992,0.7058,0.6792,0.719,0.6922,0.3985,0.7496,0.732,OURS
Train3Val_UniProt,center,dna_prot,nt_v1_500m,esm1v_650m,Hybrid_Transformer_XGBoost,0.6992,0.6954,0.7048,0.6936,0.7001,0.3984,0.7543,0.7426,OURS
Train3Val_UniProt,center,bio_core_dna_prot,nt_v1_500m,esm1v_650m,PyTorch_Concat,0.6977,0.6756,0.756,0.6398,0.7136,0.3984,0.7748,0.7559,OURS
Train3Val_UniProt,mean,dna_prot_spliceai,nt_v2_500m,esmc_600m,PyTorch_Transformer,0.6947,0.7476,0.5843,0.8042,0.656,0.3984,0.738,0.7509,OURS
Train3Val_UniProt,cls,dna_prot,nt_v1_500m,esm1b_650m,PyTorch_Gating,0.6977,0.7254,0.6325,0.7623,0.6758,0.3983,0.7486,0.7235,OURS
Train3Val_UniProt,center,dna_prot_spliceai,nt_v1_500m,esm1v_650m,PyTorch_CrossAttn,0.6992,0.6989,0.6958,0.7025,0.6974,0.3983,0.7599,0.7539,OURS
Train3Val_UniProt,mean,dna_prot_spliceai,nt_v3_650m,esm2_650m,PyTorch_Transformer,0.6984,0.7169,0.6521,0.7444,0.683,0.3983,0.7669,0.7538,OURS
Train3Val_UniProt,cls,bio_core_dna_prot_spliceai,nt_v2_500m,esm1v_650m,Hybrid_Concat_XGBoost,0.6962,0.6675,0.7771,0.6158,0.7182,0.3981,0.7589,0.7422,OURS
Train3Val_UniProt,cls,bio_core_dna_prot_spliceai,nt_v2_500m,esmc_600m,PyTorch_CrossAttn,0.6969,0.6733,0.7605,0.6338,0.7143,0.3975,0.7501,0.7307,OURS
Train3Val_UniProt,mean,bio_core_dna_prot_spliceai,nt_v2_500m,esm2_650m,PyTorch_Gating,0.6977,0.679,0.7455,0.6502,0.7107,0.3975,0.766,0.7364,OURS
Train3Val_UniProt,cls,dna_prot,nt_v3_650m,esm1b_650m,Hybrid_CrossAttn_XGBoost,0.6984,0.7079,0.6717,0.725,0.6893,0.3972,0.758,0.7476,OURS
Train3Val_UniProt,cls,dna_prot_spliceai,nt_v3_650m,esm1b_650m,Hybrid_Concat_XGBoost,0.6984,0.7053,0.6777,0.719,0.6912,0.3971,0.7572,0.7389,OURS
Train3Val_UniProt,mean,bio_dna_geom_prot,nt_v2_500m,esm1b_650m,Hybrid_Gating_XGBoost,0.6984,0.6926,0.7093,0.6876,0.7009,0.397,0.7573,0.7469,OURS
Train3Val_UniProt,center,geom_prot,nt_v1_500m,esmc_600m,Hybrid_Concat_XGBoost,0.6947,0.6625,0.7892,0.6009,0.7203,0.397,0.7796,0.7712,OURS
Train3Val_UniProt,center,dna_prot_spliceai,nt_v1_500m,esm2_650m,Hybrid_Transformer_XGBoost,0.6984,0.7034,0.6822,0.7145,0.6927,0.397,0.7642,0.7599,OURS
Train3Val_UniProt,mean,dna_prot_spliceai,nt_v1_500m,esm1v_650m,PyTorch_CrossAttn,0.6984,0.7047,0.6792,0.7175,0.6917,0.397,0.7528,0.7319,OURS
Train3Val_UniProt,center,dna_prot,nt_v1_500m,esm1b_650m,Hybrid_Gating_XGBoost,0.6984,0.7022,0.6852,0.7115,0.6936,0.3969,0.7683,0.7719,OURS
Train3Val_UniProt,mean,dna_prot,nt_v1_500m,esm2_650m,PyTorch_Gating,0.6977,0.7164,0.6506,0.7444,0.6819,0.3968,0.7565,0.7358,OURS
Train3Val_UniProt,center,dna_prot_spliceai,nt_v1_500m,esm1v_650m,PyTorch_Concat,0.6984,0.6967,0.6988,0.6981,0.6977,0.3968,0.7522,0.7459,OURS
Train3Val_UniProt,center,dna_prot_spliceai,nt_v2_500m,esm1v_650m,PyTorch_Gating,0.6984,0.6973,0.6973,0.6996,0.6973,0.3968,0.7539,0.7435,OURS
Train3Val_UniProt,cls,bio_core_dna_prot_spliceai,nt_v2_500m,esm1b_650m,Hybrid_Gating_XGBoost,0.6962,0.6706,0.7666,0.6263,0.7154,0.3967,0.7658,0.7538,OURS
Train3Val_UniProt,mean,bio_core_dna_prot,nt_v3_650m,esm1v_650m,Pure_XGBoost_Concat,0.6954,0.6667,0.7771,0.6143,0.7177,0.3966,0.7583,0.7313,OURS
Train3Val_UniProt,mean,dna_prot_spliceai,nt_v2_500m,esmc_600m,Hybrid_Concat_XGBoost,0.6977,0.7136,0.6566,0.7384,0.6839,0.3964,0.7525,0.7521,OURS
Train3Val_UniProt,center,dna_prot_spliceai,nt_v1_500m,esm1v_650m,PyTorch_Transformer,0.6977,0.7129,0.6581,0.7369,0.6844,0.3963,0.7616,0.7519,OURS
Train3Val_UniProt,cls,bio_core_dna_prot_spliceai,nt_v1_500m,esm1b_650m,Hybrid_CrossAttn_XGBoost,0.6962,0.672,0.762,0.6308,0.7142,0.3962,0.7659,0.7471,OURS
Train3Val_UniProt,mean,bio_core_prot_spliceai,,esm2_650m,Hybrid_Concat_XGBoost,0.6954,0.668,0.7726,0.6188,0.7165,0.396,0.7635,0.7415,OURS
Train3Val_UniProt,mean,bio_core_dna_prot_spliceai,nt_v1_500m,esm1v_650m,Pure_XGBoost_Concat,0.6954,0.668,0.7726,0.6188,0.7165,0.396,0.7588,0.7273,OURS
Train3Val_UniProt,cls,bio_core_dna_prot,nt_v3_650m,esm1v_650m,PyTorch_Gating,0.6962,0.6734,0.7575,0.6353,0.713,0.3957,0.7653,0.742,OURS
Train3Val_UniProt,mean,dna_prot_spliceai,nt_v2_500m,esm2_650m,Hybrid_CrossAttn_XGBoost,0.6977,0.7068,0.6717,0.7235,0.6888,0.3957,0.7498,0.7284,OURS
Train3Val_UniProt,center,dna_prot_spliceai,nt_v1_500m,esm1v_650m,Hybrid_CrossAttn_XGBoost,0.6977,0.6911,0.7108,0.6846,0.7008,0.3956,0.7569,0.7442,OURS
Train3Val_UniProt,cls,dna_prot_spliceai,nt_v2_500m,esm1b_650m,Pure_XGBoost_Concat,0.6977,0.6905,0.7123,0.6831,0.7013,0.3956,0.751,0.7317,OURS
Train3Val_UniProt,mean,dna_prot_spliceai,nt_v1_500m,esm2_650m,PyTorch_Transformer,0.6969,0.7174,0.6461,0.7474,0.6799,0.3956,0.7581,0.7436,OURS
Train3Val_UniProt,mean,dna_prot_spliceai,nt_v3_650m,esm2_650m,Hybrid_CrossAttn_XGBoost,0.6977,0.7049,0.6762,0.719,0.6902,0.3956,0.751,0.738,OURS
Train3Val_UniProt,mean,dna_prot,nt_v3_650m,esmc_600m,Pure_XGBoost_Concat,0.6977,0.7023,0.6822,0.713,0.6921,0.3954,0.7584,0.7626,OURS
Train3Val_UniProt,cls,bio_core_dna_prot_spliceai,nt_v3_650m,esm1v_650m,PyTorch_CrossAttn,0.6977,0.6945,0.7018,0.6936,0.6981,0.3954,0.7584,0.739,OURS
Train3Val_UniProt,cls,bio_core_dna_prot,nt_v1_500m,esm1v_650m,Pure_XGBoost_Concat,0.6947,0.6654,0.7786,0.6114,0.7176,0.3954,0.7592,0.7389,OURS
Train3Val_UniProt,mean,bio_core_dna_prot_spliceai,nt_v3_650m,esmc_600m,Hybrid_Gating_XGBoost,0.6954,0.6706,0.7636,0.6278,0.7141,0.3949,0.7727,0.7678,OURS
Train3Val_UniProt,mean,bio_core_dna_prot_spliceai,nt_v2_500m,esm2_650m,Hybrid_CrossAttn_XGBoost,0.6954,0.6715,0.7605,0.6308,0.7133,0.3946,0.7708,0.743,OURS
Train3Val_UniProt,mean,dna_prot_spliceai,nt_v3_650m,esm1v_650m,PyTorch_Concat,0.6947,0.7324,0.6099,0.7788,0.6656,0.3945,0.7499,0.7287,OURS
Train3Val_UniProt,cls,bio_dna_geom_prot,nt_v2_500m,esm1b_650m,Hybrid_Transformer_XGBoost,0.6969,0.6873,0.7184,0.6756,0.7025,0.3943,0.7571,0.7384,OURS
Train3Val_UniProt,cls,bio_core_dna_prot_spliceai,nt_v1_500m,esm1b_650m,PyTorch_Transformer,0.6969,0.689,0.7139,0.6801,0.7012,0.3942,0.7606,0.747,OURS
Train3Val_UniProt,mean,bio_core_dna_prot,nt_v2_500m,esm1v_650m,Pure_XGBoost_Concat,0.6947,0.668,0.7696,0.6203,0.7152,0.3942,0.7588,0.7306,OURS
Train3Val_UniProt,cls,bio_core_dna_prot_spliceai,nt_v1_500m,esm1b_650m,PyTorch_CrossAttn,0.6962,0.6791,0.7395,0.6532,0.708,0.3941,0.7606,0.7502,OURS
Train3Val_UniProt,cls,bio_core_dna_prot_spliceai,nt_v1_500m,esm1b_650m,PyTorch_Gating,0.6954,0.6734,0.7545,0.6368,0.7116,0.394,0.7576,0.7428,OURS
Train3Val_UniProt,mean,bio_core_dna_prot_spliceai,nt_v2_500m,esmc_600m,Hybrid_Concat_XGBoost,0.6947,0.6689,0.7666,0.6233,0.7144,0.3939,0.7731,0.767,OURS
Train3Val_UniProt,mean,dna_prot,nt_v1_500m,esm2_650m,Pure_XGBoost_Concat,0.6969,0.6952,0.6973,0.6966,0.6962,0.3938,0.7502,0.7249,OURS
Train3Val_UniProt,cls,bio_core_dna_prot_spliceai,nt_v3_650m,esm1b_650m,PyTorch_Concat,0.6969,0.6982,0.6898,0.704,0.6939,0.3938,0.7615,0.7459,OURS
Train3Val_UniProt,mean,dna_prot_spliceai,nt_v2_500m,esm2_650m,PyTorch_Gating,0.6962,0.714,0.6506,0.7414,0.6809,0.3937,0.7618,0.7427,OURS
Train3Val_UniProt,cls,dna_prot,nt_v2_500m,esm1b_650m,PyTorch_Concat,0.6954,0.7209,0.634,0.7564,0.6747,0.3934,0.7522,0.7279,OURS
Train3Val_UniProt,cls,bio_core_dna_prot_spliceai,nt_v2_500m,esm1v_650m,Hybrid_Transformer_XGBoost,0.6939,0.6658,0.7741,0.6143,0.7159,0.3934,0.7563,0.7292,OURS
Train3Val_UniProt,mean,dna_prot_spliceai,nt_v3_650m,esmc_600m,PyTorch_Transformer,0.6924,0.7433,0.5843,0.7997,0.6543,0.3934,0.7457,0.7587,OURS
Train3Val_UniProt,mean,dna_prot,nt_v3_650m,esm1v_650m,PyTorch_Transformer,0.6962,0.7113,0.6566,0.7354,0.6829,0.3933,0.7443,0.7228,OURS
Train3Val_UniProt,cls,dna_prot_spliceai,nt_v1_500m,esm1b_650m,Pure_XGBoost_Concat,0.6962,0.6858,0.7199,0.6726,0.7024,0.3929,0.7401,0.7214,OURS
Train3Val_UniProt,cls,bio_core_dna_prot_spliceai,nt_v3_650m,esmc_600m,Hybrid_Gating_XGBoost,0.6939,0.668,0.7666,0.6218,0.7139,0.3924,0.7606,0.7506,OURS
Train3Val_UniProt,mean,dna_prot_spliceai,nt_v1_500m,esm1v_650m,PyTorch_Concat,0.6962,0.6989,0.6852,0.707,0.692,0.3924,0.7539,0.7294,OURS
Train3Val_UniProt,center,dna_prot,nt_v1_500m,esm1v_650m,Hybrid_CrossAttn_XGBoost,0.6962,0.6959,0.6928,0.6996,0.6943,0.3923,0.7549,0.7509,OURS
Train3Val_UniProt,center,dna_prot_spliceai,nt_v1_500m,esm2_650m,Hybrid_Gating_XGBoost,0.6962,0.6977,0.6883,0.704,0.6929,0.3923,0.7654,0.7557,OURS
Train3Val_UniProt,cls,bio_core_dna_prot_spliceai,nt_v2_500m,esm2_650m,PyTorch_CrossAttn,0.6962,0.6977,0.6883,0.704,0.6929,0.3923,0.7431,0.7138,OURS
Train3Val_UniProt,mean,prot_spliceai,,esmc_600m,PyTorch_Concat,0.6902,0.7515,0.5648,0.8146,0.6449,0.392,0.7306,0.7453,OURS
Train3Val_UniProt,cls,bio_core_dna_prot_spliceai,nt_v2_500m,esm1v_650m,PyTorch_Gating,0.6947,0.6744,0.7485,0.6413,0.7095,0.3919,0.7539,0.7233,OURS
Train3Val_UniProt,center,dna_prot_spliceai,nt_v1_500m,esm1b_650m,PyTorch_Concat,0.6954,0.7087,0.6596,0.7309,0.6833,0.3916,0.7586,0.7562,OURS
Train3Val_UniProt,cls,bio_core_dna_prot_spliceai,nt_v1_500m,esm1b_650m,Hybrid_Transformer_XGBoost,0.6939,0.6707,0.7575,0.6308,0.7115,0.3914,0.7603,0.7383,OURS
Train3Val_UniProt,mean,bio_core_dna_prot,nt_v1_500m,esm1v_650m,Pure_XGBoost_Concat,0.6932,0.6662,0.7696,0.6173,0.7142,0.3914,0.7594,0.7288,OURS
Train3Val_UniProt,cls,bio_core_dna_prot_spliceai,nt_v3_650m,esm2_650m,Hybrid_Transformer_XGBoost,0.6939,0.6711,0.756,0.6323,0.711,0.3912,0.7551,0.7262,OURS
Train3Val_UniProt,cls,bio_core_dna_prot_spliceai,nt_v2_500m,esmc_600m,PyTorch_Transformer,0.6954,0.7048,0.6687,0.722,0.6862,0.3912,0.757,0.732,OURS
Train3Val_UniProt,cls,bio_core_dna_prot_spliceai,nt_v3_650m,esm2_650m,PyTorch_Transformer,0.6954,0.7028,0.6732,0.7175,0.6877,0.3911,0.7461,0.7171,OURS
Train3Val_UniProt,cls,dna_prot_spliceai,nt_v2_500m,esm1b_650m,PyTorch_CrossAttn,0.6939,0.723,0.625,0.7623,0.6704,0.3911,0.7499,0.7287,OURS
Train3Val_UniProt,mean,dna_prot,nt_v3_650m,esm1v_650m,PyTorch_CrossAttn,0.6954,0.7016,0.6762,0.7145,0.6887,0.391,0.7559,0.7334,OURS
Train3Val_UniProt,center,dna_prot_spliceai,nt_v2_500m,esm1v_650m,Hybrid_Gating_XGBoost,0.6954,0.6937,0.6958,0.6951,0.6947,0.3908,0.758,0.7465,OURS
Train3Val_UniProt,mean,dna_geom_prot,nt_v2_500m,esm1b_650m,Hybrid_CrossAttn_XGBoost,0.6917,0.6611,0.7816,0.6024,0.7164,0.3902,0.7535,0.7364,OURS
Train3Val_UniProt,mean,dna_prot,nt_v3_650m,esmc_600m,Hybrid_Concat_XGBoost,0.6947,0.7076,0.6596,0.7294,0.6828,0.3901,0.7576,0.758,OURS
Train3Val_UniProt,cls,dna_prot_spliceai,nt_v3_650m,esm1b_650m,Hybrid_CrossAttn_XGBoost,0.6947,0.7076,0.6596,0.7294,0.6828,0.3901,0.7504,0.7352,OURS
Train3Val_UniProt,cls,bio_core_dna_prot_spliceai,nt_v2_500m,esm1b_650m,PyTorch_Gating,0.6947,0.6828,0.7229,0.6667,0.7023,0.3901,0.7531,0.741,OURS
Train3Val_UniProt,center,dna_prot_spliceai,nt_v3_650m,esm1v_650m,Hybrid_Concat_XGBoost,0.6947,0.6844,0.7184,0.6712,0.701,0.3899,0.7682,0.7656,OURS
Train3Val_UniProt,mean,dna_prot_spliceai,nt_v2_500m,esmc_600m,PyTorch_Concat,0.6924,0.7292,0.6084,0.7758,0.6634,0.3898,0.7448,0.7532,OURS
Train3Val_UniProt,mean,dna_prot,nt_v3_650m,esmc_600m,Hybrid_Transformer_XGBoost,0.6947,0.7036,0.6687,0.7205,0.6857,0.3897,0.7631,0.7611,OURS
Train3Val_UniProt,cls,dna_prot,nt_v1_500m,esm1b_650m,PyTorch_Transformer,0.6917,0.7338,0.5979,0.7848,0.6589,0.3896,0.75,0.7217,OURS
Train3Val_UniProt,cls,dna_prot,nt_v2_500m,esm1b_650m,Hybrid_CrossAttn_XGBoost,0.6947,0.7017,0.6732,0.716,0.6872,0.3896,0.7487,0.7256,OURS
Train3Val_UniProt,mean,dna_prot,nt_v2_500m,esm2_650m,PyTorch_Concat,0.6947,0.7017,0.6732,0.716,0.6872,0.3896,0.7591,0.7437,OURS
Train3Val_UniProt,mean,dna_prot_spliceai,nt_v3_650m,esm2_650m,Hybrid_Concat_XGBoost,0.6947,0.7017,0.6732,0.716,0.6872,0.3896,0.7525,0.729,OURS
Train3Val_UniProt,cls,dna_prot,nt_v2_500m,esm1b_650m,Hybrid_Concat_XGBoost,0.6947,0.6998,0.6777,0.7115,0.6886,0.3895,0.7559,0.7389,OURS
Train3Val_UniProt,mean,dna_prot_spliceai,nt_v1_500m,esm1v_650m,PyTorch_Gating,0.6947,0.7011,0.6747,0.7145,0.6876,0.3895,0.7512,0.7354,OURS
Train3Val_UniProt,mean,bio_core_dna_prot_spliceai,nt_v1_500m,esmc_600m,PyTorch_Transformer,0.6947,0.6887,0.7063,0.6831,0.6974,0.3895,0.7599,0.7585,OURS
Train3Val_UniProt,cls,dna_geom_prot,nt_v2_500m,esm1b_650m,PyTorch_Concat,0.6947,0.6968,0.6852,0.704,0.691,0.3894,0.7489,0.7406,OURS
Train3Val_UniProt,cls,bio_core_dna_prot_spliceai,nt_v1_500m,esmc_600m,Pure_XGBoost_Concat,0.6924,0.6667,0.7651,0.6203,0.7125,0.3894,0.7704,0.7493,OURS
Train3Val_UniProt,mean,dna_prot_spliceai,nt_v3_650m,esmc_600m,Pure_XGBoost_Concat,0.6947,0.698,0.6822,0.707,0.69,0.3894,0.7546,0.7583,OURS
Train3Val_UniProt,mean,dna_prot,nt_v1_500m,esm2_650m,PyTorch_CrossAttn,0.6947,0.6932,0.6943,0.6951,0.6938,0.3893,0.7589,0.7423,OURS
Train3Val_UniProt,cls,bio_core_dna_prot,nt_v1_500m,esm1v_650m,PyTorch_CrossAttn,0.6947,0.6938,0.6928,0.6966,0.6933,0.3893,0.7583,0.736,OURS
Train3Val_UniProt,cls,bio_core_dna_prot,nt_v3_650m,esm1v_650m,Pure_XGBoost_Concat,0.6917,0.6636,0.7726,0.6114,0.714,0.3889,0.7598,0.734,OURS
Train3Val_UniProt,cls,bio_core_dna_prot_spliceai,nt_v3_650m,esm2_650m,PyTorch_CrossAttn,0.6939,0.6808,0.7259,0.6622,0.7026,0.3888,0.7452,0.7155,OURS
Train3Val_UniProt,mean,dna_prot_spliceai,nt_v3_650m,esmc_600m,Hybrid_Concat_XGBoost,0.6939,0.7071,0.6581,0.7294,0.6817,0.3886,0.7551,0.7591,OURS
Train3Val_UniProt,mean,dna_prot,nt_v2_500m,esmc_600m,Pure_XGBoost_Concat,0.6939,0.7058,0.6611,0.7265,0.6827,0.3885,0.7504,0.748,OURS
Train3Val_UniProt,cls,dna_prot_spliceai,nt_v2_500m,esm1b_650m,PyTorch_Concat,0.6939,0.7051,0.6627,0.725,0.6832,0.3884,0.7528,0.7222,OURS
Train3Val_UniProt,mean,prot_spliceai,,esmc_600m,Hybrid_Concat_XGBoost,0.6939,0.7051,0.6627,0.725,0.6832,0.3884,0.7605,0.7637,OURS
Train3Val_UniProt,cls,bio_core_dna_prot_spliceai,nt_v1_500m,esm1v_650m,PyTorch_Gating,0.6932,0.6754,0.7395,0.6472,0.706,0.3883,0.7571,0.7368,OURS
Train3Val_UniProt,mean,dna_prot_spliceai,nt_v3_650m,esm2_650m,Hybrid_Gating_XGBoost,0.6939,0.7,0.6747,0.713,0.6871,0.388,0.7507,0.7374,OURS
Train3Val_UniProt,mean,dna_prot_spliceai,nt_v2_500m,esm2_650m,Pure_XGBoost_Concat,0.6939,0.6882,0.7048,0.6831,0.6964,0.388,0.7458,0.7203,OURS
Train3Val_UniProt,center,dna_prot_spliceai,nt_v1_500m,esm1v_650m,Hybrid_Concat_XGBoost,0.6939,0.6916,0.6958,0.6921,0.6937,0.3879,0.7602,0.7543,OURS
Train3Val_UniProt,cls,dna_prot_spliceai,nt_v3_650m,esm1b_650m,Hybrid_Gating_XGBoost,0.6939,0.6981,0.6792,0.7085,0.6885,0.3879,0.7506,0.7412,OURS
Train3Val_UniProt,cls,dna_prot_spliceai,nt_v2_500m,esm1b_650m,Hybrid_Gating_XGBoost,0.6939,0.6988,0.6777,0.71,0.6881,0.3879,0.7485,0.7266,OURS
Train3Val_UniProt,mean,dna_prot,nt_v2_500m,esm1v_650m,PyTorch_Gating,0.6939,0.6981,0.6792,0.7085,0.6885,0.3879,0.7474,0.7236,OURS
Train3Val_UniProt,mean,prot_spliceai,,esm2_650m,Pure_XGBoost_Concat,0.6939,0.6893,0.7018,0.6861,0.6955,0.3879,0.7566,0.734,OURS
Train3Val_UniProt,mean,prot_spliceai,,esmc_600m,Pure_XGBoost_Concat,0.6939,0.6975,0.6807,0.707,0.689,0.3879,0.7579,0.7562,OURS
Train3Val_UniProt,cls,dna_prot,nt_v3_650m,esm1b_650m,PyTorch_CrossAttn,0.6917,0.7263,0.6114,0.7713,0.6639,0.3878,0.7543,0.7234,OURS
Train3Val_UniProt,mean,dna_prot,nt_v3_650m,esm2_650m,Pure_XGBoost_Concat,0.6939,0.6951,0.6867,0.701,0.6909,0.3878,0.7505,0.7277,OURS
Train3Val_UniProt,center,dna_geom,nt_v1_500m,esmc_600m,Hybrid_Concat_XGBoost,0.6887,0.7446,0.5708,0.8057,0.6462,0.3874,0.735,0.7447,OURS
Train3Val_UniProt,cls,dna_prot_spliceai,nt_v3_650m,esm1b_650m,PyTorch_CrossAttn,0.6909,0.7299,0.6024,0.7788,0.6601,0.3874,0.7572,0.7275,OURS
Train3Val_UniProt,mean,prot_spliceai,,esm1v_650m,PyTorch_Concat,0.6932,0.706,0.6581,0.728,0.6812,0.3871,0.7582,0.7344,OURS
Train3Val_UniProt,cls,prot,,esm1b_650m,Pure_XGBoost_Concat,0.6932,0.6824,0.7184,0.6682,0.6999,0.387,0.7503,0.7289,OURS
Train3Val_UniProt,cls,prot,,esm1b_650m,Pure_XGBoost_Concat,0.6932,0.6824,0.7184,0.6682,0.6999,0.387,0.7503,0.7289,OURS
Train3Val_UniProt,cls,prot,,esm1b_650m,Pure_XGBoost_Concat,0.6932,0.6824,0.7184,0.6682,0.6999,0.387,0.7503,0.7289,OURS
Train3Val_UniProt,cls,prot,,esm1b_650m,Pure_XGBoost_Concat,0.6932,0.6824,0.7184,0.6682,0.6999,0.387,0.7503,0.7289,OURS
Train3Val_UniProt,cls,prot,,esm1b_650m,Pure_XGBoost_Concat,0.6932,0.6824,0.7184,0.6682,0.6999,0.387,0.7503,0.7289,OURS
Train3Val_UniProt,mean,dna_prot,nt_v2_500m,esmc_600m,PyTorch_Transformer,0.6894,0.7376,0.5843,0.7937,0.6521,0.3867,0.7543,0.7568,OURS
Train3Val_UniProt,mean,dna_prot,nt_v2_500m,esm2_650m,Hybrid_Gating_XGBoost,0.6932,0.7008,0.6702,0.716,0.6851,0.3866,0.7467,0.7276,OURS
Train3Val_UniProt,center,dna_prot_spliceai,nt_v1_500m,esm1v_650m,PyTorch_Gating,0.6932,0.6983,0.6762,0.71,0.6871,0.3865,0.7631,0.7542,OURS
Train3Val_UniProt,center,dna_prot,nt_v2_500m,esm1v_650m,Hybrid_Concat_XGBoost,0.6932,0.6906,0.6958,0.6906,0.6932,0.3864,0.7555,0.7472,OURS
Train3Val_UniProt,center,dna_prot,nt_v1_500m,esm1v_650m,PyTorch_Concat,0.6932,0.6929,0.6898,0.6966,0.6913,0.3863,0.7512,0.745,OURS
Train3Val_UniProt,center,dna_prot_spliceai,nt_v1_500m,esm1v_650m,Hybrid_Transformer_XGBoost,0.6932,0.6917,0.6928,0.6936,0.6922,0.3863,0.7546,0.7447,OURS
Train3Val_UniProt,mean,dna_prot_spliceai,nt_v2_500m,esmc_600m,PyTorch_CrossAttn,0.6887,0.739,0.5798,0.7967,0.6498,0.3858,0.7304,0.7482,OURS
Train3Val_UniProt,mean,dna_prot_spliceai,nt_v1_500m,esmc_600m,Hybrid_Concat_XGBoost,0.6924,0.7048,0.6581,0.7265,0.6807,0.3855,0.7452,0.754,OURS
Train3Val_UniProt,center,bio_dna_geom,nt_v1_500m,esmc_600m,PyTorch_Concat,0.6894,0.6598,0.7771,0.6024,0.7137,0.3853,0.7513,0.7313,OURS
Train3Val_UniProt,cls,bio_core_dna_prot,nt_v2_500m,esm1v_650m,Pure_XGBoost_Concat,0.6894,0.6598,0.7771,0.6024,0.7137,0.3853,0.7553,0.7293,OURS
Train3Val_UniProt,mean,dna_prot_spliceai,nt_v1_500m,esmc_600m,Pure_XGBoost_Concat,0.6924,0.7009,0.6672,0.7175,0.6836,0.3852,0.7517,0.7544,OURS
Train3Val_UniProt,mean,dna_prot,nt_v3_650m,esm2_650m,Hybrid_Concat_XGBoost,0.6924,0.7003,0.6687,0.716,0.6841,0.3851,0.7528,0.7347,OURS
Train3Val_UniProt,mean,bio_geom_prot,nt_v2_500m,esm1b_650m,Hybrid_Concat_XGBoost,0.6902,0.7261,0.6069,0.7728,0.6612,0.3851,0.7526,0.7379,OURS
Train3Val_UniProt,cls,bio_core_dna_prot_spliceai,nt_v1_500m,esmc_600m,PyTorch_Gating,0.6924,0.6851,0.7078,0.6771,0.6963,0.3851,0.7528,0.7391,OURS
Train3Val_UniProt,cls,dna_prot_spliceai,nt_v3_650m,esm1b_650m,Hybrid_Transformer_XGBoost,0.6924,0.6997,0.6702,0.7145,0.6846,0.3851,0.7594,0.7445,OURS
Train3Val_UniProt,cls,bio_core_dna_prot_spliceai,nt_v1_500m,esm2_650m,PyTorch_CrossAttn,0.6924,0.6862,0.7048,0.6801,0.6954,0.385,0.7379,0.7079,OURS
Train3Val_UniProt,cls,dna_prot_spliceai,nt_v2_500m,esm1b_650m,Hybrid_CrossAttn_XGBoost,0.6924,0.6991,0.6717,0.713,0.6851,0.385,0.7511,0.7322,OURS
Train3Val_UniProt,cls,dna_prot,nt_v1_500m,esm1b_650m,PyTorch_CrossAttn,0.6894,0.7306,0.5964,0.7818,0.6567,0.3849,0.7486,0.7284,OURS
Train3Val_UniProt,mean,dna_prot,nt_v1_500m,esm1v_650m,Hybrid_Gating_XGBoost,0.6924,0.6901,0.6943,0.6906,0.6922,0.3849,0.736,0.7187,OURS
Train3Val_UniProt,center,dna_prot,nt_v1_500m,esm1v_650m,Hybrid_Gating_XGBoost,0.6924,0.6942,0.6837,0.701,0.6889,0.3848,0.7494,0.7493,OURS
Train3Val_UniProt,mean,dna_prot_spliceai,nt_v2_500m,esm1v_650m,PyTorch_Concat,0.6924,0.6924,0.6883,0.6966,0.6903,0.3848,0.7463,0.7187,OURS
Train3Val_UniProt,mean,dna_prot,nt_v2_500m,esm2_650m,PyTorch_CrossAttn,0.6894,0.7273,0.6024,0.7758,0.659,0.3841,0.7519,0.7404,OURS
Train3Val_UniProt,cls,bio_core_dna_prot_spliceai,nt_v2_500m,esm2_650m,Pure_XGBoost_Concat,0.6894,0.6632,0.7651,0.6143,0.7105,0.3837,0.7599,0.7269,OURS
Train3Val_UniProt,cls,dna_prot,nt_v3_650m,esm1b_650m,Pure_XGBoost_Concat,0.6917,0.6847,0.7063,0.6771,0.6953,0.3836,0.7482,0.7379,OURS
Train3Val_UniProt,mean,dna_prot_spliceai,nt_v1_500m,esm1v_650m,Hybrid_Concat_XGBoost,0.6917,0.6869,0.7003,0.6831,0.6935,0.3835,0.7466,0.7245,OURS
Train3Val_UniProt,mean,dna_prot_spliceai,nt_v3_650m,esmc_600m,PyTorch_Concat,0.6864,0.744,0.5648,0.8072,0.6421,0.3835,0.7342,0.7475,OURS
Train3Val_UniProt,center,dna_prot_spliceai,nt_v1_500m,esm1v_650m,Hybrid_Gating_XGBoost,0.6917,0.688,0.6973,0.6861,0.6926,0.3834,0.7488,0.7426,OURS
Train3Val_UniProt,mean,dna_prot,nt_v1_500m,esm1v_650m,Hybrid_Transformer_XGBoost,0.6917,0.6902,0.6913,0.6921,0.6907,0.3833,0.7469,0.7283,OURS
Train3Val_UniProt,mean,dna_prot_spliceai,nt_v3_650m,esm1v_650m,PyTorch_Gating,0.6917,0.6914,0.6883,0.6951,0.6898,0.3833,0.7507,0.7314,OURS
Train3Val_UniProt,cls,bio_core_dna_prot_spliceai,nt_v1_500m,esmc_600m,PyTorch_Concat,0.6909,0.6795,0.7184,0.6637,0.6984,0.3826,0.7474,0.7283,OURS
Train3Val_UniProt,cls,dna_prot_spliceai,nt_v3_650m,esm1b_650m,Pure_XGBoost_Concat,0.6909,0.6805,0.7154,0.6667,0.6975,0.3825,0.752,0.7403,OURS
Train3Val_UniProt,mean,dna_prot,nt_v2_500m,esmc_600m,Hybrid_Concat_XGBoost,0.6909,0.7006,0.6627,0.719,0.6811,0.3823,0.7495,0.7504,OURS
Train3Val_UniProt,center,bio_geom,nt_v1_500m,esmc_600m,Hybrid_Concat_XGBoost,0.6692,0.8177,0.4322,0.9043,0.5655,0.3821,0.7712,0.7653,OURS
Train3Val_UniProt,cls,prot_spliceai,,esmc_600m,Hybrid_Concat_XGBoost,0.6909,0.6987,0.6672,0.7145,0.6826,0.3821,0.7455,0.7368,OURS
Train3Val_UniProt,cls,bio_dna_geom_prot,nt_v2_500m,esm1b_650m,Hybrid_CrossAttn_XGBoost,0.6834,0.7553,0.5392,0.8266,0.6292,0.382,0.7479,0.7427,OURS
Train3Val_UniProt,mean,dna_prot_spliceai,nt_v3_650m,esm1v_650m,PyTorch_CrossAttn,0.6909,0.6853,0.7018,0.6801,0.6935,0.382,0.7493,0.7313,OURS
Train3Val_UniProt,mean,dna_prot,nt_v2_500m,esm2_650m,Pure_XGBoost_Concat,0.6909,0.6875,0.6958,0.6861,0.6916,0.3819,0.7496,0.7172,OURS
Train3Val_UniProt,mean,dna_prot_spliceai,nt_v1_500m,esm2_650m,Pure_XGBoost_Concat,0.6909,0.6869,0.6973,0.6846,0.6921,0.3819,0.7513,0.7242,OURS
Train3Val_UniProt,mean,bio_dna_geom_prot,nt_v2_500m,esm1b_650m,PyTorch_Transformer,0.6909,0.6898,0.6898,0.6921,0.6898,0.3818,0.7481,0.7407,OURS
Train3Val_UniProt,mean,dna_prot_spliceai,nt_v2_500m,esm1v_650m,Hybrid_Transformer_XGBoost,0.6909,0.6892,0.6913,0.6906,0.6902,0.3818,0.7438,0.7281,OURS
Train3Val_UniProt,cls,bio_core_dna_prot_spliceai,nt_v2_500m,esm2_650m,PyTorch_Concat,0.6894,0.6694,0.744,0.6353,0.7047,0.3815,0.7427,0.7105,OURS
Train3Val_UniProt,mean,dna_prot_spliceai,nt_v1_500m,esmc_600m,PyTorch_Transformer,0.6849,0.745,0.5587,0.8102,0.6386,0.3813,0.7286,0.75,OURS
Train3Val_UniProt,cls,bio_core_dna_prot_spliceai,nt_v2_500m,esm1b_650m,Hybrid_Concat_XGBoost,0.6879,0.6606,0.7681,0.6084,0.7103,0.3812,0.7615,0.7439,OURS
Train3Val_UniProt,mean,dna_prot_spliceai,nt_v2_500m,esmc_600m,PyTorch_Gating,0.6872,0.7308,0.5889,0.7848,0.6522,0.3811,0.735,0.7476,OURS
Train3Val_UniProt,center,dna_prot_spliceai,nt_v2_500m,esm1v_650m,Hybrid_Transformer_XGBoost,0.6902,0.6795,0.7154,0.6652,0.697,0.381,0.754,0.7472,OURS
Train3Val_UniProt,mean,dna_prot_spliceai,nt_v1_500m,esmc_600m,PyTorch_Gating,0.6872,0.7291,0.5919,0.7818,0.6534,0.3807,0.7273,0.7423,OURS
Train3Val_UniProt,mean,dna_prot_spliceai,nt_v2_500m,esmc_600m,Pure_XGBoost_Concat,0.6902,0.697,0.6687,0.7115,0.6826,0.3806,0.7544,0.7552,OURS
Train3Val_UniProt,cls,dna_geom_prot,nt_v2_500m,esm1b_650m,PyTorch_Transformer,0.6842,0.7465,0.5542,0.8132,0.6361,0.3805,0.7456,0.735,OURS
Train3Val_UniProt,mean,dna_prot,nt_v2_500m,esm1v_650m,PyTorch_Concat,0.6902,0.6952,0.6732,0.707,0.684,0.3805,0.749,0.7179,OURS
Train3Val_UniProt,mean,dna_prot,nt_v2_500m,esm1v_650m,Hybrid_Concat_XGBoost,0.6902,0.6859,0.6973,0.6831,0.6916,0.3804,0.7415,0.7248,OURS
Train3Val_UniProt,mean,dna_prot_spliceai,nt_v2_500m,esm2_650m,Hybrid_Transformer_XGBoost,0.6902,0.6946,0.6747,0.7055,0.6845,0.3804,0.7444,0.7205,OURS
Train3Val_UniProt,mean,dna_prot_spliceai,nt_v3_650m,esm1v_650m,Hybrid_CrossAttn_XGBoost,0.6902,0.6904,0.6852,0.6951,0.6878,0.3803,0.7495,0.737,OURS
Train3Val_UniProt,cls,dna_prot_spliceai,nt_v1_500m,esm1b_650m,PyTorch_Transformer,0.6894,0.7056,0.6461,0.7324,0.6745,0.38,0.7524,0.7279,OURS
Train3Val_UniProt,mean,dna_prot_spliceai,nt_v2_500m,esm1v_650m,PyTorch_CrossAttn,0.6894,0.6761,0.7229,0.6562,0.6987,0.3799,0.7461,0.7176,OURS
Train3Val_UniProt,cls,dna_prot,nt_v3_650m,esm1b_650m,PyTorch_Transformer,0.6879,0.7183,0.6145,0.7608,0.6623,0.3795,0.7583,0.7362,OURS
Train3Val_UniProt,mean,prot_spliceai,,esm2_650m,Hybrid_Concat_XGBoost,0.6894,0.701,0.6566,0.722,0.6781,0.3794,0.7487,0.727,OURS
Train3Val_UniProt,cls,bio_core_dna_prot_spliceai,nt_v1_500m,esm2_650m,Hybrid_Gating_XGBoost,0.6879,0.6653,0.7515,0.6248,0.7058,0.3793,0.7465,0.7111,OURS
Train3Val_UniProt,mean,dna_prot_spliceai,nt_v2_500m,esm1v_650m,Pure_XGBoost_Concat,0.6894,0.6817,0.7063,0.6726,0.6938,0.3792,0.7315,0.7159,OURS
Train3Val_UniProt,mean,dna_prot,nt_v2_500m,esm1v_650m,Hybrid_Transformer_XGBoost,0.6894,0.686,0.6943,0.6846,0.6901,0.3789,0.7495,0.7403,OURS
Train3Val_UniProt,mean,dna_prot_spliceai,nt_v1_500m,esm1v_650m,Hybrid_Transformer_XGBoost,0.6894,0.6849,0.6973,0.6816,0.691,0.3789,0.7488,0.7215,OURS
Train3Val_UniProt,cls,dna_prot,nt_v1_500m,esm1b_650m,PyTorch_Concat,0.6849,0.7364,0.5723,0.7967,0.6441,0.3788,0.7439,0.7256,OURS
Train3Val_UniProt,mean,dna_prot,nt_v2_500m,esm1v_650m,Hybrid_CrossAttn_XGBoost,0.6894,0.6888,0.6867,0.6921,0.6878,0.3788,0.7434,0.7238,OURS
Train3Val_UniProt,cls,bio_core_dna_prot_spliceai,nt_v1_500m,esm1b_650m,Hybrid_Concat_XGBoost,0.6864,0.6585,0.7696,0.6039,0.7097,0.3786,0.7622,0.7496,OURS
Train3Val_UniProt,mean,dna_prot_spliceai,nt_v1_500m,esm1v_650m,PyTorch_Transformer,0.6887,0.7038,0.6476,0.7294,0.6745,0.3783,0.7438,0.7264,OURS
Train3Val_UniProt,mean,dna_prot_spliceai,nt_v3_650m,esmc_600m,Hybrid_Transformer_XGBoost,0.6887,0.7038,0.6476,0.7294,0.6745,0.3783,0.7433,0.7511,OURS
Train3Val_UniProt,cls,bio_core_dna_prot_spliceai,nt_v1_500m,esmc_600m,PyTorch_CrossAttn,0.6887,0.7005,0.6551,0.722,0.677,0.378,0.7485,0.7302,OURS
Train3Val_UniProt,cls,bio_core_dna_prot_spliceai,nt_v2_500m,esm2_650m,PyTorch_Gating,0.6872,0.664,0.753,0.6218,0.7057,0.378,0.7381,0.7103,OURS
Train3Val_UniProt,mean,bio_dna_geom_prot,nt_v2_500m,esm1b_650m,Hybrid_Concat_XGBoost,0.6812,0.6408,0.8193,0.5441,0.7191,0.3778,0.7756,0.7521,OURS
Train3Val_UniProt,mean,dna_prot,nt_v2_500m,esm2_650m,Hybrid_Transformer_XGBoost,0.6887,0.6954,0.6672,0.71,0.681,0.3776,0.7485,0.7288,OURS
Train3Val_UniProt,mean,dna_prot_spliceai,nt_v2_500m,esm2_650m,Hybrid_Concat_XGBoost,0.6887,0.6967,0.6642,0.713,0.68,0.3776,0.7468,0.7286,OURS
Train3Val_UniProt,mean,dna_prot,nt_v3_650m,esm1v_650m,Hybrid_Transformer_XGBoost,0.6887,0.6839,0.6973,0.6801,0.6905,0.3775,0.7454,0.7278,OURS
Train3Val_UniProt,mean,dna_prot_spliceai,nt_v2_500m,esm1v_650m,Hybrid_Gating_XGBoost,0.6887,0.6828,0.7003,0.6771,0.6914,0.3775,0.7422,0.7234,OURS
Train3Val_UniProt,cls,dna_prot_spliceai,nt_v1_500m,esm1b_650m,Hybrid_Gating_XGBoost,0.6887,0.6912,0.6777,0.6996,0.6844,0.3774,0.7502,0.7311,OURS
Train3Val_UniProt,mean,dna_prot_spliceai,nt_v3_650m,esm1v_650m,Hybrid_Concat_XGBoost,0.6887,0.6861,0.6913,0.6861,0.6887,0.3774,0.7478,0.7334,OURS
Train3Val_UniProt,cls,bio_core_dna_prot_spliceai,nt_v2_500m,esm2_650m,PyTorch_Transformer,0.6887,0.6884,0.6852,0.6921,0.6868,0.3773,0.7404,0.7137,OURS
Train3Val_UniProt,mean,dna_prot,nt_v2_500m,esmc_600m,PyTorch_CrossAttn,0.6812,0.7516,0.5377,0.8236,0.6269,0.3772,0.7313,0.742,OURS
Train3Val_UniProt,mean,dna_prot_spliceai,nt_v3_650m,esmc_600m,Hybrid_Gating_XGBoost,0.6879,0.7039,0.6446,0.7309,0.673,0.377,0.7467,0.7566,OURS
Train3Val_UniProt,cls,dna_prot_spliceai,nt_v2_500m,esm1b_650m,PyTorch_Transformer,0.6864,0.7189,0.6084,0.7638,0.6591,0.3769,0.746,0.7265,OURS
Train3Val_UniProt,cls,dna_prot,nt_v3_650m,esm2_650m,PyTorch_Gating,0.6872,0.7111,0.6265,0.7474,0.6661,0.3767,0.7391,0.715,OURS
Train3Val_UniProt,cls,bio_core_dna_prot_spliceai,nt_v2_500m,esm1b_650m,PyTorch_CrossAttn,0.6879,0.6766,0.7154,0.6607,0.6955,0.3766,0.7518,0.7426,OURS
Train3Val_UniProt,mean,dna_prot_spliceai,nt_v1_500m,esmc_600m,PyTorch_Concat,0.6849,0.7276,0.5873,0.7818,0.65,0.3764,0.7257,0.7509,OURS
Train3Val_UniProt,mean,dna_prot_spliceai,nt_v1_500m,esmc_600m,PyTorch_CrossAttn,0.6842,0.7323,0.5768,0.7907,0.6453,0.3764,0.7185,0.7436,OURS
Train3Val_UniProt,cls,dna_prot,nt_v2_500m,esm1b_650m,PyTorch_Gating,0.6879,0.6975,0.6596,0.716,0.678,0.3763,0.7484,0.7278,OURS
Train3Val_UniProt,mean,dna_prot,nt_v1_500m,esm2_650m,Hybrid_Concat_XGBoost,0.6879,0.6962,0.6627,0.713,0.679,0.3762,0.7499,0.7399,OURS
Train3Val_UniProt,mean,dna_prot,nt_v2_500m,esm1v_650m,PyTorch_CrossAttn,0.6872,0.7076,0.634,0.7399,0.6688,0.3761,0.7464,0.7253,OURS
Train3Val_UniProt,mean,dna_prot,nt_v1_500m,esm1v_650m,PyTorch_Gating,0.6879,0.6829,0.6973,0.6786,0.69,0.376,0.7456,0.7252,OURS
Train3Val_UniProt,cls,dna_prot,nt_v2_500m,esm1b_650m,Hybrid_Transformer_XGBoost,0.6879,0.692,0.6732,0.7025,0.6824,0.3759,0.7491,0.7316,OURS
Train3Val_UniProt,cls,dna_prot_spliceai,nt_v1_500m,esm1b_650m,Hybrid_Transformer_XGBoost,0.6879,0.6896,0.6792,0.6966,0.6844,0.3758,0.752,0.733,OURS
Train3Val_UniProt,cls,bio_core_dna_prot_spliceai,nt_v1_500m,esm2_650m,Hybrid_Transformer_XGBoost,0.6864,0.6653,0.7455,0.6278,0.7031,0.3758,0.7501,0.7132,OURS
Train3Val_UniProt,mean,dna_prot,nt_v2_500m,esmc_600m,PyTorch_Concat,0.6849,0.7226,0.5964,0.7728,0.6535,0.3752,0.7457,0.7467,OURS
Train3Val_UniProt,mean,bio_core_dna_spliceai,nt_v3_650m,,Pure_XGBoost_Concat,0.6849,0.658,0.7651,0.6054,0.7075,0.3752,0.7454,0.7244,OURS
Train3Val_UniProt,cls,bio_dna_prot,nt_v2_500m,esm1b_650m,PyTorch_Gating,0.6872,0.6762,0.7139,0.6607,0.6945,0.375,0.7535,0.7388,OURS
Train3Val_UniProt,mean,dna_prot_spliceai,nt_v2_500m,esmc_600m,Hybrid_CrossAttn_XGBoost,0.6872,0.6995,0.6521,0.722,0.675,0.375,0.7406,0.7476,OURS
Train3Val_UniProt,mean,bio_dna_geom,nt_v2_500m,esm1b_650m,PyTorch_Concat,0.6812,0.7434,0.5497,0.8117,0.632,0.3746,0.7575,0.7556,OURS
Train3Val_UniProt,mean,dna_prot_spliceai,nt_v2_500m,esm2_650m,Hybrid_Gating_XGBoost,0.6872,0.6951,0.6627,0.7115,0.6785,0.3746,0.7446,0.7256,OURS
Train3Val_UniProt,cls,dna_prot_spliceai,nt_v1_500m,esm1b_650m,PyTorch_Gating,0.6872,0.6933,0.6672,0.707,0.68,0.3745,0.7502,0.73,OURS
Train3Val_UniProt,cls,dna_prot,nt_v3_650m,esm1b_650m,Hybrid_Gating_XGBoost,0.6872,0.6891,0.6777,0.6966,0.6834,0.3743,0.7475,0.7332,OURS
Train3Val_UniProt,mean,dna_prot_spliceai,nt_v3_650m,esmc_600m,PyTorch_Gating,0.6857,0.7123,0.619,0.7519,0.6624,0.3742,0.7511,0.7594,OURS
Train3Val_UniProt,cls,bio_core_dna_prot_spliceai,nt_v1_500m,esm2_650m,Hybrid_CrossAttn_XGBoost,0.6857,0.6653,0.7425,0.6293,0.7018,0.3741,0.748,0.7143,OURS
Train3Val_UniProt,mean,dna_prot,nt_v1_500m,esm2_650m,Hybrid_Gating_XGBoost,0.6864,0.699,0.6506,0.722,0.6739,0.3736,0.7343,0.7288,OURS
Train3Val_UniProt,mean,dna_prot,nt_v2_500m,esmc_600m,Hybrid_Transformer_XGBoost,0.6864,0.699,0.6506,0.722,0.6739,0.3736,0.7404,0.745,OURS
Train3Val_UniProt,mean,dna_prot,nt_v3_650m,esm2_650m,Hybrid_Gating_XGBoost,0.6864,0.6971,0.6551,0.7175,0.6755,0.3734,0.7449,0.7279,OURS
Train3Val_UniProt,mean,dna_prot,nt_v2_500m,esmc_600m,Hybrid_CrossAttn_XGBoost,0.6864,0.6965,0.6566,0.716,0.676,0.3733,0.7477,0.7431,OURS
Train3Val_UniProt,mean,dna_prot,nt_v3_650m,esm1v_650m,Hybrid_Gating_XGBoost,0.6864,0.6814,0.6958,0.6771,0.6885,0.373,0.7463,0.7384,OURS
Train3Val_UniProt,cls,dna_prot,nt_v1_500m,esm1b_650m,Hybrid_Transformer_XGBoost,0.6864,0.6898,0.6732,0.6996,0.6814,0.3729,0.7509,0.7333,OURS
Train3Val_UniProt,mean,dna_prot_spliceai,nt_v2_500m,esm1v_650m,PyTorch_Gating,0.6864,0.6904,0.6717,0.701,0.6809,0.3729,0.7437,0.7201,OURS
Train3Val_UniProt,mean,dna_prot,nt_v2_500m,esmc_600m,PyTorch_Gating,0.6819,0.7326,0.5693,0.7937,0.6407,0.3726,0.7373,0.7476,OURS
Train3Val_UniProt,mean,dna_prot_spliceai,nt_v3_650m,esm1v_650m,PyTorch_Transformer,0.6857,0.7011,0.6431,0.728,0.6709,0.3724,0.745,0.7275,OURS
Train3Val_UniProt,cls,bio_core_dna_prot_spliceai,nt_v1_500m,esm2_650m,PyTorch_Transformer,0.6857,0.6733,0.7169,0.6547,0.6944,0.3723,0.7443,0.7115,OURS
Train3Val_UniProt,mean,dna_prot,nt_v1_500m,esmc_600m,PyTorch_CrossAttn,0.6819,0.7308,0.5723,0.7907,0.6419,0.3721,0.7173,0.7387,OURS
Train3Val_UniProt,cls,bio_core_dna_prot_spliceai,nt_v2_500m,esm2_650m,Hybrid_Gating_XGBoost,0.6842,0.6609,0.7515,0.6173,0.7033,0.3721,0.743,0.7179,OURS
Train3Val_UniProt,cls,dna_prot,nt_v3_650m,esmc_600m,Hybrid_Concat_XGBoost,0.6857,0.6973,0.6521,0.719,0.6739,0.372,0.7358,0.7429,OURS
Train3Val_UniProt,cls,dna_prot,nt_v1_500m,esm1b_650m,Pure_XGBoost_Concat,0.6857,0.6758,0.7093,0.6622,0.6921,0.3719,0.7399,0.7281,OURS
Train3Val_UniProt,cls,bio_core_dna_prot_spliceai,nt_v3_650m,esm2_650m,Hybrid_Gating_XGBoost,0.6834,0.6571,0.762,0.6054,0.7057,0.3719,0.7519,0.7309,OURS
Train3Val_UniProt,mean,dna_prot,nt_v2_500m,esm2_650m,Hybrid_Concat_XGBoost,0.6857,0.6929,0.6627,0.7085,0.6774,0.3716,0.7459,0.7317,OURS
Train3Val_UniProt,cls,dna_prot,nt_v3_650m,esm1b_650m,Hybrid_Transformer_XGBoost,0.6857,0.6905,0.6687,0.7025,0.6794,0.3714,0.7534,0.7382,OURS
Train3Val_UniProt,cls,dna_geom_prot,nt_v2_500m,esm1b_650m,PyTorch_Gating,0.6834,0.6584,0.7575,0.6099,0.7045,0.3714,0.7423,0.7301,OURS
Train3Val_UniProt,cls,dna_prot_spliceai,nt_v3_650m,esm2_650m,Hybrid_Concat_XGBoost,0.6849,0.6949,0.6551,0.7145,0.6744,0.3703,0.7283,0.7071,OURS
Train3Val_UniProt,mean,dna_prot_spliceai,nt_v3_650m,esm1v_650m,Pure_XGBoost_Concat,0.6849,0.6758,0.7063,0.6637,0.6907,0.3703,0.7337,0.7184,OURS
Train3Val_UniProt,center,bio_core_dna_spliceai,nt_v3_650m,,Pure_XGBoost_Concat,0.6819,0.6538,0.7681,0.5964,0.7064,0.3699,0.7424,0.7236,OURS
Train3Val_UniProt,mean,dna_prot,nt_v3_650m,esmc_600m,PyTorch_Concat,0.6827,0.7163,0.6009,0.7638,0.6536,0.3698,0.7466,0.7595,OURS
Train3Val_UniProt,cls,dna_prot_spliceai,nt_v3_650m,esmc_600m,PyTorch_Concat,0.6834,0.7093,0.6175,0.7489,0.6602,0.3696,0.7274,0.7426,OURS
Train3Val_UniProt,mean,dna_prot,nt_v1_500m,esmc_600m,PyTorch_Gating,0.6797,0.7347,0.5587,0.7997,0.6347,0.3694,0.7265,0.7411,OURS
Train3Val_UniProt,mean,dna_prot,nt_v1_500m,esmc_600m,Hybrid_Concat_XGBoost,0.6842,0.6969,0.6476,0.7205,0.6714,0.3691,0.7376,0.7396,OURS
Train3Val_UniProt,mean,dna_prot,nt_v1_500m,esm2_650m,Hybrid_Transformer_XGBoost,0.6842,0.6932,0.6566,0.7115,0.6744,0.3687,0.7465,0.7245,OURS
Train3Val_UniProt,mean,dna_prot,nt_v1_500m,esmc_600m,PyTorch_Transformer,0.6744,0.759,0.5075,0.8401,0.6083,0.3687,0.7131,0.7338,OURS
Train3Val_UniProt,mean,dna_prot,nt_v1_500m,esmc_600m,Pure_XGBoost_Concat,0.6842,0.6919,0.6596,0.7085,0.6754,0.3686,0.7479,0.7494,OURS
Train3Val_UniProt,mean,dna_prot,nt_v2_500m,esmc_600m,Hybrid_Gating_XGBoost,0.6842,0.6919,0.6596,0.7085,0.6754,0.3686,0.7412,0.7431,OURS
Train3Val_UniProt,mean,dna_prot_spliceai,nt_v1_500m,esm2_650m,Hybrid_Gating_XGBoost,0.6842,0.6919,0.6596,0.7085,0.6754,0.3686,0.7386,0.7271,OURS
Train3Val_UniProt,cls,bio_core_dna_prot_spliceai,nt_v1_500m,esm2_650m,PyTorch_Concat,0.6842,0.6789,0.6943,0.6741,0.6865,0.3685,0.7406,0.7134,OURS
Train3Val_UniProt,mean,dna_prot_spliceai,nt_v3_650m,esm1v_650m,Hybrid_Transformer_XGBoost,0.6842,0.6789,0.6943,0.6741,0.6865,0.3685,0.7462,0.7358,OURS
Train3Val_UniProt,cls,dna_prot_spliceai,nt_v1_500m,esm1b_650m,Hybrid_Concat_XGBoost,0.6842,0.6878,0.6702,0.6981,0.6789,0.3684,0.7437,0.7272,OURS
Train3Val_UniProt,mean,dna_prot,nt_v1_500m,esm1v_650m,Hybrid_CrossAttn_XGBoost,0.6842,0.6805,0.6898,0.6786,0.6851,0.3684,0.7446,0.7297,OURS
Train3Val_UniProt,mean,dna_prot,nt_v2_500m,esm1v_650m,Hybrid_Gating_XGBoost,0.6842,0.6805,0.6898,0.6786,0.6851,0.3684,0.7404,0.7116,OURS
Train3Val_UniProt,mean,dna_prot_spliceai,nt_v2_500m,esm1v_650m,Hybrid_Concat_XGBoost,0.6842,0.6805,0.6898,0.6786,0.6851,0.3684,0.742,0.7265,OURS
Train3Val_UniProt,cls,bio_geom_prot,nt_v2_500m,esm1b_650m,Hybrid_Concat_XGBoost,0.6819,0.7143,0.6024,0.7608,0.6536,0.368,0.7456,0.7375,OURS
Train3Val_UniProt,cls,dna_prot,nt_v1_500m,esmc_600m,PyTorch_CrossAttn,0.6774,0.7417,0.5407,0.8132,0.6254,0.3679,0.7054,0.7122,OURS
Train3Val_UniProt,cls,bio_dna_geom,nt_v2_500m,esm1b_650m,Hybrid_Concat_XGBoost,0.6804,0.6506,0.7741,0.5874,0.707,0.3679,0.7511,0.7397,OURS
Train3Val_UniProt,cls,bio_core_dna_prot_spliceai,nt_v1_500m,esm2_650m,PyTorch_Gating,0.6834,0.6759,0.7003,0.6667,0.6879,0.3672,0.7402,0.7111,OURS
Train3Val_UniProt,cls,dna_prot_spliceai,nt_v2_500m,esm1b_650m,Hybrid_Transformer_XGBoost,0.6834,0.6891,0.6642,0.7025,0.6764,0.367,0.7461,0.7231,OURS
Train3Val_UniProt,cls,dna_prot,nt_v3_650m,esmc_600m,PyTorch_Transformer,0.6797,0.7257,0.5738,0.7848,0.6409,0.3669,0.7252,0.7372,OURS
Train3Val_UniProt,mean,prot_spliceai,,esm1v_650m,Hybrid_Concat_XGBoost,0.6834,0.6811,0.6852,0.6816,0.6832,0.3669,0.7506,0.7453,OURS
Train3Val_UniProt,mean,dna_prot,nt_v2_500m,esm1v_650m,PyTorch_Transformer,0.6834,0.6845,0.6762,0.6906,0.6803,0.3668,0.7453,0.723,OURS
Train3Val_UniProt,cls,bio_core_dna_prot_spliceai,nt_v3_650m,esm2_650m,Hybrid_CrossAttn_XGBoost,0.6812,0.6587,0.747,0.6158,0.7001,0.3659,0.7473,0.7177,OURS
Train3Val_UniProt,mean,bio_dna_geom_prot,nt_v2_500m,esm1b_650m,Hybrid_CrossAttn_XGBoost,0.6602,0.8112,0.4142,0.9043,0.5484,0.3657,0.7499,0.7389,OURS
Train3Val_UniProt,cls,dna_prot,nt_v2_500m,esm1b_650m,Hybrid_Gating_XGBoost,0.6827,0.688,0.6642,0.701,0.6759,0.3655,0.7463,0.7351,OURS
Train3Val_UniProt,cls,dna_prot,nt_v1_500m,esm1b_650m,Hybrid_Concat_XGBoost,0.6827,0.6862,0.6687,0.6966,0.6773,0.3654,0.7478,0.7349,OURS
Train3Val_UniProt,mean,dna_prot,nt_v1_500m,esmc_600m,Hybrid_Transformer_XGBoost,0.6819,0.6987,0.6355,0.728,0.6656,0.3651,0.7388,0.7485,OURS
Train3Val_UniProt,cls,dna_prot_spliceai,nt_v3_650m,esmc_600m,PyTorch_CrossAttn,0.6774,0.7321,0.5557,0.7982,0.6318,0.3649,0.7235,0.735,OURS
Train3Val_UniProt,cls,dna_prot_spliceai,nt_v2_500m,esm1b_650m,PyTorch_Gating,0.6804,0.7117,0.6024,0.7578,0.6525,0.3648,0.7464,0.7261,OURS
Train3Val_UniProt,cls,geom_prot,nt_v2_500m,esm1b_650m,Hybrid_Concat_XGBoost,0.6744,0.6347,0.8163,0.5336,0.7141,0.3646,0.7473,0.7386,OURS
Train3Val_UniProt,mean,dna_prot,nt_v3_650m,esmc_600m,Hybrid_Gating_XGBoost,0.6819,0.6923,0.6506,0.713,0.6708,0.3643,0.7469,0.7468,OURS
Train3Val_UniProt,cls,dna_prot,nt_v1_500m,esmc_600m,Pure_XGBoost_Concat,0.6819,0.6911,0.6536,0.71,0.6718,0.3642,0.7364,0.7416,OURS
Train3Val_UniProt,cls,dna_prot,nt_v3_650m,esm2_650m,Pure_XGBoost_Concat,0.6819,0.6739,0.7003,0.6637,0.6869,0.3642,0.7357,0.7187,OURS
Train3Val_UniProt,cls,bio_dna_geom_prot,nt_v2_500m,esm1b_650m,Hybrid_Concat_XGBoost,0.6767,0.6419,0.7937,0.5605,0.7098,0.3641,0.756,0.7408,OURS
Train3Val_UniProt,mean,dna_prot_spliceai,nt_v1_500m,esm1v_650m,Hybrid_Gating_XGBoost,0.6819,0.6754,0.6958,0.6682,0.6855,0.3641,0.7384,0.7261,OURS
Train3Val_UniProt,mean,dna_prot_spliceai,nt_v1_500m,esm1v_650m,Hybrid_CrossAttn_XGBoost,0.6819,0.6765,0.6928,0.6712,0.6845,0.364,0.7436,0.7267,OURS
Train3Val_UniProt,cls,prot_spliceai,,esm2_650m,Pure_XGBoost_Concat,0.6819,0.6824,0.6762,0.6876,0.6793,0.3638,0.7446,0.7233,OURS
Train3Val_UniProt,mean,dna_prot_spliceai,nt_v1_500m,esmc_600m,Hybrid_Transformer_XGBoost,0.6812,0.6988,0.6325,0.7294,0.664,0.3637,0.727,0.7396,OURS
Train3Val_UniProt,mean,dna_prot_spliceai,nt_v3_650m,esmc_600m,Hybrid_CrossAttn_XGBoost,0.6812,0.6969,0.637,0.725,0.6656,0.3635,0.7437,0.7429,OURS
Train3Val_UniProt,mean,dna_prot_spliceai,nt_v1_500m,esm2_650m,Hybrid_Transformer_XGBoost,0.6812,0.6937,0.6446,0.7175,0.6682,0.3631,0.7372,0.7195,OURS
Train3Val_UniProt,cls,dna_prot,nt_v1_500m,esmc_600m,PyTorch_Transformer,0.6744,0.7416,0.5316,0.8161,0.6193,0.3629,0.7094,0.7189,OURS
Train3Val_UniProt,mean,dna_prot,nt_v1_500m,esm1v_650m,Hybrid_Concat_XGBoost,0.6812,0.6745,0.6958,0.6667,0.685,0.3626,0.7378,0.7235,OURS
Train3Val_UniProt,cls,dna_prot_spliceai,nt_v2_500m,esm1v_650m,Hybrid_CrossAttn_XGBoost,0.6812,0.6847,0.6672,0.6951,0.6758,0.3624,0.7335,0.7059,OURS
Train3Val_UniProt,mean,dna_prot_spliceai,nt_v1_500m,esm1v_650m,Pure_XGBoost_Concat,0.6812,0.6776,0.6867,0.6756,0.6821,0.3624,0.7359,0.7149,OURS
Train3Val_UniProt,cls,dna_prot,nt_v3_650m,esmc_600m,PyTorch_CrossAttn,0.6744,0.7396,0.5346,0.8132,0.6206,0.3623,0.7146,0.7205,OURS
Train3Val_UniProt,mean,dna_prot,nt_v3_650m,esmc_600m,PyTorch_Gating,0.6797,0.7061,0.6114,0.7474,0.6554,0.3623,0.7454,0.7557,OURS
Train3Val_UniProt,cls,dna_prot_spliceai,nt_v3_650m,esmc_600m,PyTorch_Transformer,0.6767,0.7271,0.5617,0.7907,0.6338,0.3622,0.7244,0.7382,OURS
Train3Val_UniProt,cls,dna_prot_spliceai,nt_v1_500m,esmc_600m,PyTorch_Concat,0.6707,0.7563,0.5,0.8401,0.602,0.3618,0.7107,0.7208,OURS
Train3Val_UniProt,cls,dna_prot_spliceai,nt_v3_650m,esm2_650m,PyTorch_CrossAttn,0.6789,0.71,0.6009,0.7564,0.6509,0.3617,0.7164,0.6838,OURS
Train3Val_UniProt,mean,prot_spliceai,,esm1v_650m,Pure_XGBoost_Concat,0.6804,0.672,0.7003,0.6607,0.6858,0.3613,0.7379,0.7221,OURS
Train3Val_UniProt,cls,dna_prot_spliceai,nt_v2_500m,esm2_650m,PyTorch_Concat,0.6789,0.707,0.6069,0.7504,0.6532,0.3611,0.7205,0.6962,OURS
Train3Val_UniProt,cls,dna_prot,nt_v1_500m,esm1b_650m,Hybrid_CrossAttn_XGBoost,0.6804,0.6871,0.6581,0.7025,0.6723,0.361,0.7441,0.7371,OURS
Train3Val_UniProt,cls,dna_prot,nt_v2_500m,esm2_650m,PyTorch_Transformer,0.6782,0.7102,0.5979,0.7578,0.6492,0.3605,0.7184,0.6988,OURS
Train3Val_UniProt,cls,dna_prot,nt_v3_650m,esmc_600m,PyTorch_Concat,0.6752,0.7287,0.5542,0.7952,0.6296,0.3602,0.7281,0.736,OURS
Train3Val_UniProt,mean,dna_prot,nt_v3_650m,esm1v_650m,Pure_XGBoost_Concat,0.6797,0.6695,0.7048,0.6547,0.6867,0.36,0.736,0.7153,OURS
Train3Val_UniProt,cls,dna_prot_spliceai,nt_v3_650m,esm2_650m,PyTorch_Concat,0.6774,0.7135,0.5889,0.7653,0.6452,0.3599,0.7249,0.7068,OURS
Train3Val_UniProt,mean,dna_prot,nt_v1_500m,esm2_650m,Hybrid_CrossAttn_XGBoost,0.6797,0.6896,0.6491,0.71,0.6687,0.3598,0.7366,0.7255,OURS
Train3Val_UniProt,mean,dna_prot_spliceai,nt_v1_500m,esm2_650m,Hybrid_CrossAttn_XGBoost,0.6797,0.689,0.6506,0.7085,0.6692,0.3598,0.7356,0.7233,OURS
Train3Val_UniProt,mean,dna_prot_spliceai,nt_v2_500m,esmc_600m,Hybrid_Transformer_XGBoost,0.6797,0.6884,0.6521,0.707,0.6698,0.3597,0.7509,0.7469,OURS
Train3Val_UniProt,cls,dna_prot_spliceai,nt_v3_650m,esm2_650m,Pure_XGBoost_Concat,0.6797,0.6766,0.6837,0.6756,0.6801,0.3594,0.7376,0.7251,OURS
Train3Val_UniProt,mean,dna_prot,nt_v1_500m,esm1v_650m,PyTorch_CrossAttn,0.6789,0.6973,0.628,0.7294,0.6609,0.3594,0.7368,0.7201,OURS
Train3Val_UniProt,mean,dna_prot_spliceai,nt_v2_500m,esmc_600m,Hybrid_Gating_XGBoost,0.6789,0.6941,0.6355,0.722,0.6635,0.3589,0.7374,0.7462,OURS
Train3Val_UniProt,cls,dna_geom_prot,nt_v2_500m,esm1b_650m,Hybrid_Transformer_XGBoost,0.6789,0.6676,0.7078,0.6502,0.6871,0.3586,0.7306,0.7151,OURS
Train3Val_UniProt,cls,prot_spliceai,,esm2_650m,Hybrid_Concat_XGBoost,0.6789,0.6903,0.6446,0.713,0.6667,0.3585,0.7344,0.7062,OURS
Train3Val_UniProt,mean,dna_prot,nt_v2_500m,esm1v_650m,Pure_XGBoost_Concat,0.6789,0.6686,0.7048,0.6532,0.6862,0.3585,0.7324,0.7108,OURS
Train3Val_UniProt,mean,dna_prot,nt_v3_650m,esm1v_650m,PyTorch_Gating,0.6789,0.6705,0.6988,0.6592,0.6844,0.3582,0.7436,0.7234,OURS
Train3Val_UniProt,cls,dna_prot,nt_v1_500m,esm1b_650m,Hybrid_Gating_XGBoost,0.6789,0.6827,0.6642,0.6936,0.6733,0.3579,0.7459,0.7262,OURS
Train3Val_UniProt,mean,dna_prot,nt_v1_500m,esm1v_650m,Pure_XGBoost_Concat,0.6789,0.6746,0.6867,0.6712,0.6806,0.3579,0.7305,0.7046,OURS
Train3Val_UniProt,cls,dna_prot,nt_v3_650m,esmc_600m,Hybrid_Gating_XGBoost,0.6782,0.6962,0.628,0.728,0.6603,0.3578,0.7232,0.7319,OURS
Train3Val_UniProt,cls,prot_spliceai,,esmc_600m,Pure_XGBoost_Concat,0.6789,0.6799,0.6717,0.6861,0.6758,0.3578,0.748,0.7548,OURS
Train3Val_UniProt,cls,prot_spliceai,,esmc_600m,PyTorch_Concat,0.6752,0.7183,0.5723,0.7773,0.637,0.3573,0.7346,0.7442,OURS
Train3Val_UniProt,cls,dna_prot_spliceai,nt_v2_500m,esmc_600m,PyTorch_Concat,0.6722,0.735,0.5346,0.8087,0.619,0.3571,0.7133,0.7139,OURS
Train3Val_UniProt,mean,bio_core_dna_spliceai,nt_v2_500m,,Pure_XGBoost_Concat,0.6759,0.651,0.753,0.5994,0.6983,0.3566,0.7255,0.6883,OURS
Train3Val_UniProt,cls,dna_prot,nt_v3_650m,esm2_650m,PyTorch_Concat,0.6767,0.704,0.6054,0.7474,0.651,0.3565,0.7337,0.7098,OURS
Train3Val_UniProt,cls,dna_prot_spliceai,nt_v2_500m,esm1b_650m,Hybrid_Concat_XGBoost,0.6782,0.6839,0.6581,0.6981,0.6708,0.3565,0.7466,0.7321,OURS
Train3Val_UniProt,cls,dna_prot_spliceai,nt_v1_500m,esmc_600m,Hybrid_CrossAttn_XGBoost,0.6774,0.6957,0.6265,0.728,0.6593,0.3563,0.7262,0.7339,OURS
Train3Val_UniProt,cls,dna_prot,nt_v2_500m,esm2_650m,Hybrid_CrossAttn_XGBoost,0.6774,0.695,0.628,0.7265,0.6598,0.3562,0.7224,0.7009,OURS
Train3Val_UniProt,cls,dna_prot,nt_v3_650m,esm2_650m,PyTorch_CrossAttn,0.6767,0.7019,0.6099,0.7429,0.6527,0.3561,0.7146,0.6971,OURS
Train3Val_UniProt,cls,dna_prot_spliceai,nt_v2_500m,esm2_650m,PyTorch_CrossAttn,0.6729,0.7262,0.5512,0.7937,0.6267,0.3557,0.7073,0.6916,OURS
Train3Val_UniProt,cls,dna_prot,nt_v1_500m,esmc_600m,PyTorch_Gating,0.6699,0.7414,0.5181,0.8206,0.6099,0.3555,0.7117,0.7178,OURS
Train3Val_UniProt,center,bio_dna,nt_v1_500m,,PyTorch_Concat,0.6767,0.6598,0.7244,0.6293,0.6906,0.3553,0.7166,0.6792,OURS
Train3Val_UniProt,center,bio_dna,nt_v1_500m,,PyTorch_Concat,0.6767,0.6598,0.7244,0.6293,0.6906,0.3553,0.7166,0.6792,OURS
Train3Val_UniProt,center,bio_dna,nt_v1_500m,,PyTorch_Concat,0.6767,0.6598,0.7244,0.6293,0.6906,0.3553,0.7166,0.6792,OURS
Train3Val_UniProt,mean,dna_prot_spliceai,nt_v3_650m,esm1v_650m,Hybrid_Gating_XGBoost,0.6774,0.6767,0.6747,0.6801,0.6757,0.3548,0.7399,0.7329,OURS
Train3Val_UniProt,cls,dna_prot_spliceai,nt_v3_650m,esmc_600m,PyTorch_Gating,0.6759,0.7007,0.6099,0.7414,0.6522,0.3545,0.7307,0.7432,OURS
Train3Val_UniProt,cls,bio_dna_prot,nt_v2_500m,esm1b_650m,PyTorch_CrossAttn,0.6767,0.6919,0.6325,0.7205,0.6609,0.3544,0.7493,0.7404,OURS
Train3Val_UniProt,cls,dna_prot,nt_v3_650m,esm2_650m,Hybrid_Gating_XGBoost,0.6767,0.6882,0.6416,0.7115,0.6641,0.354,0.7146,0.6937,OURS
Train3Val_UniProt,mean,bio_core_dna_spliceai,nt_v1_500m,,Pure_XGBoost_Concat,0.6752,0.653,0.7425,0.6084,0.6949,0.354,0.7285,0.7031,OURS
Train3Val_UniProt,cls,dna_prot_spliceai,nt_v3_650m,esmc_600m,Hybrid_Concat_XGBoost,0.6767,0.687,0.6446,0.7085,0.6651,0.3539,0.7372,0.7383,OURS
Train3Val_UniProt,cls,dna_prot,nt_v2_500m,esmc_600m,PyTorch_CrossAttn,0.6662,0.7541,0.4895,0.8416,0.5936,0.3538,0.7032,0.7004,OURS
Train3Val_UniProt,cls,dna_prot,nt_v1_500m,esm2_650m,Hybrid_Concat_XGBoost,0.6767,0.6835,0.6536,0.6996,0.6682,0.3536,0.725,0.6968,OURS
Train3Val_UniProt,mean,dna_prot_spliceai,nt_v2_500m,esm1v_650m,Hybrid_CrossAttn_XGBoost,0.6767,0.6711,0.6883,0.6652,0.6796,0.3535,0.7333,0.7201,OURS
Train3Val_UniProt,cls,dna_prot,nt_v1_500m,esmc_600m,PyTorch_Concat,0.6692,0.7388,0.5196,0.8176,0.6101,0.3534,0.7076,0.7175,OURS
Train3Val_UniProt,cls,dna_prot_spliceai,nt_v1_500m,esm1b_650m,Hybrid_CrossAttn_XGBoost,0.6767,0.6801,0.6627,0.6906,0.6712,0.3534,0.7425,0.7313,OURS
Train3Val_UniProt,cls,dna_prot_spliceai,nt_v2_500m,esm2_650m,Pure_XGBoost_Concat,0.6767,0.6736,0.6807,0.6726,0.6772,0.3534,0.732,0.7061,OURS
Train3Val_UniProt,cls,dna_prot,nt_v3_650m,esm1v_650m,Hybrid_Gating_XGBoost,0.6767,0.6779,0.6687,0.6846,0.6732,0.3533,0.7355,0.7051,OURS
Train3Val_UniProt,cls,prot_spliceai,,esm1v_650m,PyTorch_Concat,0.6752,0.7016,0.6054,0.7444,0.65,0.3533,0.7319,0.7139,OURS
Train3Val_UniProt,mean,dna_prot,nt_v3_650m,esm1v_650m,Hybrid_Concat_XGBoost,0.6767,0.6752,0.6762,0.6771,0.6757,0.3533,0.7464,0.7319,OURS
Train3Val_UniProt,cls,dna_prot_spliceai,nt_v3_650m,esm2_650m,PyTorch_Gating,0.6759,0.6933,0.6265,0.725,0.6582,0.3532,0.7271,0.7058,OURS
Train3Val_UniProt,mean,bio_dna_geom,nt_v2_500m,esm1b_650m,Hybrid_Concat_XGBoost,0.6707,0.7301,0.5377,0.8027,0.6193,0.3531,0.7276,0.7335,OURS
Train3Val_UniProt,cls,dna_prot_spliceai,nt_v3_650m,esm2_650m,Hybrid_CrossAttn_XGBoost,0.6759,0.6914,0.631,0.7205,0.6598,0.353,0.7162,0.6873,OURS
Train3Val_UniProt,cls,dna_prot,nt_v1_500m,esm2_650m,Hybrid_Gating_XGBoost,0.6759,0.6877,0.6401,0.7115,0.663,0.3525,0.7228,0.6958,OURS
Train3Val_UniProt,cls,dna_prot,nt_v2_500m,esmc_600m,PyTorch_Concat,0.6692,0.7357,0.5241,0.8132,0.6121,0.3524,0.7168,0.7162,OURS
Train3Val_UniProt,mean,dna_geom,nt_v2_500m,esm1b_650m,PyTorch_Concat,0.6654,0.7535,0.488,0.8416,0.5923,0.3524,0.7192,0.7272,OURS
Train3Val_UniProt,cls,dna_prot_spliceai,nt_v2_500m,esm2_650m,PyTorch_Gating,0.6737,0.7093,0.5843,0.7623,0.6408,0.3524,0.7162,0.6925,OURS
Train3Val_UniProt,cls,dna_prot_spliceai,nt_v2_500m,esmc_600m,PyTorch_Transformer,0.6692,0.7338,0.5271,0.8102,0.6135,0.3518,0.7095,0.7148,OURS
Train3Val_UniProt,cls,bio_geom,nt_v2_500m,esm1b_650m,Hybrid_Concat_XGBoost,0.6654,0.6233,0.8298,0.5022,0.7119,0.3513,0.7509,0.7356,OURS
Train3Val_UniProt,mean,bio_core_dna_spliceai,nt_v3_650m,,PyTorch_Concat,0.6752,0.6643,0.7033,0.6472,0.6832,0.3511,0.7207,0.7089,OURS
Train3Val_UniProt,cls,dna_prot,nt_v3_650m,esmc_600m,Hybrid_CrossAttn_XGBoost,0.6752,0.6866,0.6401,0.71,0.6625,0.351,0.7314,0.7307,OURS
Train3Val_UniProt,mean,dna_prot,nt_v1_500m,esmc_600m,Hybrid_Gating_XGBoost,0.6744,0.6956,0.616,0.7324,0.6534,0.3508,0.7297,0.7442,OURS
Train3Val_UniProt,cls,dna_prot,nt_v2_500m,esmc_600m,Pure_XGBoost_Concat,0.6752,0.6808,0.6551,0.6951,0.6677,0.3505,0.7481,0.754,OURS
Train3Val_UniProt,cls,dna_prot,nt_v1_500m,esm1v_650m,Hybrid_Transformer_XGBoost,0.6752,0.678,0.6627,0.6876,0.6702,0.3504,0.7261,0.7065,OURS
Train3Val_UniProt,cls,dna_prot_spliceai,nt_v1_500m,esmc_600m,Pure_XGBoost_Concat,0.6752,0.678,0.6627,0.6876,0.6702,0.3504,0.7423,0.7521,OURS
Train3Val_UniProt,cls,dna_prot,nt_v3_650m,esm1v_650m,Hybrid_CrossAttn_XGBoost,0.6752,0.6774,0.6642,0.6861,0.6707,0.3503,0.7275,0.7036,OURS
Train3Val_UniProt,cls,dna_prot_spliceai,nt_v1_500m,esmc_600m,PyTorch_CrossAttn,0.6699,0.7249,0.5437,0.7952,0.6213,0.3503,0.7116,0.7155,OURS
Train3Val_UniProt,center,bio_core_dna_spliceai,nt_v3_650m,,Hybrid_Concat_XGBoost,0.6729,0.6504,0.7425,0.6039,0.6934,0.3497,0.721,0.6919,OURS
Train3Val_UniProt,cls,dna_prot_spliceai,nt_v2_500m,esm1v_650m,PyTorch_Gating,0.6744,0.6843,0.6431,0.7055,0.663,0.3493,0.7246,0.702,OURS
Train3Val_UniProt,mean,bio_core_dna_spliceai,nt_v3_650m,,Hybrid_Concat_XGBoost,0.6729,0.6516,0.738,0.6084,0.6921,0.3492,0.7287,0.7053,OURS
Train3Val_UniProt,cls,dna_prot,nt_v3_650m,esmc_600m,PyTorch_Gating,0.6729,0.7007,0.5994,0.7459,0.6461,0.3491,0.7297,0.7366,OURS
Train3Val_UniProt,cls,dna_prot_spliceai,nt_v1_500m,esmc_600m,PyTorch_Gating,0.6692,0.7253,0.5407,0.7967,0.6195,0.3491,0.707,0.7221,OURS
Train3Val_UniProt,cls,dna_prot_spliceai,nt_v1_500m,esmc_600m,PyTorch_Transformer,0.6669,0.7361,0.5166,0.8161,0.6071,0.3489,0.706,0.7226,OURS
Train3Val_UniProt,cls,dna_prot_spliceai,nt_v2_500m,esmc_600m,Pure_XGBoost_Concat,0.6744,0.6786,0.6581,0.6906,0.6682,0.3489,0.7484,0.753,OURS
Train3Val_UniProt,cls,dna_prot_spliceai,nt_v2_500m,esm2_650m,Hybrid_Gating_XGBoost,0.6737,0.6874,0.6325,0.7145,0.6588,0.3482,0.7243,0.7023,OURS
Train3Val_UniProt,mean,dna_prot_spliceai,nt_v1_500m,esmc_600m,Hybrid_CrossAttn_XGBoost,0.6737,0.6874,0.6325,0.7145,0.6588,0.3482,0.7364,0.7479,OURS
Train3Val_UniProt,mean,geom,nt_v2_500m,esm1b_650m,PyTorch_Concat,0.6714,0.646,0.753,0.5904,0.6954,0.348,0.7481,0.7505,OURS
Train3Val_UniProt,cls,dna_prot_spliceai,nt_v1_500m,esm1v_650m,PyTorch_Transformer,0.6729,0.6945,0.613,0.7324,0.6512,0.3479,0.7214,0.7059,OURS
Train3Val_UniProt,cls,dna_prot_spliceai,nt_v2_500m,esm1v_650m,Hybrid_Concat_XGBoost,0.6737,0.6652,0.6943,0.6532,0.6794,0.3478,0.7303,0.71,OURS
Train3Val_UniProt,cls,dna_prot_spliceai,nt_v3_650m,esm1v_650m,PyTorch_Concat,0.6737,0.6797,0.6521,0.6951,0.6656,0.3475,0.7341,0.7176,OURS
Train3Val_UniProt,mean,dna_prot,nt_v2_500m,esm2_650m,Hybrid_CrossAttn_XGBoost,0.6737,0.6775,0.6581,0.6891,0.6677,0.3474,0.739,0.7225,OURS
Train3Val_UniProt,center,bio_core_spliceai,,,Pure_XGBoost_Concat,0.6714,0.6483,0.744,0.5994,0.6928,0.347,0.7266,0.6959,OURS
Train3Val_UniProt,mean,dna_prot_spliceai,nt_v1_500m,esmc_600m,Hybrid_Gating_XGBoost,0.6729,0.6869,0.631,0.7145,0.6578,0.3468,0.7218,0.736,OURS
Train3Val_UniProt,cls,dna_prot,nt_v2_500m,esmc_600m,PyTorch_Gating,0.6639,0.7432,0.497,0.8296,0.5957,0.3465,0.71,0.716,OURS
Train3Val_UniProt,mean,bio_dna,nt_v2_500m,,Pure_XGBoost_Concat,0.6714,0.6495,0.7395,0.6039,0.6915,0.3465,0.7232,0.6885,OURS
Train3Val_UniProt,mean,bio_dna,nt_v2_500m,,Pure_XGBoost_Concat,0.6714,0.6495,0.7395,0.6039,0.6915,0.3465,0.7232,0.6885,OURS
Train3Val_UniProt,mean,bio_dna,nt_v2_500m,,Pure_XGBoost_Concat,0.6714,0.6495,0.7395,0.6039,0.6915,0.3465,0.7232,0.6885,OURS
Train3Val_UniProt,cls,dna_prot_spliceai,nt_v3_650m,esm2_650m,PyTorch_Transformer,0.6669,0.7282,0.5286,0.8042,0.6126,0.3463,0.7314,0.7086,OURS
Train3Val_UniProt,cls,dna_prot_spliceai,nt_v1_500m,esmc_600m,Hybrid_Concat_XGBoost,0.6729,0.6815,0.6446,0.701,0.6625,0.3462,0.7233,0.7317,OURS
Train3Val_UniProt,cls,dna_prot_spliceai,nt_v2_500m,esmc_600m,PyTorch_CrossAttn,0.6602,0.7592,0.4654,0.8535,0.577,0.3462,0.7107,0.7094,OURS
Train3Val_UniProt,cls,prot_spliceai,,esm1v_650m,Pure_XGBoost_Concat,0.6729,0.6657,0.6898,0.6562,0.6775,0.3461,0.7301,0.7066,OURS
Train3Val_UniProt,cls,dna_prot,nt_v1_500m,esmc_600m,Hybrid_Concat_XGBoost,0.6722,0.6914,0.6175,0.7265,0.6523,0.346,0.7284,0.7278,OURS
Train3Val_UniProt,cls,dna_prot,nt_v1_500m,esmc_600m,Hybrid_CrossAttn_XGBoost,0.6722,0.6895,0.622,0.722,0.654,0.3457,0.7193,0.7264,OURS
Train3Val_UniProt,cls,dna_prot,nt_v2_500m,esm2_650m,PyTorch_CrossAttn,0.6707,0.7034,0.5858,0.7549,0.6393,0.3457,0.7064,0.6855,OURS
Train3Val_UniProt,mean,dna_prot,nt_v1_500m,esmc_600m,Hybrid_CrossAttn_XGBoost,0.6722,0.6858,0.631,0.713,0.6573,0.3452,0.7367,0.7489,OURS
Train3Val_UniProt,mean,dna_prot,nt_v3_650m,esm1v_650m,PyTorch_Concat,0.6714,0.6942,0.6084,0.7339,0.6485,0.3451,0.7428,0.7224,OURS
Train3Val_UniProt,mean,bio_core_dna_spliceai,nt_v2_500m,,Hybrid_Concat_XGBoost,0.6707,0.6498,0.7349,0.6069,0.6898,0.3446,0.72,0.6889,OURS
Train3Val_UniProt,cls,dna_prot_spliceai,nt_v3_650m,esm1v_650m,Hybrid_Concat_XGBoost,0.6722,0.6662,0.6852,0.6592,0.6756,0.3445,0.7301,0.7088,OURS
Train3Val_UniProt,cls,dna_prot,nt_v3_650m,esm2_650m,PyTorch_Transformer,0.6707,0.697,0.5994,0.7414,0.6445,0.3444,0.7308,0.7044,OURS
Train3Val_UniProt,cls,dna_prot_spliceai,nt_v3_650m,esm1v_650m,Hybrid_CrossAttn_XGBoost,0.6722,0.6728,0.6657,0.6786,0.6692,0.3443,0.7293,0.7082,OURS
Train3Val_UniProt,cls,dna_prot_spliceai,nt_v2_500m,esmc_600m,Hybrid_Gating_XGBoost,0.6707,0.6963,0.6009,0.7399,0.6451,0.3442,0.7099,0.7169,OURS
Train3Val_UniProt,cls,dna_prot,nt_v1_500m,esmc_600m,Hybrid_Gating_XGBoost,0.6714,0.6877,0.6235,0.719,0.654,0.3441,0.7188,0.7156,OURS
Train3Val_UniProt,center,bio_core_dna_spliceai,nt_v2_500m,,Pure_XGBoost_Concat,0.6699,0.6466,0.744,0.5964,0.6919,0.3441,0.7216,0.7044,OURS
Train3Val_UniProt,cls,dna_prot,nt_v2_500m,esm1v_650m,Hybrid_Transformer_XGBoost,0.6714,0.6723,0.6642,0.6786,0.6682,0.3428,0.7258,0.7007,OURS
Train3Val_UniProt,cls,prot_spliceai,,esm2_650m,PyTorch_Concat,0.6707,0.6884,0.619,0.722,0.6519,0.3428,0.7245,0.701,OURS
Train3Val_UniProt,cls,dna_prot_spliceai,nt_v3_650m,esm1v_650m,Hybrid_Gating_XGBoost,0.6714,0.6697,0.6717,0.6712,0.6707,0.3428,0.7281,0.7034,OURS
Train3Val_UniProt,cls,dna_prot_spliceai,nt_v2_500m,esm1v_650m,Hybrid_Gating_XGBoost,0.6714,0.6692,0.6732,0.6697,0.6712,0.3428,0.7203,0.7068,OURS
Train3Val_UniProt,cls,dna_prot,nt_v2_500m,esm2_650m,Hybrid_Transformer_XGBoost,0.6707,0.686,0.625,0.716,0.6541,0.3425,0.715,0.6891,OURS
Train3Val_UniProt,mean,bio_core_dna_spliceai,nt_v1_500m,,PyTorch_Concat,0.6692,0.6465,0.741,0.5979,0.6905,0.3423,0.7076,0.6819,OURS
Train3Val_UniProt,cls,dna_prot,nt_v1_500m,esm1v_650m,Pure_XGBoost_Concat,0.6707,0.6596,0.7003,0.6413,0.6793,0.3421,0.7273,0.7032,OURS
Train3Val_UniProt,cls,dna_prot,nt_v1_500m,esm1v_650m,PyTorch_Transformer,0.6707,0.6777,0.6461,0.6951,0.6615,0.3416,0.7266,0.7039,OURS
Train3Val_UniProt,cls,dna_prot_spliceai,nt_v1_500m,esm2_650m,Pure_XGBoost_Concat,0.6707,0.6647,0.6837,0.6577,0.6741,0.3415,0.7366,0.709,OURS
Train3Val_UniProt,cls,dna_prot,nt_v3_650m,esmc_600m,Pure_XGBoost_Concat,0.6707,0.6733,0.6581,0.6831,0.6657,0.3414,0.7389,0.7415,OURS
Train3Val_UniProt,cls,dna_prot,nt_v2_500m,esm2_650m,Pure_XGBoost_Concat,0.6707,0.6677,0.6747,0.6667,0.6712,0.3414,0.7286,0.7107,OURS
Train3Val_UniProt,cls,dna_prot_spliceai,nt_v1_500m,esm1v_650m,Hybrid_Transformer_XGBoost,0.6707,0.6707,0.6657,0.6756,0.6682,0.3413,0.7321,0.7082,OURS
Train3Val_UniProt,cls,dna_prot_spliceai,nt_v1_500m,esm2_650m,PyTorch_CrossAttn,0.6699,0.6873,0.619,0.7205,0.6513,0.3413,0.7186,0.6915,OURS
Train3Val_UniProt,cls,dna_prot_spliceai,nt_v1_500m,esmc_600m,Hybrid_Transformer_XGBoost,0.6699,0.6873,0.619,0.7205,0.6513,0.3413,0.7145,0.7209,OURS
Train3Val_UniProt,cls,dna_prot,nt_v1_500m,esmc_600m,Hybrid_Transformer_XGBoost,0.6699,0.686,0.622,0.7175,0.6524,0.3411,0.7169,0.7234,OURS
Train3Val_UniProt,cls,dna_prot,nt_v1_500m,esm2_650m,PyTorch_Concat,0.6692,0.6932,0.6024,0.7354,0.6446,0.3409,0.7318,0.7004,OURS
Train3Val_UniProt,cls,dna_prot,nt_v2_500m,esm1v_650m,PyTorch_Gating,0.6684,0.6996,0.5858,0.7504,0.6377,0.3409,0.7266,0.7035,OURS
Train3Val_UniProt,cls,dna_prot_spliceai,nt_v2_500m,esm2_650m,Hybrid_Transformer_XGBoost,0.6699,0.6848,0.625,0.7145,0.6535,0.3409,0.7164,0.7084,OURS
Train3Val_UniProt,cls,dna_prot_spliceai,nt_v1_500m,esm2_650m,Hybrid_Gating_XGBoost,0.6699,0.6818,0.6325,0.707,0.6562,0.3405,0.7125,0.6865,OURS
Train3Val_UniProt,cls,prot_spliceai,,esm1v_650m,Hybrid_Concat_XGBoost,0.6699,0.6707,0.6627,0.6771,0.6667,0.3398,0.7372,0.7107,OURS
Train3Val_UniProt,cls,dna_prot,nt_v2_500m,esmc_600m,PyTorch_Transformer,0.6572,0.7543,0.4623,0.8505,0.5733,0.3397,0.7145,0.712,OURS
Train3Val_UniProt,cls,dna_prot_spliceai,nt_v3_650m,esm1v_650m,PyTorch_Transformer,0.6624,0.7296,0.512,0.8117,0.6018,0.3394,0.7356,0.7117,OURS
Train3Val_UniProt,cls,dna_prot,nt_v2_500m,esm1v_650m,Hybrid_Concat_XGBoost,0.6692,0.6637,0.6807,0.6577,0.6721,0.3385,0.7237,0.7078,OURS
Train3Val_UniProt,cls,dna_prot_spliceai,nt_v2_500m,esm2_650m,Hybrid_CrossAttn_XGBoost,0.6684,0.685,0.619,0.7175,0.6503,0.3381,0.7186,0.7012,OURS
Train3Val_UniProt,cls,dna_prot_spliceai,nt_v2_500m,esmc_600m,Hybrid_CrossAttn_XGBoost,0.6684,0.6838,0.622,0.7145,0.6514,0.338,0.7159,0.7243,OURS
Train3Val_UniProt,cls,dna_prot,nt_v3_650m,esm2_650m,Hybrid_Transformer_XGBoost,0.6684,0.6814,0.628,0.7085,0.6536,0.3377,0.7312,0.7035,OURS
Train3Val_UniProt,cls,dna_prot_spliceai,nt_v3_650m,esm1v_650m,PyTorch_CrossAttn,0.6662,0.6995,0.5783,0.7534,0.6331,0.337,0.7296,0.7143,OURS
Train3Val_UniProt,cls,dna_prot,nt_v3_650m,esm1v_650m,Hybrid_Transformer_XGBoost,0.6684,0.6677,0.6657,0.6712,0.6667,0.3368,0.7159,0.6946,OURS
Train3Val_UniProt,cls,dna_prot,nt_v3_650m,esmc_600m,Hybrid_Transformer_XGBoost,0.6677,0.6814,0.625,0.71,0.652,0.3363,0.7232,0.7336,OURS
Train3Val_UniProt,cls,dna_prot,nt_v2_500m,esmc_600m,Hybrid_Concat_XGBoost,0.6677,0.6814,0.625,0.71,0.652,0.3363,0.7304,0.7361,OURS
Train3Val_UniProt,cls,dna_prot,nt_v3_650m,esm1v_650m,PyTorch_CrossAttn,0.6669,0.6903,0.6009,0.7324,0.6425,0.3363,0.7303,0.7109,OURS
Train3Val_UniProt,cls,dna_prot_spliceai,nt_v2_500m,esmc_600m,PyTorch_Gating,0.6654,0.7019,0.5708,0.7593,0.6296,0.3362,0.7135,0.7189,OURS
Train3Val_UniProt,cls,dna_prot_spliceai,nt_v1_500m,esm2_650m,PyTorch_Gating,0.6669,0.6884,0.6054,0.728,0.6442,0.336,0.72,0.6969,OURS
Train3Val_UniProt,cls,dna_prot_spliceai,nt_v1_500m,esm1v_650m,Pure_XGBoost_Concat,0.6677,0.659,0.6898,0.6457,0.674,0.3358,0.7183,0.7044,OURS
Train3Val_UniProt,cls,dna_prot,nt_v3_650m,esm1v_650m,PyTorch_Transformer,0.6669,0.6871,0.6084,0.725,0.6454,0.3357,0.7331,0.7122,OURS
Train3Val_UniProt,cls,dna_prot_spliceai,nt_v3_650m,esm1v_650m,Hybrid_Transformer_XGBoost,0.6677,0.6703,0.6551,0.6801,0.6626,0.3354,0.7311,0.7075,OURS
Train3Val_UniProt,cls,bio_dna,nt_v2_500m,,PyTorch_Concat,0.6669,0.6541,0.7033,0.6308,0.6778,0.335,0.706,0.6677,OURS
Train3Val_UniProt,cls,bio_dna,nt_v2_500m,,PyTorch_Concat,0.6669,0.6541,0.7033,0.6308,0.6778,0.335,0.706,0.6677,OURS
Train3Val_UniProt,cls,bio_dna,nt_v2_500m,,PyTorch_Concat,0.6669,0.6541,0.7033,0.6308,0.6778,0.335,0.706,0.6677,OURS
Train3Val_UniProt,cls,dna_prot,nt_v1_500m,esm2_650m,Hybrid_Transformer_XGBoost,0.6669,0.6797,0.6265,0.707,0.652,0.3346,0.713,0.6847,OURS
Train3Val_UniProt,cls,dna_geom,nt_v2_500m,esm1b_650m,PyTorch_Concat,0.6617,0.6282,0.7861,0.5381,0.6983,0.3346,0.7193,0.7028,OURS
Train3Val_UniProt,cls,dna_prot,nt_v2_500m,esm1v_650m,PyTorch_CrossAttn,0.6669,0.6724,0.6461,0.6876,0.659,0.334,0.7192,0.7011,OURS
Train3Val_UniProt,cls,dna_prot,nt_v1_500m,esm1v_650m,Hybrid_Gating_XGBoost,0.6669,0.6637,0.6717,0.6622,0.6677,0.3339,0.7294,0.7032,OURS
Train3Val_UniProt,cls,dna_prot_spliceai,nt_v1_500m,esm1v_650m,PyTorch_CrossAttn,0.6669,0.6667,0.6627,0.6712,0.6647,0.3338,0.7169,0.6976,OURS
Train3Val_UniProt,cls,bio_core_dna_spliceai,nt_v3_650m,,Pure_XGBoost_Concat,0.6647,0.6418,0.7395,0.5904,0.6872,0.3336,0.7236,0.7081,OURS
Train3Val_UniProt,cls,dna_prot,nt_v2_500m,esmc_600m,Hybrid_Gating_XGBoost,0.6654,0.6886,0.5994,0.7309,0.6409,0.3333,0.7078,0.7188,OURS
Train3Val_UniProt,cls,dna_prot_spliceai,nt_v1_500m,esm2_650m,PyTorch_Concat,0.6662,0.6798,0.6235,0.7085,0.6504,0.3333,0.7192,0.6929,OURS
Train3Val_UniProt,mean,bio,,,Pure_XGBoost_Concat,0.6647,0.6433,0.7334,0.5964,0.6854,0.3329,0.7233,0.6987,OURS
Train3Val_UniProt,mean,bio,,,Pure_XGBoost_Concat,0.6647,0.6433,0.7334,0.5964,0.6854,0.3329,0.7233,0.6987,OURS
Train3Val_UniProt,mean,bio,,,Pure_XGBoost_Concat,0.6647,0.6433,0.7334,0.5964,0.6854,0.3329,0.7233,0.6987,OURS
Train3Val_UniProt,cls,dna_prot_spliceai,nt_v3_650m,esmc_600m,Hybrid_Gating_XGBoost,0.6654,0.6847,0.6084,0.722,0.6443,0.3326,0.7151,0.7278,OURS
Train3Val_UniProt,cls,dna_prot,nt_v1_500m,esm1v_650m,PyTorch_CrossAttn,0.6662,0.6603,0.6792,0.6532,0.6696,0.3325,0.7289,0.7088,OURS
Train3Val_UniProt,cls,dna_prot,nt_v1_500m,esm2_650m,Pure_XGBoost_Concat,0.6662,0.6632,0.6702,0.6622,0.6667,0.3324,0.7299,0.7081,OURS
Train3Val_UniProt,cls,dna_prot,nt_v1_500m,esm2_650m,PyTorch_CrossAttn,0.6647,0.6894,0.5949,0.7339,0.6386,0.3321,0.7167,0.6878,OURS
Train3Val_UniProt,cls,dna_prot,nt_v1_500m,esm2_650m,PyTorch_Gating,0.6647,0.6894,0.5949,0.7339,0.6386,0.3321,0.7167,0.6937,OURS
Train3Val_UniProt,cls,dna_prot_spliceai,nt_v3_650m,esmc_600m,Hybrid_Transformer_XGBoost,0.6654,0.6787,0.6235,0.707,0.6499,0.3317,0.7223,0.7325,OURS
Train3Val_UniProt,cls,dna_prot,nt_v3_650m,esm2_650m,Hybrid_CrossAttn_XGBoost,0.6654,0.6769,0.628,0.7025,0.6516,0.3315,0.7237,0.7076,OURS
Train3Val_UniProt,cls,dna_prot_spliceai,nt_v1_500m,esm1v_650m,PyTorch_Gating,0.6647,0.6855,0.6039,0.725,0.6421,0.3314,0.7294,0.7066,OURS
Train3Val_UniProt,mean,geom,nt_v2_500m,esm1b_650m,Hybrid_Concat_XGBoost,0.6647,0.6484,0.7139,0.6158,0.6796,0.3313,0.6591,0.6104,OURS
Train3Val_UniProt,cls,dna_prot,nt_v3_650m,esm1v_650m,PyTorch_Gating,0.6654,0.6747,0.634,0.6966,0.6537,0.3313,0.7284,0.7107,OURS
Train3Val_UniProt,cls,dna_prot,nt_v1_500m,esm2_650m,Hybrid_CrossAttn_XGBoost,0.6647,0.6842,0.6069,0.722,0.6433,0.3311,0.7154,0.6973,OURS
Train3Val_UniProt,cls,bio_dna_geom,nt_v2_500m,esm1b_650m,PyTorch_Concat,0.6602,0.7149,0.5286,0.7907,0.6078,0.331,0.7294,0.7183,OURS
Train3Val_UniProt,cls,dna_prot_spliceai,nt_v1_500m,esm2_650m,Hybrid_Concat_XGBoost,0.6654,0.6719,0.6416,0.6891,0.6564,0.331,0.7239,0.6982,OURS
Train3Val_UniProt,cls,dna_prot_spliceai,nt_v1_500m,esm1v_650m,Hybrid_Gating_XGBoost,0.6654,0.6617,0.6717,0.6592,0.6667,0.3309,0.7243,0.6991,OURS
Train3Val_UniProt,cls,dna_prot_spliceai,nt_v2_500m,esm1v_650m,Hybrid_Transformer_XGBoost,0.6654,0.6612,0.6732,0.6577,0.6672,0.3309,0.7257,0.6986,OURS
Train3Val_UniProt,cls,dna_prot_spliceai,nt_v3_650m,esmc_600m,Pure_XGBoost_Concat,0.6654,0.6632,0.6672,0.6637,0.6652,0.3308,0.7412,0.7503,OURS
Train3Val_UniProt,cls,bio_core_dna_spliceai,nt_v2_500m,,Pure_XGBoost_Concat,0.6632,0.6405,0.738,0.5889,0.6858,0.3305,0.7138,0.6828,OURS
Train3Val_UniProt,cls,dna_prot_spliceai,nt_v3_650m,esmc_600m,Hybrid_CrossAttn_XGBoost,0.6647,0.677,0.625,0.704,0.65,0.3301,0.7266,0.7288,OURS
Train3Val_UniProt,cls,dna_prot,nt_v2_500m,esm2_650m,PyTorch_Concat,0.6639,0.6856,0.6009,0.7265,0.6404,0.33,0.7229,0.6993,OURS
Train3Val_UniProt,cls,dna_prot_spliceai,nt_v3_650m,esm1v_650m,PyTorch_Gating,0.6647,0.6759,0.628,0.701,0.6511,0.33,0.7309,0.7113,OURS
Train3Val_UniProt,cls,bio,,,Pure_XGBoost_Concat,0.6632,0.6424,0.7304,0.5964,0.6836,0.3298,0.7228,0.694,OURS
Train3Val_UniProt,cls,bio,,,Pure_XGBoost_Concat,0.6632,0.6424,0.7304,0.5964,0.6836,0.3298,0.7228,0.694,OURS
Train3Val_UniProt,cls,bio,,,Pure_XGBoost_Concat,0.6632,0.6424,0.7304,0.5964,0.6836,0.3298,0.7228,0.694,OURS
Train3Val_UniProt,cls,dna_prot,nt_v3_650m,esm2_650m,Hybrid_Concat_XGBoost,0.6647,0.6736,0.634,0.6951,0.6532,0.3297,0.723,0.695,OURS
Train3Val_UniProt,cls,bio_core_dna_spliceai,nt_v1_500m,,Pure_XGBoost_Concat,0.6632,0.6431,0.7274,0.5994,0.6827,0.3295,0.7207,0.6982,OURS
Train3Val_UniProt,center,bio_core_dna_spliceai,nt_v1_500m,,Pure_XGBoost_Concat,0.6632,0.6435,0.7259,0.6009,0.6822,0.3293,0.7146,0.6996,OURS
Train3Val_UniProt,cls,dna_prot_spliceai,nt_v2_500m,esm2_650m,PyTorch_Transformer,0.6639,0.6812,0.6114,0.716,0.6444,0.3293,0.7188,0.6987,OURS
Train3Val_UniProt,cls,dna_prot,nt_v2_500m,esmc_600m,Hybrid_CrossAttn_XGBoost,0.6639,0.6782,0.619,0.7085,0.6472,0.3289,0.7232,0.7235,OURS
Train3Val_UniProt,cls,bio_core_dna_spliceai,nt_v3_650m,,PyTorch_Concat,0.6632,0.6455,0.7184,0.6084,0.68,0.3287,0.7004,0.6663,OURS
Train3Val_UniProt,cls,dna_prot_spliceai,nt_v2_500m,esm2_650m,Hybrid_Concat_XGBoost,0.6639,0.6765,0.6235,0.704,0.6489,0.3286,0.7231,0.705,OURS
Train3Val_UniProt,cls,dna_prot_spliceai,nt_v1_500m,esm2_650m,Hybrid_Transformer_XGBoost,0.6639,0.6748,0.628,0.6996,0.6505,0.3284,0.7259,0.6954,OURS
Train3Val_UniProt,cls,dna_prot_spliceai,nt_v1_500m,esm1v_650m,PyTorch_Concat,0.6639,0.6709,0.6386,0.6891,0.6543,0.3281,0.7244,0.7031,OURS
Train3Val_UniProt,cls,dna_prot,nt_v3_650m,esm1v_650m,PyTorch_Concat,0.6632,0.6783,0.616,0.71,0.6456,0.3275,0.731,0.7071,OURS
Train3Val_UniProt,cls,bio_dna,nt_v2_500m,,Pure_XGBoost_Concat,0.6617,0.6396,0.7349,0.5889,0.684,0.3273,0.7096,0.6914,OURS
Train3Val_UniProt,cls,bio_dna,nt_v2_500m,,Pure_XGBoost_Concat,0.6617,0.6396,0.7349,0.5889,0.684,0.3273,0.7096,0.6914,OURS
Train3Val_UniProt,cls,bio_dna,nt_v2_500m,,Pure_XGBoost_Concat,0.6617,0.6396,0.7349,0.5889,0.684,0.3273,0.7096,0.6914,OURS
Train3Val_UniProt,cls,dna_prot_spliceai,nt_v3_650m,esm2_650m,Hybrid_Gating_XGBoost,0.6632,0.6754,0.6235,0.7025,0.6484,0.3271,0.7177,0.7066,OURS
Train3Val_UniProt,cls,dna_prot,nt_v1_500m,esm1v_650m,PyTorch_Concat,0.6624,0.6507,0.6958,0.6293,0.6725,0.3258,0.7241,0.7025,OURS
Train3Val_UniProt,cls,dna_prot_spliceai,nt_v3_650m,esm2_650m,Hybrid_Transformer_XGBoost,0.6624,0.6726,0.628,0.6966,0.6495,0.3254,0.7138,0.6918,OURS
Train3Val_UniProt,cls,dna_prot,nt_v3_650m,esm1v_650m,Hybrid_Concat_XGBoost,0.6624,0.6592,0.6672,0.6577,0.6632,0.3249,0.7271,0.7028,OURS
Train3Val_UniProt,cls,dna_prot,nt_v1_500m,esm2_650m,PyTorch_Transformer,0.6572,0.7108,0.5256,0.7877,0.6043,0.3248,0.7157,0.6918,OURS
Train3Val_UniProt,mean,bio_dna,nt_v2_500m,,PyTorch_Concat,0.6617,0.6498,0.6958,0.6278,0.672,0.3243,0.7118,0.6868,OURS
Train3Val_UniProt,mean,bio_dna,nt_v2_500m,,PyTorch_Concat,0.6617,0.6498,0.6958,0.6278,0.672,0.3243,0.7118,0.6868,OURS
Train3Val_UniProt,mean,bio_dna,nt_v2_500m,,PyTorch_Concat,0.6617,0.6498,0.6958,0.6278,0.672,0.3243,0.7118,0.6868,OURS
Train3Val_UniProt,cls,dna_prot,nt_v1_500m,esm1v_650m,PyTorch_Gating,0.6617,0.6749,0.619,0.704,0.6457,0.3242,0.7217,0.705,OURS
Train3Val_UniProt,cls,dna_prot_spliceai,nt_v1_500m,esm2_650m,Hybrid_CrossAttn_XGBoost,0.6617,0.6743,0.6205,0.7025,0.6463,0.3241,0.7132,0.6862,OURS
Train3Val_UniProt,center,bio_core_dna_spliceai,nt_v3_650m,,PyTorch_Concat,0.6617,0.6524,0.6867,0.6368,0.6691,0.3239,0.7103,0.6954,OURS
Train3Val_UniProt,cls,dna_prot,nt_v1_500m,esm1v_650m,Hybrid_Concat_XGBoost,0.6617,0.6573,0.6702,0.6532,0.6637,0.3234,0.7268,0.7005,OURS
Train3Val_UniProt,cls,dna_prot,nt_v1_500m,esm1v_650m,Hybrid_CrossAttn_XGBoost,0.6617,0.6646,0.6476,0.6756,0.656,0.3234,0.7229,0.7034,OURS
Train3Val_UniProt,cls,dna_prot_spliceai,nt_v1_500m,esm2_650m,PyTorch_Transformer,0.6602,0.6861,0.5858,0.7339,0.632,0.3234,0.7204,0.6976,OURS
Train3Val_UniProt,cls,dna_prot_spliceai,nt_v1_500m,esmc_600m,Hybrid_Gating_XGBoost,0.6609,0.6755,0.6145,0.707,0.6435,0.3229,0.7124,0.7262,OURS
Train3Val_UniProt,center,dna_geom,nt_v1_500m,esmc_600m,PyTorch_Concat,0.6534,0.7225,0.494,0.8117,0.5868,0.3225,0.7102,0.7112,OURS
Train3Val_UniProt,center,bio,,,Pure_XGBoost_Concat,0.6594,0.6385,0.7289,0.5904,0.6807,0.3224,0.7219,0.697,OURS
Train3Val_UniProt,center,bio,,,Pure_XGBoost_Concat,0.6594,0.6385,0.7289,0.5904,0.6807,0.3224,0.7219,0.697,OURS
Train3Val_UniProt,center,bio,,,Pure_XGBoost_Concat,0.6594,0.6385,0.7289,0.5904,0.6807,0.3224,0.7219,0.697,OURS
Train3Val_UniProt,cls,dna_prot,nt_v2_500m,esmc_600m,Hybrid_Transformer_XGBoost,0.6594,0.6862,0.5828,0.7354,0.6303,0.3221,0.7138,0.7226,OURS
Train3Val_UniProt,cls,dna_prot,nt_v2_500m,esm1v_650m,PyTorch_Transformer,0.6609,0.6677,0.6355,0.6861,0.6512,0.3221,0.7203,0.6989,OURS
Train3Val_UniProt,cls,dna_prot,nt_v2_500m,esm1v_650m,Hybrid_CrossAttn_XGBoost,0.6609,0.6626,0.6506,0.6712,0.6565,0.3218,0.7231,0.7057,OURS
Train3Val_UniProt,cls,dna_prot_spliceai,nt_v2_500m,esm1v_650m,PyTorch_Transformer,0.6587,0.6903,0.5708,0.7459,0.6249,0.3217,0.726,0.7124,OURS
Train3Val_UniProt,cls,bio,,,PyTorch_Concat,0.6587,0.6362,0.7349,0.583,0.682,0.3216,0.7105,0.6885,OURS
Train3Val_UniProt,cls,bio,,,PyTorch_Concat,0.6587,0.6362,0.7349,0.583,0.682,0.3216,0.7105,0.6885,OURS
Train3Val_UniProt,cls,bio,,,PyTorch_Concat,0.6587,0.6362,0.7349,0.583,0.682,0.3216,0.7105,0.6885,OURS
Train3Val_UniProt,mean,bio,,,PyTorch_Concat,0.6594,0.6411,0.7184,0.6009,0.6776,0.3214,0.7141,0.6911,OURS
Train3Val_UniProt,mean,bio,,,Hybrid_Concat_XGBoost,0.6594,0.6411,0.7184,0.6009,0.6776,0.3214,0.72,0.6994,OURS
Train3Val_UniProt,mean,bio,,,PyTorch_Concat,0.6594,0.6411,0.7184,0.6009,0.6776,0.3214,0.7141,0.6911,OURS
Train3Val_UniProt,mean,bio,,,Hybrid_Concat_XGBoost,0.6594,0.6411,0.7184,0.6009,0.6776,0.3214,0.72,0.6994,OURS
Train3Val_UniProt,mean,bio,,,PyTorch_Concat,0.6594,0.6411,0.7184,0.6009,0.6776,0.3214,0.7141,0.6911,OURS
Train3Val_UniProt,mean,bio,,,Hybrid_Concat_XGBoost,0.6594,0.6411,0.7184,0.6009,0.6776,0.3214,0.72,0.6994,OURS
Train3Val_UniProt,cls,dna_prot_spliceai,nt_v2_500m,esm1v_650m,Pure_XGBoost_Concat,0.6602,0.6484,0.6943,0.6263,0.6705,0.3213,0.7204,0.709,OURS
Train3Val_UniProt,mean,dna_geom_prot,nt_v2_500m,esm1b_650m,Hybrid_Gating_XGBoost,0.6572,0.6302,0.7545,0.5605,0.6868,0.3211,0.7241,0.7083,OURS
Train3Val_UniProt,cls,dna_prot,nt_v2_500m,esm2_650m,Hybrid_Concat_XGBoost,0.6602,0.6715,0.622,0.6981,0.6458,0.321,0.7318,0.706,OURS
Train3Val_UniProt,cls,bio_core_dna_spliceai,nt_v3_650m,,Hybrid_Concat_XGBoost,0.6587,0.6377,0.7289,0.5889,0.6803,0.321,0.7014,0.675,OURS
Train3Val_UniProt,center,bio,,,PyTorch_Concat,0.6587,0.6391,0.7229,0.5949,0.6784,0.3204,0.7144,0.6922,OURS
Train3Val_UniProt,center,bio,,,PyTorch_Concat,0.6587,0.6391,0.7229,0.5949,0.6784,0.3204,0.7144,0.6922,OURS
Train3Val_UniProt,center,bio,,,PyTorch_Concat,0.6587,0.6391,0.7229,0.5949,0.6784,0.3204,0.7144,0.6922,OURS
Train3Val_UniProt,cls,dna_prot_spliceai,nt_v3_650m,esm1v_650m,Pure_XGBoost_Concat,0.6594,0.6504,0.6837,0.6353,0.6667,0.3194,0.727,0.7102,OURS
Train3Val_UniProt,cls,dna_prot_spliceai,nt_v2_500m,esmc_600m,Hybrid_Transformer_XGBoost,0.6587,0.678,0.5994,0.7175,0.6363,0.3192,0.7063,0.7176,OURS
Train3Val_UniProt,center,bio_core_dna_spliceai,nt_v2_500m,,Hybrid_Concat_XGBoost,0.6572,0.6342,0.7364,0.5785,0.6815,0.3189,0.7075,0.6827,OURS
Train3Val_UniProt,mean,bio_dna,nt_v2_500m,,Hybrid_Concat_XGBoost,0.6579,0.639,0.7199,0.5964,0.6771,0.3187,0.7213,0.6949,OURS
Train3Val_UniProt,mean,bio_dna,nt_v2_500m,,Hybrid_Concat_XGBoost,0.6579,0.639,0.7199,0.5964,0.6771,0.3187,0.7213,0.6949,OURS
Train3Val_UniProt,mean,bio_dna,nt_v2_500m,,Hybrid_Concat_XGBoost,0.6579,0.639,0.7199,0.5964,0.6771,0.3187,0.7213,0.6949,OURS
Train3Val_UniProt,cls,dna_prot_spliceai,nt_v2_500m,esm1v_650m,PyTorch_CrossAttn,0.6587,0.6716,0.616,0.701,0.6426,0.3182,0.7215,0.7108,OURS
Train3Val_UniProt,mean,bio_core_dna_spliceai,nt_v1_500m,,Hybrid_Concat_XGBoost,0.6572,0.6367,0.7259,0.5889,0.6784,0.3178,0.7076,0.677,OURS
Train3Val_UniProt,cls,dna_prot_spliceai,nt_v1_500m,esm1v_650m,Hybrid_Concat_XGBoost,0.6587,0.6539,0.6687,0.6487,0.6612,0.3175,0.7288,0.7059,OURS
Train3Val_UniProt,cls,dna_prot_spliceai,nt_v1_500m,esm1v_650m,Hybrid_CrossAttn_XGBoost,0.6587,0.6635,0.6386,0.6786,0.6508,0.3174,0.7165,0.6985,OURS
Train3Val_UniProt,center,bio_core_spliceai,,,Hybrid_Concat_XGBoost,0.6572,0.6382,0.7199,0.5949,0.6766,0.3172,0.7101,0.6839,OURS
Train3Val_UniProt,cls,bio_core_dna_spliceai,nt_v2_500m,,Hybrid_Concat_XGBoost,0.6564,0.6348,0.7304,0.583,0.6793,0.3168,0.7045,0.6639,OURS
Train3Val_UniProt,center,bio_core_spliceai,,,PyTorch_Concat,0.6557,0.635,0.7259,0.5859,0.6774,0.3149,0.71,0.6831,OURS
Train3Val_UniProt,cls,dna_prot_spliceai,nt_v2_500m,esmc_600m,Hybrid_Concat_XGBoost,0.6572,0.6672,0.622,0.6921,0.6438,0.3149,0.721,0.7243,OURS
Train3Val_UniProt,cls,dna_prot,nt_v2_500m,esm1v_650m,Pure_XGBoost_Concat,0.6572,0.6507,0.6732,0.6413,0.6617,0.3146,0.7186,0.6976,OURS
Train3Val_UniProt,center,bio_dna,nt_v1_500m,,Pure_XGBoost_Concat,0.6557,0.6368,0.7184,0.5934,0.6752,0.3142,0.7156,0.6996,OURS
Train3Val_UniProt,center,bio_dna,nt_v1_500m,,Pure_XGBoost_Concat,0.6557,0.6368,0.7184,0.5934,0.6752,0.3142,0.7156,0.6996,OURS
Train3Val_UniProt,center,bio_dna,nt_v1_500m,,Pure_XGBoost_Concat,0.6557,0.6368,0.7184,0.5934,0.6752,0.3142,0.7156,0.6996,OURS
Train3Val_UniProt,cls,dna_prot,nt_v3_650m,esm1v_650m,Pure_XGBoost_Concat,0.6564,0.651,0.6687,0.6442,0.6597,0.313,0.7151,0.6981,OURS
Train3Val_UniProt,center,geom,nt_v1_500m,esmc_600m,PyTorch_Concat,0.6467,0.6083,0.8163,0.4783,0.6971,0.3129,0.7512,0.754,OURS
Train3Val_UniProt,cls,dna_prot,nt_v2_500m,esm1v_650m,Hybrid_Gating_XGBoost,0.6564,0.6547,0.6566,0.6562,0.6556,0.3128,0.7202,0.705,OURS
Train3Val_UniProt,cls,dna_prot_spliceai,nt_v2_500m,esm1v_650m,PyTorch_Concat,0.6542,0.6849,0.5663,0.7414,0.62,0.3126,0.7192,0.7016,OURS
Train3Val_UniProt,center,bio,,,Hybrid_Concat_XGBoost,0.6549,0.6375,0.7123,0.5979,0.6728,0.3123,0.7084,0.6901,OURS
Train3Val_UniProt,center,bio,,,Hybrid_Concat_XGBoost,0.6549,0.6375,0.7123,0.5979,0.6728,0.3123,0.7084,0.6901,OURS
Train3Val_UniProt,center,bio,,,Hybrid_Concat_XGBoost,0.6549,0.6375,0.7123,0.5979,0.6728,0.3123,0.7084,0.6901,OURS
Train3Val_UniProt,cls,dna_prot,nt_v2_500m,esm2_650m,PyTorch_Gating,0.6557,0.6651,0.622,0.6891,0.6428,0.3118,0.7007,0.6754,OURS
Train3Val_UniProt,cls,bio_dna,nt_v2_500m,,Hybrid_Concat_XGBoost,0.6542,0.6359,0.7154,0.5934,0.6733,0.3111,0.7101,0.6907,OURS
Train3Val_UniProt,cls,bio_dna,nt_v2_500m,,Hybrid_Concat_XGBoost,0.6542,0.6359,0.7154,0.5934,0.6733,0.3111,0.7101,0.6907,OURS
Train3Val_UniProt,cls,bio_dna,nt_v2_500m,,Hybrid_Concat_XGBoost,0.6542,0.6359,0.7154,0.5934,0.6733,0.3111,0.7101,0.6907,OURS
Train3Val_UniProt,cls,dna_prot,nt_v2_500m,esm1v_650m,PyTorch_Concat,0.6534,0.6797,0.5753,0.7309,0.6232,0.3101,0.7205,0.7011,OURS
Train3Val_UniProt,cls,bio,,,Hybrid_Concat_XGBoost,0.6534,0.634,0.7199,0.5874,0.6742,0.31,0.7098,0.6873,OURS
Train3Val_UniProt,cls,bio,,,Hybrid_Concat_XGBoost,0.6534,0.634,0.7199,0.5874,0.6742,0.31,0.7098,0.6873,OURS
Train3Val_UniProt,cls,bio,,,Hybrid_Concat_XGBoost,0.6534,0.634,0.7199,0.5874,0.6742,0.31,0.7098,0.6873,OURS
Train3Val_UniProt,cls,dna_prot,nt_v2_500m,esm2_650m,Hybrid_Gating_XGBoost,0.6542,0.6645,0.6175,0.6906,0.6401,0.3089,0.7082,0.6932,OURS
Train3Val_UniProt,cls,bio_core_dna_spliceai,nt_v1_500m,,Hybrid_Concat_XGBoost,0.6519,0.6312,0.7244,0.58,0.6746,0.3075,0.7026,0.6803,OURS
Train3Val_UniProt,center,bio_dna,nt_v1_500m,,Hybrid_Concat_XGBoost,0.6519,0.6337,0.7139,0.5904,0.6714,0.3066,0.7142,0.6934,OURS
Train3Val_UniProt,center,bio_dna,nt_v1_500m,,Hybrid_Concat_XGBoost,0.6519,0.6337,0.7139,0.5904,0.6714,0.3066,0.7142,0.6934,OURS
Train3Val_UniProt,center,bio_dna,nt_v1_500m,,Hybrid_Concat_XGBoost,0.6519,0.6337,0.7139,0.5904,0.6714,0.3066,0.7142,0.6934,OURS
Train3Val_UniProt,cls,dna_geom_prot,nt_v2_500m,esm1b_650m,Hybrid_Concat_XGBoost,0.6422,0.7221,0.4578,0.8251,0.5604,0.3043,0.7031,0.6963,OURS
Train3Val_UniProt,mean,bio_core_dna_spliceai,nt_v2_500m,,PyTorch_Concat,0.6512,0.6392,0.6883,0.6143,0.6628,0.3034,0.7026,0.6771,OURS
Train3Val_UniProt,cls,bio_core_dna_spliceai,nt_v2_500m,,PyTorch_Concat,0.6504,0.6349,0.7018,0.5994,0.6667,0.3028,0.6892,0.6458,OURS
Train3Val_UniProt,center,bio_core_dna_spliceai,nt_v1_500m,,Hybrid_Concat_XGBoost,0.6489,0.631,0.7108,0.5874,0.6686,0.3005,0.7049,0.6756,OURS
Train3Val_UniProt,center,bio_core_dna_spliceai,nt_v2_500m,,PyTorch_Concat,0.6452,0.6186,0.75,0.5411,0.678,0.2976,0.6969,0.6671,OURS
Train3Val_UniProt,center,bio_core_dna_spliceai,nt_v1_500m,,PyTorch_Concat,0.6452,0.6235,0.7259,0.565,0.6708,0.2947,0.693,0.6741,OURS
Train3Val_UniProt,mean,dna_geom,nt_v2_500m,esm1b_650m,Hybrid_Concat_XGBoost,0.6384,0.6161,0.7274,0.5501,0.6671,0.2819,0.6624,0.6197,OURS
Train3Val_UniProt,cls,bio_core_dna_spliceai,nt_v1_500m,,PyTorch_Concat,0.6384,0.621,0.7033,0.574,0.6596,0.2796,0.6952,0.676,OURS
Train3Val_UniProt,mean,dna_spliceai,nt_v3_650m,,Pure_XGBoost_Concat,0.6182,0.6183,0.6099,0.6263,0.6141,0.2363,0.6608,0.6555,OURS
Train3Val_UniProt,center,dna_spliceai,nt_v3_650m,,PyTorch_Concat,0.6152,0.6332,0.5407,0.6891,0.5833,0.2324,0.6675,0.6586,OURS
Train3Val_UniProt,mean,dna_spliceai,nt_v3_650m,,PyTorch_Concat,0.6137,0.6274,0.5527,0.6741,0.5877,0.2286,0.658,0.6516,OURS
Train3Val_UniProt,center,dna_spliceai,nt_v3_650m,,Pure_XGBoost_Concat,0.6024,0.6021,0.5949,0.6099,0.5985,0.2048,0.6481,0.6417,OURS
Train3Val_UniProt,mean,dna_geom_prot,nt_v2_500m,esm1b_650m,Hybrid_Transformer_XGBoost,0.5799,0.5501,0.8599,0.3019,0.671,0.195,0.6985,0.6637,OURS
Train3Val_UniProt,center,geom,nt_v1_500m,esmc_600m,Hybrid_Concat_XGBoost,0.5671,0.5393,0.8991,0.2377,0.6742,0.1822,0.6967,0.6601,OURS
Train3Val_UniProt,center,dna_spliceai,nt_v3_650m,,Hybrid_Concat_XGBoost,0.5896,0.5899,0.5783,0.6009,0.584,0.1793,0.6222,0.627,OURS
Train3Val_UniProt,mean,dna_spliceai,nt_v3_650m,,Hybrid_Concat_XGBoost,0.5806,0.5996,0.4759,0.6846,0.5306,0.1641,0.5871,0.6146,OURS
Train3Val_UniProt,mean,bio_geom,nt_v2_500m,esm1b_650m,Hybrid_Concat_XGBoost,0.5589,0.6863,0.2108,0.9043,0.3226,0.16,0.6613,0.6466,OURS
Train3Val_UniProt,cls,dna_geom_prot,nt_v2_500m,esm1b_650m,Hybrid_Gating_XGBoost,0.5491,0.6061,0.2711,0.8251,0.3746,0.1156,0.6528,0.6137,OURS
Train3Val_UniProt,cls,dna_geom,nt_v2_500m,esm1b_650m,Hybrid_Concat_XGBoost,0.5139,0.9444,0.0256,0.9985,0.0499,0.1044,0.6037,0.6308,OURS
Train3Val_UniProt,cls,dna_spliceai,nt_v3_650m,,PyTorch_Concat,0.5416,0.5421,0.5136,0.5695,0.5275,0.0832,0.5272,0.5166,OURS
Train3Val_UniProt,mean,dna_spliceai,nt_v1_500m,,Pure_XGBoost_Concat,0.5386,0.5392,0.5075,0.5695,0.5229,0.0772,0.5481,0.5429,OURS
Train3Val_UniProt,center,dna,nt_v1_500m,,PyTorch_Concat,0.5364,0.5341,0.5422,0.5306,0.5381,0.0728,0.5343,0.5197,OURS
Train3Val_UniProt,center,dna,nt_v1_500m,,PyTorch_Concat,0.5364,0.5341,0.5422,0.5306,0.5381,0.0728,0.5343,0.5197,OURS
Train3Val_UniProt,center,dna,nt_v1_500m,,PyTorch_Concat,0.5364,0.5341,0.5422,0.5306,0.5381,0.0728,0.5343,0.5197,OURS
Train3Val_UniProt,center,dna,nt_v1_500m,,PyTorch_Concat,0.5364,0.5341,0.5422,0.5306,0.5381,0.0728,0.5343,0.5197,OURS
Train3Val_UniProt,center,dna,nt_v1_500m,,PyTorch_Concat,0.5364,0.5341,0.5422,0.5306,0.5381,0.0728,0.5343,0.5197,OURS
Train3Val_UniProt,mean,dna,nt_v2_500m,,PyTorch_Concat,0.5341,0.5256,0.6642,0.4051,0.5868,0.0717,0.5419,0.5298,OURS
Train3Val_UniProt,mean,dna,nt_v2_500m,,PyTorch_Concat,0.5341,0.5256,0.6642,0.4051,0.5868,0.0717,0.5419,0.5298,OURS
Train3Val_UniProt,mean,dna,nt_v2_500m,,PyTorch_Concat,0.5341,0.5256,0.6642,0.4051,0.5868,0.0717,0.5419,0.5298,OURS
Train3Val_UniProt,mean,dna,nt_v2_500m,,PyTorch_Concat,0.5341,0.5256,0.6642,0.4051,0.5868,0.0717,0.5419,0.5298,OURS
Train3Val_UniProt,mean,dna,nt_v2_500m,,PyTorch_Concat,0.5341,0.5256,0.6642,0.4051,0.5868,0.0717,0.5419,0.5298,OURS
Train3Val_UniProt,cls,dna_spliceai,nt_v3_650m,,Hybrid_Concat_XGBoost,0.5349,0.5412,0.4352,0.6338,0.4825,0.0704,0.5414,0.5371,OURS
Train3Val_UniProt,mean,dna_spliceai,nt_v2_500m,,PyTorch_Concat,0.5349,0.5355,0.5,0.5695,0.5171,0.0697,0.5341,0.5162,OURS
Train3Val_UniProt,center,dna_spliceai,nt_v2_500m,,Hybrid_Concat_XGBoost,0.5326,0.5298,0.5497,0.5157,0.5395,0.0654,0.5303,0.5246,OURS
Train3Val_UniProt,mean,dna_spliceai,nt_v1_500m,,PyTorch_Concat,0.5281,0.5311,0.4503,0.6054,0.4874,0.0564,0.5595,0.5489,OURS
Train3Val_UniProt,mean,dna_spliceai,nt_v2_500m,,Hybrid_Concat_XGBoost,0.5259,0.5238,0.5301,0.5217,0.5269,0.0518,0.5434,0.554,OURS
Train3Val_UniProt,center,dna,nt_v1_500m,,Pure_XGBoost_Concat,0.5236,0.5207,0.5497,0.4978,0.5348,0.0475,0.5313,0.5121,OURS
Train3Val_UniProt,center,dna,nt_v1_500m,,Pure_XGBoost_Concat,0.5236,0.5207,0.5497,0.4978,0.5348,0.0475,0.5313,0.5121,OURS
Train3Val_UniProt,center,dna,nt_v1_500m,,Pure_XGBoost_Concat,0.5236,0.5207,0.5497,0.4978,0.5348,0.0475,0.5313,0.5121,OURS
Train3Val_UniProt,center,dna,nt_v1_500m,,Pure_XGBoost_Concat,0.5236,0.5207,0.5497,0.4978,0.5348,0.0475,0.5313,0.5121,OURS
Train3Val_UniProt,center,dna,nt_v1_500m,,Pure_XGBoost_Concat,0.5236,0.5207,0.5497,0.4978,0.5348,0.0475,0.5313,0.5121,OURS
Train3Val_UniProt,cls,dna_spliceai,nt_v2_500m,,Hybrid_Concat_XGBoost,0.5236,0.5249,0.4608,0.5859,0.4908,0.0472,0.5216,0.522,OURS
Train3Val_UniProt,cls,dna_geom_prot,nt_v2_500m,esm1b_650m,Hybrid_CrossAttn_XGBoost,0.5124,0.5058,0.9157,0.1121,0.6517,0.0466,0.6689,0.6527,OURS
Train3Val_UniProt,mean,dna_spliceai,nt_v1_500m,,Hybrid_Concat_XGBoost,0.5229,0.5215,0.5105,0.5351,0.516,0.0457,0.5328,0.517,OURS
Train3Val_UniProt,cls,dna,nt_v2_500m,,Hybrid_Concat_XGBoost,0.5221,0.5245,0.4352,0.6084,0.4757,0.0443,0.5251,0.513,OURS
Train3Val_UniProt,cls,dna,nt_v2_500m,,Hybrid_Concat_XGBoost,0.5221,0.5245,0.4352,0.6084,0.4757,0.0443,0.5251,0.513,OURS
Train3Val_UniProt,cls,dna,nt_v2_500m,,Hybrid_Concat_XGBoost,0.5221,0.5245,0.4352,0.6084,0.4757,0.0443,0.5251,0.513,OURS
Train3Val_UniProt,cls,dna,nt_v2_500m,,Hybrid_Concat_XGBoost,0.5221,0.5245,0.4352,0.6084,0.4757,0.0443,0.5251,0.513,OURS
Train3Val_UniProt,cls,dna,nt_v2_500m,,Hybrid_Concat_XGBoost,0.5221,0.5245,0.4352,0.6084,0.4757,0.0443,0.5251,0.513,OURS
Train3Val_UniProt,cls,dna_spliceai,nt_v3_650m,,Pure_XGBoost_Concat,0.5199,0.5212,0.4443,0.5949,0.4797,0.0396,0.5365,0.5393,OURS
Train3Val_UniProt,center,dna_spliceai,nt_v2_500m,,PyTorch_Concat,0.5161,0.513,0.5648,0.4679,0.5376,0.0328,0.5348,0.5401,OURS
Train3Val_UniProt,mean,dna,nt_v2_500m,,Hybrid_Concat_XGBoost,0.5161,0.514,0.5256,0.5067,0.5197,0.0323,0.5193,0.5119,OURS
Train3Val_UniProt,mean,dna,nt_v2_500m,,Hybrid_Concat_XGBoost,0.5161,0.514,0.5256,0.5067,0.5197,0.0323,0.5193,0.5119,OURS
Train3Val_UniProt,mean,dna,nt_v2_500m,,Hybrid_Concat_XGBoost,0.5161,0.514,0.5256,0.5067,0.5197,0.0323,0.5193,0.5119,OURS
Train3Val_UniProt,mean,dna,nt_v2_500m,,Hybrid_Concat_XGBoost,0.5161,0.514,0.5256,0.5067,0.5197,0.0323,0.5193,0.5119,OURS
Train3Val_UniProt,mean,dna,nt_v2_500m,,Hybrid_Concat_XGBoost,0.5161,0.514,0.5256,0.5067,0.5197,0.0323,0.5193,0.5119,OURS
Train3Val_UniProt,center,dna_spliceai,nt_v1_500m,,Pure_XGBoost_Concat,0.5139,0.512,0.512,0.5157,0.512,0.0277,0.5219,0.5141,OURS
Train3Val_UniProt,mean,dna_geom_prot,nt_v2_500m,esm1b_650m,Hybrid_Concat_XGBoost,0.4989,0.4985,1.0,0.0015,0.6653,0.0273,0.5687,0.548,OURS
Train3Val_UniProt,cls,dna,nt_v2_500m,,Pure_XGBoost_Concat,0.5131,0.5137,0.4232,0.6024,0.4641,0.026,0.5061,0.5058,OURS
Train3Val_UniProt,cls,dna,nt_v2_500m,,Pure_XGBoost_Concat,0.5131,0.5137,0.4232,0.6024,0.4641,0.026,0.5061,0.5058,OURS
Train3Val_UniProt,cls,dna,nt_v2_500m,,Pure_XGBoost_Concat,0.5131,0.5137,0.4232,0.6024,0.4641,0.026,0.5061,0.5058,OURS
Train3Val_UniProt,cls,dna,nt_v2_500m,,Pure_XGBoost_Concat,0.5131,0.5137,0.4232,0.6024,0.4641,0.026,0.5061,0.5058,OURS
Train3Val_UniProt,cls,dna,nt_v2_500m,,Pure_XGBoost_Concat,0.5131,0.5137,0.4232,0.6024,0.4641,0.026,0.5061,0.5058,OURS
Train3Val_UniProt,center,dna,nt_v1_500m,,Hybrid_Concat_XGBoost,0.5086,0.5067,0.5151,0.5022,0.5108,0.0173,0.5239,0.5235,OURS
Train3Val_UniProt,center,dna,nt_v1_500m,,Hybrid_Concat_XGBoost,0.5086,0.5067,0.5151,0.5022,0.5108,0.0173,0.5239,0.5235,OURS
Train3Val_UniProt,center,dna,nt_v1_500m,,Hybrid_Concat_XGBoost,0.5086,0.5067,0.5151,0.5022,0.5108,0.0173,0.5239,0.5235,OURS
Train3Val_UniProt,center,dna,nt_v1_500m,,Hybrid_Concat_XGBoost,0.5086,0.5067,0.5151,0.5022,0.5108,0.0173,0.5239,0.5235,OURS
Train3Val_UniProt,center,dna,nt_v1_500m,,Hybrid_Concat_XGBoost,0.5086,0.5067,0.5151,0.5022,0.5108,0.0173,0.5239,0.5235,OURS
Train3Val_UniProt,center,dna_spliceai,nt_v1_500m,,Hybrid_Concat_XGBoost,0.5086,0.5068,0.5015,0.5157,0.5042,0.0172,0.5113,0.516,OURS
Train3Val_UniProt,cls,dna_spliceai,nt_v1_500m,,PyTorch_Concat,0.5064,0.5075,0.3057,0.7055,0.3816,0.0123,0.5126,0.5097,OURS
Train3Val_UniProt,center,dna_spliceai,nt_v2_500m,,Pure_XGBoost_Concat,0.5056,0.5035,0.5467,0.4649,0.5242,0.0116,0.5096,0.5048,OURS
Train3Val_UniProt,cls,dna_spliceai,nt_v1_500m,,Hybrid_Concat_XGBoost,0.5049,0.5031,0.4834,0.5262,0.4931,0.0096,0.5068,0.51,OURS
Train3Val_UniProt,cls,dna_spliceai,nt_v2_500m,,Pure_XGBoost_Concat,0.5049,0.5035,0.4383,0.571,0.4686,0.0093,0.5146,0.5129,OURS
Train3Val_UniProt,mean,dna,nt_v2_500m,,Pure_XGBoost_Concat,0.5004,0.4985,0.4864,0.5142,0.4924,0.0006,0.4974,0.5019,OURS
Train3Val_UniProt,mean,dna,nt_v2_500m,,Pure_XGBoost_Concat,0.5004,0.4985,0.4864,0.5142,0.4924,0.0006,0.4974,0.5019,OURS
Train3Val_UniProt,mean,dna,nt_v2_500m,,Pure_XGBoost_Concat,0.5004,0.4985,0.4864,0.5142,0.4924,0.0006,0.4974,0.5019,OURS
Train3Val_UniProt,mean,dna,nt_v2_500m,,Pure_XGBoost_Concat,0.5004,0.4985,0.4864,0.5142,0.4924,0.0006,0.4974,0.5019,OURS
Train3Val_UniProt,mean,dna,nt_v2_500m,,Pure_XGBoost_Concat,0.5004,0.4985,0.4864,0.5142,0.4924,0.0006,0.4974,0.5019,OURS
Train3Val_UniProt,cls,dna,nt_v2_500m,,PyTorch_Concat,0.4989,0.4959,0.3614,0.6353,0.4181,-0.0034,0.4987,0.5022,OURS
Train3Val_UniProt,cls,dna,nt_v2_500m,,PyTorch_Concat,0.4989,0.4959,0.3614,0.6353,0.4181,-0.0034,0.4987,0.5022,OURS
Train3Val_UniProt,cls,dna,nt_v2_500m,,PyTorch_Concat,0.4989,0.4959,0.3614,0.6353,0.4181,-0.0034,0.4987,0.5022,OURS
Train3Val_UniProt,cls,dna,nt_v2_500m,,PyTorch_Concat,0.4989,0.4959,0.3614,0.6353,0.4181,-0.0034,0.4987,0.5022,OURS
Train3Val_UniProt,cls,dna,nt_v2_500m,,PyTorch_Concat,0.4989,0.4959,0.3614,0.6353,0.4181,-0.0034,0.4987,0.5022,OURS
Train3Val_UniProt,cls,dna_spliceai,nt_v2_500m,,PyTorch_Concat,0.4906,0.4902,0.5648,0.417,0.5248,-0.0184,0.487,0.4865,OURS
Train3Val_UniProt,center,dna_spliceai,nt_v1_500m,,PyTorch_Concat,0.4899,0.4881,0.4925,0.4873,0.4903,-0.0202,0.5121,0.5025,OURS
Train3Val_UniProt,mean,dna_spliceai,nt_v2_500m,,Pure_XGBoost_Concat,0.4876,0.4856,0.4819,0.4933,0.4837,-0.0248,0.4946,0.5042,OURS
Train3Val_UniProt,cls,dna_spliceai,nt_v1_500m,,Pure_XGBoost_Concat,0.4846,0.4814,0.4488,0.5202,0.4645,-0.0311,0.4855,0.4895,OURS
Train3Val_UniProt,cls,geom,nt_v2_500m,esm1b_650m,Hybrid_Concat_XGBoost,0.4876,0.4917,0.8479,0.13,0.6224,-0.0317,0.493,0.496,OURS
clinvarhq,,sota,,,SOTA_ClinPred,0.963,0.9448,0.9828,0.9437,0.9634,0.9268,0.9912,0.9866,SOTA
clinvarhq,,sota,,,SOTA_MetaRNN,0.9459,0.9079,0.9914,0.9014,0.9478,0.8957,0.9928,0.9921,SOTA
clinvarhq,,sota,,,SOTA_MutationTaster,0.9459,0.9189,0.977,0.9155,0.9471,0.8937,0.9867,0.9874,SOTA
clinvarhq,,sota,,,SOTA_BayesDel_addAF,0.9445,0.9452,0.9425,0.9465,0.9439,0.889,0.9903,0.99,SOTA
clinvarhq,,sota,,,SOTA_REVEL,0.9132,0.8932,0.9368,0.8901,0.9144,0.8275,0.977,0.9738,SOTA
clinvarhq,,sota,,,SOTA_AlphaMissense,0.9104,0.8926,0.931,0.8901,0.9114,0.8216,0.9613,0.9517,SOTA
clinvarhq,,sota,,,SOTA_PHACTboost,0.9047,0.8486,0.9828,0.8282,0.9108,0.8197,0.977,0.9747,SOTA
clinvarhq,,sota,,,SOTA_VARITY_R,0.9018,0.878,0.931,0.8732,0.9038,0.8052,0.96,0.9563,SOTA
clinvarhq,,sota,,,SOTA_VARITY_ER,0.8848,0.9058,0.8563,0.9127,0.8804,0.7705,0.9503,0.9445,SOTA
clinvarhq,,sota,,,SOTA_BayesDel_noAF,0.8791,0.8451,0.9253,0.8338,0.8834,0.7617,0.966,0.9648,SOTA
clinvarhq,,sota,,,SOTA_MetaSVM,0.872,0.8564,0.8908,0.8535,0.8732,0.7446,0.9404,0.9496,SOTA
clinvarhq,,sota,,,SOTA_MutFormer,0.8649,0.8447,0.8908,0.8394,0.8671,0.7309,0.9427,0.9451,SOTA
clinvarhq,,sota,,,SOTA_MutPred2,0.8506,0.79,0.9511,0.7521,0.8631,0.7166,0.94,0.9253,SOTA
clinvarhq,,sota,,,SOTA_gMVP,0.8421,0.7627,0.9885,0.6986,0.8611,0.7164,0.9669,0.9659,SOTA
clinvarhq,,sota,,,SOTA_MetaLR,0.8535,0.8375,0.8736,0.8338,0.8551,0.7077,0.9368,0.9454,SOTA
clinvarhq,,sota,,,SOTA_MVP,0.8464,0.797,0.9253,0.769,0.8564,0.7021,0.9539,0.9599,SOTA
clinvarhq,,sota,,,SOTA_MisFit_D,0.8208,0.7569,0.9397,0.7042,0.8385,0.6614,0.936,0.934,SOTA
clinvarhq,,sota,,,SOTA_Polyphen2_HVAR,0.8094,0.756,0.908,0.7127,0.8251,0.6321,0.9069,0.8849,SOTA
clinvarhq,,sota,,,SOTA_SIFT4G,0.7909,0.7481,0.8707,0.7127,0.8048,0.5902,0.8918,0.8646,SOTA
clinvarhq,,sota,,,SOTA_Polyphen2_HDIV,0.7738,0.7024,0.9425,0.6085,0.8049,0.5833,0.8826,0.8368,SOTA
clinvarhq,,sota,,,SOTA_SIFT,0.7724,0.7026,0.9368,0.6113,0.803,0.5784,0.8881,0.853,SOTA
clinvarhq,,sota,,,SOTA_LIST-S2,0.7667,0.7009,0.9224,0.6141,0.7965,0.5629,0.8739,0.8725,SOTA
clinvarhq,,sota,,,SOTA_CADD,0.7482,0.668,0.977,0.5239,0.7935,0.5603,0.9129,0.903,SOTA
clinvarhq,,sota,,,SOTA_M-CAP,0.7383,0.6577,0.9828,0.4986,0.788,0.5485,0.9241,0.9153,SOTA
clinvarhq,,sota,,,SOTA_PrimateAI,0.6999,0.8513,0.477,0.9183,0.6114,0.4415,0.8529,0.8382,SOTA
clinvarhq,,sota,,,SOTA_DANN,0.6387,0.5786,0.9943,0.2901,0.7315,0.3989,0.8286,0.7825,SOTA
clinvarhq,,sota,,,SOTA_MPC,0.623,0.956,0.25,0.9887,0.3964,0.3556,0.8423,0.8259,SOTA
clinvarhq,,sota,,,SOTA_popEVE,0.6046,1.0,0.2011,1.0,0.3349,0.3359,0.8769,0.882,SOTA
proteingym,,sota,,,SOTA_MutationTaster,0.9192,0.8911,0.9375,0.9038,0.9137,0.8387,0.966,0.9628,SOTA
proteingym,,sota,,,SOTA_BayesDel_addAF,0.8723,0.8079,0.9449,0.8113,0.8711,0.7551,0.9513,0.9452,SOTA
proteingym,,sota,,,SOTA_REVEL,0.873,0.8363,0.8973,0.8525,0.8658,0.7471,0.9459,0.9393,SOTA
proteingym,,sota,,,SOTA_VARITY_R,0.8716,0.8435,0.8824,0.8625,0.8625,0.7429,0.9434,0.9312,SOTA
proteingym,,sota,,,SOTA_PHACTboost,0.8587,0.7775,0.9673,0.7675,0.8621,0.7388,0.9575,0.9447,SOTA
proteingym,,sota,,,SOTA_AlphaMissense,0.8641,0.8233,0.8943,0.8387,0.8573,0.7303,0.9393,0.9298,SOTA
proteingym,,sota,,,SOTA_VARITY_ER,0.8607,0.8643,0.8244,0.8912,0.8439,0.719,0.9303,0.915,SOTA
proteingym,,sota,,,SOTA_BayesDel_noAF,0.8553,0.7969,0.9167,0.8037,0.8526,0.7186,0.9388,0.9289,SOTA
proteingym,,sota,,,SOTA_MetaRNN,0.8173,0.7207,0.9792,0.6813,0.8303,0.6778,0.9567,0.9486,SOTA
proteingym,,sota,,,SOTA_ClinPred,0.8125,0.7215,0.9598,0.6887,0.8238,0.6615,0.9406,0.9236,SOTA
proteingym,,sota,,,SOTA_MutPred2,0.8152,0.7347,0.9315,0.7175,0.8215,0.6548,0.9178,0.892,SOTA
proteingym,,sota,,,SOTA_MVP,0.8111,0.7385,0.9077,0.73,0.8144,0.6401,0.9221,0.9161,SOTA
proteingym,,sota,,,SOTA_gMVP,0.7914,0.6927,0.9762,0.6362,0.8104,0.6369,0.9473,0.9377,SOTA
proteingym,,sota,,,SOTA_MetaSVM,0.8173,0.7749,0.8452,0.7937,0.8085,0.6366,0.9031,0.8781,SOTA
proteingym,,sota,,,SOTA_Polyphen2_HVAR,0.8023,0.7332,0.8914,0.7275,0.8046,0.6203,0.8973,0.8685,SOTA
proteingym,,sota,,,SOTA_MutFormer,0.7962,0.7541,0.8214,0.775,0.7863,0.5942,0.88,0.8821,SOTA
proteingym,,sota,,,SOTA_MetaLR,0.7846,0.7273,0.8452,0.7338,0.7818,0.5779,0.8841,0.8787,SOTA
proteingym,,sota,,,SOTA_MisFit_D,0.767,0.6884,0.8943,0.66,0.778,0.5621,0.8916,0.8798,SOTA
proteingym,,sota,,,SOTA_SIFT4G,0.7731,0.7195,0.8244,0.73,0.7684,0.5529,0.8618,0.8159,SOTA
proteingym,,sota,,,SOTA_Polyphen2_HDIV,0.7514,0.6649,0.9182,0.6112,0.7712,0.5463,0.8726,0.8144,SOTA
proteingym,,sota,,,SOTA_CADD,0.7269,0.6288,0.9807,0.5138,0.7663,0.5438,0.9097,0.8771,SOTA
proteingym,,sota,,,SOTA_LIST-S2,0.752,0.6719,0.8929,0.6338,0.7668,0.537,0.8626,0.837,SOTA
proteingym,,sota,,,SOTA_SIFT,0.7486,0.6685,0.8914,0.6288,0.764,0.5308,0.8661,0.8213,SOTA
proteingym,,sota,,,SOTA_PrimateAI,0.7262,0.821,0.5119,0.9062,0.6306,0.4616,0.8428,0.7993,SOTA
proteingym,,sota,,,SOTA_MPC,0.7018,0.9206,0.3795,0.9725,0.5374,0.4485,0.8478,0.8261,SOTA
proteingym,,sota,,,SOTA_M-CAP,0.6501,0.5682,0.9732,0.3787,0.7175,0.4246,0.8768,0.8309,SOTA
proteingym,,sota,,,SOTA_DANN,0.6189,0.5455,0.9911,0.3063,0.7036,0.3938,0.8268,0.7492,SOTA
proteingym,,sota,,,SOTA_popEVE,0.6583,0.9617,0.2619,0.9912,0.4117,0.3822,0.8835,0.8766,SOTA
test,,sota,,,SOTA_MutationTaster,0.9554,0.8902,0.9536,0.9561,0.9208,0.8908,0.98,0.9509,SOTA
test,,sota,,,SOTA_BayesDel_addAF,0.9422,0.8855,0.9047,0.9563,0.895,0.8553,0.9817,0.9554,SOTA
test,,sota,,,SOTA_MetaRNN,0.9286,0.8053,0.9729,0.9121,0.8812,0.8384,0.9854,0.9652,SOTA
test,,sota,,,SOTA_ClinPred,0.9288,0.8164,0.9524,0.92,0.8792,0.8341,0.9826,0.9508,SOTA
test,,sota,,,SOTA_PHACTboost,0.9227,0.7919,0.971,0.9047,0.8724,0.8265,0.9801,0.9425,SOTA
test,,sota,,,SOTA_REVEL,0.9263,0.86,0.8709,0.947,0.8654,0.8148,0.9691,0.9305,SOTA
test,,sota,,,SOTA_VARITY_R,0.9203,0.8443,0.8667,0.9403,0.8554,0.8005,0.9687,0.9244,SOTA
test,,sota,,,SOTA_AlphaMissense,0.9173,0.8206,0.8908,0.9272,0.8543,0.798,0.9683,0.9229,SOTA
test,,sota,,,SOTA_BayesDel_noAF,0.913,0.8109,0.8872,0.9227,0.8474,0.7883,0.968,0.9226,SOTA
test,,sota,,,SOTA_VARITY_ER,0.9142,0.8731,0.801,0.9565,0.8355,0.7789,0.9645,0.9124,SOTA
test,,sota,,,SOTA_MutPred2,0.8896,0.739,0.9186,0.8787,0.819,0.75,0.9594,0.8881,SOTA
test,,sota,,,SOTA_MetaSVM,0.8966,0.806,0.8166,0.9265,0.8113,0.7401,0.9374,0.8816,SOTA
test,,sota,,,SOTA_MVP,0.883,0.7437,0.8697,0.888,0.8018,0.724,0.9514,0.8945,SOTA
test,,sota,,,SOTA_MetaLR,0.8761,0.7541,0.8082,0.9015,0.7802,0.6949,0.9371,0.8724,SOTA
test,,sota,,,SOTA_gMVP,0.8448,0.6425,0.968,0.7987,0.7724,0.6938,0.9663,0.9268,SOTA
test,,sota,,,SOTA_MutFormer,0.8771,0.7839,0.7569,0.922,0.7702,0.6865,0.9295,0.8552,SOTA
test,,sota,,,SOTA_Polyphen2_HVAR,0.8591,0.6868,0.886,0.849,0.7738,0.6853,0.937,0.8218,SOTA
test,,sota,,,SOTA_MisFit_D,0.8574,0.682,0.8914,0.8447,0.7728,0.6844,0.9414,0.8722,SOTA
test,,sota,,,SOTA_SIFT4G,0.851,0.6855,0.8359,0.8567,0.7533,0.6546,0.9217,0.7775,SOTA
test,,sota,,,SOTA_Polyphen2_HDIV,0.8241,0.6187,0.921,0.7879,0.7402,0.6427,0.9232,0.766,SOTA
test,,sota,,,SOTA_SIFT,0.8254,0.6228,0.9083,0.7945,0.739,0.6393,0.9248,0.7815,SOTA
test,,sota,,,SOTA_CADD,0.7959,0.5753,0.9542,0.7368,0.7178,0.6179,0.9318,0.8068,SOTA
test,,sota,,,SOTA_LIST-S2,0.8123,0.606,0.886,0.7848,0.7197,0.6099,0.9066,0.7748,SOTA
test,,sota,,,SOTA_M-CAP,0.7601,0.5329,0.9566,0.6867,0.6845,0.5727,0.9384,0.8452,SOTA
test,,sota,,,SOTA_PrimateAI,0.8215,0.7833,0.4753,0.9509,0.5916,0.5108,0.8964,0.7453,SOTA
test,,sota,,,SOTA_DANN,0.6755,0.4557,0.9928,0.5569,0.6247,0.4978,0.8882,0.6674,SOTA
test,,sota,,,SOTA_MPC,0.8044,0.8963,0.3179,0.9863,0.4693,0.4584,0.8888,0.7546,SOTA
test,,sota,,,SOTA_popEVE,0.7857,0.9731,0.2183,0.9977,0.3567,0.4017,0.9214,0.8445,SOTA
uniprot,,sota,,,SOTA_MutationTaster,0.8867,0.8577,0.9262,0.8475,0.8907,0.776,0.9369,0.9193,SOTA
uniprot,,sota,,,SOTA_REVEL,0.8575,0.8703,0.8389,0.8759,0.8543,0.7154,0.9316,0.9199,SOTA
uniprot,,sota,,,SOTA_BayesDel_noAF,0.856,0.842,0.875,0.8371,0.8582,0.7125,0.917,0.9025,SOTA
uniprot,,sota,,,SOTA_BayesDel_addAF,0.841,0.8363,0.8464,0.8356,0.8413,0.682,0.9035,0.8902,SOTA
uniprot,,sota,,,SOTA_PHACTboost,0.8365,0.8168,0.866,0.8072,0.8406,0.6742,0.8966,0.862,SOTA
uniprot,,sota,,,SOTA_MVP,0.8192,0.7958,0.8569,0.7818,0.8252,0.6404,0.8892,0.8542,SOTA
uniprot,,sota,,,SOTA_MetaSVM,0.8185,0.8517,0.7696,0.867,0.8085,0.6397,0.8893,0.882,SOTA
uniprot,,sota,,,SOTA_MetaLR,0.8102,0.8331,0.7741,0.846,0.8025,0.6218,0.891,0.8783,SOTA
uniprot,,sota,,,SOTA_MutFormer,0.8005,0.8408,0.7395,0.861,0.7869,0.6051,0.8891,0.8486,SOTA
uniprot,,sota,,,SOTA_MetaRNN,0.7892,0.7266,0.9247,0.6547,0.8138,0.6014,0.9028,0.9046,SOTA
uniprot,,sota,,,SOTA_VARITY_R,0.7929,0.7913,0.7937,0.7922,0.7925,0.5859,0.8557,0.8213,SOTA
uniprot,,sota,,,SOTA_AlphaMissense,0.7899,0.784,0.7982,0.7818,0.791,0.58,0.8561,0.8404,SOTA
uniprot,,sota,,,SOTA_gMVP,0.7704,0.7034,0.9322,0.6099,0.8018,0.5722,0.8852,0.8723,SOTA
uniprot,,sota,,,SOTA_VARITY_ER,0.7787,0.8122,0.7229,0.8341,0.7649,0.5606,0.8469,0.8143,SOTA
uniprot,,sota,,,SOTA_M-CAP,0.7592,0.6874,0.9473,0.5725,0.7967,0.5602,0.8806,0.8563,SOTA
uniprot,,sota,,,SOTA_MutPred2,0.7532,0.7065,0.863,0.6442,0.7769,0.5196,0.832,0.7952,SOTA
uniprot,,sota,,,SOTA_Polyphen2_HVAR,0.7419,0.6995,0.8449,0.6398,0.7653,0.495,0.8139,0.7807,SOTA
uniprot,,sota,,,SOTA_ClinPred,0.7382,0.6877,0.869,0.6084,0.7678,0.4942,0.8257,0.8138,SOTA
uniprot,,sota,,,SOTA_MisFit_D,0.7307,0.6933,0.8238,0.6383,0.7529,0.4701,0.8144,0.8085,SOTA
uniprot,,sota,,,SOTA_LIST-S2,0.7247,0.6854,0.8268,0.6233,0.7495,0.4596,0.7974,0.7612,SOTA
uniprot,,sota,,,SOTA_CADD,0.7074,0.6451,0.9172,0.4993,0.7575,0.458,0.8345,0.8211,SOTA
uniprot,,sota,,,SOTA_Polyphen2_HDIV,0.7082,0.6519,0.8886,0.5291,0.7521,0.4473,0.7939,0.7438,SOTA
uniprot,,sota,,,SOTA_SIFT4G,0.7187,0.6904,0.7892,0.6487,0.7365,0.4422,0.787,0.753,SOTA
uniprot,,sota,,,SOTA_SIFT,0.6962,0.646,0.863,0.5306,0.7389,0.4171,0.7886,0.7528,SOTA
uniprot,,sota,,,SOTA_DANN,0.6062,0.5607,0.9669,0.2481,0.7098,0.3089,0.7751,0.7394,SOTA
uniprot,,sota,,,SOTA_PrimateAI,0.6084,0.7934,0.2892,0.9253,0.4238,0.2781,0.7745,0.727,SOTA
uniprot,,sota,,,SOTA_MPC,0.5581,0.8505,0.137,0.9761,0.2361,0.2082,0.7774,0.751,SOTA
uniprot,,sota,,,SOTA_popEVE,0.5386,0.8889,0.0843,0.9895,0.1541,0.1741,0.797,0.782,SOTA
