Dataset,Pooling,Ablation,DNA_Model,Prot_Model,Network,Accuracy,Precision,Recall,Specificity,F1_Score,MCC,AUROC,AUPRC
Train3Val_ClinVarHQ,cls,bio_dna_prot,nt_v2_500m,esm1b_650m,Pure_XGBoost_Concat,0.936,0.9633,0.9052,0.9662,0.9333,0.8735,0.9867,0.9874
Train3Val_ClinVarHQ,center,bio_dna_geom_prot,nt_v1_500m,esmc_600m,Pure_XGBoost_Concat,0.9331,0.9574,0.9052,0.9606,0.9306,0.8675,0.9837,0.9841
Train3Val_ClinVarHQ,center,bio_dna_prot,nt_v1_500m,esmc_600m,Hybrid_Concat_XGBoost,0.9317,0.9491,0.9109,0.9521,0.9296,0.8641,0.9793,0.9794
Train3Val_ClinVarHQ,mean,bio_dna_prot,nt_v2_500m,esm1b_650m,Pure_XGBoost_Concat,0.9303,0.9572,0.8994,0.9606,0.9274,0.862,0.987,0.9875
Train3Val_ClinVarHQ,center,bio_dna_prot,nt_v1_500m,esmc_600m,Hybrid_Gating_XGBoost,0.9275,0.9486,0.9023,0.9521,0.9249,0.8558,0.9761,0.9771
Train3Val_ClinVarHQ,cls,bio_geom,nt_v2_500m,esm1b_650m,Pure_XGBoost_Concat,0.926,0.9485,0.8994,0.9521,0.9233,0.8531,0.9795,0.9816
Train3Val_ClinVarHQ,cls,bio_dna_geom_prot,nt_v2_500m,esm1b_650m,Pure_XGBoost_Concat,0.926,0.9431,0.9052,0.9465,0.9238,0.8527,0.9833,0.9843
Train3Val_ClinVarHQ,mean,bio_geom,nt_v2_500m,esm1b_650m,Pure_XGBoost_Concat,0.926,0.9431,0.9052,0.9465,0.9238,0.8527,0.98,0.9814
Train3Val_ClinVarHQ,center,bio_dna_prot,nt_v1_500m,esmc_600m,Pure_XGBoost_Concat,0.9246,0.9538,0.8908,0.9577,0.9212,0.8509,0.9833,0.9837
Train3Val_ClinVarHQ,mean,bio_dna_geom_prot,nt_v2_500m,esm1b_650m,Pure_XGBoost_Concat,0.9246,0.9511,0.8937,0.9549,0.9215,0.8506,0.9828,0.983
Train3Val_ClinVarHQ,center,bio_geom,nt_v1_500m,esmc_600m,Pure_XGBoost_Concat,0.9218,0.9426,0.8966,0.9465,0.919,0.8444,0.9793,0.9808
Train3Val_ClinVarHQ,center,bio_dna_prot,nt_v1_500m,esmc_600m,Hybrid_Transformer_XGBoost,0.9175,0.9475,0.8822,0.9521,0.9137,0.8368,0.9752,0.9764
Train3Val_ClinVarHQ,mean,bio_dna_prot,nt_v2_500m,esm1b_650m,Hybrid_Gating_XGBoost,0.9161,0.9392,0.8879,0.9437,0.9129,0.8333,0.9773,0.978
Train3Val_ClinVarHQ,cls,bio_dna_prot,nt_v2_500m,esm1b_650m,Hybrid_CrossAttn_XGBoost,0.9147,0.9472,0.8764,0.9521,0.9104,0.8314,0.978,0.9786
Train3Val_ClinVarHQ,cls,bio_dna_prot,nt_v2_500m,esm1b_650m,Hybrid_Transformer_XGBoost,0.9147,0.9472,0.8764,0.9521,0.9104,0.8314,0.9774,0.9776
Train3Val_ClinVarHQ,center,bio_dna_prot,nt_v1_500m,esmc_600m,PyTorch_Transformer,0.9132,0.9362,0.8851,0.9408,0.9099,0.8276,0.9736,0.9737
Train3Val_ClinVarHQ,center,bio_dna_prot,nt_v1_500m,esmc_600m,PyTorch_Gating,0.9118,0.9525,0.8649,0.9577,0.9066,0.8269,0.9759,0.976
Train3Val_ClinVarHQ,mean,bio_dna_prot,nt_v2_500m,esm1b_650m,Hybrid_CrossAttn_XGBoost,0.9118,0.9469,0.8707,0.9521,0.9072,0.8261,0.9774,0.9769
Train3Val_ClinVarHQ,center,bio_dna_prot,nt_v1_500m,esmc_600m,Hybrid_CrossAttn_XGBoost,0.9118,0.9333,0.8851,0.938,0.9086,0.8246,0.9748,0.9744
Train3Val_ClinVarHQ,cls,bio_dna_prot,nt_v2_500m,esm1b_650m,Hybrid_Concat_XGBoost,0.9104,0.9439,0.8707,0.9493,0.9058,0.823,0.976,0.9764
Train3Val_ClinVarHQ,mean,bio_dna_prot,nt_v2_500m,esm1b_650m,PyTorch_Gating,0.909,0.941,0.8707,0.9465,0.9045,0.82,0.9761,0.9747
Train3Val_ClinVarHQ,mean,bio_dna_prot,nt_v2_500m,esm1b_650m,Hybrid_Transformer_XGBoost,0.909,0.9329,0.8793,0.938,0.9053,0.8191,0.9755,0.9759
Train3Val_ClinVarHQ,mean,bio_dna_prot,nt_v2_500m,esm1b_650m,PyTorch_Concat,0.9075,0.9492,0.8592,0.9549,0.902,0.8185,0.9771,0.9762
Train3Val_ClinVarHQ,cls,bio_dna_prot,nt_v2_500m,esm1b_650m,PyTorch_Gating,0.9033,0.9516,0.8477,0.9577,0.8967,0.8111,0.9719,0.9718
Train3Val_ClinVarHQ,cls,bio_dna_prot,nt_v2_500m,esm1b_650m,Hybrid_Gating_XGBoost,0.9033,0.9375,0.8621,0.9437,0.8982,0.8089,0.9736,0.9733
Train3Val_ClinVarHQ,mean,bio_geom,nt_v2_500m,esm1b_650m,PyTorch_Concat,0.9004,0.9603,0.8333,0.9662,0.8923,0.8075,0.9722,0.972
Train3Val_ClinVarHQ,center,bio_dna_prot,nt_v1_500m,esmc_600m,PyTorch_CrossAttn,0.9004,0.9542,0.8391,0.9606,0.893,0.8064,0.9755,0.9751
Train3Val_ClinVarHQ,mean,bio_dna_prot,nt_v2_500m,esm1b_650m,Hybrid_Concat_XGBoost,0.9018,0.9346,0.8621,0.9408,0.8969,0.8059,0.9739,0.9746
Train3Val_ClinVarHQ,cls,bio_dna_prot,nt_v2_500m,esm1b_650m,PyTorch_Concat,0.9004,0.9455,0.8477,0.9521,0.8939,0.8049,0.9731,0.9732
Train3Val_ClinVarHQ,center,bio_dna_prot,nt_v1_500m,esmc_600m,PyTorch_Concat,0.9004,0.9427,0.8506,0.9493,0.8943,0.8044,0.9747,0.9745
Train3Val_ClinVarHQ,cls,bio_dna_prot,nt_v2_500m,esm1b_650m,PyTorch_Transformer,0.8976,0.951,0.8362,0.9577,0.8899,0.8007,0.969,0.97
Train3Val_ClinVarHQ,mean,bio_dna_prot,nt_v2_500m,esm1b_650m,PyTorch_CrossAttn,0.8962,0.9508,0.8333,0.9577,0.8882,0.7981,0.9753,0.9753
Train3Val_ClinVarHQ,cls,bio_geom,nt_v2_500m,esm1b_650m,PyTorch_Concat,0.8919,0.9626,0.8132,0.969,0.8816,0.7929,0.9719,0.9731
Train3Val_ClinVarHQ,mean,bio_dna_prot,nt_v2_500m,esm1b_650m,PyTorch_Transformer,0.8919,0.9595,0.8161,0.9662,0.882,0.7922,0.9777,0.9761
Train3Val_ClinVarHQ,center,bio_geom,nt_v1_500m,esmc_600m,PyTorch_Concat,0.8848,0.9855,0.7787,0.9887,0.87,0.7863,0.9716,0.9734
Train3Val_ClinVarHQ,center,bio_dna_geom_prot,nt_v1_500m,esmc_600m,PyTorch_CrossAttn,0.8876,0.9088,0.8592,0.9155,0.8833,0.7762,0.9633,0.9618
Train3Val_ClinVarHQ,cls,bio_dna_geom_prot,nt_v2_500m,esm1b_650m,PyTorch_Concat,0.8805,0.943,0.8075,0.9521,0.87,0.7685,0.965,0.965
Train3Val_ClinVarHQ,center,bio_dna_geom_prot,nt_v1_500m,esmc_600m,Hybrid_Concat_XGBoost,0.8805,0.94,0.8103,0.9493,0.8704,0.7679,0.969,0.9671
Train3Val_ClinVarHQ,mean,bio_dna_geom_prot,nt_v2_500m,esm1b_650m,Hybrid_Concat_XGBoost,0.8834,0.8654,0.9052,0.862,0.8848,0.7676,0.9528,0.9495
Train3Val_ClinVarHQ,cls,bio_dna_prot,nt_v2_500m,esm1b_650m,PyTorch_CrossAttn,0.8748,0.9745,0.7672,0.9803,0.8585,0.7663,0.9715,0.9713
Train3Val_ClinVarHQ,center,bio_dna_geom_prot,nt_v1_500m,esmc_600m,Hybrid_Gating_XGBoost,0.872,0.9542,0.7787,0.9634,0.8576,0.7562,0.9636,0.9647
Train3Val_ClinVarHQ,cls,bio_dna_geom_prot,nt_v2_500m,esm1b_650m,PyTorch_CrossAttn,0.8706,0.9541,0.7759,0.9634,0.8558,0.7537,0.962,0.9575
Train3Val_ClinVarHQ,cls,bio_dna_geom_prot,nt_v2_500m,esm1b_650m,Hybrid_Transformer_XGBoost,0.872,0.9057,0.8276,0.9155,0.8649,0.7464,0.9545,0.9544
Train3Val_ClinVarHQ,center,bio_dna_geom_prot,nt_v1_500m,esmc_600m,Hybrid_CrossAttn_XGBoost,0.872,0.8817,0.8563,0.8873,0.8688,0.7442,0.954,0.9526
Train3Val_ClinVarHQ,cls,bio_dna_geom_prot,nt_v2_500m,esm1b_650m,PyTorch_Transformer,0.8649,0.9534,0.7644,0.9634,0.8485,0.7437,0.9639,0.9621
Train3Val_ClinVarHQ,cls,bio_geom,nt_v2_500m,esm1b_650m,Hybrid_Concat_XGBoost,0.8691,0.8441,0.9023,0.8366,0.8722,0.7401,0.9495,0.95
Train3Val_ClinVarHQ,mean,bio_dna_geom_prot,nt_v2_500m,esm1b_650m,PyTorch_Gating,0.8677,0.8972,0.8276,0.907,0.861,0.7374,0.9483,0.9469
Train3Val_ClinVarHQ,cls,bio_dna_geom_prot,nt_v2_500m,esm1b_650m,Hybrid_Concat_XGBoost,0.8677,0.8493,0.8908,0.8451,0.8696,0.7364,0.9508,0.9507
Train3Val_ClinVarHQ,center,bio_dna_geom_prot,nt_v1_500m,esmc_600m,PyTorch_Gating,0.8606,0.9223,0.7845,0.9352,0.8478,0.7288,0.9513,0.9495
Train3Val_ClinVarHQ,mean,bio_dna_geom_prot,nt_v2_500m,esm1b_650m,PyTorch_Concat,0.8521,0.915,0.773,0.9296,0.838,0.7121,0.9464,0.9421
Train3Val_ClinVarHQ,cls,bio_dna_geom_prot,nt_v2_500m,esm1b_650m,Hybrid_Gating_XGBoost,0.8535,0.8889,0.8046,0.9014,0.8446,0.7098,0.9352,0.938
Train3Val_ClinVarHQ,mean,bio_dna_geom_prot,nt_v2_500m,esm1b_650m,PyTorch_CrossAttn,0.8407,0.9646,0.704,0.9746,0.814,0.7064,0.9678,0.9669
Train3Val_ClinVarHQ,center,bio_dna_geom_prot,nt_v1_500m,esmc_600m,PyTorch_Concat,0.845,0.9253,0.7471,0.9408,0.8267,0.7022,0.9539,0.9525
Train3Val_ClinVarHQ,cls,bio_dna_geom_prot,nt_v2_500m,esm1b_650m,PyTorch_Gating,0.8435,0.9281,0.7414,0.9437,0.8243,0.7005,0.9508,0.9483
Train3Val_ClinVarHQ,mean,bio_dna_geom_prot,nt_v2_500m,esm1b_650m,PyTorch_Transformer,0.845,0.9051,0.7672,0.9211,0.8305,0.6974,0.948,0.947
Train3Val_ClinVarHQ,center,bio_dna_geom_prot,nt_v1_500m,esmc_600m,PyTorch_Transformer,0.8364,0.943,0.7126,0.9577,0.8118,0.6927,0.9553,0.954
Train3Val_ClinVarHQ,mean,bio_dna_geom_prot,nt_v2_500m,esm1b_650m,Hybrid_Transformer_XGBoost,0.8321,0.9107,0.7328,0.9296,0.8121,0.6764,0.9435,0.9416
Train3Val_ClinVarHQ,center,bio_dna_geom_prot,nt_v1_500m,esmc_600m,Hybrid_Transformer_XGBoost,0.8336,0.8598,0.7931,0.8732,0.8251,0.6688,0.9167,0.9215
Train3Val_ClinVarHQ,center,dna_prot,nt_v3_650m,esmc_600m,Hybrid_Concat_XGBoost,0.8336,0.8407,0.819,0.8479,0.8297,0.6672,0.9115,0.915
Train3Val_ClinVarHQ,center,dna_prot,nt_v3_650m,esmc_600m,Hybrid_Transformer_XGBoost,0.8336,0.8407,0.819,0.8479,0.8297,0.6672,0.9048,0.9061
Train3Val_ClinVarHQ,center,dna_geom_prot,nt_v1_500m,esmc_600m,Hybrid_Transformer_XGBoost,0.8307,0.8438,0.8075,0.8535,0.8253,0.6619,0.903,0.911
Train3Val_ClinVarHQ,center,dna_prot,nt_v3_650m,esmc_600m,PyTorch_Concat,0.8307,0.8262,0.8333,0.8282,0.8298,0.6615,0.9046,0.9121
Train3Val_ClinVarHQ,center,dna_prot,nt_v2_500m,esmc_600m,Hybrid_Concat_XGBoost,0.8307,0.8378,0.8161,0.8451,0.8268,0.6615,0.8991,0.9005
Train3Val_ClinVarHQ,center,prot,,esmc_600m,Pure_XGBoost_Concat,0.8307,0.8338,0.8218,0.8394,0.8278,0.6614,0.9017,0.9019
Train3Val_ClinVarHQ,center,prot,None,esmc_600m,Pure_XGBoost_Concat,0.8307,0.8338,0.8218,0.8394,0.8278,0.6614,0.9017,0.9019
Train3Val_ClinVarHQ,center,dna_prot,nt_v2_500m,esmc_600m,PyTorch_CrossAttn,0.8293,0.8434,0.8046,0.8535,0.8235,0.6591,0.9043,0.9061
Train3Val_ClinVarHQ,center,dna_prot,nt_v3_650m,esm2_650m,Pure_XGBoost_Concat,0.8293,0.8393,0.8103,0.8479,0.8246,0.6588,0.8937,0.8748
Train3Val_ClinVarHQ,center,dna_prot,nt_v3_650m,esmc_600m,Hybrid_Gating_XGBoost,0.8293,0.8353,0.8161,0.8423,0.8256,0.6587,0.8929,0.8961
Train3Val_ClinVarHQ,center,prot,,esmc_600m,Hybrid_Concat_XGBoost,0.8293,0.8333,0.819,0.8394,0.8261,0.6586,0.9055,0.9042
Train3Val_ClinVarHQ,center,prot,None,esmc_600m,Hybrid_Concat_XGBoost,0.8293,0.8333,0.819,0.8394,0.8261,0.6586,0.9055,0.9042
Train3Val_ClinVarHQ,center,dna_prot,nt_v1_500m,esmc_600m,Hybrid_Concat_XGBoost,0.8279,0.845,0.7989,0.8563,0.8213,0.6565,0.9013,0.9081
Train3Val_ClinVarHQ,cls,bio_dna_geom_prot,nt_v2_500m,esm1b_650m,Hybrid_CrossAttn_XGBoost,0.8122,0.9538,0.6523,0.969,0.7747,0.6564,0.9458,0.9491
Train3Val_ClinVarHQ,center,dna_prot,nt_v1_500m,esmc_600m,Hybrid_Transformer_XGBoost,0.8279,0.8368,0.8103,0.8451,0.8234,0.6559,0.8938,0.9043
Train3Val_ClinVarHQ,center,dna_prot,nt_v2_500m,esm2_650m,PyTorch_CrossAttn,0.8279,0.8348,0.8132,0.8423,0.8239,0.6559,0.8918,0.8876
Train3Val_ClinVarHQ,center,dna_prot,nt_v1_500m,esmc_600m,Pure_XGBoost_Concat,0.8279,0.829,0.8218,0.8338,0.8254,0.6557,0.8911,0.8958
Train3Val_ClinVarHQ,center,dna_prot,nt_v3_650m,esmc_600m,Hybrid_CrossAttn_XGBoost,0.825,0.8338,0.8075,0.8423,0.8204,0.6502,0.9034,0.9114
Train3Val_ClinVarHQ,center,dna_prot,nt_v2_500m,esmc_600m,Hybrid_CrossAttn_XGBoost,0.825,0.8205,0.8276,0.8225,0.824,0.6501,0.9097,0.9174
Train3Val_ClinVarHQ,center,dna_prot,nt_v2_500m,esmc_600m,PyTorch_Transformer,0.8236,0.8544,0.7759,0.8704,0.8133,0.6496,0.892,0.9033
Train3Val_ClinVarHQ,center,dna_prot,nt_v1_500m,esmc_600m,Hybrid_CrossAttn_XGBoost,0.8236,0.8237,0.819,0.8282,0.8213,0.6472,0.8996,0.9106
Train3Val_ClinVarHQ,center,dna_prot,nt_v2_500m,esmc_600m,PyTorch_Gating,0.8222,0.8474,0.7816,0.862,0.8132,0.646,0.899,0.9085
Train3Val_ClinVarHQ,center,dna_geom_prot,nt_v1_500m,esmc_600m,Pure_XGBoost_Concat,0.8222,0.841,0.7902,0.8535,0.8148,0.6453,0.9002,0.9016
Train3Val_ClinVarHQ,center,dna_geom_prot,nt_v1_500m,esmc_600m,Hybrid_Gating_XGBoost,0.8193,0.8721,0.7443,0.893,0.8031,0.645,0.8956,0.9034
Train3Val_ClinVarHQ,center,dna_prot,nt_v2_500m,esmc_600m,Pure_XGBoost_Concat,0.8208,0.8364,0.7931,0.8479,0.8142,0.6422,0.8979,0.9046
Train3Val_ClinVarHQ,center,dna_prot,nt_v3_650m,esm2_650m,Hybrid_Transformer_XGBoost,0.8208,0.8323,0.7989,0.8423,0.8152,0.6419,0.8929,0.885
Train3Val_ClinVarHQ,center,dna_prot,nt_v1_500m,esm1b_650m,Pure_XGBoost_Concat,0.8208,0.8284,0.8046,0.8366,0.8163,0.6417,0.892,0.8871
Train3Val_ClinVarHQ,center,dna_geom_prot,nt_v1_500m,esmc_600m,Hybrid_CrossAttn_XGBoost,0.8208,0.8153,0.8247,0.8169,0.82,0.6416,0.901,0.909
Train3Val_ClinVarHQ,center,dna_prot,nt_v2_500m,esm2_650m,Hybrid_Transformer_XGBoost,0.8193,0.8421,0.7816,0.8563,0.8107,0.64,0.8924,0.8763
Train3Val_ClinVarHQ,mean,bio_dna_geom_prot,nt_v2_500m,esm1b_650m,Hybrid_Gating_XGBoost,0.8193,0.84,0.7845,0.8535,0.8113,0.6398,0.9085,0.8995
Train3Val_ClinVarHQ,center,dna_prot,nt_v3_650m,esm1b_650m,PyTorch_CrossAttn,0.8193,0.8318,0.796,0.8423,0.8135,0.6391,0.9006,0.9006
Train3Val_ClinVarHQ,center,dna_prot,nt_v2_500m,esm1b_650m,PyTorch_Concat,0.8193,0.826,0.8046,0.8338,0.8151,0.6388,0.889,0.8931
Train3Val_ClinVarHQ,center,dna_prot,nt_v2_500m,esm2_650m,PyTorch_Transformer,0.8179,0.8395,0.7816,0.8535,0.8095,0.6371,0.884,0.8818
Train3Val_ClinVarHQ,center,dna_prot,nt_v2_500m,esmc_600m,Hybrid_Gating_XGBoost,0.8179,0.8235,0.8046,0.831,0.814,0.6359,0.901,0.8997
Train3Val_ClinVarHQ,center,dna_prot,nt_v3_650m,esmc_600m,Pure_XGBoost_Concat,0.8165,0.8328,0.7874,0.8451,0.8095,0.6337,0.8943,0.904
Train3Val_ClinVarHQ,center,dna_prot,nt_v2_500m,esmc_600m,Hybrid_Transformer_XGBoost,0.8165,0.8308,0.7902,0.8423,0.81,0.6335,0.8964,0.9064
Train3Val_ClinVarHQ,center,dna_prot,nt_v2_500m,esm2_650m,Hybrid_Concat_XGBoost,0.8165,0.8269,0.796,0.8366,0.8111,0.6333,0.8819,0.8677
Train3Val_ClinVarHQ,center,dna_prot,nt_v1_500m,esm2_650m,Hybrid_CrossAttn_XGBoost,0.8165,0.8249,0.7989,0.8338,0.8117,0.6332,0.8911,0.8873
Train3Val_ClinVarHQ,center,dna_prot,nt_v3_650m,esmc_600m,PyTorch_Transformer,0.8122,0.875,0.7241,0.8986,0.7925,0.6331,0.8999,0.906
Train3Val_ClinVarHQ,center,dna_prot,nt_v1_500m,esm1b_650m,PyTorch_Transformer,0.8151,0.8406,0.773,0.8563,0.8054,0.6318,0.8791,0.8925
Train3Val_ClinVarHQ,center,dna_prot,nt_v3_650m,esm2_650m,PyTorch_Gating,0.8151,0.8344,0.7816,0.8479,0.8071,0.6311,0.8844,0.8757
Train3Val_ClinVarHQ,center,dna_prot,nt_v3_650m,esm1b_650m,PyTorch_Concat,0.8151,0.8323,0.7845,0.8451,0.8077,0.6309,0.8893,0.8932
Train3Val_ClinVarHQ,center,dna_prot,nt_v1_500m,esm2_650m,Pure_XGBoost_Concat,0.8151,0.8283,0.7902,0.8394,0.8088,0.6306,0.8825,0.8738
Train3Val_ClinVarHQ,center,dna_prot,nt_v1_500m,esm2_650m,Hybrid_Concat_XGBoost,0.8151,0.8206,0.8017,0.8282,0.811,0.6302,0.8833,0.8747
Train3Val_ClinVarHQ,center,dna_prot,nt_v3_650m,esm1b_650m,Pure_XGBoost_Concat,0.8151,0.815,0.8103,0.8197,0.8127,0.6301,0.8955,0.8961
Train3Val_ClinVarHQ,center,dna_prot,nt_v3_650m,esm1b_650m,PyTorch_Transformer,0.8137,0.8338,0.7787,0.8479,0.8053,0.6284,0.8945,0.8937
Train3Val_ClinVarHQ,center,dna_prot,nt_v2_500m,esm2_650m,Hybrid_CrossAttn_XGBoost,0.8137,0.8278,0.7874,0.8394,0.8071,0.6278,0.8955,0.8882
Train3Val_ClinVarHQ,center,dna_prot,nt_v3_650m,esm2_650m,Hybrid_Gating_XGBoost,0.8137,0.8201,0.7989,0.8282,0.8093,0.6274,0.8848,0.8687
Train3Val_ClinVarHQ,center,dna_prot,nt_v3_650m,esm1b_650m,Hybrid_Concat_XGBoost,0.8137,0.8145,0.8075,0.8197,0.811,0.6273,0.8951,0.8984
Train3Val_ClinVarHQ,center,dna_prot,nt_v2_500m,esm1b_650m,PyTorch_CrossAttn,0.8137,0.8091,0.8161,0.8113,0.8126,0.6273,0.8919,0.8971
Train3Val_ClinVarHQ,center,dna_prot,nt_v3_650m,esm2_650m,PyTorch_Concat,0.8122,0.8439,0.7615,0.862,0.8006,0.627,0.8849,0.8778
Train3Val_ClinVarHQ,center,dna_prot,nt_v1_500m,esm2_650m,PyTorch_Transformer,0.8108,0.8548,0.7443,0.8761,0.7957,0.6263,0.8884,0.8817
Train3Val_ClinVarHQ,center,dna_prot,nt_v3_650m,esmc_600m,PyTorch_CrossAttn,0.8094,0.8639,0.7299,0.8873,0.7913,0.6256,0.8816,0.8907
Train3Val_ClinVarHQ,center,dna_prot,nt_v1_500m,esm1b_650m,PyTorch_CrossAttn,0.8122,0.8273,0.7845,0.8394,0.8053,0.6251,0.883,0.8928
Train3Val_ClinVarHQ,center,dna_prot,nt_v3_650m,esm2_650m,Hybrid_CrossAttn_XGBoost,0.8122,0.8253,0.7874,0.8366,0.8059,0.6249,0.891,0.8768
Train3Val_ClinVarHQ,mean,dna_prot,nt_v3_650m,esm1b_650m,Pure_XGBoost_Concat,0.8108,0.7882,0.8448,0.7775,0.8155,0.6234,0.8833,0.8838
Train3Val_ClinVarHQ,mean,dna_prot,nt_v2_500m,esm1b_650m,Pure_XGBoost_Concat,0.8108,0.7898,0.842,0.7803,0.815,0.6232,0.8872,0.8861
Train3Val_ClinVarHQ,center,dna_prot,nt_v1_500m,esm2_650m,PyTorch_Concat,0.8108,0.8308,0.7759,0.8451,0.8024,0.6227,0.885,0.8822
Train3Val_ClinVarHQ,center,dna_geom_prot,nt_v1_500m,esmc_600m,Hybrid_Concat_XGBoost,0.8051,0.8809,0.7011,0.907,0.7808,0.6223,0.8903,0.8937
Train3Val_ClinVarHQ,center,dna_prot,nt_v2_500m,esm1b_650m,Hybrid_Concat_XGBoost,0.8108,0.7978,0.8276,0.7944,0.8124,0.6221,0.8817,0.8828
Train3Val_ClinVarHQ,center,dna_prot,nt_v1_500m,esmc_600m,Hybrid_Gating_XGBoost,0.8108,0.819,0.7931,0.8282,0.8058,0.6218,0.8961,0.9057
Train3Val_ClinVarHQ,center,dna_prot,nt_v2_500m,esm1b_650m,PyTorch_Transformer,0.8108,0.819,0.7931,0.8282,0.8058,0.6218,0.8827,0.8921
Train3Val_ClinVarHQ,center,dna_prot,nt_v2_500m,esm1b_650m,Hybrid_CrossAttn_XGBoost,0.8108,0.8063,0.8132,0.8085,0.8097,0.6216,0.8891,0.8919
Train3Val_ClinVarHQ,center,dna_prot,nt_v1_500m,esmc_600m,PyTorch_Concat,0.808,0.8515,0.7414,0.8732,0.7926,0.6205,0.8885,0.9025
Train3Val_ClinVarHQ,center,dna_prot,nt_v3_650m,esm1b_650m,PyTorch_Gating,0.8094,0.8323,0.7701,0.8479,0.8,0.6202,0.8905,0.8971
Train3Val_ClinVarHQ,mean,prot,,esm1b_650m,PyTorch_Concat,0.8094,0.8223,0.7845,0.8338,0.8029,0.6192,0.8907,0.8794
Train3Val_ClinVarHQ,mean,prot,None,esm1b_650m,PyTorch_Concat,0.8094,0.8223,0.7845,0.8338,0.8029,0.6192,0.8907,0.8794
Train3Val_ClinVarHQ,center,dna_prot,nt_v2_500m,esm1b_650m,Pure_XGBoost_Concat,0.8094,0.8023,0.8161,0.8028,0.8091,0.6189,0.8883,0.8924
Train3Val_ClinVarHQ,center,dna_prot,nt_v3_650m,esm2_650m,PyTorch_Transformer,0.8051,0.8651,0.7184,0.8901,0.7849,0.6184,0.8858,0.8714
Train3Val_ClinVarHQ,center,dna_prot,nt_v2_500m,esm2_650m,PyTorch_Gating,0.808,0.8339,0.7644,0.8507,0.7976,0.6177,0.8911,0.8808
Train3Val_ClinVarHQ,center,dna_geom_prot,nt_v1_500m,esmc_600m,PyTorch_Gating,0.8009,0.8852,0.6868,0.9127,0.7735,0.6162,0.8956,0.9029
Train3Val_ClinVarHQ,center,dna_prot,nt_v1_500m,esm1b_650m,Hybrid_CrossAttn_XGBoost,0.808,0.8034,0.8103,0.8056,0.8069,0.6159,0.8905,0.8985
Train3Val_ClinVarHQ,center,dna_prot,nt_v3_650m,esm1b_650m,Hybrid_CrossAttn_XGBoost,0.808,0.8105,0.7989,0.8169,0.8046,0.6159,0.8927,0.898
Train3Val_ClinVarHQ,center,dna_geom_prot,nt_v1_500m,esmc_600m,PyTorch_Transformer,0.798,0.8992,0.6667,0.9268,0.7657,0.6156,0.8872,0.8977
Train3Val_ClinVarHQ,center,dna_prot,nt_v1_500m,esm2_650m,PyTorch_Gating,0.8065,0.8354,0.7586,0.8535,0.7952,0.6153,0.8823,0.8793
Train3Val_ClinVarHQ,center,dna_geom_prot,nt_v1_500m,esmc_600m,PyTorch_Concat,0.8023,0.8667,0.7098,0.893,0.7804,0.6138,0.8823,0.896
Train3Val_ClinVarHQ,center,dna_prot,nt_v3_650m,esm2_650m,Hybrid_Concat_XGBoost,0.8065,0.8136,0.7902,0.8225,0.8017,0.6132,0.8948,0.8871
Train3Val_ClinVarHQ,center,dna_prot,nt_v2_500m,esm1b_650m,Hybrid_Transformer_XGBoost,0.8065,0.8118,0.7931,0.8197,0.8023,0.6131,0.8921,0.9025
Train3Val_ClinVarHQ,mean,dna_prot,nt_v3_650m,esm1b_650m,PyTorch_Concat,0.8065,0.8081,0.7989,0.8141,0.8035,0.613,0.8894,0.8776
Train3Val_ClinVarHQ,center,dna_prot,nt_v1_500m,esm1b_650m,Hybrid_Concat_XGBoost,0.8051,0.8006,0.8075,0.8028,0.804,0.6103,0.8846,0.8939
Train3Val_ClinVarHQ,mean,dna_prot,nt_v2_500m,esm1b_650m,Hybrid_CrossAttn_XGBoost,0.8051,0.8058,0.7989,0.8113,0.8023,0.6102,0.8759,0.8739
Train3Val_ClinVarHQ,center,dna_prot,nt_v1_500m,esm2_650m,PyTorch_CrossAttn,0.8037,0.8221,0.7701,0.8366,0.7953,0.6083,0.8771,0.8728
Train3Val_ClinVarHQ,center,dna_prot,nt_v2_500m,esmc_600m,PyTorch_Concat,0.798,0.8732,0.6925,0.9014,0.7724,0.6081,0.8829,0.8952
Train3Val_ClinVarHQ,center,prot,,esmc_600m,PyTorch_Concat,0.7966,0.881,0.681,0.9099,0.7682,0.6078,0.8894,0.8933
Train3Val_ClinVarHQ,center,prot,None,esmc_600m,PyTorch_Concat,0.7966,0.881,0.681,0.9099,0.7682,0.6078,0.8894,0.8933
Train3Val_ClinVarHQ,cls,dna_geom_prot,nt_v2_500m,esm1b_650m,Pure_XGBoost_Concat,0.8037,0.8144,0.7816,0.8254,0.7977,0.6077,0.8896,0.8882
Train3Val_ClinVarHQ,mean,dna_prot,nt_v3_650m,esm2_650m,PyTorch_Concat,0.8037,0.8107,0.7874,0.8197,0.7988,0.6075,0.8752,0.8617
Train3Val_ClinVarHQ,mean,dna_prot,nt_v2_500m,esm1b_650m,PyTorch_Transformer,0.8023,0.836,0.7471,0.8563,0.7891,0.6075,0.89,0.8828
Train3Val_ClinVarHQ,center,dna_prot,nt_v3_650m,esm1b_650m,Hybrid_Transformer_XGBoost,0.8037,0.807,0.7931,0.8141,0.8,0.6074,0.8856,0.8822
Train3Val_ClinVarHQ,mean,prot,,esm1b_650m,Pure_XGBoost_Concat,0.8023,0.7772,0.842,0.7634,0.8083,0.6069,0.8926,0.8868
Train3Val_ClinVarHQ,mean,prot,None,esm1b_650m,Pure_XGBoost_Concat,0.8023,0.7772,0.842,0.7634,0.8083,0.6069,0.8926,0.8868
Train3Val_ClinVarHQ,center,dna_prot,nt_v1_500m,esmc_600m,PyTorch_CrossAttn,0.7937,0.8919,0.6638,0.9211,0.7611,0.6063,0.883,0.8956
Train3Val_ClinVarHQ,mean,dna_prot,nt_v3_650m,esm2_650m,PyTorch_CrossAttn,0.8023,0.8276,0.7586,0.8451,0.7916,0.6063,0.8716,0.8562
Train3Val_ClinVarHQ,center,dna_prot,nt_v2_500m,esm2_650m,Hybrid_Gating_XGBoost,0.8023,0.8176,0.773,0.831,0.7947,0.6052,0.8742,0.862
Train3Val_ClinVarHQ,center,dna_prot,nt_v1_500m,esm1b_650m,PyTorch_Gating,0.8023,0.8047,0.7931,0.8113,0.7988,0.6045,0.8858,0.8947
Train3Val_ClinVarHQ,center,dna_geom_prot,nt_v1_500m,esmc_600m,PyTorch_CrossAttn,0.7952,0.875,0.6839,0.9042,0.7677,0.6037,0.8884,0.892
Train3Val_ClinVarHQ,mean,dna_prot,nt_v3_650m,esm1b_650m,PyTorch_Gating,0.8009,0.8152,0.773,0.8282,0.7935,0.6023,0.8955,0.8833
Train3Val_ClinVarHQ,center,dna_prot,nt_v1_500m,esm1b_650m,PyTorch_Concat,0.8009,0.8114,0.7787,0.8225,0.7947,0.602,0.8782,0.8933
Train3Val_ClinVarHQ,center,dna_prot,nt_v2_500m,esm2_650m,Pure_XGBoost_Concat,0.8009,0.8114,0.7787,0.8225,0.7947,0.602,0.8826,0.876
Train3Val_ClinVarHQ,center,dna_prot,nt_v1_500m,esm2_650m,Hybrid_Transformer_XGBoost,0.8009,0.8095,0.7816,0.8197,0.7953,0.6019,0.8766,0.866
Train3Val_ClinVarHQ,center,dna_prot,nt_v2_500m,esm1b_650m,PyTorch_Gating,0.8009,0.8077,0.7845,0.8169,0.7959,0.6018,0.881,0.8922
Train3Val_ClinVarHQ,center,dna_prot,nt_v2_500m,esm2_650m,PyTorch_Concat,0.7994,0.8328,0.7443,0.8535,0.786,0.6018,0.8795,0.8759
Train3Val_ClinVarHQ,center,dna_prot,nt_v1_500m,esm1b_650m,Hybrid_Gating_XGBoost,0.8009,0.8023,0.7931,0.8085,0.7977,0.6017,0.882,0.8931
Train3Val_ClinVarHQ,center,dna_prot,nt_v1_500m,esm2_650m,Hybrid_Gating_XGBoost,0.7994,0.8146,0.7701,0.8282,0.7917,0.5995,0.8696,0.8678
Train3Val_ClinVarHQ,mean,dna_prot,nt_v2_500m,esmc_600m,Hybrid_Concat_XGBoost,0.7994,0.8146,0.7701,0.8282,0.7917,0.5995,0.8628,0.8766
Train3Val_ClinVarHQ,center,dna_prot,nt_v1_500m,esm1b_650m,Hybrid_Transformer_XGBoost,0.7994,0.7983,0.796,0.8028,0.7971,0.5988,0.8866,0.8857
Train3Val_ClinVarHQ,mean,dna_prot,nt_v2_500m,esm1b_650m,PyTorch_CrossAttn,0.798,0.8102,0.773,0.8225,0.7912,0.5964,0.8799,0.8677
Train3Val_ClinVarHQ,mean,dna_prot,nt_v3_650m,esm1b_650m,Hybrid_Concat_XGBoost,0.798,0.8084,0.7759,0.8197,0.7918,0.5963,0.8863,0.878
Train3Val_ClinVarHQ,cls,dna_geom_prot,nt_v2_500m,esm1b_650m,PyTorch_CrossAttn,0.7909,0.8736,0.6753,0.9042,0.7618,0.5961,0.8595,0.8669
Train3Val_ClinVarHQ,mean,prot,,esm1b_650m,Hybrid_Concat_XGBoost,0.798,0.7926,0.8017,0.7944,0.7971,0.5961,0.882,0.88
Train3Val_ClinVarHQ,mean,prot,None,esm1b_650m,Hybrid_Concat_XGBoost,0.798,0.7926,0.8017,0.7944,0.7971,0.5961,0.882,0.88
Train3Val_ClinVarHQ,mean,dna_prot,nt_v1_500m,esm1b_650m,PyTorch_CrossAttn,0.798,0.8029,0.7845,0.8113,0.7936,0.596,0.8785,0.8767
Train3Val_ClinVarHQ,mean,dna_prot,nt_v1_500m,esm1b_650m,Hybrid_Concat_XGBoost,0.798,0.7943,0.7989,0.7972,0.7966,0.596,0.8849,0.8816
Train3Val_ClinVarHQ,mean,dna_prot,nt_v2_500m,esm1b_650m,Hybrid_Transformer_XGBoost,0.798,0.8029,0.7845,0.8113,0.7936,0.596,0.8807,0.8782
Train3Val_ClinVarHQ,mean,dna_prot,nt_v2_500m,esm1b_650m,Hybrid_Gating_XGBoost,0.798,0.7977,0.7931,0.8028,0.7954,0.596,0.8785,0.8772
Train3Val_ClinVarHQ,center,bio_geom,nt_v1_500m,esmc_600m,Hybrid_Concat_XGBoost,0.7681,0.9793,0.5431,0.9887,0.6987,0.5958,0.959,0.9576
Train3Val_ClinVarHQ,mean,dna_geom_prot,nt_v2_500m,esm1b_650m,Pure_XGBoost_Concat,0.7966,0.7871,0.8075,0.7859,0.7972,0.5934,0.8877,0.8921
Train3Val_ClinVarHQ,mean,dna_prot,nt_v2_500m,esm1b_650m,PyTorch_Concat,0.7966,0.8042,0.7787,0.8141,0.7912,0.5933,0.8877,0.8794
Train3Val_ClinVarHQ,mean,dna_prot,nt_v2_500m,esm2_650m,PyTorch_Gating,0.7952,0.8148,0.7586,0.831,0.7857,0.5914,0.8704,0.8577
Train3Val_ClinVarHQ,mean,dna_geom_prot,nt_v2_500m,esm1b_650m,PyTorch_Transformer,0.7952,0.8129,0.7615,0.8282,0.7864,0.5912,0.8767,0.858
Train3Val_ClinVarHQ,mean,dna_prot,nt_v1_500m,esm1b_650m,Pure_XGBoost_Concat,0.7952,0.7818,0.8132,0.7775,0.7972,0.5909,0.8862,0.8859
Train3Val_ClinVarHQ,center,dna_prot,nt_v2_500m,esm1b_650m,Hybrid_Gating_XGBoost,0.7952,0.7931,0.7931,0.7972,0.7931,0.5903,0.8795,0.8845
Train3Val_ClinVarHQ,mean,dna_prot,nt_v3_650m,esm1b_650m,Hybrid_CrossAttn_XGBoost,0.7952,0.7982,0.7845,0.8056,0.7913,0.5903,0.8713,0.8662
Train3Val_ClinVarHQ,cls,dna_prot,nt_v2_500m,esm1b_650m,PyTorch_Transformer,0.7937,0.8243,0.7414,0.8451,0.7806,0.59,0.871,0.8682
Train3Val_ClinVarHQ,mean,dna_prot,nt_v2_500m,esm1b_650m,PyTorch_Gating,0.7937,0.8123,0.7586,0.8282,0.7845,0.5884,0.8872,0.8835
Train3Val_ClinVarHQ,mean,dna_prot,nt_v1_500m,esm1b_650m,Hybrid_Transformer_XGBoost,0.7937,0.7977,0.7816,0.8056,0.7896,0.5875,0.8782,0.872
Train3Val_ClinVarHQ,center,dna_prot,nt_v3_650m,esm1b_650m,Hybrid_Gating_XGBoost,0.7937,0.7925,0.7902,0.7972,0.7914,0.5874,0.8853,0.8865
Train3Val_ClinVarHQ,mean,dna_prot,nt_v2_500m,esm2_650m,PyTorch_Transformer,0.7923,0.8237,0.7385,0.8451,0.7788,0.5873,0.8785,0.8652
Train3Val_ClinVarHQ,mean,dna_prot,nt_v3_650m,esmc_600m,PyTorch_Concat,0.7881,0.8566,0.6868,0.8873,0.7624,0.5867,0.8475,0.8642
Train3Val_ClinVarHQ,cls,dna_prot,nt_v3_650m,esm1b_650m,PyTorch_Gating,0.7895,0.8401,0.7098,0.8676,0.7695,0.5852,0.8702,0.8645
Train3Val_ClinVarHQ,mean,dna_prot,nt_v3_650m,esm2_650m,PyTorch_Gating,0.7923,0.8061,0.7644,0.8197,0.7847,0.5852,0.8619,0.8539
Train3Val_ClinVarHQ,mean,dna_prot,nt_v3_650m,esm1b_650m,PyTorch_CrossAttn,0.7923,0.7988,0.7759,0.8085,0.7872,0.5847,0.8802,0.8535
Train3Val_ClinVarHQ,mean,dna_prot,nt_v1_500m,esm2_650m,PyTorch_CrossAttn,0.7923,0.7902,0.7902,0.7944,0.7902,0.5846,0.8598,0.85
Train3Val_ClinVarHQ,cls,dna_prot,nt_v2_500m,esm1b_650m,Pure_XGBoost_Concat,0.7909,0.768,0.8276,0.7549,0.7967,0.5838,0.8699,0.8589
Train3Val_ClinVarHQ,mean,dna_prot,nt_v3_650m,esm2_650m,PyTorch_Transformer,0.7895,0.8247,0.7299,0.8479,0.7744,0.5822,0.8816,0.8638
Train3Val_ClinVarHQ,mean,dna_prot,nt_v2_500m,esm1b_650m,Hybrid_Concat_XGBoost,0.7909,0.7863,0.7931,0.7887,0.7897,0.5818,0.8755,0.8672
Train3Val_ClinVarHQ,mean,dna_prot,nt_v3_650m,esm1b_650m,Hybrid_Transformer_XGBoost,0.7909,0.7896,0.7874,0.7944,0.7885,0.5817,0.8827,0.8743
Train3Val_ClinVarHQ,center,dna_prot,nt_v1_500m,esmc_600m,PyTorch_Gating,0.7866,0.8462,0.6954,0.8761,0.7634,0.5816,0.8678,0.8852
Train3Val_ClinVarHQ,mean,dna_prot,nt_v1_500m,esm2_650m,PyTorch_Concat,0.7895,0.8067,0.7557,0.8225,0.7804,0.5798,0.8569,0.8466
Train3Val_ClinVarHQ,cls,dna_prot,nt_v2_500m,esm1b_650m,Hybrid_CrossAttn_XGBoost,0.7895,0.7976,0.7701,0.8085,0.7836,0.5791,0.8624,0.8537
Train3Val_ClinVarHQ,mean,dna_prot,nt_v1_500m,esm1b_650m,Hybrid_CrossAttn_XGBoost,0.7895,0.7924,0.7787,0.8,0.7855,0.5789,0.8732,0.8651
Train3Val_ClinVarHQ,mean,dna_geom_prot,nt_v2_500m,esm1b_650m,PyTorch_Gating,0.7852,0.8432,0.6954,0.8732,0.7622,0.5784,0.8809,0.873
Train3Val_ClinVarHQ,mean,dna_prot,nt_v3_650m,esmc_600m,Hybrid_Concat_XGBoost,0.7881,0.81,0.7471,0.8282,0.7773,0.5774,0.8621,0.8707
Train3Val_ClinVarHQ,cls,dna_prot,nt_v3_650m,esm1b_650m,PyTorch_Transformer,0.7852,0.8385,0.7011,0.8676,0.7637,0.5773,0.8734,0.8687
Train3Val_ClinVarHQ,cls,prot,,esm1b_650m,Pure_XGBoost_Concat,0.7881,0.7772,0.8017,0.7746,0.7893,0.5765,0.8706,0.8619
Train3Val_ClinVarHQ,cls,prot,,esm1b_650m,Hybrid_Concat_XGBoost,0.7881,0.8006,0.7615,0.8141,0.7806,0.5765,0.8722,0.8589
Train3Val_ClinVarHQ,cls,prot,None,esm1b_650m,Pure_XGBoost_Concat,0.7881,0.7772,0.8017,0.7746,0.7893,0.5765,0.8706,0.8619
Train3Val_ClinVarHQ,cls,prot,None,esm1b_650m,Hybrid_Concat_XGBoost,0.7881,0.8006,0.7615,0.8141,0.7806,0.5765,0.8722,0.8589
Train3Val_ClinVarHQ,mean,dna_prot,nt_v3_650m,esm1b_650m,PyTorch_Transformer,0.7824,0.852,0.6782,0.8845,0.7552,0.5757,0.8901,0.8792
Train3Val_ClinVarHQ,cls,prot,,esm1b_650m,PyTorch_Concat,0.7866,0.8133,0.7385,0.8338,0.7741,0.5752,0.8764,0.8699
Train3Val_ClinVarHQ,cls,prot,None,esm1b_650m,PyTorch_Concat,0.7866,0.8133,0.7385,0.8338,0.7741,0.5752,0.8764,0.8699
Train3Val_ClinVarHQ,mean,dna_prot,nt_v2_500m,esm2_650m,PyTorch_Concat,0.7866,0.8113,0.7414,0.831,0.7748,0.575,0.8571,0.8475
Train3Val_ClinVarHQ,mean,dna_prot,nt_v2_500m,esmc_600m,PyTorch_Concat,0.7838,0.8379,0.6983,0.8676,0.7618,0.5747,0.8587,0.8655
Train3Val_ClinVarHQ,mean,dna_prot,nt_v1_500m,esm2_650m,PyTorch_Gating,0.7866,0.8037,0.7529,0.8197,0.7774,0.5741,0.8527,0.8424
Train3Val_ClinVarHQ,mean,dna_geom_prot,nt_v2_500m,esm1b_650m,PyTorch_Concat,0.7809,0.7332,0.8764,0.6873,0.7984,0.5735,0.8684,0.857
Train3Val_ClinVarHQ,center,dna_prot,nt_v1_500m,esmc_600m,PyTorch_Transformer,0.7781,0.8664,0.6523,0.9014,0.7443,0.5726,0.8807,0.8914
Train3Val_ClinVarHQ,center,dna_prot,nt_v3_650m,esm2_650m,PyTorch_CrossAttn,0.7809,0.8489,0.6782,0.8817,0.754,0.5725,0.871,0.8681
Train3Val_ClinVarHQ,cls,dna_prot,nt_v1_500m,esm1b_650m,Hybrid_Transformer_XGBoost,0.7852,0.7958,0.7615,0.8085,0.7783,0.5707,0.8618,0.8531
Train3Val_ClinVarHQ,mean,dna_prot,nt_v3_650m,esm2_650m,Pure_XGBoost_Concat,0.7852,0.779,0.7902,0.7803,0.7846,0.5705,0.854,0.836
Train3Val_ClinVarHQ,center,dna_prot,nt_v3_650m,esmc_600m,PyTorch_Gating,0.7781,0.8529,0.6667,0.8873,0.7484,0.5687,0.8762,0.8849
Train3Val_ClinVarHQ,mean,dna_prot,nt_v3_650m,esmc_600m,PyTorch_CrossAttn,0.7752,0.8682,0.6437,0.9042,0.7393,0.5684,0.8516,0.8671
Train3Val_ClinVarHQ,mean,dna_prot,nt_v1_500m,esm1b_650m,PyTorch_Concat,0.7838,0.797,0.7557,0.8113,0.7758,0.5681,0.8766,0.8781
Train3Val_ClinVarHQ,mean,dna_prot,nt_v1_500m,esm1b_650m,Hybrid_Gating_XGBoost,0.7838,0.7849,0.7759,0.7915,0.7803,0.5675,0.8719,0.8759
Train3Val_ClinVarHQ,cls,dna_prot,nt_v1_500m,esm1b_650m,PyTorch_CrossAttn,0.7781,0.8478,0.6724,0.8817,0.75,0.5673,0.8556,0.8512
Train3Val_ClinVarHQ,cls,dna_prot,nt_v1_500m,esm1b_650m,PyTorch_Gating,0.7809,0.8255,0.7069,0.8535,0.7616,0.567,0.865,0.8634
Train3Val_ClinVarHQ,mean,dna_prot,nt_v2_500m,esmc_600m,PyTorch_Gating,0.7767,0.855,0.6609,0.8901,0.7455,0.5669,0.834,0.8594
Train3Val_ClinVarHQ,cls,dna_prot,nt_v3_650m,esm1b_650m,Hybrid_Gating_XGBoost,0.7824,0.8019,0.7443,0.8197,0.772,0.5658,0.8585,0.8566
Train3Val_ClinVarHQ,mean,dna_prot,nt_v3_650m,esmc_600m,PyTorch_Transformer,0.7795,0.8316,0.6954,0.862,0.7574,0.5658,0.8637,0.868
Train3Val_ClinVarHQ,mean,dna_prot,nt_v3_650m,esmc_600m,PyTorch_Gating,0.7795,0.8316,0.6954,0.862,0.7574,0.5658,0.8396,0.8603
Train3Val_ClinVarHQ,mean,dna_prot,nt_v2_500m,esmc_600m,Hybrid_CrossAttn_XGBoost,0.7824,0.8019,0.7443,0.8197,0.772,0.5658,0.8523,0.8654
Train3Val_ClinVarHQ,cls,dna_prot,nt_v2_500m,esm1b_650m,PyTorch_Concat,0.7809,0.817,0.7184,0.8423,0.7645,0.5654,0.8712,0.8711
Train3Val_ClinVarHQ,mean,dna_prot,nt_v3_650m,esm2_650m,Hybrid_Gating_XGBoost,0.7824,0.791,0.7615,0.8028,0.776,0.5649,0.8418,0.828
Train3Val_ClinVarHQ,cls,dna_prot,nt_v1_500m,esm1b_650m,PyTorch_Concat,0.7752,0.8519,0.6609,0.8873,0.7443,0.5636,0.8609,0.8623
Train3Val_ClinVarHQ,cls,dna_prot,nt_v2_500m,esm1b_650m,PyTorch_Gating,0.7809,0.7994,0.7443,0.8169,0.7708,0.5629,0.8612,0.8608
Train3Val_ClinVarHQ,cls,dna_prot,nt_v3_650m,esm1b_650m,Pure_XGBoost_Concat,0.7809,0.768,0.7989,0.7634,0.7831,0.5625,0.8591,0.8351
Train3Val_ClinVarHQ,mean,dna_prot,nt_v1_500m,esmc_600m,Hybrid_Concat_XGBoost,0.7795,0.8123,0.7213,0.8366,0.7641,0.562,0.8505,0.8661
Train3Val_ClinVarHQ,mean,dna_prot,nt_v1_500m,esmc_600m,PyTorch_CrossAttn,0.7724,0.8615,0.6437,0.8986,0.7368,0.5616,0.8068,0.8445
Train3Val_ClinVarHQ,mean,dna_geom_prot,nt_v2_500m,esm1b_650m,PyTorch_CrossAttn,0.7795,0.8044,0.7328,0.8254,0.7669,0.5608,0.866,0.8456
Train3Val_ClinVarHQ,cls,dna_prot,nt_v3_650m,esm1b_650m,Hybrid_Transformer_XGBoost,0.7795,0.8006,0.7385,0.8197,0.7683,0.5603,0.8621,0.8588
Train3Val_ClinVarHQ,cls,dna_prot,nt_v3_650m,esm1b_650m,PyTorch_Concat,0.7795,0.7988,0.7414,0.8169,0.769,0.5601,0.8648,0.8618
Train3Val_ClinVarHQ,cls,dna_prot,nt_v3_650m,esm1b_650m,Hybrid_CrossAttn_XGBoost,0.7795,0.7969,0.7443,0.8141,0.7697,0.5599,0.8697,0.8702
Train3Val_ClinVarHQ,mean,dna_prot,nt_v3_650m,esm1b_650m,Hybrid_Gating_XGBoost,0.7795,0.7781,0.7759,0.7831,0.777,0.559,0.8839,0.8734
Train3Val_ClinVarHQ,mean,dna_prot,nt_v3_650m,esmc_600m,Hybrid_CrossAttn_XGBoost,0.7781,0.8019,0.7328,0.8225,0.7658,0.5578,0.8501,0.8625
Train3Val_ClinVarHQ,mean,dna_prot,nt_v2_500m,esm2_650m,PyTorch_CrossAttn,0.7752,0.8231,0.6954,0.8535,0.7539,0.5564,0.8633,0.8443
Train3Val_ClinVarHQ,mean,dna_prot,nt_v2_500m,esmc_600m,Pure_XGBoost_Concat,0.7767,0.7957,0.7385,0.8141,0.766,0.5544,0.8746,0.8769
Train3Val_ClinVarHQ,mean,dna_prot,nt_v2_500m,esmc_600m,Hybrid_Gating_XGBoost,0.7767,0.7938,0.7414,0.8113,0.7667,0.5542,0.8499,0.8598
Train3Val_ClinVarHQ,cls,dna_prot,nt_v1_500m,esm1b_650m,Hybrid_CrossAttn_XGBoost,0.7767,0.792,0.7443,0.8085,0.7674,0.554,0.8604,0.8573
Train3Val_ClinVarHQ,mean,dna_prot,nt_v2_500m,esm2_650m,Hybrid_Concat_XGBoost,0.7767,0.7834,0.7586,0.7944,0.7708,0.5534,0.8435,0.8189
Train3Val_ClinVarHQ,cls,dna_prot,nt_v2_500m,esm1b_650m,Hybrid_Transformer_XGBoost,0.7752,0.7969,0.7328,0.8169,0.7635,0.5519,0.863,0.8632
Train3Val_ClinVarHQ,cls,dna_prot,nt_v1_500m,esm1b_650m,Hybrid_Concat_XGBoost,0.7752,0.7932,0.7385,0.8113,0.7649,0.5514,0.8621,0.8586
Train3Val_ClinVarHQ,mean,dna_prot,nt_v1_500m,esmc_600m,Pure_XGBoost_Concat,0.7752,0.7827,0.7557,0.7944,0.769,0.5506,0.8686,0.8709
Train3Val_ClinVarHQ,cls,dna_prot,nt_v2_500m,esm1b_650m,PyTorch_CrossAttn,0.7738,0.7926,0.7356,0.8113,0.763,0.5487,0.8573,0.8393
Train3Val_ClinVarHQ,mean,dna_prot,nt_v1_500m,esm1b_650m,PyTorch_Transformer,0.7724,0.8092,0.7069,0.8366,0.7546,0.5485,0.8784,0.8665
Train3Val_ClinVarHQ,mean,dna_prot,nt_v3_650m,esmc_600m,Hybrid_Transformer_XGBoost,0.7738,0.7908,0.7385,0.8085,0.7637,0.5485,0.8494,0.8619
Train3Val_ClinVarHQ,cls,dna_geom_prot,nt_v2_500m,esm1b_650m,PyTorch_Concat,0.7738,0.7771,0.7615,0.7859,0.7692,0.5476,0.8464,0.8513
Train3Val_ClinVarHQ,mean,dna_prot,nt_v2_500m,esmc_600m,Hybrid_Transformer_XGBoost,0.7724,0.8032,0.7155,0.8282,0.7568,0.5475,0.8511,0.8663
Train3Val_ClinVarHQ,mean,dna_prot,nt_v1_500m,esm1b_650m,PyTorch_Gating,0.771,0.8127,0.6983,0.8423,0.7512,0.5466,0.8758,0.87
Train3Val_ClinVarHQ,mean,dna_prot,nt_v3_650m,esmc_600m,Pure_XGBoost_Concat,0.7724,0.7919,0.7328,0.8113,0.7612,0.5459,0.8662,0.8734
Train3Val_ClinVarHQ,cls,dna_prot,nt_v3_650m,esm1b_650m,PyTorch_CrossAttn,0.7696,0.8207,0.6839,0.8535,0.7461,0.5458,0.8625,0.8461
Train3Val_ClinVarHQ,mean,dna_prot,nt_v1_500m,esm2_650m,PyTorch_Transformer,0.771,0.8066,0.7069,0.8338,0.7534,0.5455,0.8468,0.8336
Train3Val_ClinVarHQ,mean,dna_prot,nt_v3_650m,esm2_650m,Hybrid_Concat_XGBoost,0.7724,0.7686,0.773,0.7718,0.7708,0.5448,0.8501,0.8254
Train3Val_ClinVarHQ,mean,dna_prot,nt_v1_500m,esmc_600m,PyTorch_Concat,0.7624,0.8577,0.6236,0.8986,0.7221,0.5439,0.8046,0.8402
Train3Val_ClinVarHQ,cls,dna_prot,nt_v3_650m,esm1b_650m,Hybrid_Concat_XGBoost,0.771,0.7808,0.7471,0.7944,0.7636,0.5422,0.8611,0.8639
Train3Val_ClinVarHQ,mean,dna_prot,nt_v1_500m,esmc_600m,PyTorch_Gating,0.7624,0.8521,0.6293,0.893,0.724,0.5422,0.8027,0.8405
Train3Val_ClinVarHQ,cls,dna_prot,nt_v3_650m,esmc_600m,PyTorch_Gating,0.7667,0.8239,0.6724,0.8592,0.7405,0.5416,0.8237,0.8353
Train3Val_ClinVarHQ,cls,dna_geom_prot,nt_v2_500m,esm1b_650m,PyTorch_Transformer,0.7624,0.8494,0.6322,0.8901,0.7249,0.5414,0.8597,0.858
Train3Val_ClinVarHQ,cls,dna_geom_prot,nt_v2_500m,esm1b_650m,PyTorch_Gating,0.7667,0.7277,0.8448,0.6901,0.7819,0.541,0.8617,0.8733
Train3Val_ClinVarHQ,cls,dna_prot,nt_v3_650m,esmc_600m,Pure_XGBoost_Concat,0.7696,0.7925,0.7241,0.8141,0.7568,0.5407,0.85,0.8617
Train3Val_ClinVarHQ,cls,dna_prot,nt_v1_500m,esm1b_650m,Pure_XGBoost_Concat,0.7696,0.7541,0.7931,0.7465,0.7731,0.54,0.8548,0.8454
Train3Val_ClinVarHQ,mean,dna_prot,nt_v2_500m,esm2_650m,Pure_XGBoost_Concat,0.7696,0.7583,0.7845,0.7549,0.7712,0.5395,0.8501,0.8277
Train3Val_ClinVarHQ,cls,dna_prot,nt_v2_500m,esm1b_650m,Hybrid_Gating_XGBoost,0.7696,0.7768,0.75,0.7887,0.7632,0.5392,0.8518,0.8445
Train3Val_ClinVarHQ,mean,dna_prot,nt_v2_500m,esm2_650m,Hybrid_Gating_XGBoost,0.7696,0.7768,0.75,0.7887,0.7632,0.5392,0.8462,0.8273
Train3Val_ClinVarHQ,cls,dna_prot,nt_v1_500m,esm1b_650m,PyTorch_Transformer,0.7639,0.8273,0.6609,0.8648,0.7348,0.5376,0.8636,0.8604
Train3Val_ClinVarHQ,cls,dna_prot,nt_v3_650m,esmc_600m,PyTorch_Concat,0.7624,0.8364,0.6466,0.8761,0.7293,0.5376,0.8191,0.833
Train3Val_ClinVarHQ,cls,dna_prot,nt_v2_500m,esmc_600m,Pure_XGBoost_Concat,0.7681,0.7846,0.7328,0.8028,0.7578,0.5371,0.8559,0.8604
Train3Val_ClinVarHQ,mean,dna_prot,nt_v2_500m,esmc_600m,PyTorch_Transformer,0.7639,0.825,0.6638,0.862,0.7357,0.537,0.8603,0.8657
Train3Val_ClinVarHQ,cls,dna_prot,nt_v1_500m,esm1b_650m,Hybrid_Gating_XGBoost,0.7681,0.7745,0.75,0.7859,0.762,0.5363,0.8676,0.8619
Train3Val_ClinVarHQ,mean,dna_prot,nt_v2_500m,esmc_600m,PyTorch_CrossAttn,0.7568,0.8612,0.6063,0.9042,0.7116,0.5357,0.8183,0.8482
Train3Val_ClinVarHQ,mean,dna_prot,nt_v3_650m,esmc_600m,Hybrid_Gating_XGBoost,0.7667,0.784,0.7299,0.8028,0.756,0.5343,0.8454,0.8612
Train3Val_ClinVarHQ,cls,dna_prot,nt_v1_500m,esmc_600m,Pure_XGBoost_Concat,0.7667,0.7722,0.75,0.7831,0.7609,0.5335,0.8558,0.8656
Train3Val_ClinVarHQ,mean,dna_prot,nt_v1_500m,esmc_600m,Hybrid_Gating_XGBoost,0.7639,0.7974,0.7011,0.8254,0.7462,0.5309,0.8248,0.8489
Train3Val_ClinVarHQ,cls,dna_prot,nt_v2_500m,esmc_600m,Hybrid_Concat_XGBoost,0.761,0.7961,0.6954,0.8254,0.7423,0.5255,0.8243,0.8366
Train3Val_ClinVarHQ,mean,dna_prot,nt_v1_500m,esm2_650m,Hybrid_Gating_XGBoost,0.7624,0.7768,0.7299,0.7944,0.7526,0.5255,0.8267,0.8106
Train3Val_ClinVarHQ,mean,dna_prot,nt_v1_500m,esm2_650m,Hybrid_Concat_XGBoost,0.7624,0.7701,0.7414,0.7831,0.7555,0.525,0.8447,0.8238
Train3Val_ClinVarHQ,cls,dna_prot,nt_v2_500m,esm1b_650m,Hybrid_Concat_XGBoost,0.7624,0.7638,0.7529,0.7718,0.7583,0.5248,0.8556,0.8552
Train3Val_ClinVarHQ,cls,dna_prot,nt_v3_650m,esmc_600m,PyTorch_Transformer,0.7568,0.8195,0.6523,0.8592,0.7264,0.5233,0.8192,0.8338
Train3Val_ClinVarHQ,cls,dna_prot,nt_v3_650m,esmc_600m,Hybrid_CrossAttn_XGBoost,0.7596,0.7934,0.6954,0.8225,0.7412,0.5225,0.8232,0.8348
Train3Val_ClinVarHQ,mean,dna_prot,nt_v3_650m,esm2_650m,Hybrid_Transformer_XGBoost,0.761,0.7695,0.7385,0.7831,0.7537,0.5222,0.8518,0.837
Train3Val_ClinVarHQ,mean,dna_prot,nt_v1_500m,esm2_650m,Pure_XGBoost_Concat,0.7596,0.755,0.7615,0.7577,0.7582,0.5192,0.8419,0.8354
Train3Val_ClinVarHQ,mean,dna_prot,nt_v3_650m,esm2_650m,Hybrid_CrossAttn_XGBoost,0.7596,0.7609,0.75,0.769,0.7554,0.5191,0.8401,0.8253
Train3Val_ClinVarHQ,cls,dna_prot,nt_v2_500m,esmc_600m,PyTorch_Concat,0.7468,0.8512,0.592,0.8986,0.6983,0.5162,0.782,0.8039
Train3Val_ClinVarHQ,cls,dna_prot,nt_v3_650m,esm2_650m,PyTorch_Transformer,0.7553,0.7973,0.6782,0.831,0.7329,0.5156,0.8308,0.8202
Train3Val_ClinVarHQ,mean,dna_prot,nt_v1_500m,esmc_600m,PyTorch_Transformer,0.7425,0.8678,0.5661,0.9155,0.6852,0.5149,0.8022,0.836
Train3Val_ClinVarHQ,cls,dna_prot,nt_v1_500m,esmc_600m,Hybrid_Concat_XGBoost,0.7553,0.7895,0.6897,0.8197,0.7362,0.5141,0.8122,0.8295
Train3Val_ClinVarHQ,mean,dna_prot,nt_v2_500m,esm2_650m,Hybrid_Transformer_XGBoost,0.7568,0.7642,0.7356,0.7775,0.7496,0.5136,0.8429,0.8263
Train3Val_ClinVarHQ,mean,dna_prot,nt_v1_500m,esmc_600m,Hybrid_CrossAttn_XGBoost,0.7553,0.7767,0.7098,0.8,0.7417,0.5121,0.828,0.8492
Train3Val_ClinVarHQ,cls,dna_prot,nt_v3_650m,esmc_600m,Hybrid_Gating_XGBoost,0.7539,0.7832,0.6954,0.8113,0.7367,0.5104,0.8147,0.8279
Train3Val_ClinVarHQ,mean,bio_dna_geom_prot,nt_v2_500m,esm1b_650m,Hybrid_CrossAttn_XGBoost,0.7255,0.9282,0.4828,0.9634,0.6352,0.5102,0.8815,0.8909
Train3Val_ClinVarHQ,cls,dna_prot,nt_v1_500m,esmc_600m,Hybrid_Transformer_XGBoost,0.7525,0.7843,0.6897,0.8141,0.7339,0.508,0.8133,0.8313
Train3Val_ClinVarHQ,mean,dna_prot,nt_v2_500m,esm2_650m,Hybrid_CrossAttn_XGBoost,0.7539,0.7628,0.7299,0.7775,0.746,0.508,0.8327,0.8083
Train3Val_ClinVarHQ,mean,dna_prot,nt_v1_500m,esmc_600m,Hybrid_Transformer_XGBoost,0.7525,0.7788,0.6983,0.8056,0.7364,0.5071,0.8356,0.8566
Train3Val_ClinVarHQ,cls,dna_prot,nt_v3_650m,esmc_600m,Hybrid_Concat_XGBoost,0.7525,0.7771,0.7011,0.8028,0.7372,0.5068,0.8336,0.8452
Train3Val_ClinVarHQ,mean,dna_geom_prot,nt_v2_500m,esm1b_650m,Hybrid_CrossAttn_XGBoost,0.7482,0.707,0.8391,0.6592,0.7674,0.506,0.8458,0.8327
Train3Val_ClinVarHQ,cls,dna_prot,nt_v3_650m,esm2_650m,PyTorch_CrossAttn,0.7482,0.8065,0.6466,0.8479,0.7177,0.5053,0.8164,0.815
Train3Val_ClinVarHQ,mean,dna_prot,nt_v1_500m,esm2_650m,Hybrid_CrossAttn_XGBoost,0.7525,0.7636,0.7241,0.7803,0.7434,0.5053,0.8288,0.8155
Train3Val_ClinVarHQ,cls,dna_prot,nt_v2_500m,esm2_650m,Pure_XGBoost_Concat,0.7525,0.7472,0.7557,0.7493,0.7514,0.505,0.8325,0.8239
Train3Val_ClinVarHQ,cls,dna_prot,nt_v2_500m,esmc_600m,Hybrid_Gating_XGBoost,0.7496,0.7867,0.6782,0.8197,0.7284,0.5033,0.7964,0.816
Train3Val_ClinVarHQ,cls,dna_geom_prot,nt_v2_500m,esm1b_650m,Hybrid_Transformer_XGBoost,0.7496,0.7263,0.7931,0.707,0.7582,0.5018,0.8185,0.814
Train3Val_ClinVarHQ,cls,dna_prot,nt_v3_650m,esmc_600m,PyTorch_CrossAttn,0.7397,0.834,0.592,0.8845,0.6924,0.499,0.8134,0.825
Train3Val_ClinVarHQ,cls,dna_prot,nt_v2_500m,esmc_600m,Hybrid_CrossAttn_XGBoost,0.7468,0.7815,0.6782,0.8141,0.7262,0.4972,0.8172,0.834
Train3Val_ClinVarHQ,cls,dna_prot,nt_v1_500m,esmc_600m,PyTorch_CrossAttn,0.7383,0.8333,0.5891,0.8845,0.6902,0.4965,0.7686,0.808
Train3Val_ClinVarHQ,cls,dna_prot,nt_v1_500m,esmc_600m,PyTorch_Concat,0.7354,0.8432,0.5718,0.8958,0.6815,0.4951,0.7689,0.8058
Train3Val_ClinVarHQ,mean,dna_prot,nt_v1_500m,esm2_650m,Hybrid_Transformer_XGBoost,0.7468,0.7623,0.7098,0.7831,0.7351,0.4944,0.8374,0.8185
Train3Val_ClinVarHQ,cls,dna_prot,nt_v2_500m,esmc_600m,PyTorch_CrossAttn,0.7326,0.854,0.5546,0.907,0.6725,0.4942,0.7851,0.8057
Train3Val_ClinVarHQ,cls,dna_prot,nt_v3_650m,esm2_650m,Hybrid_Transformer_XGBoost,0.7454,0.7649,0.7011,0.7887,0.7316,0.492,0.8125,0.7997
Train3Val_ClinVarHQ,cls,dna_prot,nt_v2_500m,esm2_650m,PyTorch_Gating,0.7454,0.76,0.7098,0.7803,0.734,0.4914,0.8169,0.8048
Train3Val_ClinVarHQ,cls,dna_prot,nt_v1_500m,esm2_650m,Pure_XGBoost_Concat,0.7454,0.7464,0.7356,0.7549,0.741,0.4907,0.8273,0.8204
Train3Val_ClinVarHQ,cls,dna_prot,nt_v2_500m,esmc_600m,PyTorch_Transformer,0.7283,0.8584,0.5402,0.9127,0.6631,0.489,0.7884,0.8083
Train3Val_ClinVarHQ,cls,dna_prot,nt_v1_500m,esmc_600m,PyTorch_Transformer,0.7354,0.824,0.592,0.8761,0.689,0.4888,0.7854,0.8129
Train3Val_ClinVarHQ,cls,dna_prot,nt_v3_650m,esmc_600m,Hybrid_Transformer_XGBoost,0.7425,0.7774,0.6724,0.8113,0.7211,0.4887,0.8151,0.8328
Train3Val_ClinVarHQ,cls,dna_prot,nt_v1_500m,esm2_650m,PyTorch_Concat,0.7425,0.7756,0.6753,0.8085,0.722,0.4884,0.8183,0.8162
Train3Val_ClinVarHQ,cls,dna_prot,nt_v1_500m,esmc_600m,PyTorch_Gating,0.7326,0.8306,0.5776,0.8845,0.6814,0.4863,0.7746,0.8054
Train3Val_ClinVarHQ,cls,dna_prot,nt_v1_500m,esmc_600m,Hybrid_CrossAttn_XGBoost,0.7411,0.7748,0.6724,0.8085,0.72,0.4857,0.8092,0.8288
Train3Val_ClinVarHQ,cls,dna_prot,nt_v1_500m,esm2_650m,Hybrid_Concat_XGBoost,0.7425,0.7493,0.7213,0.7634,0.735,0.4852,0.8104,0.7974
Train3Val_ClinVarHQ,cls,dna_prot,nt_v1_500m,esm2_650m,PyTorch_Gating,0.7383,0.7929,0.6379,0.8366,0.707,0.4847,0.8082,0.8037
Train3Val_ClinVarHQ,cls,dna_prot,nt_v3_650m,esm2_650m,Pure_XGBoost_Concat,0.7397,0.7419,0.727,0.7521,0.7344,0.4793,0.8172,0.8061
Train3Val_ClinVarHQ,cls,dna_prot,nt_v3_650m,esm2_650m,PyTorch_Concat,0.7368,0.7801,0.6523,0.8197,0.7105,0.4791,0.8179,0.8087
Train3Val_ClinVarHQ,cls,dna_prot,nt_v3_650m,esm2_650m,Hybrid_Gating_XGBoost,0.7383,0.7531,0.7011,0.7746,0.7262,0.4772,0.8015,0.7926
Train3Val_ClinVarHQ,cls,dna_prot,nt_v3_650m,esm2_650m,Hybrid_CrossAttn_XGBoost,0.7383,0.75,0.7069,0.769,0.7278,0.477,0.8198,0.8101
Train3Val_ClinVarHQ,cls,dna_prot,nt_v2_500m,esm2_650m,PyTorch_CrossAttn,0.7354,0.7812,0.6466,0.8225,0.7075,0.4769,0.8027,0.7965
Train3Val_ClinVarHQ,cls,dna_prot,nt_v2_500m,esm2_650m,PyTorch_Transformer,0.7354,0.7774,0.6523,0.8169,0.7094,0.476,0.8085,0.8032
Train3Val_ClinVarHQ,cls,dna_prot,nt_v2_500m,esmc_600m,Hybrid_Transformer_XGBoost,0.7354,0.7736,0.658,0.8113,0.7112,0.4753,0.808,0.8153
Train3Val_ClinVarHQ,cls,dna_prot,nt_v2_500m,esm2_650m,PyTorch_Concat,0.734,0.7747,0.6523,0.8141,0.7083,0.473,0.8158,0.809
Train3Val_ClinVarHQ,cls,dna_prot,nt_v1_500m,esm2_650m,PyTorch_CrossAttn,0.7326,0.774,0.6494,0.8141,0.7063,0.4703,0.7964,0.7915
Train3Val_ClinVarHQ,cls,dna_prot,nt_v3_650m,esm2_650m,Hybrid_Concat_XGBoost,0.734,0.7539,0.6868,0.7803,0.7188,0.4693,0.8205,0.8079
Train3Val_ClinVarHQ,cls,dna_prot,nt_v2_500m,esmc_600m,PyTorch_Gating,0.7212,0.8276,0.5517,0.8873,0.6621,0.4668,0.7852,0.8071
Train3Val_ClinVarHQ,cls,dna_prot,nt_v2_500m,esm2_650m,Hybrid_CrossAttn_XGBoost,0.7326,0.7484,0.6925,0.7718,0.7194,0.466,0.8059,0.7953
Train3Val_ClinVarHQ,mean,dna_geom_prot,nt_v2_500m,esm1b_650m,Hybrid_Gating_XGBoost,0.7269,0.6857,0.8276,0.6282,0.75,0.4646,0.817,0.8137
Train3Val_ClinVarHQ,cls,dna_prot,nt_v3_650m,esm2_650m,PyTorch_Gating,0.7297,0.7548,0.6724,0.7859,0.7112,0.4615,0.8311,0.8169
Train3Val_ClinVarHQ,cls,dna_prot,nt_v1_500m,esmc_600m,Hybrid_Gating_XGBoost,0.7297,0.7532,0.6753,0.7831,0.7121,0.4613,0.8033,0.8246
Train3Val_ClinVarHQ,cls,dna_prot,nt_v2_500m,esm2_650m,Hybrid_Transformer_XGBoost,0.7297,0.7484,0.6839,0.7746,0.7147,0.4606,0.7983,0.7962
Train3Val_ClinVarHQ,cls,dna_prot,nt_v1_500m,esm2_650m,Hybrid_Gating_XGBoost,0.7269,0.7335,0.704,0.7493,0.7185,0.4539,0.8011,0.797
Train3Val_ClinVarHQ,cls,dna_prot,nt_v2_500m,esm2_650m,Hybrid_Concat_XGBoost,0.7226,0.7297,0.6983,0.7465,0.7137,0.4453,0.8095,0.8074
Train3Val_ClinVarHQ,cls,dna_prot,nt_v1_500m,esm2_650m,PyTorch_Transformer,0.7127,0.8017,0.5575,0.8648,0.6576,0.4444,0.8057,0.8068
Train3Val_ClinVarHQ,cls,dna_prot,nt_v1_500m,esm2_650m,Hybrid_CrossAttn_XGBoost,0.7212,0.7405,0.6724,0.769,0.7048,0.4437,0.7867,0.7868
Train3Val_ClinVarHQ,cls,dna_prot,nt_v2_500m,esm2_650m,Hybrid_Gating_XGBoost,0.7212,0.7331,0.6868,0.7549,0.7092,0.4429,0.7917,0.7862
Train3Val_ClinVarHQ,cls,dna_prot,nt_v1_500m,esm2_650m,Hybrid_Transformer_XGBoost,0.7169,0.7237,0.6925,0.7408,0.7078,0.434,0.7992,0.7927
Train3Val_ClinVarHQ,cls,dna_geom_prot,nt_v2_500m,esm1b_650m,Hybrid_Concat_XGBoost,0.6984,0.7931,0.5287,0.8648,0.6345,0.4184,0.8004,0.7749
Train3Val_ClinVarHQ,mean,bio_geom,nt_v2_500m,esm1b_650m,Hybrid_Concat_XGBoost,0.6458,1.0,0.2845,1.0,0.443,0.4089,0.9293,0.9269
Train3Val_ClinVarHQ,mean,dna_geom_prot,nt_v2_500m,esm1b_650m,Hybrid_Transformer_XGBoost,0.6486,0.5933,0.9224,0.3803,0.7222,0.3594,0.7992,0.7656
Train3Val_ClinVarHQ,mean,dna,nt_v2_500m,,PyTorch_Concat,0.5932,0.5749,0.6839,0.5042,0.6247,0.1912,0.6304,0.6124
Train3Val_ClinVarHQ,mean,dna,nt_v2_500m,None,PyTorch_Concat,0.5932,0.5749,0.6839,0.5042,0.6247,0.1912,0.6304,0.6124
Train3Val_ClinVarHQ,center,dna,nt_v1_500m,,PyTorch_Concat,0.5761,0.5687,0.5948,0.5577,0.5815,0.1527,0.6196,0.6013
Train3Val_ClinVarHQ,center,dna,nt_v1_500m,None,PyTorch_Concat,0.5761,0.5687,0.5948,0.5577,0.5815,0.1527,0.6196,0.6013
Train3Val_ClinVarHQ,mean,dna,nt_v2_500m,,Hybrid_Concat_XGBoost,0.5462,0.5404,0.5575,0.5352,0.5488,0.0927,0.5685,0.5568
Train3Val_ClinVarHQ,mean,dna,nt_v2_500m,None,Hybrid_Concat_XGBoost,0.5462,0.5404,0.5575,0.5352,0.5488,0.0927,0.5685,0.5568
Train3Val_ClinVarHQ,center,dna,nt_v1_500m,,Hybrid_Concat_XGBoost,0.5377,0.5326,0.5402,0.5352,0.5364,0.0754,0.5417,0.5229
Train3Val_ClinVarHQ,center,dna,nt_v1_500m,None,Hybrid_Concat_XGBoost,0.5377,0.5326,0.5402,0.5352,0.5364,0.0754,0.5417,0.5229
Train3Val_ClinVarHQ,cls,dna,nt_v2_500m,,Pure_XGBoost_Concat,0.5377,0.5395,0.4511,0.6225,0.4914,0.0748,0.5466,0.5443
Train3Val_ClinVarHQ,cls,dna,nt_v2_500m,None,Pure_XGBoost_Concat,0.5377,0.5395,0.4511,0.6225,0.4914,0.0748,0.5466,0.5443
Train3Val_ClinVarHQ,cls,dna_geom_prot,nt_v2_500m,esm1b_650m,Hybrid_Gating_XGBoost,0.532,0.5704,0.2213,0.8366,0.3188,0.0735,0.7227,0.6657
Train3Val_ClinVarHQ,center,dna,nt_v1_500m,,Pure_XGBoost_Concat,0.5363,0.5316,0.5316,0.5408,0.5316,0.0725,0.5488,0.5328
Train3Val_ClinVarHQ,center,dna,nt_v1_500m,None,Pure_XGBoost_Concat,0.5363,0.5316,0.5316,0.5408,0.5316,0.0725,0.5488,0.5328
Train3Val_ClinVarHQ,cls,dna,nt_v2_500m,,PyTorch_Concat,0.532,0.5411,0.3592,0.7014,0.4318,0.0645,0.5324,0.5251
Train3Val_ClinVarHQ,cls,dna,nt_v2_500m,None,PyTorch_Concat,0.532,0.5411,0.3592,0.7014,0.4318,0.0645,0.5324,0.5251
Train3Val_ClinVarHQ,mean,dna,nt_v2_500m,,Pure_XGBoost_Concat,0.5249,0.5212,0.4943,0.5549,0.5074,0.0493,0.5494,0.5497
Train3Val_ClinVarHQ,mean,dna,nt_v2_500m,None,Pure_XGBoost_Concat,0.5249,0.5212,0.4943,0.5549,0.5074,0.0493,0.5494,0.5497
Train3Val_ClinVarHQ,cls,dna_geom_prot,nt_v2_500m,esm1b_650m,Hybrid_CrossAttn_XGBoost,0.5078,0.5015,0.9454,0.0789,0.6554,0.0486,0.7325,0.7156
Train3Val_ClinVarHQ,cls,dna,nt_v2_500m,,Hybrid_Concat_XGBoost,0.5164,0.5139,0.4253,0.6056,0.4654,0.0314,0.5175,0.5053
Train3Val_ClinVarHQ,cls,dna,nt_v2_500m,None,Hybrid_Concat_XGBoost,0.5164,0.5139,0.4253,0.6056,0.4654,0.0314,0.5175,0.5053
Train3Val_ClinVarHQ,mean,dna_geom_prot,nt_v2_500m,esm1b_650m,Hybrid_Concat_XGBoost,0.495,0.495,1.0,0.0,0.6622,0.0,0.6438,0.6017
Train3Val_ProteinGym,center,bio_dna_geom_prot,nt_v1_500m,esmc_600m,PyTorch_Transformer,0.8295,0.8586,0.75,0.8962,0.8006,0.6574,0.8981,0.8863
Train3Val_ProteinGym,center,bio_dna_geom_prot,nt_v1_500m,esmc_600m,PyTorch_Gating,0.8234,0.8093,0.8021,0.8412,0.8057,0.6438,0.9018,0.887
Train3Val_ProteinGym,center,bio_dna_geom_prot,nt_v1_500m,esmc_600m,Hybrid_Gating_XGBoost,0.8234,0.8131,0.7961,0.8462,0.8045,0.6436,0.8985,0.8886
Train3Val_ProteinGym,mean,bio_dna_prot,nt_v2_500m,esm1b_650m,PyTorch_Transformer,0.8179,0.7708,0.8557,0.7862,0.811,0.6395,0.8994,0.8648
Train3Val_ProteinGym,center,bio_dna_geom_prot,nt_v1_500m,esmc_600m,Hybrid_CrossAttn_XGBoost,0.8132,0.7561,0.872,0.7638,0.81,0.6343,0.9046,0.8848
Train3Val_ProteinGym,center,bio_dna_geom_prot,nt_v1_500m,esmc_600m,PyTorch_CrossAttn,0.8118,0.7503,0.881,0.7538,0.8104,0.6339,0.9099,0.8982
Train3Val_ProteinGym,center,bio_dna_geom_prot,nt_v1_500m,esmc_600m,Hybrid_Concat_XGBoost,0.8179,0.8006,0.8006,0.8325,0.8006,0.6331,0.9005,0.8855
Train3Val_ProteinGym,cls,bio_dna_geom_prot,nt_v2_500m,esm1b_650m,PyTorch_Transformer,0.8145,0.7729,0.8408,0.7925,0.8054,0.6309,0.892,0.8572
Train3Val_ProteinGym,center,dna_prot,nt_v1_500m,esmc_600m,PyTorch_Concat,0.8152,0.8472,0.7262,0.89,0.7821,0.6289,0.8777,0.8751
Train3Val_ProteinGym,center,dna_prot,nt_v1_500m,esm1b_650m,PyTorch_Gating,0.8145,0.8103,0.7753,0.8475,0.7924,0.6255,0.8779,0.8704
Train3Val_ProteinGym,center,dna_prot,nt_v3_650m,esm1b_650m,PyTorch_Transformer,0.8145,0.8112,0.7738,0.8488,0.7921,0.6254,0.8851,0.8711
Train3Val_ProteinGym,center,bio_dna_geom_prot,nt_v1_500m,esmc_600m,PyTorch_Concat,0.8139,0.8169,0.7634,0.8562,0.7892,0.6241,0.8885,0.8768
Train3Val_ProteinGym,center,dna_prot,nt_v2_500m,esm1b_650m,PyTorch_Concat,0.8132,0.8021,0.7842,0.8375,0.7931,0.623,0.8816,0.8747
Train3Val_ProteinGym,center,dna_prot,nt_v3_650m,esm1b_650m,PyTorch_Gating,0.8132,0.8126,0.7679,0.8512,0.7896,0.6227,0.8851,0.8729
Train3Val_ProteinGym,center,dna_prot,nt_v2_500m,esm1b_650m,PyTorch_Transformer,0.8132,0.8087,0.7738,0.8462,0.7909,0.6227,0.8829,0.874
Train3Val_ProteinGym,center,dna_geom_prot,nt_v1_500m,esmc_600m,Pure_XGBoost_Concat,0.8132,0.8106,0.7708,0.8488,0.7902,0.6227,0.8805,0.8728
Train3Val_ProteinGym,center,dna_prot,nt_v3_650m,esm1b_650m,Hybrid_Transformer_XGBoost,0.8125,0.7929,0.7976,0.825,0.7953,0.6223,0.8808,0.8625
Train3Val_ProteinGym,center,dna_prot,nt_v2_500m,esm1b_650m,PyTorch_CrossAttn,0.8125,0.7964,0.7917,0.83,0.794,0.622,0.8822,0.873
Train3Val_ProteinGym,center,dna_prot,nt_v3_650m,esm1b_650m,PyTorch_CrossAttn,0.8118,0.7988,0.7857,0.8338,0.7922,0.6203,0.8892,0.8728
Train3Val_ProteinGym,center,dna_prot,nt_v2_500m,esm1b_650m,Hybrid_Transformer_XGBoost,0.8111,0.7889,0.8006,0.82,0.7947,0.6199,0.8774,0.8692
Train3Val_ProteinGym,cls,dna_geom_prot,nt_v2_500m,esm1b_650m,Pure_XGBoost_Concat,0.8111,0.7906,0.7976,0.8225,0.7941,0.6197,0.8898,0.8804
Train3Val_ProteinGym,center,dna_prot,nt_v2_500m,esm1b_650m,Hybrid_Concat_XGBoost,0.8105,0.7844,0.8065,0.8138,0.7953,0.6191,0.8788,0.8633
Train3Val_ProteinGym,center,dna_prot,nt_v1_500m,esm1b_650m,PyTorch_Transformer,0.8111,0.8177,0.7545,0.8588,0.7848,0.6186,0.8757,0.8665
Train3Val_ProteinGym,center,dna_prot,nt_v3_650m,esm1b_650m,PyTorch_Concat,0.8111,0.8088,0.7679,0.8475,0.7878,0.6185,0.8862,0.8753
Train3Val_ProteinGym,cls,bio_dna_geom_prot,nt_v2_500m,esm1b_650m,PyTorch_CrossAttn,0.8064,0.7556,0.8512,0.7688,0.8006,0.6178,0.8869,0.8584
Train3Val_ProteinGym,center,dna_prot,nt_v1_500m,esmc_600m,Hybrid_Transformer_XGBoost,0.8091,0.7871,0.7976,0.8188,0.7923,0.6158,0.8782,0.8761
Train3Val_ProteinGym,center,dna_prot,nt_v3_650m,esm1b_650m,Hybrid_Gating_XGBoost,0.8077,0.7775,0.811,0.805,0.7939,0.6144,0.8812,0.8656
Train3Val_ProteinGym,center,bio_dna_geom_prot,nt_v1_500m,esmc_600m,Hybrid_Transformer_XGBoost,0.8084,0.7928,0.7857,0.8275,0.7892,0.6137,0.8869,0.868
Train3Val_ProteinGym,mean,dna_prot,nt_v2_500m,esm1b_650m,PyTorch_Concat,0.8084,0.7928,0.7857,0.8275,0.7892,0.6137,0.8791,0.8549
Train3Val_ProteinGym,cls,bio_geom,nt_v2_500m,esm1b_650m,PyTorch_Concat,0.7996,0.7324,0.8839,0.7288,0.8011,0.6136,0.8936,0.8776
Train3Val_ProteinGym,cls,bio_dna_geom_prot,nt_v2_500m,esm1b_650m,PyTorch_Gating,0.8077,0.7831,0.8006,0.8138,0.7918,0.6134,0.8863,0.8624
Train3Val_ProteinGym,center,dna_prot,nt_v1_500m,esm1b_650m,PyTorch_CrossAttn,0.8084,0.8019,0.7708,0.84,0.786,0.6131,0.8743,0.8692
Train3Val_ProteinGym,center,dna_prot,nt_v3_650m,esm1b_650m,Hybrid_Concat_XGBoost,0.8077,0.7848,0.7976,0.8162,0.7911,0.6131,0.8825,0.8715
Train3Val_ProteinGym,center,dna_prot,nt_v3_650m,esm1b_650m,Hybrid_CrossAttn_XGBoost,0.8077,0.7856,0.7961,0.8175,0.7908,0.613,0.8845,0.8741
Train3Val_ProteinGym,center,dna_prot,nt_v1_500m,esm1b_650m,Pure_XGBoost_Concat,0.8077,0.7881,0.7917,0.8212,0.7899,0.6127,0.8809,0.8657
Train3Val_ProteinGym,center,dna_prot,nt_v2_500m,esm1b_650m,PyTorch_Gating,0.8077,0.7916,0.7857,0.8262,0.7886,0.6123,0.8792,0.8699
Train3Val_ProteinGym,center,dna_prot,nt_v3_650m,esmc_600m,Hybrid_Gating_XGBoost,0.8077,0.7943,0.7812,0.83,0.7877,0.6121,0.8745,0.8624
Train3Val_ProteinGym,center,dna_prot,nt_v2_500m,esmc_600m,Pure_XGBoost_Concat,0.8077,0.796,0.7783,0.8325,0.7871,0.612,0.8769,0.8664
Train3Val_ProteinGym,mean,dna_geom_prot,nt_v2_500m,esm1b_650m,Pure_XGBoost_Concat,0.8057,0.7765,0.8065,0.805,0.7912,0.61,0.8914,0.8828
Train3Val_ProteinGym,center,dna_geom_prot,nt_v1_500m,esmc_600m,PyTorch_Concat,0.805,0.8481,0.6979,0.895,0.7657,0.6098,0.8641,0.8637
Train3Val_ProteinGym,mean,bio_dna_geom_prot,nt_v2_500m,esm1b_650m,Pure_XGBoost_Concat,0.784,0.6937,0.9435,0.65,0.7995,0.6093,0.9111,0.8905
Train3Val_ProteinGym,center,dna_prot,nt_v2_500m,esmc_600m,PyTorch_CrossAttn,0.8057,0.7881,0.7857,0.8225,0.7869,0.6084,0.8776,0.8691
Train3Val_ProteinGym,center,dna_prot,nt_v2_500m,esmc_600m,Hybrid_Concat_XGBoost,0.8057,0.7924,0.7783,0.8288,0.7853,0.608,0.8795,0.8685
Train3Val_ProteinGym,center,dna_prot,nt_v1_500m,esmc_600m,Pure_XGBoost_Concat,0.8057,0.8016,0.7634,0.8412,0.782,0.6075,0.8774,0.8653
Train3Val_ProteinGym,center,dna_prot,nt_v2_500m,esm1b_650m,Hybrid_CrossAttn_XGBoost,0.8043,0.7807,0.7946,0.8125,0.7876,0.6064,0.8825,0.8741
Train3Val_ProteinGym,center,dna_prot,nt_v2_500m,esmc_600m,PyTorch_Gating,0.805,0.8051,0.756,0.8462,0.7797,0.6061,0.8727,0.8697
Train3Val_ProteinGym,mean,bio_dna_geom_prot,nt_v2_500m,esm1b_650m,PyTorch_CrossAttn,0.805,0.8022,0.7604,0.8425,0.7807,0.6061,0.8843,0.8602
Train3Val_ProteinGym,center,dna_prot,nt_v1_500m,esm1b_650m,Hybrid_CrossAttn_XGBoost,0.8037,0.7763,0.8006,0.8062,0.7883,0.6056,0.8739,0.8684
Train3Val_ProteinGym,center,dna_prot,nt_v3_650m,esmc_600m,Hybrid_Transformer_XGBoost,0.8043,0.79,0.7783,0.8262,0.7841,0.6053,0.8757,0.8678
Train3Val_ProteinGym,center,dna_prot,nt_v3_650m,esmc_600m,PyTorch_Transformer,0.8023,0.8508,0.6875,0.8988,0.7605,0.6052,0.881,0.8753
Train3Val_ProteinGym,center,dna_prot,nt_v2_500m,esmc_600m,PyTorch_Transformer,0.8043,0.8117,0.744,0.855,0.7764,0.6049,0.872,0.8712
Train3Val_ProteinGym,center,dna_prot,nt_v3_650m,esmc_600m,Hybrid_CrossAttn_XGBoost,0.8037,0.7829,0.7887,0.8162,0.7858,0.6046,0.8792,0.8759
Train3Val_ProteinGym,center,dna_geom_prot,nt_v1_500m,esmc_600m,PyTorch_CrossAttn,0.801,0.861,0.6726,0.9088,0.7552,0.6045,0.8749,0.8716
Train3Val_ProteinGym,center,dna_prot,nt_v1_500m,esm1b_650m,Hybrid_Concat_XGBoost,0.803,0.7801,0.7917,0.8125,0.7858,0.6035,0.8787,0.8697
Train3Val_ProteinGym,center,dna_geom_prot,nt_v1_500m,esmc_600m,Hybrid_CrossAttn_XGBoost,0.803,0.7842,0.7842,0.8188,0.7842,0.603,0.8727,0.8691
Train3Val_ProteinGym,center,prot,,esmc_600m,Pure_XGBoost_Concat,0.803,0.7938,0.7679,0.8325,0.7806,0.6022,0.8794,0.8688
Train3Val_ProteinGym,center,prot,None,esmc_600m,Pure_XGBoost_Concat,0.803,0.7938,0.7679,0.8325,0.7806,0.6022,0.8794,0.8688
Train3Val_ProteinGym,center,dna_prot,nt_v2_500m,esmc_600m,Hybrid_Transformer_XGBoost,0.8016,0.7762,0.7946,0.8075,0.7853,0.6011,0.8766,0.8643
Train3Val_ProteinGym,center,bio_dna_prot,nt_v1_500m,esmc_600m,PyTorch_CrossAttn,0.7908,0.7182,0.8914,0.7062,0.7955,0.6007,0.8966,0.8819
Train3Val_ProteinGym,mean,bio_dna_geom_prot,nt_v2_500m,esm1b_650m,PyTorch_Concat,0.8016,0.7827,0.7827,0.8175,0.7827,0.6002,0.8797,0.8525
Train3Val_ProteinGym,center,dna_prot,nt_v2_500m,esmc_600m,Hybrid_Gating_XGBoost,0.8016,0.787,0.7753,0.8238,0.7811,0.5998,0.8746,0.8712
Train3Val_ProteinGym,mean,dna_geom_prot,nt_v2_500m,esm1b_650m,PyTorch_Transformer,0.8016,0.7905,0.7693,0.8288,0.7798,0.5996,0.8778,0.8448
Train3Val_ProteinGym,mean,bio_dna_prot,nt_v2_500m,esm1b_650m,PyTorch_CrossAttn,0.786,0.7059,0.9107,0.6812,0.7953,0.5993,0.8923,0.8607
Train3Val_ProteinGym,center,dna_prot,nt_v3_650m,esm1b_650m,Pure_XGBoost_Concat,0.8003,0.7731,0.7961,0.8038,0.7845,0.5987,0.8772,0.8618
Train3Val_ProteinGym,center,dna_prot,nt_v1_500m,esmc_600m,PyTorch_Gating,0.7996,0.8396,0.6935,0.8888,0.7596,0.5984,0.8612,0.8617
Train3Val_ProteinGym,center,prot,,esmc_600m,PyTorch_Concat,0.7982,0.8544,0.6726,0.9038,0.7527,0.5983,0.8775,0.8728
Train3Val_ProteinGym,center,prot,None,esmc_600m,PyTorch_Concat,0.7982,0.8544,0.6726,0.9038,0.7527,0.5983,0.8775,0.8728
Train3Val_ProteinGym,center,dna_prot,nt_v3_650m,esmc_600m,Pure_XGBoost_Concat,0.801,0.792,0.7649,0.8312,0.7782,0.5981,0.8788,0.8627
Train3Val_ProteinGym,center,dna_prot,nt_v2_500m,esmc_600m,Hybrid_CrossAttn_XGBoost,0.8003,0.7771,0.7887,0.81,0.7829,0.598,0.8829,0.8755
Train3Val_ProteinGym,center,bio_geom,nt_v1_500m,esmc_600m,Hybrid_Concat_XGBoost,0.7955,0.8763,0.6429,0.9238,0.7416,0.598,0.8835,0.8623
Train3Val_ProteinGym,mean,dna_prot,nt_v2_500m,esm1b_650m,PyTorch_Transformer,0.801,0.7938,0.7619,0.8338,0.7775,0.598,0.8778,0.8549
Train3Val_ProteinGym,center,dna_prot,nt_v3_650m,esmc_600m,Hybrid_Concat_XGBoost,0.8003,0.7796,0.7842,0.8138,0.7819,0.5977,0.8797,0.8747
Train3Val_ProteinGym,center,dna_prot,nt_v1_500m,esmc_600m,Hybrid_CrossAttn_XGBoost,0.8003,0.7804,0.7827,0.815,0.7816,0.5976,0.8731,0.8635
Train3Val_ProteinGym,mean,dna_prot,nt_v3_650m,esm1b_650m,Hybrid_Concat_XGBoost,0.7996,0.772,0.7961,0.8025,0.7839,0.5974,0.8727,0.846
Train3Val_ProteinGym,center,dna_prot,nt_v1_500m,esmc_600m,PyTorch_CrossAttn,0.7969,0.8607,0.6622,0.91,0.7485,0.5971,0.8636,0.8635
Train3Val_ProteinGym,center,dna_prot,nt_v1_500m,esmc_600m,Hybrid_Concat_XGBoost,0.8003,0.7864,0.7723,0.8238,0.7793,0.597,0.8772,0.8691
Train3Val_ProteinGym,center,dna_prot,nt_v3_650m,esmc_600m,PyTorch_Concat,0.7996,0.7768,0.7872,0.81,0.782,0.5966,0.885,0.8797
Train3Val_ProteinGym,center,dna_prot,nt_v2_500m,esm1b_650m,Hybrid_Gating_XGBoost,0.7996,0.7784,0.7842,0.8125,0.7813,0.5964,0.8709,0.8666
Train3Val_ProteinGym,mean,dna_prot,nt_v3_650m,esm1b_650m,Hybrid_Transformer_XGBoost,0.7989,0.7701,0.7976,0.8,0.7836,0.5962,0.8756,0.8536
Train3Val_ProteinGym,mean,dna_prot,nt_v3_650m,esm1b_650m,PyTorch_Gating,0.7996,0.786,0.7708,0.8238,0.7784,0.5956,0.8807,0.8585
Train3Val_ProteinGym,center,dna_prot,nt_v2_500m,esm1b_650m,Pure_XGBoost_Concat,0.7989,0.7741,0.7902,0.8062,0.782,0.5955,0.875,0.8599
Train3Val_ProteinGym,center,bio_dna_prot,nt_v1_500m,esmc_600m,Hybrid_Transformer_XGBoost,0.7785,0.6909,0.9315,0.65,0.7934,0.5954,0.9055,0.8862
Train3Val_ProteinGym,center,dna_geom_prot,nt_v1_500m,esmc_600m,PyTorch_Gating,0.7948,0.8685,0.6488,0.9175,0.7428,0.595,0.8753,0.87
Train3Val_ProteinGym,mean,dna_prot,nt_v2_500m,esm1b_650m,Pure_XGBoost_Concat,0.7969,0.758,0.8155,0.7812,0.7857,0.5946,0.8731,0.8473
Train3Val_ProteinGym,center,dna_prot,nt_v1_500m,esmc_600m,PyTorch_Transformer,0.7948,0.8656,0.6518,0.915,0.7436,0.5944,0.8698,0.8692
Train3Val_ProteinGym,center,dna_geom_prot,nt_v1_500m,esmc_600m,PyTorch_Transformer,0.7948,0.8656,0.6518,0.915,0.7436,0.5944,0.8731,0.8712
Train3Val_ProteinGym,center,dna_geom_prot,nt_v1_500m,esmc_600m,Hybrid_Transformer_XGBoost,0.7989,0.7831,0.7738,0.82,0.7784,0.5944,0.8743,0.8679
Train3Val_ProteinGym,mean,prot,,esm1b_650m,Hybrid_Concat_XGBoost,0.7976,0.7726,0.7887,0.805,0.7806,0.5928,0.8732,0.849
Train3Val_ProteinGym,mean,prot,None,esm1b_650m,Hybrid_Concat_XGBoost,0.7976,0.7726,0.7887,0.805,0.7806,0.5928,0.8732,0.849
Train3Val_ProteinGym,center,prot,,esmc_600m,Hybrid_Concat_XGBoost,0.7982,0.7889,0.7619,0.8288,0.7752,0.5926,0.8766,0.8686
Train3Val_ProteinGym,center,prot,None,esmc_600m,Hybrid_Concat_XGBoost,0.7982,0.7889,0.7619,0.8288,0.7752,0.5926,0.8766,0.8686
Train3Val_ProteinGym,center,dna_prot,nt_v1_500m,esm1b_650m,Hybrid_Transformer_XGBoost,0.7976,0.7791,0.7768,0.815,0.7779,0.5919,0.8733,0.8674
Train3Val_ProteinGym,center,dna_prot,nt_v3_650m,esmc_600m,PyTorch_CrossAttn,0.7962,0.8333,0.692,0.8838,0.7561,0.5911,0.8686,0.8637
Train3Val_ProteinGym,center,dna_prot,nt_v3_650m,esmc_600m,PyTorch_Gating,0.7942,0.8555,0.6607,0.9062,0.7456,0.5911,0.8642,0.8646
Train3Val_ProteinGym,cls,bio_dna_prot,nt_v2_500m,esm1b_650m,PyTorch_Transformer,0.7826,0.7047,0.9018,0.6825,0.7911,0.5905,0.8836,0.8482
Train3Val_ProteinGym,center,bio_dna_prot,nt_v1_500m,esmc_600m,PyTorch_Concat,0.7853,0.7129,0.8869,0.7,0.7905,0.5902,0.8955,0.8763
Train3Val_ProteinGym,mean,dna_prot,nt_v1_500m,esm1b_650m,PyTorch_Gating,0.7969,0.7974,0.744,0.8412,0.7698,0.5896,0.8711,0.8505
Train3Val_ProteinGym,mean,dna_prot,nt_v2_500m,esm1b_650m,PyTorch_CrossAttn,0.7962,0.7768,0.7768,0.8125,0.7768,0.5893,0.8738,0.8412
Train3Val_ProteinGym,center,dna_prot,nt_v1_500m,esm1b_650m,Hybrid_Gating_XGBoost,0.7962,0.7776,0.7753,0.8138,0.7765,0.5892,0.8697,0.8657
Train3Val_ProteinGym,center,dna_geom_prot,nt_v1_500m,esmc_600m,Hybrid_Gating_XGBoost,0.7962,0.8153,0.7158,0.8638,0.7623,0.589,0.8573,0.8579
Train3Val_ProteinGym,mean,dna_prot,nt_v3_650m,esm1b_650m,PyTorch_Concat,0.7955,0.7685,0.7902,0.8,0.7792,0.589,0.8766,0.8489
Train3Val_ProteinGym,mean,prot,,esm1b_650m,PyTorch_Concat,0.7955,0.7781,0.7723,0.815,0.7752,0.5877,0.8746,0.8473
Train3Val_ProteinGym,mean,prot,None,esm1b_650m,PyTorch_Concat,0.7955,0.7781,0.7723,0.815,0.7752,0.5877,0.8746,0.8473
Train3Val_ProteinGym,center,bio_dna_prot,nt_v1_500m,esmc_600m,Hybrid_CrossAttn_XGBoost,0.7738,0.6861,0.9301,0.6425,0.7896,0.5872,0.9001,0.8832
Train3Val_ProteinGym,mean,dna_prot,nt_v1_500m,esm1b_650m,PyTorch_Concat,0.7955,0.7841,0.7619,0.8238,0.7728,0.5872,0.8645,0.8496
Train3Val_ProteinGym,cls,dna_prot,nt_v2_500m,esm1b_650m,PyTorch_Transformer,0.7955,0.793,0.747,0.8362,0.7693,0.5868,0.8616,0.8286
Train3Val_ProteinGym,mean,dna_prot,nt_v3_650m,esm1b_650m,PyTorch_CrossAttn,0.7948,0.7803,0.7664,0.8188,0.7733,0.586,0.8773,0.8461
Train3Val_ProteinGym,cls,dna_prot,nt_v2_500m,esm1b_650m,PyTorch_Gating,0.7942,0.7791,0.7664,0.8175,0.7727,0.5847,0.8569,0.8331
Train3Val_ProteinGym,center,bio_dna_prot,nt_v1_500m,esmc_600m,Hybrid_Gating_XGBoost,0.7704,0.6807,0.936,0.6312,0.7882,0.5845,0.9054,0.8906
Train3Val_ProteinGym,cls,bio_dna_geom_prot,nt_v2_500m,esm1b_650m,Hybrid_CrossAttn_XGBoost,0.7942,0.804,0.7262,0.8512,0.7631,0.5843,0.873,0.8548
Train3Val_ProteinGym,mean,dna_prot,nt_v1_500m,esm1b_650m,Hybrid_Transformer_XGBoost,0.7928,0.7625,0.7932,0.7925,0.7775,0.5842,0.8615,0.8426
Train3Val_ProteinGym,center,dna_prot,nt_v2_500m,esmc_600m,PyTorch_Concat,0.7928,0.8294,0.6875,0.8812,0.7518,0.5841,0.8617,0.8618
Train3Val_ProteinGym,mean,dna_prot,nt_v2_500m,esm1b_650m,Hybrid_Transformer_XGBoost,0.7928,0.7633,0.7917,0.7938,0.7772,0.584,0.8672,0.844
Train3Val_ProteinGym,mean,bio_dna_prot,nt_v2_500m,esm1b_650m,Hybrid_CrossAttn_XGBoost,0.7717,0.6842,0.9286,0.64,0.7879,0.5833,0.8954,0.8618
Train3Val_ProteinGym,mean,dna_prot,nt_v1_500m,esm1b_650m,Hybrid_Concat_XGBoost,0.7921,0.7599,0.7961,0.7887,0.7776,0.5832,0.8629,0.8435
Train3Val_ProteinGym,mean,bio_dna_geom_prot,nt_v2_500m,esm1b_650m,PyTorch_Gating,0.7846,0.72,0.8646,0.7175,0.7857,0.5826,0.8797,0.8595
Train3Val_ProteinGym,mean,dna_prot,nt_v2_500m,esm1b_650m,Hybrid_CrossAttn_XGBoost,0.7921,0.7645,0.7872,0.7962,0.7757,0.5823,0.8571,0.8372
Train3Val_ProteinGym,mean,dna_prot,nt_v2_500m,esm1b_650m,PyTorch_Gating,0.7928,0.7768,0.7664,0.815,0.7715,0.582,0.8756,0.8552
Train3Val_ProteinGym,center,dna_prot,nt_v1_500m,esmc_600m,Hybrid_Gating_XGBoost,0.7928,0.7845,0.753,0.8262,0.7684,0.5815,0.8682,0.8649
Train3Val_ProteinGym,cls,bio_geom,nt_v2_500m,esm1b_650m,Pure_XGBoost_Concat,0.7683,0.6785,0.936,0.6275,0.7867,0.5813,0.9057,0.8893
Train3Val_ProteinGym,cls,dna_prot,nt_v3_650m,esm1b_650m,Hybrid_Transformer_XGBoost,0.7921,0.7764,0.7649,0.815,0.7706,0.5806,0.8591,0.8309
Train3Val_ProteinGym,mean,dna_prot,nt_v1_500m,esm1b_650m,PyTorch_CrossAttn,0.7914,0.7656,0.7827,0.7988,0.7741,0.5806,0.8643,0.8431
Train3Val_ProteinGym,mean,bio_dna_prot,nt_v2_500m,esm1b_650m,Hybrid_Gating_XGBoost,0.7704,0.6831,0.9271,0.6388,0.7866,0.5805,0.8946,0.8616
Train3Val_ProteinGym,cls,bio_dna_geom_prot,nt_v2_500m,esm1b_650m,Hybrid_Transformer_XGBoost,0.7819,0.7132,0.8735,0.705,0.7853,0.5804,0.8791,0.8551
Train3Val_ProteinGym,mean,dna_prot,nt_v2_500m,esm1b_650m,Hybrid_Concat_XGBoost,0.7908,0.7622,0.7872,0.7938,0.7745,0.5797,0.8648,0.8426
Train3Val_ProteinGym,mean,bio_dna_prot,nt_v2_500m,esm1b_650m,PyTorch_Concat,0.7751,0.6949,0.9048,0.6662,0.786,0.5793,0.8863,0.8552
Train3Val_ProteinGym,center,bio_dna_prot,nt_v1_500m,esmc_600m,Hybrid_Concat_XGBoost,0.769,0.6816,0.9271,0.6362,0.7856,0.5784,0.9019,0.8811
Train3Val_ProteinGym,cls,dna_prot,nt_v3_650m,esm1b_650m,Pure_XGBoost_Concat,0.7894,0.7549,0.7976,0.7825,0.7757,0.5783,0.8637,0.8313
Train3Val_ProteinGym,cls,bio_dna_geom_prot,nt_v2_500m,esm1b_650m,PyTorch_Concat,0.7812,0.7139,0.869,0.7075,0.7839,0.578,0.8817,0.8598
Train3Val_ProteinGym,center,dna_prot,nt_v2_500m,esm2_650m,PyTorch_CrossAttn,0.7908,0.7835,0.7485,0.8262,0.7656,0.5773,0.8564,0.8378
Train3Val_ProteinGym,cls,bio_dna_geom_prot,nt_v2_500m,esm1b_650m,Pure_XGBoost_Concat,0.7656,0.6756,0.936,0.6225,0.7848,0.577,0.9059,0.8883
Train3Val_ProteinGym,cls,bio_dna_prot,nt_v2_500m,esm1b_650m,PyTorch_CrossAttn,0.7799,0.7117,0.8705,0.7038,0.7831,0.5761,0.8729,0.8329
Train3Val_ProteinGym,center,bio_geom,nt_v1_500m,esmc_600m,PyTorch_Concat,0.7826,0.7222,0.8512,0.725,0.7814,0.5757,0.8777,0.866
Train3Val_ProteinGym,mean,prot,,esm1b_650m,Pure_XGBoost_Concat,0.7867,0.7432,0.814,0.7638,0.777,0.5755,0.8757,0.8509
Train3Val_ProteinGym,mean,prot,None,esm1b_650m,Pure_XGBoost_Concat,0.7867,0.7432,0.814,0.7638,0.777,0.5755,0.8757,0.8509
Train3Val_ProteinGym,mean,dna_prot,nt_v3_650m,esm1b_650m,Hybrid_Gating_XGBoost,0.7887,0.762,0.7812,0.795,0.7715,0.5752,0.8692,0.8421
Train3Val_ProteinGym,cls,bio_dna_prot,nt_v2_500m,esm1b_650m,Hybrid_Transformer_XGBoost,0.7643,0.6742,0.936,0.62,0.7838,0.5749,0.8922,0.8653
Train3Val_ProteinGym,cls,prot,,esm1b_650m,Hybrid_Concat_XGBoost,0.7887,0.7643,0.7768,0.7988,0.7705,0.5748,0.8633,0.8362
Train3Val_ProteinGym,cls,prot,None,esm1b_650m,Hybrid_Concat_XGBoost,0.7887,0.7643,0.7768,0.7988,0.7705,0.5748,0.8633,0.8362
Train3Val_ProteinGym,cls,dna_prot,nt_v1_500m,esm1b_650m,PyTorch_Gating,0.7894,0.7997,0.7188,0.8488,0.7571,0.5747,0.8683,0.844
Train3Val_ProteinGym,cls,dna_prot,nt_v3_650m,esm1b_650m,Hybrid_Gating_XGBoost,0.7887,0.7658,0.7738,0.8012,0.7698,0.5746,0.8598,0.838
Train3Val_ProteinGym,mean,dna_prot,nt_v1_500m,esm1b_650m,Pure_XGBoost_Concat,0.7867,0.7472,0.8051,0.7712,0.7751,0.5742,0.8714,0.8465
Train3Val_ProteinGym,mean,dna_prot,nt_v3_650m,esm1b_650m,Pure_XGBoost_Concat,0.7867,0.7472,0.8051,0.7712,0.7751,0.5742,0.8707,0.8494
Train3Val_ProteinGym,cls,dna_prot,nt_v1_500m,esm1b_650m,PyTorch_Transformer,0.7874,0.8188,0.686,0.8725,0.7466,0.5724,0.8652,0.8312
Train3Val_ProteinGym,mean,dna_prot,nt_v2_500m,esm1b_650m,Hybrid_Gating_XGBoost,0.7867,0.7543,0.7902,0.7837,0.7718,0.5723,0.866,0.8462
Train3Val_ProteinGym,cls,dna_prot,nt_v1_500m,esm1b_650m,PyTorch_CrossAttn,0.7874,0.8122,0.6949,0.865,0.749,0.5717,0.8549,0.8291
Train3Val_ProteinGym,mean,dna_prot,nt_v1_500m,esm1b_650m,PyTorch_Transformer,0.788,0.7894,0.7307,0.8362,0.7589,0.5717,0.8717,0.8475
Train3Val_ProteinGym,center,dna_prot,nt_v1_500m,esm1b_650m,PyTorch_Concat,0.786,0.7532,0.7902,0.7825,0.7712,0.571,0.8719,0.8595
Train3Val_ProteinGym,mean,dna_geom_prot,nt_v2_500m,esm1b_650m,PyTorch_Concat,0.7779,0.7111,0.8646,0.705,0.7804,0.5709,0.862,0.8296
Train3Val_ProteinGym,center,dna_prot,nt_v3_650m,esm2_650m,PyTorch_Transformer,0.7853,0.8333,0.6622,0.8888,0.738,0.5708,0.8518,0.8415
Train3Val_ProteinGym,cls,bio_dna_prot,nt_v2_500m,esm1b_650m,Hybrid_Concat_XGBoost,0.7629,0.6742,0.9301,0.6225,0.7817,0.57,0.8897,0.8585
Train3Val_ProteinGym,mean,dna_geom_prot,nt_v2_500m,esm1b_650m,PyTorch_CrossAttn,0.7867,0.7925,0.7217,0.8412,0.7555,0.569,0.8624,0.8253
Train3Val_ProteinGym,center,dna_prot,nt_v3_650m,esm2_650m,PyTorch_Gating,0.7867,0.7823,0.7381,0.8275,0.7596,0.5689,0.8581,0.8466
Train3Val_ProteinGym,mean,dna_prot,nt_v1_500m,esm1b_650m,Hybrid_CrossAttn_XGBoost,0.7853,0.7565,0.7812,0.7887,0.7687,0.5688,0.8595,0.8331
Train3Val_ProteinGym,mean,bio_dna_prot,nt_v2_500m,esm1b_650m,Hybrid_Transformer_XGBoost,0.7629,0.675,0.9271,0.625,0.7812,0.5687,0.8926,0.8637
Train3Val_ProteinGym,mean,dna_prot,nt_v3_650m,esm1b_650m,Hybrid_CrossAttn_XGBoost,0.7846,0.7539,0.7842,0.785,0.7688,0.5678,0.8691,0.8435
Train3Val_ProteinGym,cls,dna_prot,nt_v3_650m,esm1b_650m,PyTorch_Transformer,0.786,0.795,0.7158,0.845,0.7533,0.5677,0.8693,0.8338
Train3Val_ProteinGym,cls,dna_prot,nt_v3_650m,esm1b_650m,Hybrid_CrossAttn_XGBoost,0.7853,0.7673,0.7604,0.8062,0.7638,0.5671,0.8634,0.8317
Train3Val_ProteinGym,center,dna_prot,nt_v2_500m,esm2_650m,PyTorch_Concat,0.7853,0.8027,0.7024,0.855,0.7492,0.5668,0.8497,0.8395
Train3Val_ProteinGym,cls,dna_prot,nt_v1_500m,esm1b_650m,Hybrid_Transformer_XGBoost,0.7846,0.7591,0.7738,0.7938,0.7664,0.5668,0.8577,0.8396
Train3Val_ProteinGym,center,dna_geom_prot,nt_v1_500m,esmc_600m,Hybrid_Concat_XGBoost,0.7846,0.8087,0.692,0.8625,0.7458,0.5661,0.8595,0.8525
Train3Val_ProteinGym,cls,dna_prot,nt_v1_500m,esm1b_650m,Hybrid_Concat_XGBoost,0.7846,0.7661,0.7604,0.805,0.7633,0.5658,0.8561,0.8368
Train3Val_ProteinGym,cls,dna_geom_prot,nt_v2_500m,esm1b_650m,PyTorch_CrossAttn,0.7833,0.8262,0.6652,0.8825,0.737,0.5658,0.855,0.8251
Train3Val_ProteinGym,mean,dna_prot,nt_v3_650m,esm1b_650m,PyTorch_Transformer,0.784,0.8172,0.6786,0.8725,0.7415,0.5658,0.8804,0.8532
Train3Val_ProteinGym,center,dna_prot,nt_v2_500m,esm2_650m,Hybrid_CrossAttn_XGBoost,0.7846,0.7735,0.747,0.8162,0.76,0.5651,0.8495,0.8367
Train3Val_ProteinGym,cls,dna_prot,nt_v3_650m,esm1b_650m,PyTorch_Concat,0.7846,0.7752,0.744,0.8188,0.7593,0.565,0.8668,0.8387
Train3Val_ProteinGym,cls,bio_dna_prot,nt_v2_500m,esm1b_650m,Hybrid_CrossAttn_XGBoost,0.7602,0.6717,0.9286,0.6188,0.7795,0.565,0.89,0.8624
Train3Val_ProteinGym,cls,dna_prot,nt_v2_500m,esm1b_650m,Pure_XGBoost_Concat,0.7812,0.7378,0.808,0.7588,0.7713,0.5646,0.8638,0.8404
Train3Val_ProteinGym,mean,bio_dna_geom_prot,nt_v2_500m,esm1b_650m,Hybrid_Transformer_XGBoost,0.7826,0.7479,0.7902,0.7762,0.7685,0.5646,0.8604,0.8337
Train3Val_ProteinGym,cls,dna_prot,nt_v3_650m,esm1b_650m,Hybrid_Concat_XGBoost,0.7833,0.7554,0.7768,0.7887,0.766,0.5644,0.8624,0.8408
Train3Val_ProteinGym,center,dna_prot,nt_v3_650m,esm2_650m,PyTorch_Concat,0.784,0.801,0.7009,0.8538,0.7476,0.5641,0.8605,0.8451
Train3Val_ProteinGym,cls,dna_prot,nt_v3_650m,esm1b_650m,PyTorch_Gating,0.784,0.798,0.7054,0.85,0.7488,0.5638,0.8708,0.837
Train3Val_ProteinGym,mean,bio_dna_prot,nt_v2_500m,esm1b_650m,Hybrid_Concat_XGBoost,0.7595,0.6717,0.9256,0.62,0.7785,0.5626,0.8883,0.8443
Train3Val_ProteinGym,cls,dna_prot,nt_v2_500m,esm1b_650m,Hybrid_CrossAttn_XGBoost,0.7826,0.7619,0.7619,0.8,0.7619,0.5619,0.8578,0.8317
Train3Val_ProteinGym,cls,dna_prot,nt_v2_500m,esm1b_650m,Hybrid_Transformer_XGBoost,0.7826,0.7635,0.7589,0.8025,0.7612,0.5617,0.8573,0.8345
Train3Val_ProteinGym,center,dna_prot,nt_v3_650m,esm2_650m,Hybrid_Gating_XGBoost,0.7826,0.7643,0.7574,0.8038,0.7608,0.5616,0.855,0.8396
Train3Val_ProteinGym,center,bio_geom,nt_v1_500m,esmc_600m,Pure_XGBoost_Concat,0.7582,0.6699,0.9271,0.6162,0.7778,0.5611,0.8999,0.8833
Train3Val_ProteinGym,center,dna_prot,nt_v3_650m,esm2_650m,Hybrid_Transformer_XGBoost,0.7826,0.7724,0.7426,0.8162,0.7572,0.5609,0.8502,0.8382
Train3Val_ProteinGym,center,dna_prot,nt_v3_650m,esm2_650m,Hybrid_CrossAttn_XGBoost,0.7826,0.7767,0.7351,0.8225,0.7554,0.5607,0.8504,0.843
Train3Val_ProteinGym,mean,bio_dna_prot,nt_v2_500m,esm1b_650m,PyTorch_Gating,0.7568,0.6677,0.9301,0.6112,0.7774,0.5603,0.8872,0.8572
Train3Val_ProteinGym,mean,bio_dna_prot,nt_v2_500m,esm1b_650m,Pure_XGBoost_Concat,0.7534,0.6618,0.9405,0.5962,0.7769,0.5601,0.9014,0.8803
Train3Val_ProteinGym,cls,bio_dna_prot,nt_v2_500m,esm1b_650m,Pure_XGBoost_Concat,0.7548,0.6642,0.936,0.6025,0.777,0.56,0.9,0.8834
Train3Val_ProteinGym,center,bio_dna_geom_prot,nt_v1_500m,esmc_600m,Pure_XGBoost_Concat,0.7582,0.6706,0.9241,0.6188,0.7772,0.5598,0.9059,0.8911
Train3Val_ProteinGym,cls,dna_prot,nt_v1_500m,esm1b_650m,Pure_XGBoost_Concat,0.7799,0.743,0.7917,0.77,0.7666,0.5597,0.8577,0.8228
Train3Val_ProteinGym,cls,prot,,esm1b_650m,Pure_XGBoost_Concat,0.7799,0.743,0.7917,0.77,0.7666,0.5597,0.8616,0.8278
Train3Val_ProteinGym,cls,prot,None,esm1b_650m,Pure_XGBoost_Concat,0.7799,0.743,0.7917,0.77,0.7666,0.5597,0.8616,0.8278
Train3Val_ProteinGym,center,dna_prot,nt_v3_650m,esm2_650m,Hybrid_Concat_XGBoost,0.7819,0.7764,0.7336,0.8225,0.7544,0.5593,0.854,0.8457
Train3Val_ProteinGym,cls,dna_prot,nt_v3_650m,esm1b_650m,PyTorch_CrossAttn,0.7812,0.8028,0.6905,0.8575,0.7424,0.5589,0.8646,0.8123
Train3Val_ProteinGym,center,bio_dna_prot,nt_v1_500m,esmc_600m,Pure_XGBoost_Concat,0.7575,0.6699,0.9241,0.6175,0.7767,0.5587,0.9055,0.8871
Train3Val_ProteinGym,center,dna_prot,nt_v1_500m,esm2_650m,PyTorch_Concat,0.7812,0.7917,0.7068,0.8438,0.7469,0.5581,0.8526,0.8406
Train3Val_ProteinGym,mean,dna_prot,nt_v1_500m,esm1b_650m,Hybrid_Gating_XGBoost,0.7799,0.7507,0.7753,0.7837,0.7628,0.5578,0.8577,0.833
Train3Val_ProteinGym,center,dna_prot,nt_v2_500m,esm2_650m,Hybrid_Concat_XGBoost,0.7806,0.764,0.7515,0.805,0.7577,0.5573,0.8417,0.8331
Train3Val_ProteinGym,cls,bio_dna_prot,nt_v2_500m,esm1b_650m,PyTorch_Gating,0.7615,0.6793,0.9048,0.6412,0.776,0.5571,0.8715,0.8319
Train3Val_ProteinGym,center,dna_prot,nt_v1_500m,esm2_650m,Pure_XGBoost_Concat,0.7806,0.7757,0.7307,0.8225,0.7525,0.5565,0.8556,0.8329
Train3Val_ProteinGym,mean,dna_prot,nt_v3_650m,esmc_600m,PyTorch_Transformer,0.7799,0.8031,0.686,0.8588,0.74,0.5563,0.8532,0.8368
Train3Val_ProteinGym,mean,dna_geom_prot,nt_v2_500m,esm1b_650m,PyTorch_Gating,0.7799,0.8031,0.686,0.8588,0.74,0.5563,0.8681,0.8345
Train3Val_ProteinGym,center,dna_prot,nt_v1_500m,esm2_650m,Hybrid_CrossAttn_XGBoost,0.7792,0.7673,0.7411,0.8112,0.754,0.5541,0.8422,0.8335
Train3Val_ProteinGym,mean,bio_geom,nt_v2_500m,esm1b_650m,Pure_XGBoost_Concat,0.7514,0.6614,0.933,0.5988,0.7741,0.5532,0.9041,0.8919
Train3Val_ProteinGym,cls,dna_prot,nt_v1_500m,esm1b_650m,PyTorch_Concat,0.7779,0.8053,0.6771,0.8625,0.7357,0.5527,0.8533,0.833
Train3Val_ProteinGym,cls,dna_prot,nt_v2_500m,esm1b_650m,PyTorch_Concat,0.7785,0.779,0.7188,0.8288,0.7477,0.5523,0.8576,0.8315
Train3Val_ProteinGym,cls,dna_prot,nt_v2_500m,esm1b_650m,Hybrid_Concat_XGBoost,0.7772,0.7507,0.7664,0.7862,0.7585,0.5518,0.859,0.8321
Train3Val_ProteinGym,mean,bio_geom,nt_v2_500m,esm1b_650m,PyTorch_Concat,0.7622,0.6851,0.8869,0.6575,0.773,0.5516,0.8846,0.8721
Train3Val_ProteinGym,mean,dna_prot,nt_v2_500m,esmc_600m,Pure_XGBoost_Concat,0.7779,0.7666,0.7381,0.8112,0.7521,0.5513,0.8504,0.8421
Train3Val_ProteinGym,center,dna_prot,nt_v3_650m,esm2_650m,Pure_XGBoost_Concat,0.7779,0.7691,0.7336,0.815,0.751,0.5512,0.8564,0.8293
Train3Val_ProteinGym,center,dna_prot,nt_v2_500m,esm2_650m,Hybrid_Transformer_XGBoost,0.7779,0.7708,0.7307,0.8175,0.7502,0.5511,0.8461,0.8356
Train3Val_ProteinGym,cls,bio_dna_prot,nt_v2_500m,esm1b_650m,Hybrid_Gating_XGBoost,0.7514,0.6624,0.9286,0.6025,0.7732,0.5511,0.889,0.8623
Train3Val_ProteinGym,center,dna_prot,nt_v2_500m,esm2_650m,PyTorch_Transformer,0.7765,0.7709,0.7262,0.8188,0.7479,0.5483,0.8482,0.8318
Train3Val_ProteinGym,cls,dna_prot,nt_v2_500m,esm1b_650m,PyTorch_CrossAttn,0.7765,0.7735,0.7217,0.8225,0.7467,0.5482,0.8449,0.8023
Train3Val_ProteinGym,center,bio_dna_prot,nt_v1_500m,esmc_600m,PyTorch_Transformer,0.7514,0.6642,0.9211,0.6088,0.7718,0.5477,0.8967,0.8821
Train3Val_ProteinGym,center,dna_prot,nt_v3_650m,esm2_650m,PyTorch_CrossAttn,0.7724,0.8272,0.6339,0.8888,0.7178,0.5459,0.8364,0.8316
Train3Val_ProteinGym,mean,dna_prot,nt_v2_500m,esmc_600m,Hybrid_Transformer_XGBoost,0.7751,0.7627,0.7366,0.8075,0.7494,0.5459,0.8339,0.8365
Train3Val_ProteinGym,center,dna_prot,nt_v1_500m,esm2_650m,Hybrid_Transformer_XGBoost,0.7751,0.7711,0.7217,0.82,0.7456,0.5455,0.8433,0.8333
Train3Val_ProteinGym,center,bio_dna_prot,nt_v1_500m,esmc_600m,PyTorch_Gating,0.7554,0.6737,0.9003,0.6338,0.7707,0.5454,0.8928,0.8812
Train3Val_ProteinGym,center,dna_prot,nt_v1_500m,esm2_650m,PyTorch_Gating,0.7745,0.7852,0.6964,0.84,0.7382,0.5443,0.8428,0.8354
Train3Val_ProteinGym,cls,dna_prot,nt_v2_500m,esm1b_650m,Hybrid_Gating_XGBoost,0.7738,0.7572,0.7426,0.8,0.7498,0.5435,0.8477,0.8327
Train3Val_ProteinGym,mean,dna_prot,nt_v3_650m,esmc_600m,PyTorch_CrossAttn,0.7717,0.8206,0.6399,0.8825,0.7191,0.5434,0.8366,0.8298
Train3Val_ProteinGym,center,dna_prot,nt_v1_500m,esm2_650m,PyTorch_CrossAttn,0.7738,0.783,0.6979,0.8375,0.738,0.5429,0.8404,0.8339
Train3Val_ProteinGym,cls,dna_geom_prot,nt_v2_500m,esm1b_650m,PyTorch_Transformer,0.7717,0.817,0.6443,0.8788,0.7205,0.5428,0.8497,0.8193
Train3Val_ProteinGym,center,dna_prot,nt_v2_500m,esm2_650m,PyTorch_Gating,0.7738,0.7703,0.7188,0.82,0.7436,0.5427,0.8492,0.8381
Train3Val_ProteinGym,cls,bio_dna_prot,nt_v2_500m,esm1b_650m,PyTorch_Concat,0.7507,0.6659,0.9107,0.6162,0.7693,0.542,0.8767,0.8433
Train3Val_ProteinGym,mean,dna_prot,nt_v2_500m,esmc_600m,Hybrid_Concat_XGBoost,0.7731,0.7576,0.7396,0.8012,0.7485,0.542,0.8451,0.838
Train3Val_ProteinGym,center,dna_prot,nt_v2_500m,esm2_650m,Pure_XGBoost_Concat,0.7724,0.7565,0.7396,0.8,0.7479,0.5407,0.8479,0.8264
Train3Val_ProteinGym,cls,prot,,esm1b_650m,PyTorch_Concat,0.7724,0.7705,0.7143,0.8212,0.7413,0.5399,0.8679,0.8395
Train3Val_ProteinGym,cls,prot,None,esm1b_650m,PyTorch_Concat,0.7724,0.7705,0.7143,0.8212,0.7413,0.5399,0.8679,0.8395
Train3Val_ProteinGym,cls,dna_geom_prot,nt_v2_500m,esm1b_650m,PyTorch_Concat,0.7711,0.7431,0.7619,0.7788,0.7524,0.5397,0.8387,0.8206
Train3Val_ProteinGym,cls,dna_geom_prot,nt_v2_500m,esm1b_650m,PyTorch_Gating,0.7629,0.6996,0.8423,0.6962,0.7643,0.5391,0.8554,0.8287
Train3Val_ProteinGym,center,dna_prot,nt_v1_500m,esm2_650m,Hybrid_Concat_XGBoost,0.7711,0.7605,0.7277,0.8075,0.7437,0.5375,0.8408,0.8325
Train3Val_ProteinGym,mean,dna_prot,nt_v3_650m,esmc_600m,Hybrid_Concat_XGBoost,0.7711,0.763,0.7232,0.8112,0.7426,0.5373,0.854,0.8429
Train3Val_ProteinGym,mean,dna_prot,nt_v2_500m,esmc_600m,PyTorch_Concat,0.7704,0.7961,0.6682,0.8562,0.7265,0.5373,0.8325,0.8316
Train3Val_ProteinGym,cls,dna_prot,nt_v1_500m,esm1b_650m,Hybrid_CrossAttn_XGBoost,0.7697,0.7481,0.747,0.7887,0.7476,0.5358,0.8493,0.8277
Train3Val_ProteinGym,mean,dna_prot,nt_v3_650m,esmc_600m,Pure_XGBoost_Concat,0.7697,0.7481,0.747,0.7887,0.7476,0.5358,0.8493,0.8445
Train3Val_ProteinGym,mean,dna_prot,nt_v2_500m,esmc_600m,PyTorch_Transformer,0.769,0.7975,0.6622,0.8588,0.7236,0.5349,0.8363,0.8314
Train3Val_ProteinGym,cls,bio_dna_geom_prot,nt_v2_500m,esm1b_650m,Hybrid_Gating_XGBoost,0.7575,0.6882,0.8571,0.6738,0.7634,0.5339,0.8566,0.8137
Train3Val_ProteinGym,mean,bio_dna_geom_prot,nt_v2_500m,esm1b_650m,PyTorch_Transformer,0.7622,0.7048,0.8244,0.71,0.7599,0.5336,0.8535,0.8353
Train3Val_ProteinGym,mean,dna_prot,nt_v3_650m,esm2_650m,PyTorch_CrossAttn,0.769,0.7795,0.689,0.8362,0.7314,0.5333,0.8414,0.8102
Train3Val_ProteinGym,mean,dna_prot,nt_v2_500m,esmc_600m,Hybrid_Gating_XGBoost,0.7677,0.7508,0.7351,0.795,0.7429,0.5311,0.8362,0.8335
Train3Val_ProteinGym,center,dna_prot,nt_v1_500m,esm2_650m,PyTorch_Transformer,0.767,0.7964,0.6577,0.8588,0.7205,0.5308,0.8423,0.8327
Train3Val_ProteinGym,mean,dna_prot,nt_v3_650m,esm2_650m,PyTorch_Concat,0.7677,0.7603,0.7173,0.81,0.7381,0.5304,0.8394,0.8077
Train3Val_ProteinGym,cls,dna_geom_prot,nt_v2_500m,esm1b_650m,Hybrid_Transformer_XGBoost,0.7622,0.7107,0.808,0.7238,0.7563,0.5302,0.8289,0.7992
Train3Val_ProteinGym,mean,dna_prot,nt_v3_650m,esm2_650m,PyTorch_Transformer,0.767,0.7871,0.6711,0.8475,0.7245,0.5298,0.8426,0.8121
Train3Val_ProteinGym,mean,dna_prot,nt_v2_500m,esmc_600m,Hybrid_CrossAttn_XGBoost,0.767,0.7558,0.7232,0.8038,0.7392,0.5292,0.8365,0.8375
Train3Val_ProteinGym,mean,dna_prot,nt_v2_500m,esmc_600m,PyTorch_Gating,0.7656,0.8022,0.6458,0.8662,0.7156,0.5291,0.8177,0.8254
Train3Val_ProteinGym,mean,dna_prot,nt_v1_500m,esmc_600m,PyTorch_CrossAttn,0.7649,0.8019,0.6443,0.8662,0.7145,0.5277,0.7971,0.8065
Train3Val_ProteinGym,cls,dna_prot,nt_v1_500m,esm1b_650m,Hybrid_Gating_XGBoost,0.7643,0.7325,0.7619,0.7662,0.7469,0.5268,0.8511,0.8307
Train3Val_ProteinGym,cls,dna_prot,nt_v3_650m,esmc_600m,PyTorch_Transformer,0.7649,0.7942,0.6548,0.8575,0.7178,0.5267,0.8061,0.8077
Train3Val_ProteinGym,mean,dna_prot,nt_v3_650m,esmc_600m,Hybrid_CrossAttn_XGBoost,0.7656,0.7512,0.7277,0.7975,0.7392,0.5267,0.837,0.8348
Train3Val_ProteinGym,mean,dna_prot,nt_v1_500m,esmc_600m,Pure_XGBoost_Concat,0.7656,0.7519,0.7262,0.7988,0.7388,0.5266,0.8458,0.8406
Train3Val_ProteinGym,mean,dna_prot,nt_v1_500m,esmc_600m,PyTorch_Concat,0.7636,0.8092,0.631,0.875,0.709,0.5263,0.8027,0.8131
Train3Val_ProteinGym,mean,dna_prot,nt_v1_500m,esmc_600m,Hybrid_Concat_XGBoost,0.7656,0.7599,0.7113,0.8112,0.7348,0.5262,0.8291,0.8242
Train3Val_ProteinGym,mean,dna_geom_prot,nt_v2_500m,esm1b_650m,Hybrid_CrossAttn_XGBoost,0.7527,0.6847,0.8497,0.6712,0.7583,0.5236,0.8372,0.7962
Train3Val_ProteinGym,mean,dna_prot,nt_v1_500m,esmc_600m,PyTorch_Gating,0.7622,0.8038,0.6339,0.87,0.7088,0.5229,0.8009,0.8141
Train3Val_ProteinGym,mean,bio_dna_geom_prot,nt_v2_500m,esm1b_650m,Hybrid_Gating_XGBoost,0.7582,0.7057,0.8065,0.7175,0.7528,0.5226,0.852,0.8227
Train3Val_ProteinGym,mean,dna_prot,nt_v2_500m,esm2_650m,PyTorch_Transformer,0.7636,0.7718,0.6845,0.83,0.7256,0.5221,0.8334,0.8029
Train3Val_ProteinGym,mean,dna_prot,nt_v3_650m,esm2_650m,PyTorch_Gating,0.7636,0.7647,0.6964,0.82,0.729,0.5219,0.8392,0.812
Train3Val_ProteinGym,mean,dna_prot,nt_v3_650m,esmc_600m,Hybrid_Transformer_XGBoost,0.7629,0.7466,0.7277,0.7925,0.737,0.5214,0.8357,0.8293
Train3Val_ProteinGym,center,dna_prot,nt_v2_500m,esm2_650m,Hybrid_Gating_XGBoost,0.7629,0.7543,0.7128,0.805,0.733,0.5208,0.8303,0.8211
Train3Val_ProteinGym,cls,dna_prot,nt_v3_650m,esmc_600m,PyTorch_Gating,0.7629,0.7714,0.683,0.83,0.7245,0.5207,0.8055,0.8045
Train3Val_ProteinGym,mean,dna_prot,nt_v2_500m,esm2_650m,PyTorch_Gating,0.7629,0.7584,0.7054,0.8112,0.7309,0.5206,0.835,0.8062
Train3Val_ProteinGym,cls,dna_prot,nt_v3_650m,esmc_600m,PyTorch_Concat,0.7615,0.7934,0.6458,0.8588,0.7121,0.5201,0.7975,0.8004
Train3Val_ProteinGym,mean,dna_prot,nt_v3_650m,esmc_600m,PyTorch_Concat,0.7615,0.7851,0.6577,0.8488,0.7158,0.5191,0.8328,0.8272
Train3Val_ProteinGym,mean,dna_prot,nt_v1_500m,esmc_600m,PyTorch_Transformer,0.7554,0.8333,0.5804,0.9025,0.6842,0.5165,0.792,0.8092
Train3Val_ProteinGym,cls,dna_prot,nt_v3_650m,esmc_600m,PyTorch_CrossAttn,0.7582,0.8062,0.619,0.875,0.7003,0.5158,0.8021,0.8017
Train3Val_ProteinGym,cls,bio_dna_geom_prot,nt_v2_500m,esm1b_650m,Hybrid_Concat_XGBoost,0.7337,0.648,0.9122,0.5838,0.7577,0.5155,0.8705,0.8499
Train3Val_ProteinGym,mean,dna_prot,nt_v2_500m,esmc_600m,PyTorch_CrossAttn,0.7568,0.8153,0.6042,0.885,0.694,0.515,0.8046,0.8175
Train3Val_ProteinGym,mean,dna_prot,nt_v3_650m,esmc_600m,PyTorch_Gating,0.7595,0.7668,0.6801,0.8262,0.7208,0.5138,0.83,0.8271
Train3Val_ProteinGym,mean,dna_prot,nt_v1_500m,esmc_600m,Hybrid_Transformer_XGBoost,0.7595,0.7548,0.7009,0.8088,0.7269,0.5137,0.819,0.8258
Train3Val_ProteinGym,mean,dna_prot,nt_v1_500m,esm2_650m,PyTorch_Gating,0.7588,0.7682,0.6756,0.8288,0.7189,0.5125,0.8223,0.7954
Train3Val_ProteinGym,mean,dna_prot,nt_v3_650m,esm2_650m,Hybrid_Gating_XGBoost,0.7588,0.7577,0.6935,0.8138,0.7242,0.5123,0.8205,0.7856
Train3Val_ProteinGym,mean,dna_prot,nt_v2_500m,esm2_650m,PyTorch_Concat,0.7588,0.7569,0.6949,0.8125,0.7246,0.5123,0.8308,0.806
Train3Val_ProteinGym,mean,dna_prot,nt_v3_650m,esmc_600m,Hybrid_Gating_XGBoost,0.7582,0.7461,0.7128,0.7962,0.7291,0.5113,0.826,0.8257
Train3Val_ProteinGym,mean,dna_prot,nt_v1_500m,esmc_600m,Hybrid_Gating_XGBoost,0.7582,0.7516,0.7024,0.805,0.7262,0.511,0.8101,0.8194
Train3Val_ProteinGym,mean,dna_prot,nt_v1_500m,esm2_650m,PyTorch_CrossAttn,0.7568,0.735,0.7307,0.7788,0.7328,0.5097,0.8284,0.7974
Train3Val_ProteinGym,mean,dna_prot,nt_v2_500m,esm2_650m,PyTorch_CrossAttn,0.7554,0.7943,0.6265,0.8638,0.7005,0.5087,0.8306,0.802
Train3Val_ProteinGym,mean,dna_prot,nt_v1_500m,esm2_650m,PyTorch_Concat,0.7548,0.7545,0.686,0.8125,0.7186,0.5039,0.8247,0.7994
Train3Val_ProteinGym,mean,dna_prot,nt_v2_500m,esm2_650m,Hybrid_Gating_XGBoost,0.7541,0.7437,0.7039,0.7962,0.7232,0.5029,0.8197,0.7865
Train3Val_ProteinGym,center,dna_prot,nt_v1_500m,esm2_650m,Hybrid_Gating_XGBoost,0.7541,0.7476,0.6964,0.8025,0.7211,0.5027,0.8296,0.8209
Train3Val_ProteinGym,mean,dna_prot,nt_v1_500m,esm2_650m,PyTorch_Transformer,0.7527,0.775,0.6458,0.8425,0.7045,0.501,0.8181,0.7889
Train3Val_ProteinGym,cls,dna_prot,nt_v3_650m,esmc_600m,Hybrid_CrossAttn_XGBoost,0.7527,0.7452,0.6964,0.8,0.72,0.5,0.81,0.8027
Train3Val_ProteinGym,mean,dna_prot,nt_v3_650m,esm2_650m,Hybrid_CrossAttn_XGBoost,0.7527,0.7533,0.6815,0.8125,0.7156,0.4998,0.8158,0.7881
Train3Val_ProteinGym,cls,dna_prot,nt_v1_500m,esmc_600m,PyTorch_Concat,0.7486,0.812,0.5848,0.8862,0.6799,0.4995,0.7718,0.784
Train3Val_ProteinGym,mean,dna_prot,nt_v3_650m,esm2_650m,Hybrid_Concat_XGBoost,0.7514,0.7347,0.7128,0.7837,0.7236,0.4979,0.8278,0.7946
Train3Val_ProteinGym,mean,dna_prot,nt_v3_650m,esm2_650m,Hybrid_Transformer_XGBoost,0.7514,0.7468,0.689,0.8038,0.7167,0.4971,0.8149,0.7804
Train3Val_ProteinGym,cls,dna_prot,nt_v1_500m,esmc_600m,Pure_XGBoost_Concat,0.75,0.7324,0.7128,0.7812,0.7225,0.4953,0.8255,0.8186
Train3Val_ProteinGym,cls,dna_prot,nt_v3_650m,esmc_600m,Hybrid_Concat_XGBoost,0.75,0.7331,0.7113,0.7825,0.7221,0.4952,0.8153,0.8143
Train3Val_ProteinGym,mean,dna_prot,nt_v1_500m,esmc_600m,Hybrid_CrossAttn_XGBoost,0.75,0.739,0.6994,0.7925,0.7187,0.4946,0.8259,0.8233
Train3Val_ProteinGym,cls,dna_prot,nt_v1_500m,esmc_600m,PyTorch_Gating,0.7466,0.8057,0.5863,0.8812,0.6787,0.4945,0.7783,0.7872
Train3Val_ProteinGym,cls,dna_prot,nt_v1_500m,esmc_600m,PyTorch_Transformer,0.7473,0.7941,0.6027,0.8688,0.6853,0.4935,0.7847,0.7875
Train3Val_ProteinGym,cls,dna_prot,nt_v3_650m,esm2_650m,PyTorch_CrossAttn,0.7486,0.7706,0.6399,0.84,0.6992,0.4927,0.8035,0.7892
Train3Val_ProteinGym,mean,bio_dna_geom_prot,nt_v2_500m,esm1b_650m,Hybrid_Concat_XGBoost,0.712,0.623,0.9345,0.525,0.7476,0.4927,0.8753,0.8388
Train3Val_ProteinGym,mean,dna_prot,nt_v2_500m,esm2_650m,Hybrid_Transformer_XGBoost,0.7486,0.7382,0.6964,0.7925,0.7167,0.4918,0.8203,0.783
Train3Val_ProteinGym,cls,dna_prot,nt_v3_650m,esm2_650m,PyTorch_Gating,0.748,0.7608,0.6533,0.8275,0.703,0.4905,0.8115,0.7895
Train3Val_ProteinGym,cls,dna_prot,nt_v2_500m,esmc_600m,Pure_XGBoost_Concat,0.7466,0.7221,0.7232,0.7662,0.7227,0.4894,0.83,0.8212
Train3Val_ProteinGym,cls,dna_prot,nt_v3_650m,esmc_600m,Pure_XGBoost_Concat,0.7452,0.722,0.7188,0.7675,0.7204,0.4864,0.8297,0.82
Train3Val_ProteinGym,mean,dna_prot,nt_v2_500m,esm2_650m,Pure_XGBoost_Concat,0.7446,0.7189,0.7232,0.7625,0.7211,0.4855,0.8196,0.788
Train3Val_ProteinGym,cls,dna_prot,nt_v2_500m,esmc_600m,PyTorch_Concat,0.7425,0.7924,0.5908,0.87,0.6769,0.4844,0.781,0.7876
Train3Val_ProteinGym,cls,dna_prot,nt_v1_500m,esmc_600m,PyTorch_CrossAttn,0.7425,0.789,0.5952,0.8662,0.6785,0.4838,0.774,0.7829
Train3Val_ProteinGym,mean,dna_prot,nt_v1_500m,esm2_650m,Pure_XGBoost_Concat,0.7439,0.7198,0.7188,0.765,0.7193,0.4838,0.8183,0.7871
Train3Val_ProteinGym,cls,dna_prot,nt_v2_500m,esmc_600m,PyTorch_Transformer,0.7385,0.8182,0.5491,0.8975,0.6572,0.4826,0.7844,0.7904
Train3Val_ProteinGym,mean,dna_prot,nt_v2_500m,esm2_650m,Hybrid_CrossAttn_XGBoost,0.7432,0.7297,0.6949,0.7837,0.7119,0.481,0.8063,0.7788
Train3Val_ProteinGym,cls,dna_prot,nt_v2_500m,esmc_600m,PyTorch_Gating,0.7398,0.7992,0.5744,0.8788,0.6684,0.4807,0.7816,0.7872
Train3Val_ProteinGym,mean,dna_prot,nt_v3_650m,esm2_650m,Pure_XGBoost_Concat,0.7425,0.721,0.7113,0.7688,0.7161,0.4806,0.8249,0.7965
Train3Val_ProteinGym,cls,dna_prot,nt_v3_650m,esm2_650m,PyTorch_Concat,0.7425,0.7593,0.6384,0.83,0.6936,0.4797,0.8063,0.787
Train3Val_ProteinGym,cls,dna_prot,nt_v3_650m,esmc_600m,Hybrid_Gating_XGBoost,0.7425,0.7329,0.686,0.79,0.7087,0.4793,0.7959,0.7947
Train3Val_ProteinGym,cls,dna_prot,nt_v2_500m,esmc_600m,Hybrid_Concat_XGBoost,0.7418,0.7332,0.683,0.7912,0.7072,0.4779,0.8021,0.8091
Train3Val_ProteinGym,cls,dna_prot,nt_v3_650m,esm2_650m,PyTorch_Transformer,0.7412,0.7584,0.6354,0.83,0.6915,0.477,0.8112,0.7905
Train3Val_ProteinGym,cls,dna_prot,nt_v2_500m,esmc_600m,PyTorch_CrossAttn,0.7364,0.81,0.5521,0.8912,0.6566,0.477,0.7643,0.7756
Train3Val_ProteinGym,cls,dna_prot,nt_v1_500m,esm2_650m,PyTorch_Concat,0.7412,0.753,0.6443,0.8225,0.6945,0.4766,0.7997,0.7814
Train3Val_ProteinGym,mean,dna_prot,nt_v2_500m,esm2_650m,Hybrid_Concat_XGBoost,0.7412,0.7343,0.6786,0.7938,0.7053,0.4764,0.8154,0.7836
Train3Val_ProteinGym,cls,dna_prot,nt_v3_650m,esmc_600m,Hybrid_Transformer_XGBoost,0.7398,0.7319,0.6786,0.7912,0.7042,0.4737,0.7987,0.8014
Train3Val_ProteinGym,mean,bio_dna_geom_prot,nt_v2_500m,esm1b_650m,Hybrid_CrossAttn_XGBoost,0.7276,0.8501,0.4896,0.9275,0.6213,0.4719,0.8447,0.8224
Train3Val_ProteinGym,cls,dna_prot,nt_v2_500m,esmc_600m,Hybrid_Gating_XGBoost,0.7385,0.7412,0.6562,0.8075,0.6961,0.4707,0.7885,0.7951
Train3Val_ProteinGym,cls,dna_prot,nt_v1_500m,esmc_600m,Hybrid_Concat_XGBoost,0.7371,0.7202,0.6935,0.7738,0.7066,0.4689,0.8036,0.8013
Train3Val_ProteinGym,cls,dna_prot,nt_v1_500m,esmc_600m,Hybrid_Transformer_XGBoost,0.7371,0.7302,0.6726,0.7912,0.7002,0.4681,0.7941,0.801
Train3Val_ProteinGym,cls,dna_prot,nt_v2_500m,esmc_600m,Hybrid_CrossAttn_XGBoost,0.7364,0.7254,0.6801,0.7837,0.702,0.4669,0.7939,0.7981
Train3Val_ProteinGym,mean,dna_prot,nt_v1_500m,esm2_650m,Hybrid_Concat_XGBoost,0.7357,0.725,0.6786,0.7837,0.701,0.4655,0.8145,0.7786
Train3Val_ProteinGym,cls,dna_prot,nt_v1_500m,esmc_600m,Hybrid_CrossAttn_XGBoost,0.7357,0.7301,0.6682,0.7925,0.6977,0.4652,0.793,0.7985
Train3Val_ProteinGym,cls,dna_prot,nt_v1_500m,esm2_650m,PyTorch_Transformer,0.7303,0.8009,0.5446,0.8862,0.6484,0.4639,0.7867,0.7708
Train3Val_ProteinGym,mean,dna_prot,nt_v1_500m,esm2_650m,Hybrid_Gating_XGBoost,0.7351,0.735,0.6562,0.8012,0.6934,0.4638,0.7946,0.7708
Train3Val_ProteinGym,cls,dna_prot,nt_v3_650m,esm2_650m,Pure_XGBoost_Concat,0.7337,0.7102,0.7039,0.7588,0.707,0.463,0.7967,0.7718
Train3Val_ProteinGym,cls,dna_prot,nt_v1_500m,esm2_650m,PyTorch_Gating,0.7337,0.75,0.625,0.825,0.6818,0.4617,0.7879,0.7726
Train3Val_ProteinGym,cls,dna_prot,nt_v1_500m,esmc_600m,Hybrid_Gating_XGBoost,0.7337,0.731,0.6592,0.7962,0.6933,0.461,0.8014,0.7977
Train3Val_ProteinGym,mean,dna_prot,nt_v1_500m,esm2_650m,Hybrid_Transformer_XGBoost,0.733,0.7232,0.6726,0.7837,0.697,0.4599,0.8001,0.7768
Train3Val_ProteinGym,cls,dna_prot,nt_v2_500m,esmc_600m,Hybrid_Transformer_XGBoost,0.733,0.7345,0.6503,0.8025,0.6898,0.4596,0.7887,0.7924
Train3Val_ProteinGym,cls,dna_prot,nt_v1_500m,esm2_650m,PyTorch_CrossAttn,0.7323,0.75,0.6205,0.8262,0.6792,0.459,0.784,0.7709
Train3Val_ProteinGym,mean,dna_prot,nt_v1_500m,esm2_650m,Hybrid_CrossAttn_XGBoost,0.7303,0.72,0.6696,0.7812,0.6939,0.4544,0.7998,0.7691
Train3Val_ProteinGym,cls,dna_prot,nt_v1_500m,esm2_650m,Pure_XGBoost_Concat,0.7249,0.6984,0.6994,0.7462,0.6989,0.4456,0.7958,0.7753
Train3Val_ProteinGym,cls,dna_prot,nt_v2_500m,esm2_650m,PyTorch_Concat,0.7249,0.738,0.6161,0.8162,0.6715,0.4434,0.781,0.768
Train3Val_ProteinGym,cls,dna_prot,nt_v2_500m,esm2_650m,Pure_XGBoost_Concat,0.7208,0.6962,0.689,0.7475,0.6926,0.4369,0.7977,0.775
Train3Val_ProteinGym,cls,dna_prot,nt_v2_500m,esm2_650m,PyTorch_CrossAttn,0.7201,0.739,0.5982,0.8225,0.6612,0.4342,0.7737,0.7513
Train3Val_ProteinGym,cls,dna_prot,nt_v3_650m,esm2_650m,Hybrid_CrossAttn_XGBoost,0.7201,0.7131,0.6473,0.7812,0.6786,0.4333,0.7808,0.7536
Train3Val_ProteinGym,cls,dna_prot,nt_v2_500m,esm2_650m,PyTorch_Transformer,0.7194,0.7325,0.6071,0.8138,0.664,0.4323,0.7735,0.7591
Train3Val_ProteinGym,cls,dna_prot,nt_v3_650m,esm2_650m,Hybrid_Concat_XGBoost,0.7181,0.7089,0.6488,0.7762,0.6775,0.4293,0.7887,0.758
Train3Val_ProteinGym,cls,dna_prot,nt_v2_500m,esm2_650m,Hybrid_Concat_XGBoost,0.7174,0.7032,0.6592,0.7662,0.6805,0.4283,0.7796,0.7586
Train3Val_ProteinGym,cls,dna_prot,nt_v1_500m,esm2_650m,Hybrid_Concat_XGBoost,0.716,0.6954,0.6726,0.7525,0.6838,0.4264,0.7761,0.7483
Train3Val_ProteinGym,cls,dna_prot,nt_v2_500m,esm2_650m,PyTorch_Gating,0.716,0.696,0.6711,0.7538,0.6833,0.4263,0.78,0.7603
Train3Val_ProteinGym,cls,dna_prot,nt_v1_500m,esm2_650m,Hybrid_Transformer_XGBoost,0.7154,0.7057,0.6458,0.7738,0.6744,0.4238,0.7761,0.7425
Train3Val_ProteinGym,cls,dna_prot,nt_v1_500m,esm2_650m,Hybrid_Gating_XGBoost,0.7147,0.7026,0.6503,0.7688,0.6754,0.4226,0.7761,0.7491
Train3Val_ProteinGym,cls,dna_geom_prot,nt_v2_500m,esm1b_650m,Hybrid_Concat_XGBoost,0.7113,0.7656,0.5298,0.8638,0.6262,0.4216,0.7791,0.7293
Train3Val_ProteinGym,cls,dna_prot,nt_v3_650m,esm2_650m,Hybrid_Transformer_XGBoost,0.714,0.7047,0.6429,0.7738,0.6724,0.4209,0.7786,0.7578
Train3Val_ProteinGym,cls,dna_prot,nt_v2_500m,esm2_650m,Hybrid_CrossAttn_XGBoost,0.7126,0.7005,0.6473,0.7675,0.6729,0.4184,0.7687,0.745
Train3Val_ProteinGym,mean,dna_geom_prot,nt_v2_500m,esm1b_650m,Hybrid_Gating_XGBoost,0.699,0.6349,0.8021,0.6125,0.7087,0.418,0.7859,0.7381
Train3Val_ProteinGym,cls,dna_prot,nt_v3_650m,esm2_650m,Hybrid_Gating_XGBoost,0.7065,0.6974,0.631,0.77,0.6625,0.4056,0.7739,0.7451
Train3Val_ProteinGym,cls,dna_prot,nt_v2_500m,esm2_650m,Hybrid_Transformer_XGBoost,0.7052,0.6964,0.628,0.77,0.6604,0.4028,0.7614,0.736
Train3Val_ProteinGym,cls,dna_prot,nt_v1_500m,esm2_650m,Hybrid_CrossAttn_XGBoost,0.7011,0.6871,0.6339,0.7575,0.6594,0.3949,0.7579,0.7391
Train3Val_ProteinGym,cls,bio_geom,nt_v2_500m,esm1b_650m,Hybrid_Concat_XGBoost,0.6467,0.5687,0.936,0.4038,0.7075,0.3915,0.8456,0.8256
Train3Val_ProteinGym,cls,dna_prot,nt_v2_500m,esm2_650m,Hybrid_Gating_XGBoost,0.6868,0.6688,0.622,0.7412,0.6446,0.3661,0.7592,0.7329
Train3Val_ProteinGym,mean,bio_geom,nt_v2_500m,esm1b_650m,Hybrid_Concat_XGBoost,0.6698,0.7768,0.3884,0.9062,0.5179,0.3497,0.7641,0.73
Train3Val_ProteinGym,mean,dna_geom_prot,nt_v2_500m,esm1b_650m,Hybrid_Transformer_XGBoost,0.6019,0.5385,0.8943,0.3562,0.6723,0.2915,0.7821,0.7327
Train3Val_ProteinGym,mean,dna,nt_v2_500m,,PyTorch_Concat,0.5591,0.5128,0.683,0.455,0.5858,0.1408,0.5933,0.5361
Train3Val_ProteinGym,mean,dna,nt_v2_500m,None,PyTorch_Concat,0.5591,0.5128,0.683,0.455,0.5858,0.1408,0.5933,0.5361
Train3Val_ProteinGym,cls,dna_geom_prot,nt_v2_500m,esm1b_650m,Hybrid_Gating_XGBoost,0.5605,0.5387,0.2589,0.8138,0.3497,0.0875,0.7078,0.6282
Train3Val_ProteinGym,cls,dna,nt_v2_500m,,Pure_XGBoost_Concat,0.5455,0.5024,0.4732,0.6062,0.4874,0.08,0.5365,0.489
Train3Val_ProteinGym,cls,dna,nt_v2_500m,None,Pure_XGBoost_Concat,0.5455,0.5024,0.4732,0.6062,0.4874,0.08,0.5365,0.489
Train3Val_ProteinGym,mean,dna,nt_v2_500m,,Hybrid_Concat_XGBoost,0.5353,0.4921,0.5565,0.5175,0.5223,0.0738,0.5352,0.4857
Train3Val_ProteinGym,mean,dna,nt_v2_500m,None,Hybrid_Concat_XGBoost,0.5353,0.4921,0.5565,0.5175,0.5223,0.0738,0.5352,0.4857
Train3Val_ProteinGym,mean,dna,nt_v2_500m,,Pure_XGBoost_Concat,0.5333,0.4895,0.5179,0.5462,0.5033,0.0639,0.5483,0.497
Train3Val_ProteinGym,mean,dna,nt_v2_500m,None,Pure_XGBoost_Concat,0.5333,0.4895,0.5179,0.5462,0.5033,0.0639,0.5483,0.497
Train3Val_ProteinGym,center,dna,nt_v1_500m,,PyTorch_Concat,0.5279,0.4855,0.5744,0.4888,0.5262,0.0631,0.5555,0.502
Train3Val_ProteinGym,center,dna,nt_v1_500m,None,PyTorch_Concat,0.5279,0.4855,0.5744,0.4888,0.5262,0.0631,0.5555,0.502
Train3Val_ProteinGym,cls,dna_geom_prot,nt_v2_500m,esm1b_650m,Hybrid_CrossAttn_XGBoost,0.4789,0.4644,0.9226,0.1062,0.6178,0.0495,0.7231,0.6924
Train3Val_ProteinGym,center,dna,nt_v1_500m,,Pure_XGBoost_Concat,0.5204,0.478,0.5506,0.495,0.5118,0.0455,0.5351,0.4739
Train3Val_ProteinGym,center,dna,nt_v1_500m,None,Pure_XGBoost_Concat,0.5204,0.478,0.5506,0.495,0.5118,0.0455,0.5351,0.4739
Train3Val_ProteinGym,cls,dna,nt_v2_500m,,PyTorch_Concat,0.534,0.4856,0.3512,0.6875,0.4076,0.041,0.5165,0.4709
Train3Val_ProteinGym,cls,dna,nt_v2_500m,None,PyTorch_Concat,0.534,0.4856,0.3512,0.6875,0.4076,0.041,0.5165,0.4709
Train3Val_ProteinGym,cls,dna,nt_v2_500m,,Hybrid_Concat_XGBoost,0.5183,0.4716,0.4568,0.57,0.4641,0.0269,0.5129,0.4731
Train3Val_ProteinGym,cls,dna,nt_v2_500m,None,Hybrid_Concat_XGBoost,0.5183,0.4716,0.4568,0.57,0.4641,0.0269,0.5129,0.4731
Train3Val_ProteinGym,center,dna,nt_v1_500m,,Hybrid_Concat_XGBoost,0.5109,0.4682,0.5253,0.4988,0.4951,0.024,0.5147,0.4649
Train3Val_ProteinGym,center,dna,nt_v1_500m,None,Hybrid_Concat_XGBoost,0.5109,0.4682,0.5253,0.4988,0.4951,0.024,0.5147,0.4649
Train3Val_ProteinGym,mean,dna_geom_prot,nt_v2_500m,esm1b_650m,Hybrid_Concat_XGBoost,0.4565,0.4565,0.9985,0.0012,0.6265,-0.0032,0.581,0.5159
Train3Val_Test,mean,bio_dna_geom_prot,nt_v2_500m,esm1b_650m,Pure_XGBoost_Concat,0.9173,0.8202,0.8914,0.927,0.8543,0.7981,0.9685,0.9318
Train3Val_Test,center,bio_dna_geom_prot,nt_v1_500m,esmc_600m,Pure_XGBoost_Concat,0.9168,0.8174,0.8938,0.9254,0.8539,0.7975,0.9704,0.9373
Train3Val_Test,center,bio_dna_prot,nt_v1_500m,esmc_600m,Pure_XGBoost_Concat,0.9167,0.8184,0.8914,0.9261,0.8533,0.7967,0.9693,0.9332
Train3Val_Test,center,bio_dna_prot,nt_v1_500m,esmc_600m,Hybrid_Gating_XGBoost,0.9155,0.8156,0.8908,0.9247,0.8515,0.7942,0.9658,0.93
Train3Val_Test,center,bio_geom,nt_v1_500m,esmc_600m,Pure_XGBoost_Concat,0.9148,0.8131,0.892,0.9234,0.8507,0.793,0.9691,0.9334
Train3Val_Test,center,bio_dna_prot,nt_v1_500m,esmc_600m,PyTorch_CrossAttn,0.917,0.8556,0.8359,0.9473,0.8456,0.789,0.9635,0.9229
Train3Val_Test,center,bio_dna_prot,nt_v1_500m,esmc_600m,PyTorch_Concat,0.9158,0.8447,0.8462,0.9419,0.8454,0.7876,0.9611,0.9185
Train3Val_Test,cls,bio_geom,nt_v2_500m,esm1b_650m,PyTorch_Concat,0.9175,0.8777,0.8094,0.9579,0.8422,0.7876,0.9616,0.9203
Train3Val_Test,center,bio_dna_prot,nt_v1_500m,esmc_600m,Hybrid_Transformer_XGBoost,0.9124,0.8098,0.886,0.9222,0.8462,0.7867,0.965,0.9248
Train3Val_Test,cls,bio_geom,nt_v2_500m,esm1b_650m,Pure_XGBoost_Concat,0.9124,0.8105,0.8848,0.9227,0.846,0.7864,0.9665,0.9244
Train3Val_Test,center,bio_dna_prot,nt_v1_500m,esmc_600m,PyTorch_Gating,0.9122,0.8156,0.8752,0.9261,0.8443,0.7843,0.9634,0.9248
Train3Val_Test,center,bio_dna_prot,nt_v1_500m,esmc_600m,Hybrid_Concat_XGBoost,0.9103,0.8014,0.8908,0.9175,0.8438,0.7832,0.9649,0.9261
Train3Val_Test,mean,bio_dna_prot,nt_v2_500m,esm1b_650m,PyTorch_Transformer,0.9155,0.8694,0.8112,0.9545,0.8393,0.783,0.9604,0.9144
Train3Val_Test,cls,bio_dna_geom_prot,nt_v2_500m,esm1b_650m,Pure_XGBoost_Concat,0.9099,0.8012,0.8896,0.9175,0.8431,0.7823,0.9672,0.9285
Train3Val_Test,mean,bio_dna_prot,nt_v2_500m,esm1b_650m,PyTorch_Concat,0.9121,0.8262,0.8571,0.9326,0.8413,0.7808,0.9599,0.9151
Train3Val_Test,center,bio_geom,nt_v1_500m,esmc_600m,PyTorch_Concat,0.9148,0.8856,0.7889,0.9619,0.8344,0.7797,0.9606,0.9214
Train3Val_Test,mean,bio_dna_prot,nt_v2_500m,esm1b_650m,PyTorch_CrossAttn,0.9121,0.8363,0.8414,0.9385,0.8388,0.7784,0.9585,0.9117
Train3Val_Test,center,bio_dna_prot,nt_v1_500m,esmc_600m,PyTorch_Transformer,0.908,0.796,0.8896,0.9148,0.8402,0.7782,0.9625,0.9229
Train3Val_Test,center,bio_dna_prot,nt_v1_500m,esmc_600m,Hybrid_CrossAttn_XGBoost,0.907,0.7916,0.8932,0.9121,0.8393,0.777,0.9637,0.9212
Train3Val_Test,mean,bio_dna_prot,nt_v2_500m,esm1b_650m,Pure_XGBoost_Concat,0.9062,0.7882,0.8957,0.9101,0.8385,0.7759,0.9653,0.9232
Train3Val_Test,mean,bio_geom,nt_v2_500m,esm1b_650m,Pure_XGBoost_Concat,0.9063,0.7905,0.892,0.9117,0.8382,0.7754,0.9656,0.9263
Train3Val_Test,mean,bio_dna_prot,nt_v2_500m,esm1b_650m,PyTorch_Gating,0.906,0.7966,0.8788,0.9162,0.8357,0.7719,0.9594,0.9125
Train3Val_Test,center,bio_dna_geom_prot,nt_v1_500m,esmc_600m,PyTorch_CrossAttn,0.9084,0.8205,0.8492,0.9306,0.8346,0.7716,0.9587,0.9118
Train3Val_Test,mean,bio_dna_prot,nt_v2_500m,esm1b_650m,Hybrid_Concat_XGBoost,0.9048,0.7904,0.8848,0.9123,0.8349,0.7708,0.9588,0.9118
Train3Val_Test,mean,bio_geom,nt_v2_500m,esm1b_650m,PyTorch_Concat,0.9096,0.8389,0.8263,0.9407,0.8326,0.7707,0.9566,0.9127
Train3Val_Test,mean,bio_dna_prot,nt_v2_500m,esm1b_650m,Hybrid_Gating_XGBoost,0.9039,0.7863,0.8878,0.9098,0.834,0.7695,0.9593,0.9154
Train3Val_Test,cls,bio_dna_prot,nt_v2_500m,esm1b_650m,Hybrid_Concat_XGBoost,0.9034,0.7881,0.8818,0.9114,0.8323,0.7671,0.9577,0.9078
Train3Val_Test,mean,bio_dna_prot,nt_v2_500m,esm1b_650m,Hybrid_Transformer_XGBoost,0.9034,0.7885,0.8812,0.9117,0.8322,0.767,0.9606,0.9163
Train3Val_Test,cls,bio_dna_prot,nt_v2_500m,esm1b_650m,Pure_XGBoost_Concat,0.9017,0.778,0.8938,0.9047,0.8319,0.7666,0.962,0.9129
Train3Val_Test,mean,bio_dna_prot,nt_v2_500m,esm1b_650m,Hybrid_CrossAttn_XGBoost,0.9017,0.7851,0.8794,0.9101,0.8296,0.7633,0.9594,0.9143
Train3Val_Test,center,bio_dna_geom_prot,nt_v1_500m,esmc_600m,Hybrid_Concat_XGBoost,0.9084,0.8788,0.7696,0.9603,0.8206,0.7625,0.9585,0.911
Train3Val_Test,cls,bio_dna_prot,nt_v2_500m,esm1b_650m,Hybrid_CrossAttn_XGBoost,0.9014,0.7861,0.8758,0.911,0.8285,0.7618,0.9566,0.9069
Train3Val_Test,cls,bio_dna_prot,nt_v2_500m,esm1b_650m,PyTorch_Transformer,0.905,0.8272,0.8227,0.9358,0.8249,0.7597,0.9511,0.8914
Train3Val_Test,cls,bio_dna_prot,nt_v2_500m,esm1b_650m,Hybrid_Transformer_XGBoost,0.8989,0.7789,0.8776,0.9069,0.8253,0.7572,0.9551,0.9054
Train3Val_Test,cls,bio_dna_prot,nt_v2_500m,esm1b_650m,Hybrid_Gating_XGBoost,0.8979,0.7785,0.8733,0.9071,0.8232,0.7543,0.9553,0.9038
Train3Val_Test,cls,bio_dna_prot,nt_v2_500m,esm1b_650m,PyTorch_CrossAttn,0.905,0.8633,0.7732,0.9542,0.8158,0.7541,0.951,0.8913
Train3Val_Test,center,bio_dna_geom_prot,nt_v1_500m,esmc_600m,Hybrid_CrossAttn_XGBoost,0.8999,0.7987,0.845,0.9204,0.8212,0.7524,0.9529,0.902
Train3Val_Test,cls,bio_dna_prot,nt_v2_500m,esm1b_650m,PyTorch_Concat,0.8984,0.7907,0.8522,0.9157,0.8203,0.7507,0.9518,0.8961
Train3Val_Test,cls,bio_dna_geom_prot,nt_v2_500m,esm1b_650m,PyTorch_CrossAttn,0.9025,0.8432,0.7883,0.9452,0.8148,0.7496,0.9516,0.8936
Train3Val_Test,cls,bio_dna_geom_prot,nt_v2_500m,esm1b_650m,PyTorch_Transformer,0.9029,0.8686,0.7575,0.9572,0.8093,0.7477,0.9525,0.8983
Train3Val_Test,center,bio_dna_geom_prot,nt_v1_500m,esmc_600m,Hybrid_Gating_XGBoost,0.9022,0.8793,0.7425,0.9619,0.8051,0.7452,0.9521,0.9066
Train3Val_Test,center,bio_dna_geom_prot,nt_v1_500m,esmc_600m,PyTorch_Gating,0.9007,0.8569,0.7624,0.9524,0.8069,0.7427,0.9504,0.8965
Train3Val_Test,cls,bio_dna_prot,nt_v2_500m,esm1b_650m,PyTorch_Gating,0.8958,0.7918,0.8372,0.9177,0.8138,0.7421,0.9501,0.8954
Train3Val_Test,mean,bio_dna_geom_prot,nt_v2_500m,esm1b_650m,PyTorch_CrossAttn,0.9009,0.8974,0.7177,0.9693,0.7976,0.7411,0.9538,0.9021
Train3Val_Test,cls,bio_dna_geom_prot,nt_v2_500m,esm1b_650m,PyTorch_Concat,0.8968,0.8094,0.8118,0.9286,0.8106,0.7397,0.9473,0.8876
Train3Val_Test,center,bio_dna_geom_prot,nt_v1_500m,esmc_600m,PyTorch_Transformer,0.8984,0.8828,0.7226,0.9642,0.7947,0.7346,0.9474,0.8947
Train3Val_Test,center,bio_dna_geom_prot,nt_v1_500m,esmc_600m,PyTorch_Concat,0.8961,0.8648,0.7328,0.9572,0.7933,0.729,0.9481,0.8924
Train3Val_Test,mean,bio_dna_geom_prot,nt_v2_500m,esm1b_650m,PyTorch_Gating,0.8899,0.7783,0.8323,0.9114,0.8044,0.7287,0.941,0.8824
Train3Val_Test,cls,bio_dna_geom_prot,nt_v2_500m,esm1b_650m,Hybrid_Transformer_XGBoost,0.8819,0.7588,0.8293,0.9015,0.7925,0.7115,0.9398,0.872
Train3Val_Test,cls,bio_dna_geom_prot,nt_v2_500m,esm1b_650m,PyTorch_Gating,0.8886,0.831,0.7413,0.9437,0.7836,0.711,0.9414,0.8697
Train3Val_Test,mean,bio_dna_geom_prot,nt_v2_500m,esm1b_650m,PyTorch_Concat,0.8876,0.8263,0.7431,0.9416,0.7825,0.7088,0.9383,0.8655
Train3Val_Test,center,dna_geom_prot,nt_v1_500m,esmc_600m,Pure_XGBoost_Concat,0.8814,0.7838,0.7786,0.9198,0.7812,0.6999,0.9191,0.8521
Train3Val_Test,mean,bio_dna_geom_prot,nt_v2_500m,esm1b_650m,PyTorch_Transformer,0.8791,0.7701,0.7919,0.9117,0.7809,0.6975,0.9272,0.8625
Train3Val_Test,cls,bio_dna_geom_prot,nt_v2_500m,esm1b_650m,Hybrid_Gating_XGBoost,0.876,0.7492,0.8179,0.8977,0.782,0.6969,0.9311,0.8483
Train3Val_Test,center,bio_dna_geom_prot,nt_v1_500m,esmc_600m,Hybrid_Transformer_XGBoost,0.8774,0.7834,0.7593,0.9216,0.7712,0.6877,0.9252,0.859
Train3Val_Test,cls,bio_dna_geom_prot,nt_v2_500m,esm1b_650m,Hybrid_CrossAttn_XGBoost,0.8815,0.8703,0.6634,0.963,0.7529,0.6876,0.9299,0.8627
Train3Val_Test,center,dna_prot,nt_v3_650m,esm1b_650m,PyTorch_Transformer,0.8755,0.7829,0.7503,0.9222,0.7662,0.6817,0.9096,0.8325
Train3Val_Test,center,dna_prot,nt_v2_500m,esmc_600m,PyTorch_Transformer,0.8756,0.7855,0.7467,0.9238,0.7656,0.6815,0.9045,0.842
Train3Val_Test,mean,bio_dna_geom_prot,nt_v2_500m,esm1b_650m,Hybrid_Transformer_XGBoost,0.8766,0.7992,0.7298,0.9315,0.7629,0.6811,0.9289,0.8543
Train3Val_Test,center,dna_prot,nt_v3_650m,esmc_600m,PyTorch_Transformer,0.8781,0.8284,0.696,0.9461,0.7565,0.6805,0.9087,0.845
Train3Val_Test,center,dna_prot,nt_v3_650m,esm1b_650m,PyTorch_CrossAttn,0.8733,0.7669,0.7678,0.9128,0.7673,0.6803,0.9165,0.8425
Train3Val_Test,center,dna_prot,nt_v3_650m,esm1b_650m,PyTorch_Gating,0.8743,0.7791,0.7509,0.9204,0.7647,0.6793,0.9133,0.8396
Train3Val_Test,center,dna_prot,nt_v3_650m,esm1b_650m,Hybrid_CrossAttn_XGBoost,0.8701,0.7489,0.7859,0.9015,0.7669,0.6773,0.916,0.8363
Train3Val_Test,center,dna_prot,nt_v2_500m,esm1b_650m,PyTorch_Transformer,0.8725,0.7704,0.7569,0.9157,0.7636,0.6764,0.911,0.8357
Train3Val_Test,center,dna_prot,nt_v3_650m,esmc_600m,PyTorch_CrossAttn,0.8763,0.8224,0.6954,0.9439,0.7536,0.676,0.8965,0.8309
Train3Val_Test,center,dna_prot,nt_v2_500m,esmc_600m,PyTorch_Gating,0.8725,0.7721,0.7539,0.9168,0.7629,0.6758,0.9064,0.8437
Train3Val_Test,center,dna_prot,nt_v3_650m,esmc_600m,PyTorch_Concat,0.8666,0.7315,0.8052,0.8896,0.7666,0.675,0.9146,0.8513
Train3Val_Test,center,dna_prot,nt_v2_500m,esm1b_650m,PyTorch_Concat,0.8696,0.7513,0.778,0.9038,0.7644,0.6745,0.9131,0.8379
Train3Val_Test,center,dna_prot,nt_v2_500m,esm1b_650m,PyTorch_CrossAttn,0.8691,0.7483,0.7817,0.9017,0.7646,0.6743,0.9155,0.8425
Train3Val_Test,center,dna_prot,nt_v2_500m,esm1b_650m,Hybrid_CrossAttn_XGBoost,0.8689,0.7473,0.7829,0.9011,0.7647,0.6742,0.9115,0.8296
Train3Val_Test,center,dna_prot,nt_v1_500m,esm1b_650m,PyTorch_CrossAttn,0.871,0.7642,0.7606,0.9123,0.7624,0.6739,0.908,0.8324
Train3Val_Test,center,dna_prot,nt_v3_650m,esm1b_650m,PyTorch_Concat,0.8705,0.7638,0.7587,0.9123,0.7613,0.6725,0.9115,0.8341
Train3Val_Test,center,dna_geom_prot,nt_v1_500m,esmc_600m,PyTorch_Concat,0.875,0.8209,0.6912,0.9437,0.7505,0.6723,0.8906,0.8278
Train3Val_Test,center,dna_prot,nt_v1_500m,esmc_600m,PyTorch_Concat,0.8735,0.7963,0.7189,0.9313,0.7556,0.6722,0.9006,0.8342
Train3Val_Test,center,dna_prot,nt_v2_500m,esmc_600m,PyTorch_CrossAttn,0.8686,0.751,0.7732,0.9042,0.762,0.6714,0.9087,0.8439
Train3Val_Test,center,dna_prot,nt_v1_500m,esm1b_650m,Hybrid_CrossAttn_XGBoost,0.8666,0.7413,0.7829,0.8979,0.7615,0.6695,0.91,0.834
Train3Val_Test,center,dna_prot,nt_v3_650m,esm1b_650m,Hybrid_Transformer_XGBoost,0.8673,0.7458,0.7768,0.9011,0.761,0.6694,0.911,0.8275
Train3Val_Test,center,dna_prot,nt_v1_500m,esmc_600m,PyTorch_Gating,0.8732,0.8071,0.7014,0.9373,0.7506,0.669,0.8925,0.8258
Train3Val_Test,center,dna_prot,nt_v2_500m,esm1b_650m,Hybrid_Transformer_XGBoost,0.8663,0.7404,0.7829,0.8975,0.7611,0.6688,0.9117,0.8355
Train3Val_Test,center,dna_prot,nt_v3_650m,esmc_600m,Hybrid_Concat_XGBoost,0.8655,0.737,0.7859,0.8952,0.7607,0.6679,0.9134,0.8436
Train3Val_Test,center,dna_prot,nt_v1_500m,esm1b_650m,PyTorch_Transformer,0.8702,0.7745,0.7376,0.9198,0.7556,0.6677,0.9066,0.827
Train3Val_Test,center,dna_prot,nt_v3_650m,esm1b_650m,Pure_XGBoost_Concat,0.865,0.7344,0.7889,0.8934,0.7607,0.6676,0.914,0.8356
Train3Val_Test,center,dna_geom_prot,nt_v1_500m,esmc_600m,PyTorch_CrossAttn,0.874,0.8392,0.6641,0.9524,0.7414,0.6675,0.8971,0.8319
Train3Val_Test,center,dna_prot,nt_v3_650m,esmc_600m,Pure_XGBoost_Concat,0.8669,0.7507,0.7648,0.9051,0.7577,0.666,0.9135,0.8393
Train3Val_Test,center,prot,,esmc_600m,Pure_XGBoost_Concat,0.8656,0.7426,0.7744,0.8997,0.7582,0.6655,0.9127,0.8386
Train3Val_Test,center,prot,None,esmc_600m,Pure_XGBoost_Concat,0.8656,0.7426,0.7744,0.8997,0.7582,0.6655,0.9127,0.8386
Train3Val_Test,center,dna_prot,nt_v1_500m,esm1b_650m,Pure_XGBoost_Concat,0.8638,0.7321,0.7877,0.8923,0.7589,0.665,0.9097,0.83
Train3Val_Test,center,dna_prot,nt_v3_650m,esm1b_650m,Hybrid_Gating_XGBoost,0.8633,0.7293,0.7913,0.8902,0.759,0.665,0.9102,0.8262
Train3Val_Test,center,dna_prot,nt_v2_500m,esm1b_650m,Pure_XGBoost_Concat,0.8638,0.7331,0.7853,0.8932,0.7583,0.6644,0.9113,0.8366
Train3Val_Test,center,prot,,esmc_600m,Hybrid_Concat_XGBoost,0.8646,0.7384,0.778,0.897,0.7577,0.6643,0.9128,0.841
Train3Val_Test,center,prot,None,esmc_600m,Hybrid_Concat_XGBoost,0.8646,0.7384,0.778,0.897,0.7577,0.6643,0.9128,0.841
Train3Val_Test,center,dna_prot,nt_v2_500m,esm1b_650m,PyTorch_Gating,0.8666,0.7525,0.7593,0.9067,0.7559,0.6642,0.9104,0.8339
Train3Val_Test,center,dna_prot,nt_v3_650m,esmc_600m,PyTorch_Gating,0.8724,0.825,0.6737,0.9466,0.7417,0.664,0.8938,0.8282
Train3Val_Test,center,dna_prot,nt_v1_500m,esmc_600m,PyTorch_CrossAttn,0.8728,0.8457,0.6514,0.9556,0.7359,0.6637,0.8926,0.8281
Train3Val_Test,center,prot,,esmc_600m,PyTorch_Concat,0.8727,0.8387,0.6586,0.9527,0.7378,0.6637,0.9016,0.8328
Train3Val_Test,center,prot,None,esmc_600m,PyTorch_Concat,0.8727,0.8387,0.6586,0.9527,0.7378,0.6637,0.9016,0.8328
Train3Val_Test,center,dna_prot,nt_v2_500m,esm1b_650m,Hybrid_Concat_XGBoost,0.8632,0.7307,0.7871,0.8916,0.7578,0.6636,0.9122,0.8332
Train3Val_Test,center,dna_prot,nt_v3_650m,esm1b_650m,Hybrid_Concat_XGBoost,0.8632,0.7309,0.7865,0.8918,0.7577,0.6634,0.9121,0.8313
Train3Val_Test,mean,dna_geom_prot,nt_v2_500m,esm1b_650m,Pure_XGBoost_Concat,0.8627,0.7284,0.7895,0.89,0.7577,0.6632,0.9121,0.8436
Train3Val_Test,center,dna_prot,nt_v2_500m,esmc_600m,Hybrid_Concat_XGBoost,0.8638,0.7363,0.778,0.8959,0.7566,0.6627,0.9091,0.8404
Train3Val_Test,center,dna_prot,nt_v1_500m,esmc_600m,Hybrid_Concat_XGBoost,0.8642,0.7388,0.7744,0.8977,0.7562,0.6625,0.9094,0.8394
Train3Val_Test,center,dna_prot,nt_v1_500m,esmc_600m,Pure_XGBoost_Concat,0.8658,0.7503,0.7593,0.9056,0.7548,0.6624,0.9095,0.8332
Train3Val_Test,center,dna_prot,nt_v1_500m,esm1b_650m,PyTorch_Gating,0.8637,0.7364,0.7768,0.8961,0.7561,0.662,0.905,0.8265
Train3Val_Test,center,dna_geom_prot,nt_v1_500m,esmc_600m,PyTorch_Transformer,0.8719,0.8455,0.6472,0.9558,0.7332,0.6609,0.8965,0.831
Train3Val_Test,center,dna_prot,nt_v2_500m,esmc_600m,Pure_XGBoost_Concat,0.8635,0.7412,0.7654,0.9002,0.7531,0.659,0.9099,0.8356
Train3Val_Test,center,dna_geom_prot,nt_v1_500m,esmc_600m,PyTorch_Gating,0.8709,0.8448,0.6435,0.9558,0.7306,0.6581,0.9,0.8299
Train3Val_Test,mean,bio_dna_geom_prot,nt_v2_500m,esm1b_650m,Hybrid_Concat_XGBoost,0.8397,0.648,0.8993,0.8174,0.7532,0.6579,0.9438,0.8804
Train3Val_Test,cls,dna_geom_prot,nt_v2_500m,esm1b_650m,Pure_XGBoost_Concat,0.8609,0.727,0.7823,0.8902,0.7536,0.6577,0.9126,0.8379
Train3Val_Test,center,dna_prot,nt_v2_500m,esmc_600m,PyTorch_Concat,0.8684,0.7944,0.6966,0.9326,0.7423,0.657,0.8925,0.827
Train3Val_Test,center,dna_prot,nt_v1_500m,esm1b_650m,Hybrid_Concat_XGBoost,0.861,0.7295,0.7774,0.8923,0.7527,0.6568,0.9078,0.8221
Train3Val_Test,center,bio_geom,nt_v1_500m,esmc_600m,Hybrid_Concat_XGBoost,0.8691,0.9461,0.5501,0.9883,0.6957,0.6565,0.9433,0.8875
Train3Val_Test,center,dna_prot,nt_v1_500m,esmc_600m,PyTorch_Transformer,0.8701,0.8351,0.6508,0.952,0.7315,0.6563,0.8949,0.8275
Train3Val_Test,center,dna_prot,nt_v3_650m,esmc_600m,Hybrid_Transformer_XGBoost,0.8605,0.728,0.778,0.8914,0.7522,0.656,0.9075,0.8395
Train3Val_Test,center,dna_prot,nt_v3_650m,esmc_600m,Hybrid_CrossAttn_XGBoost,0.8599,0.7248,0.7817,0.8891,0.7522,0.6556,0.9067,0.839
Train3Val_Test,center,dna_geom_prot,nt_v1_500m,esmc_600m,Hybrid_CrossAttn_XGBoost,0.8602,0.7269,0.7786,0.8907,0.7519,0.6555,0.9025,0.8367
Train3Val_Test,center,dna_prot,nt_v3_650m,esmc_600m,Hybrid_Gating_XGBoost,0.8599,0.7264,0.778,0.8905,0.7513,0.6547,0.906,0.8339
Train3Val_Test,center,dna_prot,nt_v1_500m,esmc_600m,Hybrid_CrossAttn_XGBoost,0.8594,0.7246,0.7793,0.8893,0.7509,0.654,0.9051,0.8334
Train3Val_Test,center,dna_prot,nt_v2_500m,esmc_600m,Hybrid_Gating_XGBoost,0.8584,0.7224,0.7786,0.8882,0.7495,0.6519,0.9057,0.8312
Train3Val_Test,center,dna_prot,nt_v2_500m,esm1b_650m,Hybrid_Gating_XGBoost,0.8584,0.7255,0.7714,0.8909,0.7477,0.65,0.904,0.8264
Train3Val_Test,center,dna_prot,nt_v2_500m,esmc_600m,Hybrid_CrossAttn_XGBoost,0.8556,0.7119,0.7883,0.8808,0.7481,0.649,0.9082,0.8401
Train3Val_Test,center,dna_prot,nt_v2_500m,esmc_600m,Hybrid_Transformer_XGBoost,0.8561,0.7156,0.7817,0.8839,0.7472,0.6481,0.9068,0.837
Train3Val_Test,center,dna_prot,nt_v1_500m,esmc_600m,Hybrid_Gating_XGBoost,0.8581,0.7283,0.763,0.8936,0.7452,0.6473,0.8992,0.8299
Train3Val_Test,mean,dna_prot,nt_v2_500m,esm1b_650m,PyTorch_Transformer,0.8599,0.7413,0.7449,0.9029,0.7431,0.6468,0.9049,0.8111
Train3Val_Test,center,dna_prot,nt_v1_500m,esm1b_650m,PyTorch_Concat,0.8571,0.7247,0.7654,0.8914,0.7445,0.6459,0.9019,0.8202
Train3Val_Test,center,dna_prot,nt_v1_500m,esm1b_650m,Hybrid_Gating_XGBoost,0.8569,0.7238,0.7666,0.8907,0.7446,0.6458,0.901,0.8221
Train3Val_Test,center,dna_prot,nt_v1_500m,esm1b_650m,Hybrid_Transformer_XGBoost,0.8568,0.7234,0.7666,0.8905,0.7444,0.6455,0.9047,0.8217
Train3Val_Test,center,dna_prot,nt_v1_500m,esmc_600m,Hybrid_Transformer_XGBoost,0.8545,0.7129,0.7786,0.8828,0.7443,0.6441,0.9065,0.8373
Train3Val_Test,center,dna_geom_prot,nt_v1_500m,esmc_600m,Hybrid_Transformer_XGBoost,0.8568,0.726,0.7606,0.8927,0.7429,0.644,0.9008,0.8291
Train3Val_Test,center,dna_geom_prot,nt_v1_500m,esmc_600m,Hybrid_Concat_XGBoost,0.8637,0.7878,0.6828,0.9313,0.7315,0.6437,0.8979,0.8176
Train3Val_Test,mean,dna_prot,nt_v2_500m,esm1b_650m,PyTorch_Gating,0.8573,0.7304,0.7533,0.8961,0.7417,0.6432,0.9021,0.815
Train3Val_Test,mean,dna_prot,nt_v3_650m,esm1b_650m,PyTorch_Gating,0.8561,0.7238,0.7618,0.8914,0.7423,0.643,0.904,0.8149
Train3Val_Test,mean,dna_prot,nt_v2_500m,esm1b_650m,PyTorch_Concat,0.8545,0.7152,0.7726,0.8851,0.7428,0.6425,0.9041,0.8116
Train3Val_Test,mean,dna_prot,nt_v3_650m,esm1b_650m,PyTorch_CrossAttn,0.8548,0.7173,0.7696,0.8866,0.7425,0.6423,0.902,0.8037
Train3Val_Test,cls,bio_dna_geom_prot,nt_v2_500m,esm1b_650m,Hybrid_Concat_XGBoost,0.8351,0.6449,0.8764,0.8197,0.743,0.6417,0.9305,0.8581
Train3Val_Test,mean,prot,,esm1b_650m,PyTorch_Concat,0.8541,0.7149,0.7714,0.8851,0.7421,0.6415,0.906,0.8112
Train3Val_Test,mean,prot,None,esm1b_650m,PyTorch_Concat,0.8541,0.7149,0.7714,0.8851,0.7421,0.6415,0.906,0.8112
Train3Val_Test,mean,dna_prot,nt_v3_650m,esm1b_650m,PyTorch_Transformer,0.8628,0.7874,0.6791,0.9315,0.7293,0.6412,0.9047,0.8127
Train3Val_Test,center,dna_prot,nt_v3_650m,esm2_650m,PyTorch_Gating,0.8576,0.7368,0.7413,0.9011,0.739,0.6411,0.9021,0.8142
Train3Val_Test,center,dna_prot,nt_v3_650m,esm2_650m,PyTorch_Concat,0.8596,0.7522,0.7214,0.9112,0.7365,0.641,0.8997,0.8092
Train3Val_Test,cls,dna_geom_prot,nt_v2_500m,esm1b_650m,PyTorch_CrossAttn,0.863,0.8015,0.6598,0.9389,0.7238,0.6391,0.8809,0.7916
Train3Val_Test,mean,dna_prot,nt_v3_650m,esm1b_650m,PyTorch_Concat,0.8505,0.7016,0.7841,0.8754,0.7405,0.638,0.904,0.8095
Train3Val_Test,center,dna_geom_prot,nt_v1_500m,esmc_600m,Hybrid_Gating_XGBoost,0.8586,0.7595,0.7027,0.9168,0.7299,0.6352,0.8885,0.8158
Train3Val_Test,mean,dna_prot,nt_v1_500m,esm1b_650m,PyTorch_Transformer,0.8564,0.7433,0.7214,0.9069,0.7322,0.6343,0.902,0.8075
Train3Val_Test,center,dna_prot,nt_v3_650m,esm2_650m,Hybrid_Transformer_XGBoost,0.853,0.7218,0.7479,0.8923,0.7346,0.6332,0.8972,0.806
Train3Val_Test,center,dna_prot,nt_v2_500m,esm2_650m,PyTorch_Gating,0.8555,0.7412,0.7201,0.906,0.7305,0.6319,0.8966,0.8079
Train3Val_Test,mean,dna_prot,nt_v1_500m,esm1b_650m,PyTorch_Gating,0.8553,0.7407,0.7201,0.9058,0.7303,0.6315,0.8978,0.8063
Train3Val_Test,mean,dna_prot,nt_v3_650m,esm1b_650m,Hybrid_Concat_XGBoost,0.8471,0.6954,0.7793,0.8724,0.7349,0.63,0.8968,0.8006
Train3Val_Test,center,dna_prot,nt_v2_500m,esm2_650m,PyTorch_Concat,0.8561,0.7521,0.7027,0.9135,0.7265,0.6297,0.8925,0.8042
Train3Val_Test,center,dna_prot,nt_v2_500m,esm2_650m,PyTorch_CrossAttn,0.8502,0.7115,0.7557,0.8855,0.733,0.6296,0.8948,0.8069
Train3Val_Test,mean,dna_geom_prot,nt_v2_500m,esm1b_650m,PyTorch_Transformer,0.851,0.7165,0.7485,0.8893,0.7322,0.6293,0.8983,0.7913
Train3Val_Test,center,dna_prot,nt_v3_650m,esm2_650m,PyTorch_Transformer,0.8589,0.7879,0.6586,0.9337,0.7175,0.6289,0.8946,0.8027
Train3Val_Test,mean,dna_prot,nt_v2_500m,esm1b_650m,Hybrid_Transformer_XGBoost,0.8459,0.6923,0.7805,0.8704,0.7338,0.6281,0.8924,0.7976
Train3Val_Test,center,dna_prot,nt_v3_650m,esm2_650m,Hybrid_CrossAttn_XGBoost,0.8509,0.7179,0.7443,0.8907,0.7308,0.6279,0.8955,0.8069
Train3Val_Test,mean,bio_dna_geom_prot,nt_v2_500m,esm1b_650m,Hybrid_Gating_XGBoost,0.8468,0.6967,0.7732,0.8742,0.733,0.6276,0.9047,0.8127
Train3Val_Test,mean,dna_prot,nt_v2_500m,esm1b_650m,PyTorch_CrossAttn,0.8484,0.705,0.7612,0.881,0.732,0.6274,0.8961,0.7944
Train3Val_Test,center,dna_prot,nt_v2_500m,esm2_650m,PyTorch_Transformer,0.8528,0.733,0.722,0.9017,0.7274,0.6267,0.8942,0.8084
Train3Val_Test,mean,dna_prot,nt_v3_650m,esmc_600m,PyTorch_Transformer,0.855,0.7539,0.693,0.9155,0.7222,0.6253,0.887,0.8036
Train3Val_Test,mean,dna_prot,nt_v1_500m,esm1b_650m,PyTorch_Concat,0.8494,0.7139,0.7449,0.8884,0.729,0.6251,0.8898,0.8045
Train3Val_Test,mean,dna_prot,nt_v3_650m,esmc_600m,PyTorch_CrossAttn,0.8576,0.7879,0.652,0.9344,0.7135,0.6248,0.8699,0.7929
Train3Val_Test,center,dna_prot,nt_v2_500m,esm2_650m,Hybrid_CrossAttn_XGBoost,0.8494,0.7149,0.7425,0.8893,0.7284,0.6245,0.8964,0.8051
Train3Val_Test,center,dna_prot,nt_v3_650m,esm2_650m,Hybrid_Concat_XGBoost,0.8468,0.7059,0.7485,0.8835,0.7266,0.6208,0.8976,0.8066
Train3Val_Test,center,dna_prot,nt_v1_500m,esm2_650m,Hybrid_CrossAttn_XGBoost,0.8479,0.7124,0.7394,0.8884,0.7257,0.6207,0.8916,0.7986
Train3Val_Test,center,dna_prot,nt_v2_500m,esm2_650m,Hybrid_Transformer_XGBoost,0.8487,0.718,0.731,0.8927,0.7244,0.6203,0.8898,0.7984
Train3Val_Test,center,dna_prot,nt_v3_650m,esm2_650m,Pure_XGBoost_Concat,0.8473,0.7107,0.7394,0.8875,0.7248,0.6194,0.8973,0.801
Train3Val_Test,center,dna_prot,nt_v1_500m,esm2_650m,PyTorch_Concat,0.8495,0.7252,0.7195,0.8981,0.7224,0.6192,0.8915,0.7994
Train3Val_Test,mean,dna_prot,nt_v1_500m,esm1b_650m,PyTorch_CrossAttn,0.8433,0.6911,0.7666,0.872,0.7269,0.6191,0.8885,0.7985
Train3Val_Test,mean,dna_geom_prot,nt_v2_500m,esm1b_650m,PyTorch_Gating,0.853,0.7533,0.6834,0.9164,0.7166,0.619,0.8963,0.7995
Train3Val_Test,center,dna_prot,nt_v3_650m,esm2_650m,Hybrid_Gating_XGBoost,0.8454,0.702,0.7503,0.881,0.7254,0.6187,0.895,0.7957
Train3Val_Test,mean,dna_prot,nt_v1_500m,esm1b_650m,Hybrid_Concat_XGBoost,0.8413,0.6831,0.7774,0.8652,0.7272,0.6186,0.8926,0.7909
Train3Val_Test,center,dna_prot,nt_v1_500m,esm2_650m,Hybrid_Concat_XGBoost,0.8459,0.7051,0.7455,0.8835,0.7247,0.6183,0.8886,0.7944
Train3Val_Test,mean,dna_prot,nt_v2_500m,esm1b_650m,Pure_XGBoost_Concat,0.8382,0.6718,0.7925,0.8553,0.7272,0.6175,0.8981,0.7991
Train3Val_Test,center,dna_prot,nt_v2_500m,esm2_650m,Hybrid_Concat_XGBoost,0.8456,0.7047,0.7443,0.8835,0.724,0.6174,0.8926,0.8004
Train3Val_Test,mean,dna_prot,nt_v1_500m,esm1b_650m,Hybrid_Transformer_XGBoost,0.84,0.6789,0.7817,0.8618,0.7267,0.6174,0.8938,0.7965
Train3Val_Test,cls,bio_geom,nt_v2_500m,esm1b_650m,Hybrid_Concat_XGBoost,0.8095,0.5983,0.9119,0.7712,0.7226,0.6171,0.9338,0.8588
Train3Val_Test,mean,prot,,esm1b_650m,Pure_XGBoost_Concat,0.8384,0.6728,0.7901,0.8564,0.7268,0.6171,0.9037,0.8063
Train3Val_Test,mean,prot,None,esm1b_650m,Pure_XGBoost_Concat,0.8384,0.6728,0.7901,0.8564,0.7268,0.6171,0.9037,0.8063
Train3Val_Test,mean,dna_prot,nt_v3_650m,esm1b_650m,Pure_XGBoost_Concat,0.8374,0.6697,0.7937,0.8537,0.7265,0.6164,0.9,0.8027
Train3Val_Test,mean,dna_prot,nt_v3_650m,esm1b_650m,Hybrid_Transformer_XGBoost,0.8405,0.6823,0.7744,0.8652,0.7254,0.6161,0.8935,0.7984
Train3Val_Test,mean,dna_prot,nt_v3_650m,esmc_600m,PyTorch_Concat,0.8515,0.7485,0.684,0.9141,0.7148,0.6158,0.8679,0.7921
Train3Val_Test,mean,dna_prot,nt_v3_650m,esm1b_650m,Hybrid_CrossAttn_XGBoost,0.8413,0.6863,0.7678,0.8688,0.7247,0.6157,0.8916,0.7941
Train3Val_Test,mean,dna_prot,nt_v2_500m,esmc_600m,PyTorch_Gating,0.8533,0.7694,0.658,0.9263,0.7094,0.6154,0.8561,0.7863
Train3Val_Test,center,dna_prot,nt_v1_500m,esm2_650m,PyTorch_Transformer,0.8515,0.7512,0.6791,0.9159,0.7133,0.6149,0.8832,0.788
Train3Val_Test,mean,dna_prot,nt_v2_500m,esm1b_650m,Hybrid_Concat_XGBoost,0.8397,0.6804,0.7744,0.8641,0.7244,0.6146,0.8935,0.7957
Train3Val_Test,mean,prot,,esm1b_650m,Hybrid_Concat_XGBoost,0.8389,0.6781,0.7762,0.8623,0.7238,0.6136,0.8976,0.8027
Train3Val_Test,mean,prot,None,esm1b_650m,Hybrid_Concat_XGBoost,0.8389,0.6781,0.7762,0.8623,0.7238,0.6136,0.8976,0.8027
Train3Val_Test,mean,dna_prot,nt_v2_500m,esm1b_650m,Hybrid_CrossAttn_XGBoost,0.8389,0.6783,0.7756,0.8625,0.7237,0.6134,0.8879,0.7855
Train3Val_Test,center,dna_prot,nt_v1_500m,esm2_650m,PyTorch_CrossAttn,0.8486,0.7307,0.7021,0.9033,0.7161,0.6131,0.8827,0.7959
Train3Val_Test,mean,dna_prot,nt_v1_500m,esm1b_650m,Hybrid_CrossAttn_XGBoost,0.8392,0.6799,0.7726,0.8641,0.7233,0.6131,0.8851,0.7905
Train3Val_Test,cls,dna_prot,nt_v3_650m,esm1b_650m,PyTorch_Concat,0.8433,0.7019,0.737,0.883,0.719,0.6108,0.891,0.7826
Train3Val_Test,mean,dna_prot,nt_v2_500m,esm1b_650m,Hybrid_Gating_XGBoost,0.8382,0.6791,0.7684,0.8643,0.721,0.61,0.8902,0.7937
Train3Val_Test,center,dna_prot,nt_v1_500m,esm2_650m,Pure_XGBoost_Concat,0.8432,0.7024,0.7346,0.8837,0.7182,0.6099,0.8907,0.7863
Train3Val_Test,center,dna_prot,nt_v3_650m,esm2_650m,PyTorch_CrossAttn,0.8523,0.7803,0.6363,0.9331,0.701,0.6098,0.8807,0.7895
Train3Val_Test,center,dna_prot,nt_v1_500m,esm2_650m,PyTorch_Gating,0.8469,0.7267,0.7008,0.9015,0.7135,0.6093,0.8858,0.7909
Train3Val_Test,mean,dna_prot,nt_v2_500m,esmc_600m,PyTorch_Concat,0.8487,0.7434,0.6779,0.9126,0.7091,0.6084,0.8661,0.7923
Train3Val_Test,mean,dna_prot,nt_v1_500m,esm1b_650m,Pure_XGBoost_Concat,0.8345,0.6665,0.7835,0.8535,0.7203,0.6078,0.8968,0.7916
Train3Val_Test,mean,dna_prot,nt_v2_500m,esmc_600m,Hybrid_Concat_XGBoost,0.8413,0.6966,0.7382,0.8799,0.7168,0.6073,0.8828,0.8032
Train3Val_Test,cls,prot,,esm1b_650m,PyTorch_Concat,0.8422,0.7012,0.7316,0.8835,0.7161,0.6071,0.8949,0.7836
Train3Val_Test,cls,prot,None,esm1b_650m,PyTorch_Concat,0.8422,0.7012,0.7316,0.8835,0.7161,0.6071,0.8949,0.7836
Train3Val_Test,mean,dna_prot,nt_v3_650m,esm1b_650m,Hybrid_Gating_XGBoost,0.8372,0.6785,0.7636,0.8648,0.7185,0.6067,0.8917,0.7899
Train3Val_Test,center,dna_prot,nt_v2_500m,esm2_650m,Pure_XGBoost_Concat,0.8415,0.6984,0.7346,0.8815,0.716,0.6066,0.8866,0.7902
Train3Val_Test,center,dna_prot,nt_v1_500m,esm2_650m,Hybrid_Transformer_XGBoost,0.8415,0.7,0.7304,0.883,0.7149,0.6055,0.8881,0.7945
Train3Val_Test,mean,dna_prot,nt_v1_500m,esm1b_650m,Hybrid_Gating_XGBoost,0.8351,0.6725,0.7678,0.8603,0.717,0.604,0.8831,0.7866
Train3Val_Test,mean,dna_prot,nt_v1_500m,esmc_600m,PyTorch_Concat,0.8502,0.7765,0.6309,0.9322,0.6962,0.6039,0.8428,0.7708
Train3Val_Test,mean,dna_prot,nt_v2_500m,esmc_600m,PyTorch_Transformer,0.8477,0.748,0.6641,0.9164,0.7035,0.6035,0.8713,0.7901
Train3Val_Test,mean,dna_prot,nt_v3_650m,esmc_600m,PyTorch_Gating,0.8443,0.7206,0.6984,0.8988,0.7093,0.6032,0.8666,0.7931
Train3Val_Test,mean,dna_prot,nt_v1_500m,esmc_600m,PyTorch_CrossAttn,0.8491,0.7639,0.6441,0.9256,0.699,0.6031,0.8368,0.7678
Train3Val_Test,mean,dna_prot,nt_v2_500m,esmc_600m,PyTorch_CrossAttn,0.8509,0.7933,0.611,0.9405,0.6903,0.603,0.8452,0.7719
Train3Val_Test,cls,dna_prot,nt_v3_650m,esm1b_650m,PyTorch_Transformer,0.8436,0.721,0.6936,0.8997,0.707,0.6007,0.893,0.7839
Train3Val_Test,mean,dna_geom_prot,nt_v2_500m,esm1b_650m,PyTorch_CrossAttn,0.8389,0.6945,0.728,0.8803,0.7108,0.5996,0.8839,0.7521
Train3Val_Test,cls,dna_prot,nt_v1_500m,esm1b_650m,PyTorch_Gating,0.8422,0.7138,0.7008,0.895,0.7072,0.5993,0.8869,0.7774
Train3Val_Test,center,dna_prot,nt_v2_500m,esm2_650m,Hybrid_Gating_XGBoost,0.8399,0.7013,0.7165,0.886,0.7088,0.5985,0.8863,0.7904
Train3Val_Test,cls,dna_prot,nt_v2_500m,esm1b_650m,PyTorch_Transformer,0.8394,0.6989,0.7195,0.8842,0.7091,0.5983,0.8787,0.7665
Train3Val_Test,mean,dna_prot,nt_v1_500m,esmc_600m,PyTorch_Transformer,0.8499,0.8124,0.5826,0.9497,0.6786,0.5979,0.8312,0.7633
Train3Val_Test,mean,dna_prot,nt_v3_650m,esmc_600m,Hybrid_Concat_XGBoost,0.8361,0.6836,0.74,0.872,0.7107,0.5975,0.8827,0.8004
Train3Val_Test,mean,dna_prot,nt_v1_500m,esmc_600m,PyTorch_Gating,0.8471,0.763,0.6351,0.9263,0.6932,0.5969,0.8432,0.772
Train3Val_Test,center,dna_prot,nt_v1_500m,esm2_650m,Hybrid_Gating_XGBoost,0.8389,0.6995,0.7147,0.8853,0.707,0.596,0.8832,0.7886
Train3Val_Test,cls,dna_geom_prot,nt_v2_500m,esm1b_650m,PyTorch_Transformer,0.8469,0.7656,0.6303,0.9279,0.6914,0.5958,0.872,0.7626
Train3Val_Test,mean,dna_prot,nt_v2_500m,esmc_600m,Hybrid_CrossAttn_XGBoost,0.8361,0.6856,0.734,0.8742,0.709,0.5958,0.8748,0.7939
Train3Val_Test,cls,dna_prot,nt_v3_650m,esm1b_650m,PyTorch_Gating,0.8418,0.7182,0.6888,0.899,0.7032,0.5957,0.8918,0.7824
Train3Val_Test,mean,dna_prot,nt_v3_650m,esm2_650m,PyTorch_Transformer,0.8423,0.7224,0.6828,0.902,0.702,0.5954,0.8908,0.7885
Train3Val_Test,mean,dna_prot,nt_v3_650m,esmc_600m,Pure_XGBoost_Concat,0.8341,0.6776,0.7443,0.8677,0.7094,0.595,0.8854,0.8022
Train3Val_Test,cls,dna_prot,nt_v1_500m,esm1b_650m,PyTorch_CrossAttn,0.843,0.7283,0.6743,0.906,0.7003,0.5949,0.874,0.7635
Train3Val_Test,mean,dna_prot,nt_v3_650m,esm2_650m,PyTorch_Concat,0.8343,0.6796,0.7394,0.8697,0.7083,0.5939,0.8857,0.7825
Train3Val_Test,mean,dna_prot,nt_v3_650m,esm2_650m,PyTorch_Gating,0.8376,0.6958,0.7159,0.883,0.7057,0.5937,0.8865,0.7867
Train3Val_Test,mean,dna_prot,nt_v3_650m,esmc_600m,Hybrid_CrossAttn_XGBoost,0.8343,0.6802,0.7376,0.8704,0.7078,0.5933,0.8742,0.7975
Train3Val_Test,cls,prot,,esm1b_650m,Hybrid_Concat_XGBoost,0.8308,0.6661,0.7581,0.858,0.7092,0.5931,0.8901,0.783
Train3Val_Test,cls,prot,None,esm1b_650m,Hybrid_Concat_XGBoost,0.8308,0.6661,0.7581,0.858,0.7092,0.5931,0.8901,0.783
Train3Val_Test,cls,dna_prot,nt_v3_650m,esm1b_650m,PyTorch_CrossAttn,0.8425,0.7299,0.6683,0.9076,0.6977,0.5926,0.8881,0.7523
Train3Val_Test,mean,dna_prot,nt_v1_500m,esmc_600m,Pure_XGBoost_Concat,0.8326,0.6739,0.7455,0.8652,0.7079,0.5925,0.8834,0.7982
Train3Val_Test,mean,dna_prot,nt_v1_500m,esmc_600m,Hybrid_Concat_XGBoost,0.8348,0.6836,0.731,0.8736,0.7065,0.5924,0.8735,0.7963
Train3Val_Test,mean,dna_prot,nt_v2_500m,esm2_650m,PyTorch_CrossAttn,0.8441,0.7465,0.6466,0.918,0.693,0.592,0.8738,0.7709
Train3Val_Test,mean,dna_prot,nt_v3_650m,esm2_650m,PyTorch_CrossAttn,0.8376,0.6995,0.7063,0.8866,0.7029,0.5911,0.8861,0.7772
Train3Val_Test,mean,dna_prot,nt_v2_500m,esmc_600m,Hybrid_Transformer_XGBoost,0.8348,0.6859,0.7244,0.876,0.7046,0.5905,0.8692,0.792
Train3Val_Test,cls,dna_prot,nt_v1_500m,esm1b_650m,PyTorch_Transformer,0.8422,0.7323,0.6616,0.9096,0.6952,0.5904,0.8882,0.7727
Train3Val_Test,mean,dna_prot,nt_v2_500m,esmc_600m,Hybrid_Gating_XGBoost,0.834,0.6825,0.7286,0.8733,0.7048,0.5901,0.8713,0.7923
Train3Val_Test,mean,dna_prot,nt_v2_500m,esm2_650m,PyTorch_Transformer,0.8384,0.7063,0.6948,0.892,0.7005,0.5899,0.8853,0.7818
Train3Val_Test,mean,dna_prot,nt_v3_650m,esmc_600m,Hybrid_Transformer_XGBoost,0.8326,0.6772,0.7352,0.8691,0.705,0.5895,0.8727,0.7901
Train3Val_Test,mean,dna_prot,nt_v2_500m,esm2_650m,PyTorch_Concat,0.8348,0.6902,0.7123,0.8805,0.7011,0.5871,0.8826,0.7802
Train3Val_Test,cls,dna_prot,nt_v1_500m,esm1b_650m,PyTorch_Concat,0.8417,0.7375,0.649,0.9137,0.6904,0.5868,0.8747,0.7708
Train3Val_Test,cls,dna_prot,nt_v3_650m,esm1b_650m,Hybrid_Concat_XGBoost,0.8272,0.6586,0.7575,0.8533,0.7046,0.5862,0.8887,0.7811
Train3Val_Test,mean,dna_prot,nt_v2_500m,esmc_600m,Pure_XGBoost_Concat,0.8295,0.6696,0.737,0.8641,0.7017,0.5841,0.8828,0.7961
Train3Val_Test,mean,dna_prot,nt_v1_500m,esm2_650m,PyTorch_Concat,0.8335,0.6888,0.7075,0.8805,0.698,0.5832,0.8763,0.772
Train3Val_Test,mean,dna_prot,nt_v1_500m,esm2_650m,PyTorch_Transformer,0.8389,0.7235,0.6598,0.9058,0.6902,0.5828,0.8702,0.7644
Train3Val_Test,mean,dna_prot,nt_v1_500m,esm2_650m,PyTorch_Gating,0.8338,0.6935,0.6972,0.8848,0.6953,0.5811,0.8672,0.758
Train3Val_Test,cls,dna_prot,nt_v3_650m,esm1b_650m,Hybrid_Transformer_XGBoost,0.8285,0.6687,0.7328,0.8643,0.6993,0.5809,0.8797,0.7698
Train3Val_Test,cls,dna_prot,nt_v2_500m,esm1b_650m,PyTorch_Gating,0.8289,0.6702,0.7304,0.8657,0.699,0.5808,0.8728,0.767
Train3Val_Test,cls,dna_prot,nt_v3_650m,esmc_600m,PyTorch_Transformer,0.8389,0.7284,0.6502,0.9094,0.6871,0.5807,0.8452,0.7545
Train3Val_Test,mean,dna_prot,nt_v3_650m,esmc_600m,Hybrid_Gating_XGBoost,0.829,0.6713,0.728,0.8668,0.6985,0.5804,0.8648,0.7883
Train3Val_Test,cls,dna_prot,nt_v2_500m,esm1b_650m,PyTorch_CrossAttn,0.8313,0.6827,0.7099,0.8767,0.696,0.5796,0.8642,0.7266
Train3Val_Test,cls,dna_prot,nt_v2_500m,esm1b_650m,Pure_XGBoost_Concat,0.8169,0.6305,0.7895,0.8271,0.7011,0.579,0.8874,0.7721
Train3Val_Test,cls,dna_prot,nt_v2_500m,esm1b_650m,Hybrid_Transformer_XGBoost,0.8261,0.6613,0.7394,0.8585,0.6982,0.5783,0.8761,0.7663
Train3Val_Test,cls,dna_prot,nt_v3_650m,esmc_600m,PyTorch_Concat,0.8392,0.7387,0.6327,0.9164,0.6816,0.578,0.8384,0.7487
Train3Val_Test,mean,dna_prot,nt_v2_500m,esm2_650m,PyTorch_Gating,0.8292,0.6746,0.7189,0.8704,0.6961,0.578,0.8831,0.7799
Train3Val_Test,cls,dna_prot,nt_v2_500m,esm1b_650m,Hybrid_CrossAttn_XGBoost,0.8241,0.6547,0.7479,0.8526,0.6982,0.5774,0.8744,0.7627
Train3Val_Test,cls,prot,,esm1b_650m,Pure_XGBoost_Concat,0.8167,0.6315,0.7835,0.8292,0.6993,0.5766,0.886,0.771
Train3Val_Test,cls,prot,None,esm1b_650m,Pure_XGBoost_Concat,0.8167,0.6315,0.7835,0.8292,0.6993,0.5766,0.886,0.771
Train3Val_Test,mean,dna_prot,nt_v1_500m,esmc_600m,Hybrid_Transformer_XGBoost,0.8279,0.6725,0.7159,0.8697,0.6935,0.5746,0.8623,0.7844
Train3Val_Test,cls,dna_prot,nt_v2_500m,esm1b_650m,PyTorch_Concat,0.8315,0.6904,0.69,0.8844,0.6902,0.5745,0.8776,0.7681
Train3Val_Test,cls,dna_prot,nt_v3_650m,esm1b_650m,Hybrid_CrossAttn_XGBoost,0.824,0.6567,0.7394,0.8555,0.6956,0.5744,0.8828,0.7732
Train3Val_Test,mean,bio_dna_geom_prot,nt_v2_500m,esm1b_650m,Hybrid_CrossAttn_XGBoost,0.8407,0.899,0.4668,0.9804,0.6145,0.5714,0.8916,0.8073
Train3Val_Test,mean,dna_prot,nt_v1_500m,esmc_600m,Hybrid_Gating_XGBoost,0.8274,0.6739,0.7081,0.872,0.6906,0.5713,0.8541,0.7778
Train3Val_Test,cls,dna_prot,nt_v1_500m,esm1b_650m,Hybrid_Transformer_XGBoost,0.821,0.6491,0.7443,0.8497,0.6935,0.5705,0.8756,0.7693
Train3Val_Test,mean,dna_prot,nt_v1_500m,esmc_600m,Hybrid_CrossAttn_XGBoost,0.8249,0.6654,0.7171,0.8652,0.6903,0.5693,0.8632,0.7809
Train3Val_Test,cls,dna_prot,nt_v3_650m,esm1b_650m,Pure_XGBoost_Concat,0.8138,0.6274,0.7768,0.8276,0.6942,0.5691,0.8823,0.7621
Train3Val_Test,cls,dna_prot,nt_v3_650m,esm1b_650m,Hybrid_Gating_XGBoost,0.8194,0.6453,0.7461,0.8467,0.692,0.5682,0.875,0.7667
Train3Val_Test,cls,dna_prot,nt_v2_500m,esm1b_650m,Hybrid_Concat_XGBoost,0.8197,0.6467,0.7431,0.8483,0.6916,0.5677,0.8763,0.7631
Train3Val_Test,mean,dna_prot,nt_v3_650m,esm2_650m,Pure_XGBoost_Concat,0.8208,0.651,0.7358,0.8526,0.6908,0.5675,0.8788,0.7626
Train3Val_Test,cls,dna_prot,nt_v3_650m,esmc_600m,PyTorch_CrossAttn,0.8369,0.7489,0.6025,0.9245,0.6678,0.5672,0.8315,0.7341
Train3Val_Test,cls,dna_prot,nt_v1_500m,esm1b_650m,Hybrid_Concat_XGBoost,0.8197,0.6473,0.7407,0.8492,0.6909,0.5669,0.8764,0.7661
Train3Val_Test,cls,dna_prot,nt_v1_500m,esm1b_650m,Hybrid_CrossAttn_XGBoost,0.8202,0.6493,0.737,0.8513,0.6904,0.5667,0.8702,0.7558
Train3Val_Test,cls,dna_prot,nt_v3_650m,esmc_600m,PyTorch_Gating,0.8292,0.6889,0.6785,0.8855,0.6837,0.5667,0.8447,0.7543
Train3Val_Test,cls,dna_prot,nt_v1_500m,esm1b_650m,Pure_XGBoost_Concat,0.8118,0.6233,0.7793,0.824,0.6926,0.5666,0.8821,0.7654
Train3Val_Test,cls,dna_prot,nt_v1_500m,esm1b_650m,Hybrid_Gating_XGBoost,0.8184,0.644,0.7431,0.8465,0.69,0.5654,0.8782,0.7697
Train3Val_Test,mean,dna_prot,nt_v1_500m,esm2_650m,PyTorch_CrossAttn,0.8176,0.6422,0.7437,0.8452,0.6892,0.5641,0.8734,0.7638
Train3Val_Test,cls,dna_prot,nt_v1_500m,esmc_600m,PyTorch_Concat,0.8359,0.755,0.5875,0.9288,0.6608,0.5624,0.8079,0.7208
Train3Val_Test,cls,dna_prot,nt_v2_500m,esm1b_650m,Hybrid_Gating_XGBoost,0.8179,0.6459,0.7316,0.8501,0.6861,0.5607,0.8674,0.7517
Train3Val_Test,mean,dna_prot,nt_v2_500m,esm2_650m,Hybrid_Concat_XGBoost,0.8203,0.6556,0.7153,0.8596,0.6842,0.56,0.8677,0.7463
Train3Val_Test,cls,dna_prot,nt_v1_500m,esmc_600m,PyTorch_Transformer,0.8336,0.7396,0.5995,0.9211,0.6622,0.5588,0.8158,0.7254
Train3Val_Test,mean,dna_prot,nt_v3_650m,esm2_650m,Hybrid_Gating_XGBoost,0.8197,0.6555,0.7105,0.8605,0.6819,0.5573,0.8582,0.7446
Train3Val_Test,mean,dna_prot,nt_v3_650m,esm2_650m,Hybrid_CrossAttn_XGBoost,0.819,0.6532,0.7135,0.8585,0.682,0.557,0.8609,0.7537
Train3Val_Test,mean,dna_prot,nt_v3_650m,esm2_650m,Hybrid_Concat_XGBoost,0.8161,0.6447,0.7214,0.8515,0.6809,0.554,0.8691,0.7509
Train3Val_Test,cls,dna_prot,nt_v1_500m,esmc_600m,PyTorch_CrossAttn,0.8315,0.7339,0.5971,0.9191,0.6585,0.5533,0.8144,0.7184
Train3Val_Test,mean,dna_prot,nt_v3_650m,esm2_650m,Hybrid_Transformer_XGBoost,0.8172,0.6506,0.7087,0.8578,0.6784,0.5521,0.8625,0.7519
Train3Val_Test,cls,dna_prot,nt_v1_500m,esmc_600m,PyTorch_Gating,0.832,0.745,0.5814,0.9256,0.6531,0.5518,0.8106,0.7211
Train3Val_Test,mean,dna_geom_prot,nt_v2_500m,esm1b_650m,PyTorch_Concat,0.7834,0.5682,0.8492,0.7588,0.6809,0.5509,0.8861,0.7797
Train3Val_Test,cls,dna_prot,nt_v2_500m,esmc_600m,Pure_XGBoost_Concat,0.8116,0.6328,0.7328,0.8411,0.6792,0.5498,0.8694,0.7711
Train3Val_Test,mean,dna_prot,nt_v2_500m,esm2_650m,Pure_XGBoost_Concat,0.811,0.6308,0.7358,0.8391,0.6793,0.5497,0.8737,0.7565
Train3Val_Test,mean,dna_prot,nt_v2_500m,esm2_650m,Hybrid_Gating_XGBoost,0.8167,0.6509,0.7039,0.8589,0.6763,0.5496,0.8643,0.7511
Train3Val_Test,cls,dna_prot,nt_v3_650m,esmc_600m,Hybrid_Concat_XGBoost,0.8143,0.6422,0.7165,0.8508,0.6773,0.5491,0.8552,0.7661
Train3Val_Test,cls,dna_prot,nt_v2_500m,esmc_600m,PyTorch_Concat,0.8304,0.736,0.5869,0.9213,0.653,0.5487,0.8089,0.7132
Train3Val_Test,mean,dna_prot,nt_v1_500m,esm2_650m,Pure_XGBoost_Concat,0.8118,0.6344,0.7274,0.8434,0.6777,0.5482,0.8695,0.7516
Train3Val_Test,cls,dna_prot,nt_v1_500m,esmc_600m,Pure_XGBoost_Concat,0.8112,0.6328,0.7286,0.842,0.6773,0.5475,0.8675,0.7685
Train3Val_Test,cls,dna_prot,nt_v3_650m,esmc_600m,Pure_XGBoost_Concat,0.8113,0.6334,0.7274,0.8427,0.6771,0.5474,0.8708,0.7756
Train3Val_Test,cls,dna_geom_prot,nt_v2_500m,esm1b_650m,PyTorch_Concat,0.8041,0.6126,0.7612,0.8201,0.6789,0.5469,0.859,0.7596
Train3Val_Test,mean,dna_prot,nt_v2_500m,esm2_650m,Hybrid_Transformer_XGBoost,0.8154,0.6486,0.7014,0.858,0.674,0.5464,0.8626,0.7485
Train3Val_Test,mean,dna_prot,nt_v1_500m,esm2_650m,Hybrid_Concat_XGBoost,0.8153,0.6503,0.6942,0.8605,0.6715,0.5438,0.8639,0.7495
Train3Val_Test,cls,dna_geom_prot,nt_v2_500m,esm1b_650m,PyTorch_Gating,0.7869,0.5759,0.8215,0.7739,0.6771,0.5437,0.8757,0.7783
Train3Val_Test,cls,dna_prot,nt_v2_500m,esmc_600m,PyTorch_Transformer,0.831,0.775,0.5338,0.9421,0.6321,0.5427,0.8116,0.7151
Train3Val_Test,cls,dna_prot,nt_v3_650m,esmc_600m,Hybrid_CrossAttn_XGBoost,0.8135,0.6445,0.7008,0.8555,0.6715,0.5425,0.8464,0.7525
Train3Val_Test,mean,dna_prot,nt_v1_500m,esm2_650m,Hybrid_Gating_XGBoost,0.8135,0.6446,0.7002,0.8558,0.6713,0.5423,0.8487,0.7354
Train3Val_Test,mean,dna_prot,nt_v2_500m,esm2_650m,Hybrid_CrossAttn_XGBoost,0.8136,0.6453,0.699,0.8564,0.6711,0.5422,0.8538,0.7373
Train3Val_Test,cls,dna_prot,nt_v2_500m,esmc_600m,PyTorch_Gating,0.8281,0.7394,0.5682,0.9252,0.6426,0.5399,0.8071,0.7122
Train3Val_Test,cls,dna_prot,nt_v2_500m,esmc_600m,Hybrid_Concat_XGBoost,0.8141,0.6494,0.6882,0.8612,0.6682,0.5397,0.8456,0.7507
Train3Val_Test,mean,dna_prot,nt_v1_500m,esm2_650m,Hybrid_Transformer_XGBoost,0.8112,0.6389,0.7033,0.8515,0.6695,0.539,0.8574,0.7429
Train3Val_Test,cls,dna_prot,nt_v2_500m,esmc_600m,Hybrid_CrossAttn_XGBoost,0.8125,0.6443,0.6936,0.8569,0.668,0.5383,0.8374,0.7435
Train3Val_Test,cls,dna_prot,nt_v3_650m,esm2_650m,PyTorch_Transformer,0.819,0.6764,0.6417,0.8853,0.6586,0.536,0.8533,0.7235
Train3Val_Test,cls,dna_prot,nt_v3_650m,esm2_650m,PyTorch_CrossAttn,0.8197,0.6826,0.6303,0.8905,0.6554,0.5343,0.8415,0.7072
Train3Val_Test,cls,dna_prot,nt_v1_500m,esmc_600m,Hybrid_Concat_XGBoost,0.8103,0.6399,0.6924,0.8544,0.6651,0.5339,0.8417,0.7502
Train3Val_Test,cls,dna_prot,nt_v2_500m,esmc_600m,PyTorch_CrossAttn,0.8267,0.7479,0.5476,0.931,0.6323,0.5334,0.7995,0.6979
Train3Val_Test,cls,dna_prot,nt_v3_650m,esmc_600m,Hybrid_Gating_XGBoost,0.8079,0.6333,0.6978,0.849,0.664,0.5311,0.8341,0.7372
Train3Val_Test,cls,dna_geom_prot,nt_v2_500m,esm1b_650m,Hybrid_Transformer_XGBoost,0.7897,0.5853,0.778,0.794,0.668,0.5298,0.8488,0.7216
Train3Val_Test,cls,dna_prot,nt_v3_650m,esm2_650m,PyTorch_Concat,0.8169,0.6742,0.6327,0.8857,0.6528,0.5291,0.8482,0.7219
Train3Val_Test,cls,dna_prot,nt_v3_650m,esm2_650m,PyTorch_Gating,0.8133,0.658,0.6532,0.8731,0.6556,0.5275,0.8515,0.726
Train3Val_Test,cls,dna_prot,nt_v1_500m,esmc_600m,Hybrid_CrossAttn_XGBoost,0.8067,0.6325,0.6912,0.8499,0.6605,0.5268,0.8381,0.7486
Train3Val_Test,cls,dna_prot,nt_v3_650m,esmc_600m,Hybrid_Transformer_XGBoost,0.8062,0.6315,0.6906,0.8494,0.6598,0.5257,0.8413,0.7479
Train3Val_Test,cls,dna_prot,nt_v1_500m,esm2_650m,PyTorch_Concat,0.8128,0.6599,0.6435,0.876,0.6516,0.5237,0.8433,0.7178
Train3Val_Test,cls,dna_prot,nt_v1_500m,esmc_600m,Hybrid_Transformer_XGBoost,0.8051,0.6293,0.69,0.8481,0.6582,0.5234,0.8352,0.7452
Train3Val_Test,cls,dna_prot,nt_v1_500m,esm2_650m,PyTorch_Gating,0.8141,0.6677,0.6303,0.8828,0.6485,0.5227,0.8377,0.7149
Train3Val_Test,mean,dna_prot,nt_v1_500m,esm2_650m,Hybrid_CrossAttn_XGBoost,0.8046,0.6289,0.687,0.8485,0.6567,0.5215,0.848,0.735
Train3Val_Test,cls,dna_prot,nt_v1_500m,esmc_600m,Hybrid_Gating_XGBoost,0.8043,0.6292,0.6828,0.8497,0.6549,0.5195,0.8356,0.7419
Train3Val_Test,cls,dna_prot,nt_v2_500m,esmc_600m,Hybrid_Gating_XGBoost,0.8069,0.6407,0.6604,0.8616,0.6504,0.5172,0.8221,0.7239
Train3Val_Test,cls,dna_prot,nt_v1_500m,esm2_650m,PyTorch_Transformer,0.82,0.7239,0.547,0.922,0.6232,0.5165,0.8301,0.7074
Train3Val_Test,cls,dna_prot,nt_v2_500m,esmc_600m,Hybrid_Transformer_XGBoost,0.8053,0.6365,0.6622,0.8587,0.6491,0.5146,0.8267,0.7296
Train3Val_Test,cls,dna_prot,nt_v1_500m,esm2_650m,PyTorch_CrossAttn,0.8105,0.6624,0.6188,0.8821,0.6399,0.512,0.8307,0.6964
Train3Val_Test,mean,dna_geom_prot,nt_v2_500m,esm1b_650m,Hybrid_CrossAttn_XGBoost,0.7588,0.5364,0.8353,0.7302,0.6533,0.5093,0.8609,0.7307
Train3Val_Test,cls,dna_prot,nt_v3_650m,esm2_650m,Pure_XGBoost_Concat,0.789,0.5929,0.7159,0.8163,0.6486,0.5043,0.8429,0.7074
Train3Val_Test,cls,dna_prot,nt_v2_500m,esm2_650m,PyTorch_Transformer,0.8034,0.645,0.617,0.8731,0.6307,0.4971,0.814,0.6936
Train3Val_Test,cls,dna_prot,nt_v3_650m,esm2_650m,Hybrid_Transformer_XGBoost,0.7928,0.6095,0.6628,0.8413,0.6351,0.4916,0.8318,0.7011
Train3Val_Test,cls,dna_prot,nt_v2_500m,esm2_650m,PyTorch_CrossAttn,0.8023,0.6464,0.6031,0.8767,0.624,0.4907,0.8086,0.6777
Train3Val_Test,cls,dna_prot,nt_v1_500m,esm2_650m,Pure_XGBoost_Concat,0.7846,0.588,0.6954,0.8179,0.6372,0.489,0.8387,0.7067
Train3Val_Test,cls,dna_prot,nt_v3_650m,esm2_650m,Hybrid_CrossAttn_XGBoost,0.7902,0.6046,0.6604,0.8386,0.6313,0.486,0.8307,0.6971
Train3Val_Test,cls,dna_prot,nt_v2_500m,esm2_650m,Pure_XGBoost_Concat,0.7816,0.5825,0.6966,0.8134,0.6344,0.4844,0.8418,0.7092
Train3Val_Test,cls,dna_prot,nt_v3_650m,esm2_650m,Hybrid_Concat_XGBoost,0.7872,0.5984,0.6622,0.8339,0.6287,0.4813,0.8355,0.7012
Train3Val_Test,cls,dna_prot,nt_v2_500m,esm2_650m,Hybrid_Concat_XGBoost,0.7854,0.5941,0.6665,0.8298,0.6282,0.4796,0.8285,0.6976
Train3Val_Test,cls,dna_prot,nt_v2_500m,esm2_650m,PyTorch_Concat,0.7961,0.6304,0.6049,0.8675,0.6174,0.4787,0.8125,0.6871
Train3Val_Test,cls,dna_prot,nt_v1_500m,esm2_650m,Hybrid_Gating_XGBoost,0.7844,0.5931,0.661,0.8305,0.6252,0.4759,0.8246,0.695
Train3Val_Test,cls,dna_prot,nt_v1_500m,esm2_650m,Hybrid_Transformer_XGBoost,0.7826,0.5889,0.6653,0.8265,0.6248,0.4743,0.822,0.6858
Train3Val_Test,cls,dna_prot,nt_v1_500m,esm2_650m,Hybrid_Concat_XGBoost,0.7805,0.5838,0.6725,0.8208,0.625,0.4733,0.8258,0.689
Train3Val_Test,cls,dna_prot,nt_v2_500m,esm2_650m,Hybrid_CrossAttn_XGBoost,0.7847,0.5954,0.6514,0.8346,0.6221,0.473,0.8161,0.6821
Train3Val_Test,cls,dna_prot,nt_v3_650m,esm2_650m,Hybrid_Gating_XGBoost,0.7823,0.589,0.6604,0.8278,0.6227,0.4719,0.8212,0.6872
Train3Val_Test,cls,dna_prot,nt_v2_500m,esm2_650m,Hybrid_Transformer_XGBoost,0.7831,0.5938,0.6417,0.8359,0.6168,0.4666,0.8113,0.6787
Train3Val_Test,cls,dna_prot,nt_v2_500m,esm2_650m,PyTorch_Gating,0.7798,0.5857,0.6514,0.8278,0.6168,0.4642,0.8081,0.6754
Train3Val_Test,cls,dna_geom_prot,nt_v2_500m,esm1b_650m,Hybrid_Concat_XGBoost,0.7987,0.6693,0.5139,0.9051,0.5814,0.4587,0.8079,0.6426
Train3Val_Test,cls,dna_prot,nt_v1_500m,esm2_650m,Hybrid_CrossAttn_XGBoost,0.7747,0.5769,0.6448,0.8233,0.6089,0.4528,0.8141,0.6796
Train3Val_Test,mean,dna_geom_prot,nt_v2_500m,esm1b_650m,Hybrid_Gating_XGBoost,0.7298,0.5021,0.7961,0.705,0.6158,0.4503,0.8335,0.6648
Train3Val_Test,cls,dna_prot,nt_v2_500m,esm2_650m,Hybrid_Gating_XGBoost,0.7752,0.5793,0.6345,0.8278,0.6056,0.4498,0.804,0.6675
Train3Val_Test,mean,bio_geom,nt_v2_500m,esm1b_650m,Hybrid_Concat_XGBoost,0.8008,0.8491,0.3257,0.9784,0.4708,0.4426,0.8865,0.7429
Train3Val_Test,mean,dna_geom_prot,nt_v2_500m,esm1b_650m,Hybrid_Transformer_XGBoost,0.5099,0.3429,0.8752,0.3735,0.4928,0.2401,0.8021,0.6279
Train3Val_Test,mean,dna,nt_v2_500m,,PyTorch_Concat,0.5516,0.3367,0.6683,0.508,0.4478,0.1574,0.6229,0.3688
Train3Val_Test,mean,dna,nt_v2_500m,None,PyTorch_Concat,0.5516,0.3367,0.6683,0.508,0.4478,0.1574,0.6229,0.3688
Train3Val_Test,cls,dna_geom_prot,nt_v2_500m,esm1b_650m,Hybrid_Gating_XGBoost,0.6884,0.3923,0.2648,0.8467,0.3162,0.1282,0.7456,0.508
Train3Val_Test,center,dna,nt_v1_500m,,PyTorch_Concat,0.5526,0.3124,0.5368,0.5585,0.3949,0.085,0.5703,0.3222
Train3Val_Test,center,dna,nt_v1_500m,None,PyTorch_Concat,0.5526,0.3124,0.5368,0.5585,0.3949,0.085,0.5703,0.3222
Train3Val_Test,center,dna,nt_v1_500m,,Pure_XGBoost_Concat,0.5372,0.3032,0.5404,0.5359,0.3885,0.068,0.5577,0.309
Train3Val_Test,center,dna,nt_v1_500m,None,Pure_XGBoost_Concat,0.5372,0.3032,0.5404,0.5359,0.3885,0.068,0.5577,0.309
Train3Val_Test,mean,dna,nt_v2_500m,,Hybrid_Concat_XGBoost,0.5444,0.3032,0.5199,0.5535,0.383,0.0655,0.5572,0.316
Train3Val_Test,mean,dna,nt_v2_500m,None,Hybrid_Concat_XGBoost,0.5444,0.3032,0.5199,0.5535,0.383,0.0655,0.5572,0.316
Train3Val_Test,mean,dna,nt_v2_500m,,Pure_XGBoost_Concat,0.547,0.2973,0.4879,0.5691,0.3695,0.051,0.5475,0.3101
Train3Val_Test,mean,dna,nt_v2_500m,None,Pure_XGBoost_Concat,0.547,0.2973,0.4879,0.5691,0.3695,0.051,0.5475,0.3101
Train3Val_Test,cls,dna,nt_v2_500m,,Pure_XGBoost_Concat,0.5657,0.2973,0.4373,0.6137,0.3539,0.0463,0.5273,0.3024
Train3Val_Test,cls,dna,nt_v2_500m,None,Pure_XGBoost_Concat,0.5657,0.2973,0.4373,0.6137,0.3539,0.0463,0.5273,0.3024
Train3Val_Test,center,dna,nt_v1_500m,,Hybrid_Concat_XGBoost,0.5272,0.2925,0.5205,0.5296,0.3746,0.0447,0.5396,0.2996
Train3Val_Test,center,dna,nt_v1_500m,None,Hybrid_Concat_XGBoost,0.5272,0.2925,0.5205,0.5296,0.3746,0.0447,0.5396,0.2996
Train3Val_Test,cls,dna,nt_v2_500m,,PyTorch_Concat,0.5975,0.2987,0.3559,0.6879,0.3248,0.0416,0.5235,0.29
Train3Val_Test,cls,dna,nt_v2_500m,None,PyTorch_Concat,0.5975,0.2987,0.3559,0.6879,0.3248,0.0416,0.5235,0.29
Train3Val_Test,cls,dna,nt_v2_500m,,Hybrid_Concat_XGBoost,0.5541,0.2888,0.4373,0.5977,0.3479,0.0316,0.5255,0.2883
Train3Val_Test,cls,dna,nt_v2_500m,None,Hybrid_Concat_XGBoost,0.5541,0.2888,0.4373,0.5977,0.3479,0.0316,0.5255,0.2883
Train3Val_Test,mean,dna_geom_prot,nt_v2_500m,esm1b_650m,Hybrid_Concat_XGBoost,0.273,0.2723,1.0,0.0014,0.428,0.0192,0.5933,0.3318
Train3Val_Test,cls,dna_geom_prot,nt_v2_500m,esm1b_650m,Hybrid_CrossAttn_XGBoost,0.3058,0.2733,0.9355,0.0705,0.423,0.0106,0.7318,0.5592
Train3Val_UniProt,center,bio_dna_geom_prot,nt_v1_500m,esmc_600m,Hybrid_Gating_XGBoost,0.7412,0.7895,0.6551,0.8266,0.716,0.4891,0.7872,0.7791
Train3Val_UniProt,center,bio_dna_prot,nt_v1_500m,esmc_600m,Hybrid_Gating_XGBoost,0.7337,0.7074,0.7937,0.6741,0.748,0.4711,0.7953,0.7882
Train3Val_UniProt,center,bio_dna_geom_prot,nt_v1_500m,esmc_600m,Hybrid_CrossAttn_XGBoost,0.7337,0.7185,0.7651,0.7025,0.7411,0.4685,0.7963,0.7904
Train3Val_UniProt,center,bio_dna_geom_prot,nt_v1_500m,esmc_600m,PyTorch_CrossAttn,0.7329,0.7175,0.7651,0.701,0.7405,0.467,0.7947,0.7853
Train3Val_UniProt,center,bio_dna_geom_prot,nt_v1_500m,esmc_600m,Hybrid_Concat_XGBoost,0.7314,0.7638,0.6672,0.7952,0.7122,0.4663,0.7984,0.7927
Train3Val_UniProt,center,dna_prot,nt_v1_500m,esmc_600m,PyTorch_Gating,0.7292,0.779,0.637,0.8206,0.7009,0.4657,0.7687,0.7743
Train3Val_UniProt,center,bio_dna_geom_prot,nt_v1_500m,esmc_600m,PyTorch_Gating,0.7314,0.7567,0.6792,0.7833,0.7159,0.4651,0.7914,0.7837
Train3Val_UniProt,mean,bio_dna_prot,nt_v2_500m,esm1b_650m,PyTorch_Transformer,0.7307,0.7472,0.6943,0.7668,0.7198,0.4624,0.7913,0.7719
Train3Val_UniProt,center,dna_prot,nt_v3_650m,esm2_650m,Pure_XGBoost_Concat,0.7307,0.7364,0.7154,0.7459,0.7257,0.4615,0.7803,0.77
Train3Val_UniProt,center,bio_dna_geom_prot,nt_v1_500m,esmc_600m,PyTorch_Transformer,0.7262,0.7826,0.6235,0.8281,0.694,0.4615,0.7915,0.7831
Train3Val_UniProt,cls,bio_dna_geom_prot,nt_v2_500m,esm1b_650m,Pure_XGBoost_Concat,0.7277,0.6983,0.7982,0.6577,0.7449,0.4603,0.7846,0.7703
Train3Val_UniProt,mean,dna_prot,nt_v2_500m,esm1b_650m,Pure_XGBoost_Concat,0.7299,0.7255,0.7364,0.7235,0.7309,0.4599,0.778,0.7487
Train3Val_UniProt,center,bio_dna_prot,nt_v1_500m,esmc_600m,PyTorch_CrossAttn,0.7292,0.7231,0.7395,0.719,0.7312,0.4585,0.7897,0.7811
Train3Val_UniProt,center,dna_prot,nt_v2_500m,esmc_600m,Hybrid_Concat_XGBoost,0.7292,0.732,0.7199,0.7384,0.7259,0.4584,0.7839,0.781
Train3Val_UniProt,mean,dna_prot,nt_v2_500m,esm1b_650m,Hybrid_Transformer_XGBoost,0.7284,0.733,0.7154,0.7414,0.7241,0.4569,0.7753,0.751
Train3Val_UniProt,center,dna_prot,nt_v3_650m,esmc_600m,PyTorch_CrossAttn,0.7247,0.7735,0.6325,0.8161,0.6959,0.4566,0.7741,0.7773
Train3Val_UniProt,center,dna_prot,nt_v3_650m,esm2_650m,PyTorch_Transformer,0.7254,0.7661,0.6461,0.8042,0.701,0.4561,0.7766,0.7706
Train3Val_UniProt,center,dna_prot,nt_v3_650m,esmc_600m,PyTorch_Transformer,0.7232,0.781,0.6175,0.8281,0.6897,0.456,0.7789,0.7793
Train3Val_UniProt,center,dna_prot,nt_v2_500m,esm1b_650m,PyTorch_CrossAttn,0.7277,0.7408,0.6973,0.7578,0.7184,0.456,0.7778,0.7625
Train3Val_UniProt,center,dna_prot,nt_v3_650m,esmc_600m,Hybrid_Transformer_XGBoost,0.7277,0.725,0.7304,0.725,0.7277,0.4554,0.7786,0.779
Train3Val_UniProt,center,dna_prot,nt_v2_500m,esmc_600m,PyTorch_Transformer,0.7254,0.7525,0.6687,0.7818,0.7081,0.4534,0.77,0.7727
Train3Val_UniProt,mean,prot,,esm1b_650m,PyTorch_Concat,0.7262,0.7392,0.6958,0.7564,0.7168,0.453,0.7879,0.7687
Train3Val_UniProt,mean,prot,None,esm1b_650m,PyTorch_Concat,0.7262,0.7392,0.6958,0.7564,0.7168,0.453,0.7879,0.7687
Train3Val_UniProt,center,dna_prot,nt_v3_650m,esmc_600m,PyTorch_Concat,0.7262,0.7195,0.738,0.7145,0.7286,0.4526,0.7838,0.7801
Train3Val_UniProt,center,dna_prot,nt_v3_650m,esm2_650m,PyTorch_Gating,0.7262,0.7296,0.7154,0.7369,0.7224,0.4524,0.7764,0.7651
Train3Val_UniProt,mean,dna_prot,nt_v1_500m,esm1b_650m,Pure_XGBoost_Concat,0.7262,0.7262,0.7229,0.7294,0.7245,0.4524,0.7798,0.7529
Train3Val_UniProt,mean,dna_prot,nt_v1_500m,esm1b_650m,Hybrid_Transformer_XGBoost,0.7262,0.7304,0.7139,0.7384,0.722,0.4524,0.7776,0.7624
Train3Val_UniProt,center,dna_prot,nt_v3_650m,esm1b_650m,PyTorch_CrossAttn,0.7254,0.7373,0.6973,0.7534,0.7167,0.4514,0.7886,0.7854
Train3Val_UniProt,center,bio_dna_prot,nt_v1_500m,esmc_600m,Hybrid_CrossAttn_XGBoost,0.7232,0.6943,0.7937,0.6532,0.7407,0.4513,0.7885,0.775
Train3Val_UniProt,center,dna_prot,nt_v3_650m,esm1b_650m,PyTorch_Concat,0.7247,0.7455,0.6792,0.7698,0.7108,0.4509,0.7855,0.78
Train3Val_UniProt,mean,bio_dna_geom_prot,nt_v2_500m,esm1b_650m,Pure_XGBoost_Concat,0.7232,0.6964,0.7877,0.6592,0.7392,0.4505,0.7887,0.7685
Train3Val_UniProt,center,dna_prot,nt_v2_500m,esm1b_650m,PyTorch_Concat,0.7247,0.7376,0.6943,0.7549,0.7153,0.45,0.7835,0.78
Train3Val_UniProt,mean,dna_prot,nt_v3_650m,esm1b_650m,PyTorch_Gating,0.7239,0.7475,0.6732,0.7743,0.7084,0.4499,0.7857,0.7741
Train3Val_UniProt,mean,bio_dna_geom_prot,nt_v2_500m,esm1b_650m,PyTorch_Concat,0.7239,0.745,0.6777,0.7698,0.7098,0.4495,0.7781,0.7653
Train3Val_UniProt,cls,bio_geom,nt_v2_500m,esm1b_650m,Pure_XGBoost_Concat,0.7224,0.6965,0.7846,0.6607,0.738,0.4487,0.7862,0.7772
Train3Val_UniProt,mean,dna_prot,nt_v2_500m,esm1b_650m,PyTorch_Concat,0.7239,0.7334,0.7003,0.7474,0.7165,0.4482,0.7888,0.7741
Train3Val_UniProt,center,bio_dna_prot,nt_v1_500m,esmc_600m,Hybrid_Concat_XGBoost,0.7217,0.6951,0.7861,0.6577,0.7378,0.4475,0.7887,0.783
Train3Val_UniProt,mean,dna_prot,nt_v3_650m,esm1b_650m,PyTorch_CrossAttn,0.7232,0.7398,0.6852,0.7608,0.7115,0.4474,0.7873,0.7705
Train3Val_UniProt,center,dna_prot,nt_v3_650m,esm2_650m,PyTorch_Concat,0.7232,0.7383,0.6883,0.7578,0.7124,0.4472,0.7747,0.7615
Train3Val_UniProt,center,dna_geom_prot,nt_v1_500m,esmc_600m,Pure_XGBoost_Concat,0.7232,0.7375,0.6898,0.7564,0.7128,0.4472,0.7847,0.7809
Train3Val_UniProt,center,dna_geom_prot,nt_v1_500m,esmc_600m,PyTorch_CrossAttn,0.7172,0.7842,0.5964,0.8371,0.6775,0.4468,0.7758,0.7731
Train3Val_UniProt,mean,dna_prot,nt_v2_500m,esm1b_650m,Hybrid_Concat_XGBoost,0.7232,0.733,0.6988,0.7474,0.7155,0.4467,0.7732,0.7543
Train3Val_UniProt,center,dna_prot,nt_v2_500m,esmc_600m,PyTorch_CrossAttn,0.7232,0.7316,0.7018,0.7444,0.7164,0.4466,0.7784,0.7742
Train3Val_UniProt,center,dna_prot,nt_v1_500m,esmc_600m,PyTorch_Concat,0.7202,0.7641,0.634,0.8057,0.693,0.4465,0.7713,0.7729
Train3Val_UniProt,center,dna_prot,nt_v3_650m,esm1b_650m,Hybrid_CrossAttn_XGBoost,0.7232,0.7273,0.7108,0.7354,0.719,0.4464,0.7887,0.7903
Train3Val_UniProt,center,dna_prot,nt_v3_650m,esmc_600m,Hybrid_Concat_XGBoost,0.7232,0.7185,0.7304,0.716,0.7244,0.4464,0.7854,0.7778
Train3Val_UniProt,mean,dna_prot,nt_v2_500m,esm1b_650m,PyTorch_Transformer,0.7217,0.7496,0.6627,0.7803,0.7034,0.4461,0.7841,0.7602
Train3Val_UniProt,center,bio_dna_prot,nt_v1_500m,esmc_600m,PyTorch_Concat,0.7224,0.7112,0.7455,0.6996,0.7279,0.4455,0.7895,0.784
Train3Val_UniProt,mean,dna_prot,nt_v3_650m,esm1b_650m,Hybrid_Concat_XGBoost,0.7224,0.7356,0.6913,0.7534,0.7127,0.4455,0.7842,0.7772
Train3Val_UniProt,mean,dna_prot,nt_v2_500m,esm1b_650m,PyTorch_Gating,0.7217,0.7462,0.6687,0.7743,0.7053,0.4455,0.7803,0.7553
Train3Val_UniProt,center,dna_prot,nt_v2_500m,esm2_650m,PyTorch_CrossAttn,0.7224,0.7137,0.7395,0.7055,0.7263,0.4452,0.7771,0.7574
Train3Val_UniProt,center,dna_prot,nt_v2_500m,esm2_650m,PyTorch_Gating,0.7224,0.7283,0.7063,0.7384,0.7171,0.445,0.7781,0.7674
Train3Val_UniProt,mean,dna_prot,nt_v1_500m,esm1b_650m,PyTorch_Transformer,0.7202,0.7575,0.6446,0.7952,0.6965,0.445,0.7829,0.7677
Train3Val_UniProt,center,dna_prot,nt_v2_500m,esm1b_650m,PyTorch_Transformer,0.7217,0.7421,0.6762,0.7668,0.7076,0.4449,0.7805,0.7779
Train3Val_UniProt,center,dna_prot,nt_v2_500m,esmc_600m,PyTorch_Concat,0.7187,0.7681,0.6235,0.8132,0.6883,0.4449,0.7672,0.7712
Train3Val_UniProt,center,dna_prot,nt_v1_500m,esm1b_650m,PyTorch_CrossAttn,0.7217,0.7414,0.6777,0.7653,0.7081,0.4448,0.7752,0.7753
Train3Val_UniProt,center,dna_prot,nt_v1_500m,esm2_650m,PyTorch_Transformer,0.7209,0.7491,0.6611,0.7803,0.7024,0.4447,0.7744,0.7649
Train3Val_UniProt,mean,dna_prot,nt_v1_500m,esm1b_650m,PyTorch_Concat,0.7209,0.7491,0.6611,0.7803,0.7024,0.4447,0.7732,0.7554
Train3Val_UniProt,center,dna_geom_prot,nt_v1_500m,esmc_600m,PyTorch_Concat,0.7172,0.7765,0.6069,0.8266,0.6813,0.4446,0.767,0.7728
Train3Val_UniProt,center,dna_prot,nt_v1_500m,esmc_600m,PyTorch_Transformer,0.7149,0.7886,0.5843,0.8445,0.6713,0.4444,0.7758,0.7753
Train3Val_UniProt,center,bio_dna_prot,nt_v1_500m,esmc_600m,PyTorch_Transformer,0.7194,0.6898,0.7937,0.6457,0.7381,0.4442,0.7908,0.7816
Train3Val_UniProt,center,bio_dna_prot,nt_v1_500m,esmc_600m,Hybrid_Transformer_XGBoost,0.7194,0.6908,0.7907,0.6487,0.7374,0.4438,0.7893,0.7792
Train3Val_UniProt,center,bio_geom,nt_v1_500m,esmc_600m,Pure_XGBoost_Concat,0.7194,0.6913,0.7892,0.6502,0.737,0.4436,0.7906,0.777
Train3Val_UniProt,center,prot,,esmc_600m,Hybrid_Concat_XGBoost,0.7217,0.7237,0.7139,0.7294,0.7187,0.4434,0.7824,0.7775
Train3Val_UniProt,center,prot,None,esmc_600m,Hybrid_Concat_XGBoost,0.7217,0.7237,0.7139,0.7294,0.7187,0.4434,0.7824,0.7775
Train3Val_UniProt,center,dna_prot,nt_v3_650m,esm2_650m,PyTorch_CrossAttn,0.7172,0.7713,0.6145,0.8191,0.684,0.4431,0.7687,0.7661
Train3Val_UniProt,center,dna_geom_prot,nt_v1_500m,esmc_600m,PyTorch_Transformer,0.7134,0.7925,0.5753,0.8505,0.6667,0.4431,0.7779,0.7774
Train3Val_UniProt,center,prot,,esmc_600m,PyTorch_Concat,0.7149,0.784,0.5904,0.8386,0.6735,0.443,0.7795,0.7769
Train3Val_UniProt,center,prot,None,esmc_600m,PyTorch_Concat,0.7149,0.784,0.5904,0.8386,0.6735,0.443,0.7795,0.7769
Train3Val_UniProt,center,dna_prot,nt_v3_650m,esm1b_650m,PyTorch_Transformer,0.7202,0.7429,0.6702,0.7698,0.7047,0.4423,0.7841,0.7757
Train3Val_UniProt,center,dna_prot,nt_v3_650m,esmc_600m,Hybrid_CrossAttn_XGBoost,0.7209,0.7147,0.7319,0.71,0.7232,0.442,0.7803,0.7797
Train3Val_UniProt,center,prot,,esmc_600m,Pure_XGBoost_Concat,0.7209,0.7274,0.7033,0.7384,0.7152,0.442,0.7761,0.7653
Train3Val_UniProt,center,prot,None,esmc_600m,Pure_XGBoost_Concat,0.7209,0.7274,0.7033,0.7384,0.7152,0.442,0.7761,0.7653
Train3Val_UniProt,center,dna_prot,nt_v1_500m,esmc_600m,Hybrid_CrossAttn_XGBoost,0.7209,0.7212,0.7169,0.725,0.719,0.4418,0.7798,0.7728
Train3Val_UniProt,mean,dna_prot,nt_v2_500m,esm1b_650m,PyTorch_CrossAttn,0.7202,0.7366,0.6822,0.7578,0.7084,0.4414,0.7806,0.76
Train3Val_UniProt,center,dna_prot,nt_v3_650m,esm1b_650m,PyTorch_Gating,0.7194,0.7441,0.6657,0.7728,0.7027,0.4411,0.7786,0.778
Train3Val_UniProt,center,dna_prot,nt_v2_500m,esm1b_650m,Pure_XGBoost_Concat,0.7202,0.7328,0.6898,0.7504,0.7106,0.441,0.7783,0.7801
Train3Val_UniProt,center,dna_prot,nt_v2_500m,esm2_650m,PyTorch_Transformer,0.7202,0.7328,0.6898,0.7504,0.7106,0.441,0.7715,0.7634
Train3Val_UniProt,cls,bio_dna_geom_prot,nt_v2_500m,esm1b_650m,PyTorch_CrossAttn,0.7194,0.7433,0.6672,0.7713,0.7032,0.4409,0.7725,0.759
Train3Val_UniProt,center,bio_dna_geom_prot,nt_v1_500m,esmc_600m,PyTorch_Concat,0.7172,0.7623,0.628,0.8057,0.6887,0.4408,0.781,0.7797
Train3Val_UniProt,mean,prot,,esm1b_650m,Hybrid_Concat_XGBoost,0.7202,0.7277,0.7003,0.7399,0.7137,0.4406,0.7762,0.7647
Train3Val_UniProt,mean,prot,None,esm1b_650m,Hybrid_Concat_XGBoost,0.7202,0.7277,0.7003,0.7399,0.7137,0.4406,0.7762,0.7647
Train3Val_UniProt,center,dna_prot,nt_v3_650m,esm2_650m,Hybrid_Transformer_XGBoost,0.7202,0.7149,0.7289,0.7115,0.7218,0.4405,0.7789,0.7634
Train3Val_UniProt,mean,dna_prot,nt_v2_500m,esm1b_650m,Hybrid_CrossAttn_XGBoost,0.7202,0.727,0.7018,0.7384,0.7142,0.4405,0.7771,0.757
Train3Val_UniProt,center,bio_dna_geom_prot,nt_v1_500m,esmc_600m,Pure_XGBoost_Concat,0.7172,0.6881,0.7907,0.6442,0.7358,0.4395,0.7932,0.7851
Train3Val_UniProt,mean,dna_prot,nt_v1_500m,esm1b_650m,Hybrid_Concat_XGBoost,0.7194,0.728,0.6973,0.7414,0.7123,0.4392,0.7759,0.7715
Train3Val_UniProt,center,dna_prot,nt_v1_500m,esm2_650m,Pure_XGBoost_Concat,0.7194,0.7259,0.7018,0.7369,0.7136,0.439,0.7745,0.7704
Train3Val_UniProt,center,dna_prot,nt_v2_500m,esm1b_650m,Hybrid_CrossAttn_XGBoost,0.7194,0.7238,0.7063,0.7324,0.7149,0.4389,0.7804,0.7683
Train3Val_UniProt,mean,dna_prot,nt_v3_650m,esm1b_650m,Pure_XGBoost_Concat,0.7194,0.7177,0.7199,0.719,0.7188,0.4389,0.776,0.7617
Train3Val_UniProt,cls,bio_dna_geom_prot,nt_v2_500m,esm1b_650m,PyTorch_Gating,0.7172,0.7531,0.6431,0.7907,0.6937,0.4387,0.7865,0.7715
Train3Val_UniProt,mean,bio_dna_prot,nt_v2_500m,esm1b_650m,PyTorch_Concat,0.7187,0.7044,0.75,0.6876,0.7265,0.4384,0.7761,0.757
Train3Val_UniProt,mean,dna_prot,nt_v1_500m,esm1b_650m,PyTorch_CrossAttn,0.7187,0.7334,0.6837,0.7534,0.7077,0.4382,0.773,0.766
Train3Val_UniProt,center,dna_prot,nt_v1_500m,esm1b_650m,Pure_XGBoost_Concat,0.7187,0.7305,0.6898,0.7474,0.7095,0.4379,0.7789,0.7689
Train3Val_UniProt,mean,dna_geom_prot,nt_v2_500m,esm1b_650m,Pure_XGBoost_Concat,0.7187,0.7276,0.6958,0.7414,0.7113,0.4377,0.787,0.7736
Train3Val_UniProt,mean,dna_prot,nt_v3_650m,esm1b_650m,PyTorch_Transformer,0.7127,0.7782,0.5919,0.8326,0.6724,0.4375,0.7861,0.775
Train3Val_UniProt,mean,dna_prot,nt_v3_650m,esm1b_650m,Hybrid_CrossAttn_XGBoost,0.7187,0.7247,0.7018,0.7354,0.7131,0.4375,0.7717,0.7559
Train3Val_UniProt,center,dna_prot,nt_v2_500m,esmc_600m,PyTorch_Gating,0.7179,0.7353,0.6777,0.7578,0.7053,0.437,0.7742,0.7712
Train3Val_UniProt,mean,bio_dna_geom_prot,nt_v2_500m,esm1b_650m,PyTorch_Gating,0.7179,0.7087,0.7364,0.6996,0.7223,0.4363,0.7733,0.764
Train3Val_UniProt,cls,bio_dna_geom_prot,nt_v2_500m,esm1b_650m,PyTorch_Transformer,0.7157,0.7531,0.6386,0.7922,0.6911,0.4361,0.7769,0.7619
Train3Val_UniProt,mean,bio_dna_prot,nt_v2_500m,esm1b_650m,PyTorch_CrossAttn,0.7179,0.713,0.7259,0.71,0.7194,0.436,0.7751,0.765
Train3Val_UniProt,mean,prot,,esm1b_650m,Pure_XGBoost_Concat,0.7179,0.7156,0.7199,0.716,0.7177,0.4359,0.7806,0.7628
Train3Val_UniProt,mean,prot,None,esm1b_650m,Pure_XGBoost_Concat,0.7179,0.7156,0.7199,0.716,0.7177,0.4359,0.7806,0.7628
Train3Val_UniProt,center,dna_prot,nt_v1_500m,esmc_600m,Hybrid_Transformer_XGBoost,0.7179,0.7182,0.7139,0.722,0.716,0.4358,0.777,0.7727
Train3Val_UniProt,center,dna_prot,nt_v1_500m,esmc_600m,PyTorch_CrossAttn,0.7104,0.7837,0.5783,0.8416,0.6655,0.4354,0.772,0.7715
Train3Val_UniProt,center,dna_prot,nt_v1_500m,esm1b_650m,PyTorch_Transformer,0.7157,0.7478,0.6476,0.7833,0.6941,0.435,0.7681,0.7692
Train3Val_UniProt,center,dna_prot,nt_v3_650m,esmc_600m,PyTorch_Gating,0.7119,0.7692,0.6024,0.8206,0.6757,0.4336,0.7713,0.7711
Train3Val_UniProt,center,dna_geom_prot,nt_v1_500m,esmc_600m,Hybrid_Gating_XGBoost,0.7142,0.754,0.6325,0.7952,0.688,0.4336,0.7712,0.7755
Train3Val_UniProt,mean,bio_geom,nt_v2_500m,esm1b_650m,Pure_XGBoost_Concat,0.7134,0.6812,0.7982,0.6293,0.7351,0.4336,0.7859,0.7699
Train3Val_UniProt,cls,bio_dna_prot,nt_v2_500m,esm1b_650m,Hybrid_CrossAttn_XGBoost,0.7149,0.6903,0.7756,0.6547,0.7305,0.4334,0.7691,0.7562
Train3Val_UniProt,mean,dna_prot,nt_v3_650m,esm1b_650m,Hybrid_Transformer_XGBoost,0.7164,0.727,0.6898,0.7429,0.7079,0.4333,0.7751,0.7573
Train3Val_UniProt,center,dna_prot,nt_v2_500m,esmc_600m,Hybrid_CrossAttn_XGBoost,0.7164,0.7115,0.7244,0.7085,0.7179,0.433,0.7795,0.7786
Train3Val_UniProt,cls,dna_geom_prot,nt_v2_500m,esm1b_650m,Pure_XGBoost_Concat,0.7164,0.722,0.7003,0.7324,0.711,0.433,0.7812,0.7695
Train3Val_UniProt,center,bio_dna_prot,nt_v1_500m,esmc_600m,PyTorch_Gating,0.7149,0.6951,0.762,0.6682,0.727,0.432,0.7853,0.7769
Train3Val_UniProt,mean,bio_dna_prot,nt_v2_500m,esm1b_650m,Hybrid_Gating_XGBoost,0.7142,0.6894,0.7756,0.6532,0.73,0.432,0.7729,0.7602
Train3Val_UniProt,mean,dna_prot,nt_v1_500m,esm1b_650m,Hybrid_CrossAttn_XGBoost,0.7157,0.7266,0.6883,0.7429,0.7069,0.4318,0.7714,0.7559
Train3Val_UniProt,center,dna_prot,nt_v3_650m,esmc_600m,Pure_XGBoost_Concat,0.7157,0.7237,0.6943,0.7369,0.7087,0.4316,0.778,0.7737
Train3Val_UniProt,center,dna_prot,nt_v2_500m,esmc_600m,Hybrid_Transformer_XGBoost,0.7157,0.7086,0.7289,0.7025,0.7186,0.4316,0.7714,0.7634
Train3Val_UniProt,mean,bio_dna_prot,nt_v2_500m,esm1b_650m,Hybrid_CrossAttn_XGBoost,0.7142,0.6904,0.7726,0.6562,0.7292,0.4316,0.779,0.7649
Train3Val_UniProt,center,dna_prot,nt_v2_500m,esm2_650m,Pure_XGBoost_Concat,0.7157,0.7223,0.6973,0.7339,0.7096,0.4315,0.7675,0.7593
Train3Val_UniProt,center,dna_prot,nt_v2_500m,esmc_600m,Pure_XGBoost_Concat,0.7157,0.7189,0.7048,0.7265,0.7118,0.4314,0.7695,0.7624
Train3Val_UniProt,center,dna_prot,nt_v1_500m,esm2_650m,Hybrid_CrossAttn_XGBoost,0.7157,0.7149,0.7139,0.7175,0.7144,0.4313,0.7658,0.7529
Train3Val_UniProt,mean,dna_prot,nt_v3_650m,esm1b_650m,PyTorch_Concat,0.7149,0.7219,0.6958,0.7339,0.7086,0.4301,0.7848,0.7697
Train3Val_UniProt,center,dna_prot,nt_v3_650m,esm1b_650m,Hybrid_Concat_XGBoost,0.7149,0.7165,0.7078,0.722,0.7121,0.4299,0.7751,0.7704
Train3Val_UniProt,center,dna_prot,nt_v2_500m,esm2_650m,Hybrid_CrossAttn_XGBoost,0.7149,0.7191,0.7018,0.728,0.7104,0.4299,0.7753,0.7684
Train3Val_UniProt,center,dna_prot,nt_v3_650m,esm1b_650m,Hybrid_Gating_XGBoost,0.7149,0.7152,0.7108,0.719,0.713,0.4298,0.7729,0.773
Train3Val_UniProt,cls,bio_geom,nt_v2_500m,esm1b_650m,PyTorch_Concat,0.7142,0.7271,0.6822,0.7459,0.704,0.429,0.7699,0.7649
Train3Val_UniProt,center,dna_prot,nt_v1_500m,esmc_600m,Pure_XGBoost_Concat,0.7142,0.7242,0.6883,0.7399,0.7058,0.4288,0.7719,0.7723
Train3Val_UniProt,mean,dna_prot,nt_v1_500m,esm1b_650m,PyTorch_Gating,0.7119,0.75,0.6325,0.7907,0.6863,0.4288,0.7767,0.7608
Train3Val_UniProt,center,dna_prot,nt_v1_500m,esm2_650m,Hybrid_Gating_XGBoost,0.7142,0.716,0.7063,0.722,0.7111,0.4284,0.7722,0.7571
Train3Val_UniProt,center,dna_prot,nt_v2_500m,esm2_650m,Hybrid_Concat_XGBoost,0.7142,0.7096,0.7214,0.707,0.7155,0.4284,0.7744,0.7705
Train3Val_UniProt,center,dna_geom_prot,nt_v1_500m,esmc_600m,Hybrid_CrossAttn_XGBoost,0.7142,0.7121,0.7154,0.713,0.7137,0.4284,0.7717,0.77
Train3Val_UniProt,center,dna_prot,nt_v1_500m,esm2_650m,Hybrid_Concat_XGBoost,0.7142,0.7147,0.7093,0.719,0.712,0.4283,0.7679,0.7546
Train3Val_UniProt,center,bio_dna_geom_prot,nt_v1_500m,esmc_600m,Hybrid_Transformer_XGBoost,0.7134,0.726,0.6822,0.7444,0.7034,0.4275,0.7725,0.7712
Train3Val_UniProt,mean,dna_prot,nt_v1_500m,esm1b_650m,Hybrid_Gating_XGBoost,0.7134,0.7224,0.6898,0.7369,0.7057,0.4272,0.7692,0.7537
Train3Val_UniProt,center,bio_dna_prot,nt_v1_500m,esmc_600m,Pure_XGBoost_Concat,0.7112,0.6838,0.7816,0.6413,0.7294,0.427,0.7835,0.7645
Train3Val_UniProt,center,dna_prot,nt_v2_500m,esm2_650m,Hybrid_Gating_XGBoost,0.7134,0.7163,0.7033,0.7235,0.7097,0.4269,0.7657,0.7598
Train3Val_UniProt,center,dna_prot,nt_v3_650m,esm2_650m,Hybrid_CrossAttn_XGBoost,0.7134,0.713,0.7108,0.716,0.7119,0.4268,0.7757,0.7656
Train3Val_UniProt,mean,dna_geom_prot,nt_v2_500m,esm1b_650m,PyTorch_Transformer,0.7127,0.7315,0.6687,0.7564,0.6987,0.4267,0.7742,0.7579
Train3Val_UniProt,center,dna_prot,nt_v2_500m,esm1b_650m,PyTorch_Gating,0.7127,0.73,0.6717,0.7534,0.6996,0.4265,0.777,0.7746
Train3Val_UniProt,mean,bio_dna_geom_prot,nt_v2_500m,esm1b_650m,PyTorch_CrossAttn,0.7082,0.7649,0.5979,0.8176,0.6712,0.4261,0.7756,0.7653
Train3Val_UniProt,center,dna_prot,nt_v1_500m,esm1b_650m,Hybrid_Transformer_XGBoost,0.7127,0.7213,0.6898,0.7354,0.7052,0.4257,0.7753,0.7678
Train3Val_UniProt,center,dna_geom_prot,nt_v1_500m,esmc_600m,Hybrid_Transformer_XGBoost,0.7127,0.7213,0.6898,0.7354,0.7052,0.4257,0.7721,0.768
Train3Val_UniProt,mean,dna_prot,nt_v2_500m,esm1b_650m,Hybrid_Gating_XGBoost,0.7127,0.7199,0.6928,0.7324,0.7061,0.4256,0.7732,0.7538
Train3Val_UniProt,mean,bio_dna_prot,nt_v2_500m,esm1b_650m,Pure_XGBoost_Concat,0.7097,0.6787,0.7922,0.6278,0.7311,0.4256,0.7759,0.7575
Train3Val_UniProt,center,dna_prot,nt_v2_500m,esm2_650m,Hybrid_Transformer_XGBoost,0.7127,0.7075,0.7214,0.704,0.7144,0.4255,0.7766,0.7604
Train3Val_UniProt,center,dna_prot,nt_v1_500m,esm2_650m,PyTorch_Gating,0.7119,0.7251,0.6792,0.7444,0.7014,0.4246,0.767,0.7648
Train3Val_UniProt,center,bio_geom,nt_v1_500m,esmc_600m,PyTorch_Concat,0.7112,0.7329,0.6611,0.7608,0.6952,0.4242,0.7649,0.7618
Train3Val_UniProt,center,dna_prot,nt_v1_500m,esm1b_650m,Hybrid_Concat_XGBoost,0.7119,0.7141,0.7033,0.7205,0.7086,0.4239,0.77,0.7694
Train3Val_UniProt,center,dna_prot,nt_v1_500m,esm2_650m,PyTorch_CrossAttn,0.7112,0.7283,0.6702,0.7519,0.698,0.4235,0.7663,0.758
Train3Val_UniProt,center,dna_prot,nt_v3_650m,esm1b_650m,Pure_XGBoost_Concat,0.7112,0.7211,0.6852,0.7369,0.7027,0.4228,0.783,0.7845
Train3Val_UniProt,mean,bio_dna_prot,nt_v2_500m,esm1b_650m,PyTorch_Gating,0.7097,0.6874,0.7651,0.6547,0.7242,0.4223,0.7753,0.7525
Train3Val_UniProt,mean,dna_geom_prot,nt_v2_500m,esm1b_650m,PyTorch_CrossAttn,0.7104,0.7249,0.6747,0.7459,0.6989,0.4217,0.7728,0.7484
Train3Val_UniProt,center,dna_prot,nt_v1_500m,esm1b_650m,Hybrid_CrossAttn_XGBoost,0.7104,0.7165,0.6928,0.728,0.7044,0.421,0.7726,0.7793
Train3Val_UniProt,center,dna_prot,nt_v3_650m,esm1b_650m,Hybrid_Transformer_XGBoost,0.7104,0.7152,0.6958,0.725,0.7053,0.4209,0.7838,0.7824
Train3Val_UniProt,center,dna_prot,nt_v3_650m,esm2_650m,Hybrid_Gating_XGBoost,0.7104,0.7087,0.7108,0.71,0.7098,0.4209,0.7709,0.7678
Train3Val_UniProt,center,dna_prot,nt_v1_500m,esmc_600m,Hybrid_Gating_XGBoost,0.7097,0.7127,0.6988,0.7205,0.7057,0.4194,0.7715,0.7634
Train3Val_UniProt,center,dna_prot,nt_v3_650m,esmc_600m,Hybrid_Gating_XGBoost,0.7097,0.7089,0.7078,0.7115,0.7084,0.4193,0.774,0.7737
Train3Val_UniProt,mean,bio_geom,nt_v2_500m,esm1b_650m,PyTorch_Concat,0.7097,0.7089,0.7078,0.7115,0.7084,0.4193,0.7656,0.7632
Train3Val_UniProt,mean,bio_dna_prot,nt_v2_500m,esm1b_650m,Hybrid_Concat_XGBoost,0.7074,0.6827,0.7711,0.6442,0.7242,0.4186,0.77,0.7567
Train3Val_UniProt,cls,bio_dna_prot,nt_v2_500m,esm1b_650m,Hybrid_Concat_XGBoost,0.7067,0.6798,0.7771,0.6368,0.7252,0.4179,0.7652,0.7494
Train3Val_UniProt,center,dna_prot,nt_v2_500m,esm1b_650m,Hybrid_Transformer_XGBoost,0.7089,0.7097,0.7033,0.7145,0.7065,0.4178,0.7818,0.7741
Train3Val_UniProt,center,dna_prot,nt_v2_500m,esmc_600m,Hybrid_Gating_XGBoost,0.7089,0.7097,0.7033,0.7145,0.7065,0.4178,0.771,0.7632
Train3Val_UniProt,cls,dna_prot,nt_v2_500m,esm1b_650m,PyTorch_Transformer,0.7074,0.7322,0.6506,0.7638,0.689,0.4172,0.7534,0.7244
Train3Val_UniProt,mean,dna_prot,nt_v3_650m,esm2_650m,PyTorch_Transformer,0.7074,0.7322,0.6506,0.7638,0.689,0.4172,0.7709,0.7604
Train3Val_UniProt,center,dna_prot,nt_v1_500m,esm2_650m,Hybrid_Transformer_XGBoost,0.7082,0.7086,0.7033,0.713,0.706,0.4163,0.7717,0.7661
Train3Val_UniProt,center,dna_prot,nt_v2_500m,esm2_650m,PyTorch_Concat,0.7074,0.7268,0.6611,0.7534,0.6924,0.4163,0.7699,0.7632
Train3Val_UniProt,mean,bio_dna_geom_prot,nt_v2_500m,esm1b_650m,Hybrid_Transformer_XGBoost,0.7067,0.7341,0.6446,0.7683,0.6864,0.4162,0.7645,0.7534
Train3Val_UniProt,center,dna_prot,nt_v2_500m,esm1b_650m,Hybrid_Concat_XGBoost,0.7074,0.7088,0.7003,0.7145,0.7045,0.4148,0.7751,0.7777
Train3Val_UniProt,mean,dna_geom_prot,nt_v2_500m,esm1b_650m,PyTorch_Gating,0.7044,0.7437,0.6205,0.7877,0.6765,0.4142,0.7746,0.7526
Train3Val_UniProt,cls,dna_prot,nt_v3_650m,esm1b_650m,PyTorch_Concat,0.7067,0.7191,0.6747,0.7384,0.6962,0.414,0.7567,0.739
Train3Val_UniProt,mean,dna_prot,nt_v3_650m,esm2_650m,Hybrid_CrossAttn_XGBoost,0.7067,0.717,0.6792,0.7339,0.6976,0.4138,0.7589,0.7407
Train3Val_UniProt,center,dna_prot,nt_v1_500m,esm2_650m,PyTorch_Concat,0.7067,0.715,0.6837,0.7294,0.699,0.4136,0.7625,0.7572
Train3Val_UniProt,mean,bio_dna_prot,nt_v2_500m,esm1b_650m,Hybrid_Transformer_XGBoost,0.7052,0.6824,0.7636,0.6472,0.7207,0.4135,0.7739,0.753
Train3Val_UniProt,mean,dna_prot,nt_v3_650m,esm2_650m,PyTorch_Concat,0.7067,0.7059,0.7048,0.7085,0.7054,0.4133,0.7696,0.7534
Train3Val_UniProt,cls,prot,,esm1b_650m,PyTorch_Concat,0.7059,0.7201,0.6702,0.7414,0.6942,0.4127,0.7624,0.736
Train3Val_UniProt,cls,prot,None,esm1b_650m,PyTorch_Concat,0.7059,0.7201,0.6702,0.7414,0.6942,0.4127,0.7624,0.736
Train3Val_UniProt,center,dna_prot,nt_v1_500m,esm1b_650m,PyTorch_Gating,0.7059,0.7179,0.6747,0.7369,0.6957,0.4125,0.7749,0.7759
Train3Val_UniProt,center,dna_geom_prot,nt_v1_500m,esmc_600m,Hybrid_Concat_XGBoost,0.7037,0.7406,0.6235,0.7833,0.677,0.4121,0.771,0.7717
Train3Val_UniProt,center,dna_prot,nt_v2_500m,esm1b_650m,Hybrid_Gating_XGBoost,0.7059,0.7125,0.6867,0.725,0.6994,0.412,0.7642,0.7538
Train3Val_UniProt,mean,dna_prot,nt_v3_650m,esm2_650m,PyTorch_CrossAttn,0.7052,0.7203,0.6672,0.7429,0.6927,0.4113,0.7727,0.7499
Train3Val_UniProt,center,dna_prot,nt_v1_500m,esm1b_650m,PyTorch_Concat,0.7052,0.7127,0.6837,0.7265,0.6979,0.4106,0.7636,0.7656
Train3Val_UniProt,center,dna_prot,nt_v3_650m,esm2_650m,Hybrid_Concat_XGBoost,0.7052,0.7013,0.7108,0.6996,0.7061,0.4104,0.7729,0.7632
Train3Val_UniProt,cls,bio_dna_prot,nt_v2_500m,esm1b_650m,Pure_XGBoost_Concat,0.7014,0.6696,0.7907,0.6129,0.7251,0.4099,0.7601,0.735
Train3Val_UniProt,mean,dna_prot,nt_v3_650m,esm2_650m,PyTorch_Gating,0.7044,0.715,0.6762,0.7324,0.695,0.4093,0.7665,0.7495
Train3Val_UniProt,center,dna_geom_prot,nt_v1_500m,esmc_600m,PyTorch_Gating,0.6977,0.7669,0.5648,0.8296,0.6505,0.4091,0.7729,0.7732
Train3Val_UniProt,mean,dna_prot,nt_v2_500m,esm2_650m,PyTorch_Gating,0.7044,0.7096,0.6883,0.7205,0.6988,0.409,0.7651,0.7452
Train3Val_UniProt,mean,dna_prot,nt_v3_650m,esm2_650m,Hybrid_Transformer_XGBoost,0.7037,0.7166,0.6702,0.7369,0.6926,0.4081,0.755,0.726
Train3Val_UniProt,cls,bio_dna_prot,nt_v2_500m,esm1b_650m,Hybrid_Gating_XGBoost,0.7014,0.675,0.7726,0.6308,0.7205,0.4074,0.76,0.7402
Train3Val_UniProt,cls,bio_dna_geom_prot,nt_v2_500m,esm1b_650m,PyTorch_Concat,0.7037,0.7085,0.6883,0.719,0.6982,0.4074,0.7701,0.7609
Train3Val_UniProt,center,dna_prot,nt_v1_500m,esmc_600m,Hybrid_Concat_XGBoost,0.7037,0.7023,0.7033,0.704,0.7028,0.4073,0.7756,0.7748
Train3Val_UniProt,mean,dna_prot,nt_v1_500m,esm2_650m,PyTorch_Concat,0.7029,0.7134,0.6747,0.7309,0.6935,0.4063,0.755,0.7395
Train3Val_UniProt,mean,dna_prot,nt_v3_650m,esm1b_650m,Hybrid_Gating_XGBoost,0.7029,0.7134,0.6747,0.7309,0.6935,0.4063,0.773,0.7597
Train3Val_UniProt,cls,bio_dna_prot,nt_v2_500m,esm1b_650m,Hybrid_Transformer_XGBoost,0.7007,0.6741,0.7726,0.6293,0.72,0.406,0.763,0.7449
Train3Val_UniProt,mean,dna_prot,nt_v2_500m,esm2_650m,PyTorch_Transformer,0.7007,0.7219,0.6491,0.7519,0.6836,0.4032,0.7662,0.7435
Train3Val_UniProt,cls,prot,,esm1b_650m,Hybrid_Concat_XGBoost,0.7014,0.7065,0.6852,0.7175,0.6957,0.403,0.7582,0.7517
Train3Val_UniProt,cls,prot,None,esm1b_650m,Hybrid_Concat_XGBoost,0.7014,0.7065,0.6852,0.7175,0.6957,0.403,0.7582,0.7517
Train3Val_UniProt,mean,dna_prot,nt_v3_650m,esmc_600m,PyTorch_CrossAttn,0.6954,0.758,0.5708,0.8191,0.6512,0.4027,0.75,0.7596
Train3Val_UniProt,cls,bio_dna_prot,nt_v2_500m,esm1b_650m,PyTorch_Concat,0.6999,0.6808,0.7485,0.6517,0.7131,0.402,0.7564,0.7453
Train3Val_UniProt,mean,dna_geom_prot,nt_v2_500m,esm1b_650m,PyTorch_Concat,0.6969,0.6637,0.7937,0.6009,0.7229,0.402,0.7682,0.7536
Train3Val_UniProt,cls,dna_prot,nt_v2_500m,esm1b_650m,Pure_XGBoost_Concat,0.7007,0.6923,0.7184,0.6831,0.7051,0.4017,0.7524,0.7353
Train3Val_UniProt,cls,bio_dna_geom_prot,nt_v2_500m,esm1b_650m,Hybrid_Gating_XGBoost,0.7007,0.6946,0.7123,0.6891,0.7033,0.4015,0.7515,0.7267
Train3Val_UniProt,cls,dna_prot,nt_v3_650m,esm1b_650m,PyTorch_Gating,0.6992,0.7271,0.634,0.7638,0.6774,0.4013,0.755,0.7349
Train3Val_UniProt,cls,dna_prot,nt_v2_500m,esm1b_650m,PyTorch_CrossAttn,0.6999,0.7178,0.6551,0.7444,0.685,0.4012,0.7352,0.7147
Train3Val_UniProt,mean,dna_prot,nt_v3_650m,esmc_600m,PyTorch_Transformer,0.6977,0.7377,0.6099,0.7848,0.6678,0.401,0.767,0.7685
Train3Val_UniProt,mean,dna_prot,nt_v3_650m,esmc_600m,Hybrid_CrossAttn_XGBoost,0.6999,0.7109,0.6702,0.7294,0.6899,0.4004,0.746,0.7555
Train3Val_UniProt,cls,dna_geom_prot,nt_v2_500m,esm1b_650m,PyTorch_CrossAttn,0.6939,0.757,0.5678,0.8191,0.6489,0.3999,0.751,0.7512
Train3Val_UniProt,cls,dna_prot,nt_v3_650m,esm1b_650m,Hybrid_Concat_XGBoost,0.6999,0.7,0.6958,0.704,0.6979,0.3998,0.7575,0.7427
Train3Val_UniProt,cls,bio_dna_prot,nt_v2_500m,esm1b_650m,PyTorch_Transformer,0.6999,0.7012,0.6928,0.707,0.697,0.3998,0.7633,0.7514
Train3Val_UniProt,mean,dna_prot,nt_v1_500m,esm2_650m,PyTorch_Transformer,0.6977,0.7302,0.6235,0.7713,0.6726,0.3993,0.7529,0.7353
Train3Val_UniProt,mean,dna_prot,nt_v1_500m,esmc_600m,PyTorch_Concat,0.6932,0.7565,0.5663,0.8191,0.6477,0.3985,0.7283,0.7483
Train3Val_UniProt,cls,dna_prot,nt_v1_500m,esm1b_650m,PyTorch_Gating,0.6977,0.7254,0.6325,0.7623,0.6758,0.3983,0.7486,0.7235
Train3Val_UniProt,cls,dna_prot,nt_v3_650m,esm1b_650m,Hybrid_CrossAttn_XGBoost,0.6984,0.7079,0.6717,0.725,0.6893,0.3972,0.758,0.7476
Train3Val_UniProt,mean,bio_dna_geom_prot,nt_v2_500m,esm1b_650m,Hybrid_Gating_XGBoost,0.6984,0.6926,0.7093,0.6876,0.7009,0.397,0.7573,0.7469
Train3Val_UniProt,center,dna_prot,nt_v1_500m,esm1b_650m,Hybrid_Gating_XGBoost,0.6984,0.7022,0.6852,0.7115,0.6936,0.3969,0.7683,0.7719
Train3Val_UniProt,mean,dna_prot,nt_v1_500m,esm2_650m,PyTorch_Gating,0.6977,0.7164,0.6506,0.7444,0.6819,0.3968,0.7565,0.7358
Train3Val_UniProt,mean,dna_prot,nt_v3_650m,esmc_600m,Pure_XGBoost_Concat,0.6977,0.7023,0.6822,0.713,0.6921,0.3954,0.7584,0.7626
Train3Val_UniProt,cls,bio_dna_geom_prot,nt_v2_500m,esm1b_650m,Hybrid_Transformer_XGBoost,0.6969,0.6873,0.7184,0.6756,0.7025,0.3943,0.7571,0.7384
Train3Val_UniProt,mean,dna_prot,nt_v1_500m,esm2_650m,Pure_XGBoost_Concat,0.6969,0.6952,0.6973,0.6966,0.6962,0.3938,0.7502,0.7249
Train3Val_UniProt,cls,dna_prot,nt_v2_500m,esm1b_650m,PyTorch_Concat,0.6954,0.7209,0.634,0.7564,0.6747,0.3934,0.7522,0.7279
Train3Val_UniProt,mean,dna_geom_prot,nt_v2_500m,esm1b_650m,Hybrid_CrossAttn_XGBoost,0.6917,0.6611,0.7816,0.6024,0.7164,0.3902,0.7535,0.7364
Train3Val_UniProt,mean,dna_prot,nt_v3_650m,esmc_600m,Hybrid_Concat_XGBoost,0.6947,0.7076,0.6596,0.7294,0.6828,0.3901,0.7576,0.758
Train3Val_UniProt,mean,dna_prot,nt_v3_650m,esmc_600m,Hybrid_Transformer_XGBoost,0.6947,0.7036,0.6687,0.7205,0.6857,0.3897,0.7631,0.7611
Train3Val_UniProt,cls,dna_prot,nt_v1_500m,esm1b_650m,PyTorch_Transformer,0.6917,0.7338,0.5979,0.7848,0.6589,0.3896,0.75,0.7217
Train3Val_UniProt,cls,dna_prot,nt_v2_500m,esm1b_650m,Hybrid_CrossAttn_XGBoost,0.6947,0.7017,0.6732,0.716,0.6872,0.3896,0.7487,0.7256
Train3Val_UniProt,mean,dna_prot,nt_v2_500m,esm2_650m,PyTorch_Concat,0.6947,0.7017,0.6732,0.716,0.6872,0.3896,0.7591,0.7437
Train3Val_UniProt,cls,dna_prot,nt_v2_500m,esm1b_650m,Hybrid_Concat_XGBoost,0.6947,0.6998,0.6777,0.7115,0.6886,0.3895,0.7559,0.7389
Train3Val_UniProt,cls,dna_geom_prot,nt_v2_500m,esm1b_650m,PyTorch_Concat,0.6947,0.6968,0.6852,0.704,0.691,0.3894,0.7489,0.7406
Train3Val_UniProt,mean,dna_prot,nt_v1_500m,esm2_650m,PyTorch_CrossAttn,0.6947,0.6932,0.6943,0.6951,0.6938,0.3893,0.7589,0.7423
Train3Val_UniProt,mean,dna_prot,nt_v2_500m,esmc_600m,Pure_XGBoost_Concat,0.6939,0.7058,0.6611,0.7265,0.6827,0.3885,0.7504,0.748
Train3Val_UniProt,cls,dna_prot,nt_v3_650m,esm1b_650m,PyTorch_CrossAttn,0.6917,0.7263,0.6114,0.7713,0.6639,0.3878,0.7543,0.7234
Train3Val_UniProt,mean,dna_prot,nt_v3_650m,esm2_650m,Pure_XGBoost_Concat,0.6939,0.6951,0.6867,0.701,0.6909,0.3878,0.7505,0.7277
Train3Val_UniProt,cls,prot,,esm1b_650m,Pure_XGBoost_Concat,0.6932,0.6824,0.7184,0.6682,0.6999,0.387,0.7503,0.7289
Train3Val_UniProt,cls,prot,None,esm1b_650m,Pure_XGBoost_Concat,0.6932,0.6824,0.7184,0.6682,0.6999,0.387,0.7503,0.7289
Train3Val_UniProt,mean,dna_prot,nt_v2_500m,esmc_600m,PyTorch_Transformer,0.6894,0.7376,0.5843,0.7937,0.6521,0.3867,0.7543,0.7568
Train3Val_UniProt,mean,dna_prot,nt_v2_500m,esm2_650m,Hybrid_Gating_XGBoost,0.6932,0.7008,0.6702,0.716,0.6851,0.3866,0.7467,0.7276
Train3Val_UniProt,mean,dna_prot,nt_v3_650m,esm2_650m,Hybrid_Concat_XGBoost,0.6924,0.7003,0.6687,0.716,0.6841,0.3851,0.7528,0.7347
Train3Val_UniProt,cls,dna_prot,nt_v1_500m,esm1b_650m,PyTorch_CrossAttn,0.6894,0.7306,0.5964,0.7818,0.6567,0.3849,0.7486,0.7284
Train3Val_UniProt,mean,dna_prot,nt_v2_500m,esm2_650m,PyTorch_CrossAttn,0.6894,0.7273,0.6024,0.7758,0.659,0.3841,0.7519,0.7404
Train3Val_UniProt,cls,dna_prot,nt_v3_650m,esm1b_650m,Pure_XGBoost_Concat,0.6917,0.6847,0.7063,0.6771,0.6953,0.3836,0.7482,0.7379
Train3Val_UniProt,mean,dna_prot,nt_v2_500m,esmc_600m,Hybrid_Concat_XGBoost,0.6909,0.7006,0.6627,0.719,0.6811,0.3823,0.7495,0.7504
Train3Val_UniProt,center,bio_geom,nt_v1_500m,esmc_600m,Hybrid_Concat_XGBoost,0.6692,0.8177,0.4322,0.9043,0.5655,0.3821,0.7712,0.7653
Train3Val_UniProt,cls,bio_dna_geom_prot,nt_v2_500m,esm1b_650m,Hybrid_CrossAttn_XGBoost,0.6834,0.7553,0.5392,0.8266,0.6292,0.382,0.7479,0.7427
Train3Val_UniProt,mean,dna_prot,nt_v2_500m,esm2_650m,Pure_XGBoost_Concat,0.6909,0.6875,0.6958,0.6861,0.6916,0.3819,0.7496,0.7172
Train3Val_UniProt,mean,bio_dna_geom_prot,nt_v2_500m,esm1b_650m,PyTorch_Transformer,0.6909,0.6898,0.6898,0.6921,0.6898,0.3818,0.7481,0.7407
Train3Val_UniProt,cls,dna_geom_prot,nt_v2_500m,esm1b_650m,PyTorch_Transformer,0.6842,0.7465,0.5542,0.8132,0.6361,0.3805,0.7456,0.735
Train3Val_UniProt,cls,dna_prot,nt_v3_650m,esm1b_650m,PyTorch_Transformer,0.6879,0.7183,0.6145,0.7608,0.6623,0.3795,0.7583,0.7362
Train3Val_UniProt,cls,dna_prot,nt_v1_500m,esm1b_650m,PyTorch_Concat,0.6849,0.7364,0.5723,0.7967,0.6441,0.3788,0.7439,0.7256
Train3Val_UniProt,mean,bio_dna_geom_prot,nt_v2_500m,esm1b_650m,Hybrid_Concat_XGBoost,0.6812,0.6408,0.8193,0.5441,0.7191,0.3778,0.7756,0.7521
Train3Val_UniProt,mean,dna_prot,nt_v2_500m,esm2_650m,Hybrid_Transformer_XGBoost,0.6887,0.6954,0.6672,0.71,0.681,0.3776,0.7485,0.7288
Train3Val_UniProt,mean,dna_prot,nt_v2_500m,esmc_600m,PyTorch_CrossAttn,0.6812,0.7516,0.5377,0.8236,0.6269,0.3772,0.7313,0.742
Train3Val_UniProt,cls,dna_prot,nt_v3_650m,esm2_650m,PyTorch_Gating,0.6872,0.7111,0.6265,0.7474,0.6661,0.3767,0.7391,0.715
Train3Val_UniProt,cls,dna_prot,nt_v2_500m,esm1b_650m,PyTorch_Gating,0.6879,0.6975,0.6596,0.716,0.678,0.3763,0.7484,0.7278
Train3Val_UniProt,mean,dna_prot,nt_v1_500m,esm2_650m,Hybrid_Concat_XGBoost,0.6879,0.6962,0.6627,0.713,0.679,0.3762,0.7499,0.7399
Train3Val_UniProt,cls,dna_prot,nt_v2_500m,esm1b_650m,Hybrid_Transformer_XGBoost,0.6879,0.692,0.6732,0.7025,0.6824,0.3759,0.7491,0.7316
Train3Val_UniProt,mean,dna_prot,nt_v2_500m,esmc_600m,PyTorch_Concat,0.6849,0.7226,0.5964,0.7728,0.6535,0.3752,0.7457,0.7467
Train3Val_UniProt,cls,bio_dna_prot,nt_v2_500m,esm1b_650m,PyTorch_Gating,0.6872,0.6762,0.7139,0.6607,0.6945,0.375,0.7535,0.7388
Train3Val_UniProt,cls,dna_prot,nt_v3_650m,esm1b_650m,Hybrid_Gating_XGBoost,0.6872,0.6891,0.6777,0.6966,0.6834,0.3743,0.7475,0.7332
Train3Val_UniProt,mean,dna_prot,nt_v1_500m,esm2_650m,Hybrid_Gating_XGBoost,0.6864,0.699,0.6506,0.722,0.6739,0.3736,0.7343,0.7288
Train3Val_UniProt,mean,dna_prot,nt_v2_500m,esmc_600m,Hybrid_Transformer_XGBoost,0.6864,0.699,0.6506,0.722,0.6739,0.3736,0.7404,0.745
Train3Val_UniProt,mean,dna_prot,nt_v3_650m,esm2_650m,Hybrid_Gating_XGBoost,0.6864,0.6971,0.6551,0.7175,0.6755,0.3734,0.7449,0.7279
Train3Val_UniProt,mean,dna_prot,nt_v2_500m,esmc_600m,Hybrid_CrossAttn_XGBoost,0.6864,0.6965,0.6566,0.716,0.676,0.3733,0.7477,0.7431
Train3Val_UniProt,cls,dna_prot,nt_v1_500m,esm1b_650m,Hybrid_Transformer_XGBoost,0.6864,0.6898,0.6732,0.6996,0.6814,0.3729,0.7509,0.7333
Train3Val_UniProt,mean,dna_prot,nt_v2_500m,esmc_600m,PyTorch_Gating,0.6819,0.7326,0.5693,0.7937,0.6407,0.3726,0.7373,0.7476
Train3Val_UniProt,mean,dna_prot,nt_v1_500m,esmc_600m,PyTorch_CrossAttn,0.6819,0.7308,0.5723,0.7907,0.6419,0.3721,0.7173,0.7387
Train3Val_UniProt,cls,dna_prot,nt_v3_650m,esmc_600m,Hybrid_Concat_XGBoost,0.6857,0.6973,0.6521,0.719,0.6739,0.372,0.7358,0.7429
Train3Val_UniProt,cls,dna_prot,nt_v1_500m,esm1b_650m,Pure_XGBoost_Concat,0.6857,0.6758,0.7093,0.6622,0.6921,0.3719,0.7399,0.7281
Train3Val_UniProt,mean,dna_prot,nt_v2_500m,esm2_650m,Hybrid_Concat_XGBoost,0.6857,0.6929,0.6627,0.7085,0.6774,0.3716,0.7459,0.7317
Train3Val_UniProt,cls,dna_prot,nt_v3_650m,esm1b_650m,Hybrid_Transformer_XGBoost,0.6857,0.6905,0.6687,0.7025,0.6794,0.3714,0.7534,0.7382
Train3Val_UniProt,cls,dna_geom_prot,nt_v2_500m,esm1b_650m,PyTorch_Gating,0.6834,0.6584,0.7575,0.6099,0.7045,0.3714,0.7423,0.7301
Train3Val_UniProt,mean,dna_prot,nt_v3_650m,esmc_600m,PyTorch_Concat,0.6827,0.7163,0.6009,0.7638,0.6536,0.3698,0.7466,0.7595
Train3Val_UniProt,mean,dna_prot,nt_v1_500m,esmc_600m,PyTorch_Gating,0.6797,0.7347,0.5587,0.7997,0.6347,0.3694,0.7265,0.7411
Train3Val_UniProt,mean,dna_prot,nt_v1_500m,esmc_600m,Hybrid_Concat_XGBoost,0.6842,0.6969,0.6476,0.7205,0.6714,0.3691,0.7376,0.7396
Train3Val_UniProt,mean,dna_prot,nt_v1_500m,esm2_650m,Hybrid_Transformer_XGBoost,0.6842,0.6932,0.6566,0.7115,0.6744,0.3687,0.7465,0.7245
Train3Val_UniProt,mean,dna_prot,nt_v1_500m,esmc_600m,PyTorch_Transformer,0.6744,0.759,0.5075,0.8401,0.6083,0.3687,0.7131,0.7338
Train3Val_UniProt,mean,dna_prot,nt_v1_500m,esmc_600m,Pure_XGBoost_Concat,0.6842,0.6919,0.6596,0.7085,0.6754,0.3686,0.7479,0.7494
Train3Val_UniProt,mean,dna_prot,nt_v2_500m,esmc_600m,Hybrid_Gating_XGBoost,0.6842,0.6919,0.6596,0.7085,0.6754,0.3686,0.7412,0.7431
Train3Val_UniProt,cls,dna_prot,nt_v1_500m,esmc_600m,PyTorch_CrossAttn,0.6774,0.7417,0.5407,0.8132,0.6254,0.3679,0.7054,0.7122
Train3Val_UniProt,cls,dna_prot,nt_v3_650m,esmc_600m,PyTorch_Transformer,0.6797,0.7257,0.5738,0.7848,0.6409,0.3669,0.7252,0.7372
Train3Val_UniProt,mean,bio_dna_geom_prot,nt_v2_500m,esm1b_650m,Hybrid_CrossAttn_XGBoost,0.6602,0.8112,0.4142,0.9043,0.5484,0.3657,0.7499,0.7389
Train3Val_UniProt,cls,dna_prot,nt_v2_500m,esm1b_650m,Hybrid_Gating_XGBoost,0.6827,0.688,0.6642,0.701,0.6759,0.3655,0.7463,0.7351
Train3Val_UniProt,cls,dna_prot,nt_v1_500m,esm1b_650m,Hybrid_Concat_XGBoost,0.6827,0.6862,0.6687,0.6966,0.6773,0.3654,0.7478,0.7349
Train3Val_UniProt,mean,dna_prot,nt_v1_500m,esmc_600m,Hybrid_Transformer_XGBoost,0.6819,0.6987,0.6355,0.728,0.6656,0.3651,0.7388,0.7485
Train3Val_UniProt,mean,dna_prot,nt_v3_650m,esmc_600m,Hybrid_Gating_XGBoost,0.6819,0.6923,0.6506,0.713,0.6708,0.3643,0.7469,0.7468
Train3Val_UniProt,cls,dna_prot,nt_v1_500m,esmc_600m,Pure_XGBoost_Concat,0.6819,0.6911,0.6536,0.71,0.6718,0.3642,0.7364,0.7416
Train3Val_UniProt,cls,dna_prot,nt_v3_650m,esm2_650m,Pure_XGBoost_Concat,0.6819,0.6739,0.7003,0.6637,0.6869,0.3642,0.7357,0.7187
Train3Val_UniProt,cls,bio_dna_geom_prot,nt_v2_500m,esm1b_650m,Hybrid_Concat_XGBoost,0.6767,0.6419,0.7937,0.5605,0.7098,0.3641,0.756,0.7408
Train3Val_UniProt,cls,dna_prot,nt_v1_500m,esmc_600m,PyTorch_Transformer,0.6744,0.7416,0.5316,0.8161,0.6193,0.3629,0.7094,0.7189
Train3Val_UniProt,cls,dna_prot,nt_v3_650m,esmc_600m,PyTorch_CrossAttn,0.6744,0.7396,0.5346,0.8132,0.6206,0.3623,0.7146,0.7205
Train3Val_UniProt,mean,dna_prot,nt_v3_650m,esmc_600m,PyTorch_Gating,0.6797,0.7061,0.6114,0.7474,0.6554,0.3623,0.7454,0.7557
Train3Val_UniProt,cls,dna_prot,nt_v1_500m,esm1b_650m,Hybrid_CrossAttn_XGBoost,0.6804,0.6871,0.6581,0.7025,0.6723,0.361,0.7441,0.7371
Train3Val_UniProt,cls,dna_prot,nt_v2_500m,esm2_650m,PyTorch_Transformer,0.6782,0.7102,0.5979,0.7578,0.6492,0.3605,0.7184,0.6988
Train3Val_UniProt,cls,dna_prot,nt_v3_650m,esmc_600m,PyTorch_Concat,0.6752,0.7287,0.5542,0.7952,0.6296,0.3602,0.7281,0.736
Train3Val_UniProt,mean,dna_prot,nt_v1_500m,esm2_650m,Hybrid_CrossAttn_XGBoost,0.6797,0.6896,0.6491,0.71,0.6687,0.3598,0.7366,0.7255
Train3Val_UniProt,cls,dna_geom_prot,nt_v2_500m,esm1b_650m,Hybrid_Transformer_XGBoost,0.6789,0.6676,0.7078,0.6502,0.6871,0.3586,0.7306,0.7151
Train3Val_UniProt,cls,dna_prot,nt_v1_500m,esm1b_650m,Hybrid_Gating_XGBoost,0.6789,0.6827,0.6642,0.6936,0.6733,0.3579,0.7459,0.7262
Train3Val_UniProt,cls,dna_prot,nt_v3_650m,esmc_600m,Hybrid_Gating_XGBoost,0.6782,0.6962,0.628,0.728,0.6603,0.3578,0.7232,0.7319
Train3Val_UniProt,cls,dna_prot,nt_v3_650m,esm2_650m,PyTorch_Concat,0.6767,0.704,0.6054,0.7474,0.651,0.3565,0.7337,0.7098
Train3Val_UniProt,cls,dna_prot,nt_v2_500m,esm2_650m,Hybrid_CrossAttn_XGBoost,0.6774,0.695,0.628,0.7265,0.6598,0.3562,0.7224,0.7009
Train3Val_UniProt,cls,dna_prot,nt_v3_650m,esm2_650m,PyTorch_CrossAttn,0.6767,0.7019,0.6099,0.7429,0.6527,0.3561,0.7146,0.6971
Train3Val_UniProt,cls,dna_prot,nt_v1_500m,esmc_600m,PyTorch_Gating,0.6699,0.7414,0.5181,0.8206,0.6099,0.3555,0.7117,0.7178
Train3Val_UniProt,cls,bio_dna_prot,nt_v2_500m,esm1b_650m,PyTorch_CrossAttn,0.6767,0.6919,0.6325,0.7205,0.6609,0.3544,0.7493,0.7404
Train3Val_UniProt,cls,dna_prot,nt_v3_650m,esm2_650m,Hybrid_Gating_XGBoost,0.6767,0.6882,0.6416,0.7115,0.6641,0.354,0.7146,0.6937
Train3Val_UniProt,cls,dna_prot,nt_v2_500m,esmc_600m,PyTorch_CrossAttn,0.6662,0.7541,0.4895,0.8416,0.5936,0.3538,0.7032,0.7004
Train3Val_UniProt,cls,dna_prot,nt_v1_500m,esm2_650m,Hybrid_Concat_XGBoost,0.6767,0.6835,0.6536,0.6996,0.6682,0.3536,0.725,0.6968
Train3Val_UniProt,cls,dna_prot,nt_v1_500m,esmc_600m,PyTorch_Concat,0.6692,0.7388,0.5196,0.8176,0.6101,0.3534,0.7076,0.7175
Train3Val_UniProt,cls,dna_prot,nt_v1_500m,esm2_650m,Hybrid_Gating_XGBoost,0.6759,0.6877,0.6401,0.7115,0.663,0.3525,0.7228,0.6958
Train3Val_UniProt,cls,dna_prot,nt_v2_500m,esmc_600m,PyTorch_Concat,0.6692,0.7357,0.5241,0.8132,0.6121,0.3524,0.7168,0.7162
Train3Val_UniProt,cls,bio_geom,nt_v2_500m,esm1b_650m,Hybrid_Concat_XGBoost,0.6654,0.6233,0.8298,0.5022,0.7119,0.3513,0.7509,0.7356
Train3Val_UniProt,cls,dna_prot,nt_v3_650m,esmc_600m,Hybrid_CrossAttn_XGBoost,0.6752,0.6866,0.6401,0.71,0.6625,0.351,0.7314,0.7307
Train3Val_UniProt,mean,dna_prot,nt_v1_500m,esmc_600m,Hybrid_Gating_XGBoost,0.6744,0.6956,0.616,0.7324,0.6534,0.3508,0.7297,0.7442
Train3Val_UniProt,cls,dna_prot,nt_v2_500m,esmc_600m,Pure_XGBoost_Concat,0.6752,0.6808,0.6551,0.6951,0.6677,0.3505,0.7481,0.754
Train3Val_UniProt,cls,dna_prot,nt_v3_650m,esmc_600m,PyTorch_Gating,0.6729,0.7007,0.5994,0.7459,0.6461,0.3491,0.7297,0.7366
Train3Val_UniProt,mean,dna_prot,nt_v2_500m,esm2_650m,Hybrid_CrossAttn_XGBoost,0.6737,0.6775,0.6581,0.6891,0.6677,0.3474,0.739,0.7225
Train3Val_UniProt,cls,dna_prot,nt_v2_500m,esmc_600m,PyTorch_Gating,0.6639,0.7432,0.497,0.8296,0.5957,0.3465,0.71,0.716
Train3Val_UniProt,cls,dna_prot,nt_v1_500m,esmc_600m,Hybrid_Concat_XGBoost,0.6722,0.6914,0.6175,0.7265,0.6523,0.346,0.7284,0.7278
Train3Val_UniProt,cls,dna_prot,nt_v1_500m,esmc_600m,Hybrid_CrossAttn_XGBoost,0.6722,0.6895,0.622,0.722,0.654,0.3457,0.7193,0.7264
Train3Val_UniProt,cls,dna_prot,nt_v2_500m,esm2_650m,PyTorch_CrossAttn,0.6707,0.7034,0.5858,0.7549,0.6393,0.3457,0.7064,0.6855
Train3Val_UniProt,mean,dna_prot,nt_v1_500m,esmc_600m,Hybrid_CrossAttn_XGBoost,0.6722,0.6858,0.631,0.713,0.6573,0.3452,0.7367,0.7489
Train3Val_UniProt,cls,dna_prot,nt_v3_650m,esm2_650m,PyTorch_Transformer,0.6707,0.697,0.5994,0.7414,0.6445,0.3444,0.7308,0.7044
Train3Val_UniProt,cls,dna_prot,nt_v1_500m,esmc_600m,Hybrid_Gating_XGBoost,0.6714,0.6877,0.6235,0.719,0.654,0.3441,0.7188,0.7156
Train3Val_UniProt,cls,dna_prot,nt_v2_500m,esm2_650m,Hybrid_Transformer_XGBoost,0.6707,0.686,0.625,0.716,0.6541,0.3425,0.715,0.6891
Train3Val_UniProt,cls,dna_prot,nt_v3_650m,esmc_600m,Pure_XGBoost_Concat,0.6707,0.6733,0.6581,0.6831,0.6657,0.3414,0.7389,0.7415
Train3Val_UniProt,cls,dna_prot,nt_v2_500m,esm2_650m,Pure_XGBoost_Concat,0.6707,0.6677,0.6747,0.6667,0.6712,0.3414,0.7286,0.7107
Train3Val_UniProt,cls,dna_prot,nt_v1_500m,esmc_600m,Hybrid_Transformer_XGBoost,0.6699,0.686,0.622,0.7175,0.6524,0.3411,0.7169,0.7234
Train3Val_UniProt,cls,dna_prot,nt_v1_500m,esm2_650m,PyTorch_Concat,0.6692,0.6932,0.6024,0.7354,0.6446,0.3409,0.7318,0.7004
Train3Val_UniProt,cls,dna_prot,nt_v2_500m,esmc_600m,PyTorch_Transformer,0.6572,0.7543,0.4623,0.8505,0.5733,0.3397,0.7145,0.712
Train3Val_UniProt,cls,dna_prot,nt_v3_650m,esm2_650m,Hybrid_Transformer_XGBoost,0.6684,0.6814,0.628,0.7085,0.6536,0.3377,0.7312,0.7035
Train3Val_UniProt,cls,dna_prot,nt_v3_650m,esmc_600m,Hybrid_Transformer_XGBoost,0.6677,0.6814,0.625,0.71,0.652,0.3363,0.7232,0.7336
Train3Val_UniProt,cls,dna_prot,nt_v2_500m,esmc_600m,Hybrid_Concat_XGBoost,0.6677,0.6814,0.625,0.71,0.652,0.3363,0.7304,0.7361
Train3Val_UniProt,cls,dna_prot,nt_v1_500m,esm2_650m,Hybrid_Transformer_XGBoost,0.6669,0.6797,0.6265,0.707,0.652,0.3346,0.713,0.6847
Train3Val_UniProt,cls,dna_prot,nt_v2_500m,esmc_600m,Hybrid_Gating_XGBoost,0.6654,0.6886,0.5994,0.7309,0.6409,0.3333,0.7078,0.7188
Train3Val_UniProt,cls,dna_prot,nt_v1_500m,esm2_650m,Pure_XGBoost_Concat,0.6662,0.6632,0.6702,0.6622,0.6667,0.3324,0.7299,0.7081
Train3Val_UniProt,cls,dna_prot,nt_v1_500m,esm2_650m,PyTorch_CrossAttn,0.6647,0.6894,0.5949,0.7339,0.6386,0.3321,0.7167,0.6878
Train3Val_UniProt,cls,dna_prot,nt_v1_500m,esm2_650m,PyTorch_Gating,0.6647,0.6894,0.5949,0.7339,0.6386,0.3321,0.7167,0.6937
Train3Val_UniProt,cls,dna_prot,nt_v3_650m,esm2_650m,Hybrid_CrossAttn_XGBoost,0.6654,0.6769,0.628,0.7025,0.6516,0.3315,0.7237,0.7076
Train3Val_UniProt,cls,dna_prot,nt_v1_500m,esm2_650m,Hybrid_CrossAttn_XGBoost,0.6647,0.6842,0.6069,0.722,0.6433,0.3311,0.7154,0.6973
Train3Val_UniProt,cls,dna_prot,nt_v2_500m,esm2_650m,PyTorch_Concat,0.6639,0.6856,0.6009,0.7265,0.6404,0.33,0.7229,0.6993
Train3Val_UniProt,cls,dna_prot,nt_v3_650m,esm2_650m,Hybrid_Concat_XGBoost,0.6647,0.6736,0.634,0.6951,0.6532,0.3297,0.723,0.695
Train3Val_UniProt,cls,dna_prot,nt_v2_500m,esmc_600m,Hybrid_CrossAttn_XGBoost,0.6639,0.6782,0.619,0.7085,0.6472,0.3289,0.7232,0.7235
Train3Val_UniProt,cls,dna_prot,nt_v1_500m,esm2_650m,PyTorch_Transformer,0.6572,0.7108,0.5256,0.7877,0.6043,0.3248,0.7157,0.6918
Train3Val_UniProt,cls,dna_prot,nt_v2_500m,esmc_600m,Hybrid_Transformer_XGBoost,0.6594,0.6862,0.5828,0.7354,0.6303,0.3221,0.7138,0.7226
Train3Val_UniProt,mean,dna_geom_prot,nt_v2_500m,esm1b_650m,Hybrid_Gating_XGBoost,0.6572,0.6302,0.7545,0.5605,0.6868,0.3211,0.7241,0.7083
Train3Val_UniProt,cls,dna_prot,nt_v2_500m,esm2_650m,Hybrid_Concat_XGBoost,0.6602,0.6715,0.622,0.6981,0.6458,0.321,0.7318,0.706
Train3Val_UniProt,cls,dna_prot,nt_v2_500m,esm2_650m,PyTorch_Gating,0.6557,0.6651,0.622,0.6891,0.6428,0.3118,0.7007,0.6754
Train3Val_UniProt,cls,dna_prot,nt_v2_500m,esm2_650m,Hybrid_Gating_XGBoost,0.6542,0.6645,0.6175,0.6906,0.6401,0.3089,0.7082,0.6932
Train3Val_UniProt,cls,dna_geom_prot,nt_v2_500m,esm1b_650m,Hybrid_Concat_XGBoost,0.6422,0.7221,0.4578,0.8251,0.5604,0.3043,0.7031,0.6963
Train3Val_UniProt,mean,dna_geom_prot,nt_v2_500m,esm1b_650m,Hybrid_Transformer_XGBoost,0.5799,0.5501,0.8599,0.3019,0.671,0.195,0.6985,0.6637
Train3Val_UniProt,mean,bio_geom,nt_v2_500m,esm1b_650m,Hybrid_Concat_XGBoost,0.5589,0.6863,0.2108,0.9043,0.3226,0.16,0.6613,0.6466
Train3Val_UniProt,cls,dna_geom_prot,nt_v2_500m,esm1b_650m,Hybrid_Gating_XGBoost,0.5491,0.6061,0.2711,0.8251,0.3746,0.1156,0.6528,0.6137
Train3Val_UniProt,center,dna,nt_v1_500m,,PyTorch_Concat,0.5364,0.5341,0.5422,0.5306,0.5381,0.0728,0.5343,0.5197
Train3Val_UniProt,center,dna,nt_v1_500m,None,PyTorch_Concat,0.5364,0.5341,0.5422,0.5306,0.5381,0.0728,0.5343,0.5197
Train3Val_UniProt,mean,dna,nt_v2_500m,,PyTorch_Concat,0.5341,0.5256,0.6642,0.4051,0.5868,0.0717,0.5419,0.5298
Train3Val_UniProt,mean,dna,nt_v2_500m,None,PyTorch_Concat,0.5341,0.5256,0.6642,0.4051,0.5868,0.0717,0.5419,0.5298
Train3Val_UniProt,center,dna,nt_v1_500m,,Pure_XGBoost_Concat,0.5236,0.5207,0.5497,0.4978,0.5348,0.0475,0.5313,0.5121
Train3Val_UniProt,center,dna,nt_v1_500m,None,Pure_XGBoost_Concat,0.5236,0.5207,0.5497,0.4978,0.5348,0.0475,0.5313,0.5121
Train3Val_UniProt,cls,dna_geom_prot,nt_v2_500m,esm1b_650m,Hybrid_CrossAttn_XGBoost,0.5124,0.5058,0.9157,0.1121,0.6517,0.0466,0.6689,0.6527
Train3Val_UniProt,cls,dna,nt_v2_500m,,Hybrid_Concat_XGBoost,0.5221,0.5245,0.4352,0.6084,0.4757,0.0443,0.5251,0.513
Train3Val_UniProt,cls,dna,nt_v2_500m,None,Hybrid_Concat_XGBoost,0.5221,0.5245,0.4352,0.6084,0.4757,0.0443,0.5251,0.513
Train3Val_UniProt,mean,dna,nt_v2_500m,,Hybrid_Concat_XGBoost,0.5161,0.514,0.5256,0.5067,0.5197,0.0323,0.5193,0.5119
Train3Val_UniProt,mean,dna,nt_v2_500m,None,Hybrid_Concat_XGBoost,0.5161,0.514,0.5256,0.5067,0.5197,0.0323,0.5193,0.5119
Train3Val_UniProt,mean,dna_geom_prot,nt_v2_500m,esm1b_650m,Hybrid_Concat_XGBoost,0.4989,0.4985,1.0,0.0015,0.6653,0.0273,0.5687,0.548
Train3Val_UniProt,cls,dna,nt_v2_500m,,Pure_XGBoost_Concat,0.5131,0.5137,0.4232,0.6024,0.4641,0.026,0.5061,0.5058
Train3Val_UniProt,cls,dna,nt_v2_500m,None,Pure_XGBoost_Concat,0.5131,0.5137,0.4232,0.6024,0.4641,0.026,0.5061,0.5058
Train3Val_UniProt,center,dna,nt_v1_500m,,Hybrid_Concat_XGBoost,0.5086,0.5067,0.5151,0.5022,0.5108,0.0173,0.5239,0.5235
Train3Val_UniProt,center,dna,nt_v1_500m,None,Hybrid_Concat_XGBoost,0.5086,0.5067,0.5151,0.5022,0.5108,0.0173,0.5239,0.5235
Train3Val_UniProt,mean,dna,nt_v2_500m,,Pure_XGBoost_Concat,0.5004,0.4985,0.4864,0.5142,0.4924,0.0006,0.4974,0.5019
Train3Val_UniProt,mean,dna,nt_v2_500m,None,Pure_XGBoost_Concat,0.5004,0.4985,0.4864,0.5142,0.4924,0.0006,0.4974,0.5019
Train3Val_UniProt,cls,dna,nt_v2_500m,,PyTorch_Concat,0.4989,0.4959,0.3614,0.6353,0.4181,-0.0034,0.4987,0.5022
Train3Val_UniProt,cls,dna,nt_v2_500m,None,PyTorch_Concat,0.4989,0.4959,0.3614,0.6353,0.4181,-0.0034,0.4987,0.5022
