Experiment,E2E_GFLOPs/Sample,E2E_Latency_ms/Sample,E2E_Total_Params,E2E_Param_Mem_MB,Max_Peak_VRAM_MB,FM_GFLOPs/Sample,FM_Latency_ms/Sample,Geom_GFLOPs/Sample,Geom_Latency_ms/Sample,Classifier_GFLOPs/Sample,Classifier_Latency_ms/Sample,Classifier_Total_Params,Classifier_Param_Mem_MB,Classifier_XGB_Model_Mem_MB,Classifier_Peak_VRAM_MB
train1__val_center_dna_prot_nt_v1_500m_esm1b_650m_PyTorch_Concat__Train1Val_Test,231.7942,9.35,1139801633,2177.33,1961.98,,,,,,,,,,
train1__val_center_dna_prot_nt_v1_500m_esm1b_650m_PyTorch_Concat__Train1Val_ClinVarHQ,231.7942,9.86,1139801633,2177.33,1961.98,,,,,,,,,,
train1__val_center_dna_prot_nt_v1_500m_esm1b_650m_PyTorch_Concat__Train1Val_UniProt,231.7942,9.85,1139801633,2177.33,1961.98,,,,,,,,,,
train1__val_center_dna_prot_nt_v1_500m_esm1b_650m_PyTorch_Concat__Train1Val_ProteinGym,231.7942,9.88,1139801633,2177.33,1961.98,,,,,,,,,,
train1__val_center_dna_prot_nt_v1_500m_esm1b_650m_PyTorch_CrossAttn__Train1Val_Test,231.7942,9.35,1141902881,2185.35,1961.98,,,,,,,,,,
train1__val_center_dna_prot_nt_v1_500m_esm1b_650m_PyTorch_CrossAttn__Train1Val_ClinVarHQ,231.7942,9.86,1141902881,2185.35,1961.98,,,,,,,,,,
train1__val_center_dna_prot_nt_v1_500m_esm1b_650m_PyTorch_CrossAttn__Train1Val_UniProt,231.7942,9.86,1141902881,2185.35,1961.98,,,,,,,,,,
train1__val_center_dna_prot_nt_v1_500m_esm1b_650m_PyTorch_CrossAttn__Train1Val_ProteinGym,231.7942,9.89,1141902881,2185.35,1961.98,,,,,,,,,,
train1__val_center_dna_prot_nt_v1_500m_esm1b_650m_PyTorch_Transformer__Train1Val_Test,231.8026,9.37,1142955041,2189.36,1961.98,,,,,,,,,,
train1__val_center_dna_prot_nt_v1_500m_esm1b_650m_PyTorch_Transformer__Train1Val_ClinVarHQ,231.8026,9.89,1142955041,2189.36,1961.98,,,,,,,,,,
train1__val_center_dna_prot_nt_v1_500m_esm1b_650m_PyTorch_Transformer__Train1Val_UniProt,231.8026,9.87,1142955041,2189.36,1961.98,,,,,,,,,,
train1__val_center_dna_prot_nt_v1_500m_esm1b_650m_PyTorch_Transformer__Train1Val_ProteinGym,231.8026,9.9,1142955041,2189.36,1961.98,,,,,,,,,,
train1__val_center_dna_prot_nt_v1_500m_esm1b_650m_PyTorch_Gating__Train1Val_Test,231.7948,9.35,1140128801,2178.58,1961.98,,,,,,,,,,
train1__val_center_dna_prot_nt_v1_500m_esm1b_650m_PyTorch_Gating__Train1Val_ClinVarHQ,231.7948,9.87,1140128801,2178.58,1961.98,,,,,,,,,,
train1__val_center_dna_prot_nt_v1_500m_esm1b_650m_PyTorch_Gating__Train1Val_UniProt,231.7948,9.85,1140128801,2178.58,1961.98,,,,,,,,,,
train1__val_center_dna_prot_nt_v1_500m_esm1b_650m_PyTorch_Gating__Train1Val_ProteinGym,231.7948,9.88,1140128801,2178.58,1961.98,,,,,,,,,,
train1__val_center_dna_prot_nt_v1_500m_esm1b_650m_Pure_XGBoost_Concat__Train1Val_Test,231.7942,9.35,1139801633,2177.33,1961.98,,,,,,,,,,
train1__val_center_dna_prot_nt_v1_500m_esm1b_650m_Pure_XGBoost_Concat__Train1Val_ClinVarHQ,231.7942,9.86,1139801633,2177.33,1961.98,,,,,,,,,,
train1__val_center_dna_prot_nt_v1_500m_esm1b_650m_Pure_XGBoost_Concat__Train1Val_UniProt,231.7942,9.85,1139801633,2177.33,1961.98,,,,,,,,,,
train1__val_center_dna_prot_nt_v1_500m_esm1b_650m_Pure_XGBoost_Concat__Train1Val_ProteinGym,231.7942,9.88,1139801633,2177.33,1961.98,,,,,,,,,,
train1__val_center_dna_prot_nt_v1_500m_esm1b_650m_Hybrid_Concat_XGBoost__Train1Val_Test,231.7942,9.34,1139801633,2177.33,1961.98,,,,,,,,,,
train1__val_center_dna_prot_nt_v1_500m_esm1b_650m_Hybrid_Concat_XGBoost__Train1Val_ClinVarHQ,231.7942,9.86,1139801633,2177.33,1961.98,,,,,,,,,,
train1__val_center_dna_prot_nt_v1_500m_esm1b_650m_Hybrid_Concat_XGBoost__Train1Val_UniProt,231.7942,9.84,1139801633,2177.33,1961.98,,,,,,,,,,
train1__val_center_dna_prot_nt_v1_500m_esm1b_650m_Hybrid_Concat_XGBoost__Train1Val_ProteinGym,231.7942,9.87,1139801633,2177.33,1961.98,,,,,,,,,,
train1__val_center_dna_prot_nt_v1_500m_esm1b_650m_Hybrid_CrossAttn_XGBoost__Train1Val_Test,231.7942,9.34,1141902881,2185.35,1961.98,,,,,,,,,,
train1__val_center_dna_prot_nt_v1_500m_esm1b_650m_Hybrid_CrossAttn_XGBoost__Train1Val_ClinVarHQ,231.7942,9.85,1141902881,2185.35,1961.98,,,,,,,,,,
train1__val_center_dna_prot_nt_v1_500m_esm1b_650m_Hybrid_CrossAttn_XGBoost__Train1Val_UniProt,231.7942,9.84,1141902881,2185.35,1961.98,,,,,,,,,,
train1__val_center_dna_prot_nt_v1_500m_esm1b_650m_Hybrid_CrossAttn_XGBoost__Train1Val_ProteinGym,231.7942,9.87,1141902881,2185.35,1961.98,,,,,,,,,,
train1__val_center_dna_prot_nt_v1_500m_esm1b_650m_Hybrid_Transformer_XGBoost__Train1Val_Test,231.8026,9.34,1142955041,2189.36,1961.98,,,,,,,,,,
train1__val_center_dna_prot_nt_v1_500m_esm1b_650m_Hybrid_Transformer_XGBoost__Train1Val_ClinVarHQ,231.8026,9.85,1142955041,2189.36,1961.98,,,,,,,,,,
train1__val_center_dna_prot_nt_v1_500m_esm1b_650m_Hybrid_Transformer_XGBoost__Train1Val_UniProt,231.8026,9.84,1142955041,2189.36,1961.98,,,,,,,,,,
train1__val_center_dna_prot_nt_v1_500m_esm1b_650m_Hybrid_Transformer_XGBoost__Train1Val_ProteinGym,231.8026,9.87,1142955041,2189.36,1961.98,,,,,,,,,,
train1__val_center_dna_prot_nt_v1_500m_esm1b_650m_Hybrid_Gating_XGBoost__Train1Val_Test,231.7948,9.34,1140128801,2178.58,1961.98,,,,,,,,,,
train1__val_center_dna_prot_nt_v1_500m_esm1b_650m_Hybrid_Gating_XGBoost__Train1Val_ClinVarHQ,231.7948,9.85,1140128801,2178.58,1961.98,,,,,,,,,,
train1__val_center_dna_prot_nt_v1_500m_esm1b_650m_Hybrid_Gating_XGBoost__Train1Val_UniProt,231.7948,9.84,1140128801,2178.58,1961.98,,,,,,,,,,
train1__val_center_dna_prot_nt_v1_500m_esm1b_650m_Hybrid_Gating_XGBoost__Train1Val_ProteinGym,231.7948,9.87,1140128801,2178.58,1961.98,,,,,,,,,,
train1__val_center_dna_prot_nt_v1_500m_esm2_650m_PyTorch_Concat__Train1Val_Test,231.7932,10.02,1138485793,2174.82,1686.1,,,,,,,,,,
train1__val_center_dna_prot_nt_v1_500m_esm2_650m_PyTorch_Concat__Train1Val_ClinVarHQ,231.7932,10.37,1138485793,2174.82,1686.1,,,,,,,,,,
train1__val_center_dna_prot_nt_v1_500m_esm2_650m_PyTorch_Concat__Train1Val_UniProt,231.7932,10.35,1138485793,2174.82,1686.1,,,,,,,,,,
train1__val_center_dna_prot_nt_v1_500m_esm2_650m_PyTorch_Concat__Train1Val_ProteinGym,231.7932,10.36,1138485793,2174.82,1686.1,,,,,,,,,,
train1__val_center_dna_prot_nt_v1_500m_esm2_650m_PyTorch_CrossAttn__Train1Val_Test,231.7932,10.03,1140587041,2182.84,1686.1,,,,,,,,,,
train1__val_center_dna_prot_nt_v1_500m_esm2_650m_PyTorch_CrossAttn__Train1Val_ClinVarHQ,231.7932,10.38,1140587041,2182.84,1686.1,,,,,,,,,,
train1__val_center_dna_prot_nt_v1_500m_esm2_650m_PyTorch_CrossAttn__Train1Val_UniProt,231.7932,10.36,1140587041,2182.84,1686.1,,,,,,,,,,
train1__val_center_dna_prot_nt_v1_500m_esm2_650m_PyTorch_CrossAttn__Train1Val_ProteinGym,231.7932,10.37,1140587041,2182.84,1686.1,,,,,,,,,,
train1__val_center_dna_prot_nt_v1_500m_esm2_650m_PyTorch_Transformer__Train1Val_Test,231.8016,10.04,1141639201,2186.85,1686.1,,,,,,,,,,
train1__val_center_dna_prot_nt_v1_500m_esm2_650m_PyTorch_Transformer__Train1Val_ClinVarHQ,231.8016,10.39,1141639201,2186.85,1686.1,,,,,,,,,,
train1__val_center_dna_prot_nt_v1_500m_esm2_650m_PyTorch_Transformer__Train1Val_UniProt,231.8016,10.37,1141639201,2186.85,1686.1,,,,,,,,,,
train1__val_center_dna_prot_nt_v1_500m_esm2_650m_PyTorch_Transformer__Train1Val_ProteinGym,231.8016,10.38,1141639201,2186.85,1686.1,,,,,,,,,,
train1__val_center_dna_prot_nt_v1_500m_esm2_650m_PyTorch_Gating__Train1Val_Test,231.7938,10.02,1138812961,2176.07,1686.1,,,,,,,,,,
train1__val_center_dna_prot_nt_v1_500m_esm2_650m_PyTorch_Gating__Train1Val_ClinVarHQ,231.7938,10.37,1138812961,2176.07,1686.1,,,,,,,,,,
train1__val_center_dna_prot_nt_v1_500m_esm2_650m_PyTorch_Gating__Train1Val_UniProt,231.7938,10.35,1138812961,2176.07,1686.1,,,,,,,,,,
train1__val_center_dna_prot_nt_v1_500m_esm2_650m_PyTorch_Gating__Train1Val_ProteinGym,231.7938,10.36,1138812961,2176.07,1686.1,,,,,,,,,,
train1__val_center_dna_prot_nt_v1_500m_esm2_650m_Pure_XGBoost_Concat__Train1Val_Test,231.7932,10.02,1138485793,2174.82,1686.1,,,,,,,,,,
train1__val_center_dna_prot_nt_v1_500m_esm2_650m_Pure_XGBoost_Concat__Train1Val_ClinVarHQ,231.7932,10.37,1138485793,2174.82,1686.1,,,,,,,,,,
train1__val_center_dna_prot_nt_v1_500m_esm2_650m_Pure_XGBoost_Concat__Train1Val_UniProt,231.7932,10.35,1138485793,2174.82,1686.1,,,,,,,,,,
train1__val_center_dna_prot_nt_v1_500m_esm2_650m_Pure_XGBoost_Concat__Train1Val_ProteinGym,231.7932,10.36,1138485793,2174.82,1686.1,,,,,,,,,,
train1__val_center_dna_prot_nt_v1_500m_esm2_650m_Hybrid_Concat_XGBoost__Train1Val_Test,231.7932,10.01,1138485793,2174.82,1686.1,,,,,,,,,,
train1__val_center_dna_prot_nt_v1_500m_esm2_650m_Hybrid_Concat_XGBoost__Train1Val_ClinVarHQ,231.7932,10.37,1138485793,2174.82,1686.1,,,,,,,,,,
train1__val_center_dna_prot_nt_v1_500m_esm2_650m_Hybrid_Concat_XGBoost__Train1Val_UniProt,231.7932,10.34,1138485793,2174.82,1686.1,,,,,,,,,,
train1__val_center_dna_prot_nt_v1_500m_esm2_650m_Hybrid_Concat_XGBoost__Train1Val_ProteinGym,231.7932,10.36,1138485793,2174.82,1686.1,,,,,,,,,,
train1__val_center_dna_prot_nt_v1_500m_esm2_650m_Hybrid_CrossAttn_XGBoost__Train1Val_Test,231.7932,10.01,1140587041,2182.84,1686.1,,,,,,,,,,
train1__val_center_dna_prot_nt_v1_500m_esm2_650m_Hybrid_CrossAttn_XGBoost__Train1Val_ClinVarHQ,231.7932,10.36,1140587041,2182.84,1686.1,,,,,,,,,,
train1__val_center_dna_prot_nt_v1_500m_esm2_650m_Hybrid_CrossAttn_XGBoost__Train1Val_UniProt,231.7932,10.34,1140587041,2182.84,1686.1,,,,,,,,,,
train1__val_center_dna_prot_nt_v1_500m_esm2_650m_Hybrid_CrossAttn_XGBoost__Train1Val_ProteinGym,231.7932,10.35,1140587041,2182.84,1686.1,,,,,,,,,,
train1__val_center_dna_prot_nt_v1_500m_esm2_650m_Hybrid_Transformer_XGBoost__Train1Val_Test,231.8016,10.01,1141639201,2186.85,1686.1,,,,,,,,,,
train1__val_center_dna_prot_nt_v1_500m_esm2_650m_Hybrid_Transformer_XGBoost__Train1Val_ClinVarHQ,231.8016,10.37,1141639201,2186.85,1686.1,,,,,,,,,,
train1__val_center_dna_prot_nt_v1_500m_esm2_650m_Hybrid_Transformer_XGBoost__Train1Val_UniProt,231.8016,10.34,1141639201,2186.85,1686.1,,,,,,,,,,
train1__val_center_dna_prot_nt_v1_500m_esm2_650m_Hybrid_Transformer_XGBoost__Train1Val_ProteinGym,231.8016,10.35,1141639201,2186.85,1686.1,,,,,,,,,,
train1__val_center_dna_prot_nt_v1_500m_esm2_650m_Hybrid_Gating_XGBoost__Train1Val_Test,231.7938,10.01,1138812961,2176.07,1686.1,,,,,,,,,,
train1__val_center_dna_prot_nt_v1_500m_esm2_650m_Hybrid_Gating_XGBoost__Train1Val_ClinVarHQ,231.7938,10.36,1138812961,2176.07,1686.1,,,,,,,,,,
train1__val_center_dna_prot_nt_v1_500m_esm2_650m_Hybrid_Gating_XGBoost__Train1Val_UniProt,231.7938,10.34,1138812961,2176.07,1686.1,,,,,,,,,,
train1__val_center_dna_prot_nt_v1_500m_esm2_650m_Hybrid_Gating_XGBoost__Train1Val_ProteinGym,231.7938,10.35,1138812961,2176.07,1686.1,,,,,,,,,,
train1__val_center_dna_prot_nt_v1_500m_esmc_600m_PyTorch_Concat__Train1Val_Test,216.1122,8.55,1062413995,2029.6,1656.34,,,,,,,,,,
train1__val_center_dna_prot_nt_v1_500m_esmc_600m_PyTorch_Concat__Train1Val_ClinVarHQ,216.1122,8.98,1062413995,2029.6,1656.34,,,,,,,,,,
train1__val_center_dna_prot_nt_v1_500m_esmc_600m_PyTorch_Concat__Train1Val_UniProt,216.1122,8.89,1062413995,2029.6,1656.34,,,,,,,,,,
train1__val_center_dna_prot_nt_v1_500m_esmc_600m_PyTorch_Concat__Train1Val_ProteinGym,216.1122,8.91,1062413995,2029.6,1656.34,,,,,,,,,,
train1__val_center_dna_prot_nt_v1_500m_esmc_600m_PyTorch_CrossAttn__Train1Val_Test,216.1122,8.56,1064515243,2037.62,1656.34,,,,,,,,,,
train1__val_center_dna_prot_nt_v1_500m_esmc_600m_PyTorch_CrossAttn__Train1Val_ClinVarHQ,216.1122,8.98,1064515243,2037.62,1656.34,,,,,,,,,,
train1__val_center_dna_prot_nt_v1_500m_esmc_600m_PyTorch_CrossAttn__Train1Val_UniProt,216.1122,8.9,1064515243,2037.62,1656.34,,,,,,,,,,
train1__val_center_dna_prot_nt_v1_500m_esmc_600m_PyTorch_CrossAttn__Train1Val_ProteinGym,216.1122,8.92,1064515243,2037.62,1656.34,,,,,,,,,,
train1__val_center_dna_prot_nt_v1_500m_esmc_600m_PyTorch_Transformer__Train1Val_Test,216.1206,8.57,1065567403,2041.63,1656.34,,,,,,,,,,
train1__val_center_dna_prot_nt_v1_500m_esmc_600m_PyTorch_Transformer__Train1Val_ClinVarHQ,216.1206,8.99,1065567403,2041.63,1656.34,,,,,,,,,,
train1__val_center_dna_prot_nt_v1_500m_esmc_600m_PyTorch_Transformer__Train1Val_UniProt,216.1206,8.91,1065567403,2041.63,1656.34,,,,,,,,,,
train1__val_center_dna_prot_nt_v1_500m_esmc_600m_PyTorch_Transformer__Train1Val_ProteinGym,216.1206,8.93,1065567403,2041.63,1656.34,,,,,,,,,,
train1__val_center_dna_prot_nt_v1_500m_esmc_600m_PyTorch_Gating__Train1Val_Test,216.1128,8.55,1062741163,2030.85,1656.34,,,,,,,,,,
train1__val_center_dna_prot_nt_v1_500m_esmc_600m_PyTorch_Gating__Train1Val_ClinVarHQ,216.1128,8.98,1062741163,2030.85,1656.34,,,,,,,,,,
train1__val_center_dna_prot_nt_v1_500m_esmc_600m_PyTorch_Gating__Train1Val_UniProt,216.1128,8.89,1062741163,2030.85,1656.34,,,,,,,,,,
train1__val_center_dna_prot_nt_v1_500m_esmc_600m_PyTorch_Gating__Train1Val_ProteinGym,216.1128,8.91,1062741163,2030.85,1656.34,,,,,,,,,,
train1__val_center_dna_prot_nt_v1_500m_esmc_600m_Pure_XGBoost_Concat__Train1Val_Test,216.1122,8.55,1062413995,2029.6,1656.34,,,,,,,,,,
train1__val_center_dna_prot_nt_v1_500m_esmc_600m_Pure_XGBoost_Concat__Train1Val_ClinVarHQ,216.1122,8.98,1062413995,2029.6,1656.34,,,,,,,,,,
train1__val_center_dna_prot_nt_v1_500m_esmc_600m_Pure_XGBoost_Concat__Train1Val_UniProt,216.1122,8.89,1062413995,2029.6,1656.34,,,,,,,,,,
train1__val_center_dna_prot_nt_v1_500m_esmc_600m_Pure_XGBoost_Concat__Train1Val_ProteinGym,216.1122,8.91,1062413995,2029.6,1656.34,,,,,,,,,,
train1__val_center_dna_prot_nt_v1_500m_esmc_600m_Hybrid_Concat_XGBoost__Train1Val_Test,216.1122,8.54,1062413995,2029.6,1656.34,,,,,,,,,,
train1__val_center_dna_prot_nt_v1_500m_esmc_600m_Hybrid_Concat_XGBoost__Train1Val_ClinVarHQ,216.1122,8.98,1062413995,2029.6,1656.34,,,,,,,,,,
train1__val_center_dna_prot_nt_v1_500m_esmc_600m_Hybrid_Concat_XGBoost__Train1Val_UniProt,216.1122,8.88,1062413995,2029.6,1656.34,,,,,,,,,,
train1__val_center_dna_prot_nt_v1_500m_esmc_600m_Hybrid_Concat_XGBoost__Train1Val_ProteinGym,216.1122,8.9,1062413995,2029.6,1656.34,,,,,,,,,,
train1__val_center_dna_prot_nt_v1_500m_esmc_600m_Hybrid_CrossAttn_XGBoost__Train1Val_Test,216.1122,8.54,1064515243,2037.62,1656.34,,,,,,,,,,
train1__val_center_dna_prot_nt_v1_500m_esmc_600m_Hybrid_CrossAttn_XGBoost__Train1Val_ClinVarHQ,216.1122,8.97,1064515243,2037.62,1656.34,,,,,,,,,,
train1__val_center_dna_prot_nt_v1_500m_esmc_600m_Hybrid_CrossAttn_XGBoost__Train1Val_UniProt,216.1122,8.88,1064515243,2037.62,1656.34,,,,,,,,,,
train1__val_center_dna_prot_nt_v1_500m_esmc_600m_Hybrid_CrossAttn_XGBoost__Train1Val_ProteinGym,216.1122,8.9,1064515243,2037.62,1656.34,,,,,,,,,,
train1__val_center_dna_prot_nt_v1_500m_esmc_600m_Hybrid_Transformer_XGBoost__Train1Val_Test,216.1206,8.54,1065567403,2041.63,1656.34,,,,,,,,,,
train1__val_center_dna_prot_nt_v1_500m_esmc_600m_Hybrid_Transformer_XGBoost__Train1Val_ClinVarHQ,216.1206,8.97,1065567403,2041.63,1656.34,,,,,,,,,,
train1__val_center_dna_prot_nt_v1_500m_esmc_600m_Hybrid_Transformer_XGBoost__Train1Val_UniProt,216.1206,8.88,1065567403,2041.63,1656.34,,,,,,,,,,
train1__val_center_dna_prot_nt_v1_500m_esmc_600m_Hybrid_Transformer_XGBoost__Train1Val_ProteinGym,216.1206,8.9,1065567403,2041.63,1656.34,,,,,,,,,,
train1__val_center_dna_prot_nt_v1_500m_esmc_600m_Hybrid_Gating_XGBoost__Train1Val_Test,216.1128,8.54,1062741163,2030.85,1656.34,,,,,,,,,,
train1__val_center_dna_prot_nt_v1_500m_esmc_600m_Hybrid_Gating_XGBoost__Train1Val_ClinVarHQ,216.1128,8.97,1062741163,2030.85,1656.34,,,,,,,,,,
train1__val_center_dna_prot_nt_v1_500m_esmc_600m_Hybrid_Gating_XGBoost__Train1Val_UniProt,216.1128,8.88,1062741163,2030.85,1656.34,,,,,,,,,,
train1__val_center_dna_prot_nt_v1_500m_esmc_600m_Hybrid_Gating_XGBoost__Train1Val_ProteinGym,216.1128,8.9,1062741163,2030.85,1656.34,,,,,,,,,,
train1__val_center_dna_prot_nt_v3_650m_esm1b_650m_PyTorch_Concat__Train1Val_Test,211.0135,12.38,1306062834,3737.96,3643.92,,,,,,,,,,
train1__val_center_dna_prot_nt_v3_650m_esm1b_650m_PyTorch_Concat__Train1Val_ClinVarHQ,211.0135,12.62,1306062834,3737.96,3643.92,,,,,,,,,,
train1__val_center_dna_prot_nt_v3_650m_esm1b_650m_PyTorch_Concat__Train1Val_UniProt,211.0135,12.62,1306062834,3737.96,3643.92,,,,,,,,,,
train1__val_center_dna_prot_nt_v3_650m_esm1b_650m_PyTorch_Concat__Train1Val_ProteinGym,211.0135,12.49,1306062834,3737.96,3643.92,,,,,,,,,,
train1__val_center_dna_prot_nt_v3_650m_esm1b_650m_PyTorch_CrossAttn__Train1Val_Test,211.0135,12.39,1308164082,3745.98,3643.92,,,,,,,,,,
train1__val_center_dna_prot_nt_v3_650m_esm1b_650m_PyTorch_CrossAttn__Train1Val_ClinVarHQ,211.0135,12.63,1308164082,3745.98,3643.92,,,,,,,,,,
train1__val_center_dna_prot_nt_v3_650m_esm1b_650m_PyTorch_CrossAttn__Train1Val_UniProt,211.0135,12.63,1308164082,3745.98,3643.92,,,,,,,,,,
train1__val_center_dna_prot_nt_v3_650m_esm1b_650m_PyTorch_CrossAttn__Train1Val_ProteinGym,211.0135,12.5,1308164082,3745.98,3643.92,,,,,,,,,,
train1__val_center_dna_prot_nt_v3_650m_esm1b_650m_PyTorch_Transformer__Train1Val_Test,211.0219,12.4,1309216242,3749.99,3643.92,,,,,,,,,,
train1__val_center_dna_prot_nt_v3_650m_esm1b_650m_PyTorch_Transformer__Train1Val_ClinVarHQ,211.0219,12.65,1309216242,3749.99,3643.92,,,,,,,,,,
train1__val_center_dna_prot_nt_v3_650m_esm1b_650m_PyTorch_Transformer__Train1Val_UniProt,211.0219,12.65,1309216242,3749.99,3643.92,,,,,,,,,,
train1__val_center_dna_prot_nt_v3_650m_esm1b_650m_PyTorch_Transformer__Train1Val_ProteinGym,211.0219,12.51,1309216242,3749.99,3643.92,,,,,,,,,,
train1__val_center_dna_prot_nt_v3_650m_esm1b_650m_PyTorch_Gating__Train1Val_Test,211.0141,12.38,1306390002,3739.21,3643.92,,,,,,,,,,
train1__val_center_dna_prot_nt_v3_650m_esm1b_650m_PyTorch_Gating__Train1Val_ClinVarHQ,211.0141,12.62,1306390002,3739.21,3643.92,,,,,,,,,,
train1__val_center_dna_prot_nt_v3_650m_esm1b_650m_PyTorch_Gating__Train1Val_UniProt,211.0141,12.62,1306390002,3739.21,3643.92,,,,,,,,,,
train1__val_center_dna_prot_nt_v3_650m_esm1b_650m_PyTorch_Gating__Train1Val_ProteinGym,211.0141,12.49,1306390002,3739.21,3643.92,,,,,,,,,,
train1__val_center_dna_prot_nt_v3_650m_esm1b_650m_Pure_XGBoost_Concat__Train1Val_Test,211.0135,12.38,1306062834,3737.96,3643.92,,,,,,,,,,
train1__val_center_dna_prot_nt_v3_650m_esm1b_650m_Pure_XGBoost_Concat__Train1Val_ClinVarHQ,211.0135,12.62,1306062834,3737.96,3643.92,,,,,,,,,,
train1__val_center_dna_prot_nt_v3_650m_esm1b_650m_Pure_XGBoost_Concat__Train1Val_UniProt,211.0135,12.62,1306062834,3737.96,3643.92,,,,,,,,,,
train1__val_center_dna_prot_nt_v3_650m_esm1b_650m_Pure_XGBoost_Concat__Train1Val_ProteinGym,211.0135,12.49,1306062834,3737.96,3643.92,,,,,,,,,,
train1__val_center_dna_prot_nt_v3_650m_esm1b_650m_Hybrid_Concat_XGBoost__Train1Val_Test,211.0135,12.37,1306062834,3737.96,3643.92,,,,,,,,,,
train1__val_center_dna_prot_nt_v3_650m_esm1b_650m_Hybrid_Concat_XGBoost__Train1Val_ClinVarHQ,211.0135,12.62,1306062834,3737.96,3643.92,,,,,,,,,,
train1__val_center_dna_prot_nt_v3_650m_esm1b_650m_Hybrid_Concat_XGBoost__Train1Val_UniProt,211.0135,12.62,1306062834,3737.96,3643.92,,,,,,,,,,
train1__val_center_dna_prot_nt_v3_650m_esm1b_650m_Hybrid_Concat_XGBoost__Train1Val_ProteinGym,211.0135,12.48,1306062834,3737.96,3643.92,,,,,,,,,,
train1__val_center_dna_prot_nt_v3_650m_esm1b_650m_Hybrid_CrossAttn_XGBoost__Train1Val_Test,211.0135,12.37,1308164082,3745.98,3643.92,,,,,,,,,,
train1__val_center_dna_prot_nt_v3_650m_esm1b_650m_Hybrid_CrossAttn_XGBoost__Train1Val_ClinVarHQ,211.0135,12.62,1308164082,3745.98,3643.92,,,,,,,,,,
train1__val_center_dna_prot_nt_v3_650m_esm1b_650m_Hybrid_CrossAttn_XGBoost__Train1Val_UniProt,211.0135,12.61,1308164082,3745.98,3643.92,,,,,,,,,,
train1__val_center_dna_prot_nt_v3_650m_esm1b_650m_Hybrid_CrossAttn_XGBoost__Train1Val_ProteinGym,211.0135,12.48,1308164082,3745.98,3643.92,,,,,,,,,,
train1__val_center_dna_prot_nt_v3_650m_esm1b_650m_Hybrid_Transformer_XGBoost__Train1Val_Test,211.0219,12.37,1309216242,3749.99,3643.92,,,,,,,,,,
train1__val_center_dna_prot_nt_v3_650m_esm1b_650m_Hybrid_Transformer_XGBoost__Train1Val_ClinVarHQ,211.0219,12.62,1309216242,3749.99,3643.92,,,,,,,,,,
train1__val_center_dna_prot_nt_v3_650m_esm1b_650m_Hybrid_Transformer_XGBoost__Train1Val_UniProt,211.0219,12.61,1309216242,3749.99,3643.92,,,,,,,,,,
train1__val_center_dna_prot_nt_v3_650m_esm1b_650m_Hybrid_Transformer_XGBoost__Train1Val_ProteinGym,211.0219,12.48,1309216242,3749.99,3643.92,,,,,,,,,,
train1__val_center_dna_prot_nt_v3_650m_esm1b_650m_Hybrid_Gating_XGBoost__Train1Val_Test,211.0141,12.37,1306390002,3739.21,3643.92,,,,,,,,,,
train1__val_center_dna_prot_nt_v3_650m_esm1b_650m_Hybrid_Gating_XGBoost__Train1Val_ClinVarHQ,211.0141,12.61,1306390002,3739.21,3643.92,,,,,,,,,,
train1__val_center_dna_prot_nt_v3_650m_esm1b_650m_Hybrid_Gating_XGBoost__Train1Val_UniProt,211.0141,12.61,1306390002,3739.21,3643.92,,,,,,,,,,
train1__val_center_dna_prot_nt_v3_650m_esm1b_650m_Hybrid_Gating_XGBoost__Train1Val_ProteinGym,211.0141,12.48,1306390002,3739.21,3643.92,,,,,,,,,,
train1__val_center_dna_prot_nt_v3_650m_esm2_650m_PyTorch_Concat__Train1Val_Test,211.0125,13.05,1304746994,3735.45,3643.92,,,,,,,,,,
train1__val_center_dna_prot_nt_v3_650m_esm2_650m_PyTorch_Concat__Train1Val_ClinVarHQ,211.0125,13.13,1304746994,3735.45,3643.92,,,,,,,,,,
train1__val_center_dna_prot_nt_v3_650m_esm2_650m_PyTorch_Concat__Train1Val_UniProt,211.0125,13.12,1304746994,3735.45,3643.92,,,,,,,,,,
train1__val_center_dna_prot_nt_v3_650m_esm2_650m_PyTorch_Concat__Train1Val_ProteinGym,211.0125,12.97,1304746994,3735.45,3643.92,,,,,,,,,,
train1__val_center_dna_prot_nt_v3_650m_esm2_650m_PyTorch_CrossAttn__Train1Val_Test,211.0125,13.06,1306848242,3743.47,3643.92,,,,,,,,,,
train1__val_center_dna_prot_nt_v3_650m_esm2_650m_PyTorch_CrossAttn__Train1Val_ClinVarHQ,211.0125,13.15,1306848242,3743.47,3643.92,,,,,,,,,,
train1__val_center_dna_prot_nt_v3_650m_esm2_650m_PyTorch_CrossAttn__Train1Val_UniProt,211.0125,13.12,1306848242,3743.47,3643.92,,,,,,,,,,
train1__val_center_dna_prot_nt_v3_650m_esm2_650m_PyTorch_CrossAttn__Train1Val_ProteinGym,211.0125,12.97,1306848242,3743.47,3643.92,,,,,,,,,,
train1__val_center_dna_prot_nt_v3_650m_esm2_650m_PyTorch_Transformer__Train1Val_Test,211.0209,13.07,1307900402,3747.48,3643.92,,,,,,,,,,
train1__val_center_dna_prot_nt_v3_650m_esm2_650m_PyTorch_Transformer__Train1Val_ClinVarHQ,211.0209,13.15,1307900402,3747.48,3643.92,,,,,,,,,,
train1__val_center_dna_prot_nt_v3_650m_esm2_650m_PyTorch_Transformer__Train1Val_UniProt,211.0209,13.14,1307900402,3747.48,3643.92,,,,,,,,,,
train1__val_center_dna_prot_nt_v3_650m_esm2_650m_PyTorch_Transformer__Train1Val_ProteinGym,211.0209,12.99,1307900402,3747.48,3643.92,,,,,,,,,,
train1__val_center_dna_prot_nt_v3_650m_esm2_650m_PyTorch_Gating__Train1Val_Test,211.0131,13.05,1305074162,3736.7,3643.92,,,,,,,,,,
train1__val_center_dna_prot_nt_v3_650m_esm2_650m_PyTorch_Gating__Train1Val_ClinVarHQ,211.0131,13.12,1305074162,3736.7,3643.92,,,,,,,,,,
train1__val_center_dna_prot_nt_v3_650m_esm2_650m_PyTorch_Gating__Train1Val_UniProt,211.0131,13.12,1305074162,3736.7,3643.92,,,,,,,,,,
train1__val_center_dna_prot_nt_v3_650m_esm2_650m_PyTorch_Gating__Train1Val_ProteinGym,211.0131,12.97,1305074162,3736.7,3643.92,,,,,,,,,,
train1__val_center_dna_prot_nt_v3_650m_esm2_650m_Pure_XGBoost_Concat__Train1Val_Test,211.0125,13.05,1304746994,3735.45,3643.92,,,,,,,,,,
train1__val_center_dna_prot_nt_v3_650m_esm2_650m_Pure_XGBoost_Concat__Train1Val_ClinVarHQ,211.0125,13.13,1304746994,3735.45,3643.92,,,,,,,,,,
train1__val_center_dna_prot_nt_v3_650m_esm2_650m_Pure_XGBoost_Concat__Train1Val_UniProt,211.0125,13.12,1304746994,3735.45,3643.92,,,,,,,,,,
train1__val_center_dna_prot_nt_v3_650m_esm2_650m_Pure_XGBoost_Concat__Train1Val_ProteinGym,211.0125,12.97,1304746994,3735.45,3643.92,,,,,,,,,,
train1__val_center_dna_prot_nt_v3_650m_esm2_650m_Hybrid_Concat_XGBoost__Train1Val_Test,211.0125,13.04,1304746994,3735.45,3643.92,,,,,,,,,,
train1__val_center_dna_prot_nt_v3_650m_esm2_650m_Hybrid_Concat_XGBoost__Train1Val_ClinVarHQ,211.0125,13.13,1304746994,3735.45,3643.92,,,,,,,,,,
train1__val_center_dna_prot_nt_v3_650m_esm2_650m_Hybrid_Concat_XGBoost__Train1Val_UniProt,211.0125,13.11,1304746994,3735.45,3643.92,,,,,,,,,,
train1__val_center_dna_prot_nt_v3_650m_esm2_650m_Hybrid_Concat_XGBoost__Train1Val_ProteinGym,211.0125,12.96,1304746994,3735.45,3643.92,,,,,,,,,,
train1__val_center_dna_prot_nt_v3_650m_esm2_650m_Hybrid_CrossAttn_XGBoost__Train1Val_Test,211.0125,13.04,1306848242,3743.47,3643.92,,,,,,,,,,
train1__val_center_dna_prot_nt_v3_650m_esm2_650m_Hybrid_CrossAttn_XGBoost__Train1Val_ClinVarHQ,211.0125,13.12,1306848242,3743.47,3643.92,,,,,,,,,,
train1__val_center_dna_prot_nt_v3_650m_esm2_650m_Hybrid_CrossAttn_XGBoost__Train1Val_UniProt,211.0125,13.11,1306848242,3743.47,3643.92,,,,,,,,,,
train1__val_center_dna_prot_nt_v3_650m_esm2_650m_Hybrid_CrossAttn_XGBoost__Train1Val_ProteinGym,211.0125,12.96,1306848242,3743.47,3643.92,,,,,,,,,,
train1__val_center_dna_prot_nt_v3_650m_esm2_650m_Hybrid_Transformer_XGBoost__Train1Val_Test,211.0209,13.04,1307900402,3747.48,3643.92,,,,,,,,,,
train1__val_center_dna_prot_nt_v3_650m_esm2_650m_Hybrid_Transformer_XGBoost__Train1Val_ClinVarHQ,211.0209,13.13,1307900402,3747.48,3643.92,,,,,,,,,,
train1__val_center_dna_prot_nt_v3_650m_esm2_650m_Hybrid_Transformer_XGBoost__Train1Val_UniProt,211.0209,13.11,1307900402,3747.48,3643.92,,,,,,,,,,
train1__val_center_dna_prot_nt_v3_650m_esm2_650m_Hybrid_Transformer_XGBoost__Train1Val_ProteinGym,211.0209,12.96,1307900402,3747.48,3643.92,,,,,,,,,,
train1__val_center_dna_prot_nt_v3_650m_esm2_650m_Hybrid_Gating_XGBoost__Train1Val_Test,211.0131,13.04,1305074162,3736.7,3643.92,,,,,,,,,,
train1__val_center_dna_prot_nt_v3_650m_esm2_650m_Hybrid_Gating_XGBoost__Train1Val_ClinVarHQ,211.0131,13.13,1305074162,3736.7,3643.92,,,,,,,,,,
train1__val_center_dna_prot_nt_v3_650m_esm2_650m_Hybrid_Gating_XGBoost__Train1Val_UniProt,211.0131,13.11,1305074162,3736.7,3643.92,,,,,,,,,,
train1__val_center_dna_prot_nt_v3_650m_esm2_650m_Hybrid_Gating_XGBoost__Train1Val_ProteinGym,211.0131,12.96,1305074162,3736.7,3643.92,,,,,,,,,,
train1__val_center_dna_prot_nt_v3_650m_esmc_600m_PyTorch_Concat__Train1Val_Test,195.3314,11.58,1228675196,3590.23,3643.92,,,,,,,,,,
train1__val_center_dna_prot_nt_v3_650m_esmc_600m_PyTorch_Concat__Train1Val_ClinVarHQ,195.3314,11.74,1228675196,3590.23,3643.92,,,,,,,,,,
train1__val_center_dna_prot_nt_v3_650m_esmc_600m_PyTorch_Concat__Train1Val_UniProt,195.3314,11.66,1228675196,3590.23,3643.92,,,,,,,,,,
train1__val_center_dna_prot_nt_v3_650m_esmc_600m_PyTorch_Concat__Train1Val_ProteinGym,195.3314,11.52,1228675196,3590.23,3643.92,,,,,,,,,,
train1__val_center_dna_prot_nt_v3_650m_esmc_600m_PyTorch_CrossAttn__Train1Val_Test,195.3314,11.59,1230776444,3598.25,3643.92,,,,,,,,,,
train1__val_center_dna_prot_nt_v3_650m_esmc_600m_PyTorch_CrossAttn__Train1Val_ClinVarHQ,195.3314,11.75,1230776444,3598.25,3643.92,,,,,,,,,,
train1__val_center_dna_prot_nt_v3_650m_esmc_600m_PyTorch_CrossAttn__Train1Val_UniProt,195.3314,11.67,1230776444,3598.25,3643.92,,,,,,,,,,
train1__val_center_dna_prot_nt_v3_650m_esmc_600m_PyTorch_CrossAttn__Train1Val_ProteinGym,195.3314,11.53,1230776444,3598.25,3643.92,,,,,,,,,,
train1__val_center_dna_prot_nt_v3_650m_esmc_600m_PyTorch_Transformer__Train1Val_Test,195.3398,11.6,1231828604,3602.26,3643.92,,,,,,,,,,
train1__val_center_dna_prot_nt_v3_650m_esmc_600m_PyTorch_Transformer__Train1Val_ClinVarHQ,195.3398,11.75,1231828604,3602.26,3643.92,,,,,,,,,,
train1__val_center_dna_prot_nt_v3_650m_esmc_600m_PyTorch_Transformer__Train1Val_UniProt,195.3398,11.68,1231828604,3602.26,3643.92,,,,,,,,,,
train1__val_center_dna_prot_nt_v3_650m_esmc_600m_PyTorch_Transformer__Train1Val_ProteinGym,195.3398,11.54,1231828604,3602.26,3643.92,,,,,,,,,,
train1__val_center_dna_prot_nt_v3_650m_esmc_600m_PyTorch_Gating__Train1Val_Test,195.3321,11.58,1229002364,3591.48,3643.92,,,,,,,,,,
train1__val_center_dna_prot_nt_v3_650m_esmc_600m_PyTorch_Gating__Train1Val_ClinVarHQ,195.3321,11.74,1229002364,3591.48,3643.92,,,,,,,,,,
train1__val_center_dna_prot_nt_v3_650m_esmc_600m_PyTorch_Gating__Train1Val_UniProt,195.3321,11.66,1229002364,3591.48,3643.92,,,,,,,,,,
train1__val_center_dna_prot_nt_v3_650m_esmc_600m_PyTorch_Gating__Train1Val_ProteinGym,195.3321,11.52,1229002364,3591.48,3643.92,,,,,,,,,,
train1__val_center_dna_prot_nt_v3_650m_esmc_600m_Pure_XGBoost_Concat__Train1Val_Test,195.3314,11.58,1228675196,3590.23,3643.92,,,,,,,,,,
train1__val_center_dna_prot_nt_v3_650m_esmc_600m_Pure_XGBoost_Concat__Train1Val_ClinVarHQ,195.3314,11.74,1228675196,3590.23,3643.92,,,,,,,,,,
train1__val_center_dna_prot_nt_v3_650m_esmc_600m_Pure_XGBoost_Concat__Train1Val_UniProt,195.3314,11.66,1228675196,3590.23,3643.92,,,,,,,,,,
train1__val_center_dna_prot_nt_v3_650m_esmc_600m_Pure_XGBoost_Concat__Train1Val_ProteinGym,195.3314,11.52,1228675196,3590.23,3643.92,,,,,,,,,,
train1__val_center_dna_prot_nt_v3_650m_esmc_600m_Hybrid_Concat_XGBoost__Train1Val_Test,195.3314,11.57,1228675196,3590.23,3643.92,,,,,,,,,,
train1__val_center_dna_prot_nt_v3_650m_esmc_600m_Hybrid_Concat_XGBoost__Train1Val_ClinVarHQ,195.3314,11.73,1228675196,3590.23,3643.92,,,,,,,,,,
train1__val_center_dna_prot_nt_v3_650m_esmc_600m_Hybrid_Concat_XGBoost__Train1Val_UniProt,195.3314,11.65,1228675196,3590.23,3643.92,,,,,,,,,,
train1__val_center_dna_prot_nt_v3_650m_esmc_600m_Hybrid_Concat_XGBoost__Train1Val_ProteinGym,195.3314,11.51,1228675196,3590.23,3643.92,,,,,,,,,,
train1__val_center_dna_prot_nt_v3_650m_esmc_600m_Hybrid_CrossAttn_XGBoost__Train1Val_Test,195.3314,11.57,1230776444,3598.25,3643.92,,,,,,,,,,
train1__val_center_dna_prot_nt_v3_650m_esmc_600m_Hybrid_CrossAttn_XGBoost__Train1Val_ClinVarHQ,195.3314,11.74,1230776444,3598.25,3643.92,,,,,,,,,,
train1__val_center_dna_prot_nt_v3_650m_esmc_600m_Hybrid_CrossAttn_XGBoost__Train1Val_UniProt,195.3314,11.65,1230776444,3598.25,3643.92,,,,,,,,,,
train1__val_center_dna_prot_nt_v3_650m_esmc_600m_Hybrid_CrossAttn_XGBoost__Train1Val_ProteinGym,195.3314,11.51,1230776444,3598.25,3643.92,,,,,,,,,,
train1__val_center_dna_prot_nt_v3_650m_esmc_600m_Hybrid_Transformer_XGBoost__Train1Val_Test,195.3398,11.57,1231828604,3602.26,3643.92,,,,,,,,,,
train1__val_center_dna_prot_nt_v3_650m_esmc_600m_Hybrid_Transformer_XGBoost__Train1Val_ClinVarHQ,195.3398,11.73,1231828604,3602.26,3643.92,,,,,,,,,,
train1__val_center_dna_prot_nt_v3_650m_esmc_600m_Hybrid_Transformer_XGBoost__Train1Val_UniProt,195.3398,11.65,1231828604,3602.26,3643.92,,,,,,,,,,
train1__val_center_dna_prot_nt_v3_650m_esmc_600m_Hybrid_Transformer_XGBoost__Train1Val_ProteinGym,195.3398,11.51,1231828604,3602.26,3643.92,,,,,,,,,,
train1__val_center_dna_prot_nt_v3_650m_esmc_600m_Hybrid_Gating_XGBoost__Train1Val_Test,195.3321,11.57,1229002364,3591.48,3643.92,,,,,,,,,,
train1__val_center_dna_prot_nt_v3_650m_esmc_600m_Hybrid_Gating_XGBoost__Train1Val_ClinVarHQ,195.3321,11.73,1229002364,3591.48,3643.92,,,,,,,,,,
train1__val_center_dna_prot_nt_v3_650m_esmc_600m_Hybrid_Gating_XGBoost__Train1Val_UniProt,195.3321,11.65,1229002364,3591.48,3643.92,,,,,,,,,,
train1__val_center_dna_prot_nt_v3_650m_esmc_600m_Hybrid_Gating_XGBoost__Train1Val_ProteinGym,195.3321,11.51,1229002364,3591.48,3643.92,,,,,,,,,,
train1__val_center_dna_prot_nt_v2_500m_esm1b_650m_PyTorch_Concat__Train1Val_Test,234.4523,10.06,1152316691,2200.95,1961.98,,,,,,,,,,
train1__val_center_dna_prot_nt_v2_500m_esm1b_650m_PyTorch_Concat__Train1Val_ClinVarHQ,234.4523,10.35,1152316691,2200.95,1961.98,,,,,,,,,,
train1__val_center_dna_prot_nt_v2_500m_esm1b_650m_PyTorch_Concat__Train1Val_UniProt,234.4523,10.37,1152316691,2200.95,1961.98,,,,,,,,,,
train1__val_center_dna_prot_nt_v2_500m_esm1b_650m_PyTorch_Concat__Train1Val_ProteinGym,234.4523,10.39,1152316691,2200.95,1961.98,,,,,,,,,,
train1__val_center_dna_prot_nt_v2_500m_esm1b_650m_PyTorch_CrossAttn__Train1Val_Test,234.4523,10.07,1154417939,2208.97,1961.98,,,,,,,,,,
train1__val_center_dna_prot_nt_v2_500m_esm1b_650m_PyTorch_CrossAttn__Train1Val_ClinVarHQ,234.4523,10.35,1154417939,2208.97,1961.98,,,,,,,,,,
train1__val_center_dna_prot_nt_v2_500m_esm1b_650m_PyTorch_CrossAttn__Train1Val_UniProt,234.4523,10.37,1154417939,2208.97,1961.98,,,,,,,,,,
train1__val_center_dna_prot_nt_v2_500m_esm1b_650m_PyTorch_CrossAttn__Train1Val_ProteinGym,234.4523,10.39,1154417939,2208.97,1961.98,,,,,,,,,,
train1__val_center_dna_prot_nt_v2_500m_esm1b_650m_PyTorch_Transformer__Train1Val_Test,234.4607,10.08,1155470099,2212.98,1961.98,,,,,,,,,,
train1__val_center_dna_prot_nt_v2_500m_esm1b_650m_PyTorch_Transformer__Train1Val_ClinVarHQ,234.4607,10.37,1155470099,2212.98,1961.98,,,,,,,,,,
train1__val_center_dna_prot_nt_v2_500m_esm1b_650m_PyTorch_Transformer__Train1Val_UniProt,234.4607,10.4,1155470099,2212.98,1961.98,,,,,,,,,,
train1__val_center_dna_prot_nt_v2_500m_esm1b_650m_PyTorch_Transformer__Train1Val_ProteinGym,234.4607,10.41,1155470099,2212.98,1961.98,,,,,,,,,,
train1__val_center_dna_prot_nt_v2_500m_esm1b_650m_PyTorch_Gating__Train1Val_Test,234.453,10.06,1152643859,2202.2,1961.98,,,,,,,,,,
train1__val_center_dna_prot_nt_v2_500m_esm1b_650m_PyTorch_Gating__Train1Val_ClinVarHQ,234.453,10.35,1152643859,2202.2,1961.98,,,,,,,,,,
train1__val_center_dna_prot_nt_v2_500m_esm1b_650m_PyTorch_Gating__Train1Val_UniProt,234.453,10.37,1152643859,2202.2,1961.98,,,,,,,,,,
train1__val_center_dna_prot_nt_v2_500m_esm1b_650m_PyTorch_Gating__Train1Val_ProteinGym,234.453,10.39,1152643859,2202.2,1961.98,,,,,,,,,,
train1__val_center_dna_prot_nt_v2_500m_esm1b_650m_Pure_XGBoost_Concat__Train1Val_Test,234.4523,10.06,1152316691,2200.95,1961.98,,,,,,,,,,
train1__val_center_dna_prot_nt_v2_500m_esm1b_650m_Pure_XGBoost_Concat__Train1Val_ClinVarHQ,234.4523,10.35,1152316691,2200.95,1961.98,,,,,,,,,,
train1__val_center_dna_prot_nt_v2_500m_esm1b_650m_Pure_XGBoost_Concat__Train1Val_UniProt,234.4523,10.37,1152316691,2200.95,1961.98,,,,,,,,,,
train1__val_center_dna_prot_nt_v2_500m_esm1b_650m_Pure_XGBoost_Concat__Train1Val_ProteinGym,234.4523,10.39,1152316691,2200.95,1961.98,,,,,,,,,,
train1__val_center_dna_prot_nt_v2_500m_esm1b_650m_Hybrid_Concat_XGBoost__Train1Val_Test,234.4523,10.05,1152316691,2200.95,1961.98,,,,,,,,,,
train1__val_center_dna_prot_nt_v2_500m_esm1b_650m_Hybrid_Concat_XGBoost__Train1Val_ClinVarHQ,234.4523,10.34,1152316691,2200.95,1961.98,,,,,,,,,,
train1__val_center_dna_prot_nt_v2_500m_esm1b_650m_Hybrid_Concat_XGBoost__Train1Val_UniProt,234.4523,10.36,1152316691,2200.95,1961.98,,,,,,,,,,
train1__val_center_dna_prot_nt_v2_500m_esm1b_650m_Hybrid_Concat_XGBoost__Train1Val_ProteinGym,234.4523,10.38,1152316691,2200.95,1961.98,,,,,,,,,,
train1__val_center_dna_prot_nt_v2_500m_esm1b_650m_Hybrid_CrossAttn_XGBoost__Train1Val_Test,234.4523,10.05,1154417939,2208.97,1961.98,,,,,,,,,,
train1__val_center_dna_prot_nt_v2_500m_esm1b_650m_Hybrid_CrossAttn_XGBoost__Train1Val_ClinVarHQ,234.4523,10.34,1154417939,2208.97,1961.98,,,,,,,,,,
train1__val_center_dna_prot_nt_v2_500m_esm1b_650m_Hybrid_CrossAttn_XGBoost__Train1Val_UniProt,234.4523,10.36,1154417939,2208.97,1961.98,,,,,,,,,,
train1__val_center_dna_prot_nt_v2_500m_esm1b_650m_Hybrid_CrossAttn_XGBoost__Train1Val_ProteinGym,234.4523,10.38,1154417939,2208.97,1961.98,,,,,,,,,,
train1__val_center_dna_prot_nt_v2_500m_esm1b_650m_Hybrid_Transformer_XGBoost__Train1Val_Test,234.4607,10.06,1155470099,2212.98,1961.98,,,,,,,,,,
train1__val_center_dna_prot_nt_v2_500m_esm1b_650m_Hybrid_Transformer_XGBoost__Train1Val_ClinVarHQ,234.4607,10.35,1155470099,2212.98,1961.98,,,,,,,,,,
train1__val_center_dna_prot_nt_v2_500m_esm1b_650m_Hybrid_Transformer_XGBoost__Train1Val_UniProt,234.4607,10.36,1155470099,2212.98,1961.98,,,,,,,,,,
train1__val_center_dna_prot_nt_v2_500m_esm1b_650m_Hybrid_Transformer_XGBoost__Train1Val_ProteinGym,234.4607,10.38,1155470099,2212.98,1961.98,,,,,,,,,,
train1__val_center_dna_prot_nt_v2_500m_esm1b_650m_Hybrid_Gating_XGBoost__Train1Val_Test,234.453,10.05,1152643859,2202.2,1961.98,,,,,,,,,,
train1__val_center_dna_prot_nt_v2_500m_esm1b_650m_Hybrid_Gating_XGBoost__Train1Val_ClinVarHQ,234.453,10.34,1152643859,2202.2,1961.98,,,,,,,,,,
train1__val_center_dna_prot_nt_v2_500m_esm1b_650m_Hybrid_Gating_XGBoost__Train1Val_UniProt,234.453,10.36,1152643859,2202.2,1961.98,,,,,,,,,,
train1__val_center_dna_prot_nt_v2_500m_esm1b_650m_Hybrid_Gating_XGBoost__Train1Val_ProteinGym,234.453,10.38,1152643859,2202.2,1961.98,,,,,,,,,,
train1__val_center_dna_prot_nt_v2_500m_esm2_650m_PyTorch_Concat__Train1Val_Test,234.4513,10.73,1151000851,2198.44,1686.1,,,,,,,,,,
train1__val_center_dna_prot_nt_v2_500m_esm2_650m_PyTorch_Concat__Train1Val_ClinVarHQ,234.4513,10.86,1151000851,2198.44,1686.1,,,,,,,,,,
train1__val_center_dna_prot_nt_v2_500m_esm2_650m_PyTorch_Concat__Train1Val_UniProt,234.4513,10.87,1151000851,2198.44,1686.1,,,,,,,,,,
train1__val_center_dna_prot_nt_v2_500m_esm2_650m_PyTorch_Concat__Train1Val_ProteinGym,234.4513,10.87,1151000851,2198.44,1686.1,,,,,,,,,,
train1__val_center_dna_prot_nt_v2_500m_esm2_650m_PyTorch_CrossAttn__Train1Val_Test,234.4513,10.73,1153102099,2206.46,1686.1,,,,,,,,,,
train1__val_center_dna_prot_nt_v2_500m_esm2_650m_PyTorch_CrossAttn__Train1Val_ClinVarHQ,234.4513,10.86,1153102099,2206.46,1686.1,,,,,,,,,,
train1__val_center_dna_prot_nt_v2_500m_esm2_650m_PyTorch_CrossAttn__Train1Val_UniProt,234.4513,10.87,1153102099,2206.46,1686.1,,,,,,,,,,
train1__val_center_dna_prot_nt_v2_500m_esm2_650m_PyTorch_CrossAttn__Train1Val_ProteinGym,234.4513,10.87,1153102099,2206.46,1686.1,,,,,,,,,,
train1__val_center_dna_prot_nt_v2_500m_esm2_650m_PyTorch_Transformer__Train1Val_Test,234.4597,10.75,1154154259,2210.47,1686.1,,,,,,,,,,
train1__val_center_dna_prot_nt_v2_500m_esm2_650m_PyTorch_Transformer__Train1Val_ClinVarHQ,234.4597,10.88,1154154259,2210.47,1686.1,,,,,,,,,,
train1__val_center_dna_prot_nt_v2_500m_esm2_650m_PyTorch_Transformer__Train1Val_UniProt,234.4597,10.89,1154154259,2210.47,1686.1,,,,,,,,,,
train1__val_center_dna_prot_nt_v2_500m_esm2_650m_PyTorch_Transformer__Train1Val_ProteinGym,234.4597,10.89,1154154259,2210.47,1686.1,,,,,,,,,,
train1__val_center_dna_prot_nt_v2_500m_esm2_650m_PyTorch_Gating__Train1Val_Test,234.452,10.73,1151328019,2199.69,1686.1,,,,,,,,,,
train1__val_center_dna_prot_nt_v2_500m_esm2_650m_PyTorch_Gating__Train1Val_ClinVarHQ,234.452,10.86,1151328019,2199.69,1686.1,,,,,,,,,,
train1__val_center_dna_prot_nt_v2_500m_esm2_650m_PyTorch_Gating__Train1Val_UniProt,234.452,10.87,1151328019,2199.69,1686.1,,,,,,,,,,
train1__val_center_dna_prot_nt_v2_500m_esm2_650m_PyTorch_Gating__Train1Val_ProteinGym,234.452,10.87,1151328019,2199.69,1686.1,,,,,,,,,,
train1__val_center_dna_prot_nt_v2_500m_esm2_650m_Pure_XGBoost_Concat__Train1Val_Test,234.4513,10.73,1151000851,2198.44,1686.1,,,,,,,,,,
train1__val_center_dna_prot_nt_v2_500m_esm2_650m_Pure_XGBoost_Concat__Train1Val_ClinVarHQ,234.4513,10.86,1151000851,2198.44,1686.1,,,,,,,,,,
train1__val_center_dna_prot_nt_v2_500m_esm2_650m_Pure_XGBoost_Concat__Train1Val_UniProt,234.4513,10.87,1151000851,2198.44,1686.1,,,,,,,,,,
train1__val_center_dna_prot_nt_v2_500m_esm2_650m_Pure_XGBoost_Concat__Train1Val_ProteinGym,234.4513,10.87,1151000851,2198.44,1686.1,,,,,,,,,,
train1__val_center_dna_prot_nt_v2_500m_esm2_650m_Hybrid_Concat_XGBoost__Train1Val_Test,234.4513,10.72,1151000851,2198.44,1686.1,,,,,,,,,,
train1__val_center_dna_prot_nt_v2_500m_esm2_650m_Hybrid_Concat_XGBoost__Train1Val_ClinVarHQ,234.4513,10.85,1151000851,2198.44,1686.1,,,,,,,,,,
train1__val_center_dna_prot_nt_v2_500m_esm2_650m_Hybrid_Concat_XGBoost__Train1Val_UniProt,234.4513,10.86,1151000851,2198.44,1686.1,,,,,,,,,,
train1__val_center_dna_prot_nt_v2_500m_esm2_650m_Hybrid_Concat_XGBoost__Train1Val_ProteinGym,234.4513,10.86,1151000851,2198.44,1686.1,,,,,,,,,,
train1__val_center_dna_prot_nt_v2_500m_esm2_650m_Hybrid_CrossAttn_XGBoost__Train1Val_Test,234.4513,10.72,1153102099,2206.46,1686.1,,,,,,,,,,
train1__val_center_dna_prot_nt_v2_500m_esm2_650m_Hybrid_CrossAttn_XGBoost__Train1Val_ClinVarHQ,234.4513,10.86,1153102099,2206.46,1686.1,,,,,,,,,,
train1__val_center_dna_prot_nt_v2_500m_esm2_650m_Hybrid_CrossAttn_XGBoost__Train1Val_UniProt,234.4513,10.86,1153102099,2206.46,1686.1,,,,,,,,,,
train1__val_center_dna_prot_nt_v2_500m_esm2_650m_Hybrid_CrossAttn_XGBoost__Train1Val_ProteinGym,234.4513,10.86,1153102099,2206.46,1686.1,,,,,,,,,,
train1__val_center_dna_prot_nt_v2_500m_esm2_650m_Hybrid_Transformer_XGBoost__Train1Val_Test,234.4597,10.72,1154154259,2210.47,1686.1,,,,,,,,,,
train1__val_center_dna_prot_nt_v2_500m_esm2_650m_Hybrid_Transformer_XGBoost__Train1Val_ClinVarHQ,234.4597,10.85,1154154259,2210.47,1686.1,,,,,,,,,,
train1__val_center_dna_prot_nt_v2_500m_esm2_650m_Hybrid_Transformer_XGBoost__Train1Val_UniProt,234.4597,10.86,1154154259,2210.47,1686.1,,,,,,,,,,
train1__val_center_dna_prot_nt_v2_500m_esm2_650m_Hybrid_Transformer_XGBoost__Train1Val_ProteinGym,234.4597,10.86,1154154259,2210.47,1686.1,,,,,,,,,,
train1__val_center_dna_prot_nt_v2_500m_esm2_650m_Hybrid_Gating_XGBoost__Train1Val_Test,234.452,10.72,1151328019,2199.69,1686.1,,,,,,,,,,
train1__val_center_dna_prot_nt_v2_500m_esm2_650m_Hybrid_Gating_XGBoost__Train1Val_ClinVarHQ,234.452,10.85,1151328019,2199.69,1686.1,,,,,,,,,,
train1__val_center_dna_prot_nt_v2_500m_esm2_650m_Hybrid_Gating_XGBoost__Train1Val_UniProt,234.452,10.86,1151328019,2199.69,1686.1,,,,,,,,,,
train1__val_center_dna_prot_nt_v2_500m_esm2_650m_Hybrid_Gating_XGBoost__Train1Val_ProteinGym,234.452,10.86,1151328019,2199.69,1686.1,,,,,,,,,,
train1__val_center_dna_prot_nt_v2_500m_esmc_600m_PyTorch_Concat__Train1Val_Test,218.7703,9.26,1074929053,2053.22,1469.0,,,,,,,,,,
train1__val_center_dna_prot_nt_v2_500m_esmc_600m_PyTorch_Concat__Train1Val_ClinVarHQ,218.7703,9.47,1074929053,2053.22,1469.0,,,,,,,,,,
train1__val_center_dna_prot_nt_v2_500m_esmc_600m_PyTorch_Concat__Train1Val_UniProt,218.7703,9.41,1074929053,2053.22,1469.0,,,,,,,,,,
train1__val_center_dna_prot_nt_v2_500m_esmc_600m_PyTorch_Concat__Train1Val_ProteinGym,218.7703,9.42,1074929053,2053.22,1469.0,,,,,,,,,,
train1__val_center_dna_prot_nt_v2_500m_esmc_600m_PyTorch_CrossAttn__Train1Val_Test,218.7703,9.27,1077030301,2061.24,1469.0,,,,,,,,,,
train1__val_center_dna_prot_nt_v2_500m_esmc_600m_PyTorch_CrossAttn__Train1Val_ClinVarHQ,218.7703,9.48,1077030301,2061.24,1469.0,,,,,,,,,,
train1__val_center_dna_prot_nt_v2_500m_esmc_600m_PyTorch_CrossAttn__Train1Val_UniProt,218.7703,9.42,1077030301,2061.24,1469.0,,,,,,,,,,
train1__val_center_dna_prot_nt_v2_500m_esmc_600m_PyTorch_CrossAttn__Train1Val_ProteinGym,218.7703,9.42,1077030301,2061.24,1469.0,,,,,,,,,,
train1__val_center_dna_prot_nt_v2_500m_esmc_600m_PyTorch_Transformer__Train1Val_Test,218.7787,9.28,1078082461,2065.25,1469.0,,,,,,,,,,
train1__val_center_dna_prot_nt_v2_500m_esmc_600m_PyTorch_Transformer__Train1Val_ClinVarHQ,218.7787,9.48,1078082461,2065.25,1469.0,,,,,,,,,,
train1__val_center_dna_prot_nt_v2_500m_esmc_600m_PyTorch_Transformer__Train1Val_UniProt,218.7787,9.43,1078082461,2065.25,1469.0,,,,,,,,,,
train1__val_center_dna_prot_nt_v2_500m_esmc_600m_PyTorch_Transformer__Train1Val_ProteinGym,218.7787,9.44,1078082461,2065.25,1469.0,,,,,,,,,,
train1__val_center_dna_prot_nt_v2_500m_esmc_600m_PyTorch_Gating__Train1Val_Test,218.771,9.26,1075256221,2054.47,1469.0,,,,,,,,,,
train1__val_center_dna_prot_nt_v2_500m_esmc_600m_PyTorch_Gating__Train1Val_ClinVarHQ,218.771,9.47,1075256221,2054.47,1469.0,,,,,,,,,,
train1__val_center_dna_prot_nt_v2_500m_esmc_600m_PyTorch_Gating__Train1Val_UniProt,218.771,9.41,1075256221,2054.47,1469.0,,,,,,,,,,
train1__val_center_dna_prot_nt_v2_500m_esmc_600m_PyTorch_Gating__Train1Val_ProteinGym,218.771,9.42,1075256221,2054.47,1469.0,,,,,,,,,,
train1__val_center_dna_prot_nt_v2_500m_esmc_600m_Pure_XGBoost_Concat__Train1Val_Test,218.7703,9.26,1074929053,2053.22,1469.0,,,,,,,,,,
train1__val_center_dna_prot_nt_v2_500m_esmc_600m_Pure_XGBoost_Concat__Train1Val_ClinVarHQ,218.7703,9.47,1074929053,2053.22,1469.0,,,,,,,,,,
train1__val_center_dna_prot_nt_v2_500m_esmc_600m_Pure_XGBoost_Concat__Train1Val_UniProt,218.7703,9.41,1074929053,2053.22,1469.0,,,,,,,,,,
train1__val_center_dna_prot_nt_v2_500m_esmc_600m_Pure_XGBoost_Concat__Train1Val_ProteinGym,218.7703,9.42,1074929053,2053.22,1469.0,,,,,,,,,,
train1__val_center_dna_prot_nt_v2_500m_esmc_600m_Hybrid_Concat_XGBoost__Train1Val_Test,218.7703,9.25,1074929053,2053.22,1469.0,,,,,,,,,,
train1__val_center_dna_prot_nt_v2_500m_esmc_600m_Hybrid_Concat_XGBoost__Train1Val_ClinVarHQ,218.7703,9.46,1074929053,2053.22,1469.0,,,,,,,,,,
train1__val_center_dna_prot_nt_v2_500m_esmc_600m_Hybrid_Concat_XGBoost__Train1Val_UniProt,218.7703,9.4,1074929053,2053.22,1469.0,,,,,,,,,,
train1__val_center_dna_prot_nt_v2_500m_esmc_600m_Hybrid_Concat_XGBoost__Train1Val_ProteinGym,218.7703,9.41,1074929053,2053.22,1469.0,,,,,,,,,,
train1__val_center_dna_prot_nt_v2_500m_esmc_600m_Hybrid_CrossAttn_XGBoost__Train1Val_Test,218.7703,9.25,1077030301,2061.24,1469.0,,,,,,,,,,
train1__val_center_dna_prot_nt_v2_500m_esmc_600m_Hybrid_CrossAttn_XGBoost__Train1Val_ClinVarHQ,218.7703,9.47,1077030301,2061.24,1469.0,,,,,,,,,,
train1__val_center_dna_prot_nt_v2_500m_esmc_600m_Hybrid_CrossAttn_XGBoost__Train1Val_UniProt,218.7703,9.4,1077030301,2061.24,1469.0,,,,,,,,,,
train1__val_center_dna_prot_nt_v2_500m_esmc_600m_Hybrid_CrossAttn_XGBoost__Train1Val_ProteinGym,218.7703,9.41,1077030301,2061.24,1469.0,,,,,,,,,,
train1__val_center_dna_prot_nt_v2_500m_esmc_600m_Hybrid_Transformer_XGBoost__Train1Val_Test,218.7787,9.25,1078082461,2065.25,1469.0,,,,,,,,,,
train1__val_center_dna_prot_nt_v2_500m_esmc_600m_Hybrid_Transformer_XGBoost__Train1Val_ClinVarHQ,218.7787,9.46,1078082461,2065.25,1469.0,,,,,,,,,,
train1__val_center_dna_prot_nt_v2_500m_esmc_600m_Hybrid_Transformer_XGBoost__Train1Val_UniProt,218.7787,9.4,1078082461,2065.25,1469.0,,,,,,,,,,
train1__val_center_dna_prot_nt_v2_500m_esmc_600m_Hybrid_Transformer_XGBoost__Train1Val_ProteinGym,218.7787,9.41,1078082461,2065.25,1469.0,,,,,,,,,,
train1__val_center_dna_prot_nt_v2_500m_esmc_600m_Hybrid_Gating_XGBoost__Train1Val_Test,218.771,9.25,1075256221,2054.47,1469.0,,,,,,,,,,
train1__val_center_dna_prot_nt_v2_500m_esmc_600m_Hybrid_Gating_XGBoost__Train1Val_ClinVarHQ,218.771,9.46,1075256221,2054.47,1469.0,,,,,,,,,,
train1__val_center_dna_prot_nt_v2_500m_esmc_600m_Hybrid_Gating_XGBoost__Train1Val_UniProt,218.771,9.4,1075256221,2054.47,1469.0,,,,,,,,,,
train1__val_center_dna_prot_nt_v2_500m_esmc_600m_Hybrid_Gating_XGBoost__Train1Val_ProteinGym,218.771,9.41,1075256221,2054.47,1469.0,,,,,,,,,,
train1__val_center_dna_nt_v3_650m_None_PyTorch_Concat__Train1Val_Test,76.9386,6.89,652849212,2490.42,3643.92,,,,,,,,,,
train1__val_center_dna_nt_v3_650m_None_PyTorch_Concat__Train1Val_ClinVarHQ,76.9386,6.98,652849212,2490.42,3643.92,,,,,,,,,,
train1__val_center_dna_nt_v3_650m_None_PyTorch_Concat__Train1Val_UniProt,76.9386,6.96,652849212,2490.42,3643.92,,,,,,,,,,
train1__val_center_dna_nt_v3_650m_None_PyTorch_Concat__Train1Val_ProteinGym,76.9386,6.81,652849212,2490.42,3643.92,,,,,,,,,,
train1__val_center_dna_nt_v3_650m_None_Pure_XGBoost_Concat__Train1Val_Test,76.9386,6.89,652849212,2490.42,3643.92,,,,,,,,,,
train1__val_center_dna_nt_v3_650m_None_Pure_XGBoost_Concat__Train1Val_ClinVarHQ,76.9386,6.99,652849212,2490.42,3643.92,,,,,,,,,,
train1__val_center_dna_nt_v3_650m_None_Pure_XGBoost_Concat__Train1Val_UniProt,76.9386,6.97,652849212,2490.42,3643.92,,,,,,,,,,
train1__val_center_dna_nt_v3_650m_None_Pure_XGBoost_Concat__Train1Val_ProteinGym,76.9386,6.82,652849212,2490.42,3643.92,,,,,,,,,,
train1__val_center_dna_nt_v3_650m_None_Hybrid_Concat_XGBoost__Train1Val_Test,76.9386,6.89,652849212,2490.42,3643.92,,,,,,,,,,
train1__val_center_dna_nt_v3_650m_None_Hybrid_Concat_XGBoost__Train1Val_ClinVarHQ,76.9386,6.99,652849212,2490.42,3643.92,,,,,,,,,,
train1__val_center_dna_nt_v3_650m_None_Hybrid_Concat_XGBoost__Train1Val_UniProt,76.9386,6.96,652849212,2490.42,3643.92,,,,,,,,,,
train1__val_center_dna_nt_v3_650m_None_Hybrid_Concat_XGBoost__Train1Val_ProteinGym,76.9386,6.81,652849212,2490.42,3643.92,,,,,,,,,,
train1__val_center_prot_None_esmc_600m_PyTorch_Concat__Train1Val_Test,118.3928,4.68,575860161,1099.94,1469.0,,,,,,,,,,
train1__val_center_prot_None_esmc_600m_PyTorch_Concat__Train1Val_ClinVarHQ,118.3928,4.75,575860161,1099.94,1469.0,,,,,,,,,,
train1__val_center_prot_None_esmc_600m_PyTorch_Concat__Train1Val_UniProt,118.3928,4.69,575860161,1099.94,1469.0,,,,,,,,,,
train1__val_center_prot_None_esmc_600m_PyTorch_Concat__Train1Val_ProteinGym,118.3928,4.7,575860161,1099.94,1469.0,,,,,,,,,,
train1__val_center_prot_None_esmc_600m_Pure_XGBoost_Concat__Train1Val_Test,118.3928,4.68,575860161,1099.94,1469.0,,,,,,,,,,
train1__val_center_prot_None_esmc_600m_Pure_XGBoost_Concat__Train1Val_ClinVarHQ,118.3928,4.76,575860161,1099.94,1469.0,,,,,,,,,,
train1__val_center_prot_None_esmc_600m_Pure_XGBoost_Concat__Train1Val_UniProt,118.3928,4.69,575860161,1099.94,1469.0,,,,,,,,,,
train1__val_center_prot_None_esmc_600m_Pure_XGBoost_Concat__Train1Val_ProteinGym,118.3928,4.7,575860161,1099.94,1469.0,,,,,,,,,,
train1__val_center_prot_None_esmc_600m_Hybrid_Concat_XGBoost__Train1Val_Test,118.3928,4.68,575860161,1099.94,1469.0,,,,,,,,,,
train1__val_center_prot_None_esmc_600m_Hybrid_Concat_XGBoost__Train1Val_ClinVarHQ,118.3928,4.75,575860161,1099.94,1469.0,,,,,,,,,,
train1__val_center_prot_None_esmc_600m_Hybrid_Concat_XGBoost__Train1Val_UniProt,118.3928,4.69,575860161,1099.94,1469.0,,,,,,,,,,
train1__val_center_prot_None_esmc_600m_Hybrid_Concat_XGBoost__Train1Val_ProteinGym,118.3928,4.7,575860161,1099.94,1469.0,,,,,,,,,,
train1__val_center_dna_geom_prot_nt_v3_650m_esmc_600m_PyTorch_Concat__Train1Val_Test,195.3315,11.58,1228725756,3590.42,3643.92,,,,,,,,,,
train1__val_center_dna_geom_prot_nt_v3_650m_esmc_600m_PyTorch_Concat__Train1Val_ClinVarHQ,195.3315,11.74,1228725756,3590.42,3643.92,,,,,,,,,,
train1__val_center_dna_geom_prot_nt_v3_650m_esmc_600m_PyTorch_Concat__Train1Val_UniProt,195.3315,11.66,1228725756,3590.42,3643.92,,,,,,,,,,
train1__val_center_dna_geom_prot_nt_v3_650m_esmc_600m_PyTorch_Concat__Train1Val_ProteinGym,195.3315,11.52,1228725756,3590.42,3643.92,,,,,,,,,,
train1__val_center_dna_geom_prot_nt_v3_650m_esmc_600m_PyTorch_CrossAttn__Train1Val_Test,195.3315,11.58,1230827004,3598.44,3643.92,,,,,,,,,,
train1__val_center_dna_geom_prot_nt_v3_650m_esmc_600m_PyTorch_CrossAttn__Train1Val_ClinVarHQ,195.3315,11.75,1230827004,3598.44,3643.92,,,,,,,,,,
train1__val_center_dna_geom_prot_nt_v3_650m_esmc_600m_PyTorch_CrossAttn__Train1Val_UniProt,195.3315,11.67,1230827004,3598.44,3643.92,,,,,,,,,,
train1__val_center_dna_geom_prot_nt_v3_650m_esmc_600m_PyTorch_CrossAttn__Train1Val_ProteinGym,195.3315,11.52,1230827004,3598.44,3643.92,,,,,,,,,,
train1__val_center_dna_geom_prot_nt_v3_650m_esmc_600m_PyTorch_Transformer__Train1Val_Test,195.3399,11.6,1231879164,3602.45,3643.92,,,,,,,,,,
train1__val_center_dna_geom_prot_nt_v3_650m_esmc_600m_PyTorch_Transformer__Train1Val_ClinVarHQ,195.3399,11.75,1231879164,3602.45,3643.92,,,,,,,,,,
train1__val_center_dna_geom_prot_nt_v3_650m_esmc_600m_PyTorch_Transformer__Train1Val_UniProt,195.3399,11.68,1231879164,3602.45,3643.92,,,,,,,,,,
train1__val_center_dna_geom_prot_nt_v3_650m_esmc_600m_PyTorch_Transformer__Train1Val_ProteinGym,195.3399,11.54,1231879164,3602.45,3643.92,,,,,,,,,,
train1__val_center_dna_geom_prot_nt_v3_650m_esmc_600m_PyTorch_Gating__Train1Val_Test,195.3322,11.58,1229052924,3591.67,3643.92,,,,,,,,,,
train1__val_center_dna_geom_prot_nt_v3_650m_esmc_600m_PyTorch_Gating__Train1Val_ClinVarHQ,195.3322,11.74,1229052924,3591.67,3643.92,,,,,,,,,,
train1__val_center_dna_geom_prot_nt_v3_650m_esmc_600m_PyTorch_Gating__Train1Val_UniProt,195.3322,11.66,1229052924,3591.67,3643.92,,,,,,,,,,
train1__val_center_dna_geom_prot_nt_v3_650m_esmc_600m_PyTorch_Gating__Train1Val_ProteinGym,195.3322,11.52,1229052924,3591.67,3643.92,,,,,,,,,,
train1__val_center_dna_geom_prot_nt_v3_650m_esmc_600m_Pure_XGBoost_Concat__Train1Val_Test,195.3315,11.58,1228725756,3590.42,3643.92,,,,,,,,,,
train1__val_center_dna_geom_prot_nt_v3_650m_esmc_600m_Pure_XGBoost_Concat__Train1Val_ClinVarHQ,195.3315,11.74,1228725756,3590.42,3643.92,,,,,,,,,,
train1__val_center_dna_geom_prot_nt_v3_650m_esmc_600m_Pure_XGBoost_Concat__Train1Val_UniProt,195.3315,11.66,1228725756,3590.42,3643.92,,,,,,,,,,
train1__val_center_dna_geom_prot_nt_v3_650m_esmc_600m_Pure_XGBoost_Concat__Train1Val_ProteinGym,195.3315,11.52,1228725756,3590.42,3643.92,,,,,,,,,,
train1__val_center_dna_geom_prot_nt_v3_650m_esmc_600m_Hybrid_Concat_XGBoost__Train1Val_Test,195.3315,11.57,1228725756,3590.42,3643.92,,,,,,,,,,
train1__val_center_dna_geom_prot_nt_v3_650m_esmc_600m_Hybrid_Concat_XGBoost__Train1Val_ClinVarHQ,195.3315,11.73,1228725756,3590.42,3643.92,,,,,,,,,,
train1__val_center_dna_geom_prot_nt_v3_650m_esmc_600m_Hybrid_Concat_XGBoost__Train1Val_UniProt,195.3315,11.65,1228725756,3590.42,3643.92,,,,,,,,,,
train1__val_center_dna_geom_prot_nt_v3_650m_esmc_600m_Hybrid_Concat_XGBoost__Train1Val_ProteinGym,195.3315,11.51,1228725756,3590.42,3643.92,,,,,,,,,,
train1__val_center_dna_geom_prot_nt_v3_650m_esmc_600m_Hybrid_CrossAttn_XGBoost__Train1Val_Test,195.3315,11.57,1230827004,3598.44,3643.92,,,,,,,,,,
train1__val_center_dna_geom_prot_nt_v3_650m_esmc_600m_Hybrid_CrossAttn_XGBoost__Train1Val_ClinVarHQ,195.3315,11.73,1230827004,3598.44,3643.92,,,,,,,,,,
train1__val_center_dna_geom_prot_nt_v3_650m_esmc_600m_Hybrid_CrossAttn_XGBoost__Train1Val_UniProt,195.3315,11.65,1230827004,3598.44,3643.92,,,,,,,,,,
train1__val_center_dna_geom_prot_nt_v3_650m_esmc_600m_Hybrid_CrossAttn_XGBoost__Train1Val_ProteinGym,195.3315,11.51,1230827004,3598.44,3643.92,,,,,,,,,,
train1__val_center_dna_geom_prot_nt_v3_650m_esmc_600m_Hybrid_Transformer_XGBoost__Train1Val_Test,195.3399,11.57,1231879164,3602.45,3643.92,,,,,,,,,,
train1__val_center_dna_geom_prot_nt_v3_650m_esmc_600m_Hybrid_Transformer_XGBoost__Train1Val_ClinVarHQ,195.3399,11.73,1231879164,3602.45,3643.92,,,,,,,,,,
train1__val_center_dna_geom_prot_nt_v3_650m_esmc_600m_Hybrid_Transformer_XGBoost__Train1Val_UniProt,195.3399,11.65,1231879164,3602.45,3643.92,,,,,,,,,,
train1__val_center_dna_geom_prot_nt_v3_650m_esmc_600m_Hybrid_Transformer_XGBoost__Train1Val_ProteinGym,195.3399,11.51,1231879164,3602.45,3643.92,,,,,,,,,,
train1__val_center_dna_geom_prot_nt_v3_650m_esmc_600m_Hybrid_Gating_XGBoost__Train1Val_Test,195.3322,11.57,1229052924,3591.67,3643.92,,,,,,,,,,
train1__val_center_dna_geom_prot_nt_v3_650m_esmc_600m_Hybrid_Gating_XGBoost__Train1Val_ClinVarHQ,195.3322,11.73,1229052924,3591.67,3643.92,,,,,,,,,,
train1__val_center_dna_geom_prot_nt_v3_650m_esmc_600m_Hybrid_Gating_XGBoost__Train1Val_UniProt,195.3322,11.65,1229052924,3591.67,3643.92,,,,,,,,,,
train1__val_center_dna_geom_prot_nt_v3_650m_esmc_600m_Hybrid_Gating_XGBoost__Train1Val_ProteinGym,195.3322,11.51,1229052924,3591.67,3643.92,,,,,,,,,,
train1__val_center_bio_dna_prot_nt_v3_650m_esmc_600m_PyTorch_Concat__Train1Val_Test,195.3315,11.58,1228726140,3590.42,3643.92,,,,,,,,,,
train1__val_center_bio_dna_prot_nt_v3_650m_esmc_600m_PyTorch_Concat__Train1Val_ClinVarHQ,195.3315,11.74,1228726140,3590.42,3643.92,,,,,,,,,,
train1__val_center_bio_dna_prot_nt_v3_650m_esmc_600m_PyTorch_Concat__Train1Val_UniProt,195.3315,11.66,1228726140,3590.42,3643.92,,,,,,,,,,
train1__val_center_bio_dna_prot_nt_v3_650m_esmc_600m_PyTorch_Concat__Train1Val_ProteinGym,195.3315,11.52,1228726140,3590.42,3643.92,,,,,,,,,,
train1__val_center_bio_dna_prot_nt_v3_650m_esmc_600m_PyTorch_CrossAttn__Train1Val_Test,195.3315,11.58,1230827388,3598.44,3643.92,,,,,,,,,,
train1__val_center_bio_dna_prot_nt_v3_650m_esmc_600m_PyTorch_CrossAttn__Train1Val_ClinVarHQ,195.3315,11.75,1230827388,3598.44,3643.92,,,,,,,,,,
train1__val_center_bio_dna_prot_nt_v3_650m_esmc_600m_PyTorch_CrossAttn__Train1Val_UniProt,195.3315,11.67,1230827388,3598.44,3643.92,,,,,,,,,,
train1__val_center_bio_dna_prot_nt_v3_650m_esmc_600m_PyTorch_CrossAttn__Train1Val_ProteinGym,195.3315,11.53,1230827388,3598.44,3643.92,,,,,,,,,,
train1__val_center_bio_dna_prot_nt_v3_650m_esmc_600m_PyTorch_Transformer__Train1Val_Test,195.3399,11.6,1231879548,3602.45,3643.92,,,,,,,,,,
train1__val_center_bio_dna_prot_nt_v3_650m_esmc_600m_PyTorch_Transformer__Train1Val_ClinVarHQ,195.3399,11.76,1231879548,3602.45,3643.92,,,,,,,,,,
train1__val_center_bio_dna_prot_nt_v3_650m_esmc_600m_PyTorch_Transformer__Train1Val_UniProt,195.3399,11.67,1231879548,3602.45,3643.92,,,,,,,,,,
train1__val_center_bio_dna_prot_nt_v3_650m_esmc_600m_PyTorch_Transformer__Train1Val_ProteinGym,195.3399,11.54,1231879548,3602.45,3643.92,,,,,,,,,,
train1__val_center_bio_dna_prot_nt_v3_650m_esmc_600m_PyTorch_Gating__Train1Val_Test,195.3322,11.58,1229053308,3591.67,3643.92,,,,,,,,,,
train1__val_center_bio_dna_prot_nt_v3_650m_esmc_600m_PyTorch_Gating__Train1Val_ClinVarHQ,195.3322,11.74,1229053308,3591.67,3643.92,,,,,,,,,,
train1__val_center_bio_dna_prot_nt_v3_650m_esmc_600m_PyTorch_Gating__Train1Val_UniProt,195.3322,11.66,1229053308,3591.67,3643.92,,,,,,,,,,
train1__val_center_bio_dna_prot_nt_v3_650m_esmc_600m_PyTorch_Gating__Train1Val_ProteinGym,195.3322,11.52,1229053308,3591.67,3643.92,,,,,,,,,,
train1__val_center_bio_dna_prot_nt_v3_650m_esmc_600m_Pure_XGBoost_Concat__Train1Val_Test,195.3315,11.58,1228726140,3590.42,3643.92,,,,,,,,,,
train1__val_center_bio_dna_prot_nt_v3_650m_esmc_600m_Pure_XGBoost_Concat__Train1Val_ClinVarHQ,195.3315,11.74,1228726140,3590.42,3643.92,,,,,,,,,,
train1__val_center_bio_dna_prot_nt_v3_650m_esmc_600m_Pure_XGBoost_Concat__Train1Val_UniProt,195.3315,11.66,1228726140,3590.42,3643.92,,,,,,,,,,
train1__val_center_bio_dna_prot_nt_v3_650m_esmc_600m_Pure_XGBoost_Concat__Train1Val_ProteinGym,195.3315,11.52,1228726140,3590.42,3643.92,,,,,,,,,,
train1__val_center_bio_dna_prot_nt_v3_650m_esmc_600m_Hybrid_Concat_XGBoost__Train1Val_Test,195.3315,11.57,1228726140,3590.42,3643.92,,,,,,,,,,
train1__val_center_bio_dna_prot_nt_v3_650m_esmc_600m_Hybrid_Concat_XGBoost__Train1Val_ClinVarHQ,195.3315,11.73,1228726140,3590.42,3643.92,,,,,,,,,,
train1__val_center_bio_dna_prot_nt_v3_650m_esmc_600m_Hybrid_Concat_XGBoost__Train1Val_UniProt,195.3315,11.65,1228726140,3590.42,3643.92,,,,,,,,,,
train1__val_center_bio_dna_prot_nt_v3_650m_esmc_600m_Hybrid_Concat_XGBoost__Train1Val_ProteinGym,195.3315,11.51,1228726140,3590.42,3643.92,,,,,,,,,,
train1__val_center_bio_dna_prot_nt_v3_650m_esmc_600m_Hybrid_CrossAttn_XGBoost__Train1Val_Test,195.3315,11.57,1230827388,3598.44,3643.92,,,,,,,,,,
train1__val_center_bio_dna_prot_nt_v3_650m_esmc_600m_Hybrid_CrossAttn_XGBoost__Train1Val_ClinVarHQ,195.3315,11.73,1230827388,3598.44,3643.92,,,,,,,,,,
train1__val_center_bio_dna_prot_nt_v3_650m_esmc_600m_Hybrid_CrossAttn_XGBoost__Train1Val_UniProt,195.3315,11.65,1230827388,3598.44,3643.92,,,,,,,,,,
train1__val_center_bio_dna_prot_nt_v3_650m_esmc_600m_Hybrid_CrossAttn_XGBoost__Train1Val_ProteinGym,195.3315,11.51,1230827388,3598.44,3643.92,,,,,,,,,,
train1__val_center_bio_dna_prot_nt_v3_650m_esmc_600m_Hybrid_Transformer_XGBoost__Train1Val_Test,195.3399,11.57,1231879548,3602.45,3643.92,,,,,,,,,,
train1__val_center_bio_dna_prot_nt_v3_650m_esmc_600m_Hybrid_Transformer_XGBoost__Train1Val_ClinVarHQ,195.3399,11.73,1231879548,3602.45,3643.92,,,,,,,,,,
train1__val_center_bio_dna_prot_nt_v3_650m_esmc_600m_Hybrid_Transformer_XGBoost__Train1Val_UniProt,195.3399,11.66,1231879548,3602.45,3643.92,,,,,,,,,,
train1__val_center_bio_dna_prot_nt_v3_650m_esmc_600m_Hybrid_Transformer_XGBoost__Train1Val_ProteinGym,195.3399,11.51,1231879548,3602.45,3643.92,,,,,,,,,,
train1__val_center_bio_dna_prot_nt_v3_650m_esmc_600m_Hybrid_Gating_XGBoost__Train1Val_Test,195.3322,11.57,1229053308,3591.67,3643.92,,,,,,,,,,
train1__val_center_bio_dna_prot_nt_v3_650m_esmc_600m_Hybrid_Gating_XGBoost__Train1Val_ClinVarHQ,195.3322,11.73,1229053308,3591.67,3643.92,,,,,,,,,,
train1__val_center_bio_dna_prot_nt_v3_650m_esmc_600m_Hybrid_Gating_XGBoost__Train1Val_UniProt,195.3322,11.65,1229053308,3591.67,3643.92,,,,,,,,,,
train1__val_center_bio_dna_prot_nt_v3_650m_esmc_600m_Hybrid_Gating_XGBoost__Train1Val_ProteinGym,195.3322,11.51,1229053308,3591.67,3643.92,,,,,,,,,,
train1__val_center_bio_dna_geom_prot_nt_v3_650m_esmc_600m_PyTorch_Concat__Train1Val_Test,195.3315,11.58,1228727164,3590.43,3643.92,,,,,,,,,,
train1__val_center_bio_dna_geom_prot_nt_v3_650m_esmc_600m_PyTorch_Concat__Train1Val_ClinVarHQ,195.3315,11.74,1228727164,3590.43,3643.92,,,,,,,,,,
train1__val_center_bio_dna_geom_prot_nt_v3_650m_esmc_600m_PyTorch_Concat__Train1Val_UniProt,195.3315,11.66,1228727164,3590.43,3643.92,,,,,,,,,,
train1__val_center_bio_dna_geom_prot_nt_v3_650m_esmc_600m_PyTorch_Concat__Train1Val_ProteinGym,195.3315,11.52,1228727164,3590.43,3643.92,,,,,,,,,,
train1__val_center_bio_dna_geom_prot_nt_v3_650m_esmc_600m_PyTorch_CrossAttn__Train1Val_Test,195.3315,11.58,1230828412,3598.44,3643.92,,,,,,,,,,
train1__val_center_bio_dna_geom_prot_nt_v3_650m_esmc_600m_PyTorch_CrossAttn__Train1Val_ClinVarHQ,195.3315,11.74,1230828412,3598.44,3643.92,,,,,,,,,,
train1__val_center_bio_dna_geom_prot_nt_v3_650m_esmc_600m_PyTorch_CrossAttn__Train1Val_UniProt,195.3315,11.67,1230828412,3598.44,3643.92,,,,,,,,,,
train1__val_center_bio_dna_geom_prot_nt_v3_650m_esmc_600m_PyTorch_CrossAttn__Train1Val_ProteinGym,195.3315,11.53,1230828412,3598.44,3643.92,,,,,,,,,,
train1__val_center_bio_dna_geom_prot_nt_v3_650m_esmc_600m_PyTorch_Transformer__Train1Val_Test,195.3399,11.59,1231880572,3602.46,3643.92,,,,,,,,,,
train1__val_center_bio_dna_geom_prot_nt_v3_650m_esmc_600m_PyTorch_Transformer__Train1Val_ClinVarHQ,195.3399,11.76,1231880572,3602.46,3643.92,,,,,,,,,,
train1__val_center_bio_dna_geom_prot_nt_v3_650m_esmc_600m_PyTorch_Transformer__Train1Val_UniProt,195.3399,11.68,1231880572,3602.46,3643.92,,,,,,,,,,
train1__val_center_bio_dna_geom_prot_nt_v3_650m_esmc_600m_PyTorch_Transformer__Train1Val_ProteinGym,195.3399,11.54,1231880572,3602.46,3643.92,,,,,,,,,,
train1__val_center_bio_dna_geom_prot_nt_v3_650m_esmc_600m_PyTorch_Gating__Train1Val_Test,195.3322,11.58,1229054332,3591.68,3643.92,,,,,,,,,,
train1__val_center_bio_dna_geom_prot_nt_v3_650m_esmc_600m_PyTorch_Gating__Train1Val_ClinVarHQ,195.3322,11.74,1229054332,3591.68,3643.92,,,,,,,,,,
train1__val_center_bio_dna_geom_prot_nt_v3_650m_esmc_600m_PyTorch_Gating__Train1Val_UniProt,195.3322,11.66,1229054332,3591.68,3643.92,,,,,,,,,,
train1__val_center_bio_dna_geom_prot_nt_v3_650m_esmc_600m_PyTorch_Gating__Train1Val_ProteinGym,195.3322,11.52,1229054332,3591.68,3643.92,,,,,,,,,,
train1__val_center_bio_dna_geom_prot_nt_v3_650m_esmc_600m_Pure_XGBoost_Concat__Train1Val_Test,195.3315,11.58,1228727164,3590.43,3643.92,,,,,,,,,,
train1__val_center_bio_dna_geom_prot_nt_v3_650m_esmc_600m_Pure_XGBoost_Concat__Train1Val_ClinVarHQ,195.3315,11.74,1228727164,3590.43,3643.92,,,,,,,,,,
train1__val_center_bio_dna_geom_prot_nt_v3_650m_esmc_600m_Pure_XGBoost_Concat__Train1Val_UniProt,195.3315,11.66,1228727164,3590.43,3643.92,,,,,,,,,,
train1__val_center_bio_dna_geom_prot_nt_v3_650m_esmc_600m_Pure_XGBoost_Concat__Train1Val_ProteinGym,195.3315,11.52,1228727164,3590.43,3643.92,,,,,,,,,,
train1__val_center_bio_dna_geom_prot_nt_v3_650m_esmc_600m_Hybrid_Concat_XGBoost__Train1Val_Test,195.3315,11.57,1228727164,3590.43,3643.92,,,,,,,,,,
train1__val_center_bio_dna_geom_prot_nt_v3_650m_esmc_600m_Hybrid_Concat_XGBoost__Train1Val_ClinVarHQ,195.3315,11.73,1228727164,3590.43,3643.92,,,,,,,,,,
train1__val_center_bio_dna_geom_prot_nt_v3_650m_esmc_600m_Hybrid_Concat_XGBoost__Train1Val_UniProt,195.3315,11.65,1228727164,3590.43,3643.92,,,,,,,,,,
train1__val_center_bio_dna_geom_prot_nt_v3_650m_esmc_600m_Hybrid_Concat_XGBoost__Train1Val_ProteinGym,195.3315,11.51,1228727164,3590.43,3643.92,,,,,,,,,,
train1__val_center_bio_dna_geom_prot_nt_v3_650m_esmc_600m_Hybrid_CrossAttn_XGBoost__Train1Val_Test,195.3315,11.57,1230828412,3598.44,3643.92,,,,,,,,,,
train1__val_center_bio_dna_geom_prot_nt_v3_650m_esmc_600m_Hybrid_CrossAttn_XGBoost__Train1Val_ClinVarHQ,195.3315,11.73,1230828412,3598.44,3643.92,,,,,,,,,,
train1__val_center_bio_dna_geom_prot_nt_v3_650m_esmc_600m_Hybrid_CrossAttn_XGBoost__Train1Val_UniProt,195.3315,11.65,1230828412,3598.44,3643.92,,,,,,,,,,
train1__val_center_bio_dna_geom_prot_nt_v3_650m_esmc_600m_Hybrid_CrossAttn_XGBoost__Train1Val_ProteinGym,195.3315,11.51,1230828412,3598.44,3643.92,,,,,,,,,,
train1__val_center_bio_dna_geom_prot_nt_v3_650m_esmc_600m_Hybrid_Transformer_XGBoost__Train1Val_Test,195.3399,11.57,1231880572,3602.46,3643.92,,,,,,,,,,
train1__val_center_bio_dna_geom_prot_nt_v3_650m_esmc_600m_Hybrid_Transformer_XGBoost__Train1Val_ClinVarHQ,195.3399,11.73,1231880572,3602.46,3643.92,,,,,,,,,,
train1__val_center_bio_dna_geom_prot_nt_v3_650m_esmc_600m_Hybrid_Transformer_XGBoost__Train1Val_UniProt,195.3399,11.65,1231880572,3602.46,3643.92,,,,,,,,,,
train1__val_center_bio_dna_geom_prot_nt_v3_650m_esmc_600m_Hybrid_Transformer_XGBoost__Train1Val_ProteinGym,195.3399,11.51,1231880572,3602.46,3643.92,,,,,,,,,,
train1__val_center_bio_dna_geom_prot_nt_v3_650m_esmc_600m_Hybrid_Gating_XGBoost__Train1Val_Test,195.3322,11.57,1229054332,3591.68,3643.92,,,,,,,,,,
train1__val_center_bio_dna_geom_prot_nt_v3_650m_esmc_600m_Hybrid_Gating_XGBoost__Train1Val_ClinVarHQ,195.3322,11.73,1229054332,3591.68,3643.92,,,,,,,,,,
train1__val_center_bio_dna_geom_prot_nt_v3_650m_esmc_600m_Hybrid_Gating_XGBoost__Train1Val_UniProt,195.3322,11.65,1229054332,3591.68,3643.92,,,,,,,,,,
train1__val_center_bio_dna_geom_prot_nt_v3_650m_esmc_600m_Hybrid_Gating_XGBoost__Train1Val_ProteinGym,195.3322,11.51,1229054332,3591.68,3643.92,,,,,,,,,,
train1__val_center_bio_geom_nt_v3_650m_esmc_600m_PyTorch_Concat__Train1Val_Test,0.0002,0.0,86145,0.33,0.0,,,,,,,,,,
train1__val_center_bio_geom_nt_v3_650m_esmc_600m_PyTorch_Concat__Train1Val_ClinVarHQ,0.0002,0.0,86145,0.33,0.0,,,,,,,,,,
train1__val_center_bio_geom_nt_v3_650m_esmc_600m_PyTorch_Concat__Train1Val_UniProt,0.0002,0.0,86145,0.33,0.0,,,,,,,,,,
train1__val_center_bio_geom_nt_v3_650m_esmc_600m_PyTorch_Concat__Train1Val_ProteinGym,0.0002,0.0,86145,0.33,0.0,,,,,,,,,,
train1__val_center_bio_geom_nt_v3_650m_esmc_600m_Pure_XGBoost_Concat__Train1Val_Test,0.0002,0.0,86145,0.33,0.0,,,,,,,,,,
train1__val_center_bio_geom_nt_v3_650m_esmc_600m_Pure_XGBoost_Concat__Train1Val_ClinVarHQ,0.0002,0.0,86145,0.33,0.0,,,,,,,,,,
train1__val_center_bio_geom_nt_v3_650m_esmc_600m_Pure_XGBoost_Concat__Train1Val_UniProt,0.0002,0.0,86145,0.33,0.0,,,,,,,,,,
train1__val_center_bio_geom_nt_v3_650m_esmc_600m_Pure_XGBoost_Concat__Train1Val_ProteinGym,0.0002,0.0,86145,0.33,0.0,,,,,,,,,,
train1__val_center_bio_geom_nt_v3_650m_esmc_600m_Hybrid_Concat_XGBoost__Train1Val_Test,0.0002,0.0,86145,0.33,0.0,,,,,,,,,,
train1__val_center_bio_geom_nt_v3_650m_esmc_600m_Hybrid_Concat_XGBoost__Train1Val_ClinVarHQ,0.0002,0.0,86145,0.33,0.0,,,,,,,,,,
train1__val_center_bio_geom_nt_v3_650m_esmc_600m_Hybrid_Concat_XGBoost__Train1Val_UniProt,0.0002,0.0,86145,0.33,0.0,,,,,,,,,,
train1__val_center_bio_geom_nt_v3_650m_esmc_600m_Hybrid_Concat_XGBoost__Train1Val_ProteinGym,0.0002,0.0,86145,0.33,0.0,,,,,,,,,,
train1__val_cls_dna_prot_nt_v1_500m_esm1b_650m_PyTorch_Concat__Train1Val_Test,231.7942,9.35,1139801633,2177.33,1961.98,,,,,,,,,,
train1__val_cls_dna_prot_nt_v1_500m_esm1b_650m_PyTorch_Concat__Train1Val_ClinVarHQ,231.7942,9.86,1139801633,2177.33,1961.98,,,,,,,,,,
train1__val_cls_dna_prot_nt_v1_500m_esm1b_650m_PyTorch_Concat__Train1Val_UniProt,231.7942,9.85,1139801633,2177.33,1961.98,,,,,,,,,,
train1__val_cls_dna_prot_nt_v1_500m_esm1b_650m_PyTorch_Concat__Train1Val_ProteinGym,231.7942,9.88,1139801633,2177.33,1961.98,,,,,,,,,,
train1__val_cls_dna_prot_nt_v1_500m_esm1b_650m_PyTorch_CrossAttn__Train1Val_Test,231.7942,9.35,1141902881,2185.35,1961.98,,,,,,,,,,
train1__val_cls_dna_prot_nt_v1_500m_esm1b_650m_PyTorch_CrossAttn__Train1Val_ClinVarHQ,231.7942,9.86,1141902881,2185.35,1961.98,,,,,,,,,,
train1__val_cls_dna_prot_nt_v1_500m_esm1b_650m_PyTorch_CrossAttn__Train1Val_UniProt,231.7942,9.86,1141902881,2185.35,1961.98,,,,,,,,,,
train1__val_cls_dna_prot_nt_v1_500m_esm1b_650m_PyTorch_CrossAttn__Train1Val_ProteinGym,231.7942,9.88,1141902881,2185.35,1961.98,,,,,,,,,,
train1__val_cls_dna_prot_nt_v1_500m_esm1b_650m_PyTorch_Transformer__Train1Val_Test,231.8026,9.37,1142955041,2189.36,1961.98,,,,,,,,,,
train1__val_cls_dna_prot_nt_v1_500m_esm1b_650m_PyTorch_Transformer__Train1Val_ClinVarHQ,231.8026,9.88,1142955041,2189.36,1961.98,,,,,,,,,,
train1__val_cls_dna_prot_nt_v1_500m_esm1b_650m_PyTorch_Transformer__Train1Val_UniProt,231.8026,9.87,1142955041,2189.36,1961.98,,,,,,,,,,
train1__val_cls_dna_prot_nt_v1_500m_esm1b_650m_PyTorch_Transformer__Train1Val_ProteinGym,231.8026,9.9,1142955041,2189.36,1961.98,,,,,,,,,,
train1__val_cls_dna_prot_nt_v1_500m_esm1b_650m_PyTorch_Gating__Train1Val_Test,231.7948,9.35,1140128801,2178.58,1961.98,,,,,,,,,,
train1__val_cls_dna_prot_nt_v1_500m_esm1b_650m_PyTorch_Gating__Train1Val_ClinVarHQ,231.7948,9.86,1140128801,2178.58,1961.98,,,,,,,,,,
train1__val_cls_dna_prot_nt_v1_500m_esm1b_650m_PyTorch_Gating__Train1Val_UniProt,231.7948,9.85,1140128801,2178.58,1961.98,,,,,,,,,,
train1__val_cls_dna_prot_nt_v1_500m_esm1b_650m_PyTorch_Gating__Train1Val_ProteinGym,231.7948,9.88,1140128801,2178.58,1961.98,,,,,,,,,,
train1__val_cls_dna_prot_nt_v1_500m_esm1b_650m_Pure_XGBoost_Concat__Train1Val_Test,231.7942,9.35,1139801633,2177.33,1961.98,,,,,,,,,,
train1__val_cls_dna_prot_nt_v1_500m_esm1b_650m_Pure_XGBoost_Concat__Train1Val_ClinVarHQ,231.7942,9.86,1139801633,2177.33,1961.98,,,,,,,,,,
train1__val_cls_dna_prot_nt_v1_500m_esm1b_650m_Pure_XGBoost_Concat__Train1Val_UniProt,231.7942,9.85,1139801633,2177.33,1961.98,,,,,,,,,,
train1__val_cls_dna_prot_nt_v1_500m_esm1b_650m_Pure_XGBoost_Concat__Train1Val_ProteinGym,231.7942,9.88,1139801633,2177.33,1961.98,,,,,,,,,,
train1__val_cls_dna_prot_nt_v1_500m_esm1b_650m_Hybrid_Concat_XGBoost__Train1Val_Test,231.7942,9.34,1139801633,2177.33,1961.98,,,,,,,,,,
train1__val_cls_dna_prot_nt_v1_500m_esm1b_650m_Hybrid_Concat_XGBoost__Train1Val_ClinVarHQ,231.7942,9.85,1139801633,2177.33,1961.98,,,,,,,,,,
train1__val_cls_dna_prot_nt_v1_500m_esm1b_650m_Hybrid_Concat_XGBoost__Train1Val_UniProt,231.7942,9.84,1139801633,2177.33,1961.98,,,,,,,,,,
train1__val_cls_dna_prot_nt_v1_500m_esm1b_650m_Hybrid_Concat_XGBoost__Train1Val_ProteinGym,231.7942,9.87,1139801633,2177.33,1961.98,,,,,,,,,,
train1__val_cls_dna_prot_nt_v1_500m_esm1b_650m_Hybrid_CrossAttn_XGBoost__Train1Val_Test,231.7942,9.34,1141902881,2185.35,1961.98,,,,,,,,,,
train1__val_cls_dna_prot_nt_v1_500m_esm1b_650m_Hybrid_CrossAttn_XGBoost__Train1Val_ClinVarHQ,231.7942,9.85,1141902881,2185.35,1961.98,,,,,,,,,,
train1__val_cls_dna_prot_nt_v1_500m_esm1b_650m_Hybrid_CrossAttn_XGBoost__Train1Val_UniProt,231.7942,9.84,1141902881,2185.35,1961.98,,,,,,,,,,
train1__val_cls_dna_prot_nt_v1_500m_esm1b_650m_Hybrid_CrossAttn_XGBoost__Train1Val_ProteinGym,231.7942,9.87,1141902881,2185.35,1961.98,,,,,,,,,,
train1__val_cls_dna_prot_nt_v1_500m_esm1b_650m_Hybrid_Transformer_XGBoost__Train1Val_Test,231.8026,9.34,1142955041,2189.36,1961.98,,,,,,,,,,
train1__val_cls_dna_prot_nt_v1_500m_esm1b_650m_Hybrid_Transformer_XGBoost__Train1Val_ClinVarHQ,231.8026,9.85,1142955041,2189.36,1961.98,,,,,,,,,,
train1__val_cls_dna_prot_nt_v1_500m_esm1b_650m_Hybrid_Transformer_XGBoost__Train1Val_UniProt,231.8026,9.84,1142955041,2189.36,1961.98,,,,,,,,,,
train1__val_cls_dna_prot_nt_v1_500m_esm1b_650m_Hybrid_Transformer_XGBoost__Train1Val_ProteinGym,231.8026,9.87,1142955041,2189.36,1961.98,,,,,,,,,,
train1__val_cls_dna_prot_nt_v1_500m_esm1b_650m_Hybrid_Gating_XGBoost__Train1Val_Test,231.7948,9.34,1140128801,2178.58,1961.98,,,,,,,,,,
train1__val_cls_dna_prot_nt_v1_500m_esm1b_650m_Hybrid_Gating_XGBoost__Train1Val_ClinVarHQ,231.7948,9.85,1140128801,2178.58,1961.98,,,,,,,,,,
train1__val_cls_dna_prot_nt_v1_500m_esm1b_650m_Hybrid_Gating_XGBoost__Train1Val_UniProt,231.7948,9.84,1140128801,2178.58,1961.98,,,,,,,,,,
train1__val_cls_dna_prot_nt_v1_500m_esm1b_650m_Hybrid_Gating_XGBoost__Train1Val_ProteinGym,231.7948,9.87,1140128801,2178.58,1961.98,,,,,,,,,,
train1__val_cls_dna_prot_nt_v1_500m_esm2_650m_PyTorch_Concat__Train1Val_Test,231.7932,10.02,1138485793,2174.82,1686.1,,,,,,,,,,
train1__val_cls_dna_prot_nt_v1_500m_esm2_650m_PyTorch_Concat__Train1Val_ClinVarHQ,231.7932,10.37,1138485793,2174.82,1686.1,,,,,,,,,,
train1__val_cls_dna_prot_nt_v1_500m_esm2_650m_PyTorch_Concat__Train1Val_UniProt,231.7932,10.35,1138485793,2174.82,1686.1,,,,,,,,,,
train1__val_cls_dna_prot_nt_v1_500m_esm2_650m_PyTorch_Concat__Train1Val_ProteinGym,231.7932,10.36,1138485793,2174.82,1686.1,,,,,,,,,,
train1__val_cls_dna_prot_nt_v1_500m_esm2_650m_PyTorch_CrossAttn__Train1Val_Test,231.7932,10.02,1140587041,2182.84,1686.1,,,,,,,,,,
train1__val_cls_dna_prot_nt_v1_500m_esm2_650m_PyTorch_CrossAttn__Train1Val_ClinVarHQ,231.7932,10.38,1140587041,2182.84,1686.1,,,,,,,,,,
train1__val_cls_dna_prot_nt_v1_500m_esm2_650m_PyTorch_CrossAttn__Train1Val_UniProt,231.7932,10.36,1140587041,2182.84,1686.1,,,,,,,,,,
train1__val_cls_dna_prot_nt_v1_500m_esm2_650m_PyTorch_CrossAttn__Train1Val_ProteinGym,231.7932,10.36,1140587041,2182.84,1686.1,,,,,,,,,,
train1__val_cls_dna_prot_nt_v1_500m_esm2_650m_PyTorch_Transformer__Train1Val_Test,231.8016,10.04,1141639201,2186.85,1686.1,,,,,,,,,,
train1__val_cls_dna_prot_nt_v1_500m_esm2_650m_PyTorch_Transformer__Train1Val_ClinVarHQ,231.8016,10.39,1141639201,2186.85,1686.1,,,,,,,,,,
train1__val_cls_dna_prot_nt_v1_500m_esm2_650m_PyTorch_Transformer__Train1Val_UniProt,231.8016,10.37,1141639201,2186.85,1686.1,,,,,,,,,,
train1__val_cls_dna_prot_nt_v1_500m_esm2_650m_PyTorch_Transformer__Train1Val_ProteinGym,231.8016,10.37,1141639201,2186.85,1686.1,,,,,,,,,,
train1__val_cls_dna_prot_nt_v1_500m_esm2_650m_PyTorch_Gating__Train1Val_Test,231.7938,10.02,1138812961,2176.07,1686.1,,,,,,,,,,
train1__val_cls_dna_prot_nt_v1_500m_esm2_650m_PyTorch_Gating__Train1Val_ClinVarHQ,231.7938,10.37,1138812961,2176.07,1686.1,,,,,,,,,,
train1__val_cls_dna_prot_nt_v1_500m_esm2_650m_PyTorch_Gating__Train1Val_UniProt,231.7938,10.35,1138812961,2176.07,1686.1,,,,,,,,,,
train1__val_cls_dna_prot_nt_v1_500m_esm2_650m_PyTorch_Gating__Train1Val_ProteinGym,231.7938,10.35,1138812961,2176.07,1686.1,,,,,,,,,,
train1__val_cls_dna_prot_nt_v1_500m_esm2_650m_Pure_XGBoost_Concat__Train1Val_Test,231.7932,10.02,1138485793,2174.82,1686.1,,,,,,,,,,
train1__val_cls_dna_prot_nt_v1_500m_esm2_650m_Pure_XGBoost_Concat__Train1Val_ClinVarHQ,231.7932,10.37,1138485793,2174.82,1686.1,,,,,,,,,,
train1__val_cls_dna_prot_nt_v1_500m_esm2_650m_Pure_XGBoost_Concat__Train1Val_UniProt,231.7932,10.35,1138485793,2174.82,1686.1,,,,,,,,,,
train1__val_cls_dna_prot_nt_v1_500m_esm2_650m_Pure_XGBoost_Concat__Train1Val_ProteinGym,231.7932,10.36,1138485793,2174.82,1686.1,,,,,,,,,,
train1__val_cls_dna_prot_nt_v1_500m_esm2_650m_Hybrid_Concat_XGBoost__Train1Val_Test,231.7932,10.01,1138485793,2174.82,1686.1,,,,,,,,,,
train1__val_cls_dna_prot_nt_v1_500m_esm2_650m_Hybrid_Concat_XGBoost__Train1Val_ClinVarHQ,231.7932,10.37,1138485793,2174.82,1686.1,,,,,,,,,,
train1__val_cls_dna_prot_nt_v1_500m_esm2_650m_Hybrid_Concat_XGBoost__Train1Val_UniProt,231.7932,10.34,1138485793,2174.82,1686.1,,,,,,,,,,
train1__val_cls_dna_prot_nt_v1_500m_esm2_650m_Hybrid_Concat_XGBoost__Train1Val_ProteinGym,231.7932,10.35,1138485793,2174.82,1686.1,,,,,,,,,,
train1__val_cls_dna_prot_nt_v1_500m_esm2_650m_Hybrid_CrossAttn_XGBoost__Train1Val_Test,231.7932,10.01,1140587041,2182.84,1686.1,,,,,,,,,,
train1__val_cls_dna_prot_nt_v1_500m_esm2_650m_Hybrid_CrossAttn_XGBoost__Train1Val_ClinVarHQ,231.7932,10.36,1140587041,2182.84,1686.1,,,,,,,,,,
train1__val_cls_dna_prot_nt_v1_500m_esm2_650m_Hybrid_CrossAttn_XGBoost__Train1Val_UniProt,231.7932,10.34,1140587041,2182.84,1686.1,,,,,,,,,,
train1__val_cls_dna_prot_nt_v1_500m_esm2_650m_Hybrid_CrossAttn_XGBoost__Train1Val_ProteinGym,231.7932,10.35,1140587041,2182.84,1686.1,,,,,,,,,,
train1__val_cls_dna_prot_nt_v1_500m_esm2_650m_Hybrid_Transformer_XGBoost__Train1Val_Test,231.8016,10.01,1141639201,2186.85,1686.1,,,,,,,,,,
train1__val_cls_dna_prot_nt_v1_500m_esm2_650m_Hybrid_Transformer_XGBoost__Train1Val_ClinVarHQ,231.8016,10.37,1141639201,2186.85,1686.1,,,,,,,,,,
train1__val_cls_dna_prot_nt_v1_500m_esm2_650m_Hybrid_Transformer_XGBoost__Train1Val_UniProt,231.8016,10.34,1141639201,2186.85,1686.1,,,,,,,,,,
train1__val_cls_dna_prot_nt_v1_500m_esm2_650m_Hybrid_Transformer_XGBoost__Train1Val_ProteinGym,231.8016,10.35,1141639201,2186.85,1686.1,,,,,,,,,,
train1__val_cls_dna_prot_nt_v1_500m_esm2_650m_Hybrid_Gating_XGBoost__Train1Val_Test,231.7938,10.01,1138812961,2176.07,1686.1,,,,,,,,,,
train1__val_cls_dna_prot_nt_v1_500m_esm2_650m_Hybrid_Gating_XGBoost__Train1Val_ClinVarHQ,231.7938,10.37,1138812961,2176.07,1686.1,,,,,,,,,,
train1__val_cls_dna_prot_nt_v1_500m_esm2_650m_Hybrid_Gating_XGBoost__Train1Val_UniProt,231.7938,10.34,1138812961,2176.07,1686.1,,,,,,,,,,
train1__val_cls_dna_prot_nt_v1_500m_esm2_650m_Hybrid_Gating_XGBoost__Train1Val_ProteinGym,231.7938,10.35,1138812961,2176.07,1686.1,,,,,,,,,,
train1__val_cls_dna_prot_nt_v1_500m_esmc_600m_PyTorch_Concat__Train1Val_Test,216.1122,8.55,1062413995,2029.6,1656.34,,,,,,,,,,
train1__val_cls_dna_prot_nt_v1_500m_esmc_600m_PyTorch_Concat__Train1Val_ClinVarHQ,216.1122,8.98,1062413995,2029.6,1656.34,,,,,,,,,,
train1__val_cls_dna_prot_nt_v1_500m_esmc_600m_PyTorch_Concat__Train1Val_UniProt,216.1122,8.89,1062413995,2029.6,1656.34,,,,,,,,,,
train1__val_cls_dna_prot_nt_v1_500m_esmc_600m_PyTorch_Concat__Train1Val_ProteinGym,216.1122,8.91,1062413995,2029.6,1656.34,,,,,,,,,,
train1__val_cls_dna_prot_nt_v1_500m_esmc_600m_PyTorch_CrossAttn__Train1Val_Test,216.1122,8.55,1064515243,2037.62,1656.34,,,,,,,,,,
train1__val_cls_dna_prot_nt_v1_500m_esmc_600m_PyTorch_CrossAttn__Train1Val_ClinVarHQ,216.1122,8.99,1064515243,2037.62,1656.34,,,,,,,,,,
train1__val_cls_dna_prot_nt_v1_500m_esmc_600m_PyTorch_CrossAttn__Train1Val_UniProt,216.1122,8.9,1064515243,2037.62,1656.34,,,,,,,,,,
train1__val_cls_dna_prot_nt_v1_500m_esmc_600m_PyTorch_CrossAttn__Train1Val_ProteinGym,216.1122,8.91,1064515243,2037.62,1656.34,,,,,,,,,,
train1__val_cls_dna_prot_nt_v1_500m_esmc_600m_PyTorch_Transformer__Train1Val_Test,216.1206,8.56,1065567403,2041.63,1656.34,,,,,,,,,,
train1__val_cls_dna_prot_nt_v1_500m_esmc_600m_PyTorch_Transformer__Train1Val_ClinVarHQ,216.1206,9.0,1065567403,2041.63,1656.34,,,,,,,,,,
train1__val_cls_dna_prot_nt_v1_500m_esmc_600m_PyTorch_Transformer__Train1Val_UniProt,216.1206,8.91,1065567403,2041.63,1656.34,,,,,,,,,,
train1__val_cls_dna_prot_nt_v1_500m_esmc_600m_PyTorch_Transformer__Train1Val_ProteinGym,216.1206,8.92,1065567403,2041.63,1656.34,,,,,,,,,,
train1__val_cls_dna_prot_nt_v1_500m_esmc_600m_PyTorch_Gating__Train1Val_Test,216.1128,8.55,1062741163,2030.85,1656.34,,,,,,,,,,
train1__val_cls_dna_prot_nt_v1_500m_esmc_600m_PyTorch_Gating__Train1Val_ClinVarHQ,216.1128,8.98,1062741163,2030.85,1656.34,,,,,,,,,,
train1__val_cls_dna_prot_nt_v1_500m_esmc_600m_PyTorch_Gating__Train1Val_UniProt,216.1128,8.89,1062741163,2030.85,1656.34,,,,,,,,,,
train1__val_cls_dna_prot_nt_v1_500m_esmc_600m_PyTorch_Gating__Train1Val_ProteinGym,216.1128,8.91,1062741163,2030.85,1656.34,,,,,,,,,,
train1__val_cls_dna_prot_nt_v1_500m_esmc_600m_Pure_XGBoost_Concat__Train1Val_Test,216.1122,8.55,1062413995,2029.6,1656.34,,,,,,,,,,
train1__val_cls_dna_prot_nt_v1_500m_esmc_600m_Pure_XGBoost_Concat__Train1Val_ClinVarHQ,216.1122,8.98,1062413995,2029.6,1656.34,,,,,,,,,,
train1__val_cls_dna_prot_nt_v1_500m_esmc_600m_Pure_XGBoost_Concat__Train1Val_UniProt,216.1122,8.89,1062413995,2029.6,1656.34,,,,,,,,,,
train1__val_cls_dna_prot_nt_v1_500m_esmc_600m_Pure_XGBoost_Concat__Train1Val_ProteinGym,216.1122,8.91,1062413995,2029.6,1656.34,,,,,,,,,,
train1__val_cls_dna_prot_nt_v1_500m_esmc_600m_Hybrid_Concat_XGBoost__Train1Val_Test,216.1122,8.55,1062413995,2029.6,1656.34,,,,,,,,,,
train1__val_cls_dna_prot_nt_v1_500m_esmc_600m_Hybrid_Concat_XGBoost__Train1Val_ClinVarHQ,216.1122,8.97,1062413995,2029.6,1656.34,,,,,,,,,,
train1__val_cls_dna_prot_nt_v1_500m_esmc_600m_Hybrid_Concat_XGBoost__Train1Val_UniProt,216.1122,8.88,1062413995,2029.6,1656.34,,,,,,,,,,
train1__val_cls_dna_prot_nt_v1_500m_esmc_600m_Hybrid_Concat_XGBoost__Train1Val_ProteinGym,216.1122,8.9,1062413995,2029.6,1656.34,,,,,,,,,,
train1__val_cls_dna_prot_nt_v1_500m_esmc_600m_Hybrid_CrossAttn_XGBoost__Train1Val_Test,216.1122,8.54,1064515243,2037.62,1656.34,,,,,,,,,,
train1__val_cls_dna_prot_nt_v1_500m_esmc_600m_Hybrid_CrossAttn_XGBoost__Train1Val_ClinVarHQ,216.1122,8.97,1064515243,2037.62,1656.34,,,,,,,,,,
train1__val_cls_dna_prot_nt_v1_500m_esmc_600m_Hybrid_CrossAttn_XGBoost__Train1Val_UniProt,216.1122,8.88,1064515243,2037.62,1656.34,,,,,,,,,,
train1__val_cls_dna_prot_nt_v1_500m_esmc_600m_Hybrid_CrossAttn_XGBoost__Train1Val_ProteinGym,216.1122,8.9,1064515243,2037.62,1656.34,,,,,,,,,,
train1__val_cls_dna_prot_nt_v1_500m_esmc_600m_Hybrid_Transformer_XGBoost__Train1Val_Test,216.1206,8.54,1065567403,2041.63,1656.34,,,,,,,,,,
train1__val_cls_dna_prot_nt_v1_500m_esmc_600m_Hybrid_Transformer_XGBoost__Train1Val_ClinVarHQ,216.1206,8.97,1065567403,2041.63,1656.34,,,,,,,,,,
train1__val_cls_dna_prot_nt_v1_500m_esmc_600m_Hybrid_Transformer_XGBoost__Train1Val_UniProt,216.1206,8.88,1065567403,2041.63,1656.34,,,,,,,,,,
train1__val_cls_dna_prot_nt_v1_500m_esmc_600m_Hybrid_Transformer_XGBoost__Train1Val_ProteinGym,216.1206,8.9,1065567403,2041.63,1656.34,,,,,,,,,,
train1__val_cls_dna_prot_nt_v1_500m_esmc_600m_Hybrid_Gating_XGBoost__Train1Val_Test,216.1128,8.54,1062741163,2030.85,1656.34,,,,,,,,,,
train1__val_cls_dna_prot_nt_v1_500m_esmc_600m_Hybrid_Gating_XGBoost__Train1Val_ClinVarHQ,216.1128,8.97,1062741163,2030.85,1656.34,,,,,,,,,,
train1__val_cls_dna_prot_nt_v1_500m_esmc_600m_Hybrid_Gating_XGBoost__Train1Val_UniProt,216.1128,8.88,1062741163,2030.85,1656.34,,,,,,,,,,
train1__val_cls_dna_prot_nt_v1_500m_esmc_600m_Hybrid_Gating_XGBoost__Train1Val_ProteinGym,216.1128,8.9,1062741163,2030.85,1656.34,,,,,,,,,,
train1__val_cls_dna_prot_nt_v3_650m_esm1b_650m_PyTorch_Concat__Train1Val_Test,211.0135,12.38,1306062834,3737.96,3643.92,,,,,,,,,,
train1__val_cls_dna_prot_nt_v3_650m_esm1b_650m_PyTorch_Concat__Train1Val_ClinVarHQ,211.0135,12.62,1306062834,3737.96,3643.92,,,,,,,,,,
train1__val_cls_dna_prot_nt_v3_650m_esm1b_650m_PyTorch_Concat__Train1Val_UniProt,211.0135,12.62,1306062834,3737.96,3643.92,,,,,,,,,,
train1__val_cls_dna_prot_nt_v3_650m_esm1b_650m_PyTorch_Concat__Train1Val_ProteinGym,211.0135,12.49,1306062834,3737.96,3643.92,,,,,,,,,,
train1__val_cls_dna_prot_nt_v3_650m_esm1b_650m_PyTorch_CrossAttn__Train1Val_Test,211.0135,12.38,1308164082,3745.98,3643.92,,,,,,,,,,
train1__val_cls_dna_prot_nt_v3_650m_esm1b_650m_PyTorch_CrossAttn__Train1Val_ClinVarHQ,211.0135,12.63,1308164082,3745.98,3643.92,,,,,,,,,,
train1__val_cls_dna_prot_nt_v3_650m_esm1b_650m_PyTorch_CrossAttn__Train1Val_UniProt,211.0135,12.63,1308164082,3745.98,3643.92,,,,,,,,,,
train1__val_cls_dna_prot_nt_v3_650m_esm1b_650m_PyTorch_CrossAttn__Train1Val_ProteinGym,211.0135,12.5,1308164082,3745.98,3643.92,,,,,,,,,,
train1__val_cls_dna_prot_nt_v3_650m_esm1b_650m_PyTorch_Transformer__Train1Val_Test,211.0219,12.39,1309216242,3749.99,3643.92,,,,,,,,,,
train1__val_cls_dna_prot_nt_v3_650m_esm1b_650m_PyTorch_Transformer__Train1Val_ClinVarHQ,211.0219,12.63,1309216242,3749.99,3643.92,,,,,,,,,,
train1__val_cls_dna_prot_nt_v3_650m_esm1b_650m_PyTorch_Transformer__Train1Val_UniProt,211.0219,12.64,1309216242,3749.99,3643.92,,,,,,,,,,
train1__val_cls_dna_prot_nt_v3_650m_esm1b_650m_PyTorch_Transformer__Train1Val_ProteinGym,211.0219,12.51,1309216242,3749.99,3643.92,,,,,,,,,,
train1__val_cls_dna_prot_nt_v3_650m_esm1b_650m_PyTorch_Gating__Train1Val_Test,211.0141,12.38,1306390002,3739.21,3643.92,,,,,,,,,,
train1__val_cls_dna_prot_nt_v3_650m_esm1b_650m_PyTorch_Gating__Train1Val_ClinVarHQ,211.0141,12.62,1306390002,3739.21,3643.92,,,,,,,,,,
train1__val_cls_dna_prot_nt_v3_650m_esm1b_650m_PyTorch_Gating__Train1Val_UniProt,211.0141,12.62,1306390002,3739.21,3643.92,,,,,,,,,,
train1__val_cls_dna_prot_nt_v3_650m_esm1b_650m_PyTorch_Gating__Train1Val_ProteinGym,211.0141,12.49,1306390002,3739.21,3643.92,,,,,,,,,,
train1__val_cls_dna_prot_nt_v3_650m_esm1b_650m_Pure_XGBoost_Concat__Train1Val_Test,211.0135,12.38,1306062834,3737.96,3643.92,,,,,,,,,,
train1__val_cls_dna_prot_nt_v3_650m_esm1b_650m_Pure_XGBoost_Concat__Train1Val_ClinVarHQ,211.0135,12.62,1306062834,3737.96,3643.92,,,,,,,,,,
train1__val_cls_dna_prot_nt_v3_650m_esm1b_650m_Pure_XGBoost_Concat__Train1Val_UniProt,211.0135,12.62,1306062834,3737.96,3643.92,,,,,,,,,,
train1__val_cls_dna_prot_nt_v3_650m_esm1b_650m_Pure_XGBoost_Concat__Train1Val_ProteinGym,211.0135,12.49,1306062834,3737.96,3643.92,,,,,,,,,,
train1__val_cls_dna_prot_nt_v3_650m_esm1b_650m_Hybrid_Concat_XGBoost__Train1Val_Test,211.0135,12.37,1306062834,3737.96,3643.92,,,,,,,,,,
train1__val_cls_dna_prot_nt_v3_650m_esm1b_650m_Hybrid_Concat_XGBoost__Train1Val_ClinVarHQ,211.0135,12.62,1306062834,3737.96,3643.92,,,,,,,,,,
train1__val_cls_dna_prot_nt_v3_650m_esm1b_650m_Hybrid_Concat_XGBoost__Train1Val_UniProt,211.0135,12.61,1306062834,3737.96,3643.92,,,,,,,,,,
train1__val_cls_dna_prot_nt_v3_650m_esm1b_650m_Hybrid_Concat_XGBoost__Train1Val_ProteinGym,211.0135,12.48,1306062834,3737.96,3643.92,,,,,,,,,,
train1__val_cls_dna_prot_nt_v3_650m_esm1b_650m_Hybrid_CrossAttn_XGBoost__Train1Val_Test,211.0135,12.37,1308164082,3745.98,3643.92,,,,,,,,,,
train1__val_cls_dna_prot_nt_v3_650m_esm1b_650m_Hybrid_CrossAttn_XGBoost__Train1Val_ClinVarHQ,211.0135,12.62,1308164082,3745.98,3643.92,,,,,,,,,,
train1__val_cls_dna_prot_nt_v3_650m_esm1b_650m_Hybrid_CrossAttn_XGBoost__Train1Val_UniProt,211.0135,12.61,1308164082,3745.98,3643.92,,,,,,,,,,
train1__val_cls_dna_prot_nt_v3_650m_esm1b_650m_Hybrid_CrossAttn_XGBoost__Train1Val_ProteinGym,211.0135,12.49,1308164082,3745.98,3643.92,,,,,,,,,,
train1__val_cls_dna_prot_nt_v3_650m_esm1b_650m_Hybrid_Transformer_XGBoost__Train1Val_Test,211.0219,12.37,1309216242,3749.99,3643.92,,,,,,,,,,
train1__val_cls_dna_prot_nt_v3_650m_esm1b_650m_Hybrid_Transformer_XGBoost__Train1Val_ClinVarHQ,211.0219,12.62,1309216242,3749.99,3643.92,,,,,,,,,,
train1__val_cls_dna_prot_nt_v3_650m_esm1b_650m_Hybrid_Transformer_XGBoost__Train1Val_UniProt,211.0219,12.61,1309216242,3749.99,3643.92,,,,,,,,,,
train1__val_cls_dna_prot_nt_v3_650m_esm1b_650m_Hybrid_Transformer_XGBoost__Train1Val_ProteinGym,211.0219,12.48,1309216242,3749.99,3643.92,,,,,,,,,,
train1__val_cls_dna_prot_nt_v3_650m_esm1b_650m_Hybrid_Gating_XGBoost__Train1Val_Test,211.0141,12.37,1306390002,3739.21,3643.92,,,,,,,,,,
train1__val_cls_dna_prot_nt_v3_650m_esm1b_650m_Hybrid_Gating_XGBoost__Train1Val_ClinVarHQ,211.0141,12.61,1306390002,3739.21,3643.92,,,,,,,,,,
train1__val_cls_dna_prot_nt_v3_650m_esm1b_650m_Hybrid_Gating_XGBoost__Train1Val_UniProt,211.0141,12.61,1306390002,3739.21,3643.92,,,,,,,,,,
train1__val_cls_dna_prot_nt_v3_650m_esm1b_650m_Hybrid_Gating_XGBoost__Train1Val_ProteinGym,211.0141,12.48,1306390002,3739.21,3643.92,,,,,,,,,,
train1__val_cls_dna_prot_nt_v3_650m_esm2_650m_PyTorch_Concat__Train1Val_Test,211.0125,13.05,1304746994,3735.45,3643.92,,,,,,,,,,
train1__val_cls_dna_prot_nt_v3_650m_esm2_650m_PyTorch_Concat__Train1Val_ClinVarHQ,211.0125,13.13,1304746994,3735.45,3643.92,,,,,,,,,,
train1__val_cls_dna_prot_nt_v3_650m_esm2_650m_PyTorch_Concat__Train1Val_UniProt,211.0125,13.12,1304746994,3735.45,3643.92,,,,,,,,,,
train1__val_cls_dna_prot_nt_v3_650m_esm2_650m_PyTorch_Concat__Train1Val_ProteinGym,211.0125,12.97,1304746994,3735.45,3643.92,,,,,,,,,,
train1__val_cls_dna_prot_nt_v3_650m_esm2_650m_PyTorch_CrossAttn__Train1Val_Test,211.0125,13.05,1306848242,3743.47,3643.92,,,,,,,,,,
train1__val_cls_dna_prot_nt_v3_650m_esm2_650m_PyTorch_CrossAttn__Train1Val_ClinVarHQ,211.0125,13.14,1306848242,3743.47,3643.92,,,,,,,,,,
train1__val_cls_dna_prot_nt_v3_650m_esm2_650m_PyTorch_CrossAttn__Train1Val_UniProt,211.0125,13.12,1306848242,3743.47,3643.92,,,,,,,,,,
train1__val_cls_dna_prot_nt_v3_650m_esm2_650m_PyTorch_CrossAttn__Train1Val_ProteinGym,211.0125,12.98,1306848242,3743.47,3643.92,,,,,,,,,,
train1__val_cls_dna_prot_nt_v3_650m_esm2_650m_PyTorch_Transformer__Train1Val_Test,211.0209,13.06,1307900402,3747.48,3643.92,,,,,,,,,,
train1__val_cls_dna_prot_nt_v3_650m_esm2_650m_PyTorch_Transformer__Train1Val_ClinVarHQ,211.0209,13.14,1307900402,3747.48,3643.92,,,,,,,,,,
train1__val_cls_dna_prot_nt_v3_650m_esm2_650m_PyTorch_Transformer__Train1Val_UniProt,211.0209,13.14,1307900402,3747.48,3643.92,,,,,,,,,,
train1__val_cls_dna_prot_nt_v3_650m_esm2_650m_PyTorch_Transformer__Train1Val_ProteinGym,211.0209,12.98,1307900402,3747.48,3643.92,,,,,,,,,,
train1__val_cls_dna_prot_nt_v3_650m_esm2_650m_PyTorch_Gating__Train1Val_Test,211.0131,13.05,1305074162,3736.7,3643.92,,,,,,,,,,
train1__val_cls_dna_prot_nt_v3_650m_esm2_650m_PyTorch_Gating__Train1Val_ClinVarHQ,211.0131,13.13,1305074162,3736.7,3643.92,,,,,,,,,,
train1__val_cls_dna_prot_nt_v3_650m_esm2_650m_PyTorch_Gating__Train1Val_UniProt,211.0131,13.12,1305074162,3736.7,3643.92,,,,,,,,,,
train1__val_cls_dna_prot_nt_v3_650m_esm2_650m_PyTorch_Gating__Train1Val_ProteinGym,211.0131,12.97,1305074162,3736.7,3643.92,,,,,,,,,,
train1__val_cls_dna_prot_nt_v3_650m_esm2_650m_Pure_XGBoost_Concat__Train1Val_Test,211.0125,13.05,1304746994,3735.45,3643.92,,,,,,,,,,
train1__val_cls_dna_prot_nt_v3_650m_esm2_650m_Pure_XGBoost_Concat__Train1Val_ClinVarHQ,211.0125,13.13,1304746994,3735.45,3643.92,,,,,,,,,,
train1__val_cls_dna_prot_nt_v3_650m_esm2_650m_Pure_XGBoost_Concat__Train1Val_UniProt,211.0125,13.12,1304746994,3735.45,3643.92,,,,,,,,,,
train1__val_cls_dna_prot_nt_v3_650m_esm2_650m_Pure_XGBoost_Concat__Train1Val_ProteinGym,211.0125,12.97,1304746994,3735.45,3643.92,,,,,,,,,,
train1__val_cls_dna_prot_nt_v3_650m_esm2_650m_Hybrid_Concat_XGBoost__Train1Val_Test,211.0125,13.04,1304746994,3735.45,3643.92,,,,,,,,,,
train1__val_cls_dna_prot_nt_v3_650m_esm2_650m_Hybrid_Concat_XGBoost__Train1Val_ClinVarHQ,211.0125,13.12,1304746994,3735.45,3643.92,,,,,,,,,,
train1__val_cls_dna_prot_nt_v3_650m_esm2_650m_Hybrid_Concat_XGBoost__Train1Val_UniProt,211.0125,13.11,1304746994,3735.45,3643.92,,,,,,,,,,
train1__val_cls_dna_prot_nt_v3_650m_esm2_650m_Hybrid_Concat_XGBoost__Train1Val_ProteinGym,211.0125,12.96,1304746994,3735.45,3643.92,,,,,,,,,,
train1__val_cls_dna_prot_nt_v3_650m_esm2_650m_Hybrid_CrossAttn_XGBoost__Train1Val_Test,211.0125,13.04,1306848242,3743.47,3643.92,,,,,,,,,,
train1__val_cls_dna_prot_nt_v3_650m_esm2_650m_Hybrid_CrossAttn_XGBoost__Train1Val_ClinVarHQ,211.0125,13.12,1306848242,3743.47,3643.92,,,,,,,,,,
train1__val_cls_dna_prot_nt_v3_650m_esm2_650m_Hybrid_CrossAttn_XGBoost__Train1Val_UniProt,211.0125,13.11,1306848242,3743.47,3643.92,,,,,,,,,,
train1__val_cls_dna_prot_nt_v3_650m_esm2_650m_Hybrid_CrossAttn_XGBoost__Train1Val_ProteinGym,211.0125,12.96,1306848242,3743.47,3643.92,,,,,,,,,,
train1__val_cls_dna_prot_nt_v3_650m_esm2_650m_Hybrid_Transformer_XGBoost__Train1Val_Test,211.0209,13.04,1307900402,3747.48,3643.92,,,,,,,,,,
train1__val_cls_dna_prot_nt_v3_650m_esm2_650m_Hybrid_Transformer_XGBoost__Train1Val_ClinVarHQ,211.0209,13.13,1307900402,3747.48,3643.92,,,,,,,,,,
train1__val_cls_dna_prot_nt_v3_650m_esm2_650m_Hybrid_Transformer_XGBoost__Train1Val_UniProt,211.0209,13.11,1307900402,3747.48,3643.92,,,,,,,,,,
train1__val_cls_dna_prot_nt_v3_650m_esm2_650m_Hybrid_Transformer_XGBoost__Train1Val_ProteinGym,211.0209,12.96,1307900402,3747.48,3643.92,,,,,,,,,,
train1__val_cls_dna_prot_nt_v3_650m_esm2_650m_Hybrid_Gating_XGBoost__Train1Val_Test,211.0131,13.04,1305074162,3736.7,3643.92,,,,,,,,,,
train1__val_cls_dna_prot_nt_v3_650m_esm2_650m_Hybrid_Gating_XGBoost__Train1Val_ClinVarHQ,211.0131,13.12,1305074162,3736.7,3643.92,,,,,,,,,,
train1__val_cls_dna_prot_nt_v3_650m_esm2_650m_Hybrid_Gating_XGBoost__Train1Val_UniProt,211.0131,13.11,1305074162,3736.7,3643.92,,,,,,,,,,
train1__val_cls_dna_prot_nt_v3_650m_esm2_650m_Hybrid_Gating_XGBoost__Train1Val_ProteinGym,211.0131,12.96,1305074162,3736.7,3643.92,,,,,,,,,,
train1__val_cls_dna_prot_nt_v3_650m_esmc_600m_PyTorch_Concat__Train1Val_Test,195.3314,11.58,1228675196,3590.23,3643.92,,,,,,,,,,
train1__val_cls_dna_prot_nt_v3_650m_esmc_600m_PyTorch_Concat__Train1Val_ClinVarHQ,195.3314,11.74,1228675196,3590.23,3643.92,,,,,,,,,,
train1__val_cls_dna_prot_nt_v3_650m_esmc_600m_PyTorch_Concat__Train1Val_UniProt,195.3314,11.66,1228675196,3590.23,3643.92,,,,,,,,,,
train1__val_cls_dna_prot_nt_v3_650m_esmc_600m_PyTorch_Concat__Train1Val_ProteinGym,195.3314,11.52,1228675196,3590.23,3643.92,,,,,,,,,,
train1__val_cls_dna_prot_nt_v3_650m_esmc_600m_PyTorch_CrossAttn__Train1Val_Test,195.3314,11.59,1230776444,3598.25,3643.92,,,,,,,,,,
train1__val_cls_dna_prot_nt_v3_650m_esmc_600m_PyTorch_CrossAttn__Train1Val_ClinVarHQ,195.3314,11.74,1230776444,3598.25,3643.92,,,,,,,,,,
train1__val_cls_dna_prot_nt_v3_650m_esmc_600m_PyTorch_CrossAttn__Train1Val_UniProt,195.3314,11.66,1230776444,3598.25,3643.92,,,,,,,,,,
train1__val_cls_dna_prot_nt_v3_650m_esmc_600m_PyTorch_CrossAttn__Train1Val_ProteinGym,195.3314,11.53,1230776444,3598.25,3643.92,,,,,,,,,,
train1__val_cls_dna_prot_nt_v3_650m_esmc_600m_PyTorch_Transformer__Train1Val_Test,195.3398,11.6,1231828604,3602.26,3643.92,,,,,,,,,,
train1__val_cls_dna_prot_nt_v3_650m_esmc_600m_PyTorch_Transformer__Train1Val_ClinVarHQ,195.3398,11.76,1231828604,3602.26,3643.92,,,,,,,,,,
train1__val_cls_dna_prot_nt_v3_650m_esmc_600m_PyTorch_Transformer__Train1Val_UniProt,195.3398,11.67,1231828604,3602.26,3643.92,,,,,,,,,,
train1__val_cls_dna_prot_nt_v3_650m_esmc_600m_PyTorch_Transformer__Train1Val_ProteinGym,195.3398,11.54,1231828604,3602.26,3643.92,,,,,,,,,,
train1__val_cls_dna_prot_nt_v3_650m_esmc_600m_PyTorch_Gating__Train1Val_Test,195.3321,11.58,1229002364,3591.48,3643.92,,,,,,,,,,
train1__val_cls_dna_prot_nt_v3_650m_esmc_600m_PyTorch_Gating__Train1Val_ClinVarHQ,195.3321,11.74,1229002364,3591.48,3643.92,,,,,,,,,,
train1__val_cls_dna_prot_nt_v3_650m_esmc_600m_PyTorch_Gating__Train1Val_UniProt,195.3321,11.66,1229002364,3591.48,3643.92,,,,,,,,,,
train1__val_cls_dna_prot_nt_v3_650m_esmc_600m_PyTorch_Gating__Train1Val_ProteinGym,195.3321,11.52,1229002364,3591.48,3643.92,,,,,,,,,,
train1__val_cls_dna_prot_nt_v3_650m_esmc_600m_Pure_XGBoost_Concat__Train1Val_Test,195.3314,11.58,1228675196,3590.23,3643.92,,,,,,,,,,
train1__val_cls_dna_prot_nt_v3_650m_esmc_600m_Pure_XGBoost_Concat__Train1Val_ClinVarHQ,195.3314,11.74,1228675196,3590.23,3643.92,,,,,,,,,,
train1__val_cls_dna_prot_nt_v3_650m_esmc_600m_Pure_XGBoost_Concat__Train1Val_UniProt,195.3314,11.66,1228675196,3590.23,3643.92,,,,,,,,,,
train1__val_cls_dna_prot_nt_v3_650m_esmc_600m_Pure_XGBoost_Concat__Train1Val_ProteinGym,195.3314,11.52,1228675196,3590.23,3643.92,,,,,,,,,,
train1__val_cls_dna_prot_nt_v3_650m_esmc_600m_Hybrid_Concat_XGBoost__Train1Val_Test,195.3314,11.57,1228675196,3590.23,3643.92,,,,,,,,,,
train1__val_cls_dna_prot_nt_v3_650m_esmc_600m_Hybrid_Concat_XGBoost__Train1Val_ClinVarHQ,195.3314,11.74,1228675196,3590.23,3643.92,,,,,,,,,,
train1__val_cls_dna_prot_nt_v3_650m_esmc_600m_Hybrid_Concat_XGBoost__Train1Val_UniProt,195.3314,11.66,1228675196,3590.23,3643.92,,,,,,,,,,
train1__val_cls_dna_prot_nt_v3_650m_esmc_600m_Hybrid_Concat_XGBoost__Train1Val_ProteinGym,195.3314,11.51,1228675196,3590.23,3643.92,,,,,,,,,,
train1__val_cls_dna_prot_nt_v3_650m_esmc_600m_Hybrid_CrossAttn_XGBoost__Train1Val_Test,195.3314,11.57,1230776444,3598.25,3643.92,,,,,,,,,,
train1__val_cls_dna_prot_nt_v3_650m_esmc_600m_Hybrid_CrossAttn_XGBoost__Train1Val_ClinVarHQ,195.3314,11.74,1230776444,3598.25,3643.92,,,,,,,,,,
train1__val_cls_dna_prot_nt_v3_650m_esmc_600m_Hybrid_CrossAttn_XGBoost__Train1Val_UniProt,195.3314,11.65,1230776444,3598.25,3643.92,,,,,,,,,,
train1__val_cls_dna_prot_nt_v3_650m_esmc_600m_Hybrid_CrossAttn_XGBoost__Train1Val_ProteinGym,195.3314,11.51,1230776444,3598.25,3643.92,,,,,,,,,,
train1__val_cls_dna_prot_nt_v3_650m_esmc_600m_Hybrid_Transformer_XGBoost__Train1Val_Test,195.3398,11.57,1231828604,3602.26,3643.92,,,,,,,,,,
train1__val_cls_dna_prot_nt_v3_650m_esmc_600m_Hybrid_Transformer_XGBoost__Train1Val_ClinVarHQ,195.3398,11.73,1231828604,3602.26,3643.92,,,,,,,,,,
train1__val_cls_dna_prot_nt_v3_650m_esmc_600m_Hybrid_Transformer_XGBoost__Train1Val_UniProt,195.3398,11.65,1231828604,3602.26,3643.92,,,,,,,,,,
train1__val_cls_dna_prot_nt_v3_650m_esmc_600m_Hybrid_Transformer_XGBoost__Train1Val_ProteinGym,195.3398,11.51,1231828604,3602.26,3643.92,,,,,,,,,,
train1__val_cls_dna_prot_nt_v3_650m_esmc_600m_Hybrid_Gating_XGBoost__Train1Val_Test,195.3321,11.57,1229002364,3591.48,3643.92,,,,,,,,,,
train1__val_cls_dna_prot_nt_v3_650m_esmc_600m_Hybrid_Gating_XGBoost__Train1Val_ClinVarHQ,195.3321,11.74,1229002364,3591.48,3643.92,,,,,,,,,,
train1__val_cls_dna_prot_nt_v3_650m_esmc_600m_Hybrid_Gating_XGBoost__Train1Val_UniProt,195.3321,11.65,1229002364,3591.48,3643.92,,,,,,,,,,
train1__val_cls_dna_prot_nt_v3_650m_esmc_600m_Hybrid_Gating_XGBoost__Train1Val_ProteinGym,195.3321,11.51,1229002364,3591.48,3643.92,,,,,,,,,,
train1__val_cls_dna_prot_nt_v2_500m_esm1b_650m_PyTorch_Concat__Train1Val_Test,234.4523,10.06,1152316691,2200.95,1961.98,,,,,,,,,,
train1__val_cls_dna_prot_nt_v2_500m_esm1b_650m_PyTorch_Concat__Train1Val_ClinVarHQ,234.4523,10.35,1152316691,2200.95,1961.98,,,,,,,,,,
train1__val_cls_dna_prot_nt_v2_500m_esm1b_650m_PyTorch_Concat__Train1Val_UniProt,234.4523,10.37,1152316691,2200.95,1961.98,,,,,,,,,,
train1__val_cls_dna_prot_nt_v2_500m_esm1b_650m_PyTorch_Concat__Train1Val_ProteinGym,234.4523,10.39,1152316691,2200.95,1961.98,,,,,,,,,,
train1__val_cls_dna_prot_nt_v2_500m_esm1b_650m_PyTorch_CrossAttn__Train1Val_Test,234.4523,10.06,1154417939,2208.97,1961.98,,,,,,,,,,
train1__val_cls_dna_prot_nt_v2_500m_esm1b_650m_PyTorch_CrossAttn__Train1Val_ClinVarHQ,234.4523,10.35,1154417939,2208.97,1961.98,,,,,,,,,,
train1__val_cls_dna_prot_nt_v2_500m_esm1b_650m_PyTorch_CrossAttn__Train1Val_UniProt,234.4523,10.37,1154417939,2208.97,1961.98,,,,,,,,,,
train1__val_cls_dna_prot_nt_v2_500m_esm1b_650m_PyTorch_CrossAttn__Train1Val_ProteinGym,234.4523,10.39,1154417939,2208.97,1961.98,,,,,,,,,,
train1__val_cls_dna_prot_nt_v2_500m_esm1b_650m_PyTorch_Transformer__Train1Val_Test,234.4607,10.07,1155470099,2212.98,1961.98,,,,,,,,,,
train1__val_cls_dna_prot_nt_v2_500m_esm1b_650m_PyTorch_Transformer__Train1Val_ClinVarHQ,234.4607,10.37,1155470099,2212.98,1961.98,,,,,,,,,,
train1__val_cls_dna_prot_nt_v2_500m_esm1b_650m_PyTorch_Transformer__Train1Val_UniProt,234.4607,10.39,1155470099,2212.98,1961.98,,,,,,,,,,
train1__val_cls_dna_prot_nt_v2_500m_esm1b_650m_PyTorch_Transformer__Train1Val_ProteinGym,234.4607,10.41,1155470099,2212.98,1961.98,,,,,,,,,,
train1__val_cls_dna_prot_nt_v2_500m_esm1b_650m_PyTorch_Gating__Train1Val_Test,234.453,10.06,1152643859,2202.2,1961.98,,,,,,,,,,
train1__val_cls_dna_prot_nt_v2_500m_esm1b_650m_PyTorch_Gating__Train1Val_ClinVarHQ,234.453,10.35,1152643859,2202.2,1961.98,,,,,,,,,,
train1__val_cls_dna_prot_nt_v2_500m_esm1b_650m_PyTorch_Gating__Train1Val_UniProt,234.453,10.37,1152643859,2202.2,1961.98,,,,,,,,,,
train1__val_cls_dna_prot_nt_v2_500m_esm1b_650m_PyTorch_Gating__Train1Val_ProteinGym,234.453,10.39,1152643859,2202.2,1961.98,,,,,,,,,,
train1__val_cls_dna_prot_nt_v2_500m_esm1b_650m_Pure_XGBoost_Concat__Train1Val_Test,234.4523,10.06,1152316691,2200.95,1961.98,,,,,,,,,,
train1__val_cls_dna_prot_nt_v2_500m_esm1b_650m_Pure_XGBoost_Concat__Train1Val_ClinVarHQ,234.4523,10.35,1152316691,2200.95,1961.98,,,,,,,,,,
train1__val_cls_dna_prot_nt_v2_500m_esm1b_650m_Pure_XGBoost_Concat__Train1Val_UniProt,234.4523,10.37,1152316691,2200.95,1961.98,,,,,,,,,,
train1__val_cls_dna_prot_nt_v2_500m_esm1b_650m_Pure_XGBoost_Concat__Train1Val_ProteinGym,234.4523,10.39,1152316691,2200.95,1961.98,,,,,,,,,,
train1__val_cls_dna_prot_nt_v2_500m_esm1b_650m_Hybrid_Concat_XGBoost__Train1Val_Test,234.4523,10.05,1152316691,2200.95,1961.98,,,,,,,,,,
train1__val_cls_dna_prot_nt_v2_500m_esm1b_650m_Hybrid_Concat_XGBoost__Train1Val_ClinVarHQ,234.4523,10.35,1152316691,2200.95,1961.98,,,,,,,,,,
train1__val_cls_dna_prot_nt_v2_500m_esm1b_650m_Hybrid_Concat_XGBoost__Train1Val_UniProt,234.4523,10.36,1152316691,2200.95,1961.98,,,,,,,,,,
train1__val_cls_dna_prot_nt_v2_500m_esm1b_650m_Hybrid_Concat_XGBoost__Train1Val_ProteinGym,234.4523,10.39,1152316691,2200.95,1961.98,,,,,,,,,,
train1__val_cls_dna_prot_nt_v2_500m_esm1b_650m_Hybrid_CrossAttn_XGBoost__Train1Val_Test,234.4523,10.05,1154417939,2208.97,1961.98,,,,,,,,,,
train1__val_cls_dna_prot_nt_v2_500m_esm1b_650m_Hybrid_CrossAttn_XGBoost__Train1Val_ClinVarHQ,234.4523,10.34,1154417939,2208.97,1961.98,,,,,,,,,,
train1__val_cls_dna_prot_nt_v2_500m_esm1b_650m_Hybrid_CrossAttn_XGBoost__Train1Val_UniProt,234.4523,10.36,1154417939,2208.97,1961.98,,,,,,,,,,
train1__val_cls_dna_prot_nt_v2_500m_esm1b_650m_Hybrid_CrossAttn_XGBoost__Train1Val_ProteinGym,234.4523,10.38,1154417939,2208.97,1961.98,,,,,,,,,,
train1__val_cls_dna_prot_nt_v2_500m_esm1b_650m_Hybrid_Transformer_XGBoost__Train1Val_Test,234.4607,10.05,1155470099,2212.98,1961.98,,,,,,,,,,
train1__val_cls_dna_prot_nt_v2_500m_esm1b_650m_Hybrid_Transformer_XGBoost__Train1Val_ClinVarHQ,234.4607,10.35,1155470099,2212.98,1961.98,,,,,,,,,,
train1__val_cls_dna_prot_nt_v2_500m_esm1b_650m_Hybrid_Transformer_XGBoost__Train1Val_UniProt,234.4607,10.36,1155470099,2212.98,1961.98,,,,,,,,,,
train1__val_cls_dna_prot_nt_v2_500m_esm1b_650m_Hybrid_Transformer_XGBoost__Train1Val_ProteinGym,234.4607,10.38,1155470099,2212.98,1961.98,,,,,,,,,,
train1__val_cls_dna_prot_nt_v2_500m_esm1b_650m_Hybrid_Gating_XGBoost__Train1Val_Test,234.453,10.05,1152643859,2202.2,1961.98,,,,,,,,,,
train1__val_cls_dna_prot_nt_v2_500m_esm1b_650m_Hybrid_Gating_XGBoost__Train1Val_ClinVarHQ,234.453,10.35,1152643859,2202.2,1961.98,,,,,,,,,,
train1__val_cls_dna_prot_nt_v2_500m_esm1b_650m_Hybrid_Gating_XGBoost__Train1Val_UniProt,234.453,10.36,1152643859,2202.2,1961.98,,,,,,,,,,
train1__val_cls_dna_prot_nt_v2_500m_esm1b_650m_Hybrid_Gating_XGBoost__Train1Val_ProteinGym,234.453,10.38,1152643859,2202.2,1961.98,,,,,,,,,,
train1__val_cls_dna_prot_nt_v2_500m_esm2_650m_PyTorch_Concat__Train1Val_Test,234.4513,10.73,1151000851,2198.44,1686.1,,,,,,,,,,
train1__val_cls_dna_prot_nt_v2_500m_esm2_650m_PyTorch_Concat__Train1Val_ClinVarHQ,234.4513,10.86,1151000851,2198.44,1686.1,,,,,,,,,,
train1__val_cls_dna_prot_nt_v2_500m_esm2_650m_PyTorch_Concat__Train1Val_UniProt,234.4513,10.87,1151000851,2198.44,1686.1,,,,,,,,,,
train1__val_cls_dna_prot_nt_v2_500m_esm2_650m_PyTorch_Concat__Train1Val_ProteinGym,234.4513,10.87,1151000851,2198.44,1686.1,,,,,,,,,,
train1__val_cls_dna_prot_nt_v2_500m_esm2_650m_PyTorch_CrossAttn__Train1Val_Test,234.4513,10.73,1153102099,2206.46,1686.1,,,,,,,,,,
train1__val_cls_dna_prot_nt_v2_500m_esm2_650m_PyTorch_CrossAttn__Train1Val_ClinVarHQ,234.4513,10.87,1153102099,2206.46,1686.1,,,,,,,,,,
train1__val_cls_dna_prot_nt_v2_500m_esm2_650m_PyTorch_CrossAttn__Train1Val_UniProt,234.4513,10.87,1153102099,2206.46,1686.1,,,,,,,,,,
train1__val_cls_dna_prot_nt_v2_500m_esm2_650m_PyTorch_CrossAttn__Train1Val_ProteinGym,234.4513,10.87,1153102099,2206.46,1686.1,,,,,,,,,,
train1__val_cls_dna_prot_nt_v2_500m_esm2_650m_PyTorch_Transformer__Train1Val_Test,234.4597,10.74,1154154259,2210.47,1686.1,,,,,,,,,,
train1__val_cls_dna_prot_nt_v2_500m_esm2_650m_PyTorch_Transformer__Train1Val_ClinVarHQ,234.4597,10.88,1154154259,2210.47,1686.1,,,,,,,,,,
train1__val_cls_dna_prot_nt_v2_500m_esm2_650m_PyTorch_Transformer__Train1Val_UniProt,234.4597,10.89,1154154259,2210.47,1686.1,,,,,,,,,,
train1__val_cls_dna_prot_nt_v2_500m_esm2_650m_PyTorch_Transformer__Train1Val_ProteinGym,234.4597,10.89,1154154259,2210.47,1686.1,,,,,,,,,,
train1__val_cls_dna_prot_nt_v2_500m_esm2_650m_PyTorch_Gating__Train1Val_Test,234.452,10.73,1151328019,2199.69,1686.1,,,,,,,,,,
train1__val_cls_dna_prot_nt_v2_500m_esm2_650m_PyTorch_Gating__Train1Val_ClinVarHQ,234.452,10.86,1151328019,2199.69,1686.1,,,,,,,,,,
train1__val_cls_dna_prot_nt_v2_500m_esm2_650m_PyTorch_Gating__Train1Val_UniProt,234.452,10.87,1151328019,2199.69,1686.1,,,,,,,,,,
train1__val_cls_dna_prot_nt_v2_500m_esm2_650m_PyTorch_Gating__Train1Val_ProteinGym,234.452,10.87,1151328019,2199.69,1686.1,,,,,,,,,,
train1__val_cls_dna_prot_nt_v2_500m_esm2_650m_Pure_XGBoost_Concat__Train1Val_Test,234.4513,10.73,1151000851,2198.44,1686.1,,,,,,,,,,
train1__val_cls_dna_prot_nt_v2_500m_esm2_650m_Pure_XGBoost_Concat__Train1Val_ClinVarHQ,234.4513,10.86,1151000851,2198.44,1686.1,,,,,,,,,,
train1__val_cls_dna_prot_nt_v2_500m_esm2_650m_Pure_XGBoost_Concat__Train1Val_UniProt,234.4513,10.87,1151000851,2198.44,1686.1,,,,,,,,,,
train1__val_cls_dna_prot_nt_v2_500m_esm2_650m_Pure_XGBoost_Concat__Train1Val_ProteinGym,234.4513,10.87,1151000851,2198.44,1686.1,,,,,,,,,,
train1__val_cls_dna_prot_nt_v2_500m_esm2_650m_Hybrid_Concat_XGBoost__Train1Val_Test,234.4513,10.72,1151000851,2198.44,1686.1,,,,,,,,,,
train1__val_cls_dna_prot_nt_v2_500m_esm2_650m_Hybrid_Concat_XGBoost__Train1Val_ClinVarHQ,234.4513,10.85,1151000851,2198.44,1686.1,,,,,,,,,,
train1__val_cls_dna_prot_nt_v2_500m_esm2_650m_Hybrid_Concat_XGBoost__Train1Val_UniProt,234.4513,10.86,1151000851,2198.44,1686.1,,,,,,,,,,
train1__val_cls_dna_prot_nt_v2_500m_esm2_650m_Hybrid_Concat_XGBoost__Train1Val_ProteinGym,234.4513,10.86,1151000851,2198.44,1686.1,,,,,,,,,,
train1__val_cls_dna_prot_nt_v2_500m_esm2_650m_Hybrid_CrossAttn_XGBoost__Train1Val_Test,234.4513,10.72,1153102099,2206.46,1686.1,,,,,,,,,,
train1__val_cls_dna_prot_nt_v2_500m_esm2_650m_Hybrid_CrossAttn_XGBoost__Train1Val_ClinVarHQ,234.4513,10.86,1153102099,2206.46,1686.1,,,,,,,,,,
train1__val_cls_dna_prot_nt_v2_500m_esm2_650m_Hybrid_CrossAttn_XGBoost__Train1Val_UniProt,234.4513,10.86,1153102099,2206.46,1686.1,,,,,,,,,,
train1__val_cls_dna_prot_nt_v2_500m_esm2_650m_Hybrid_CrossAttn_XGBoost__Train1Val_ProteinGym,234.4513,10.86,1153102099,2206.46,1686.1,,,,,,,,,,
train1__val_cls_dna_prot_nt_v2_500m_esm2_650m_Hybrid_Transformer_XGBoost__Train1Val_Test,234.4597,10.72,1154154259,2210.47,1686.1,,,,,,,,,,
train1__val_cls_dna_prot_nt_v2_500m_esm2_650m_Hybrid_Transformer_XGBoost__Train1Val_ClinVarHQ,234.4597,10.86,1154154259,2210.47,1686.1,,,,,,,,,,
train1__val_cls_dna_prot_nt_v2_500m_esm2_650m_Hybrid_Transformer_XGBoost__Train1Val_UniProt,234.4597,10.86,1154154259,2210.47,1686.1,,,,,,,,,,
train1__val_cls_dna_prot_nt_v2_500m_esm2_650m_Hybrid_Transformer_XGBoost__Train1Val_ProteinGym,234.4597,10.86,1154154259,2210.47,1686.1,,,,,,,,,,
train1__val_cls_dna_prot_nt_v2_500m_esm2_650m_Hybrid_Gating_XGBoost__Train1Val_Test,234.452,10.72,1151328019,2199.69,1686.1,,,,,,,,,,
train1__val_cls_dna_prot_nt_v2_500m_esm2_650m_Hybrid_Gating_XGBoost__Train1Val_ClinVarHQ,234.452,10.85,1151328019,2199.69,1686.1,,,,,,,,,,
train1__val_cls_dna_prot_nt_v2_500m_esm2_650m_Hybrid_Gating_XGBoost__Train1Val_UniProt,234.452,10.86,1151328019,2199.69,1686.1,,,,,,,,,,
train1__val_cls_dna_prot_nt_v2_500m_esm2_650m_Hybrid_Gating_XGBoost__Train1Val_ProteinGym,234.452,10.86,1151328019,2199.69,1686.1,,,,,,,,,,
train1__val_cls_dna_prot_nt_v2_500m_esmc_600m_PyTorch_Concat__Train1Val_Test,218.7703,9.26,1074929053,2053.22,1469.0,,,,,,,,,,
train1__val_cls_dna_prot_nt_v2_500m_esmc_600m_PyTorch_Concat__Train1Val_ClinVarHQ,218.7703,9.47,1074929053,2053.22,1469.0,,,,,,,,,,
train1__val_cls_dna_prot_nt_v2_500m_esmc_600m_PyTorch_Concat__Train1Val_UniProt,218.7703,9.41,1074929053,2053.22,1469.0,,,,,,,,,,
train1__val_cls_dna_prot_nt_v2_500m_esmc_600m_PyTorch_Concat__Train1Val_ProteinGym,218.7703,9.42,1074929053,2053.22,1469.0,,,,,,,,,,
train1__val_cls_dna_prot_nt_v2_500m_esmc_600m_PyTorch_CrossAttn__Train1Val_Test,218.7703,9.26,1077030301,2061.24,1469.0,,,,,,,,,,
train1__val_cls_dna_prot_nt_v2_500m_esmc_600m_PyTorch_CrossAttn__Train1Val_ClinVarHQ,218.7703,9.48,1077030301,2061.24,1469.0,,,,,,,,,,
train1__val_cls_dna_prot_nt_v2_500m_esmc_600m_PyTorch_CrossAttn__Train1Val_UniProt,218.7703,9.42,1077030301,2061.24,1469.0,,,,,,,,,,
train1__val_cls_dna_prot_nt_v2_500m_esmc_600m_PyTorch_CrossAttn__Train1Val_ProteinGym,218.7703,9.42,1077030301,2061.24,1469.0,,,,,,,,,,
train1__val_cls_dna_prot_nt_v2_500m_esmc_600m_PyTorch_Transformer__Train1Val_Test,218.7787,9.27,1078082461,2065.25,1469.0,,,,,,,,,,
train1__val_cls_dna_prot_nt_v2_500m_esmc_600m_PyTorch_Transformer__Train1Val_ClinVarHQ,218.7787,9.49,1078082461,2065.25,1469.0,,,,,,,,,,
train1__val_cls_dna_prot_nt_v2_500m_esmc_600m_PyTorch_Transformer__Train1Val_UniProt,218.7787,9.43,1078082461,2065.25,1469.0,,,,,,,,,,
train1__val_cls_dna_prot_nt_v2_500m_esmc_600m_PyTorch_Transformer__Train1Val_ProteinGym,218.7787,9.43,1078082461,2065.25,1469.0,,,,,,,,,,
train1__val_cls_dna_prot_nt_v2_500m_esmc_600m_PyTorch_Gating__Train1Val_Test,218.771,9.26,1075256221,2054.47,1469.0,,,,,,,,,,
train1__val_cls_dna_prot_nt_v2_500m_esmc_600m_PyTorch_Gating__Train1Val_ClinVarHQ,218.771,9.47,1075256221,2054.47,1469.0,,,,,,,,,,
train1__val_cls_dna_prot_nt_v2_500m_esmc_600m_PyTorch_Gating__Train1Val_UniProt,218.771,9.41,1075256221,2054.47,1469.0,,,,,,,,,,
train1__val_cls_dna_prot_nt_v2_500m_esmc_600m_PyTorch_Gating__Train1Val_ProteinGym,218.771,9.42,1075256221,2054.47,1469.0,,,,,,,,,,
train1__val_cls_dna_prot_nt_v2_500m_esmc_600m_Pure_XGBoost_Concat__Train1Val_Test,218.7703,9.26,1074929053,2053.22,1469.0,,,,,,,,,,
train1__val_cls_dna_prot_nt_v2_500m_esmc_600m_Pure_XGBoost_Concat__Train1Val_ClinVarHQ,218.7703,9.47,1074929053,2053.22,1469.0,,,,,,,,,,
train1__val_cls_dna_prot_nt_v2_500m_esmc_600m_Pure_XGBoost_Concat__Train1Val_UniProt,218.7703,9.41,1074929053,2053.22,1469.0,,,,,,,,,,
train1__val_cls_dna_prot_nt_v2_500m_esmc_600m_Pure_XGBoost_Concat__Train1Val_ProteinGym,218.7703,9.42,1074929053,2053.22,1469.0,,,,,,,,,,
train1__val_cls_dna_prot_nt_v2_500m_esmc_600m_Hybrid_Concat_XGBoost__Train1Val_Test,218.7703,9.25,1074929053,2053.22,1469.0,,,,,,,,,,
train1__val_cls_dna_prot_nt_v2_500m_esmc_600m_Hybrid_Concat_XGBoost__Train1Val_ClinVarHQ,218.7703,9.46,1074929053,2053.22,1469.0,,,,,,,,,,
train1__val_cls_dna_prot_nt_v2_500m_esmc_600m_Hybrid_Concat_XGBoost__Train1Val_UniProt,218.7703,9.41,1074929053,2053.22,1469.0,,,,,,,,,,
train1__val_cls_dna_prot_nt_v2_500m_esmc_600m_Hybrid_Concat_XGBoost__Train1Val_ProteinGym,218.7703,9.41,1074929053,2053.22,1469.0,,,,,,,,,,
train1__val_cls_dna_prot_nt_v2_500m_esmc_600m_Hybrid_CrossAttn_XGBoost__Train1Val_Test,218.7703,9.25,1077030301,2061.24,1469.0,,,,,,,,,,
train1__val_cls_dna_prot_nt_v2_500m_esmc_600m_Hybrid_CrossAttn_XGBoost__Train1Val_ClinVarHQ,218.7703,9.47,1077030301,2061.24,1469.0,,,,,,,,,,
train1__val_cls_dna_prot_nt_v2_500m_esmc_600m_Hybrid_CrossAttn_XGBoost__Train1Val_UniProt,218.7703,9.4,1077030301,2061.24,1469.0,,,,,,,,,,
train1__val_cls_dna_prot_nt_v2_500m_esmc_600m_Hybrid_CrossAttn_XGBoost__Train1Val_ProteinGym,218.7703,9.41,1077030301,2061.24,1469.0,,,,,,,,,,
train1__val_cls_dna_prot_nt_v2_500m_esmc_600m_Hybrid_Transformer_XGBoost__Train1Val_Test,218.7787,9.25,1078082461,2065.25,1469.0,,,,,,,,,,
train1__val_cls_dna_prot_nt_v2_500m_esmc_600m_Hybrid_Transformer_XGBoost__Train1Val_ClinVarHQ,218.7787,9.46,1078082461,2065.25,1469.0,,,,,,,,,,
train1__val_cls_dna_prot_nt_v2_500m_esmc_600m_Hybrid_Transformer_XGBoost__Train1Val_UniProt,218.7787,9.4,1078082461,2065.25,1469.0,,,,,,,,,,
train1__val_cls_dna_prot_nt_v2_500m_esmc_600m_Hybrid_Transformer_XGBoost__Train1Val_ProteinGym,218.7787,9.41,1078082461,2065.25,1469.0,,,,,,,,,,
train1__val_cls_dna_prot_nt_v2_500m_esmc_600m_Hybrid_Gating_XGBoost__Train1Val_Test,218.771,9.25,1075256221,2054.47,1469.0,,,,,,,,,,
train1__val_cls_dna_prot_nt_v2_500m_esmc_600m_Hybrid_Gating_XGBoost__Train1Val_ClinVarHQ,218.771,9.46,1075256221,2054.47,1469.0,,,,,,,,,,
train1__val_cls_dna_prot_nt_v2_500m_esmc_600m_Hybrid_Gating_XGBoost__Train1Val_UniProt,218.771,9.4,1075256221,2054.47,1469.0,,,,,,,,,,
train1__val_cls_dna_prot_nt_v2_500m_esmc_600m_Hybrid_Gating_XGBoost__Train1Val_ProteinGym,218.771,9.41,1075256221,2054.47,1469.0,,,,,,,,,,
train1__val_cls_dna_nt_v3_650m_None_PyTorch_Concat__Train1Val_Test,76.9386,6.89,652849212,2490.42,3643.92,,,,,,,,,,
train1__val_cls_dna_nt_v3_650m_None_PyTorch_Concat__Train1Val_ClinVarHQ,76.9386,6.99,652849212,2490.42,3643.92,,,,,,,,,,
train1__val_cls_dna_nt_v3_650m_None_PyTorch_Concat__Train1Val_UniProt,76.9386,6.98,652849212,2490.42,3643.92,,,,,,,,,,
train1__val_cls_dna_nt_v3_650m_None_PyTorch_Concat__Train1Val_ProteinGym,76.9386,6.82,652849212,2490.42,3643.92,,,,,,,,,,
train1__val_cls_dna_nt_v3_650m_None_Pure_XGBoost_Concat__Train1Val_Test,76.9386,6.89,652849212,2490.42,3643.92,,,,,,,,,,
train1__val_cls_dna_nt_v3_650m_None_Pure_XGBoost_Concat__Train1Val_ClinVarHQ,76.9386,6.99,652849212,2490.42,3643.92,,,,,,,,,,
train1__val_cls_dna_nt_v3_650m_None_Pure_XGBoost_Concat__Train1Val_UniProt,76.9386,6.97,652849212,2490.42,3643.92,,,,,,,,,,
train1__val_cls_dna_nt_v3_650m_None_Pure_XGBoost_Concat__Train1Val_ProteinGym,76.9386,6.82,652849212,2490.42,3643.92,,,,,,,,,,
train1__val_cls_dna_nt_v3_650m_None_Hybrid_Concat_XGBoost__Train1Val_Test,76.9386,6.89,652849212,2490.42,3643.92,,,,,,,,,,
train1__val_cls_dna_nt_v3_650m_None_Hybrid_Concat_XGBoost__Train1Val_ClinVarHQ,76.9386,6.99,652849212,2490.42,3643.92,,,,,,,,,,
train1__val_cls_dna_nt_v3_650m_None_Hybrid_Concat_XGBoost__Train1Val_UniProt,76.9386,6.96,652849212,2490.42,3643.92,,,,,,,,,,
train1__val_cls_dna_nt_v3_650m_None_Hybrid_Concat_XGBoost__Train1Val_ProteinGym,76.9386,6.81,652849212,2490.42,3643.92,,,,,,,,,,
train1__val_cls_prot_None_esm1b_650m_PyTorch_Concat__Train1Val_Test,134.0749,5.48,653247799,1247.67,1961.98,,,,,,,,,,
train1__val_cls_prot_None_esm1b_650m_PyTorch_Concat__Train1Val_ClinVarHQ,134.0749,5.64,653247799,1247.67,1961.98,,,,,,,,,,
train1__val_cls_prot_None_esm1b_650m_PyTorch_Concat__Train1Val_UniProt,134.0749,5.65,653247799,1247.67,1961.98,,,,,,,,,,
train1__val_cls_prot_None_esm1b_650m_PyTorch_Concat__Train1Val_ProteinGym,134.0749,5.67,653247799,1247.67,1961.98,,,,,,,,,,
train1__val_cls_prot_None_esm1b_650m_Pure_XGBoost_Concat__Train1Val_Test,134.0749,5.48,653247799,1247.67,1961.98,,,,,,,,,,
train1__val_cls_prot_None_esm1b_650m_Pure_XGBoost_Concat__Train1Val_ClinVarHQ,134.0749,5.64,653247799,1247.67,1961.98,,,,,,,,,,
train1__val_cls_prot_None_esm1b_650m_Pure_XGBoost_Concat__Train1Val_UniProt,134.0749,5.66,653247799,1247.67,1961.98,,,,,,,,,,
train1__val_cls_prot_None_esm1b_650m_Pure_XGBoost_Concat__Train1Val_ProteinGym,134.0749,5.68,653247799,1247.67,1961.98,,,,,,,,,,
train1__val_cls_prot_None_esm1b_650m_Hybrid_Concat_XGBoost__Train1Val_Test,134.0749,5.48,653247799,1247.67,1961.98,,,,,,,,,,
train1__val_cls_prot_None_esm1b_650m_Hybrid_Concat_XGBoost__Train1Val_ClinVarHQ,134.0749,5.64,653247799,1247.67,1961.98,,,,,,,,,,
train1__val_cls_prot_None_esm1b_650m_Hybrid_Concat_XGBoost__Train1Val_UniProt,134.0749,5.65,653247799,1247.67,1961.98,,,,,,,,,,
train1__val_cls_prot_None_esm1b_650m_Hybrid_Concat_XGBoost__Train1Val_ProteinGym,134.0749,5.67,653247799,1247.67,1961.98,,,,,,,,,,
train1__val_cls_dna_geom_prot_nt_v3_650m_esm1b_650m_PyTorch_Concat__Train1Val_Test,211.0136,12.38,1306113394,3738.15,3643.92,,,,,,,,,,
train1__val_cls_dna_geom_prot_nt_v3_650m_esm1b_650m_PyTorch_Concat__Train1Val_ClinVarHQ,211.0136,12.62,1306113394,3738.15,3643.92,,,,,,,,,,
train1__val_cls_dna_geom_prot_nt_v3_650m_esm1b_650m_PyTorch_Concat__Train1Val_UniProt,211.0136,12.62,1306113394,3738.15,3643.92,,,,,,,,,,
train1__val_cls_dna_geom_prot_nt_v3_650m_esm1b_650m_PyTorch_Concat__Train1Val_ProteinGym,211.0136,12.49,1306113394,3738.15,3643.92,,,,,,,,,,
train1__val_cls_dna_geom_prot_nt_v3_650m_esm1b_650m_PyTorch_CrossAttn__Train1Val_Test,211.0136,12.38,1308214642,3746.17,3643.92,,,,,,,,,,
train1__val_cls_dna_geom_prot_nt_v3_650m_esm1b_650m_PyTorch_CrossAttn__Train1Val_ClinVarHQ,211.0136,12.63,1308214642,3746.17,3643.92,,,,,,,,,,
train1__val_cls_dna_geom_prot_nt_v3_650m_esm1b_650m_PyTorch_CrossAttn__Train1Val_UniProt,211.0136,12.62,1308214642,3746.17,3643.92,,,,,,,,,,
train1__val_cls_dna_geom_prot_nt_v3_650m_esm1b_650m_PyTorch_CrossAttn__Train1Val_ProteinGym,211.0136,12.5,1308214642,3746.17,3643.92,,,,,,,,,,
train1__val_cls_dna_geom_prot_nt_v3_650m_esm1b_650m_PyTorch_Transformer__Train1Val_Test,211.022,12.4,1309266802,3750.18,3643.92,,,,,,,,,,
train1__val_cls_dna_geom_prot_nt_v3_650m_esm1b_650m_PyTorch_Transformer__Train1Val_ClinVarHQ,211.022,12.64,1309266802,3750.18,3643.92,,,,,,,,,,
train1__val_cls_dna_geom_prot_nt_v3_650m_esm1b_650m_PyTorch_Transformer__Train1Val_UniProt,211.022,12.64,1309266802,3750.18,3643.92,,,,,,,,,,
train1__val_cls_dna_geom_prot_nt_v3_650m_esm1b_650m_PyTorch_Transformer__Train1Val_ProteinGym,211.022,12.5,1309266802,3750.18,3643.92,,,,,,,,,,
train1__val_cls_dna_geom_prot_nt_v3_650m_esm1b_650m_PyTorch_Gating__Train1Val_Test,211.0142,12.38,1306440562,3739.4,3643.92,,,,,,,,,,
train1__val_cls_dna_geom_prot_nt_v3_650m_esm1b_650m_PyTorch_Gating__Train1Val_ClinVarHQ,211.0142,12.62,1306440562,3739.4,3643.92,,,,,,,,,,
train1__val_cls_dna_geom_prot_nt_v3_650m_esm1b_650m_PyTorch_Gating__Train1Val_UniProt,211.0142,12.62,1306440562,3739.4,3643.92,,,,,,,,,,
train1__val_cls_dna_geom_prot_nt_v3_650m_esm1b_650m_PyTorch_Gating__Train1Val_ProteinGym,211.0142,12.49,1306440562,3739.4,3643.92,,,,,,,,,,
train1__val_cls_dna_geom_prot_nt_v3_650m_esm1b_650m_Pure_XGBoost_Concat__Train1Val_Test,211.0136,12.38,1306113394,3738.15,3643.92,,,,,,,,,,
train1__val_cls_dna_geom_prot_nt_v3_650m_esm1b_650m_Pure_XGBoost_Concat__Train1Val_ClinVarHQ,211.0136,12.62,1306113394,3738.15,3643.92,,,,,,,,,,
train1__val_cls_dna_geom_prot_nt_v3_650m_esm1b_650m_Pure_XGBoost_Concat__Train1Val_UniProt,211.0136,12.62,1306113394,3738.15,3643.92,,,,,,,,,,
train1__val_cls_dna_geom_prot_nt_v3_650m_esm1b_650m_Pure_XGBoost_Concat__Train1Val_ProteinGym,211.0136,12.49,1306113394,3738.15,3643.92,,,,,,,,,,
train1__val_cls_dna_geom_prot_nt_v3_650m_esm1b_650m_Hybrid_Concat_XGBoost__Train1Val_Test,211.0136,12.37,1306113394,3738.15,3643.92,,,,,,,,,,
train1__val_cls_dna_geom_prot_nt_v3_650m_esm1b_650m_Hybrid_Concat_XGBoost__Train1Val_ClinVarHQ,211.0136,12.61,1306113394,3738.15,3643.92,,,,,,,,,,
train1__val_cls_dna_geom_prot_nt_v3_650m_esm1b_650m_Hybrid_Concat_XGBoost__Train1Val_UniProt,211.0136,12.61,1306113394,3738.15,3643.92,,,,,,,,,,
train1__val_cls_dna_geom_prot_nt_v3_650m_esm1b_650m_Hybrid_Concat_XGBoost__Train1Val_ProteinGym,211.0136,12.48,1306113394,3738.15,3643.92,,,,,,,,,,
train1__val_cls_dna_geom_prot_nt_v3_650m_esm1b_650m_Hybrid_CrossAttn_XGBoost__Train1Val_Test,211.0136,12.37,1308214642,3746.17,3643.92,,,,,,,,,,
train1__val_cls_dna_geom_prot_nt_v3_650m_esm1b_650m_Hybrid_CrossAttn_XGBoost__Train1Val_ClinVarHQ,211.0136,12.61,1308214642,3746.17,3643.92,,,,,,,,,,
train1__val_cls_dna_geom_prot_nt_v3_650m_esm1b_650m_Hybrid_CrossAttn_XGBoost__Train1Val_UniProt,211.0136,12.61,1308214642,3746.17,3643.92,,,,,,,,,,
train1__val_cls_dna_geom_prot_nt_v3_650m_esm1b_650m_Hybrid_CrossAttn_XGBoost__Train1Val_ProteinGym,211.0136,12.48,1308214642,3746.17,3643.92,,,,,,,,,,
train1__val_cls_dna_geom_prot_nt_v3_650m_esm1b_650m_Hybrid_Transformer_XGBoost__Train1Val_Test,211.022,12.37,1309266802,3750.18,3643.92,,,,,,,,,,
train1__val_cls_dna_geom_prot_nt_v3_650m_esm1b_650m_Hybrid_Transformer_XGBoost__Train1Val_ClinVarHQ,211.022,12.61,1309266802,3750.18,3643.92,,,,,,,,,,
train1__val_cls_dna_geom_prot_nt_v3_650m_esm1b_650m_Hybrid_Transformer_XGBoost__Train1Val_UniProt,211.022,12.61,1309266802,3750.18,3643.92,,,,,,,,,,
train1__val_cls_dna_geom_prot_nt_v3_650m_esm1b_650m_Hybrid_Transformer_XGBoost__Train1Val_ProteinGym,211.022,12.48,1309266802,3750.18,3643.92,,,,,,,,,,
train1__val_cls_dna_geom_prot_nt_v3_650m_esm1b_650m_Hybrid_Gating_XGBoost__Train1Val_Test,211.0142,12.37,1306440562,3739.4,3643.92,,,,,,,,,,
train1__val_cls_dna_geom_prot_nt_v3_650m_esm1b_650m_Hybrid_Gating_XGBoost__Train1Val_ClinVarHQ,211.0142,12.61,1306440562,3739.4,3643.92,,,,,,,,,,
train1__val_cls_dna_geom_prot_nt_v3_650m_esm1b_650m_Hybrid_Gating_XGBoost__Train1Val_UniProt,211.0142,12.61,1306440562,3739.4,3643.92,,,,,,,,,,
train1__val_cls_dna_geom_prot_nt_v3_650m_esm1b_650m_Hybrid_Gating_XGBoost__Train1Val_ProteinGym,211.0142,12.48,1306440562,3739.4,3643.92,,,,,,,,,,
train1__val_cls_bio_dna_prot_nt_v3_650m_esm1b_650m_PyTorch_Concat__Train1Val_Test,211.0136,12.38,1306113778,3738.15,3643.92,,,,,,,,,,
train1__val_cls_bio_dna_prot_nt_v3_650m_esm1b_650m_PyTorch_Concat__Train1Val_ClinVarHQ,211.0136,12.62,1306113778,3738.15,3643.92,,,,,,,,,,
train1__val_cls_bio_dna_prot_nt_v3_650m_esm1b_650m_PyTorch_Concat__Train1Val_UniProt,211.0136,12.62,1306113778,3738.15,3643.92,,,,,,,,,,
train1__val_cls_bio_dna_prot_nt_v3_650m_esm1b_650m_PyTorch_Concat__Train1Val_ProteinGym,211.0136,12.49,1306113778,3738.15,3643.92,,,,,,,,,,
train1__val_cls_bio_dna_prot_nt_v3_650m_esm1b_650m_PyTorch_CrossAttn__Train1Val_Test,211.0136,12.39,1308215026,3746.17,3643.92,,,,,,,,,,
train1__val_cls_bio_dna_prot_nt_v3_650m_esm1b_650m_PyTorch_CrossAttn__Train1Val_ClinVarHQ,211.0136,12.63,1308215026,3746.17,3643.92,,,,,,,,,,
train1__val_cls_bio_dna_prot_nt_v3_650m_esm1b_650m_PyTorch_CrossAttn__Train1Val_UniProt,211.0136,12.63,1308215026,3746.17,3643.92,,,,,,,,,,
train1__val_cls_bio_dna_prot_nt_v3_650m_esm1b_650m_PyTorch_CrossAttn__Train1Val_ProteinGym,211.0136,12.49,1308215026,3746.17,3643.92,,,,,,,,,,
train1__val_cls_bio_dna_prot_nt_v3_650m_esm1b_650m_PyTorch_Transformer__Train1Val_Test,211.022,12.39,1309267186,3750.18,3643.92,,,,,,,,,,
train1__val_cls_bio_dna_prot_nt_v3_650m_esm1b_650m_PyTorch_Transformer__Train1Val_ClinVarHQ,211.022,12.63,1309267186,3750.18,3643.92,,,,,,,,,,
train1__val_cls_bio_dna_prot_nt_v3_650m_esm1b_650m_PyTorch_Transformer__Train1Val_UniProt,211.022,12.64,1309267186,3750.18,3643.92,,,,,,,,,,
train1__val_cls_bio_dna_prot_nt_v3_650m_esm1b_650m_PyTorch_Transformer__Train1Val_ProteinGym,211.022,12.51,1309267186,3750.18,3643.92,,,,,,,,,,
train1__val_cls_bio_dna_prot_nt_v3_650m_esm1b_650m_PyTorch_Gating__Train1Val_Test,211.0142,12.38,1306440946,3739.4,3643.92,,,,,,,,,,
train1__val_cls_bio_dna_prot_nt_v3_650m_esm1b_650m_PyTorch_Gating__Train1Val_ClinVarHQ,211.0142,12.62,1306440946,3739.4,3643.92,,,,,,,,,,
train1__val_cls_bio_dna_prot_nt_v3_650m_esm1b_650m_PyTorch_Gating__Train1Val_UniProt,211.0142,12.62,1306440946,3739.4,3643.92,,,,,,,,,,
train1__val_cls_bio_dna_prot_nt_v3_650m_esm1b_650m_PyTorch_Gating__Train1Val_ProteinGym,211.0142,12.49,1306440946,3739.4,3643.92,,,,,,,,,,
train1__val_cls_bio_dna_prot_nt_v3_650m_esm1b_650m_Pure_XGBoost_Concat__Train1Val_Test,211.0136,12.38,1306113778,3738.15,3643.92,,,,,,,,,,
train1__val_cls_bio_dna_prot_nt_v3_650m_esm1b_650m_Pure_XGBoost_Concat__Train1Val_ClinVarHQ,211.0136,12.62,1306113778,3738.15,3643.92,,,,,,,,,,
train1__val_cls_bio_dna_prot_nt_v3_650m_esm1b_650m_Pure_XGBoost_Concat__Train1Val_UniProt,211.0136,12.62,1306113778,3738.15,3643.92,,,,,,,,,,
train1__val_cls_bio_dna_prot_nt_v3_650m_esm1b_650m_Pure_XGBoost_Concat__Train1Val_ProteinGym,211.0136,12.49,1306113778,3738.15,3643.92,,,,,,,,,,
train1__val_cls_bio_dna_prot_nt_v3_650m_esm1b_650m_Hybrid_Concat_XGBoost__Train1Val_Test,211.0136,12.37,1306113778,3738.15,3643.92,,,,,,,,,,
train1__val_cls_bio_dna_prot_nt_v3_650m_esm1b_650m_Hybrid_Concat_XGBoost__Train1Val_ClinVarHQ,211.0136,12.62,1306113778,3738.15,3643.92,,,,,,,,,,
train1__val_cls_bio_dna_prot_nt_v3_650m_esm1b_650m_Hybrid_Concat_XGBoost__Train1Val_UniProt,211.0136,12.61,1306113778,3738.15,3643.92,,,,,,,,,,
train1__val_cls_bio_dna_prot_nt_v3_650m_esm1b_650m_Hybrid_Concat_XGBoost__Train1Val_ProteinGym,211.0136,12.48,1306113778,3738.15,3643.92,,,,,,,,,,
train1__val_cls_bio_dna_prot_nt_v3_650m_esm1b_650m_Hybrid_CrossAttn_XGBoost__Train1Val_Test,211.0136,12.37,1308215026,3746.17,3643.92,,,,,,,,,,
train1__val_cls_bio_dna_prot_nt_v3_650m_esm1b_650m_Hybrid_CrossAttn_XGBoost__Train1Val_ClinVarHQ,211.0136,12.61,1308215026,3746.17,3643.92,,,,,,,,,,
train1__val_cls_bio_dna_prot_nt_v3_650m_esm1b_650m_Hybrid_CrossAttn_XGBoost__Train1Val_UniProt,211.0136,12.61,1308215026,3746.17,3643.92,,,,,,,,,,
train1__val_cls_bio_dna_prot_nt_v3_650m_esm1b_650m_Hybrid_CrossAttn_XGBoost__Train1Val_ProteinGym,211.0136,12.48,1308215026,3746.17,3643.92,,,,,,,,,,
train1__val_cls_bio_dna_prot_nt_v3_650m_esm1b_650m_Hybrid_Transformer_XGBoost__Train1Val_Test,211.022,12.37,1309267186,3750.18,3643.92,,,,,,,,,,
train1__val_cls_bio_dna_prot_nt_v3_650m_esm1b_650m_Hybrid_Transformer_XGBoost__Train1Val_ClinVarHQ,211.022,12.62,1309267186,3750.18,3643.92,,,,,,,,,,
train1__val_cls_bio_dna_prot_nt_v3_650m_esm1b_650m_Hybrid_Transformer_XGBoost__Train1Val_UniProt,211.022,12.61,1309267186,3750.18,3643.92,,,,,,,,,,
train1__val_cls_bio_dna_prot_nt_v3_650m_esm1b_650m_Hybrid_Transformer_XGBoost__Train1Val_ProteinGym,211.022,12.48,1309267186,3750.18,3643.92,,,,,,,,,,
train1__val_cls_bio_dna_prot_nt_v3_650m_esm1b_650m_Hybrid_Gating_XGBoost__Train1Val_Test,211.0142,12.37,1306440946,3739.4,3643.92,,,,,,,,,,
train1__val_cls_bio_dna_prot_nt_v3_650m_esm1b_650m_Hybrid_Gating_XGBoost__Train1Val_ClinVarHQ,211.0142,12.61,1306440946,3739.4,3643.92,,,,,,,,,,
train1__val_cls_bio_dna_prot_nt_v3_650m_esm1b_650m_Hybrid_Gating_XGBoost__Train1Val_UniProt,211.0142,12.61,1306440946,3739.4,3643.92,,,,,,,,,,
train1__val_cls_bio_dna_prot_nt_v3_650m_esm1b_650m_Hybrid_Gating_XGBoost__Train1Val_ProteinGym,211.0142,12.48,1306440946,3739.4,3643.92,,,,,,,,,,
train1__val_cls_bio_dna_geom_prot_nt_v3_650m_esm1b_650m_PyTorch_Concat__Train1Val_Test,211.0136,12.38,1306114802,3738.16,3643.92,,,,,,,,,,
train1__val_cls_bio_dna_geom_prot_nt_v3_650m_esm1b_650m_PyTorch_Concat__Train1Val_ClinVarHQ,211.0136,12.62,1306114802,3738.16,3643.92,,,,,,,,,,
train1__val_cls_bio_dna_geom_prot_nt_v3_650m_esm1b_650m_PyTorch_Concat__Train1Val_UniProt,211.0136,12.62,1306114802,3738.16,3643.92,,,,,,,,,,
train1__val_cls_bio_dna_geom_prot_nt_v3_650m_esm1b_650m_PyTorch_Concat__Train1Val_ProteinGym,211.0136,12.49,1306114802,3738.16,3643.92,,,,,,,,,,
train1__val_cls_bio_dna_geom_prot_nt_v3_650m_esm1b_650m_PyTorch_CrossAttn__Train1Val_Test,211.0136,12.39,1308216050,3746.17,3643.92,,,,,,,,,,
train1__val_cls_bio_dna_geom_prot_nt_v3_650m_esm1b_650m_PyTorch_CrossAttn__Train1Val_ClinVarHQ,211.0136,12.63,1308216050,3746.17,3643.92,,,,,,,,,,
train1__val_cls_bio_dna_geom_prot_nt_v3_650m_esm1b_650m_PyTorch_CrossAttn__Train1Val_UniProt,211.0136,12.63,1308216050,3746.17,3643.92,,,,,,,,,,
train1__val_cls_bio_dna_geom_prot_nt_v3_650m_esm1b_650m_PyTorch_CrossAttn__Train1Val_ProteinGym,211.0136,12.5,1308216050,3746.17,3643.92,,,,,,,,,,
train1__val_cls_bio_dna_geom_prot_nt_v3_650m_esm1b_650m_PyTorch_Transformer__Train1Val_Test,211.022,12.39,1309268210,3750.19,3643.92,,,,,,,,,,
train1__val_cls_bio_dna_geom_prot_nt_v3_650m_esm1b_650m_PyTorch_Transformer__Train1Val_ClinVarHQ,211.022,12.65,1309268210,3750.19,3643.92,,,,,,,,,,
train1__val_cls_bio_dna_geom_prot_nt_v3_650m_esm1b_650m_PyTorch_Transformer__Train1Val_UniProt,211.022,12.64,1309268210,3750.19,3643.92,,,,,,,,,,
train1__val_cls_bio_dna_geom_prot_nt_v3_650m_esm1b_650m_PyTorch_Transformer__Train1Val_ProteinGym,211.022,12.5,1309268210,3750.19,3643.92,,,,,,,,,,
train1__val_cls_bio_dna_geom_prot_nt_v3_650m_esm1b_650m_PyTorch_Gating__Train1Val_Test,211.0142,12.38,1306441970,3739.41,3643.92,,,,,,,,,,
train1__val_cls_bio_dna_geom_prot_nt_v3_650m_esm1b_650m_PyTorch_Gating__Train1Val_ClinVarHQ,211.0142,12.62,1306441970,3739.41,3643.92,,,,,,,,,,
train1__val_cls_bio_dna_geom_prot_nt_v3_650m_esm1b_650m_PyTorch_Gating__Train1Val_UniProt,211.0142,12.62,1306441970,3739.41,3643.92,,,,,,,,,,
train1__val_cls_bio_dna_geom_prot_nt_v3_650m_esm1b_650m_PyTorch_Gating__Train1Val_ProteinGym,211.0142,12.49,1306441970,3739.41,3643.92,,,,,,,,,,
train1__val_cls_bio_dna_geom_prot_nt_v3_650m_esm1b_650m_Pure_XGBoost_Concat__Train1Val_Test,211.0136,12.38,1306114802,3738.16,3643.92,,,,,,,,,,
train1__val_cls_bio_dna_geom_prot_nt_v3_650m_esm1b_650m_Pure_XGBoost_Concat__Train1Val_ClinVarHQ,211.0136,12.62,1306114802,3738.16,3643.92,,,,,,,,,,
train1__val_cls_bio_dna_geom_prot_nt_v3_650m_esm1b_650m_Pure_XGBoost_Concat__Train1Val_UniProt,211.0136,12.62,1306114802,3738.16,3643.92,,,,,,,,,,
train1__val_cls_bio_dna_geom_prot_nt_v3_650m_esm1b_650m_Pure_XGBoost_Concat__Train1Val_ProteinGym,211.0136,12.49,1306114802,3738.16,3643.92,,,,,,,,,,
train1__val_cls_bio_dna_geom_prot_nt_v3_650m_esm1b_650m_Hybrid_Concat_XGBoost__Train1Val_Test,211.0136,12.37,1306114802,3738.16,3643.92,,,,,,,,,,
train1__val_cls_bio_dna_geom_prot_nt_v3_650m_esm1b_650m_Hybrid_Concat_XGBoost__Train1Val_ClinVarHQ,211.0136,12.61,1306114802,3738.16,3643.92,,,,,,,,,,
train1__val_cls_bio_dna_geom_prot_nt_v3_650m_esm1b_650m_Hybrid_Concat_XGBoost__Train1Val_UniProt,211.0136,12.61,1306114802,3738.16,3643.92,,,,,,,,,,
train1__val_cls_bio_dna_geom_prot_nt_v3_650m_esm1b_650m_Hybrid_Concat_XGBoost__Train1Val_ProteinGym,211.0136,12.48,1306114802,3738.16,3643.92,,,,,,,,,,
train1__val_cls_bio_dna_geom_prot_nt_v3_650m_esm1b_650m_Hybrid_CrossAttn_XGBoost__Train1Val_Test,211.0136,12.37,1308216050,3746.17,3643.92,,,,,,,,,,
train1__val_cls_bio_dna_geom_prot_nt_v3_650m_esm1b_650m_Hybrid_CrossAttn_XGBoost__Train1Val_ClinVarHQ,211.0136,12.61,1308216050,3746.17,3643.92,,,,,,,,,,
train1__val_cls_bio_dna_geom_prot_nt_v3_650m_esm1b_650m_Hybrid_CrossAttn_XGBoost__Train1Val_UniProt,211.0136,12.61,1308216050,3746.17,3643.92,,,,,,,,,,
train1__val_cls_bio_dna_geom_prot_nt_v3_650m_esm1b_650m_Hybrid_CrossAttn_XGBoost__Train1Val_ProteinGym,211.0136,12.48,1308216050,3746.17,3643.92,,,,,,,,,,
train1__val_cls_bio_dna_geom_prot_nt_v3_650m_esm1b_650m_Hybrid_Transformer_XGBoost__Train1Val_Test,211.022,12.37,1309268210,3750.19,3643.92,,,,,,,,,,
train1__val_cls_bio_dna_geom_prot_nt_v3_650m_esm1b_650m_Hybrid_Transformer_XGBoost__Train1Val_ClinVarHQ,211.022,12.61,1309268210,3750.19,3643.92,,,,,,,,,,
train1__val_cls_bio_dna_geom_prot_nt_v3_650m_esm1b_650m_Hybrid_Transformer_XGBoost__Train1Val_UniProt,211.022,12.61,1309268210,3750.19,3643.92,,,,,,,,,,
train1__val_cls_bio_dna_geom_prot_nt_v3_650m_esm1b_650m_Hybrid_Transformer_XGBoost__Train1Val_ProteinGym,211.022,12.48,1309268210,3750.19,3643.92,,,,,,,,,,
train1__val_cls_bio_dna_geom_prot_nt_v3_650m_esm1b_650m_Hybrid_Gating_XGBoost__Train1Val_Test,211.0142,12.37,1306441970,3739.41,3643.92,,,,,,,,,,
train1__val_cls_bio_dna_geom_prot_nt_v3_650m_esm1b_650m_Hybrid_Gating_XGBoost__Train1Val_ClinVarHQ,211.0142,12.61,1306441970,3739.41,3643.92,,,,,,,,,,
train1__val_cls_bio_dna_geom_prot_nt_v3_650m_esm1b_650m_Hybrid_Gating_XGBoost__Train1Val_UniProt,211.0142,12.61,1306441970,3739.41,3643.92,,,,,,,,,,
train1__val_cls_bio_dna_geom_prot_nt_v3_650m_esm1b_650m_Hybrid_Gating_XGBoost__Train1Val_ProteinGym,211.0142,12.48,1306441970,3739.41,3643.92,,,,,,,,,,
train1__val_cls_bio_geom_nt_v3_650m_esm1b_650m_PyTorch_Concat__Train1Val_Test,0.0002,0.0,86145,0.33,0.0,,,,,,,,,,
train1__val_cls_bio_geom_nt_v3_650m_esm1b_650m_PyTorch_Concat__Train1Val_ClinVarHQ,0.0002,0.0,86145,0.33,0.0,,,,,,,,,,
train1__val_cls_bio_geom_nt_v3_650m_esm1b_650m_PyTorch_Concat__Train1Val_UniProt,0.0002,0.0,86145,0.33,0.0,,,,,,,,,,
train1__val_cls_bio_geom_nt_v3_650m_esm1b_650m_PyTorch_Concat__Train1Val_ProteinGym,0.0002,0.0,86145,0.33,0.0,,,,,,,,,,
train1__val_cls_bio_geom_nt_v3_650m_esm1b_650m_Pure_XGBoost_Concat__Train1Val_Test,0.0002,0.0,86145,0.33,0.0,,,,,,,,,,
train1__val_cls_bio_geom_nt_v3_650m_esm1b_650m_Pure_XGBoost_Concat__Train1Val_ClinVarHQ,0.0002,0.0,86145,0.33,0.0,,,,,,,,,,
train1__val_cls_bio_geom_nt_v3_650m_esm1b_650m_Pure_XGBoost_Concat__Train1Val_UniProt,0.0002,0.0,86145,0.33,0.0,,,,,,,,,,
train1__val_cls_bio_geom_nt_v3_650m_esm1b_650m_Pure_XGBoost_Concat__Train1Val_ProteinGym,0.0002,0.0,86145,0.33,0.0,,,,,,,,,,
train1__val_cls_bio_geom_nt_v3_650m_esm1b_650m_Hybrid_Concat_XGBoost__Train1Val_Test,0.0002,0.0,86145,0.33,0.0,,,,,,,,,,
train1__val_cls_bio_geom_nt_v3_650m_esm1b_650m_Hybrid_Concat_XGBoost__Train1Val_ClinVarHQ,0.0002,0.0,86145,0.33,0.0,,,,,,,,,,
train1__val_cls_bio_geom_nt_v3_650m_esm1b_650m_Hybrid_Concat_XGBoost__Train1Val_UniProt,0.0002,0.0,86145,0.33,0.0,,,,,,,,,,
train1__val_cls_bio_geom_nt_v3_650m_esm1b_650m_Hybrid_Concat_XGBoost__Train1Val_ProteinGym,0.0002,0.0,86145,0.33,0.0,,,,,,,,,,
train1__val_mean_dna_prot_nt_v1_500m_esm1b_650m_PyTorch_Concat__Train1Val_Test,231.7942,9.35,1139801633,2177.33,1961.98,,,,,,,,,,
train1__val_mean_dna_prot_nt_v1_500m_esm1b_650m_PyTorch_Concat__Train1Val_ClinVarHQ,231.7942,9.86,1139801633,2177.33,1961.98,,,,,,,,,,
train1__val_mean_dna_prot_nt_v1_500m_esm1b_650m_PyTorch_Concat__Train1Val_UniProt,231.7942,9.85,1139801633,2177.33,1961.98,,,,,,,,,,
train1__val_mean_dna_prot_nt_v1_500m_esm1b_650m_PyTorch_Concat__Train1Val_ProteinGym,231.7942,9.87,1139801633,2177.33,1961.98,,,,,,,,,,
train1__val_mean_dna_prot_nt_v1_500m_esm1b_650m_PyTorch_CrossAttn__Train1Val_Test,231.7942,9.37,1141902881,2185.35,1961.98,,,,,,,,,,
train1__val_mean_dna_prot_nt_v1_500m_esm1b_650m_PyTorch_CrossAttn__Train1Val_ClinVarHQ,231.7942,9.87,1141902881,2185.35,1961.98,,,,,,,,,,
train1__val_mean_dna_prot_nt_v1_500m_esm1b_650m_PyTorch_CrossAttn__Train1Val_UniProt,231.7942,9.86,1141902881,2185.35,1961.98,,,,,,,,,,
train1__val_mean_dna_prot_nt_v1_500m_esm1b_650m_PyTorch_CrossAttn__Train1Val_ProteinGym,231.7942,9.89,1141902881,2185.35,1961.98,,,,,,,,,,
train1__val_mean_dna_prot_nt_v1_500m_esm1b_650m_PyTorch_Transformer__Train1Val_Test,231.8026,9.36,1142955041,2189.36,1961.98,,,,,,,,,,
train1__val_mean_dna_prot_nt_v1_500m_esm1b_650m_PyTorch_Transformer__Train1Val_ClinVarHQ,231.8026,9.88,1142955041,2189.36,1961.98,,,,,,,,,,
train1__val_mean_dna_prot_nt_v1_500m_esm1b_650m_PyTorch_Transformer__Train1Val_UniProt,231.8026,9.87,1142955041,2189.36,1961.98,,,,,,,,,,
train1__val_mean_dna_prot_nt_v1_500m_esm1b_650m_PyTorch_Transformer__Train1Val_ProteinGym,231.8026,9.9,1142955041,2189.36,1961.98,,,,,,,,,,
train1__val_mean_dna_prot_nt_v1_500m_esm1b_650m_PyTorch_Gating__Train1Val_Test,231.7948,9.35,1140128801,2178.58,1961.98,,,,,,,,,,
train1__val_mean_dna_prot_nt_v1_500m_esm1b_650m_PyTorch_Gating__Train1Val_ClinVarHQ,231.7948,9.86,1140128801,2178.58,1961.98,,,,,,,,,,
train1__val_mean_dna_prot_nt_v1_500m_esm1b_650m_PyTorch_Gating__Train1Val_UniProt,231.7948,9.85,1140128801,2178.58,1961.98,,,,,,,,,,
train1__val_mean_dna_prot_nt_v1_500m_esm1b_650m_PyTorch_Gating__Train1Val_ProteinGym,231.7948,9.88,1140128801,2178.58,1961.98,,,,,,,,,,
train1__val_mean_dna_prot_nt_v1_500m_esm1b_650m_Pure_XGBoost_Concat__Train1Val_Test,231.7942,9.35,1139801633,2177.33,1961.98,,,,,,,,,,
train1__val_mean_dna_prot_nt_v1_500m_esm1b_650m_Pure_XGBoost_Concat__Train1Val_ClinVarHQ,231.7942,9.86,1139801633,2177.33,1961.98,,,,,,,,,,
train1__val_mean_dna_prot_nt_v1_500m_esm1b_650m_Pure_XGBoost_Concat__Train1Val_UniProt,231.7942,9.85,1139801633,2177.33,1961.98,,,,,,,,,,
train1__val_mean_dna_prot_nt_v1_500m_esm1b_650m_Pure_XGBoost_Concat__Train1Val_ProteinGym,231.7942,9.88,1139801633,2177.33,1961.98,,,,,,,,,,
train1__val_mean_dna_prot_nt_v1_500m_esm1b_650m_Hybrid_Concat_XGBoost__Train1Val_Test,231.7942,9.34,1139801633,2177.33,1961.98,,,,,,,,,,
train1__val_mean_dna_prot_nt_v1_500m_esm1b_650m_Hybrid_Concat_XGBoost__Train1Val_ClinVarHQ,231.7942,9.86,1139801633,2177.33,1961.98,,,,,,,,,,
train1__val_mean_dna_prot_nt_v1_500m_esm1b_650m_Hybrid_Concat_XGBoost__Train1Val_UniProt,231.7942,9.84,1139801633,2177.33,1961.98,,,,,,,,,,
train1__val_mean_dna_prot_nt_v1_500m_esm1b_650m_Hybrid_Concat_XGBoost__Train1Val_ProteinGym,231.7942,9.87,1139801633,2177.33,1961.98,,,,,,,,,,
train1__val_mean_dna_prot_nt_v1_500m_esm1b_650m_Hybrid_CrossAttn_XGBoost__Train1Val_Test,231.7942,9.34,1141902881,2185.35,1961.98,,,,,,,,,,
train1__val_mean_dna_prot_nt_v1_500m_esm1b_650m_Hybrid_CrossAttn_XGBoost__Train1Val_ClinVarHQ,231.7942,9.85,1141902881,2185.35,1961.98,,,,,,,,,,
train1__val_mean_dna_prot_nt_v1_500m_esm1b_650m_Hybrid_CrossAttn_XGBoost__Train1Val_UniProt,231.7942,9.84,1141902881,2185.35,1961.98,,,,,,,,,,
train1__val_mean_dna_prot_nt_v1_500m_esm1b_650m_Hybrid_CrossAttn_XGBoost__Train1Val_ProteinGym,231.7942,9.87,1141902881,2185.35,1961.98,,,,,,,,,,
train1__val_mean_dna_prot_nt_v1_500m_esm1b_650m_Hybrid_Transformer_XGBoost__Train1Val_Test,231.8026,9.34,1142955041,2189.36,1961.98,,,,,,,,,,
train1__val_mean_dna_prot_nt_v1_500m_esm1b_650m_Hybrid_Transformer_XGBoost__Train1Val_ClinVarHQ,231.8026,9.86,1142955041,2189.36,1961.98,,,,,,,,,,
train1__val_mean_dna_prot_nt_v1_500m_esm1b_650m_Hybrid_Transformer_XGBoost__Train1Val_UniProt,231.8026,9.84,1142955041,2189.36,1961.98,,,,,,,,,,
train1__val_mean_dna_prot_nt_v1_500m_esm1b_650m_Hybrid_Transformer_XGBoost__Train1Val_ProteinGym,231.8026,9.87,1142955041,2189.36,1961.98,,,,,,,,,,
train1__val_mean_dna_prot_nt_v1_500m_esm1b_650m_Hybrid_Gating_XGBoost__Train1Val_Test,231.7948,9.34,1140128801,2178.58,1961.98,,,,,,,,,,
train1__val_mean_dna_prot_nt_v1_500m_esm1b_650m_Hybrid_Gating_XGBoost__Train1Val_ClinVarHQ,231.7948,9.86,1140128801,2178.58,1961.98,,,,,,,,,,
train1__val_mean_dna_prot_nt_v1_500m_esm1b_650m_Hybrid_Gating_XGBoost__Train1Val_UniProt,231.7948,9.84,1140128801,2178.58,1961.98,,,,,,,,,,
train1__val_mean_dna_prot_nt_v1_500m_esm1b_650m_Hybrid_Gating_XGBoost__Train1Val_ProteinGym,231.7948,9.87,1140128801,2178.58,1961.98,,,,,,,,,,
train1__val_mean_dna_prot_nt_v1_500m_esm2_650m_PyTorch_Concat__Train1Val_Test,231.7932,10.02,1138485793,2174.82,1686.1,,,,,,,,,,
train1__val_mean_dna_prot_nt_v1_500m_esm2_650m_PyTorch_Concat__Train1Val_ClinVarHQ,231.7932,10.37,1138485793,2174.82,1686.1,,,,,,,,,,
train1__val_mean_dna_prot_nt_v1_500m_esm2_650m_PyTorch_Concat__Train1Val_UniProt,231.7932,10.35,1138485793,2174.82,1686.1,,,,,,,,,,
train1__val_mean_dna_prot_nt_v1_500m_esm2_650m_PyTorch_Concat__Train1Val_ProteinGym,231.7932,10.36,1138485793,2174.82,1686.1,,,,,,,,,,
train1__val_mean_dna_prot_nt_v1_500m_esm2_650m_PyTorch_CrossAttn__Train1Val_Test,231.7932,10.02,1140587041,2182.84,1686.1,,,,,,,,,,
train1__val_mean_dna_prot_nt_v1_500m_esm2_650m_PyTorch_CrossAttn__Train1Val_ClinVarHQ,231.7932,10.38,1140587041,2182.84,1686.1,,,,,,,,,,
train1__val_mean_dna_prot_nt_v1_500m_esm2_650m_PyTorch_CrossAttn__Train1Val_UniProt,231.7932,10.36,1140587041,2182.84,1686.1,,,,,,,,,,
train1__val_mean_dna_prot_nt_v1_500m_esm2_650m_PyTorch_CrossAttn__Train1Val_ProteinGym,231.7932,10.37,1140587041,2182.84,1686.1,,,,,,,,,,
train1__val_mean_dna_prot_nt_v1_500m_esm2_650m_PyTorch_Transformer__Train1Val_Test,231.8016,10.03,1141639201,2186.85,1686.1,,,,,,,,,,
train1__val_mean_dna_prot_nt_v1_500m_esm2_650m_PyTorch_Transformer__Train1Val_ClinVarHQ,231.8016,10.39,1141639201,2186.85,1686.1,,,,,,,,,,
train1__val_mean_dna_prot_nt_v1_500m_esm2_650m_PyTorch_Transformer__Train1Val_UniProt,231.8016,10.37,1141639201,2186.85,1686.1,,,,,,,,,,
train1__val_mean_dna_prot_nt_v1_500m_esm2_650m_PyTorch_Transformer__Train1Val_ProteinGym,231.8016,10.37,1141639201,2186.85,1686.1,,,,,,,,,,
train1__val_mean_dna_prot_nt_v1_500m_esm2_650m_PyTorch_Gating__Train1Val_Test,231.7938,10.02,1138812961,2176.07,1686.1,,,,,,,,,,
train1__val_mean_dna_prot_nt_v1_500m_esm2_650m_PyTorch_Gating__Train1Val_ClinVarHQ,231.7938,10.37,1138812961,2176.07,1686.1,,,,,,,,,,
train1__val_mean_dna_prot_nt_v1_500m_esm2_650m_PyTorch_Gating__Train1Val_UniProt,231.7938,10.35,1138812961,2176.07,1686.1,,,,,,,,,,
train1__val_mean_dna_prot_nt_v1_500m_esm2_650m_PyTorch_Gating__Train1Val_ProteinGym,231.7938,10.36,1138812961,2176.07,1686.1,,,,,,,,,,
train1__val_mean_dna_prot_nt_v1_500m_esm2_650m_Pure_XGBoost_Concat__Train1Val_Test,231.7932,10.02,1138485793,2174.82,1686.1,,,,,,,,,,
train1__val_mean_dna_prot_nt_v1_500m_esm2_650m_Pure_XGBoost_Concat__Train1Val_ClinVarHQ,231.7932,10.37,1138485793,2174.82,1686.1,,,,,,,,,,
train1__val_mean_dna_prot_nt_v1_500m_esm2_650m_Pure_XGBoost_Concat__Train1Val_UniProt,231.7932,10.35,1138485793,2174.82,1686.1,,,,,,,,,,
train1__val_mean_dna_prot_nt_v1_500m_esm2_650m_Pure_XGBoost_Concat__Train1Val_ProteinGym,231.7932,10.36,1138485793,2174.82,1686.1,,,,,,,,,,
train1__val_mean_dna_prot_nt_v1_500m_esm2_650m_Hybrid_Concat_XGBoost__Train1Val_Test,231.7932,10.01,1138485793,2174.82,1686.1,,,,,,,,,,
train1__val_mean_dna_prot_nt_v1_500m_esm2_650m_Hybrid_Concat_XGBoost__Train1Val_ClinVarHQ,231.7932,10.37,1138485793,2174.82,1686.1,,,,,,,,,,
train1__val_mean_dna_prot_nt_v1_500m_esm2_650m_Hybrid_Concat_XGBoost__Train1Val_UniProt,231.7932,10.34,1138485793,2174.82,1686.1,,,,,,,,,,
train1__val_mean_dna_prot_nt_v1_500m_esm2_650m_Hybrid_Concat_XGBoost__Train1Val_ProteinGym,231.7932,10.35,1138485793,2174.82,1686.1,,,,,,,,,,
train1__val_mean_dna_prot_nt_v1_500m_esm2_650m_Hybrid_CrossAttn_XGBoost__Train1Val_Test,231.7932,10.01,1140587041,2182.84,1686.1,,,,,,,,,,
train1__val_mean_dna_prot_nt_v1_500m_esm2_650m_Hybrid_CrossAttn_XGBoost__Train1Val_ClinVarHQ,231.7932,10.36,1140587041,2182.84,1686.1,,,,,,,,,,
train1__val_mean_dna_prot_nt_v1_500m_esm2_650m_Hybrid_CrossAttn_XGBoost__Train1Val_UniProt,231.7932,10.34,1140587041,2182.84,1686.1,,,,,,,,,,
train1__val_mean_dna_prot_nt_v1_500m_esm2_650m_Hybrid_CrossAttn_XGBoost__Train1Val_ProteinGym,231.7932,10.35,1140587041,2182.84,1686.1,,,,,,,,,,
train1__val_mean_dna_prot_nt_v1_500m_esm2_650m_Hybrid_Transformer_XGBoost__Train1Val_Test,231.8016,10.01,1141639201,2186.85,1686.1,,,,,,,,,,
train1__val_mean_dna_prot_nt_v1_500m_esm2_650m_Hybrid_Transformer_XGBoost__Train1Val_ClinVarHQ,231.8016,10.36,1141639201,2186.85,1686.1,,,,,,,,,,
train1__val_mean_dna_prot_nt_v1_500m_esm2_650m_Hybrid_Transformer_XGBoost__Train1Val_UniProt,231.8016,10.34,1141639201,2186.85,1686.1,,,,,,,,,,
train1__val_mean_dna_prot_nt_v1_500m_esm2_650m_Hybrid_Transformer_XGBoost__Train1Val_ProteinGym,231.8016,10.35,1141639201,2186.85,1686.1,,,,,,,,,,
train1__val_mean_dna_prot_nt_v1_500m_esm2_650m_Hybrid_Gating_XGBoost__Train1Val_Test,231.7938,10.01,1138812961,2176.07,1686.1,,,,,,,,,,
train1__val_mean_dna_prot_nt_v1_500m_esm2_650m_Hybrid_Gating_XGBoost__Train1Val_ClinVarHQ,231.7938,10.37,1138812961,2176.07,1686.1,,,,,,,,,,
train1__val_mean_dna_prot_nt_v1_500m_esm2_650m_Hybrid_Gating_XGBoost__Train1Val_UniProt,231.7938,10.34,1138812961,2176.07,1686.1,,,,,,,,,,
train1__val_mean_dna_prot_nt_v1_500m_esm2_650m_Hybrid_Gating_XGBoost__Train1Val_ProteinGym,231.7938,10.35,1138812961,2176.07,1686.1,,,,,,,,,,
train1__val_mean_dna_prot_nt_v1_500m_esmc_600m_PyTorch_Concat__Train1Val_Test,216.1122,8.55,1062413995,2029.6,1656.34,,,,,,,,,,
train1__val_mean_dna_prot_nt_v1_500m_esmc_600m_PyTorch_Concat__Train1Val_ClinVarHQ,216.1122,8.98,1062413995,2029.6,1656.34,,,,,,,,,,
train1__val_mean_dna_prot_nt_v1_500m_esmc_600m_PyTorch_Concat__Train1Val_UniProt,216.1122,8.89,1062413995,2029.6,1656.34,,,,,,,,,,
train1__val_mean_dna_prot_nt_v1_500m_esmc_600m_PyTorch_Concat__Train1Val_ProteinGym,216.1122,8.91,1062413995,2029.6,1656.34,,,,,,,,,,
train1__val_mean_dna_prot_nt_v1_500m_esmc_600m_PyTorch_CrossAttn__Train1Val_Test,216.1122,8.56,1064515243,2037.62,1656.34,,,,,,,,,,
train1__val_mean_dna_prot_nt_v1_500m_esmc_600m_PyTorch_CrossAttn__Train1Val_ClinVarHQ,216.1122,8.99,1064515243,2037.62,1656.34,,,,,,,,,,
train1__val_mean_dna_prot_nt_v1_500m_esmc_600m_PyTorch_CrossAttn__Train1Val_UniProt,216.1122,8.9,1064515243,2037.62,1656.34,,,,,,,,,,
train1__val_mean_dna_prot_nt_v1_500m_esmc_600m_PyTorch_CrossAttn__Train1Val_ProteinGym,216.1122,8.92,1064515243,2037.62,1656.34,,,,,,,,,,
train1__val_mean_dna_prot_nt_v1_500m_esmc_600m_PyTorch_Transformer__Train1Val_Test,216.1206,8.56,1065567403,2041.63,1656.34,,,,,,,,,,
train1__val_mean_dna_prot_nt_v1_500m_esmc_600m_PyTorch_Transformer__Train1Val_ClinVarHQ,216.1206,9.0,1065567403,2041.63,1656.34,,,,,,,,,,
train1__val_mean_dna_prot_nt_v1_500m_esmc_600m_PyTorch_Transformer__Train1Val_UniProt,216.1206,8.91,1065567403,2041.63,1656.34,,,,,,,,,,
train1__val_mean_dna_prot_nt_v1_500m_esmc_600m_PyTorch_Transformer__Train1Val_ProteinGym,216.1206,8.93,1065567403,2041.63,1656.34,,,,,,,,,,
train1__val_mean_dna_prot_nt_v1_500m_esmc_600m_PyTorch_Gating__Train1Val_Test,216.1128,8.55,1062741163,2030.85,1656.34,,,,,,,,,,
train1__val_mean_dna_prot_nt_v1_500m_esmc_600m_PyTorch_Gating__Train1Val_ClinVarHQ,216.1128,8.98,1062741163,2030.85,1656.34,,,,,,,,,,
train1__val_mean_dna_prot_nt_v1_500m_esmc_600m_PyTorch_Gating__Train1Val_UniProt,216.1128,8.89,1062741163,2030.85,1656.34,,,,,,,,,,
train1__val_mean_dna_prot_nt_v1_500m_esmc_600m_PyTorch_Gating__Train1Val_ProteinGym,216.1128,8.91,1062741163,2030.85,1656.34,,,,,,,,,,
train1__val_mean_dna_prot_nt_v1_500m_esmc_600m_Pure_XGBoost_Concat__Train1Val_Test,216.1122,8.55,1062413995,2029.6,1656.34,,,,,,,,,,
train1__val_mean_dna_prot_nt_v1_500m_esmc_600m_Pure_XGBoost_Concat__Train1Val_ClinVarHQ,216.1122,8.98,1062413995,2029.6,1656.34,,,,,,,,,,
train1__val_mean_dna_prot_nt_v1_500m_esmc_600m_Pure_XGBoost_Concat__Train1Val_UniProt,216.1122,8.89,1062413995,2029.6,1656.34,,,,,,,,,,
train1__val_mean_dna_prot_nt_v1_500m_esmc_600m_Pure_XGBoost_Concat__Train1Val_ProteinGym,216.1122,8.91,1062413995,2029.6,1656.34,,,,,,,,,,
train1__val_mean_dna_prot_nt_v1_500m_esmc_600m_Hybrid_Concat_XGBoost__Train1Val_Test,216.1122,8.54,1062413995,2029.6,1656.34,,,,,,,,,,
train1__val_mean_dna_prot_nt_v1_500m_esmc_600m_Hybrid_Concat_XGBoost__Train1Val_ClinVarHQ,216.1122,8.97,1062413995,2029.6,1656.34,,,,,,,,,,
train1__val_mean_dna_prot_nt_v1_500m_esmc_600m_Hybrid_Concat_XGBoost__Train1Val_UniProt,216.1122,8.88,1062413995,2029.6,1656.34,,,,,,,,,,
train1__val_mean_dna_prot_nt_v1_500m_esmc_600m_Hybrid_Concat_XGBoost__Train1Val_ProteinGym,216.1122,8.9,1062413995,2029.6,1656.34,,,,,,,,,,
train1__val_mean_dna_prot_nt_v1_500m_esmc_600m_Hybrid_CrossAttn_XGBoost__Train1Val_Test,216.1122,8.54,1064515243,2037.62,1656.34,,,,,,,,,,
train1__val_mean_dna_prot_nt_v1_500m_esmc_600m_Hybrid_CrossAttn_XGBoost__Train1Val_ClinVarHQ,216.1122,8.97,1064515243,2037.62,1656.34,,,,,,,,,,
train1__val_mean_dna_prot_nt_v1_500m_esmc_600m_Hybrid_CrossAttn_XGBoost__Train1Val_UniProt,216.1122,8.88,1064515243,2037.62,1656.34,,,,,,,,,,
train1__val_mean_dna_prot_nt_v1_500m_esmc_600m_Hybrid_CrossAttn_XGBoost__Train1Val_ProteinGym,216.1122,8.91,1064515243,2037.62,1656.34,,,,,,,,,,
train1__val_mean_dna_prot_nt_v1_500m_esmc_600m_Hybrid_Transformer_XGBoost__Train1Val_Test,216.1206,8.54,1065567403,2041.63,1656.34,,,,,,,,,,
train1__val_mean_dna_prot_nt_v1_500m_esmc_600m_Hybrid_Transformer_XGBoost__Train1Val_ClinVarHQ,216.1206,8.97,1065567403,2041.63,1656.34,,,,,,,,,,
train1__val_mean_dna_prot_nt_v1_500m_esmc_600m_Hybrid_Transformer_XGBoost__Train1Val_UniProt,216.1206,8.88,1065567403,2041.63,1656.34,,,,,,,,,,
train1__val_mean_dna_prot_nt_v1_500m_esmc_600m_Hybrid_Transformer_XGBoost__Train1Val_ProteinGym,216.1206,8.9,1065567403,2041.63,1656.34,,,,,,,,,,
train1__val_mean_dna_prot_nt_v1_500m_esmc_600m_Hybrid_Gating_XGBoost__Train1Val_Test,216.1128,8.54,1062741163,2030.85,1656.34,,,,,,,,,,
train1__val_mean_dna_prot_nt_v1_500m_esmc_600m_Hybrid_Gating_XGBoost__Train1Val_ClinVarHQ,216.1128,8.97,1062741163,2030.85,1656.34,,,,,,,,,,
train1__val_mean_dna_prot_nt_v1_500m_esmc_600m_Hybrid_Gating_XGBoost__Train1Val_UniProt,216.1128,8.88,1062741163,2030.85,1656.34,,,,,,,,,,
train1__val_mean_dna_prot_nt_v1_500m_esmc_600m_Hybrid_Gating_XGBoost__Train1Val_ProteinGym,216.1128,8.9,1062741163,2030.85,1656.34,,,,,,,,,,
train1__val_mean_dna_prot_nt_v3_650m_esm1b_650m_PyTorch_Concat__Train1Val_Test,211.0135,12.38,1306062834,3737.96,3643.92,,,,,,,,,,
train1__val_mean_dna_prot_nt_v3_650m_esm1b_650m_PyTorch_Concat__Train1Val_ClinVarHQ,211.0135,12.62,1306062834,3737.96,3643.92,,,,,,,,,,
train1__val_mean_dna_prot_nt_v3_650m_esm1b_650m_PyTorch_Concat__Train1Val_UniProt,211.0135,12.62,1306062834,3737.96,3643.92,,,,,,,,,,
train1__val_mean_dna_prot_nt_v3_650m_esm1b_650m_PyTorch_Concat__Train1Val_ProteinGym,211.0135,12.49,1306062834,3737.96,3643.92,,,,,,,,,,
train1__val_mean_dna_prot_nt_v3_650m_esm1b_650m_PyTorch_CrossAttn__Train1Val_Test,211.0135,12.39,1308164082,3745.98,3643.92,,,,,,,,,,
train1__val_mean_dna_prot_nt_v3_650m_esm1b_650m_PyTorch_CrossAttn__Train1Val_ClinVarHQ,211.0135,12.63,1308164082,3745.98,3643.92,,,,,,,,,,
train1__val_mean_dna_prot_nt_v3_650m_esm1b_650m_PyTorch_CrossAttn__Train1Val_UniProt,211.0135,12.63,1308164082,3745.98,3643.92,,,,,,,,,,
train1__val_mean_dna_prot_nt_v3_650m_esm1b_650m_PyTorch_CrossAttn__Train1Val_ProteinGym,211.0135,12.5,1308164082,3745.98,3643.92,,,,,,,,,,
train1__val_mean_dna_prot_nt_v3_650m_esm1b_650m_PyTorch_Transformer__Train1Val_Test,211.0219,12.39,1309216242,3749.99,3643.92,,,,,,,,,,
train1__val_mean_dna_prot_nt_v3_650m_esm1b_650m_PyTorch_Transformer__Train1Val_ClinVarHQ,211.0219,12.64,1309216242,3749.99,3643.92,,,,,,,,,,
train1__val_mean_dna_prot_nt_v3_650m_esm1b_650m_PyTorch_Transformer__Train1Val_UniProt,211.0219,12.64,1309216242,3749.99,3643.92,,,,,,,,,,
train1__val_mean_dna_prot_nt_v3_650m_esm1b_650m_PyTorch_Transformer__Train1Val_ProteinGym,211.0219,12.51,1309216242,3749.99,3643.92,,,,,,,,,,
train1__val_mean_dna_prot_nt_v3_650m_esm1b_650m_PyTorch_Gating__Train1Val_Test,211.0141,12.38,1306390002,3739.21,3643.92,,,,,,,,,,
train1__val_mean_dna_prot_nt_v3_650m_esm1b_650m_PyTorch_Gating__Train1Val_ClinVarHQ,211.0141,12.62,1306390002,3739.21,3643.92,,,,,,,,,,
train1__val_mean_dna_prot_nt_v3_650m_esm1b_650m_PyTorch_Gating__Train1Val_UniProt,211.0141,12.62,1306390002,3739.21,3643.92,,,,,,,,,,
train1__val_mean_dna_prot_nt_v3_650m_esm1b_650m_PyTorch_Gating__Train1Val_ProteinGym,211.0141,12.49,1306390002,3739.21,3643.92,,,,,,,,,,
train1__val_mean_dna_prot_nt_v3_650m_esm1b_650m_Pure_XGBoost_Concat__Train1Val_Test,211.0135,12.38,1306062834,3737.96,3643.92,,,,,,,,,,
train1__val_mean_dna_prot_nt_v3_650m_esm1b_650m_Pure_XGBoost_Concat__Train1Val_ClinVarHQ,211.0135,12.62,1306062834,3737.96,3643.92,,,,,,,,,,
train1__val_mean_dna_prot_nt_v3_650m_esm1b_650m_Pure_XGBoost_Concat__Train1Val_UniProt,211.0135,12.62,1306062834,3737.96,3643.92,,,,,,,,,,
train1__val_mean_dna_prot_nt_v3_650m_esm1b_650m_Pure_XGBoost_Concat__Train1Val_ProteinGym,211.0135,12.49,1306062834,3737.96,3643.92,,,,,,,,,,
train1__val_mean_dna_prot_nt_v3_650m_esm1b_650m_Hybrid_Concat_XGBoost__Train1Val_Test,211.0135,12.37,1306062834,3737.96,3643.92,,,,,,,,,,
train1__val_mean_dna_prot_nt_v3_650m_esm1b_650m_Hybrid_Concat_XGBoost__Train1Val_ClinVarHQ,211.0135,12.62,1306062834,3737.96,3643.92,,,,,,,,,,
train1__val_mean_dna_prot_nt_v3_650m_esm1b_650m_Hybrid_Concat_XGBoost__Train1Val_UniProt,211.0135,12.61,1306062834,3737.96,3643.92,,,,,,,,,,
train1__val_mean_dna_prot_nt_v3_650m_esm1b_650m_Hybrid_Concat_XGBoost__Train1Val_ProteinGym,211.0135,12.48,1306062834,3737.96,3643.92,,,,,,,,,,
train1__val_mean_dna_prot_nt_v3_650m_esm1b_650m_Hybrid_CrossAttn_XGBoost__Train1Val_Test,211.0135,12.37,1308164082,3745.98,3643.92,,,,,,,,,,
train1__val_mean_dna_prot_nt_v3_650m_esm1b_650m_Hybrid_CrossAttn_XGBoost__Train1Val_ClinVarHQ,211.0135,12.61,1308164082,3745.98,3643.92,,,,,,,,,,
train1__val_mean_dna_prot_nt_v3_650m_esm1b_650m_Hybrid_CrossAttn_XGBoost__Train1Val_UniProt,211.0135,12.61,1308164082,3745.98,3643.92,,,,,,,,,,
train1__val_mean_dna_prot_nt_v3_650m_esm1b_650m_Hybrid_CrossAttn_XGBoost__Train1Val_ProteinGym,211.0135,12.48,1308164082,3745.98,3643.92,,,,,,,,,,
train1__val_mean_dna_prot_nt_v3_650m_esm1b_650m_Hybrid_Transformer_XGBoost__Train1Val_Test,211.0219,12.37,1309216242,3749.99,3643.92,,,,,,,,,,
train1__val_mean_dna_prot_nt_v3_650m_esm1b_650m_Hybrid_Transformer_XGBoost__Train1Val_ClinVarHQ,211.0219,12.62,1309216242,3749.99,3643.92,,,,,,,,,,
train1__val_mean_dna_prot_nt_v3_650m_esm1b_650m_Hybrid_Transformer_XGBoost__Train1Val_UniProt,211.0219,12.61,1309216242,3749.99,3643.92,,,,,,,,,,
train1__val_mean_dna_prot_nt_v3_650m_esm1b_650m_Hybrid_Transformer_XGBoost__Train1Val_ProteinGym,211.0219,12.48,1309216242,3749.99,3643.92,,,,,,,,,,
train1__val_mean_dna_prot_nt_v3_650m_esm1b_650m_Hybrid_Gating_XGBoost__Train1Val_Test,211.0141,12.37,1306390002,3739.21,3643.92,,,,,,,,,,
train1__val_mean_dna_prot_nt_v3_650m_esm1b_650m_Hybrid_Gating_XGBoost__Train1Val_ClinVarHQ,211.0141,12.62,1306390002,3739.21,3643.92,,,,,,,,,,
train1__val_mean_dna_prot_nt_v3_650m_esm1b_650m_Hybrid_Gating_XGBoost__Train1Val_UniProt,211.0141,12.61,1306390002,3739.21,3643.92,,,,,,,,,,
train1__val_mean_dna_prot_nt_v3_650m_esm1b_650m_Hybrid_Gating_XGBoost__Train1Val_ProteinGym,211.0141,12.48,1306390002,3739.21,3643.92,,,,,,,,,,
train1__val_mean_dna_prot_nt_v3_650m_esm2_650m_PyTorch_Concat__Train1Val_Test,211.0125,13.05,1304746994,3735.45,3643.92,,,,,,,,,,
train1__val_mean_dna_prot_nt_v3_650m_esm2_650m_PyTorch_Concat__Train1Val_ClinVarHQ,211.0125,13.13,1304746994,3735.45,3643.92,,,,,,,,,,
train1__val_mean_dna_prot_nt_v3_650m_esm2_650m_PyTorch_Concat__Train1Val_UniProt,211.0125,13.12,1304746994,3735.45,3643.92,,,,,,,,,,
train1__val_mean_dna_prot_nt_v3_650m_esm2_650m_PyTorch_Concat__Train1Val_ProteinGym,211.0125,12.97,1304746994,3735.45,3643.92,,,,,,,,,,
train1__val_mean_dna_prot_nt_v3_650m_esm2_650m_PyTorch_CrossAttn__Train1Val_Test,211.0125,13.07,1306848242,3743.47,3643.92,,,,,,,,,,
train1__val_mean_dna_prot_nt_v3_650m_esm2_650m_PyTorch_CrossAttn__Train1Val_ClinVarHQ,211.0125,13.14,1306848242,3743.47,3643.92,,,,,,,,,,
train1__val_mean_dna_prot_nt_v3_650m_esm2_650m_PyTorch_CrossAttn__Train1Val_UniProt,211.0125,13.13,1306848242,3743.47,3643.92,,,,,,,,,,
train1__val_mean_dna_prot_nt_v3_650m_esm2_650m_PyTorch_CrossAttn__Train1Val_ProteinGym,211.0125,12.98,1306848242,3743.47,3643.92,,,,,,,,,,
train1__val_mean_dna_prot_nt_v3_650m_esm2_650m_PyTorch_Transformer__Train1Val_Test,211.0209,13.07,1307900402,3747.48,3643.92,,,,,,,,,,
train1__val_mean_dna_prot_nt_v3_650m_esm2_650m_PyTorch_Transformer__Train1Val_ClinVarHQ,211.0209,13.15,1307900402,3747.48,3643.92,,,,,,,,,,
train1__val_mean_dna_prot_nt_v3_650m_esm2_650m_PyTorch_Transformer__Train1Val_UniProt,211.0209,13.14,1307900402,3747.48,3643.92,,,,,,,,,,
train1__val_mean_dna_prot_nt_v3_650m_esm2_650m_PyTorch_Transformer__Train1Val_ProteinGym,211.0209,12.98,1307900402,3747.48,3643.92,,,,,,,,,,
train1__val_mean_dna_prot_nt_v3_650m_esm2_650m_PyTorch_Gating__Train1Val_Test,211.0131,13.05,1305074162,3736.7,3643.92,,,,,,,,,,
train1__val_mean_dna_prot_nt_v3_650m_esm2_650m_PyTorch_Gating__Train1Val_ClinVarHQ,211.0131,13.13,1305074162,3736.7,3643.92,,,,,,,,,,
train1__val_mean_dna_prot_nt_v3_650m_esm2_650m_PyTorch_Gating__Train1Val_UniProt,211.0131,13.12,1305074162,3736.7,3643.92,,,,,,,,,,
train1__val_mean_dna_prot_nt_v3_650m_esm2_650m_PyTorch_Gating__Train1Val_ProteinGym,211.0131,12.97,1305074162,3736.7,3643.92,,,,,,,,,,
train1__val_mean_dna_prot_nt_v3_650m_esm2_650m_Pure_XGBoost_Concat__Train1Val_Test,211.0125,13.05,1304746994,3735.45,3643.92,,,,,,,,,,
train1__val_mean_dna_prot_nt_v3_650m_esm2_650m_Pure_XGBoost_Concat__Train1Val_ClinVarHQ,211.0125,13.13,1304746994,3735.45,3643.92,,,,,,,,,,
train1__val_mean_dna_prot_nt_v3_650m_esm2_650m_Pure_XGBoost_Concat__Train1Val_UniProt,211.0125,13.12,1304746994,3735.45,3643.92,,,,,,,,,,
train1__val_mean_dna_prot_nt_v3_650m_esm2_650m_Pure_XGBoost_Concat__Train1Val_ProteinGym,211.0125,12.97,1304746994,3735.45,3643.92,,,,,,,,,,
train1__val_mean_dna_prot_nt_v3_650m_esm2_650m_Hybrid_Concat_XGBoost__Train1Val_Test,211.0125,13.04,1304746994,3735.45,3643.92,,,,,,,,,,
train1__val_mean_dna_prot_nt_v3_650m_esm2_650m_Hybrid_Concat_XGBoost__Train1Val_ClinVarHQ,211.0125,13.12,1304746994,3735.45,3643.92,,,,,,,,,,
train1__val_mean_dna_prot_nt_v3_650m_esm2_650m_Hybrid_Concat_XGBoost__Train1Val_UniProt,211.0125,13.11,1304746994,3735.45,3643.92,,,,,,,,,,
train1__val_mean_dna_prot_nt_v3_650m_esm2_650m_Hybrid_Concat_XGBoost__Train1Val_ProteinGym,211.0125,12.96,1304746994,3735.45,3643.92,,,,,,,,,,
train1__val_mean_dna_prot_nt_v3_650m_esm2_650m_Hybrid_CrossAttn_XGBoost__Train1Val_Test,211.0125,13.04,1306848242,3743.47,3643.92,,,,,,,,,,
train1__val_mean_dna_prot_nt_v3_650m_esm2_650m_Hybrid_CrossAttn_XGBoost__Train1Val_ClinVarHQ,211.0125,13.13,1306848242,3743.47,3643.92,,,,,,,,,,
train1__val_mean_dna_prot_nt_v3_650m_esm2_650m_Hybrid_CrossAttn_XGBoost__Train1Val_UniProt,211.0125,13.11,1306848242,3743.47,3643.92,,,,,,,,,,
train1__val_mean_dna_prot_nt_v3_650m_esm2_650m_Hybrid_CrossAttn_XGBoost__Train1Val_ProteinGym,211.0125,12.96,1306848242,3743.47,3643.92,,,,,,,,,,
train1__val_mean_dna_prot_nt_v3_650m_esm2_650m_Hybrid_Transformer_XGBoost__Train1Val_Test,211.0209,13.05,1307900402,3747.48,3643.92,,,,,,,,,,
train1__val_mean_dna_prot_nt_v3_650m_esm2_650m_Hybrid_Transformer_XGBoost__Train1Val_ClinVarHQ,211.0209,13.13,1307900402,3747.48,3643.92,,,,,,,,,,
train1__val_mean_dna_prot_nt_v3_650m_esm2_650m_Hybrid_Transformer_XGBoost__Train1Val_UniProt,211.0209,13.11,1307900402,3747.48,3643.92,,,,,,,,,,
train1__val_mean_dna_prot_nt_v3_650m_esm2_650m_Hybrid_Transformer_XGBoost__Train1Val_ProteinGym,211.0209,12.96,1307900402,3747.48,3643.92,,,,,,,,,,
train1__val_mean_dna_prot_nt_v3_650m_esm2_650m_Hybrid_Gating_XGBoost__Train1Val_Test,211.0131,13.04,1305074162,3736.7,3643.92,,,,,,,,,,
train1__val_mean_dna_prot_nt_v3_650m_esm2_650m_Hybrid_Gating_XGBoost__Train1Val_ClinVarHQ,211.0131,13.13,1305074162,3736.7,3643.92,,,,,,,,,,
train1__val_mean_dna_prot_nt_v3_650m_esm2_650m_Hybrid_Gating_XGBoost__Train1Val_UniProt,211.0131,13.11,1305074162,3736.7,3643.92,,,,,,,,,,
train1__val_mean_dna_prot_nt_v3_650m_esm2_650m_Hybrid_Gating_XGBoost__Train1Val_ProteinGym,211.0131,12.96,1305074162,3736.7,3643.92,,,,,,,,,,
train1__val_mean_dna_prot_nt_v3_650m_esmc_600m_PyTorch_Concat__Train1Val_Test,195.3314,11.58,1228675196,3590.23,3643.92,,,,,,,,,,
train1__val_mean_dna_prot_nt_v3_650m_esmc_600m_PyTorch_Concat__Train1Val_ClinVarHQ,195.3314,11.74,1228675196,3590.23,3643.92,,,,,,,,,,
train1__val_mean_dna_prot_nt_v3_650m_esmc_600m_PyTorch_Concat__Train1Val_UniProt,195.3314,11.66,1228675196,3590.23,3643.92,,,,,,,,,,
train1__val_mean_dna_prot_nt_v3_650m_esmc_600m_PyTorch_Concat__Train1Val_ProteinGym,195.3314,11.52,1228675196,3590.23,3643.92,,,,,,,,,,
train1__val_mean_dna_prot_nt_v3_650m_esmc_600m_PyTorch_CrossAttn__Train1Val_Test,195.3314,11.59,1230776444,3598.25,3643.92,,,,,,,,,,
train1__val_mean_dna_prot_nt_v3_650m_esmc_600m_PyTorch_CrossAttn__Train1Val_ClinVarHQ,195.3314,11.75,1230776444,3598.25,3643.92,,,,,,,,,,
train1__val_mean_dna_prot_nt_v3_650m_esmc_600m_PyTorch_CrossAttn__Train1Val_UniProt,195.3314,11.67,1230776444,3598.25,3643.92,,,,,,,,,,
train1__val_mean_dna_prot_nt_v3_650m_esmc_600m_PyTorch_CrossAttn__Train1Val_ProteinGym,195.3314,11.53,1230776444,3598.25,3643.92,,,,,,,,,,
train1__val_mean_dna_prot_nt_v3_650m_esmc_600m_PyTorch_Transformer__Train1Val_Test,195.3398,11.6,1231828604,3602.26,3643.92,,,,,,,,,,
train1__val_mean_dna_prot_nt_v3_650m_esmc_600m_PyTorch_Transformer__Train1Val_ClinVarHQ,195.3398,11.76,1231828604,3602.26,3643.92,,,,,,,,,,
train1__val_mean_dna_prot_nt_v3_650m_esmc_600m_PyTorch_Transformer__Train1Val_UniProt,195.3398,11.68,1231828604,3602.26,3643.92,,,,,,,,,,
train1__val_mean_dna_prot_nt_v3_650m_esmc_600m_PyTorch_Transformer__Train1Val_ProteinGym,195.3398,11.54,1231828604,3602.26,3643.92,,,,,,,,,,
train1__val_mean_dna_prot_nt_v3_650m_esmc_600m_PyTorch_Gating__Train1Val_Test,195.3321,11.58,1229002364,3591.48,3643.92,,,,,,,,,,
train1__val_mean_dna_prot_nt_v3_650m_esmc_600m_PyTorch_Gating__Train1Val_ClinVarHQ,195.3321,11.74,1229002364,3591.48,3643.92,,,,,,,,,,
train1__val_mean_dna_prot_nt_v3_650m_esmc_600m_PyTorch_Gating__Train1Val_UniProt,195.3321,11.66,1229002364,3591.48,3643.92,,,,,,,,,,
train1__val_mean_dna_prot_nt_v3_650m_esmc_600m_PyTorch_Gating__Train1Val_ProteinGym,195.3321,11.52,1229002364,3591.48,3643.92,,,,,,,,,,
train1__val_mean_dna_prot_nt_v3_650m_esmc_600m_Pure_XGBoost_Concat__Train1Val_Test,195.3314,11.58,1228675196,3590.23,3643.92,,,,,,,,,,
train1__val_mean_dna_prot_nt_v3_650m_esmc_600m_Pure_XGBoost_Concat__Train1Val_ClinVarHQ,195.3314,11.74,1228675196,3590.23,3643.92,,,,,,,,,,
train1__val_mean_dna_prot_nt_v3_650m_esmc_600m_Pure_XGBoost_Concat__Train1Val_UniProt,195.3314,11.66,1228675196,3590.23,3643.92,,,,,,,,,,
train1__val_mean_dna_prot_nt_v3_650m_esmc_600m_Pure_XGBoost_Concat__Train1Val_ProteinGym,195.3314,11.52,1228675196,3590.23,3643.92,,,,,,,,,,
train1__val_mean_dna_prot_nt_v3_650m_esmc_600m_Hybrid_Concat_XGBoost__Train1Val_Test,195.3314,11.57,1228675196,3590.23,3643.92,,,,,,,,,,
train1__val_mean_dna_prot_nt_v3_650m_esmc_600m_Hybrid_Concat_XGBoost__Train1Val_ClinVarHQ,195.3314,11.73,1228675196,3590.23,3643.92,,,,,,,,,,
train1__val_mean_dna_prot_nt_v3_650m_esmc_600m_Hybrid_Concat_XGBoost__Train1Val_UniProt,195.3314,11.65,1228675196,3590.23,3643.92,,,,,,,,,,
train1__val_mean_dna_prot_nt_v3_650m_esmc_600m_Hybrid_Concat_XGBoost__Train1Val_ProteinGym,195.3314,11.51,1228675196,3590.23,3643.92,,,,,,,,,,
train1__val_mean_dna_prot_nt_v3_650m_esmc_600m_Hybrid_CrossAttn_XGBoost__Train1Val_Test,195.3314,11.57,1230776444,3598.25,3643.92,,,,,,,,,,
train1__val_mean_dna_prot_nt_v3_650m_esmc_600m_Hybrid_CrossAttn_XGBoost__Train1Val_ClinVarHQ,195.3314,11.74,1230776444,3598.25,3643.92,,,,,,,,,,
train1__val_mean_dna_prot_nt_v3_650m_esmc_600m_Hybrid_CrossAttn_XGBoost__Train1Val_UniProt,195.3314,11.65,1230776444,3598.25,3643.92,,,,,,,,,,
train1__val_mean_dna_prot_nt_v3_650m_esmc_600m_Hybrid_CrossAttn_XGBoost__Train1Val_ProteinGym,195.3314,11.51,1230776444,3598.25,3643.92,,,,,,,,,,
train1__val_mean_dna_prot_nt_v3_650m_esmc_600m_Hybrid_Transformer_XGBoost__Train1Val_Test,195.3398,11.57,1231828604,3602.26,3643.92,,,,,,,,,,
train1__val_mean_dna_prot_nt_v3_650m_esmc_600m_Hybrid_Transformer_XGBoost__Train1Val_ClinVarHQ,195.3398,11.74,1231828604,3602.26,3643.92,,,,,,,,,,
train1__val_mean_dna_prot_nt_v3_650m_esmc_600m_Hybrid_Transformer_XGBoost__Train1Val_UniProt,195.3398,11.65,1231828604,3602.26,3643.92,,,,,,,,,,
train1__val_mean_dna_prot_nt_v3_650m_esmc_600m_Hybrid_Transformer_XGBoost__Train1Val_ProteinGym,195.3398,11.51,1231828604,3602.26,3643.92,,,,,,,,,,
train1__val_mean_dna_prot_nt_v3_650m_esmc_600m_Hybrid_Gating_XGBoost__Train1Val_Test,195.3321,11.57,1229002364,3591.48,3643.92,,,,,,,,,,
train1__val_mean_dna_prot_nt_v3_650m_esmc_600m_Hybrid_Gating_XGBoost__Train1Val_ClinVarHQ,195.3321,11.74,1229002364,3591.48,3643.92,,,,,,,,,,
train1__val_mean_dna_prot_nt_v3_650m_esmc_600m_Hybrid_Gating_XGBoost__Train1Val_UniProt,195.3321,11.65,1229002364,3591.48,3643.92,,,,,,,,,,
train1__val_mean_dna_prot_nt_v3_650m_esmc_600m_Hybrid_Gating_XGBoost__Train1Val_ProteinGym,195.3321,11.51,1229002364,3591.48,3643.92,,,,,,,,,,
train1__val_mean_dna_prot_nt_v2_500m_esm1b_650m_PyTorch_Concat__Train1Val_Test,234.4523,10.06,1152316691,2200.95,1961.98,,,,,,,,,,
train1__val_mean_dna_prot_nt_v2_500m_esm1b_650m_PyTorch_Concat__Train1Val_ClinVarHQ,234.4523,10.35,1152316691,2200.95,1961.98,,,,,,,,,,
train1__val_mean_dna_prot_nt_v2_500m_esm1b_650m_PyTorch_Concat__Train1Val_UniProt,234.4523,10.37,1152316691,2200.95,1961.98,,,,,,,,,,
train1__val_mean_dna_prot_nt_v2_500m_esm1b_650m_PyTorch_Concat__Train1Val_ProteinGym,234.4523,10.39,1152316691,2200.95,1961.98,,,,,,,,,,
train1__val_mean_dna_prot_nt_v2_500m_esm1b_650m_PyTorch_CrossAttn__Train1Val_Test,234.4523,10.07,1154417939,2208.97,1961.98,,,,,,,,,,
train1__val_mean_dna_prot_nt_v2_500m_esm1b_650m_PyTorch_CrossAttn__Train1Val_ClinVarHQ,234.4523,10.36,1154417939,2208.97,1961.98,,,,,,,,,,
train1__val_mean_dna_prot_nt_v2_500m_esm1b_650m_PyTorch_CrossAttn__Train1Val_UniProt,234.4523,10.38,1154417939,2208.97,1961.98,,,,,,,,,,
train1__val_mean_dna_prot_nt_v2_500m_esm1b_650m_PyTorch_CrossAttn__Train1Val_ProteinGym,234.4523,10.4,1154417939,2208.97,1961.98,,,,,,,,,,
train1__val_mean_dna_prot_nt_v2_500m_esm1b_650m_PyTorch_Transformer__Train1Val_Test,234.4607,10.08,1155470099,2212.98,1961.98,,,,,,,,,,
train1__val_mean_dna_prot_nt_v2_500m_esm1b_650m_PyTorch_Transformer__Train1Val_ClinVarHQ,234.4607,10.37,1155470099,2212.98,1961.98,,,,,,,,,,
train1__val_mean_dna_prot_nt_v2_500m_esm1b_650m_PyTorch_Transformer__Train1Val_UniProt,234.4607,10.39,1155470099,2212.98,1961.98,,,,,,,,,,
train1__val_mean_dna_prot_nt_v2_500m_esm1b_650m_PyTorch_Transformer__Train1Val_ProteinGym,234.4607,10.41,1155470099,2212.98,1961.98,,,,,,,,,,
train1__val_mean_dna_prot_nt_v2_500m_esm1b_650m_PyTorch_Gating__Train1Val_Test,234.453,10.06,1152643859,2202.2,1961.98,,,,,,,,,,
train1__val_mean_dna_prot_nt_v2_500m_esm1b_650m_PyTorch_Gating__Train1Val_ClinVarHQ,234.453,10.35,1152643859,2202.2,1961.98,,,,,,,,,,
train1__val_mean_dna_prot_nt_v2_500m_esm1b_650m_PyTorch_Gating__Train1Val_UniProt,234.453,10.37,1152643859,2202.2,1961.98,,,,,,,,,,
train1__val_mean_dna_prot_nt_v2_500m_esm1b_650m_PyTorch_Gating__Train1Val_ProteinGym,234.453,10.39,1152643859,2202.2,1961.98,,,,,,,,,,
train1__val_mean_dna_prot_nt_v2_500m_esm1b_650m_Pure_XGBoost_Concat__Train1Val_Test,234.4523,10.06,1152316691,2200.95,1961.98,,,,,,,,,,
train1__val_mean_dna_prot_nt_v2_500m_esm1b_650m_Pure_XGBoost_Concat__Train1Val_ClinVarHQ,234.4523,10.35,1152316691,2200.95,1961.98,,,,,,,,,,
train1__val_mean_dna_prot_nt_v2_500m_esm1b_650m_Pure_XGBoost_Concat__Train1Val_UniProt,234.4523,10.37,1152316691,2200.95,1961.98,,,,,,,,,,
train1__val_mean_dna_prot_nt_v2_500m_esm1b_650m_Pure_XGBoost_Concat__Train1Val_ProteinGym,234.4523,10.39,1152316691,2200.95,1961.98,,,,,,,,,,
train1__val_mean_dna_prot_nt_v2_500m_esm1b_650m_Hybrid_Concat_XGBoost__Train1Val_Test,234.4523,10.05,1152316691,2200.95,1961.98,,,,,,,,,,
train1__val_mean_dna_prot_nt_v2_500m_esm1b_650m_Hybrid_Concat_XGBoost__Train1Val_ClinVarHQ,234.4523,10.35,1152316691,2200.95,1961.98,,,,,,,,,,
train1__val_mean_dna_prot_nt_v2_500m_esm1b_650m_Hybrid_Concat_XGBoost__Train1Val_UniProt,234.4523,10.36,1152316691,2200.95,1961.98,,,,,,,,,,
train1__val_mean_dna_prot_nt_v2_500m_esm1b_650m_Hybrid_Concat_XGBoost__Train1Val_ProteinGym,234.4523,10.38,1152316691,2200.95,1961.98,,,,,,,,,,
train1__val_mean_dna_prot_nt_v2_500m_esm1b_650m_Hybrid_CrossAttn_XGBoost__Train1Val_Test,234.4523,10.05,1154417939,2208.97,1961.98,,,,,,,,,,
train1__val_mean_dna_prot_nt_v2_500m_esm1b_650m_Hybrid_CrossAttn_XGBoost__Train1Val_ClinVarHQ,234.4523,10.34,1154417939,2208.97,1961.98,,,,,,,,,,
train1__val_mean_dna_prot_nt_v2_500m_esm1b_650m_Hybrid_CrossAttn_XGBoost__Train1Val_UniProt,234.4523,10.36,1154417939,2208.97,1961.98,,,,,,,,,,
train1__val_mean_dna_prot_nt_v2_500m_esm1b_650m_Hybrid_CrossAttn_XGBoost__Train1Val_ProteinGym,234.4523,10.38,1154417939,2208.97,1961.98,,,,,,,,,,
train1__val_mean_dna_prot_nt_v2_500m_esm1b_650m_Hybrid_Transformer_XGBoost__Train1Val_Test,234.4607,10.05,1155470099,2212.98,1961.98,,,,,,,,,,
train1__val_mean_dna_prot_nt_v2_500m_esm1b_650m_Hybrid_Transformer_XGBoost__Train1Val_ClinVarHQ,234.4607,10.35,1155470099,2212.98,1961.98,,,,,,,,,,
train1__val_mean_dna_prot_nt_v2_500m_esm1b_650m_Hybrid_Transformer_XGBoost__Train1Val_UniProt,234.4607,10.36,1155470099,2212.98,1961.98,,,,,,,,,,
train1__val_mean_dna_prot_nt_v2_500m_esm1b_650m_Hybrid_Transformer_XGBoost__Train1Val_ProteinGym,234.4607,10.38,1155470099,2212.98,1961.98,,,,,,,,,,
train1__val_mean_dna_prot_nt_v2_500m_esm1b_650m_Hybrid_Gating_XGBoost__Train1Val_Test,234.453,10.05,1152643859,2202.2,1961.98,,,,,,,,,,
train1__val_mean_dna_prot_nt_v2_500m_esm1b_650m_Hybrid_Gating_XGBoost__Train1Val_ClinVarHQ,234.453,10.34,1152643859,2202.2,1961.98,,,,,,,,,,
train1__val_mean_dna_prot_nt_v2_500m_esm1b_650m_Hybrid_Gating_XGBoost__Train1Val_UniProt,234.453,10.36,1152643859,2202.2,1961.98,,,,,,,,,,
train1__val_mean_dna_prot_nt_v2_500m_esm1b_650m_Hybrid_Gating_XGBoost__Train1Val_ProteinGym,234.453,10.38,1152643859,2202.2,1961.98,,,,,,,,,,
train1__val_mean_dna_prot_nt_v2_500m_esm2_650m_PyTorch_Concat__Train1Val_Test,234.4513,10.73,1151000851,2198.44,1686.1,,,,,,,,,,
train1__val_mean_dna_prot_nt_v2_500m_esm2_650m_PyTorch_Concat__Train1Val_ClinVarHQ,234.4513,10.86,1151000851,2198.44,1686.1,,,,,,,,,,
train1__val_mean_dna_prot_nt_v2_500m_esm2_650m_PyTorch_Concat__Train1Val_UniProt,234.4513,10.87,1151000851,2198.44,1686.1,,,,,,,,,,
train1__val_mean_dna_prot_nt_v2_500m_esm2_650m_PyTorch_Concat__Train1Val_ProteinGym,234.4513,10.87,1151000851,2198.44,1686.1,,,,,,,,,,
train1__val_mean_dna_prot_nt_v2_500m_esm2_650m_PyTorch_CrossAttn__Train1Val_Test,234.4513,10.74,1153102099,2206.46,1686.1,,,,,,,,,,
train1__val_mean_dna_prot_nt_v2_500m_esm2_650m_PyTorch_CrossAttn__Train1Val_ClinVarHQ,234.4513,10.87,1153102099,2206.46,1686.1,,,,,,,,,,
train1__val_mean_dna_prot_nt_v2_500m_esm2_650m_PyTorch_CrossAttn__Train1Val_UniProt,234.4513,10.88,1153102099,2206.46,1686.1,,,,,,,,,,
train1__val_mean_dna_prot_nt_v2_500m_esm2_650m_PyTorch_CrossAttn__Train1Val_ProteinGym,234.4513,10.88,1153102099,2206.46,1686.1,,,,,,,,,,
train1__val_mean_dna_prot_nt_v2_500m_esm2_650m_PyTorch_Transformer__Train1Val_Test,234.4597,10.75,1154154259,2210.47,1686.1,,,,,,,,,,
train1__val_mean_dna_prot_nt_v2_500m_esm2_650m_PyTorch_Transformer__Train1Val_ClinVarHQ,234.4597,10.88,1154154259,2210.47,1686.1,,,,,,,,,,
train1__val_mean_dna_prot_nt_v2_500m_esm2_650m_PyTorch_Transformer__Train1Val_UniProt,234.4597,10.89,1154154259,2210.47,1686.1,,,,,,,,,,
train1__val_mean_dna_prot_nt_v2_500m_esm2_650m_PyTorch_Transformer__Train1Val_ProteinGym,234.4597,10.89,1154154259,2210.47,1686.1,,,,,,,,,,
train1__val_mean_dna_prot_nt_v2_500m_esm2_650m_PyTorch_Gating__Train1Val_Test,234.452,10.73,1151328019,2199.69,1686.1,,,,,,,,,,
train1__val_mean_dna_prot_nt_v2_500m_esm2_650m_PyTorch_Gating__Train1Val_ClinVarHQ,234.452,10.86,1151328019,2199.69,1686.1,,,,,,,,,,
train1__val_mean_dna_prot_nt_v2_500m_esm2_650m_PyTorch_Gating__Train1Val_UniProt,234.452,10.87,1151328019,2199.69,1686.1,,,,,,,,,,
train1__val_mean_dna_prot_nt_v2_500m_esm2_650m_PyTorch_Gating__Train1Val_ProteinGym,234.452,10.87,1151328019,2199.69,1686.1,,,,,,,,,,
train1__val_mean_dna_prot_nt_v2_500m_esm2_650m_Pure_XGBoost_Concat__Train1Val_Test,234.4513,10.73,1151000851,2198.44,1686.1,,,,,,,,,,
train1__val_mean_dna_prot_nt_v2_500m_esm2_650m_Pure_XGBoost_Concat__Train1Val_ClinVarHQ,234.4513,10.86,1151000851,2198.44,1686.1,,,,,,,,,,
train1__val_mean_dna_prot_nt_v2_500m_esm2_650m_Pure_XGBoost_Concat__Train1Val_UniProt,234.4513,10.87,1151000851,2198.44,1686.1,,,,,,,,,,
train1__val_mean_dna_prot_nt_v2_500m_esm2_650m_Pure_XGBoost_Concat__Train1Val_ProteinGym,234.4513,10.87,1151000851,2198.44,1686.1,,,,,,,,,,
train1__val_mean_dna_prot_nt_v2_500m_esm2_650m_Hybrid_Concat_XGBoost__Train1Val_Test,234.4513,10.72,1151000851,2198.44,1686.1,,,,,,,,,,
train1__val_mean_dna_prot_nt_v2_500m_esm2_650m_Hybrid_Concat_XGBoost__Train1Val_ClinVarHQ,234.4513,10.86,1151000851,2198.44,1686.1,,,,,,,,,,
train1__val_mean_dna_prot_nt_v2_500m_esm2_650m_Hybrid_Concat_XGBoost__Train1Val_UniProt,234.4513,10.86,1151000851,2198.44,1686.1,,,,,,,,,,
train1__val_mean_dna_prot_nt_v2_500m_esm2_650m_Hybrid_Concat_XGBoost__Train1Val_ProteinGym,234.4513,10.86,1151000851,2198.44,1686.1,,,,,,,,,,
train1__val_mean_dna_prot_nt_v2_500m_esm2_650m_Hybrid_CrossAttn_XGBoost__Train1Val_Test,234.4513,10.72,1153102099,2206.46,1686.1,,,,,,,,,,
train1__val_mean_dna_prot_nt_v2_500m_esm2_650m_Hybrid_CrossAttn_XGBoost__Train1Val_ClinVarHQ,234.4513,10.85,1153102099,2206.46,1686.1,,,,,,,,,,
train1__val_mean_dna_prot_nt_v2_500m_esm2_650m_Hybrid_CrossAttn_XGBoost__Train1Val_UniProt,234.4513,10.86,1153102099,2206.46,1686.1,,,,,,,,,,
train1__val_mean_dna_prot_nt_v2_500m_esm2_650m_Hybrid_CrossAttn_XGBoost__Train1Val_ProteinGym,234.4513,10.86,1153102099,2206.46,1686.1,,,,,,,,,,
train1__val_mean_dna_prot_nt_v2_500m_esm2_650m_Hybrid_Transformer_XGBoost__Train1Val_Test,234.4597,10.72,1154154259,2210.47,1686.1,,,,,,,,,,
train1__val_mean_dna_prot_nt_v2_500m_esm2_650m_Hybrid_Transformer_XGBoost__Train1Val_ClinVarHQ,234.4597,10.85,1154154259,2210.47,1686.1,,,,,,,,,,
train1__val_mean_dna_prot_nt_v2_500m_esm2_650m_Hybrid_Transformer_XGBoost__Train1Val_UniProt,234.4597,10.86,1154154259,2210.47,1686.1,,,,,,,,,,
train1__val_mean_dna_prot_nt_v2_500m_esm2_650m_Hybrid_Transformer_XGBoost__Train1Val_ProteinGym,234.4597,10.86,1154154259,2210.47,1686.1,,,,,,,,,,
train1__val_mean_dna_prot_nt_v2_500m_esm2_650m_Hybrid_Gating_XGBoost__Train1Val_Test,234.452,10.72,1151328019,2199.69,1686.1,,,,,,,,,,
train1__val_mean_dna_prot_nt_v2_500m_esm2_650m_Hybrid_Gating_XGBoost__Train1Val_ClinVarHQ,234.452,10.86,1151328019,2199.69,1686.1,,,,,,,,,,
train1__val_mean_dna_prot_nt_v2_500m_esm2_650m_Hybrid_Gating_XGBoost__Train1Val_UniProt,234.452,10.86,1151328019,2199.69,1686.1,,,,,,,,,,
train1__val_mean_dna_prot_nt_v2_500m_esm2_650m_Hybrid_Gating_XGBoost__Train1Val_ProteinGym,234.452,10.86,1151328019,2199.69,1686.1,,,,,,,,,,
train1__val_mean_dna_prot_nt_v2_500m_esmc_600m_PyTorch_Concat__Train1Val_Test,218.7703,9.26,1074929053,2053.22,1469.0,,,,,,,,,,
train1__val_mean_dna_prot_nt_v2_500m_esmc_600m_PyTorch_Concat__Train1Val_ClinVarHQ,218.7703,9.47,1074929053,2053.22,1469.0,,,,,,,,,,
train1__val_mean_dna_prot_nt_v2_500m_esmc_600m_PyTorch_Concat__Train1Val_UniProt,218.7703,9.41,1074929053,2053.22,1469.0,,,,,,,,,,
train1__val_mean_dna_prot_nt_v2_500m_esmc_600m_PyTorch_Concat__Train1Val_ProteinGym,218.7703,9.42,1074929053,2053.22,1469.0,,,,,,,,,,
train1__val_mean_dna_prot_nt_v2_500m_esmc_600m_PyTorch_CrossAttn__Train1Val_Test,218.7703,9.26,1077030301,2061.24,1469.0,,,,,,,,,,
train1__val_mean_dna_prot_nt_v2_500m_esmc_600m_PyTorch_CrossAttn__Train1Val_ClinVarHQ,218.7703,9.48,1077030301,2061.24,1469.0,,,,,,,,,,
train1__val_mean_dna_prot_nt_v2_500m_esmc_600m_PyTorch_CrossAttn__Train1Val_UniProt,218.7703,9.42,1077030301,2061.24,1469.0,,,,,,,,,,
train1__val_mean_dna_prot_nt_v2_500m_esmc_600m_PyTorch_CrossAttn__Train1Val_ProteinGym,218.7703,9.43,1077030301,2061.24,1469.0,,,,,,,,,,
train1__val_mean_dna_prot_nt_v2_500m_esmc_600m_PyTorch_Transformer__Train1Val_Test,218.7787,9.27,1078082461,2065.25,1469.0,,,,,,,,,,
train1__val_mean_dna_prot_nt_v2_500m_esmc_600m_PyTorch_Transformer__Train1Val_ClinVarHQ,218.7787,9.49,1078082461,2065.25,1469.0,,,,,,,,,,
train1__val_mean_dna_prot_nt_v2_500m_esmc_600m_PyTorch_Transformer__Train1Val_UniProt,218.7787,9.43,1078082461,2065.25,1469.0,,,,,,,,,,
train1__val_mean_dna_prot_nt_v2_500m_esmc_600m_PyTorch_Transformer__Train1Val_ProteinGym,218.7787,9.44,1078082461,2065.25,1469.0,,,,,,,,,,
train1__val_mean_dna_prot_nt_v2_500m_esmc_600m_PyTorch_Gating__Train1Val_Test,218.771,9.26,1075256221,2054.47,1469.0,,,,,,,,,,
train1__val_mean_dna_prot_nt_v2_500m_esmc_600m_PyTorch_Gating__Train1Val_ClinVarHQ,218.771,9.47,1075256221,2054.47,1469.0,,,,,,,,,,
train1__val_mean_dna_prot_nt_v2_500m_esmc_600m_PyTorch_Gating__Train1Val_UniProt,218.771,9.41,1075256221,2054.47,1469.0,,,,,,,,,,
train1__val_mean_dna_prot_nt_v2_500m_esmc_600m_PyTorch_Gating__Train1Val_ProteinGym,218.771,9.42,1075256221,2054.47,1469.0,,,,,,,,,,
train1__val_mean_dna_prot_nt_v2_500m_esmc_600m_Pure_XGBoost_Concat__Train1Val_Test,218.7703,9.26,1074929053,2053.22,1469.0,,,,,,,,,,
train1__val_mean_dna_prot_nt_v2_500m_esmc_600m_Pure_XGBoost_Concat__Train1Val_ClinVarHQ,218.7703,9.47,1074929053,2053.22,1469.0,,,,,,,,,,
train1__val_mean_dna_prot_nt_v2_500m_esmc_600m_Pure_XGBoost_Concat__Train1Val_UniProt,218.7703,9.41,1074929053,2053.22,1469.0,,,,,,,,,,
train1__val_mean_dna_prot_nt_v2_500m_esmc_600m_Pure_XGBoost_Concat__Train1Val_ProteinGym,218.7703,9.42,1074929053,2053.22,1469.0,,,,,,,,,,
train1__val_mean_dna_prot_nt_v2_500m_esmc_600m_Hybrid_Concat_XGBoost__Train1Val_Test,218.7703,9.25,1074929053,2053.22,1469.0,,,,,,,,,,
train1__val_mean_dna_prot_nt_v2_500m_esmc_600m_Hybrid_Concat_XGBoost__Train1Val_ClinVarHQ,218.7703,9.46,1074929053,2053.22,1469.0,,,,,,,,,,
train1__val_mean_dna_prot_nt_v2_500m_esmc_600m_Hybrid_Concat_XGBoost__Train1Val_UniProt,218.7703,9.4,1074929053,2053.22,1469.0,,,,,,,,,,
train1__val_mean_dna_prot_nt_v2_500m_esmc_600m_Hybrid_Concat_XGBoost__Train1Val_ProteinGym,218.7703,9.41,1074929053,2053.22,1469.0,,,,,,,,,,
train1__val_mean_dna_prot_nt_v2_500m_esmc_600m_Hybrid_CrossAttn_XGBoost__Train1Val_Test,218.7703,9.25,1077030301,2061.24,1469.0,,,,,,,,,,
train1__val_mean_dna_prot_nt_v2_500m_esmc_600m_Hybrid_CrossAttn_XGBoost__Train1Val_ClinVarHQ,218.7703,9.46,1077030301,2061.24,1469.0,,,,,,,,,,
train1__val_mean_dna_prot_nt_v2_500m_esmc_600m_Hybrid_CrossAttn_XGBoost__Train1Val_UniProt,218.7703,9.4,1077030301,2061.24,1469.0,,,,,,,,,,
train1__val_mean_dna_prot_nt_v2_500m_esmc_600m_Hybrid_CrossAttn_XGBoost__Train1Val_ProteinGym,218.7703,9.41,1077030301,2061.24,1469.0,,,,,,,,,,
train1__val_mean_dna_prot_nt_v2_500m_esmc_600m_Hybrid_Transformer_XGBoost__Train1Val_Test,218.7787,9.25,1078082461,2065.25,1469.0,,,,,,,,,,
train1__val_mean_dna_prot_nt_v2_500m_esmc_600m_Hybrid_Transformer_XGBoost__Train1Val_ClinVarHQ,218.7787,9.47,1078082461,2065.25,1469.0,,,,,,,,,,
train1__val_mean_dna_prot_nt_v2_500m_esmc_600m_Hybrid_Transformer_XGBoost__Train1Val_UniProt,218.7787,9.41,1078082461,2065.25,1469.0,,,,,,,,,,
train1__val_mean_dna_prot_nt_v2_500m_esmc_600m_Hybrid_Transformer_XGBoost__Train1Val_ProteinGym,218.7787,9.41,1078082461,2065.25,1469.0,,,,,,,,,,
train1__val_mean_dna_prot_nt_v2_500m_esmc_600m_Hybrid_Gating_XGBoost__Train1Val_Test,218.771,9.25,1075256221,2054.47,1469.0,,,,,,,,,,
train1__val_mean_dna_prot_nt_v2_500m_esmc_600m_Hybrid_Gating_XGBoost__Train1Val_ClinVarHQ,218.771,9.46,1075256221,2054.47,1469.0,,,,,,,,,,
train1__val_mean_dna_prot_nt_v2_500m_esmc_600m_Hybrid_Gating_XGBoost__Train1Val_UniProt,218.771,9.41,1075256221,2054.47,1469.0,,,,,,,,,,
train1__val_mean_dna_prot_nt_v2_500m_esmc_600m_Hybrid_Gating_XGBoost__Train1Val_ProteinGym,218.771,9.41,1075256221,2054.47,1469.0,,,,,,,,,,
train1__val_mean_dna_nt_v3_650m_None_PyTorch_Concat__Train1Val_Test,76.9386,6.89,652849212,2490.42,3643.92,,,,,,,,,,
train1__val_mean_dna_nt_v3_650m_None_PyTorch_Concat__Train1Val_ClinVarHQ,76.9386,6.98,652849212,2490.42,3643.92,,,,,,,,,,
train1__val_mean_dna_nt_v3_650m_None_PyTorch_Concat__Train1Val_UniProt,76.9386,6.97,652849212,2490.42,3643.92,,,,,,,,,,
train1__val_mean_dna_nt_v3_650m_None_PyTorch_Concat__Train1Val_ProteinGym,76.9386,6.81,652849212,2490.42,3643.92,,,,,,,,,,
train1__val_mean_dna_nt_v3_650m_None_Pure_XGBoost_Concat__Train1Val_Test,76.9386,6.89,652849212,2490.42,3643.92,,,,,,,,,,
train1__val_mean_dna_nt_v3_650m_None_Pure_XGBoost_Concat__Train1Val_ClinVarHQ,76.9386,6.99,652849212,2490.42,3643.92,,,,,,,,,,
train1__val_mean_dna_nt_v3_650m_None_Pure_XGBoost_Concat__Train1Val_UniProt,76.9386,6.97,652849212,2490.42,3643.92,,,,,,,,,,
train1__val_mean_dna_nt_v3_650m_None_Pure_XGBoost_Concat__Train1Val_ProteinGym,76.9386,6.82,652849212,2490.42,3643.92,,,,,,,,,,
train1__val_mean_dna_nt_v3_650m_None_Hybrid_Concat_XGBoost__Train1Val_Test,76.9386,6.89,652849212,2490.42,3643.92,,,,,,,,,,
train1__val_mean_dna_nt_v3_650m_None_Hybrid_Concat_XGBoost__Train1Val_ClinVarHQ,76.9386,6.99,652849212,2490.42,3643.92,,,,,,,,,,
train1__val_mean_dna_nt_v3_650m_None_Hybrid_Concat_XGBoost__Train1Val_UniProt,76.9386,6.96,652849212,2490.42,3643.92,,,,,,,,,,
train1__val_mean_dna_nt_v3_650m_None_Hybrid_Concat_XGBoost__Train1Val_ProteinGym,76.9386,6.81,652849212,2490.42,3643.92,,,,,,,,,,
train1__val_mean_prot_None_esm1b_650m_PyTorch_Concat__Train1Val_Test,134.0749,5.48,653247799,1247.67,1961.98,,,,,,,,,,
train1__val_mean_prot_None_esm1b_650m_PyTorch_Concat__Train1Val_ClinVarHQ,134.0749,5.63,653247799,1247.67,1961.98,,,,,,,,,,
train1__val_mean_prot_None_esm1b_650m_PyTorch_Concat__Train1Val_UniProt,134.0749,5.65,653247799,1247.67,1961.98,,,,,,,,,,
train1__val_mean_prot_None_esm1b_650m_PyTorch_Concat__Train1Val_ProteinGym,134.0749,5.67,653247799,1247.67,1961.98,,,,,,,,,,
train1__val_mean_prot_None_esm1b_650m_Pure_XGBoost_Concat__Train1Val_Test,134.0749,5.48,653247799,1247.67,1961.98,,,,,,,,,,
train1__val_mean_prot_None_esm1b_650m_Pure_XGBoost_Concat__Train1Val_ClinVarHQ,134.0749,5.64,653247799,1247.67,1961.98,,,,,,,,,,
train1__val_mean_prot_None_esm1b_650m_Pure_XGBoost_Concat__Train1Val_UniProt,134.0749,5.66,653247799,1247.67,1961.98,,,,,,,,,,
train1__val_mean_prot_None_esm1b_650m_Pure_XGBoost_Concat__Train1Val_ProteinGym,134.0749,5.68,653247799,1247.67,1961.98,,,,,,,,,,
train1__val_mean_prot_None_esm1b_650m_Hybrid_Concat_XGBoost__Train1Val_Test,134.0749,5.48,653247799,1247.67,1961.98,,,,,,,,,,
train1__val_mean_prot_None_esm1b_650m_Hybrid_Concat_XGBoost__Train1Val_ClinVarHQ,134.0749,5.63,653247799,1247.67,1961.98,,,,,,,,,,
train1__val_mean_prot_None_esm1b_650m_Hybrid_Concat_XGBoost__Train1Val_UniProt,134.0749,5.65,653247799,1247.67,1961.98,,,,,,,,,,
train1__val_mean_prot_None_esm1b_650m_Hybrid_Concat_XGBoost__Train1Val_ProteinGym,134.0749,5.67,653247799,1247.67,1961.98,,,,,,,,,,
train1__val_mean_dna_geom_prot_nt_v3_650m_esm1b_650m_PyTorch_Concat__Train1Val_Test,211.0136,12.38,1306113394,3738.15,3643.92,,,,,,,,,,
train1__val_mean_dna_geom_prot_nt_v3_650m_esm1b_650m_PyTorch_Concat__Train1Val_ClinVarHQ,211.0136,12.63,1306113394,3738.15,3643.92,,,,,,,,,,
train1__val_mean_dna_geom_prot_nt_v3_650m_esm1b_650m_PyTorch_Concat__Train1Val_UniProt,211.0136,12.62,1306113394,3738.15,3643.92,,,,,,,,,,
train1__val_mean_dna_geom_prot_nt_v3_650m_esm1b_650m_PyTorch_Concat__Train1Val_ProteinGym,211.0136,12.49,1306113394,3738.15,3643.92,,,,,,,,,,
train1__val_mean_dna_geom_prot_nt_v3_650m_esm1b_650m_PyTorch_CrossAttn__Train1Val_Test,211.0136,12.39,1308214642,3746.17,3643.92,,,,,,,,,,
train1__val_mean_dna_geom_prot_nt_v3_650m_esm1b_650m_PyTorch_CrossAttn__Train1Val_ClinVarHQ,211.0136,12.63,1308214642,3746.17,3643.92,,,,,,,,,,
train1__val_mean_dna_geom_prot_nt_v3_650m_esm1b_650m_PyTorch_CrossAttn__Train1Val_UniProt,211.0136,12.63,1308214642,3746.17,3643.92,,,,,,,,,,
train1__val_mean_dna_geom_prot_nt_v3_650m_esm1b_650m_PyTorch_CrossAttn__Train1Val_ProteinGym,211.0136,12.5,1308214642,3746.17,3643.92,,,,,,,,,,
train1__val_mean_dna_geom_prot_nt_v3_650m_esm1b_650m_PyTorch_Transformer__Train1Val_Test,211.022,12.39,1309266802,3750.18,3643.92,,,,,,,,,,
train1__val_mean_dna_geom_prot_nt_v3_650m_esm1b_650m_PyTorch_Transformer__Train1Val_ClinVarHQ,211.022,12.64,1309266802,3750.18,3643.92,,,,,,,,,,
train1__val_mean_dna_geom_prot_nt_v3_650m_esm1b_650m_PyTorch_Transformer__Train1Val_UniProt,211.022,12.64,1309266802,3750.18,3643.92,,,,,,,,,,
train1__val_mean_dna_geom_prot_nt_v3_650m_esm1b_650m_PyTorch_Transformer__Train1Val_ProteinGym,211.022,12.51,1309266802,3750.18,3643.92,,,,,,,,,,
train1__val_mean_dna_geom_prot_nt_v3_650m_esm1b_650m_PyTorch_Gating__Train1Val_Test,211.0142,12.38,1306440562,3739.4,3643.92,,,,,,,,,,
train1__val_mean_dna_geom_prot_nt_v3_650m_esm1b_650m_PyTorch_Gating__Train1Val_ClinVarHQ,211.0142,12.62,1306440562,3739.4,3643.92,,,,,,,,,,
train1__val_mean_dna_geom_prot_nt_v3_650m_esm1b_650m_PyTorch_Gating__Train1Val_UniProt,211.0142,12.62,1306440562,3739.4,3643.92,,,,,,,,,,
train1__val_mean_dna_geom_prot_nt_v3_650m_esm1b_650m_PyTorch_Gating__Train1Val_ProteinGym,211.0142,12.49,1306440562,3739.4,3643.92,,,,,,,,,,
train1__val_mean_dna_geom_prot_nt_v3_650m_esm1b_650m_Pure_XGBoost_Concat__Train1Val_Test,211.0136,12.38,1306113394,3738.15,3643.92,,,,,,,,,,
train1__val_mean_dna_geom_prot_nt_v3_650m_esm1b_650m_Pure_XGBoost_Concat__Train1Val_ClinVarHQ,211.0136,12.62,1306113394,3738.15,3643.92,,,,,,,,,,
train1__val_mean_dna_geom_prot_nt_v3_650m_esm1b_650m_Pure_XGBoost_Concat__Train1Val_UniProt,211.0136,12.62,1306113394,3738.15,3643.92,,,,,,,,,,
train1__val_mean_dna_geom_prot_nt_v3_650m_esm1b_650m_Pure_XGBoost_Concat__Train1Val_ProteinGym,211.0136,12.49,1306113394,3738.15,3643.92,,,,,,,,,,
train1__val_mean_dna_geom_prot_nt_v3_650m_esm1b_650m_Hybrid_Concat_XGBoost__Train1Val_Test,211.0136,12.37,1306113394,3738.15,3643.92,,,,,,,,,,
train1__val_mean_dna_geom_prot_nt_v3_650m_esm1b_650m_Hybrid_Concat_XGBoost__Train1Val_ClinVarHQ,211.0136,12.61,1306113394,3738.15,3643.92,,,,,,,,,,
train1__val_mean_dna_geom_prot_nt_v3_650m_esm1b_650m_Hybrid_Concat_XGBoost__Train1Val_UniProt,211.0136,12.61,1306113394,3738.15,3643.92,,,,,,,,,,
train1__val_mean_dna_geom_prot_nt_v3_650m_esm1b_650m_Hybrid_Concat_XGBoost__Train1Val_ProteinGym,211.0136,12.48,1306113394,3738.15,3643.92,,,,,,,,,,
train1__val_mean_dna_geom_prot_nt_v3_650m_esm1b_650m_Hybrid_CrossAttn_XGBoost__Train1Val_Test,211.0136,12.37,1308214642,3746.17,3643.92,,,,,,,,,,
train1__val_mean_dna_geom_prot_nt_v3_650m_esm1b_650m_Hybrid_CrossAttn_XGBoost__Train1Val_ClinVarHQ,211.0136,12.61,1308214642,3746.17,3643.92,,,,,,,,,,
train1__val_mean_dna_geom_prot_nt_v3_650m_esm1b_650m_Hybrid_CrossAttn_XGBoost__Train1Val_UniProt,211.0136,12.61,1308214642,3746.17,3643.92,,,,,,,,,,
train1__val_mean_dna_geom_prot_nt_v3_650m_esm1b_650m_Hybrid_CrossAttn_XGBoost__Train1Val_ProteinGym,211.0136,12.48,1308214642,3746.17,3643.92,,,,,,,,,,
train1__val_mean_dna_geom_prot_nt_v3_650m_esm1b_650m_Hybrid_Transformer_XGBoost__Train1Val_Test,211.022,12.37,1309266802,3750.18,3643.92,,,,,,,,,,
train1__val_mean_dna_geom_prot_nt_v3_650m_esm1b_650m_Hybrid_Transformer_XGBoost__Train1Val_ClinVarHQ,211.022,12.61,1309266802,3750.18,3643.92,,,,,,,,,,
train1__val_mean_dna_geom_prot_nt_v3_650m_esm1b_650m_Hybrid_Transformer_XGBoost__Train1Val_UniProt,211.022,12.61,1309266802,3750.18,3643.92,,,,,,,,,,
train1__val_mean_dna_geom_prot_nt_v3_650m_esm1b_650m_Hybrid_Transformer_XGBoost__Train1Val_ProteinGym,211.022,12.48,1309266802,3750.18,3643.92,,,,,,,,,,
train1__val_mean_dna_geom_prot_nt_v3_650m_esm1b_650m_Hybrid_Gating_XGBoost__Train1Val_Test,211.0142,12.37,1306440562,3739.4,3643.92,,,,,,,,,,
train1__val_mean_dna_geom_prot_nt_v3_650m_esm1b_650m_Hybrid_Gating_XGBoost__Train1Val_ClinVarHQ,211.0142,12.61,1306440562,3739.4,3643.92,,,,,,,,,,
train1__val_mean_dna_geom_prot_nt_v3_650m_esm1b_650m_Hybrid_Gating_XGBoost__Train1Val_UniProt,211.0142,12.61,1306440562,3739.4,3643.92,,,,,,,,,,
train1__val_mean_dna_geom_prot_nt_v3_650m_esm1b_650m_Hybrid_Gating_XGBoost__Train1Val_ProteinGym,211.0142,12.48,1306440562,3739.4,3643.92,,,,,,,,,,
train1__val_mean_bio_dna_prot_nt_v3_650m_esm1b_650m_PyTorch_Concat__Train1Val_Test,211.0136,12.38,1306113778,3738.15,3643.92,,,,,,,,,,
train1__val_mean_bio_dna_prot_nt_v3_650m_esm1b_650m_PyTorch_Concat__Train1Val_ClinVarHQ,211.0136,12.62,1306113778,3738.15,3643.92,,,,,,,,,,
train1__val_mean_bio_dna_prot_nt_v3_650m_esm1b_650m_PyTorch_Concat__Train1Val_UniProt,211.0136,12.62,1306113778,3738.15,3643.92,,,,,,,,,,
train1__val_mean_bio_dna_prot_nt_v3_650m_esm1b_650m_PyTorch_Concat__Train1Val_ProteinGym,211.0136,12.49,1306113778,3738.15,3643.92,,,,,,,,,,
train1__val_mean_bio_dna_prot_nt_v3_650m_esm1b_650m_PyTorch_CrossAttn__Train1Val_Test,211.0136,12.39,1308215026,3746.17,3643.92,,,,,,,,,,
train1__val_mean_bio_dna_prot_nt_v3_650m_esm1b_650m_PyTorch_CrossAttn__Train1Val_ClinVarHQ,211.0136,12.63,1308215026,3746.17,3643.92,,,,,,,,,,
train1__val_mean_bio_dna_prot_nt_v3_650m_esm1b_650m_PyTorch_CrossAttn__Train1Val_UniProt,211.0136,12.63,1308215026,3746.17,3643.92,,,,,,,,,,
train1__val_mean_bio_dna_prot_nt_v3_650m_esm1b_650m_PyTorch_CrossAttn__Train1Val_ProteinGym,211.0136,12.5,1308215026,3746.17,3643.92,,,,,,,,,,
train1__val_mean_bio_dna_prot_nt_v3_650m_esm1b_650m_PyTorch_Transformer__Train1Val_Test,211.022,12.4,1309267186,3750.18,3643.92,,,,,,,,,,
train1__val_mean_bio_dna_prot_nt_v3_650m_esm1b_650m_PyTorch_Transformer__Train1Val_ClinVarHQ,211.022,12.64,1309267186,3750.18,3643.92,,,,,,,,,,
train1__val_mean_bio_dna_prot_nt_v3_650m_esm1b_650m_PyTorch_Transformer__Train1Val_UniProt,211.022,12.64,1309267186,3750.18,3643.92,,,,,,,,,,
train1__val_mean_bio_dna_prot_nt_v3_650m_esm1b_650m_PyTorch_Transformer__Train1Val_ProteinGym,211.022,12.51,1309267186,3750.18,3643.92,,,,,,,,,,
train1__val_mean_bio_dna_prot_nt_v3_650m_esm1b_650m_PyTorch_Gating__Train1Val_Test,211.0142,12.38,1306440946,3739.4,3643.92,,,,,,,,,,
train1__val_mean_bio_dna_prot_nt_v3_650m_esm1b_650m_PyTorch_Gating__Train1Val_ClinVarHQ,211.0142,12.62,1306440946,3739.4,3643.92,,,,,,,,,,
train1__val_mean_bio_dna_prot_nt_v3_650m_esm1b_650m_PyTorch_Gating__Train1Val_UniProt,211.0142,12.62,1306440946,3739.4,3643.92,,,,,,,,,,
train1__val_mean_bio_dna_prot_nt_v3_650m_esm1b_650m_PyTorch_Gating__Train1Val_ProteinGym,211.0142,12.49,1306440946,3739.4,3643.92,,,,,,,,,,
train1__val_mean_bio_dna_prot_nt_v3_650m_esm1b_650m_Pure_XGBoost_Concat__Train1Val_Test,211.0136,12.38,1306113778,3738.15,3643.92,,,,,,,,,,
train1__val_mean_bio_dna_prot_nt_v3_650m_esm1b_650m_Pure_XGBoost_Concat__Train1Val_ClinVarHQ,211.0136,12.62,1306113778,3738.15,3643.92,,,,,,,,,,
train1__val_mean_bio_dna_prot_nt_v3_650m_esm1b_650m_Pure_XGBoost_Concat__Train1Val_UniProt,211.0136,12.62,1306113778,3738.15,3643.92,,,,,,,,,,
train1__val_mean_bio_dna_prot_nt_v3_650m_esm1b_650m_Pure_XGBoost_Concat__Train1Val_ProteinGym,211.0136,12.49,1306113778,3738.15,3643.92,,,,,,,,,,
train1__val_mean_bio_dna_prot_nt_v3_650m_esm1b_650m_Hybrid_Concat_XGBoost__Train1Val_Test,211.0136,12.37,1306113778,3738.15,3643.92,,,,,,,,,,
train1__val_mean_bio_dna_prot_nt_v3_650m_esm1b_650m_Hybrid_Concat_XGBoost__Train1Val_ClinVarHQ,211.0136,12.61,1306113778,3738.15,3643.92,,,,,,,,,,
train1__val_mean_bio_dna_prot_nt_v3_650m_esm1b_650m_Hybrid_Concat_XGBoost__Train1Val_UniProt,211.0136,12.61,1306113778,3738.15,3643.92,,,,,,,,,,
train1__val_mean_bio_dna_prot_nt_v3_650m_esm1b_650m_Hybrid_Concat_XGBoost__Train1Val_ProteinGym,211.0136,12.48,1306113778,3738.15,3643.92,,,,,,,,,,
train1__val_mean_bio_dna_prot_nt_v3_650m_esm1b_650m_Hybrid_CrossAttn_XGBoost__Train1Val_Test,211.0136,12.37,1308215026,3746.17,3643.92,,,,,,,,,,
train1__val_mean_bio_dna_prot_nt_v3_650m_esm1b_650m_Hybrid_CrossAttn_XGBoost__Train1Val_ClinVarHQ,211.0136,12.62,1308215026,3746.17,3643.92,,,,,,,,,,
train1__val_mean_bio_dna_prot_nt_v3_650m_esm1b_650m_Hybrid_CrossAttn_XGBoost__Train1Val_UniProt,211.0136,12.61,1308215026,3746.17,3643.92,,,,,,,,,,
train1__val_mean_bio_dna_prot_nt_v3_650m_esm1b_650m_Hybrid_CrossAttn_XGBoost__Train1Val_ProteinGym,211.0136,12.48,1308215026,3746.17,3643.92,,,,,,,,,,
train1__val_mean_bio_dna_prot_nt_v3_650m_esm1b_650m_Hybrid_Transformer_XGBoost__Train1Val_Test,211.022,12.37,1309267186,3750.18,3643.92,,,,,,,,,,
train1__val_mean_bio_dna_prot_nt_v3_650m_esm1b_650m_Hybrid_Transformer_XGBoost__Train1Val_ClinVarHQ,211.022,12.61,1309267186,3750.18,3643.92,,,,,,,,,,
train1__val_mean_bio_dna_prot_nt_v3_650m_esm1b_650m_Hybrid_Transformer_XGBoost__Train1Val_UniProt,211.022,12.61,1309267186,3750.18,3643.92,,,,,,,,,,
train1__val_mean_bio_dna_prot_nt_v3_650m_esm1b_650m_Hybrid_Transformer_XGBoost__Train1Val_ProteinGym,211.022,12.48,1309267186,3750.18,3643.92,,,,,,,,,,
train1__val_mean_bio_dna_prot_nt_v3_650m_esm1b_650m_Hybrid_Gating_XGBoost__Train1Val_Test,211.0142,12.37,1306440946,3739.4,3643.92,,,,,,,,,,
train1__val_mean_bio_dna_prot_nt_v3_650m_esm1b_650m_Hybrid_Gating_XGBoost__Train1Val_ClinVarHQ,211.0142,12.61,1306440946,3739.4,3643.92,,,,,,,,,,
train1__val_mean_bio_dna_prot_nt_v3_650m_esm1b_650m_Hybrid_Gating_XGBoost__Train1Val_UniProt,211.0142,12.61,1306440946,3739.4,3643.92,,,,,,,,,,
train1__val_mean_bio_dna_prot_nt_v3_650m_esm1b_650m_Hybrid_Gating_XGBoost__Train1Val_ProteinGym,211.0142,12.48,1306440946,3739.4,3643.92,,,,,,,,,,
train1__val_mean_bio_dna_geom_prot_nt_v3_650m_esm1b_650m_PyTorch_Concat__Train1Val_Test,211.0136,12.38,1306114802,3738.16,3643.92,,,,,,,,,,
train1__val_mean_bio_dna_geom_prot_nt_v3_650m_esm1b_650m_PyTorch_Concat__Train1Val_ClinVarHQ,211.0136,12.62,1306114802,3738.16,3643.92,,,,,,,,,,
train1__val_mean_bio_dna_geom_prot_nt_v3_650m_esm1b_650m_PyTorch_Concat__Train1Val_UniProt,211.0136,12.62,1306114802,3738.16,3643.92,,,,,,,,,,
train1__val_mean_bio_dna_geom_prot_nt_v3_650m_esm1b_650m_PyTorch_Concat__Train1Val_ProteinGym,211.0136,12.49,1306114802,3738.16,3643.92,,,,,,,,,,
train1__val_mean_bio_dna_geom_prot_nt_v3_650m_esm1b_650m_PyTorch_CrossAttn__Train1Val_Test,211.0136,12.39,1308216050,3746.17,3643.92,,,,,,,,,,
train1__val_mean_bio_dna_geom_prot_nt_v3_650m_esm1b_650m_PyTorch_CrossAttn__Train1Val_ClinVarHQ,211.0136,12.63,1308216050,3746.17,3643.92,,,,,,,,,,
train1__val_mean_bio_dna_geom_prot_nt_v3_650m_esm1b_650m_PyTorch_CrossAttn__Train1Val_UniProt,211.0136,12.63,1308216050,3746.17,3643.92,,,,,,,,,,
train1__val_mean_bio_dna_geom_prot_nt_v3_650m_esm1b_650m_PyTorch_CrossAttn__Train1Val_ProteinGym,211.0136,12.5,1308216050,3746.17,3643.92,,,,,,,,,,
train1__val_mean_bio_dna_geom_prot_nt_v3_650m_esm1b_650m_PyTorch_Transformer__Train1Val_Test,211.022,12.4,1309268210,3750.19,3643.92,,,,,,,,,,
train1__val_mean_bio_dna_geom_prot_nt_v3_650m_esm1b_650m_PyTorch_Transformer__Train1Val_ClinVarHQ,211.022,12.64,1309268210,3750.19,3643.92,,,,,,,,,,
train1__val_mean_bio_dna_geom_prot_nt_v3_650m_esm1b_650m_PyTorch_Transformer__Train1Val_UniProt,211.022,12.64,1309268210,3750.19,3643.92,,,,,,,,,,
train1__val_mean_bio_dna_geom_prot_nt_v3_650m_esm1b_650m_PyTorch_Transformer__Train1Val_ProteinGym,211.022,12.51,1309268210,3750.19,3643.92,,,,,,,,,,
train1__val_mean_bio_dna_geom_prot_nt_v3_650m_esm1b_650m_PyTorch_Gating__Train1Val_Test,211.0142,12.38,1306441970,3739.41,3643.92,,,,,,,,,,
train1__val_mean_bio_dna_geom_prot_nt_v3_650m_esm1b_650m_PyTorch_Gating__Train1Val_ClinVarHQ,211.0142,12.62,1306441970,3739.41,3643.92,,,,,,,,,,
train1__val_mean_bio_dna_geom_prot_nt_v3_650m_esm1b_650m_PyTorch_Gating__Train1Val_UniProt,211.0142,12.62,1306441970,3739.41,3643.92,,,,,,,,,,
train1__val_mean_bio_dna_geom_prot_nt_v3_650m_esm1b_650m_PyTorch_Gating__Train1Val_ProteinGym,211.0142,12.49,1306441970,3739.41,3643.92,,,,,,,,,,
train1__val_mean_bio_dna_geom_prot_nt_v3_650m_esm1b_650m_Pure_XGBoost_Concat__Train1Val_Test,211.0136,12.38,1306114802,3738.16,3643.92,,,,,,,,,,
train1__val_mean_bio_dna_geom_prot_nt_v3_650m_esm1b_650m_Pure_XGBoost_Concat__Train1Val_ClinVarHQ,211.0136,12.62,1306114802,3738.16,3643.92,,,,,,,,,,
train1__val_mean_bio_dna_geom_prot_nt_v3_650m_esm1b_650m_Pure_XGBoost_Concat__Train1Val_UniProt,211.0136,12.62,1306114802,3738.16,3643.92,,,,,,,,,,
train1__val_mean_bio_dna_geom_prot_nt_v3_650m_esm1b_650m_Pure_XGBoost_Concat__Train1Val_ProteinGym,211.0136,12.49,1306114802,3738.16,3643.92,,,,,,,,,,
train1__val_mean_bio_dna_geom_prot_nt_v3_650m_esm1b_650m_Hybrid_Concat_XGBoost__Train1Val_Test,211.0136,12.37,1306114802,3738.16,3643.92,,,,,,,,,,
train1__val_mean_bio_dna_geom_prot_nt_v3_650m_esm1b_650m_Hybrid_Concat_XGBoost__Train1Val_ClinVarHQ,211.0136,12.61,1306114802,3738.16,3643.92,,,,,,,,,,
train1__val_mean_bio_dna_geom_prot_nt_v3_650m_esm1b_650m_Hybrid_Concat_XGBoost__Train1Val_UniProt,211.0136,12.61,1306114802,3738.16,3643.92,,,,,,,,,,
train1__val_mean_bio_dna_geom_prot_nt_v3_650m_esm1b_650m_Hybrid_Concat_XGBoost__Train1Val_ProteinGym,211.0136,12.48,1306114802,3738.16,3643.92,,,,,,,,,,
train1__val_mean_bio_dna_geom_prot_nt_v3_650m_esm1b_650m_Hybrid_CrossAttn_XGBoost__Train1Val_Test,211.0136,12.37,1308216050,3746.17,3643.92,,,,,,,,,,
train1__val_mean_bio_dna_geom_prot_nt_v3_650m_esm1b_650m_Hybrid_CrossAttn_XGBoost__Train1Val_ClinVarHQ,211.0136,12.61,1308216050,3746.17,3643.92,,,,,,,,,,
train1__val_mean_bio_dna_geom_prot_nt_v3_650m_esm1b_650m_Hybrid_CrossAttn_XGBoost__Train1Val_UniProt,211.0136,12.61,1308216050,3746.17,3643.92,,,,,,,,,,
train1__val_mean_bio_dna_geom_prot_nt_v3_650m_esm1b_650m_Hybrid_CrossAttn_XGBoost__Train1Val_ProteinGym,211.0136,12.48,1308216050,3746.17,3643.92,,,,,,,,,,
train1__val_mean_bio_dna_geom_prot_nt_v3_650m_esm1b_650m_Hybrid_Transformer_XGBoost__Train1Val_Test,211.022,12.37,1309268210,3750.19,3643.92,,,,,,,,,,
train1__val_mean_bio_dna_geom_prot_nt_v3_650m_esm1b_650m_Hybrid_Transformer_XGBoost__Train1Val_ClinVarHQ,211.022,12.61,1309268210,3750.19,3643.92,,,,,,,,,,
train1__val_mean_bio_dna_geom_prot_nt_v3_650m_esm1b_650m_Hybrid_Transformer_XGBoost__Train1Val_UniProt,211.022,12.61,1309268210,3750.19,3643.92,,,,,,,,,,
train1__val_mean_bio_dna_geom_prot_nt_v3_650m_esm1b_650m_Hybrid_Transformer_XGBoost__Train1Val_ProteinGym,211.022,12.48,1309268210,3750.19,3643.92,,,,,,,,,,
train1__val_mean_bio_dna_geom_prot_nt_v3_650m_esm1b_650m_Hybrid_Gating_XGBoost__Train1Val_Test,211.0142,12.37,1306441970,3739.41,3643.92,,,,,,,,,,
train1__val_mean_bio_dna_geom_prot_nt_v3_650m_esm1b_650m_Hybrid_Gating_XGBoost__Train1Val_ClinVarHQ,211.0142,12.61,1306441970,3739.41,3643.92,,,,,,,,,,
train1__val_mean_bio_dna_geom_prot_nt_v3_650m_esm1b_650m_Hybrid_Gating_XGBoost__Train1Val_UniProt,211.0142,12.61,1306441970,3739.41,3643.92,,,,,,,,,,
train1__val_mean_bio_dna_geom_prot_nt_v3_650m_esm1b_650m_Hybrid_Gating_XGBoost__Train1Val_ProteinGym,211.0142,12.48,1306441970,3739.41,3643.92,,,,,,,,,,
train1__val_mean_bio_geom_nt_v3_650m_esm1b_650m_PyTorch_Concat__Train1Val_Test,0.0002,0.0,86145,0.33,0.0,,,,,,,,,,
train1__val_mean_bio_geom_nt_v3_650m_esm1b_650m_PyTorch_Concat__Train1Val_ClinVarHQ,0.0002,0.0,86145,0.33,0.0,,,,,,,,,,
train1__val_mean_bio_geom_nt_v3_650m_esm1b_650m_PyTorch_Concat__Train1Val_UniProt,0.0002,0.0,86145,0.33,0.0,,,,,,,,,,
train1__val_mean_bio_geom_nt_v3_650m_esm1b_650m_PyTorch_Concat__Train1Val_ProteinGym,0.0002,0.0,86145,0.33,0.0,,,,,,,,,,
train1__val_mean_bio_geom_nt_v3_650m_esm1b_650m_Pure_XGBoost_Concat__Train1Val_Test,0.0002,0.0,86145,0.33,0.0,,,,,,,,,,
train1__val_mean_bio_geom_nt_v3_650m_esm1b_650m_Pure_XGBoost_Concat__Train1Val_ClinVarHQ,0.0002,0.0,86145,0.33,0.0,,,,,,,,,,
train1__val_mean_bio_geom_nt_v3_650m_esm1b_650m_Pure_XGBoost_Concat__Train1Val_UniProt,0.0002,0.0,86145,0.33,0.0,,,,,,,,,,
train1__val_mean_bio_geom_nt_v3_650m_esm1b_650m_Pure_XGBoost_Concat__Train1Val_ProteinGym,0.0002,0.0,86145,0.33,0.0,,,,,,,,,,
train1__val_mean_bio_geom_nt_v3_650m_esm1b_650m_Hybrid_Concat_XGBoost__Train1Val_Test,0.0002,0.0,86145,0.33,0.0,,,,,,,,,,
train1__val_mean_bio_geom_nt_v3_650m_esm1b_650m_Hybrid_Concat_XGBoost__Train1Val_ClinVarHQ,0.0002,0.0,86145,0.33,0.0,,,,,,,,,,
train1__val_mean_bio_geom_nt_v3_650m_esm1b_650m_Hybrid_Concat_XGBoost__Train1Val_UniProt,0.0002,0.0,86145,0.33,0.0,,,,,,,,,,
train1__val_mean_bio_geom_nt_v3_650m_esm1b_650m_Hybrid_Concat_XGBoost__Train1Val_ProteinGym,0.0002,0.0,86145,0.33,0.0,,,,,,,,,,
train1__val_center_dna_nt_v3_650m_None_PyTorch_Concat__Train1Val_Test,76.9386,6.89,652849212,2490.42,3643.92,,,,,,,,,,
train1__val_center_dna_nt_v3_650m_None_PyTorch_Concat__Train1Val_ClinVarHQ,76.9386,6.99,652849212,2490.42,3643.92,,,,,,,,,,
train1__val_center_dna_nt_v3_650m_None_PyTorch_Concat__Train1Val_UniProt,76.9386,6.97,652849212,2490.42,3643.92,,,,,,,,,,
train1__val_center_dna_nt_v3_650m_None_PyTorch_Concat__Train1Val_ProteinGym,76.9386,6.82,652849212,2490.42,3643.92,,,,,,,,,,
train1__val_center_dna_nt_v3_650m_None_Pure_XGBoost_Concat__Train1Val_Test,76.9386,6.89,652849212,2490.42,3643.92,,,,,,,,,,
train1__val_center_dna_nt_v3_650m_None_Pure_XGBoost_Concat__Train1Val_ClinVarHQ,76.9386,6.99,652849212,2490.42,3643.92,,,,,,,,,,
train1__val_center_dna_nt_v3_650m_None_Pure_XGBoost_Concat__Train1Val_UniProt,76.9386,6.97,652849212,2490.42,3643.92,,,,,,,,,,
train1__val_center_dna_nt_v3_650m_None_Pure_XGBoost_Concat__Train1Val_ProteinGym,76.9386,6.82,652849212,2490.42,3643.92,,,,,,,,,,
train1__val_center_dna_nt_v3_650m_None_Hybrid_Concat_XGBoost__Train1Val_Test,76.9386,6.89,652849212,2490.42,3643.92,,,,,,,,,,
train1__val_center_dna_nt_v3_650m_None_Hybrid_Concat_XGBoost__Train1Val_ClinVarHQ,76.9386,6.98,652849212,2490.42,3643.92,,,,,,,,,,
train1__val_center_dna_nt_v3_650m_None_Hybrid_Concat_XGBoost__Train1Val_UniProt,76.9386,6.96,652849212,2490.42,3643.92,,,,,,,,,,
train1__val_center_dna_nt_v3_650m_None_Hybrid_Concat_XGBoost__Train1Val_ProteinGym,76.9386,6.81,652849212,2490.42,3643.92,,,,,,,,,,
train1__val_center_prot_None_esmc_600m_PyTorch_Concat__Train1Val_Test,118.3928,4.68,575860161,1099.94,1469.0,,,,,,,,,,
train1__val_center_prot_None_esmc_600m_PyTorch_Concat__Train1Val_ClinVarHQ,118.3928,4.75,575860161,1099.94,1469.0,,,,,,,,,,
train1__val_center_prot_None_esmc_600m_PyTorch_Concat__Train1Val_UniProt,118.3928,4.7,575860161,1099.94,1469.0,,,,,,,,,,
train1__val_center_prot_None_esmc_600m_PyTorch_Concat__Train1Val_ProteinGym,118.3928,4.7,575860161,1099.94,1469.0,,,,,,,,,,
train1__val_center_prot_None_esmc_600m_Pure_XGBoost_Concat__Train1Val_Test,118.3928,4.68,575860161,1099.94,1469.0,,,,,,,,,,
train1__val_center_prot_None_esmc_600m_Pure_XGBoost_Concat__Train1Val_ClinVarHQ,118.3928,4.76,575860161,1099.94,1469.0,,,,,,,,,,
train1__val_center_prot_None_esmc_600m_Pure_XGBoost_Concat__Train1Val_UniProt,118.3928,4.69,575860161,1099.94,1469.0,,,,,,,,,,
train1__val_center_prot_None_esmc_600m_Pure_XGBoost_Concat__Train1Val_ProteinGym,118.3928,4.7,575860161,1099.94,1469.0,,,,,,,,,,
train1__val_center_prot_None_esmc_600m_Hybrid_Concat_XGBoost__Train1Val_Test,118.3928,4.68,575860161,1099.94,1469.0,,,,,,,,,,
train1__val_center_prot_None_esmc_600m_Hybrid_Concat_XGBoost__Train1Val_ClinVarHQ,118.3928,4.75,575860161,1099.94,1469.0,,,,,,,,,,
train1__val_center_prot_None_esmc_600m_Hybrid_Concat_XGBoost__Train1Val_UniProt,118.3928,4.69,575860161,1099.94,1469.0,,,,,,,,,,
train1__val_center_prot_None_esmc_600m_Hybrid_Concat_XGBoost__Train1Val_ProteinGym,118.3928,4.7,575860161,1099.94,1469.0,,,,,,,,,,
train1__val_cls_dna_nt_v3_650m_None_PyTorch_Concat__Train1Val_Test,76.9386,6.89,652849212,2490.42,3643.92,,,,,,,,,,
train1__val_cls_dna_nt_v3_650m_None_PyTorch_Concat__Train1Val_ClinVarHQ,76.9386,6.98,652849212,2490.42,3643.92,,,,,,,,,,
train1__val_cls_dna_nt_v3_650m_None_PyTorch_Concat__Train1Val_UniProt,76.9386,6.97,652849212,2490.42,3643.92,,,,,,,,,,
train1__val_cls_dna_nt_v3_650m_None_PyTorch_Concat__Train1Val_ProteinGym,76.9386,6.81,652849212,2490.42,3643.92,,,,,,,,,,
train1__val_cls_dna_nt_v3_650m_None_Pure_XGBoost_Concat__Train1Val_Test,76.9386,6.89,652849212,2490.42,3643.92,,,,,,,,,,
train1__val_cls_dna_nt_v3_650m_None_Pure_XGBoost_Concat__Train1Val_ClinVarHQ,76.9386,6.99,652849212,2490.42,3643.92,,,,,,,,,,
train1__val_cls_dna_nt_v3_650m_None_Pure_XGBoost_Concat__Train1Val_UniProt,76.9386,6.97,652849212,2490.42,3643.92,,,,,,,,,,
train1__val_cls_dna_nt_v3_650m_None_Pure_XGBoost_Concat__Train1Val_ProteinGym,76.9386,6.82,652849212,2490.42,3643.92,,,,,,,,,,
train1__val_cls_dna_nt_v3_650m_None_Hybrid_Concat_XGBoost__Train1Val_Test,76.9386,6.89,652849212,2490.42,3643.92,,,,,,,,,,
train1__val_cls_dna_nt_v3_650m_None_Hybrid_Concat_XGBoost__Train1Val_ClinVarHQ,76.9386,6.98,652849212,2490.42,3643.92,,,,,,,,,,
train1__val_cls_dna_nt_v3_650m_None_Hybrid_Concat_XGBoost__Train1Val_UniProt,76.9386,6.96,652849212,2490.42,3643.92,,,,,,,,,,
train1__val_cls_dna_nt_v3_650m_None_Hybrid_Concat_XGBoost__Train1Val_ProteinGym,76.9386,6.81,652849212,2490.42,3643.92,,,,,,,,,,
train1__val_cls_prot_None_esm1b_650m_PyTorch_Concat__Train1Val_Test,134.0749,5.48,653247799,1247.67,1961.98,,,,,,,,,,
train1__val_cls_prot_None_esm1b_650m_PyTorch_Concat__Train1Val_ClinVarHQ,134.0749,5.64,653247799,1247.67,1961.98,,,,,,,,,,
train1__val_cls_prot_None_esm1b_650m_PyTorch_Concat__Train1Val_UniProt,134.0749,5.65,653247799,1247.67,1961.98,,,,,,,,,,
train1__val_cls_prot_None_esm1b_650m_PyTorch_Concat__Train1Val_ProteinGym,134.0749,5.67,653247799,1247.67,1961.98,,,,,,,,,,
train1__val_cls_prot_None_esm1b_650m_Pure_XGBoost_Concat__Train1Val_Test,134.0749,5.48,653247799,1247.67,1961.98,,,,,,,,,,
train1__val_cls_prot_None_esm1b_650m_Pure_XGBoost_Concat__Train1Val_ClinVarHQ,134.0749,5.64,653247799,1247.67,1961.98,,,,,,,,,,
train1__val_cls_prot_None_esm1b_650m_Pure_XGBoost_Concat__Train1Val_UniProt,134.0749,5.66,653247799,1247.67,1961.98,,,,,,,,,,
train1__val_cls_prot_None_esm1b_650m_Pure_XGBoost_Concat__Train1Val_ProteinGym,134.0749,5.67,653247799,1247.67,1961.98,,,,,,,,,,
train1__val_cls_prot_None_esm1b_650m_Hybrid_Concat_XGBoost__Train1Val_Test,134.0749,5.48,653247799,1247.67,1961.98,,,,,,,,,,
train1__val_cls_prot_None_esm1b_650m_Hybrid_Concat_XGBoost__Train1Val_ClinVarHQ,134.0749,5.63,653247799,1247.67,1961.98,,,,,,,,,,
train1__val_cls_prot_None_esm1b_650m_Hybrid_Concat_XGBoost__Train1Val_UniProt,134.0749,5.65,653247799,1247.67,1961.98,,,,,,,,,,
train1__val_cls_prot_None_esm1b_650m_Hybrid_Concat_XGBoost__Train1Val_ProteinGym,134.0749,5.67,653247799,1247.67,1961.98,,,,,,,,,,
train1__val_mean_dna_nt_v3_650m_None_PyTorch_Concat__Train1Val_Test,76.9386,6.89,652849212,2490.42,3643.92,,,,,,,,,,
train1__val_mean_dna_nt_v3_650m_None_PyTorch_Concat__Train1Val_ClinVarHQ,76.9386,6.98,652849212,2490.42,3643.92,,,,,,,,,,
train1__val_mean_dna_nt_v3_650m_None_PyTorch_Concat__Train1Val_UniProt,76.9386,6.96,652849212,2490.42,3643.92,,,,,,,,,,
train1__val_mean_dna_nt_v3_650m_None_PyTorch_Concat__Train1Val_ProteinGym,76.9386,6.81,652849212,2490.42,3643.92,,,,,,,,,,
train1__val_mean_dna_nt_v3_650m_None_Pure_XGBoost_Concat__Train1Val_Test,76.9386,6.89,652849212,2490.42,3643.92,,,,,,,,,,
train1__val_mean_dna_nt_v3_650m_None_Pure_XGBoost_Concat__Train1Val_ClinVarHQ,76.9386,6.99,652849212,2490.42,3643.92,,,,,,,,,,
train1__val_mean_dna_nt_v3_650m_None_Pure_XGBoost_Concat__Train1Val_UniProt,76.9386,6.97,652849212,2490.42,3643.92,,,,,,,,,,
train1__val_mean_dna_nt_v3_650m_None_Pure_XGBoost_Concat__Train1Val_ProteinGym,76.9386,6.82,652849212,2490.42,3643.92,,,,,,,,,,
train1__val_mean_dna_nt_v3_650m_None_Hybrid_Concat_XGBoost__Train1Val_Test,76.9386,6.89,652849212,2490.42,3643.92,,,,,,,,,,
train1__val_mean_dna_nt_v3_650m_None_Hybrid_Concat_XGBoost__Train1Val_ClinVarHQ,76.9386,6.98,652849212,2490.42,3643.92,,,,,,,,,,
train1__val_mean_dna_nt_v3_650m_None_Hybrid_Concat_XGBoost__Train1Val_UniProt,76.9386,6.96,652849212,2490.42,3643.92,,,,,,,,,,
train1__val_mean_dna_nt_v3_650m_None_Hybrid_Concat_XGBoost__Train1Val_ProteinGym,76.9386,6.81,652849212,2490.42,3643.92,,,,,,,,,,
train1__val_mean_prot_None_esm1b_650m_PyTorch_Concat__Train1Val_Test,134.0749,5.49,653247799,1247.67,1961.98,,,,,,,,,,
train1__val_mean_prot_None_esm1b_650m_PyTorch_Concat__Train1Val_ClinVarHQ,134.0749,5.64,653247799,1247.67,1961.98,,,,,,,,,,
train1__val_mean_prot_None_esm1b_650m_PyTorch_Concat__Train1Val_UniProt,134.0749,5.66,653247799,1247.67,1961.98,,,,,,,,,,
train1__val_mean_prot_None_esm1b_650m_PyTorch_Concat__Train1Val_ProteinGym,134.0749,5.68,653247799,1247.67,1961.98,,,,,,,,,,
train1__val_mean_prot_None_esm1b_650m_Pure_XGBoost_Concat__Train1Val_Test,134.0749,5.48,653247799,1247.67,1961.98,,,,,,,,,,
train1__val_mean_prot_None_esm1b_650m_Pure_XGBoost_Concat__Train1Val_ClinVarHQ,134.0749,5.64,653247799,1247.67,1961.98,,,,,,,,,,
train1__val_mean_prot_None_esm1b_650m_Pure_XGBoost_Concat__Train1Val_UniProt,134.0749,5.65,653247799,1247.67,1961.98,,,,,,,,,,
train1__val_mean_prot_None_esm1b_650m_Pure_XGBoost_Concat__Train1Val_ProteinGym,134.0749,5.68,653247799,1247.67,1961.98,,,,,,,,,,
train1__val_mean_prot_None_esm1b_650m_Hybrid_Concat_XGBoost__Train1Val_Test,134.0749,5.48,653247799,1247.67,1961.98,,,,,,,,,,
train1__val_mean_prot_None_esm1b_650m_Hybrid_Concat_XGBoost__Train1Val_ClinVarHQ,134.0749,5.64,653247799,1247.67,1961.98,,,,,,,,,,
train1__val_mean_prot_None_esm1b_650m_Hybrid_Concat_XGBoost__Train1Val_UniProt,134.0749,5.65,653247799,1247.67,1961.98,,,,,,,,,,
train1__val_mean_prot_None_esm1b_650m_Hybrid_Concat_XGBoost__Train1Val_ProteinGym,134.0749,5.67,653247799,1247.67,1961.98,,,,,,,,,,
train1__val_center_dna_nt_v3_650m_None_PyTorch_Concat__Train1Val_Test,76.9386,6.9,652849212,2490.42,3643.92,,,,,,,,,,
train1__val_center_dna_nt_v3_650m_None_PyTorch_Concat__Train1Val_ClinVarHQ,76.9386,6.99,652849212,2490.42,3643.92,,,,,,,,,,
train1__val_center_dna_nt_v3_650m_None_PyTorch_Concat__Train1Val_UniProt,76.9386,6.97,652849212,2490.42,3643.92,,,,,,,,,,
train1__val_center_dna_nt_v3_650m_None_PyTorch_Concat__Train1Val_ProteinGym,76.9386,6.81,652849212,2490.42,3643.92,,,,,,,,,,
train1__val_center_dna_nt_v3_650m_None_Pure_XGBoost_Concat__Train1Val_Test,76.9386,6.89,652849212,2490.42,3643.92,,,,,,,,,,
train1__val_center_dna_nt_v3_650m_None_Pure_XGBoost_Concat__Train1Val_ClinVarHQ,76.9386,6.99,652849212,2490.42,3643.92,,,,,,,,,,
train1__val_center_dna_nt_v3_650m_None_Pure_XGBoost_Concat__Train1Val_UniProt,76.9386,6.97,652849212,2490.42,3643.92,,,,,,,,,,
train1__val_center_dna_nt_v3_650m_None_Pure_XGBoost_Concat__Train1Val_ProteinGym,76.9386,6.82,652849212,2490.42,3643.92,,,,,,,,,,
train1__val_center_dna_nt_v3_650m_None_Hybrid_Concat_XGBoost__Train1Val_Test,76.9386,6.89,652849212,2490.42,3643.92,,,,,,,,,,
train1__val_center_dna_nt_v3_650m_None_Hybrid_Concat_XGBoost__Train1Val_ClinVarHQ,76.9386,6.98,652849212,2490.42,3643.92,,,,,,,,,,
train1__val_center_dna_nt_v3_650m_None_Hybrid_Concat_XGBoost__Train1Val_UniProt,76.9386,6.96,652849212,2490.42,3643.92,,,,,,,,,,
train1__val_center_dna_nt_v3_650m_None_Hybrid_Concat_XGBoost__Train1Val_ProteinGym,76.9386,6.81,652849212,2490.42,3643.92,,,,,,,,,,
train1__val_center_prot_None_esmc_600m_PyTorch_Concat__Train1Val_Test,118.3928,4.68,575860161,1099.94,1469.0,,,,,,,,,,
train1__val_center_prot_None_esmc_600m_PyTorch_Concat__Train1Val_ClinVarHQ,118.3928,4.75,575860161,1099.94,1469.0,,,,,,,,,,
train1__val_center_prot_None_esmc_600m_PyTorch_Concat__Train1Val_UniProt,118.3928,4.69,575860161,1099.94,1469.0,,,,,,,,,,
train1__val_center_prot_None_esmc_600m_PyTorch_Concat__Train1Val_ProteinGym,118.3928,4.7,575860161,1099.94,1469.0,,,,,,,,,,
train1__val_center_prot_None_esmc_600m_Pure_XGBoost_Concat__Train1Val_Test,118.3928,4.68,575860161,1099.94,1469.0,,,,,,,,,,
train1__val_center_prot_None_esmc_600m_Pure_XGBoost_Concat__Train1Val_ClinVarHQ,118.3928,4.75,575860161,1099.94,1469.0,,,,,,,,,,
train1__val_center_prot_None_esmc_600m_Pure_XGBoost_Concat__Train1Val_UniProt,118.3928,4.7,575860161,1099.94,1469.0,,,,,,,,,,
train1__val_center_prot_None_esmc_600m_Pure_XGBoost_Concat__Train1Val_ProteinGym,118.3928,4.71,575860161,1099.94,1469.0,,,,,,,,,,
train1__val_center_prot_None_esmc_600m_Hybrid_Concat_XGBoost__Train1Val_Test,118.3928,4.68,575860161,1099.94,1469.0,,,,,,,,,,
train1__val_center_prot_None_esmc_600m_Hybrid_Concat_XGBoost__Train1Val_ClinVarHQ,118.3928,4.75,575860161,1099.94,1469.0,,,,,,,,,,
train1__val_center_prot_None_esmc_600m_Hybrid_Concat_XGBoost__Train1Val_UniProt,118.3928,4.69,575860161,1099.94,1469.0,,,,,,,,,,
train1__val_center_prot_None_esmc_600m_Hybrid_Concat_XGBoost__Train1Val_ProteinGym,118.3928,4.7,575860161,1099.94,1469.0,,,,,,,,,,
train1__val_cls_dna_nt_v3_650m_None_PyTorch_Concat__Train1Val_Test,76.9386,6.89,652849212,2490.42,3643.92,,,,,,,,,,
train1__val_cls_dna_nt_v3_650m_None_PyTorch_Concat__Train1Val_ClinVarHQ,76.9386,6.99,652849212,2490.42,3643.92,,,,,,,,,,
train1__val_cls_dna_nt_v3_650m_None_PyTorch_Concat__Train1Val_UniProt,76.9386,6.97,652849212,2490.42,3643.92,,,,,,,,,,
train1__val_cls_dna_nt_v3_650m_None_PyTorch_Concat__Train1Val_ProteinGym,76.9386,6.81,652849212,2490.42,3643.92,,,,,,,,,,
train1__val_cls_dna_nt_v3_650m_None_Pure_XGBoost_Concat__Train1Val_Test,76.9386,6.89,652849212,2490.42,3643.92,,,,,,,,,,
train1__val_cls_dna_nt_v3_650m_None_Pure_XGBoost_Concat__Train1Val_ClinVarHQ,76.9386,6.98,652849212,2490.42,3643.92,,,,,,,,,,
train1__val_cls_dna_nt_v3_650m_None_Pure_XGBoost_Concat__Train1Val_UniProt,76.9386,6.97,652849212,2490.42,3643.92,,,,,,,,,,
train1__val_cls_dna_nt_v3_650m_None_Pure_XGBoost_Concat__Train1Val_ProteinGym,76.9386,6.82,652849212,2490.42,3643.92,,,,,,,,,,
train1__val_cls_dna_nt_v3_650m_None_Hybrid_Concat_XGBoost__Train1Val_Test,76.9386,6.89,652849212,2490.42,3643.92,,,,,,,,,,
train1__val_cls_dna_nt_v3_650m_None_Hybrid_Concat_XGBoost__Train1Val_ClinVarHQ,76.9386,6.99,652849212,2490.42,3643.92,,,,,,,,,,
train1__val_cls_dna_nt_v3_650m_None_Hybrid_Concat_XGBoost__Train1Val_UniProt,76.9386,6.96,652849212,2490.42,3643.92,,,,,,,,,,
train1__val_cls_dna_nt_v3_650m_None_Hybrid_Concat_XGBoost__Train1Val_ProteinGym,76.9386,6.81,652849212,2490.42,3643.92,,,,,,,,,,
train1__val_cls_prot_None_esm1b_650m_PyTorch_Concat__Train1Val_Test,134.0749,5.48,653247799,1247.67,1961.98,,,,,,,,,,
train1__val_cls_prot_None_esm1b_650m_PyTorch_Concat__Train1Val_ClinVarHQ,134.0749,5.63,653247799,1247.67,1961.98,,,,,,,,,,
train1__val_cls_prot_None_esm1b_650m_PyTorch_Concat__Train1Val_UniProt,134.0749,5.65,653247799,1247.67,1961.98,,,,,,,,,,
train1__val_cls_prot_None_esm1b_650m_PyTorch_Concat__Train1Val_ProteinGym,134.0749,5.67,653247799,1247.67,1961.98,,,,,,,,,,
train1__val_cls_prot_None_esm1b_650m_Pure_XGBoost_Concat__Train1Val_Test,134.0749,5.48,653247799,1247.67,1961.98,,,,,,,,,,
train1__val_cls_prot_None_esm1b_650m_Pure_XGBoost_Concat__Train1Val_ClinVarHQ,134.0749,5.63,653247799,1247.67,1961.98,,,,,,,,,,
train1__val_cls_prot_None_esm1b_650m_Pure_XGBoost_Concat__Train1Val_UniProt,134.0749,5.66,653247799,1247.67,1961.98,,,,,,,,,,
train1__val_cls_prot_None_esm1b_650m_Pure_XGBoost_Concat__Train1Val_ProteinGym,134.0749,5.68,653247799,1247.67,1961.98,,,,,,,,,,
train1__val_cls_prot_None_esm1b_650m_Hybrid_Concat_XGBoost__Train1Val_Test,134.0749,5.48,653247799,1247.67,1961.98,,,,,,,,,,
train1__val_cls_prot_None_esm1b_650m_Hybrid_Concat_XGBoost__Train1Val_ClinVarHQ,134.0749,5.63,653247799,1247.67,1961.98,,,,,,,,,,
train1__val_cls_prot_None_esm1b_650m_Hybrid_Concat_XGBoost__Train1Val_UniProt,134.0749,5.65,653247799,1247.67,1961.98,,,,,,,,,,
train1__val_cls_prot_None_esm1b_650m_Hybrid_Concat_XGBoost__Train1Val_ProteinGym,134.0749,5.67,653247799,1247.67,1961.98,,,,,,,,,,
train1__val_mean_dna_nt_v3_650m_None_PyTorch_Concat__Train1Val_Test,76.9386,6.9,652849212,2490.42,3643.92,,,,,,,,,,
train1__val_mean_dna_nt_v3_650m_None_PyTorch_Concat__Train1Val_ClinVarHQ,76.9386,6.98,652849212,2490.42,3643.92,,,,,,,,,,
train1__val_mean_dna_nt_v3_650m_None_PyTorch_Concat__Train1Val_UniProt,76.9386,6.96,652849212,2490.42,3643.92,,,,,,,,,,
train1__val_mean_dna_nt_v3_650m_None_PyTorch_Concat__Train1Val_ProteinGym,76.9386,6.81,652849212,2490.42,3643.92,,,,,,,,,,
train1__val_mean_dna_nt_v3_650m_None_Pure_XGBoost_Concat__Train1Val_Test,76.9386,6.89,652849212,2490.42,3643.92,,,,,,,,,,
train1__val_mean_dna_nt_v3_650m_None_Pure_XGBoost_Concat__Train1Val_ClinVarHQ,76.9386,6.99,652849212,2490.42,3643.92,,,,,,,,,,
train1__val_mean_dna_nt_v3_650m_None_Pure_XGBoost_Concat__Train1Val_UniProt,76.9386,6.97,652849212,2490.42,3643.92,,,,,,,,,,
train1__val_mean_dna_nt_v3_650m_None_Pure_XGBoost_Concat__Train1Val_ProteinGym,76.9386,6.82,652849212,2490.42,3643.92,,,,,,,,,,
train1__val_mean_dna_nt_v3_650m_None_Hybrid_Concat_XGBoost__Train1Val_Test,76.9386,6.89,652849212,2490.42,3643.92,,,,,,,,,,
train1__val_mean_dna_nt_v3_650m_None_Hybrid_Concat_XGBoost__Train1Val_ClinVarHQ,76.9386,6.99,652849212,2490.42,3643.92,,,,,,,,,,
train1__val_mean_dna_nt_v3_650m_None_Hybrid_Concat_XGBoost__Train1Val_UniProt,76.9386,6.96,652849212,2490.42,3643.92,,,,,,,,,,
train1__val_mean_dna_nt_v3_650m_None_Hybrid_Concat_XGBoost__Train1Val_ProteinGym,76.9386,6.81,652849212,2490.42,3643.92,,,,,,,,,,
train1__val_mean_prot_None_esm1b_650m_PyTorch_Concat__Train1Val_Test,134.0749,5.48,653247799,1247.67,1961.98,,,,,,,,,,
train1__val_mean_prot_None_esm1b_650m_PyTorch_Concat__Train1Val_ClinVarHQ,134.0749,5.63,653247799,1247.67,1961.98,,,,,,,,,,
train1__val_mean_prot_None_esm1b_650m_PyTorch_Concat__Train1Val_UniProt,134.0749,5.66,653247799,1247.67,1961.98,,,,,,,,,,
train1__val_mean_prot_None_esm1b_650m_PyTorch_Concat__Train1Val_ProteinGym,134.0749,5.68,653247799,1247.67,1961.98,,,,,,,,,,
train1__val_mean_prot_None_esm1b_650m_Pure_XGBoost_Concat__Train1Val_Test,134.0749,5.48,653247799,1247.67,1961.98,,,,,,,,,,
train1__val_mean_prot_None_esm1b_650m_Pure_XGBoost_Concat__Train1Val_ClinVarHQ,134.0749,5.64,653247799,1247.67,1961.98,,,,,,,,,,
train1__val_mean_prot_None_esm1b_650m_Pure_XGBoost_Concat__Train1Val_UniProt,134.0749,5.66,653247799,1247.67,1961.98,,,,,,,,,,
train1__val_mean_prot_None_esm1b_650m_Pure_XGBoost_Concat__Train1Val_ProteinGym,134.0749,5.67,653247799,1247.67,1961.98,,,,,,,,,,
train1__val_mean_prot_None_esm1b_650m_Hybrid_Concat_XGBoost__Train1Val_Test,134.0749,5.48,653247799,1247.67,1961.98,,,,,,,,,,
train1__val_mean_prot_None_esm1b_650m_Hybrid_Concat_XGBoost__Train1Val_ClinVarHQ,134.0749,5.63,653247799,1247.67,1961.98,,,,,,,,,,
train1__val_mean_prot_None_esm1b_650m_Hybrid_Concat_XGBoost__Train1Val_UniProt,134.0749,5.65,653247799,1247.67,1961.98,,,,,,,,,,
train1__val_mean_prot_None_esm1b_650m_Hybrid_Concat_XGBoost__Train1Val_ProteinGym,134.0749,5.67,653247799,1247.67,1961.98,,,,,,,,,,
train1__val_center_bio_None_None_PyTorch_Concat__Train1Val_Test,0.0002,0.0,85121,0.32,0.0,0.0,0.0,0.0,0.0,0.0002,0.0,85121.0,0.32,0.0,0.0
train1__val_center_bio_None_None_PyTorch_Concat__Train1Val_ClinVarHQ,0.0002,0.0,85121,0.32,0.0,0.0,0.0,0.0,0.0,0.0002,0.0,85121.0,0.32,0.0,0.0
train1__val_center_bio_None_None_PyTorch_Concat__Train1Val_UniProt,0.0002,0.0,85121,0.32,0.0,0.0,0.0,0.0,0.0,0.0002,0.0,85121.0,0.32,0.0,0.0
train1__val_center_bio_None_None_PyTorch_Concat__Train1Val_ProteinGym,0.0002,0.0,85121,0.32,0.0,0.0,0.0,0.0,0.0,0.0002,0.0,85121.0,0.32,0.0,0.0
train1__val_center_bio_None_None_Pure_XGBoost_Concat__Train1Val_Test,0.0,0.0,0,1.31,0.0,0.0,0.0,0.0,0.0,0.0,0.0,0.0,1.31,1.31,0.0
train1__val_center_bio_None_None_Pure_XGBoost_Concat__Train1Val_ClinVarHQ,0.0,0.0,0,1.31,0.0,0.0,0.0,0.0,0.0,0.0,0.0,0.0,1.31,1.31,0.0
train1__val_center_bio_None_None_Pure_XGBoost_Concat__Train1Val_UniProt,0.0,0.0,0,1.31,0.0,0.0,0.0,0.0,0.0,0.0,0.0,0.0,1.31,1.31,0.0
train1__val_center_bio_None_None_Pure_XGBoost_Concat__Train1Val_ProteinGym,0.0,0.0,0,1.31,0.0,0.0,0.0,0.0,0.0,0.0,0.0,0.0,1.31,1.31,0.0
train1__val_center_bio_None_None_Hybrid_Concat_XGBoost__Train1Val_Test,0.0002,0.01,85121,1.69,0.0,0.0,0.0,0.0,0.0,0.0002,0.01,85121.0,1.69,1.37,0.0
train1__val_center_bio_None_None_Hybrid_Concat_XGBoost__Train1Val_ClinVarHQ,0.0002,0.01,85121,1.69,0.0,0.0,0.0,0.0,0.0,0.0002,0.01,85121.0,1.69,1.37,0.0
train1__val_center_bio_None_None_Hybrid_Concat_XGBoost__Train1Val_UniProt,0.0002,0.01,85121,1.69,0.0,0.0,0.0,0.0,0.0,0.0002,0.01,85121.0,1.69,1.37,0.0
train1__val_center_bio_None_None_Hybrid_Concat_XGBoost__Train1Val_ProteinGym,0.0002,0.01,85121,1.69,0.0,0.0,0.0,0.0,0.0,0.0002,0.01,85121.0,1.69,1.37,0.0
train1__val_center_geom_nt_v3_650m_esmc_600m_PyTorch_Concat__Train1Val_Test,0.0002,0.95,84737,0.32,225.08,0.0,0.0,0.0,0.95,0.0002,0.0,84737.0,0.32,0.0,0.0
train1__val_center_geom_nt_v3_650m_esmc_600m_PyTorch_Concat__Train1Val_ClinVarHQ,0.0002,1.14,84737,0.32,33.85,0.0,0.0,0.0,1.14,0.0002,0.0,84737.0,0.32,0.0,0.0
train1__val_center_geom_nt_v3_650m_esmc_600m_PyTorch_Concat__Train1Val_UniProt,0.0002,1.01,84737,0.32,56.45,0.0,0.0,0.0,1.01,0.0002,0.0,84737.0,0.32,0.0,0.0
train1__val_center_geom_nt_v3_650m_esmc_600m_PyTorch_Concat__Train1Val_ProteinGym,0.0002,1.02,84737,0.32,60.9,0.0,0.0,0.0,1.02,0.0002,0.0,84737.0,0.32,0.0,0.0
train1__val_center_geom_nt_v3_650m_esmc_600m_Pure_XGBoost_Concat__Train1Val_Test,0.0,0.95,0,0.2,225.08,0.0,0.0,0.0,0.95,0.0,0.0,0.0,0.2,0.2,0.0
train1__val_center_geom_nt_v3_650m_esmc_600m_Pure_XGBoost_Concat__Train1Val_ClinVarHQ,0.0,1.14,0,0.2,33.85,0.0,0.0,0.0,1.14,0.0,0.0,0.0,0.2,0.2,0.0
train1__val_center_geom_nt_v3_650m_esmc_600m_Pure_XGBoost_Concat__Train1Val_UniProt,0.0,1.01,0,0.2,56.45,0.0,0.0,0.0,1.01,0.0,0.0,0.0,0.2,0.2,0.0
train1__val_center_geom_nt_v3_650m_esmc_600m_Pure_XGBoost_Concat__Train1Val_ProteinGym,0.0,1.02,0,0.2,60.9,0.0,0.0,0.0,1.02,0.0,0.0,0.0,0.2,0.2,0.0
train1__val_center_geom_nt_v3_650m_esmc_600m_Hybrid_Concat_XGBoost__Train1Val_Test,0.0002,0.96,84737,0.49,225.08,0.0,0.0,0.0,0.95,0.0002,0.01,84737.0,0.49,0.17,0.0
train1__val_center_geom_nt_v3_650m_esmc_600m_Hybrid_Concat_XGBoost__Train1Val_ClinVarHQ,0.0002,1.15,84737,0.49,33.85,0.0,0.0,0.0,1.14,0.0002,0.01,84737.0,0.49,0.17,0.0
train1__val_center_geom_nt_v3_650m_esmc_600m_Hybrid_Concat_XGBoost__Train1Val_UniProt,0.0002,1.02,84737,0.49,56.45,0.0,0.0,0.0,1.01,0.0002,0.01,84737.0,0.49,0.17,0.0
train1__val_center_geom_nt_v3_650m_esmc_600m_Hybrid_Concat_XGBoost__Train1Val_ProteinGym,0.0002,1.02,84737,0.49,60.9,0.0,0.0,0.0,1.02,0.0002,0.01,84737.0,0.49,0.17,0.0
train1__val_center_dna_nt_v3_650m_None_PyTorch_Concat__Train1Val_Test,76.9386,6.89,652849212,2490.42,3643.92,76.9366,6.89,0.0,0.0,0.002,0.0,1019777.0,3.89,0.0,0.0
train1__val_center_dna_nt_v3_650m_None_PyTorch_Concat__Train1Val_ClinVarHQ,76.9386,6.98,652849212,2490.42,3643.92,76.9366,6.98,0.0,0.0,0.002,0.0,1019777.0,3.89,0.0,0.0
train1__val_center_dna_nt_v3_650m_None_PyTorch_Concat__Train1Val_UniProt,76.9386,6.97,652849212,2490.42,3643.92,76.9366,6.96,0.0,0.0,0.002,0.01,1019777.0,3.89,0.0,0.0
train1__val_center_dna_nt_v3_650m_None_PyTorch_Concat__Train1Val_ProteinGym,76.9386,6.82,652849212,2490.42,3643.92,76.9366,6.81,0.0,0.0,0.002,0.01,1019777.0,3.89,0.0,0.0
train1__val_center_dna_nt_v3_650m_None_Pure_XGBoost_Concat__Train1Val_Test,76.9366,6.89,651829435,2488.79,3643.92,76.9366,6.89,0.0,0.0,0.0,0.0,0.0,2.26,2.26,0.0
train1__val_center_dna_nt_v3_650m_None_Pure_XGBoost_Concat__Train1Val_ClinVarHQ,76.9366,6.99,651829435,2488.79,3643.92,76.9366,6.98,0.0,0.0,0.0,0.01,0.0,2.26,2.26,0.0
train1__val_center_dna_nt_v3_650m_None_Pure_XGBoost_Concat__Train1Val_UniProt,76.9366,6.97,651829435,2488.79,3643.92,76.9366,6.96,0.0,0.0,0.0,0.01,0.0,2.26,2.26,0.0
train1__val_center_dna_nt_v3_650m_None_Pure_XGBoost_Concat__Train1Val_ProteinGym,76.9366,6.81,651829435,2488.79,3643.92,76.9366,6.81,0.0,0.0,0.0,0.0,0.0,2.26,2.26,0.0
train1__val_center_dna_nt_v3_650m_None_Hybrid_Concat_XGBoost__Train1Val_Test,76.9386,6.91,652849212,2492.6,3643.92,76.9366,6.89,0.0,0.0,0.002,0.02,1019777.0,6.07,2.18,0.0
train1__val_center_dna_nt_v3_650m_None_Hybrid_Concat_XGBoost__Train1Val_ClinVarHQ,76.9386,7.0,652849212,2492.6,3643.92,76.9366,6.98,0.0,0.0,0.002,0.02,1019777.0,6.07,2.18,0.0
train1__val_center_dna_nt_v3_650m_None_Hybrid_Concat_XGBoost__Train1Val_UniProt,76.9386,6.98,652849212,2492.6,3643.92,76.9366,6.96,0.0,0.0,0.002,0.02,1019777.0,6.07,2.18,0.0
train1__val_center_dna_nt_v3_650m_None_Hybrid_Concat_XGBoost__Train1Val_ProteinGym,76.9386,6.83,652849212,2492.6,3643.92,76.9366,6.81,0.0,0.0,0.002,0.02,1019777.0,6.07,2.18,0.0
train1__val_center_prot_None_esmc_600m_PyTorch_Concat__Train1Val_Test,118.3928,4.68,575860161,1099.94,1469.0,118.3912,4.68,0.0,0.0,0.0016,0.0,823169.0,3.14,0.0,0.0
train1__val_center_prot_None_esmc_600m_PyTorch_Concat__Train1Val_ClinVarHQ,118.3928,4.75,575860161,1099.94,1469.0,118.3912,4.75,0.0,0.0,0.0016,0.0,823169.0,3.14,0.0,0.0
train1__val_center_prot_None_esmc_600m_PyTorch_Concat__Train1Val_UniProt,118.3928,4.7,575860161,1099.94,1469.0,118.3912,4.69,0.0,0.0,0.0016,0.01,823169.0,3.14,0.0,0.0
train1__val_center_prot_None_esmc_600m_PyTorch_Concat__Train1Val_ProteinGym,118.3928,4.71,575860161,1099.94,1469.0,118.3912,4.7,0.0,0.0,0.0016,0.01,823169.0,3.14,0.0,0.0
train1__val_center_prot_None_esmc_600m_Pure_XGBoost_Concat__Train1Val_Test,118.3912,4.68,575036992,1099.03,1469.0,118.3912,4.68,0.0,0.0,0.0,0.0,0.0,2.23,2.23,0.0
train1__val_center_prot_None_esmc_600m_Pure_XGBoost_Concat__Train1Val_ClinVarHQ,118.3912,4.76,575036992,1099.03,1469.0,118.3912,4.75,0.0,0.0,0.0,0.01,0.0,2.23,2.23,0.0
train1__val_center_prot_None_esmc_600m_Pure_XGBoost_Concat__Train1Val_UniProt,118.3912,4.69,575036992,1099.03,1469.0,118.3912,4.69,0.0,0.0,0.0,0.0,0.0,2.23,2.23,0.0
train1__val_center_prot_None_esmc_600m_Pure_XGBoost_Concat__Train1Val_ProteinGym,118.3912,4.7,575036992,1099.03,1469.0,118.3912,4.7,0.0,0.0,0.0,0.0,0.0,2.23,2.23,0.0
train1__val_center_prot_None_esmc_600m_Hybrid_Concat_XGBoost__Train1Val_Test,118.3928,4.69,575860161,1101.81,1469.0,118.3912,4.68,0.0,0.0,0.0016,0.01,823169.0,5.01,1.87,0.0
train1__val_center_prot_None_esmc_600m_Hybrid_Concat_XGBoost__Train1Val_ClinVarHQ,118.3928,4.77,575860161,1101.81,1469.0,118.3912,4.75,0.0,0.0,0.0016,0.02,823169.0,5.01,1.87,0.0
train1__val_center_prot_None_esmc_600m_Hybrid_Concat_XGBoost__Train1Val_UniProt,118.3928,4.71,575860161,1101.81,1469.0,118.3912,4.69,0.0,0.0,0.0016,0.02,823169.0,5.01,1.87,0.0
train1__val_center_prot_None_esmc_600m_Hybrid_Concat_XGBoost__Train1Val_ProteinGym,118.3928,4.71,575860161,1101.81,1469.0,118.3912,4.7,0.0,0.0,0.0016,0.01,823169.0,5.01,1.87,0.0
train1__val_center_bio_dna_nt_v3_650m_None_PyTorch_Concat__Train1Val_Test,76.9387,6.89,652900156,2490.61,3643.92,76.9366,6.89,0.0,0.0,0.0021,0.0,1070721.0,4.08,0.0,0.0
train1__val_center_bio_dna_nt_v3_650m_None_PyTorch_Concat__Train1Val_ClinVarHQ,76.9387,6.99,652900156,2490.61,3643.92,76.9366,6.98,0.0,0.0,0.0021,0.01,1070721.0,4.08,0.0,0.0
train1__val_center_bio_dna_nt_v3_650m_None_PyTorch_Concat__Train1Val_UniProt,76.9387,6.97,652900156,2490.61,3643.92,76.9366,6.96,0.0,0.0,0.0021,0.01,1070721.0,4.08,0.0,0.0
train1__val_center_bio_dna_nt_v3_650m_None_PyTorch_Concat__Train1Val_ProteinGym,76.9387,6.82,652900156,2490.61,3643.92,76.9366,6.81,0.0,0.0,0.0021,0.01,1070721.0,4.08,0.0,0.0
train1__val_center_bio_dna_nt_v3_650m_None_Pure_XGBoost_Concat__Train1Val_Test,76.9366,6.89,651829435,2488.62,3643.92,76.9366,6.89,0.0,0.0,0.0,0.0,0.0,2.09,2.09,0.0
train1__val_center_bio_dna_nt_v3_650m_None_Pure_XGBoost_Concat__Train1Val_ClinVarHQ,76.9366,6.99,651829435,2488.62,3643.92,76.9366,6.98,0.0,0.0,0.0,0.01,0.0,2.09,2.09,0.0
train1__val_center_bio_dna_nt_v3_650m_None_Pure_XGBoost_Concat__Train1Val_UniProt,76.9366,6.97,651829435,2488.62,3643.92,76.9366,6.96,0.0,0.0,0.0,0.01,0.0,2.09,2.09,0.0
train1__val_center_bio_dna_nt_v3_650m_None_Pure_XGBoost_Concat__Train1Val_ProteinGym,76.9366,6.82,651829435,2488.62,3643.92,76.9366,6.81,0.0,0.0,0.0,0.01,0.0,2.09,2.09,0.0
train1__val_center_bio_dna_nt_v3_650m_None_Hybrid_Concat_XGBoost__Train1Val_Test,76.9387,6.92,652900156,2492.01,3643.92,76.9366,6.89,0.0,0.0,0.0021,0.03,1070721.0,5.48,1.4,0.0
train1__val_center_bio_dna_nt_v3_650m_None_Hybrid_Concat_XGBoost__Train1Val_ClinVarHQ,76.9387,7.0,652900156,2492.01,3643.92,76.9366,6.98,0.0,0.0,0.0021,0.02,1070721.0,5.48,1.4,0.0
train1__val_center_bio_dna_nt_v3_650m_None_Hybrid_Concat_XGBoost__Train1Val_UniProt,76.9387,6.98,652900156,2492.01,3643.92,76.9366,6.96,0.0,0.0,0.0021,0.02,1070721.0,5.48,1.4,0.0
train1__val_center_bio_dna_nt_v3_650m_None_Hybrid_Concat_XGBoost__Train1Val_ProteinGym,76.9387,6.83,652900156,2492.01,3643.92,76.9366,6.81,0.0,0.0,0.0021,0.02,1070721.0,5.48,1.4,0.0
train1__val_center_bio_prot_None_esmc_600m_PyTorch_Concat__Train1Val_Test,118.393,4.68,575911105,1100.13,1469.0,118.3912,4.68,0.0,0.0,0.0018,0.0,874113.0,3.33,0.0,0.0
train1__val_center_bio_prot_None_esmc_600m_PyTorch_Concat__Train1Val_ClinVarHQ,118.393,4.75,575911105,1100.13,1469.0,118.3912,4.75,0.0,0.0,0.0018,0.01,874113.0,3.33,0.0,0.0
train1__val_center_bio_prot_None_esmc_600m_PyTorch_Concat__Train1Val_UniProt,118.393,4.69,575911105,1100.13,1469.0,118.3912,4.69,0.0,0.0,0.0018,0.0,874113.0,3.33,0.0,0.0
train1__val_center_bio_prot_None_esmc_600m_PyTorch_Concat__Train1Val_ProteinGym,118.393,4.7,575911105,1100.13,1469.0,118.3912,4.7,0.0,0.0,0.0018,0.0,874113.0,3.33,0.0,0.0
train1__val_center_bio_prot_None_esmc_600m_Pure_XGBoost_Concat__Train1Val_Test,118.3912,4.68,575036992,1098.57,1469.0,118.3912,4.68,0.0,0.0,0.0,0.0,0.0,1.77,1.77,0.0
train1__val_center_bio_prot_None_esmc_600m_Pure_XGBoost_Concat__Train1Val_ClinVarHQ,118.3912,4.76,575036992,1098.57,1469.0,118.3912,4.75,0.0,0.0,0.0,0.01,0.0,1.77,1.77,0.0
train1__val_center_bio_prot_None_esmc_600m_Pure_XGBoost_Concat__Train1Val_UniProt,118.3912,4.69,575036992,1098.57,1469.0,118.3912,4.69,0.0,0.0,0.0,0.0,0.0,1.77,1.77,0.0
train1__val_center_bio_prot_None_esmc_600m_Pure_XGBoost_Concat__Train1Val_ProteinGym,118.3912,4.7,575036992,1098.57,1469.0,118.3912,4.7,0.0,0.0,0.0,0.0,0.0,1.77,1.77,0.0
train1__val_center_bio_prot_None_esmc_600m_Hybrid_Concat_XGBoost__Train1Val_Test,118.393,4.7,575911105,1101.23,1469.0,118.3912,4.68,0.0,0.0,0.0018,0.02,874113.0,4.43,1.1,0.0
train1__val_center_bio_prot_None_esmc_600m_Hybrid_Concat_XGBoost__Train1Val_ClinVarHQ,118.393,4.77,575911105,1101.23,1469.0,118.3912,4.75,0.0,0.0,0.0018,0.02,874113.0,4.43,1.1,0.0
train1__val_center_bio_prot_None_esmc_600m_Hybrid_Concat_XGBoost__Train1Val_UniProt,118.393,4.71,575911105,1101.23,1469.0,118.3912,4.69,0.0,0.0,0.0018,0.02,874113.0,4.43,1.1,0.0
train1__val_center_bio_prot_None_esmc_600m_Hybrid_Concat_XGBoost__Train1Val_ProteinGym,118.393,4.72,575911105,1101.23,1469.0,118.3912,4.7,0.0,0.0,0.0018,0.02,874113.0,4.43,1.1,0.0
train1__val_center_dna_geom_nt_v3_650m_esmc_600m_PyTorch_Concat__Train1Val_Test,76.9387,7.84,652899772,2490.61,3643.92,76.9366,6.89,0.0,0.95,0.0021,0.0,1070337.0,4.08,0.0,0.0
train1__val_center_dna_geom_nt_v3_650m_esmc_600m_PyTorch_Concat__Train1Val_ClinVarHQ,76.9387,8.13,652899772,2490.61,3643.92,76.9366,6.98,0.0,1.14,0.0021,0.01,1070337.0,4.08,0.0,0.0
train1__val_center_dna_geom_nt_v3_650m_esmc_600m_PyTorch_Concat__Train1Val_UniProt,76.9387,7.97,652899772,2490.61,3643.92,76.9366,6.96,0.0,1.01,0.0021,0.0,1070337.0,4.08,0.0,0.0
train1__val_center_dna_geom_nt_v3_650m_esmc_600m_PyTorch_Concat__Train1Val_ProteinGym,76.9387,7.83,652899772,2490.61,3643.92,76.9366,6.81,0.0,1.02,0.0021,0.01,1070337.0,4.08,0.0,0.0
train1__val_center_dna_geom_nt_v3_650m_esmc_600m_Pure_XGBoost_Concat__Train1Val_Test,76.9366,7.84,651829435,2486.72,3643.92,76.9366,6.89,0.0,0.95,0.0,0.0,0.0,0.19,0.19,0.0
train1__val_center_dna_geom_nt_v3_650m_esmc_600m_Pure_XGBoost_Concat__Train1Val_ClinVarHQ,76.9366,8.13,651829435,2486.72,3643.92,76.9366,6.98,0.0,1.14,0.0,0.0,0.0,0.19,0.19,0.0
train1__val_center_dna_geom_nt_v3_650m_esmc_600m_Pure_XGBoost_Concat__Train1Val_UniProt,76.9366,7.97,651829435,2486.72,3643.92,76.9366,6.96,0.0,1.01,0.0,0.0,0.0,0.19,0.19,0.0
train1__val_center_dna_geom_nt_v3_650m_esmc_600m_Pure_XGBoost_Concat__Train1Val_ProteinGym,76.9366,7.83,651829435,2486.72,3643.92,76.9366,6.81,0.0,1.02,0.0,0.0,0.0,0.19,0.19,0.0
train1__val_center_dna_geom_nt_v3_650m_esmc_600m_Hybrid_Concat_XGBoost__Train1Val_Test,76.9387,7.86,652899772,2490.81,3643.92,76.9366,6.89,0.0,0.95,0.0021,0.02,1070337.0,4.28,0.2,0.0
train1__val_center_dna_geom_nt_v3_650m_esmc_600m_Hybrid_Concat_XGBoost__Train1Val_ClinVarHQ,76.9387,8.14,652899772,2490.81,3643.92,76.9366,6.98,0.0,1.14,0.0021,0.02,1070337.0,4.28,0.2,0.0
train1__val_center_dna_geom_nt_v3_650m_esmc_600m_Hybrid_Concat_XGBoost__Train1Val_UniProt,76.9387,7.99,652899772,2490.81,3643.92,76.9366,6.96,0.0,1.01,0.0021,0.02,1070337.0,4.28,0.2,0.0
train1__val_center_dna_geom_nt_v3_650m_esmc_600m_Hybrid_Concat_XGBoost__Train1Val_ProteinGym,76.9387,7.84,652899772,2490.81,3643.92,76.9366,6.81,0.0,1.02,0.0021,0.02,1070337.0,4.28,0.2,0.0
train1__val_center_geom_prot_nt_v3_650m_esmc_600m_PyTorch_Concat__Train1Val_Test,118.393,5.63,575910721,1100.13,1469.0,118.3912,4.68,0.0,0.95,0.0018,0.0,873729.0,3.33,0.0,0.0
train1__val_center_geom_prot_nt_v3_650m_esmc_600m_PyTorch_Concat__Train1Val_ClinVarHQ,118.393,5.9,575910721,1100.13,1469.0,118.3912,4.75,0.0,1.14,0.0018,0.0,873729.0,3.33,0.0,0.0
train1__val_center_geom_prot_nt_v3_650m_esmc_600m_PyTorch_Concat__Train1Val_UniProt,118.393,5.7,575910721,1100.13,1469.0,118.3912,4.69,0.0,1.01,0.0018,0.01,873729.0,3.33,0.0,0.0
train1__val_center_geom_prot_nt_v3_650m_esmc_600m_PyTorch_Concat__Train1Val_ProteinGym,118.393,5.72,575910721,1100.13,1469.0,118.3912,4.7,0.0,1.02,0.0018,0.0,873729.0,3.33,0.0,0.0
train1__val_center_geom_prot_nt_v3_650m_esmc_600m_Pure_XGBoost_Concat__Train1Val_Test,118.3912,5.63,575036992,1096.99,1469.0,118.3912,4.68,0.0,0.95,0.0,0.0,0.0,0.19,0.19,0.0
train1__val_center_geom_prot_nt_v3_650m_esmc_600m_Pure_XGBoost_Concat__Train1Val_ClinVarHQ,118.3912,5.9,575036992,1096.99,1469.0,118.3912,4.75,0.0,1.14,0.0,0.01,0.0,0.19,0.19,0.0
train1__val_center_geom_prot_nt_v3_650m_esmc_600m_Pure_XGBoost_Concat__Train1Val_UniProt,118.3912,5.7,575036992,1096.99,1469.0,118.3912,4.69,0.0,1.01,0.0,0.0,0.0,0.19,0.19,0.0
train1__val_center_geom_prot_nt_v3_650m_esmc_600m_Pure_XGBoost_Concat__Train1Val_ProteinGym,118.3912,5.72,575036992,1096.99,1469.0,118.3912,4.7,0.0,1.02,0.0,0.0,0.0,0.19,0.19,0.0
train1__val_center_geom_prot_nt_v3_650m_esmc_600m_Hybrid_Concat_XGBoost__Train1Val_Test,118.393,5.65,575910721,1100.39,1469.0,118.3912,4.68,0.0,0.95,0.0018,0.02,873729.0,3.59,0.26,0.0
train1__val_center_geom_prot_nt_v3_650m_esmc_600m_Hybrid_Concat_XGBoost__Train1Val_ClinVarHQ,118.393,5.91,575910721,1100.39,1469.0,118.3912,4.75,0.0,1.14,0.0018,0.02,873729.0,3.59,0.26,0.0
train1__val_center_geom_prot_nt_v3_650m_esmc_600m_Hybrid_Concat_XGBoost__Train1Val_UniProt,118.393,5.71,575910721,1100.39,1469.0,118.3912,4.69,0.0,1.01,0.0018,0.02,873729.0,3.59,0.26,0.0
train1__val_center_geom_prot_nt_v3_650m_esmc_600m_Hybrid_Concat_XGBoost__Train1Val_ProteinGym,118.393,5.73,575910721,1100.39,1469.0,118.3912,4.7,0.0,1.02,0.0018,0.02,873729.0,3.59,0.26,0.0
train1__val_center_bio_dna_geom_nt_v3_650m_esmc_600m_PyTorch_Concat__Train1Val_Test,76.9387,7.84,652901180,2490.62,3643.92,76.9366,6.89,0.0,0.95,0.0021,0.0,1071745.0,4.09,0.0,0.0
train1__val_center_bio_dna_geom_nt_v3_650m_esmc_600m_PyTorch_Concat__Train1Val_ClinVarHQ,76.9387,8.13,652901180,2490.62,3643.92,76.9366,6.98,0.0,1.14,0.0021,0.01,1071745.0,4.09,0.0,0.0
train1__val_center_bio_dna_geom_nt_v3_650m_esmc_600m_PyTorch_Concat__Train1Val_UniProt,76.9387,7.97,652901180,2490.62,3643.92,76.9366,6.96,0.0,1.01,0.0021,0.0,1071745.0,4.09,0.0,0.0
train1__val_center_bio_dna_geom_nt_v3_650m_esmc_600m_PyTorch_Concat__Train1Val_ProteinGym,76.9387,7.83,652901180,2490.62,3643.92,76.9366,6.81,0.0,1.02,0.0021,0.01,1071745.0,4.09,0.0,0.0
train1__val_center_bio_dna_geom_nt_v3_650m_esmc_600m_Pure_XGBoost_Concat__Train1Val_Test,76.9366,7.84,651829435,2486.82,3643.92,76.9366,6.89,0.0,0.95,0.0,0.0,0.0,0.29,0.29,0.0
train1__val_center_bio_dna_geom_nt_v3_650m_esmc_600m_Pure_XGBoost_Concat__Train1Val_ClinVarHQ,76.9366,8.13,651829435,2486.82,3643.92,76.9366,6.98,0.0,1.14,0.0,0.01,0.0,0.29,0.29,0.0
train1__val_center_bio_dna_geom_nt_v3_650m_esmc_600m_Pure_XGBoost_Concat__Train1Val_UniProt,76.9366,7.97,651829435,2486.82,3643.92,76.9366,6.96,0.0,1.01,0.0,0.0,0.0,0.29,0.29,0.0
train1__val_center_bio_dna_geom_nt_v3_650m_esmc_600m_Pure_XGBoost_Concat__Train1Val_ProteinGym,76.9366,7.83,651829435,2486.82,3643.92,76.9366,6.81,0.0,1.02,0.0,0.0,0.0,0.29,0.29,0.0
train1__val_center_bio_dna_geom_nt_v3_650m_esmc_600m_Hybrid_Concat_XGBoost__Train1Val_Test,76.9387,7.86,652901180,2490.83,3643.92,76.9366,6.89,0.0,0.95,0.0021,0.02,1071745.0,4.3,0.21,0.0
train1__val_center_bio_dna_geom_nt_v3_650m_esmc_600m_Hybrid_Concat_XGBoost__Train1Val_ClinVarHQ,76.9387,8.15,652901180,2490.83,3643.92,76.9366,6.98,0.0,1.14,0.0021,0.03,1071745.0,4.3,0.21,0.0
train1__val_center_bio_dna_geom_nt_v3_650m_esmc_600m_Hybrid_Concat_XGBoost__Train1Val_UniProt,76.9387,7.99,652901180,2490.83,3643.92,76.9366,6.96,0.0,1.01,0.0021,0.02,1071745.0,4.3,0.21,0.0
train1__val_center_bio_dna_geom_nt_v3_650m_esmc_600m_Hybrid_Concat_XGBoost__Train1Val_ProteinGym,76.9387,7.84,652901180,2490.83,3643.92,76.9366,6.81,0.0,1.02,0.0021,0.02,1071745.0,4.3,0.21,0.0
train1__val_center_bio_geom_prot_nt_v3_650m_esmc_600m_PyTorch_Concat__Train1Val_Test,118.393,5.63,575912129,1100.14,1469.0,118.3912,4.68,0.0,0.95,0.0018,0.0,875137.0,3.34,0.0,0.0
train1__val_center_bio_geom_prot_nt_v3_650m_esmc_600m_PyTorch_Concat__Train1Val_ClinVarHQ,118.393,5.9,575912129,1100.14,1469.0,118.3912,4.75,0.0,1.14,0.0018,0.01,875137.0,3.34,0.0,0.0
train1__val_center_bio_geom_prot_nt_v3_650m_esmc_600m_PyTorch_Concat__Train1Val_UniProt,118.393,5.7,575912129,1100.14,1469.0,118.3912,4.69,0.0,1.01,0.0018,0.0,875137.0,3.34,0.0,0.0
train1__val_center_bio_geom_prot_nt_v3_650m_esmc_600m_PyTorch_Concat__Train1Val_ProteinGym,118.393,5.72,575912129,1100.14,1469.0,118.3912,4.7,0.0,1.02,0.0018,0.0,875137.0,3.34,0.0,0.0
train1__val_center_bio_geom_prot_nt_v3_650m_esmc_600m_Pure_XGBoost_Concat__Train1Val_Test,118.3912,5.63,575036992,1097.09,1469.0,118.3912,4.68,0.0,0.95,0.0,0.0,0.0,0.29,0.29,0.0
train1__val_center_bio_geom_prot_nt_v3_650m_esmc_600m_Pure_XGBoost_Concat__Train1Val_ClinVarHQ,118.3912,5.9,575036992,1097.09,1469.0,118.3912,4.75,0.0,1.14,0.0,0.01,0.0,0.29,0.29,0.0
train1__val_center_bio_geom_prot_nt_v3_650m_esmc_600m_Pure_XGBoost_Concat__Train1Val_UniProt,118.3912,5.7,575036992,1097.09,1469.0,118.3912,4.69,0.0,1.01,0.0,0.0,0.0,0.29,0.29,0.0
train1__val_center_bio_geom_prot_nt_v3_650m_esmc_600m_Pure_XGBoost_Concat__Train1Val_ProteinGym,118.3912,5.72,575036992,1097.09,1469.0,118.3912,4.7,0.0,1.02,0.0,0.0,0.0,0.29,0.29,0.0
train1__val_center_bio_geom_prot_nt_v3_650m_esmc_600m_Hybrid_Concat_XGBoost__Train1Val_Test,118.393,5.65,575912129,1100.37,1469.0,118.3912,4.68,0.0,0.95,0.0018,0.02,875137.0,3.57,0.23,0.0
train1__val_center_bio_geom_prot_nt_v3_650m_esmc_600m_Hybrid_Concat_XGBoost__Train1Val_ClinVarHQ,118.393,5.91,575912129,1100.37,1469.0,118.3912,4.75,0.0,1.14,0.0018,0.02,875137.0,3.57,0.23,0.0
train1__val_center_bio_geom_prot_nt_v3_650m_esmc_600m_Hybrid_Concat_XGBoost__Train1Val_UniProt,118.393,5.72,575912129,1100.37,1469.0,118.3912,4.69,0.0,1.01,0.0018,0.02,875137.0,3.57,0.23,0.0
train1__val_center_bio_geom_prot_nt_v3_650m_esmc_600m_Hybrid_Concat_XGBoost__Train1Val_ProteinGym,118.393,5.74,575912129,1100.37,1469.0,118.3912,4.7,0.0,1.02,0.0018,0.02,875137.0,3.57,0.23,0.0
train1__val_cls_bio_None_None_PyTorch_Concat__Train1Val_Test,0.0002,0.0,85121,0.32,0.0,0.0,0.0,0.0,0.0,0.0002,0.0,85121.0,0.32,0.0,0.0
train1__val_cls_bio_None_None_PyTorch_Concat__Train1Val_ClinVarHQ,0.0002,0.0,85121,0.32,0.0,0.0,0.0,0.0,0.0,0.0002,0.0,85121.0,0.32,0.0,0.0
train1__val_cls_bio_None_None_PyTorch_Concat__Train1Val_UniProt,0.0002,0.0,85121,0.32,0.0,0.0,0.0,0.0,0.0,0.0002,0.0,85121.0,0.32,0.0,0.0
train1__val_cls_bio_None_None_PyTorch_Concat__Train1Val_ProteinGym,0.0002,0.0,85121,0.32,0.0,0.0,0.0,0.0,0.0,0.0002,0.0,85121.0,0.32,0.0,0.0
train1__val_cls_bio_None_None_Pure_XGBoost_Concat__Train1Val_Test,0.0,0.0,0,1.01,0.0,0.0,0.0,0.0,0.0,0.0,0.0,0.0,1.01,1.01,0.0
train1__val_cls_bio_None_None_Pure_XGBoost_Concat__Train1Val_ClinVarHQ,0.0,0.0,0,1.01,0.0,0.0,0.0,0.0,0.0,0.0,0.0,0.0,1.01,1.01,0.0
train1__val_cls_bio_None_None_Pure_XGBoost_Concat__Train1Val_UniProt,0.0,0.0,0,1.01,0.0,0.0,0.0,0.0,0.0,0.0,0.0,0.0,1.01,1.01,0.0
train1__val_cls_bio_None_None_Pure_XGBoost_Concat__Train1Val_ProteinGym,0.0,0.0,0,1.01,0.0,0.0,0.0,0.0,0.0,0.0,0.0,0.0,1.01,1.01,0.0
train1__val_cls_bio_None_None_Hybrid_Concat_XGBoost__Train1Val_Test,0.0002,0.01,85121,1.49,0.0,0.0,0.0,0.0,0.0,0.0002,0.01,85121.0,1.49,1.17,0.0
train1__val_cls_bio_None_None_Hybrid_Concat_XGBoost__Train1Val_ClinVarHQ,0.0002,0.01,85121,1.49,0.0,0.0,0.0,0.0,0.0,0.0002,0.01,85121.0,1.49,1.17,0.0
train1__val_cls_bio_None_None_Hybrid_Concat_XGBoost__Train1Val_UniProt,0.0002,0.01,85121,1.49,0.0,0.0,0.0,0.0,0.0,0.0002,0.01,85121.0,1.49,1.17,0.0
train1__val_cls_bio_None_None_Hybrid_Concat_XGBoost__Train1Val_ProteinGym,0.0002,0.01,85121,1.49,0.0,0.0,0.0,0.0,0.0,0.0002,0.01,85121.0,1.49,1.17,0.0
train1__val_cls_geom_nt_v3_650m_esm1b_650m_PyTorch_Concat__Train1Val_Test,0.0002,0.96,84737,0.32,225.08,0.0,0.0,0.0,0.95,0.0002,0.0,84737.0,0.32,0.0,0.0
train1__val_cls_geom_nt_v3_650m_esm1b_650m_PyTorch_Concat__Train1Val_ClinVarHQ,0.0002,1.2,84737,0.32,33.85,0.0,0.0,0.0,1.2,0.0002,0.0,84737.0,0.32,0.0,0.0
train1__val_cls_geom_nt_v3_650m_esm1b_650m_PyTorch_Concat__Train1Val_UniProt,0.0002,1.04,84737,0.32,56.45,0.0,0.0,0.0,1.04,0.0002,0.0,84737.0,0.32,0.0,0.0
train1__val_cls_geom_nt_v3_650m_esm1b_650m_PyTorch_Concat__Train1Val_ProteinGym,0.0002,1.03,84737,0.32,60.9,0.0,0.0,0.0,1.03,0.0002,0.0,84737.0,0.32,0.0,0.0
train1__val_cls_geom_nt_v3_650m_esm1b_650m_Pure_XGBoost_Concat__Train1Val_Test,0.0,0.96,0,0.21,225.08,0.0,0.0,0.0,0.95,0.0,0.0,0.0,0.21,0.21,0.0
train1__val_cls_geom_nt_v3_650m_esm1b_650m_Pure_XGBoost_Concat__Train1Val_ClinVarHQ,0.0,1.2,0,0.21,33.85,0.0,0.0,0.0,1.2,0.0,0.0,0.0,0.21,0.21,0.0
train1__val_cls_geom_nt_v3_650m_esm1b_650m_Pure_XGBoost_Concat__Train1Val_UniProt,0.0,1.04,0,0.21,56.45,0.0,0.0,0.0,1.04,0.0,0.0,0.0,0.21,0.21,0.0
train1__val_cls_geom_nt_v3_650m_esm1b_650m_Pure_XGBoost_Concat__Train1Val_ProteinGym,0.0,1.03,0,0.21,60.9,0.0,0.0,0.0,1.03,0.0,0.0,0.0,0.21,0.21,0.0
train1__val_cls_geom_nt_v3_650m_esm1b_650m_Hybrid_Concat_XGBoost__Train1Val_Test,0.0002,0.96,84737,0.47,225.08,0.0,0.0,0.0,0.95,0.0002,0.01,84737.0,0.47,0.15,0.0
train1__val_cls_geom_nt_v3_650m_esm1b_650m_Hybrid_Concat_XGBoost__Train1Val_ClinVarHQ,0.0002,1.21,84737,0.47,33.85,0.0,0.0,0.0,1.2,0.0002,0.01,84737.0,0.47,0.15,0.0
train1__val_cls_geom_nt_v3_650m_esm1b_650m_Hybrid_Concat_XGBoost__Train1Val_UniProt,0.0002,1.05,84737,0.47,56.45,0.0,0.0,0.0,1.04,0.0002,0.01,84737.0,0.47,0.15,0.0
train1__val_cls_geom_nt_v3_650m_esm1b_650m_Hybrid_Concat_XGBoost__Train1Val_ProteinGym,0.0002,1.04,84737,0.47,60.9,0.0,0.0,0.0,1.03,0.0002,0.01,84737.0,0.47,0.15,0.0
train1__val_cls_dna_nt_v3_650m_None_PyTorch_Concat__Train1Val_Test,76.9386,6.89,652849212,2490.42,3643.92,76.9366,6.89,0.0,0.0,0.002,0.0,1019777.0,3.89,0.0,0.0
train1__val_cls_dna_nt_v3_650m_None_PyTorch_Concat__Train1Val_ClinVarHQ,76.9386,6.98,652849212,2490.42,3643.92,76.9366,6.98,0.0,0.0,0.002,0.0,1019777.0,3.89,0.0,0.0
train1__val_cls_dna_nt_v3_650m_None_PyTorch_Concat__Train1Val_UniProt,76.9386,6.96,652849212,2490.42,3643.92,76.9366,6.96,0.0,0.0,0.002,0.0,1019777.0,3.89,0.0,0.0
train1__val_cls_dna_nt_v3_650m_None_PyTorch_Concat__Train1Val_ProteinGym,76.9386,6.81,652849212,2490.42,3643.92,76.9366,6.81,0.0,0.0,0.002,0.0,1019777.0,3.89,0.0,0.0
train1__val_cls_dna_nt_v3_650m_None_Pure_XGBoost_Concat__Train1Val_Test,76.9366,6.89,651829435,2488.89,3643.92,76.9366,6.89,0.0,0.0,0.0,0.0,0.0,2.36,2.36,0.0
train1__val_cls_dna_nt_v3_650m_None_Pure_XGBoost_Concat__Train1Val_ClinVarHQ,76.9366,6.99,651829435,2488.89,3643.92,76.9366,6.98,0.0,0.0,0.0,0.01,0.0,2.36,2.36,0.0
train1__val_cls_dna_nt_v3_650m_None_Pure_XGBoost_Concat__Train1Val_UniProt,76.9366,6.97,651829435,2488.89,3643.92,76.9366,6.96,0.0,0.0,0.0,0.01,0.0,2.36,2.36,0.0
train1__val_cls_dna_nt_v3_650m_None_Pure_XGBoost_Concat__Train1Val_ProteinGym,76.9366,6.81,651829435,2488.89,3643.92,76.9366,6.81,0.0,0.0,0.0,0.0,0.0,2.36,2.36,0.0
train1__val_cls_dna_nt_v3_650m_None_Hybrid_Concat_XGBoost__Train1Val_Test,76.9386,6.91,652849212,2492.56,3643.92,76.9366,6.89,0.0,0.0,0.002,0.02,1019777.0,6.03,2.14,0.0
train1__val_cls_dna_nt_v3_650m_None_Hybrid_Concat_XGBoost__Train1Val_ClinVarHQ,76.9386,7.0,652849212,2492.56,3643.92,76.9366,6.98,0.0,0.0,0.002,0.02,1019777.0,6.03,2.14,0.0
train1__val_cls_dna_nt_v3_650m_None_Hybrid_Concat_XGBoost__Train1Val_UniProt,76.9386,6.98,652849212,2492.56,3643.92,76.9366,6.96,0.0,0.0,0.002,0.02,1019777.0,6.03,2.14,0.0
train1__val_cls_dna_nt_v3_650m_None_Hybrid_Concat_XGBoost__Train1Val_ProteinGym,76.9386,6.83,652849212,2492.56,3643.92,76.9366,6.81,0.0,0.0,0.002,0.02,1019777.0,6.03,2.14,0.0
train1__val_cls_prot_None_esm1b_650m_PyTorch_Concat__Train1Val_Test,134.0749,5.48,653247799,1247.67,1961.98,134.0731,5.48,0.0,0.0,0.0018,0.0,888705.0,3.39,0.0,0.0
train1__val_cls_prot_None_esm1b_650m_PyTorch_Concat__Train1Val_ClinVarHQ,134.0749,5.63,653247799,1247.67,1961.98,134.0731,5.63,0.0,0.0,0.0018,0.01,888705.0,3.39,0.0,0.0
train1__val_cls_prot_None_esm1b_650m_PyTorch_Concat__Train1Val_UniProt,134.0749,5.66,653247799,1247.67,1961.98,134.0731,5.65,0.0,0.0,0.0018,0.01,888705.0,3.39,0.0,0.0
train1__val_cls_prot_None_esm1b_650m_PyTorch_Concat__Train1Val_ProteinGym,134.0749,5.67,653247799,1247.67,1961.98,134.0731,5.67,0.0,0.0,0.0018,0.0,888705.0,3.39,0.0,0.0
train1__val_cls_prot_None_esm1b_650m_Pure_XGBoost_Concat__Train1Val_Test,134.0731,5.48,652359094,1246.64,1961.98,134.0731,5.48,0.0,0.0,0.0,0.0,0.0,2.36,2.36,0.0
train1__val_cls_prot_None_esm1b_650m_Pure_XGBoost_Concat__Train1Val_ClinVarHQ,134.0731,5.63,652359094,1246.64,1961.98,134.0731,5.63,0.0,0.0,0.0,0.01,0.0,2.36,2.36,0.0
train1__val_cls_prot_None_esm1b_650m_Pure_XGBoost_Concat__Train1Val_UniProt,134.0731,5.66,652359094,1246.64,1961.98,134.0731,5.65,0.0,0.0,0.0,0.01,0.0,2.36,2.36,0.0
train1__val_cls_prot_None_esm1b_650m_Pure_XGBoost_Concat__Train1Val_ProteinGym,134.0731,5.67,652359094,1246.64,1961.98,134.0731,5.67,0.0,0.0,0.0,0.0,0.0,2.36,2.36,0.0
train1__val_cls_prot_None_esm1b_650m_Hybrid_Concat_XGBoost__Train1Val_Test,134.0749,5.5,653247799,1249.8,1961.98,134.0731,5.48,0.0,0.0,0.0018,0.02,888705.0,5.52,2.13,0.0
train1__val_cls_prot_None_esm1b_650m_Hybrid_Concat_XGBoost__Train1Val_ClinVarHQ,134.0749,5.65,653247799,1249.8,1961.98,134.0731,5.63,0.0,0.0,0.0018,0.02,888705.0,5.52,2.13,0.0
train1__val_cls_prot_None_esm1b_650m_Hybrid_Concat_XGBoost__Train1Val_UniProt,134.0749,5.67,653247799,1249.8,1961.98,134.0731,5.65,0.0,0.0,0.0018,0.02,888705.0,5.52,2.13,0.0
train1__val_cls_prot_None_esm1b_650m_Hybrid_Concat_XGBoost__Train1Val_ProteinGym,134.0749,5.69,653247799,1249.8,1961.98,134.0731,5.67,0.0,0.0,0.0018,0.02,888705.0,5.52,2.13,0.0
train1__val_cls_bio_dna_nt_v3_650m_None_PyTorch_Concat__Train1Val_Test,76.9387,6.89,652900156,2490.61,3643.92,76.9366,6.89,0.0,0.0,0.0021,0.0,1070721.0,4.08,0.0,0.0
train1__val_cls_bio_dna_nt_v3_650m_None_PyTorch_Concat__Train1Val_ClinVarHQ,76.9387,6.98,652900156,2490.61,3643.92,76.9366,6.98,0.0,0.0,0.0021,0.0,1070721.0,4.08,0.0,0.0
train1__val_cls_bio_dna_nt_v3_650m_None_PyTorch_Concat__Train1Val_UniProt,76.9387,6.96,652900156,2490.61,3643.92,76.9366,6.96,0.0,0.0,0.0021,0.0,1070721.0,4.08,0.0,0.0
train1__val_cls_bio_dna_nt_v3_650m_None_PyTorch_Concat__Train1Val_ProteinGym,76.9387,6.81,652900156,2490.61,3643.92,76.9366,6.81,0.0,0.0,0.0021,0.0,1070721.0,4.08,0.0,0.0
train1__val_cls_bio_dna_nt_v3_650m_None_Pure_XGBoost_Concat__Train1Val_Test,76.9366,6.89,651829435,2488.36,3643.92,76.9366,6.89,0.0,0.0,0.0,0.0,0.0,1.83,1.83,0.0
train1__val_cls_bio_dna_nt_v3_650m_None_Pure_XGBoost_Concat__Train1Val_ClinVarHQ,76.9366,6.99,651829435,2488.36,3643.92,76.9366,6.98,0.0,0.0,0.0,0.01,0.0,1.83,1.83,0.0
train1__val_cls_bio_dna_nt_v3_650m_None_Pure_XGBoost_Concat__Train1Val_UniProt,76.9366,6.97,651829435,2488.36,3643.92,76.9366,6.96,0.0,0.0,0.0,0.01,0.0,1.83,1.83,0.0
train1__val_cls_bio_dna_nt_v3_650m_None_Pure_XGBoost_Concat__Train1Val_ProteinGym,76.9366,6.81,651829435,2488.36,3643.92,76.9366,6.81,0.0,0.0,0.0,0.0,0.0,1.83,1.83,0.0
train1__val_cls_bio_dna_nt_v3_650m_None_Hybrid_Concat_XGBoost__Train1Val_Test,76.9387,6.91,652900156,2491.64,3643.92,76.9366,6.89,0.0,0.0,0.0021,0.02,1070721.0,5.11,1.03,0.0
train1__val_cls_bio_dna_nt_v3_650m_None_Hybrid_Concat_XGBoost__Train1Val_ClinVarHQ,76.9387,7.0,652900156,2491.64,3643.92,76.9366,6.98,0.0,0.0,0.0021,0.02,1070721.0,5.11,1.03,0.0
train1__val_cls_bio_dna_nt_v3_650m_None_Hybrid_Concat_XGBoost__Train1Val_UniProt,76.9387,6.98,652900156,2491.64,3643.92,76.9366,6.96,0.0,0.0,0.0021,0.02,1070721.0,5.11,1.03,0.0
train1__val_cls_bio_dna_nt_v3_650m_None_Hybrid_Concat_XGBoost__Train1Val_ProteinGym,76.9387,6.83,652900156,2491.64,3643.92,76.9366,6.81,0.0,0.0,0.0021,0.02,1070721.0,5.11,1.03,0.0
train1__val_cls_bio_prot_None_esm1b_650m_PyTorch_Concat__Train1Val_Test,134.075,5.48,653298743,1247.86,1961.98,134.0731,5.48,0.0,0.0,0.0019,0.0,939649.0,3.58,0.0,0.0
train1__val_cls_bio_prot_None_esm1b_650m_PyTorch_Concat__Train1Val_ClinVarHQ,134.075,5.64,653298743,1247.86,1961.98,134.0731,5.63,0.0,0.0,0.0019,0.01,939649.0,3.58,0.0,0.0
train1__val_cls_bio_prot_None_esm1b_650m_PyTorch_Concat__Train1Val_UniProt,134.075,5.65,653298743,1247.86,1961.98,134.0731,5.65,0.0,0.0,0.0019,0.0,939649.0,3.58,0.0,0.0
train1__val_cls_bio_prot_None_esm1b_650m_PyTorch_Concat__Train1Val_ProteinGym,134.075,5.67,653298743,1247.86,1961.98,134.0731,5.67,0.0,0.0,0.0019,0.0,939649.0,3.58,0.0,0.0
train1__val_cls_bio_prot_None_esm1b_650m_Pure_XGBoost_Concat__Train1Val_Test,134.0731,5.48,652359094,1245.98,1961.98,134.0731,5.48,0.0,0.0,0.0,0.0,0.0,1.7,1.7,0.0
train1__val_cls_bio_prot_None_esm1b_650m_Pure_XGBoost_Concat__Train1Val_ClinVarHQ,134.0731,5.63,652359094,1245.98,1961.98,134.0731,5.63,0.0,0.0,0.0,0.0,0.0,1.7,1.7,0.0
train1__val_cls_bio_prot_None_esm1b_650m_Pure_XGBoost_Concat__Train1Val_UniProt,134.0731,5.65,652359094,1245.98,1961.98,134.0731,5.65,0.0,0.0,0.0,0.0,0.0,1.7,1.7,0.0
train1__val_cls_bio_prot_None_esm1b_650m_Pure_XGBoost_Concat__Train1Val_ProteinGym,134.0731,5.67,652359094,1245.98,1961.98,134.0731,5.67,0.0,0.0,0.0,0.0,0.0,1.7,1.7,0.0
train1__val_cls_bio_prot_None_esm1b_650m_Hybrid_Concat_XGBoost__Train1Val_Test,134.075,5.5,653298743,1249.19,1961.98,134.0731,5.48,0.0,0.0,0.0019,0.02,939649.0,4.91,1.33,0.0
train1__val_cls_bio_prot_None_esm1b_650m_Hybrid_Concat_XGBoost__Train1Val_ClinVarHQ,134.075,5.65,653298743,1249.19,1961.98,134.0731,5.63,0.0,0.0,0.0019,0.02,939649.0,4.91,1.33,0.0
train1__val_cls_bio_prot_None_esm1b_650m_Hybrid_Concat_XGBoost__Train1Val_UniProt,134.075,5.67,653298743,1249.19,1961.98,134.0731,5.65,0.0,0.0,0.0019,0.02,939649.0,4.91,1.33,0.0
train1__val_cls_bio_prot_None_esm1b_650m_Hybrid_Concat_XGBoost__Train1Val_ProteinGym,134.075,5.69,653298743,1249.19,1961.98,134.0731,5.67,0.0,0.0,0.0019,0.02,939649.0,4.91,1.33,0.0
train1__val_cls_dna_geom_nt_v3_650m_esm1b_650m_PyTorch_Concat__Train1Val_Test,76.9387,7.85,652899772,2490.61,3643.92,76.9366,6.89,0.0,0.95,0.0021,0.0,1070337.0,4.08,0.0,0.0
train1__val_cls_dna_geom_nt_v3_650m_esm1b_650m_PyTorch_Concat__Train1Val_ClinVarHQ,76.9387,8.18,652899772,2490.61,3643.92,76.9366,6.98,0.0,1.2,0.0021,0.01,1070337.0,4.08,0.0,0.0
train1__val_cls_dna_geom_nt_v3_650m_esm1b_650m_PyTorch_Concat__Train1Val_UniProt,76.9387,8.0,652899772,2490.61,3643.92,76.9366,6.96,0.0,1.04,0.0021,0.0,1070337.0,4.08,0.0,0.0
train1__val_cls_dna_geom_nt_v3_650m_esm1b_650m_PyTorch_Concat__Train1Val_ProteinGym,76.9387,7.85,652899772,2490.61,3643.92,76.9366,6.81,0.0,1.03,0.0021,0.0,1070337.0,4.08,0.0,0.0
train1__val_cls_dna_geom_nt_v3_650m_esm1b_650m_Pure_XGBoost_Concat__Train1Val_Test,76.9366,7.85,651829435,2486.72,3643.92,76.9366,6.89,0.0,0.95,0.0,0.0,0.0,0.19,0.19,0.0
train1__val_cls_dna_geom_nt_v3_650m_esm1b_650m_Pure_XGBoost_Concat__Train1Val_ClinVarHQ,76.9366,8.18,651829435,2486.72,3643.92,76.9366,6.98,0.0,1.2,0.0,0.0,0.0,0.19,0.19,0.0
train1__val_cls_dna_geom_nt_v3_650m_esm1b_650m_Pure_XGBoost_Concat__Train1Val_UniProt,76.9366,8.0,651829435,2486.72,3643.92,76.9366,6.96,0.0,1.04,0.0,0.0,0.0,0.19,0.19,0.0
train1__val_cls_dna_geom_nt_v3_650m_esm1b_650m_Pure_XGBoost_Concat__Train1Val_ProteinGym,76.9366,7.85,651829435,2486.72,3643.92,76.9366,6.81,0.0,1.03,0.0,0.0,0.0,0.19,0.19,0.0
train1__val_cls_dna_geom_nt_v3_650m_esm1b_650m_Hybrid_Concat_XGBoost__Train1Val_Test,76.9387,7.87,652899772,2490.77,3643.92,76.9366,6.89,0.0,0.95,0.0021,0.02,1070337.0,4.24,0.16,0.0
train1__val_cls_dna_geom_nt_v3_650m_esm1b_650m_Hybrid_Concat_XGBoost__Train1Val_ClinVarHQ,76.9387,8.2,652899772,2490.77,3643.92,76.9366,6.98,0.0,1.2,0.0021,0.03,1070337.0,4.24,0.16,0.0
train1__val_cls_dna_geom_nt_v3_650m_esm1b_650m_Hybrid_Concat_XGBoost__Train1Val_UniProt,76.9387,8.02,652899772,2490.77,3643.92,76.9366,6.96,0.0,1.04,0.0021,0.02,1070337.0,4.24,0.16,0.0
train1__val_cls_dna_geom_nt_v3_650m_esm1b_650m_Hybrid_Concat_XGBoost__Train1Val_ProteinGym,76.9387,7.86,652899772,2490.77,3643.92,76.9366,6.81,0.0,1.03,0.0021,0.01,1070337.0,4.24,0.16,0.0
train1__val_cls_geom_prot_nt_v3_650m_esm1b_650m_PyTorch_Concat__Train1Val_Test,134.075,6.44,653298359,1247.86,1961.98,134.0731,5.48,0.0,0.95,0.0019,0.0,939265.0,3.58,0.0,0.0
train1__val_cls_geom_prot_nt_v3_650m_esm1b_650m_PyTorch_Concat__Train1Val_ClinVarHQ,134.075,6.83,653298359,1247.86,1961.98,134.0731,5.63,0.0,1.2,0.0019,0.0,939265.0,3.58,0.0,0.0
train1__val_cls_geom_prot_nt_v3_650m_esm1b_650m_PyTorch_Concat__Train1Val_UniProt,134.075,6.69,653298359,1247.86,1961.98,134.0731,5.65,0.0,1.04,0.0019,0.0,939265.0,3.58,0.0,0.0
train1__val_cls_geom_prot_nt_v3_650m_esm1b_650m_PyTorch_Concat__Train1Val_ProteinGym,134.075,6.71,653298359,1247.86,1961.98,134.0731,5.67,0.0,1.03,0.0019,0.0,939265.0,3.58,0.0,0.0
train1__val_cls_geom_prot_nt_v3_650m_esm1b_650m_Pure_XGBoost_Concat__Train1Val_Test,134.0731,6.44,652359094,1244.49,1961.98,134.0731,5.48,0.0,0.95,0.0,0.0,0.0,0.21,0.21,0.0
train1__val_cls_geom_prot_nt_v3_650m_esm1b_650m_Pure_XGBoost_Concat__Train1Val_ClinVarHQ,134.0731,6.83,652359094,1244.49,1961.98,134.0731,5.63,0.0,1.2,0.0,0.0,0.0,0.21,0.21,0.0
train1__val_cls_geom_prot_nt_v3_650m_esm1b_650m_Pure_XGBoost_Concat__Train1Val_UniProt,134.0731,6.69,652359094,1244.49,1961.98,134.0731,5.65,0.0,1.04,0.0,0.0,0.0,0.21,0.21,0.0
train1__val_cls_geom_prot_nt_v3_650m_esm1b_650m_Pure_XGBoost_Concat__Train1Val_ProteinGym,134.0731,6.71,652359094,1244.49,1961.98,134.0731,5.67,0.0,1.03,0.0,0.0,0.0,0.21,0.21,0.0
train1__val_cls_geom_prot_nt_v3_650m_esm1b_650m_Hybrid_Concat_XGBoost__Train1Val_Test,134.075,6.46,653298359,1248.02,1961.98,134.0731,5.48,0.0,0.95,0.0019,0.02,939265.0,3.74,0.16,0.0
train1__val_cls_geom_prot_nt_v3_650m_esm1b_650m_Hybrid_Concat_XGBoost__Train1Val_ClinVarHQ,134.075,6.84,653298359,1248.02,1961.98,134.0731,5.63,0.0,1.2,0.0019,0.02,939265.0,3.74,0.16,0.0
train1__val_cls_geom_prot_nt_v3_650m_esm1b_650m_Hybrid_Concat_XGBoost__Train1Val_UniProt,134.075,6.7,653298359,1248.02,1961.98,134.0731,5.65,0.0,1.04,0.0019,0.02,939265.0,3.74,0.16,0.0
train1__val_cls_geom_prot_nt_v3_650m_esm1b_650m_Hybrid_Concat_XGBoost__Train1Val_ProteinGym,134.075,6.72,653298359,1248.02,1961.98,134.0731,5.67,0.0,1.03,0.0019,0.02,939265.0,3.74,0.16,0.0
train1__val_cls_bio_dna_geom_nt_v3_650m_esm1b_650m_PyTorch_Concat__Train1Val_Test,76.9387,7.85,652901180,2490.62,3643.92,76.9366,6.89,0.0,0.95,0.0021,0.0,1071745.0,4.09,0.0,0.0
train1__val_cls_bio_dna_geom_nt_v3_650m_esm1b_650m_PyTorch_Concat__Train1Val_ClinVarHQ,76.9387,8.18,652901180,2490.62,3643.92,76.9366,6.98,0.0,1.2,0.0021,0.01,1071745.0,4.09,0.0,0.0
train1__val_cls_bio_dna_geom_nt_v3_650m_esm1b_650m_PyTorch_Concat__Train1Val_UniProt,76.9387,8.0,652901180,2490.62,3643.92,76.9366,6.96,0.0,1.04,0.0021,0.01,1071745.0,4.09,0.0,0.0
train1__val_cls_bio_dna_geom_nt_v3_650m_esm1b_650m_PyTorch_Concat__Train1Val_ProteinGym,76.9387,7.85,652901180,2490.62,3643.92,76.9366,6.81,0.0,1.03,0.0021,0.01,1071745.0,4.09,0.0,0.0
train1__val_cls_bio_dna_geom_nt_v3_650m_esm1b_650m_Pure_XGBoost_Concat__Train1Val_Test,76.9366,7.85,651829435,2486.79,3643.92,76.9366,6.89,0.0,0.95,0.0,0.0,0.0,0.26,0.26,0.0
train1__val_cls_bio_dna_geom_nt_v3_650m_esm1b_650m_Pure_XGBoost_Concat__Train1Val_ClinVarHQ,76.9366,8.18,651829435,2486.79,3643.92,76.9366,6.98,0.0,1.2,0.0,0.0,0.0,0.26,0.26,0.0
train1__val_cls_bio_dna_geom_nt_v3_650m_esm1b_650m_Pure_XGBoost_Concat__Train1Val_UniProt,76.9366,8.0,651829435,2486.79,3643.92,76.9366,6.96,0.0,1.04,0.0,0.0,0.0,0.26,0.26,0.0
train1__val_cls_bio_dna_geom_nt_v3_650m_esm1b_650m_Pure_XGBoost_Concat__Train1Val_ProteinGym,76.9366,7.85,651829435,2486.79,3643.92,76.9366,6.81,0.0,1.03,0.0,0.0,0.0,0.26,0.26,0.0
train1__val_cls_bio_dna_geom_nt_v3_650m_esm1b_650m_Hybrid_Concat_XGBoost__Train1Val_Test,76.9387,7.87,652901180,2490.8,3643.92,76.9366,6.89,0.0,0.95,0.0021,0.03,1071745.0,4.27,0.18,0.0
train1__val_cls_bio_dna_geom_nt_v3_650m_esm1b_650m_Hybrid_Concat_XGBoost__Train1Val_ClinVarHQ,76.9387,8.21,652901180,2490.8,3643.92,76.9366,6.98,0.0,1.2,0.0021,0.03,1071745.0,4.27,0.18,0.0
train1__val_cls_bio_dna_geom_nt_v3_650m_esm1b_650m_Hybrid_Concat_XGBoost__Train1Val_UniProt,76.9387,8.02,652901180,2490.8,3643.92,76.9366,6.96,0.0,1.04,0.0021,0.02,1071745.0,4.27,0.18,0.0
train1__val_cls_bio_dna_geom_nt_v3_650m_esm1b_650m_Hybrid_Concat_XGBoost__Train1Val_ProteinGym,76.9387,7.86,652901180,2490.8,3643.92,76.9366,6.81,0.0,1.03,0.0021,0.02,1071745.0,4.27,0.18,0.0
train1__val_cls_bio_geom_prot_nt_v3_650m_esm1b_650m_PyTorch_Concat__Train1Val_Test,134.075,6.44,653299767,1247.87,1961.98,134.0731,5.48,0.0,0.95,0.0019,0.0,940673.0,3.59,0.0,0.0
train1__val_cls_bio_geom_prot_nt_v3_650m_esm1b_650m_PyTorch_Concat__Train1Val_ClinVarHQ,134.075,6.83,653299767,1247.87,1961.98,134.0731,5.63,0.0,1.2,0.0019,0.01,940673.0,3.59,0.0,0.0
train1__val_cls_bio_geom_prot_nt_v3_650m_esm1b_650m_PyTorch_Concat__Train1Val_UniProt,134.075,6.7,653299767,1247.87,1961.98,134.0731,5.65,0.0,1.04,0.0019,0.01,940673.0,3.59,0.0,0.0
train1__val_cls_bio_geom_prot_nt_v3_650m_esm1b_650m_PyTorch_Concat__Train1Val_ProteinGym,134.075,6.71,653299767,1247.87,1961.98,134.0731,5.67,0.0,1.03,0.0019,0.0,940673.0,3.59,0.0,0.0
train1__val_cls_bio_geom_prot_nt_v3_650m_esm1b_650m_Pure_XGBoost_Concat__Train1Val_Test,134.0731,6.44,652359094,1244.57,1961.98,134.0731,5.48,0.0,0.95,0.0,0.0,0.0,0.29,0.29,0.0
train1__val_cls_bio_geom_prot_nt_v3_650m_esm1b_650m_Pure_XGBoost_Concat__Train1Val_ClinVarHQ,134.0731,6.83,652359094,1244.57,1961.98,134.0731,5.63,0.0,1.2,0.0,0.0,0.0,0.29,0.29,0.0
train1__val_cls_bio_geom_prot_nt_v3_650m_esm1b_650m_Pure_XGBoost_Concat__Train1Val_UniProt,134.0731,6.69,652359094,1244.57,1961.98,134.0731,5.65,0.0,1.04,0.0,0.0,0.0,0.29,0.29,0.0
train1__val_cls_bio_geom_prot_nt_v3_650m_esm1b_650m_Pure_XGBoost_Concat__Train1Val_ProteinGym,134.0731,6.71,652359094,1244.57,1961.98,134.0731,5.67,0.0,1.03,0.0,0.0,0.0,0.29,0.29,0.0
train1__val_cls_bio_geom_prot_nt_v3_650m_esm1b_650m_Hybrid_Concat_XGBoost__Train1Val_Test,134.075,6.45,653299767,1248.06,1961.98,134.0731,5.48,0.0,0.95,0.0019,0.02,940673.0,3.78,0.19,0.0
train1__val_cls_bio_geom_prot_nt_v3_650m_esm1b_650m_Hybrid_Concat_XGBoost__Train1Val_ClinVarHQ,134.075,6.85,653299767,1248.06,1961.98,134.0731,5.63,0.0,1.2,0.0019,0.02,940673.0,3.78,0.19,0.0
train1__val_cls_bio_geom_prot_nt_v3_650m_esm1b_650m_Hybrid_Concat_XGBoost__Train1Val_UniProt,134.075,6.71,653299767,1248.06,1961.98,134.0731,5.65,0.0,1.04,0.0019,0.02,940673.0,3.78,0.19,0.0
train1__val_cls_bio_geom_prot_nt_v3_650m_esm1b_650m_Hybrid_Concat_XGBoost__Train1Val_ProteinGym,134.075,6.72,653299767,1248.06,1961.98,134.0731,5.67,0.0,1.03,0.0019,0.02,940673.0,3.78,0.19,0.0
train1__val_mean_bio_None_None_PyTorch_Concat__Train1Val_Test,0.0002,0.0,85121,0.32,0.0,0.0,0.0,0.0,0.0,0.0002,0.0,85121.0,0.32,0.0,0.0
train1__val_mean_bio_None_None_PyTorch_Concat__Train1Val_ClinVarHQ,0.0002,0.0,85121,0.32,0.0,0.0,0.0,0.0,0.0,0.0002,0.0,85121.0,0.32,0.0,0.0
train1__val_mean_bio_None_None_PyTorch_Concat__Train1Val_UniProt,0.0002,0.0,85121,0.32,0.0,0.0,0.0,0.0,0.0,0.0002,0.0,85121.0,0.32,0.0,0.0
train1__val_mean_bio_None_None_PyTorch_Concat__Train1Val_ProteinGym,0.0002,0.0,85121,0.32,0.0,0.0,0.0,0.0,0.0,0.0002,0.0,85121.0,0.32,0.0,0.0
train1__val_mean_bio_None_None_Pure_XGBoost_Concat__Train1Val_Test,0.0,0.0,0,0.94,0.0,0.0,0.0,0.0,0.0,0.0,0.0,0.0,0.94,0.94,0.0
train1__val_mean_bio_None_None_Pure_XGBoost_Concat__Train1Val_ClinVarHQ,0.0,0.0,0,0.94,0.0,0.0,0.0,0.0,0.0,0.0,0.0,0.0,0.94,0.94,0.0
train1__val_mean_bio_None_None_Pure_XGBoost_Concat__Train1Val_UniProt,0.0,0.0,0,0.94,0.0,0.0,0.0,0.0,0.0,0.0,0.0,0.0,0.94,0.94,0.0
train1__val_mean_bio_None_None_Pure_XGBoost_Concat__Train1Val_ProteinGym,0.0,0.0,0,0.94,0.0,0.0,0.0,0.0,0.0,0.0,0.0,0.0,0.94,0.94,0.0
train1__val_mean_bio_None_None_Hybrid_Concat_XGBoost__Train1Val_Test,0.0002,0.01,85121,1.59,0.0,0.0,0.0,0.0,0.0,0.0002,0.01,85121.0,1.59,1.27,0.0
train1__val_mean_bio_None_None_Hybrid_Concat_XGBoost__Train1Val_ClinVarHQ,0.0002,0.01,85121,1.59,0.0,0.0,0.0,0.0,0.0,0.0002,0.01,85121.0,1.59,1.27,0.0
train1__val_mean_bio_None_None_Hybrid_Concat_XGBoost__Train1Val_UniProt,0.0002,0.01,85121,1.59,0.0,0.0,0.0,0.0,0.0,0.0002,0.01,85121.0,1.59,1.27,0.0
train1__val_mean_bio_None_None_Hybrid_Concat_XGBoost__Train1Val_ProteinGym,0.0002,0.01,85121,1.59,0.0,0.0,0.0,0.0,0.0,0.0002,0.01,85121.0,1.59,1.27,0.0
train1__val_mean_geom_nt_v3_650m_esm1b_650m_PyTorch_Concat__Train1Val_Test,0.0002,0.96,84737,0.32,225.08,0.0,0.0,0.0,0.96,0.0002,0.0,84737.0,0.32,0.0,0.0
train1__val_mean_geom_nt_v3_650m_esm1b_650m_PyTorch_Concat__Train1Val_ClinVarHQ,0.0002,1.2,84737,0.32,33.85,0.0,0.0,0.0,1.2,0.0002,0.0,84737.0,0.32,0.0,0.0
train1__val_mean_geom_nt_v3_650m_esm1b_650m_PyTorch_Concat__Train1Val_UniProt,0.0002,1.04,84737,0.32,56.45,0.0,0.0,0.0,1.04,0.0002,0.0,84737.0,0.32,0.0,0.0
train1__val_mean_geom_nt_v3_650m_esm1b_650m_PyTorch_Concat__Train1Val_ProteinGym,0.0002,1.03,84737,0.32,60.9,0.0,0.0,0.0,1.02,0.0002,0.0,84737.0,0.32,0.0,0.0
train1__val_mean_geom_nt_v3_650m_esm1b_650m_Pure_XGBoost_Concat__Train1Val_Test,0.0,0.96,0,0.21,225.08,0.0,0.0,0.0,0.96,0.0,0.0,0.0,0.21,0.21,0.0
train1__val_mean_geom_nt_v3_650m_esm1b_650m_Pure_XGBoost_Concat__Train1Val_ClinVarHQ,0.0,1.2,0,0.21,33.85,0.0,0.0,0.0,1.2,0.0,0.0,0.0,0.21,0.21,0.0
train1__val_mean_geom_nt_v3_650m_esm1b_650m_Pure_XGBoost_Concat__Train1Val_UniProt,0.0,1.04,0,0.21,56.45,0.0,0.0,0.0,1.04,0.0,0.0,0.0,0.21,0.21,0.0
train1__val_mean_geom_nt_v3_650m_esm1b_650m_Pure_XGBoost_Concat__Train1Val_ProteinGym,0.0,1.02,0,0.21,60.9,0.0,0.0,0.0,1.02,0.0,0.0,0.0,0.21,0.21,0.0
train1__val_mean_geom_nt_v3_650m_esm1b_650m_Hybrid_Concat_XGBoost__Train1Val_Test,0.0002,0.97,84737,0.48,225.08,0.0,0.0,0.0,0.96,0.0002,0.01,84737.0,0.48,0.16,0.0
train1__val_mean_geom_nt_v3_650m_esm1b_650m_Hybrid_Concat_XGBoost__Train1Val_ClinVarHQ,0.0002,1.21,84737,0.48,33.85,0.0,0.0,0.0,1.2,0.0002,0.01,84737.0,0.48,0.16,0.0
train1__val_mean_geom_nt_v3_650m_esm1b_650m_Hybrid_Concat_XGBoost__Train1Val_UniProt,0.0002,1.05,84737,0.48,56.45,0.0,0.0,0.0,1.04,0.0002,0.01,84737.0,0.48,0.16,0.0
train1__val_mean_geom_nt_v3_650m_esm1b_650m_Hybrid_Concat_XGBoost__Train1Val_ProteinGym,0.0002,1.03,84737,0.48,60.9,0.0,0.0,0.0,1.02,0.0002,0.01,84737.0,0.48,0.16,0.0
train1__val_mean_dna_nt_v3_650m_None_PyTorch_Concat__Train1Val_Test,76.9386,6.89,652849212,2490.42,3643.92,76.9366,6.89,0.0,0.0,0.002,0.0,1019777.0,3.89,0.0,0.0
train1__val_mean_dna_nt_v3_650m_None_PyTorch_Concat__Train1Val_ClinVarHQ,76.9386,6.99,652849212,2490.42,3643.92,76.9366,6.98,0.0,0.0,0.002,0.01,1019777.0,3.89,0.0,0.0
train1__val_mean_dna_nt_v3_650m_None_PyTorch_Concat__Train1Val_UniProt,76.9386,6.97,652849212,2490.42,3643.92,76.9366,6.96,0.0,0.0,0.002,0.01,1019777.0,3.89,0.0,0.0
train1__val_mean_dna_nt_v3_650m_None_PyTorch_Concat__Train1Val_ProteinGym,76.9386,6.82,652849212,2490.42,3643.92,76.9366,6.81,0.0,0.0,0.002,0.01,1019777.0,3.89,0.0,0.0
train1__val_mean_dna_nt_v3_650m_None_Pure_XGBoost_Concat__Train1Val_Test,76.9366,6.89,651829435,2488.88,3643.92,76.9366,6.89,0.0,0.0,0.0,0.0,0.0,2.35,2.35,0.0
train1__val_mean_dna_nt_v3_650m_None_Pure_XGBoost_Concat__Train1Val_ClinVarHQ,76.9366,6.99,651829435,2488.88,3643.92,76.9366,6.98,0.0,0.0,0.0,0.01,0.0,2.35,2.35,0.0
train1__val_mean_dna_nt_v3_650m_None_Pure_XGBoost_Concat__Train1Val_UniProt,76.9366,6.97,651829435,2488.88,3643.92,76.9366,6.96,0.0,0.0,0.0,0.01,0.0,2.35,2.35,0.0
train1__val_mean_dna_nt_v3_650m_None_Pure_XGBoost_Concat__Train1Val_ProteinGym,76.9366,6.82,651829435,2488.88,3643.92,76.9366,6.81,0.0,0.0,0.0,0.01,0.0,2.35,2.35,0.0
train1__val_mean_dna_nt_v3_650m_None_Hybrid_Concat_XGBoost__Train1Val_Test,76.9386,6.91,652849212,2492.52,3643.92,76.9366,6.89,0.0,0.0,0.002,0.02,1019777.0,5.99,2.1,0.0
train1__val_mean_dna_nt_v3_650m_None_Hybrid_Concat_XGBoost__Train1Val_ClinVarHQ,76.9386,7.0,652849212,2492.52,3643.92,76.9366,6.98,0.0,0.0,0.002,0.02,1019777.0,5.99,2.1,0.0
train1__val_mean_dna_nt_v3_650m_None_Hybrid_Concat_XGBoost__Train1Val_UniProt,76.9386,6.98,652849212,2492.52,3643.92,76.9366,6.96,0.0,0.0,0.002,0.02,1019777.0,5.99,2.1,0.0
train1__val_mean_dna_nt_v3_650m_None_Hybrid_Concat_XGBoost__Train1Val_ProteinGym,76.9386,6.83,652849212,2492.52,3643.92,76.9366,6.81,0.0,0.0,0.002,0.02,1019777.0,5.99,2.1,0.0
train1__val_mean_prot_None_esm1b_650m_PyTorch_Concat__Train1Val_Test,134.0749,5.48,653247799,1247.67,1961.98,134.0731,5.48,0.0,0.0,0.0018,0.0,888705.0,3.39,0.0,0.0
train1__val_mean_prot_None_esm1b_650m_PyTorch_Concat__Train1Val_ClinVarHQ,134.0749,5.63,653247799,1247.67,1961.98,134.0731,5.63,0.0,0.0,0.0018,0.01,888705.0,3.39,0.0,0.0
train1__val_mean_prot_None_esm1b_650m_PyTorch_Concat__Train1Val_UniProt,134.0749,5.65,653247799,1247.67,1961.98,134.0731,5.65,0.0,0.0,0.0018,0.0,888705.0,3.39,0.0,0.0
train1__val_mean_prot_None_esm1b_650m_PyTorch_Concat__Train1Val_ProteinGym,134.0749,5.67,653247799,1247.67,1961.98,134.0731,5.67,0.0,0.0,0.0018,0.0,888705.0,3.39,0.0,0.0
train1__val_mean_prot_None_esm1b_650m_Pure_XGBoost_Concat__Train1Val_Test,134.0731,5.48,652359094,1246.64,1961.98,134.0731,5.48,0.0,0.0,0.0,0.0,0.0,2.36,2.36,0.0
train1__val_mean_prot_None_esm1b_650m_Pure_XGBoost_Concat__Train1Val_ClinVarHQ,134.0731,5.64,652359094,1246.64,1961.98,134.0731,5.63,0.0,0.0,0.0,0.01,0.0,2.36,2.36,0.0
train1__val_mean_prot_None_esm1b_650m_Pure_XGBoost_Concat__Train1Val_UniProt,134.0731,5.66,652359094,1246.64,1961.98,134.0731,5.65,0.0,0.0,0.0,0.01,0.0,2.36,2.36,0.0
train1__val_mean_prot_None_esm1b_650m_Pure_XGBoost_Concat__Train1Val_ProteinGym,134.0731,5.68,652359094,1246.64,1961.98,134.0731,5.67,0.0,0.0,0.0,0.01,0.0,2.36,2.36,0.0
train1__val_mean_prot_None_esm1b_650m_Hybrid_Concat_XGBoost__Train1Val_Test,134.0749,5.49,653247799,1249.78,1961.98,134.0731,5.48,0.0,0.0,0.0018,0.01,888705.0,5.5,2.11,0.0
train1__val_mean_prot_None_esm1b_650m_Hybrid_Concat_XGBoost__Train1Val_ClinVarHQ,134.0749,5.65,653247799,1249.78,1961.98,134.0731,5.63,0.0,0.0,0.0018,0.02,888705.0,5.5,2.11,0.0
train1__val_mean_prot_None_esm1b_650m_Hybrid_Concat_XGBoost__Train1Val_UniProt,134.0749,5.67,653247799,1249.78,1961.98,134.0731,5.65,0.0,0.0,0.0018,0.02,888705.0,5.5,2.11,0.0
train1__val_mean_prot_None_esm1b_650m_Hybrid_Concat_XGBoost__Train1Val_ProteinGym,134.0749,5.68,653247799,1249.78,1961.98,134.0731,5.67,0.0,0.0,0.0018,0.01,888705.0,5.5,2.11,0.0
train1__val_mean_bio_dna_nt_v3_650m_None_PyTorch_Concat__Train1Val_Test,76.9387,6.89,652900156,2490.61,3643.92,76.9366,6.89,0.0,0.0,0.0021,0.0,1070721.0,4.08,0.0,0.0
train1__val_mean_bio_dna_nt_v3_650m_None_PyTorch_Concat__Train1Val_ClinVarHQ,76.9387,6.98,652900156,2490.61,3643.92,76.9366,6.98,0.0,0.0,0.0021,0.0,1070721.0,4.08,0.0,0.0
train1__val_mean_bio_dna_nt_v3_650m_None_PyTorch_Concat__Train1Val_UniProt,76.9387,6.97,652900156,2490.61,3643.92,76.9366,6.96,0.0,0.0,0.0021,0.01,1070721.0,4.08,0.0,0.0
train1__val_mean_bio_dna_nt_v3_650m_None_PyTorch_Concat__Train1Val_ProteinGym,76.9387,6.82,652900156,2490.61,3643.92,76.9366,6.81,0.0,0.0,0.0021,0.01,1070721.0,4.08,0.0,0.0
train1__val_mean_bio_dna_nt_v3_650m_None_Pure_XGBoost_Concat__Train1Val_Test,76.9366,6.89,651829435,2488.52,3643.92,76.9366,6.89,0.0,0.0,0.0,0.0,0.0,1.99,1.99,0.0
train1__val_mean_bio_dna_nt_v3_650m_None_Pure_XGBoost_Concat__Train1Val_ClinVarHQ,76.9366,6.99,651829435,2488.52,3643.92,76.9366,6.98,0.0,0.0,0.0,0.01,0.0,1.99,1.99,0.0
train1__val_mean_bio_dna_nt_v3_650m_None_Pure_XGBoost_Concat__Train1Val_UniProt,76.9366,6.97,651829435,2488.52,3643.92,76.9366,6.96,0.0,0.0,0.0,0.01,0.0,1.99,1.99,0.0
train1__val_mean_bio_dna_nt_v3_650m_None_Pure_XGBoost_Concat__Train1Val_ProteinGym,76.9366,6.81,651829435,2488.52,3643.92,76.9366,6.81,0.0,0.0,0.0,0.0,0.0,1.99,1.99,0.0
train1__val_mean_bio_dna_nt_v3_650m_None_Hybrid_Concat_XGBoost__Train1Val_Test,76.9387,6.92,652900156,2491.99,3643.92,76.9366,6.89,0.0,0.0,0.0021,0.03,1070721.0,5.46,1.38,0.0
train1__val_mean_bio_dna_nt_v3_650m_None_Hybrid_Concat_XGBoost__Train1Val_ClinVarHQ,76.9387,7.0,652900156,2491.99,3643.92,76.9366,6.98,0.0,0.0,0.0021,0.02,1070721.0,5.46,1.38,0.0
train1__val_mean_bio_dna_nt_v3_650m_None_Hybrid_Concat_XGBoost__Train1Val_UniProt,76.9387,6.98,652900156,2491.99,3643.92,76.9366,6.96,0.0,0.0,0.0021,0.02,1070721.0,5.46,1.38,0.0
train1__val_mean_bio_dna_nt_v3_650m_None_Hybrid_Concat_XGBoost__Train1Val_ProteinGym,76.9387,6.83,652900156,2491.99,3643.92,76.9366,6.81,0.0,0.0,0.0021,0.02,1070721.0,5.46,1.38,0.0
train1__val_mean_bio_prot_None_esm1b_650m_PyTorch_Concat__Train1Val_Test,134.075,5.48,653298743,1247.86,1961.98,134.0731,5.48,0.0,0.0,0.0019,0.0,939649.0,3.58,0.0,0.0
train1__val_mean_bio_prot_None_esm1b_650m_PyTorch_Concat__Train1Val_ClinVarHQ,134.075,5.64,653298743,1247.86,1961.98,134.0731,5.63,0.0,0.0,0.0019,0.01,939649.0,3.58,0.0,0.0
train1__val_mean_bio_prot_None_esm1b_650m_PyTorch_Concat__Train1Val_UniProt,134.075,5.65,653298743,1247.86,1961.98,134.0731,5.65,0.0,0.0,0.0019,0.0,939649.0,3.58,0.0,0.0
train1__val_mean_bio_prot_None_esm1b_650m_PyTorch_Concat__Train1Val_ProteinGym,134.075,5.68,653298743,1247.86,1961.98,134.0731,5.67,0.0,0.0,0.0019,0.01,939649.0,3.58,0.0,0.0
train1__val_mean_bio_prot_None_esm1b_650m_Pure_XGBoost_Concat__Train1Val_Test,134.0731,5.48,652359094,1245.83,1961.98,134.0731,5.48,0.0,0.0,0.0,0.0,0.0,1.55,1.55,0.0
train1__val_mean_bio_prot_None_esm1b_650m_Pure_XGBoost_Concat__Train1Val_ClinVarHQ,134.0731,5.64,652359094,1245.83,1961.98,134.0731,5.63,0.0,0.0,0.0,0.01,0.0,1.55,1.55,0.0
train1__val_mean_bio_prot_None_esm1b_650m_Pure_XGBoost_Concat__Train1Val_UniProt,134.0731,5.65,652359094,1245.83,1961.98,134.0731,5.65,0.0,0.0,0.0,0.0,0.0,1.55,1.55,0.0
train1__val_mean_bio_prot_None_esm1b_650m_Pure_XGBoost_Concat__Train1Val_ProteinGym,134.0731,5.67,652359094,1245.83,1961.98,134.0731,5.67,0.0,0.0,0.0,0.0,0.0,1.55,1.55,0.0
train1__val_mean_bio_prot_None_esm1b_650m_Hybrid_Concat_XGBoost__Train1Val_Test,134.075,5.5,653298743,1248.96,1961.98,134.0731,5.48,0.0,0.0,0.0019,0.02,939649.0,4.68,1.1,0.0
train1__val_mean_bio_prot_None_esm1b_650m_Hybrid_Concat_XGBoost__Train1Val_ClinVarHQ,134.075,5.65,653298743,1248.96,1961.98,134.0731,5.63,0.0,0.0,0.0019,0.02,939649.0,4.68,1.1,0.0
train1__val_mean_bio_prot_None_esm1b_650m_Hybrid_Concat_XGBoost__Train1Val_UniProt,134.075,5.67,653298743,1248.96,1961.98,134.0731,5.65,0.0,0.0,0.0019,0.02,939649.0,4.68,1.1,0.0
train1__val_mean_bio_prot_None_esm1b_650m_Hybrid_Concat_XGBoost__Train1Val_ProteinGym,134.075,5.69,653298743,1248.96,1961.98,134.0731,5.67,0.0,0.0,0.0019,0.02,939649.0,4.68,1.1,0.0
train1__val_mean_dna_geom_nt_v3_650m_esm1b_650m_PyTorch_Concat__Train1Val_Test,76.9387,7.85,652899772,2490.61,3643.92,76.9366,6.89,0.0,0.96,0.0021,0.0,1070337.0,4.08,0.0,0.0
train1__val_mean_dna_geom_nt_v3_650m_esm1b_650m_PyTorch_Concat__Train1Val_ClinVarHQ,76.9387,8.18,652899772,2490.61,3643.92,76.9366,6.98,0.0,1.2,0.0021,0.01,1070337.0,4.08,0.0,0.0
train1__val_mean_dna_geom_nt_v3_650m_esm1b_650m_PyTorch_Concat__Train1Val_UniProt,76.9387,8.0,652899772,2490.61,3643.92,76.9366,6.96,0.0,1.04,0.0021,0.01,1070337.0,4.08,0.0,0.0
train1__val_mean_dna_geom_nt_v3_650m_esm1b_650m_PyTorch_Concat__Train1Val_ProteinGym,76.9387,7.84,652899772,2490.61,3643.92,76.9366,6.81,0.0,1.02,0.0021,0.0,1070337.0,4.08,0.0,0.0
train1__val_mean_dna_geom_nt_v3_650m_esm1b_650m_Pure_XGBoost_Concat__Train1Val_Test,76.9366,7.85,651829435,2486.75,3643.92,76.9366,6.89,0.0,0.96,0.0,0.0,0.0,0.22,0.22,0.0
train1__val_mean_dna_geom_nt_v3_650m_esm1b_650m_Pure_XGBoost_Concat__Train1Val_ClinVarHQ,76.9366,8.18,651829435,2486.75,3643.92,76.9366,6.98,0.0,1.2,0.0,0.0,0.0,0.22,0.22,0.0
train1__val_mean_dna_geom_nt_v3_650m_esm1b_650m_Pure_XGBoost_Concat__Train1Val_UniProt,76.9366,8.0,651829435,2486.75,3643.92,76.9366,6.96,0.0,1.04,0.0,0.0,0.0,0.22,0.22,0.0
train1__val_mean_dna_geom_nt_v3_650m_esm1b_650m_Pure_XGBoost_Concat__Train1Val_ProteinGym,76.9366,7.84,651829435,2486.75,3643.92,76.9366,6.81,0.0,1.02,0.0,0.0,0.0,0.22,0.22,0.0
train1__val_mean_dna_geom_nt_v3_650m_esm1b_650m_Hybrid_Concat_XGBoost__Train1Val_Test,76.9387,7.87,652899772,2490.78,3643.92,76.9366,6.89,0.0,0.96,0.0021,0.02,1070337.0,4.25,0.17,0.0
train1__val_mean_dna_geom_nt_v3_650m_esm1b_650m_Hybrid_Concat_XGBoost__Train1Val_ClinVarHQ,76.9387,8.21,652899772,2490.78,3643.92,76.9366,6.98,0.0,1.2,0.0021,0.03,1070337.0,4.25,0.17,0.0
train1__val_mean_dna_geom_nt_v3_650m_esm1b_650m_Hybrid_Concat_XGBoost__Train1Val_UniProt,76.9387,8.02,652899772,2490.78,3643.92,76.9366,6.96,0.0,1.04,0.0021,0.02,1070337.0,4.25,0.17,0.0
train1__val_mean_dna_geom_nt_v3_650m_esm1b_650m_Hybrid_Concat_XGBoost__Train1Val_ProteinGym,76.9387,7.85,652899772,2490.78,3643.92,76.9366,6.81,0.0,1.02,0.0021,0.02,1070337.0,4.25,0.17,0.0
train1__val_mean_geom_prot_nt_v3_650m_esm1b_650m_PyTorch_Concat__Train1Val_Test,134.075,6.44,653298359,1247.86,1961.98,134.0731,5.48,0.0,0.96,0.0019,0.0,939265.0,3.58,0.0,0.0
train1__val_mean_geom_prot_nt_v3_650m_esm1b_650m_PyTorch_Concat__Train1Val_ClinVarHQ,134.075,6.83,653298359,1247.86,1961.98,134.0731,5.63,0.0,1.2,0.0019,0.01,939265.0,3.58,0.0,0.0
train1__val_mean_geom_prot_nt_v3_650m_esm1b_650m_PyTorch_Concat__Train1Val_UniProt,134.075,6.69,653298359,1247.86,1961.98,134.0731,5.65,0.0,1.04,0.0019,0.0,939265.0,3.58,0.0,0.0
train1__val_mean_geom_prot_nt_v3_650m_esm1b_650m_PyTorch_Concat__Train1Val_ProteinGym,134.075,6.7,653298359,1247.86,1961.98,134.0731,5.67,0.0,1.02,0.0019,0.0,939265.0,3.58,0.0,0.0
train1__val_mean_geom_prot_nt_v3_650m_esm1b_650m_Pure_XGBoost_Concat__Train1Val_Test,134.0731,6.44,652359094,1244.48,1961.98,134.0731,5.48,0.0,0.96,0.0,0.0,0.0,0.2,0.2,0.0
train1__val_mean_geom_prot_nt_v3_650m_esm1b_650m_Pure_XGBoost_Concat__Train1Val_ClinVarHQ,134.0731,6.83,652359094,1244.48,1961.98,134.0731,5.63,0.0,1.2,0.0,0.0,0.0,0.2,0.2,0.0
train1__val_mean_geom_prot_nt_v3_650m_esm1b_650m_Pure_XGBoost_Concat__Train1Val_UniProt,134.0731,6.69,652359094,1244.48,1961.98,134.0731,5.65,0.0,1.04,0.0,0.0,0.0,0.2,0.2,0.0
train1__val_mean_geom_prot_nt_v3_650m_esm1b_650m_Pure_XGBoost_Concat__Train1Val_ProteinGym,134.0731,6.7,652359094,1244.48,1961.98,134.0731,5.67,0.0,1.02,0.0,0.0,0.0,0.2,0.2,0.0
train1__val_mean_geom_prot_nt_v3_650m_esm1b_650m_Hybrid_Concat_XGBoost__Train1Val_Test,134.075,6.46,653298359,1248.05,1961.98,134.0731,5.48,0.0,0.96,0.0019,0.02,939265.0,3.77,0.19,0.0
train1__val_mean_geom_prot_nt_v3_650m_esm1b_650m_Hybrid_Concat_XGBoost__Train1Val_ClinVarHQ,134.075,6.84,653298359,1248.05,1961.98,134.0731,5.63,0.0,1.2,0.0019,0.02,939265.0,3.77,0.19,0.0
train1__val_mean_geom_prot_nt_v3_650m_esm1b_650m_Hybrid_Concat_XGBoost__Train1Val_UniProt,134.075,6.7,653298359,1248.05,1961.98,134.0731,5.65,0.0,1.04,0.0019,0.02,939265.0,3.77,0.19,0.0
train1__val_mean_geom_prot_nt_v3_650m_esm1b_650m_Hybrid_Concat_XGBoost__Train1Val_ProteinGym,134.075,6.71,653298359,1248.05,1961.98,134.0731,5.67,0.0,1.02,0.0019,0.02,939265.0,3.77,0.19,0.0
train1__val_mean_bio_dna_geom_nt_v3_650m_esm1b_650m_PyTorch_Concat__Train1Val_Test,76.9387,7.85,652901180,2490.62,3643.92,76.9366,6.89,0.0,0.96,0.0021,0.0,1071745.0,4.09,0.0,0.0
train1__val_mean_bio_dna_geom_nt_v3_650m_esm1b_650m_PyTorch_Concat__Train1Val_ClinVarHQ,76.9387,8.18,652901180,2490.62,3643.92,76.9366,6.98,0.0,1.2,0.0021,0.01,1071745.0,4.09,0.0,0.0
train1__val_mean_bio_dna_geom_nt_v3_650m_esm1b_650m_PyTorch_Concat__Train1Val_UniProt,76.9387,8.0,652901180,2490.62,3643.92,76.9366,6.96,0.0,1.04,0.0021,0.0,1071745.0,4.09,0.0,0.0
train1__val_mean_bio_dna_geom_nt_v3_650m_esm1b_650m_PyTorch_Concat__Train1Val_ProteinGym,76.9387,7.84,652901180,2490.62,3643.92,76.9366,6.81,0.0,1.02,0.0021,0.01,1071745.0,4.09,0.0,0.0
train1__val_mean_bio_dna_geom_nt_v3_650m_esm1b_650m_Pure_XGBoost_Concat__Train1Val_Test,76.9366,7.85,651829435,2486.81,3643.92,76.9366,6.89,0.0,0.96,0.0,0.0,0.0,0.28,0.28,0.0
train1__val_mean_bio_dna_geom_nt_v3_650m_esm1b_650m_Pure_XGBoost_Concat__Train1Val_ClinVarHQ,76.9366,8.18,651829435,2486.81,3643.92,76.9366,6.98,0.0,1.2,0.0,0.01,0.0,0.28,0.28,0.0
train1__val_mean_bio_dna_geom_nt_v3_650m_esm1b_650m_Pure_XGBoost_Concat__Train1Val_UniProt,76.9366,8.0,651829435,2486.81,3643.92,76.9366,6.96,0.0,1.04,0.0,0.0,0.0,0.28,0.28,0.0
train1__val_mean_bio_dna_geom_nt_v3_650m_esm1b_650m_Pure_XGBoost_Concat__Train1Val_ProteinGym,76.9366,7.84,651829435,2486.81,3643.92,76.9366,6.81,0.0,1.02,0.0,0.0,0.0,0.28,0.28,0.0
train1__val_mean_bio_dna_geom_nt_v3_650m_esm1b_650m_Hybrid_Concat_XGBoost__Train1Val_Test,76.9387,7.87,652901180,2490.81,3643.92,76.9366,6.89,0.0,0.96,0.0021,0.03,1071745.0,4.28,0.19,0.0
train1__val_mean_bio_dna_geom_nt_v3_650m_esm1b_650m_Hybrid_Concat_XGBoost__Train1Val_ClinVarHQ,76.9387,8.19,652901180,2490.81,3643.92,76.9366,6.98,0.0,1.2,0.0021,0.02,1071745.0,4.28,0.19,0.0
train1__val_mean_bio_dna_geom_nt_v3_650m_esm1b_650m_Hybrid_Concat_XGBoost__Train1Val_UniProt,76.9387,8.02,652901180,2490.81,3643.92,76.9366,6.96,0.0,1.04,0.0021,0.02,1071745.0,4.28,0.19,0.0
train1__val_mean_bio_dna_geom_nt_v3_650m_esm1b_650m_Hybrid_Concat_XGBoost__Train1Val_ProteinGym,76.9387,7.85,652901180,2490.81,3643.92,76.9366,6.81,0.0,1.02,0.0021,0.02,1071745.0,4.28,0.19,0.0
train1__val_mean_bio_geom_prot_nt_v3_650m_esm1b_650m_PyTorch_Concat__Train1Val_Test,134.075,6.44,653299767,1247.87,1961.98,134.0731,5.48,0.0,0.96,0.0019,0.0,940673.0,3.59,0.0,0.0
train1__val_mean_bio_geom_prot_nt_v3_650m_esm1b_650m_PyTorch_Concat__Train1Val_ClinVarHQ,134.075,6.83,653299767,1247.87,1961.98,134.0731,5.63,0.0,1.2,0.0019,0.01,940673.0,3.59,0.0,0.0
train1__val_mean_bio_geom_prot_nt_v3_650m_esm1b_650m_PyTorch_Concat__Train1Val_UniProt,134.075,6.7,653299767,1247.87,1961.98,134.0731,5.65,0.0,1.04,0.0019,0.01,940673.0,3.59,0.0,0.0
train1__val_mean_bio_geom_prot_nt_v3_650m_esm1b_650m_PyTorch_Concat__Train1Val_ProteinGym,134.075,6.7,653299767,1247.87,1961.98,134.0731,5.67,0.0,1.02,0.0019,0.01,940673.0,3.59,0.0,0.0
train1__val_mean_bio_geom_prot_nt_v3_650m_esm1b_650m_Pure_XGBoost_Concat__Train1Val_Test,134.0731,6.44,652359094,1244.63,1961.98,134.0731,5.48,0.0,0.96,0.0,0.0,0.0,0.35,0.35,0.0
train1__val_mean_bio_geom_prot_nt_v3_650m_esm1b_650m_Pure_XGBoost_Concat__Train1Val_ClinVarHQ,134.0731,6.83,652359094,1244.63,1961.98,134.0731,5.63,0.0,1.2,0.0,0.0,0.0,0.35,0.35,0.0
train1__val_mean_bio_geom_prot_nt_v3_650m_esm1b_650m_Pure_XGBoost_Concat__Train1Val_UniProt,134.0731,6.69,652359094,1244.63,1961.98,134.0731,5.65,0.0,1.04,0.0,0.0,0.0,0.35,0.35,0.0
train1__val_mean_bio_geom_prot_nt_v3_650m_esm1b_650m_Pure_XGBoost_Concat__Train1Val_ProteinGym,134.0731,6.7,652359094,1244.63,1961.98,134.0731,5.67,0.0,1.02,0.0,0.0,0.0,0.35,0.35,0.0
train1__val_mean_bio_geom_prot_nt_v3_650m_esm1b_650m_Hybrid_Concat_XGBoost__Train1Val_Test,134.075,6.46,653299767,1248.05,1961.98,134.0731,5.48,0.0,0.96,0.0019,0.02,940673.0,3.77,0.18,0.0
train1__val_mean_bio_geom_prot_nt_v3_650m_esm1b_650m_Hybrid_Concat_XGBoost__Train1Val_ClinVarHQ,134.075,6.85,653299767,1248.05,1961.98,134.0731,5.63,0.0,1.2,0.0019,0.02,940673.0,3.77,0.18,0.0
train1__val_mean_bio_geom_prot_nt_v3_650m_esm1b_650m_Hybrid_Concat_XGBoost__Train1Val_UniProt,134.075,6.71,653299767,1248.05,1961.98,134.0731,5.65,0.0,1.04,0.0019,0.02,940673.0,3.77,0.18,0.0
train1__val_mean_bio_geom_prot_nt_v3_650m_esm1b_650m_Hybrid_Concat_XGBoost__Train1Val_ProteinGym,134.075,6.71,653299767,1248.05,1961.98,134.0731,5.67,0.0,1.02,0.0019,0.02,940673.0,3.77,0.18,0.0
