Dataset,Pooling,Ablation,DNA_Model,Prot_Model,Network,Accuracy,Precision,Recall,Specificity,F1_Score,MCC,AUROC,AUPRC,Geom_Features
Train1Val_ClinVarHQ,mean,bio_core_dna_prot_spliceai,nt_v1_500m,esm2_650m,Hybrid_Gating_XGBoost,0.9403,0.9781,0.8994,0.9803,0.9371,0.8832,0.9851,0.9865,
Train1Val_ClinVarHQ,cls,bio_core_dna_prot_spliceai,nt_v1_500m,esm2_650m,Hybrid_Concat_XGBoost,0.936,0.9749,0.8937,0.9775,0.9325,0.8748,0.9812,0.9829,
Train1Val_ClinVarHQ,mean,bio_core_dna_prot,nt_v1_500m,esm1v_650m,Hybrid_Transformer_XGBoost,0.9331,0.9688,0.8937,0.9718,0.9297,0.8687,0.9848,0.9858,
Train1Val_ClinVarHQ,center,bio_core_dna_prot_spliceai,nt_v3_650m,esm2_650m,Hybrid_CrossAttn_XGBoost,0.9331,0.9631,0.8994,0.9662,0.9302,0.868,0.9822,0.9832,
Train1Val_ClinVarHQ,center,bio_core_dna_prot_spliceai,nt_v3_650m,esmc_600m,Pure_XGBoost_Concat,0.9317,0.9808,0.8793,0.9831,0.9273,0.8679,0.9882,0.9889,
Train1Val_ClinVarHQ,center,bio_core_prot_spliceai,,esmc_600m,Pure_XGBoost_Concat,0.9317,0.9747,0.8851,0.9775,0.9277,0.8669,0.9878,0.9887,
Train1Val_ClinVarHQ,center,bio_core_dna_prot_spliceai,nt_v3_650m,esm2_650m,Pure_XGBoost_Concat,0.9303,0.9838,0.8736,0.9859,0.9254,0.8658,0.9871,0.9877,
Train1Val_ClinVarHQ,center,bio_core_dna_prot_spliceai,nt_v3_650m,esmc_600m,Hybrid_Transformer_XGBoost,0.9317,0.9601,0.8994,0.9634,0.9288,0.865,0.984,0.9839,
Train1Val_ClinVarHQ,center,bio_core_dna_prot_spliceai,nt_v2_500m,esmc_600m,Hybrid_CrossAttn_XGBoost,0.9317,0.9601,0.8994,0.9634,0.9288,0.865,0.9828,0.9836,
Train1Val_ClinVarHQ,center,bio_core_prot_spliceai,,esm2_650m,Pure_XGBoost_Concat,0.9303,0.9776,0.8793,0.9803,0.9259,0.8648,0.9864,0.9867,
Train1Val_ClinVarHQ,center,bio_core_prot_spliceai,,esm2_650m,Hybrid_Concat_XGBoost,0.9303,0.9716,0.8851,0.9746,0.9263,0.8638,0.9853,0.9864,
Train1Val_ClinVarHQ,mean,bio_core_dna_prot_spliceai,nt_v2_500m,esm2_650m,Hybrid_Transformer_XGBoost,0.9303,0.9687,0.8879,0.9718,0.9265,0.8634,0.983,0.9848,
Train1Val_ClinVarHQ,center,bio_core_dna_prot_spliceai,nt_v1_500m,esm2_650m,Hybrid_CrossAttn_XGBoost,0.9303,0.9657,0.8908,0.969,0.9268,0.863,0.9831,0.9837,
Train1Val_ClinVarHQ,center,bio_core_dna_prot_spliceai,nt_v3_650m,esm1v_650m,Hybrid_Gating_XGBoost,0.9303,0.9657,0.8908,0.969,0.9268,0.863,0.9818,0.9833,
Train1Val_ClinVarHQ,mean,bio_core_dna_prot_spliceai,nt_v3_650m,esm2_650m,Hybrid_CrossAttn_XGBoost,0.9303,0.96,0.8966,0.9634,0.9272,0.8623,0.9824,0.9823,
Train1Val_ClinVarHQ,center,bio_core_dna_prot_spliceai,nt_v3_650m,esm1b_650m,Pure_XGBoost_Concat,0.9289,0.9776,0.8764,0.9803,0.9242,0.8621,0.9861,0.9868,
Train1Val_ClinVarHQ,mean,bio_core_dna_prot_spliceai,nt_v3_650m,esm2_650m,Hybrid_Transformer_XGBoost,0.9289,0.9776,0.8764,0.9803,0.9242,0.8621,0.9827,0.9843,
Train1Val_ClinVarHQ,center,bio_core_dna_prot,nt_v3_650m,esm1v_650m,Hybrid_Transformer_XGBoost,0.9289,0.9715,0.8822,0.9746,0.9247,0.8612,0.9821,0.9831,
Train1Val_ClinVarHQ,mean,bio_core_dna_prot_spliceai,nt_v3_650m,esm2_650m,Hybrid_Concat_XGBoost,0.9289,0.9715,0.8822,0.9746,0.9247,0.8612,0.9835,0.9847,
Train1Val_ClinVarHQ,center,bio_core_dna_prot_spliceai,nt_v2_500m,esm2_650m,Pure_XGBoost_Concat,0.9275,0.9837,0.8678,0.9859,0.9221,0.8606,0.9852,0.9859,
Train1Val_ClinVarHQ,center,bio_core_dna_prot_spliceai,nt_v3_650m,esm1v_650m,Hybrid_Concat_XGBoost,0.9289,0.9656,0.8879,0.969,0.9251,0.8604,0.981,0.9806,
Train1Val_ClinVarHQ,center,bio_core_dna_prot_spliceai,nt_v1_500m,esmc_600m,Hybrid_Transformer_XGBoost,0.9289,0.9599,0.8937,0.9634,0.9256,0.8597,0.9836,0.9844,
Train1Val_ClinVarHQ,cls,bio_dna_prot,nt_v3_650m,esm1b_650m,Pure_XGBoost_Concat,0.9275,0.9744,0.8764,0.9775,0.9228,0.859,0.9863,0.9874,
Train1Val_ClinVarHQ,cls,bio_core_dna_prot_spliceai,nt_v1_500m,esm1b_650m,Hybrid_CrossAttn_XGBoost,0.9275,0.9714,0.8793,0.9746,0.9231,0.8586,0.9786,0.9812,
Train1Val_ClinVarHQ,mean,bio_core_dna_prot_spliceai,nt_v3_650m,esm2_650m,PyTorch_Transformer,0.926,0.9837,0.8649,0.9859,0.9205,0.858,0.9836,0.9845,
Train1Val_ClinVarHQ,center,bio_core_dna_prot_spliceai,nt_v3_650m,esm2_650m,Hybrid_Concat_XGBoost,0.9275,0.9655,0.8851,0.969,0.9235,0.8577,0.9838,0.9846,
Train1Val_ClinVarHQ,center,bio_core_dna_prot_spliceai,nt_v3_650m,esmc_600m,Hybrid_Gating_XGBoost,0.9275,0.9655,0.8851,0.969,0.9235,0.8577,0.982,0.9823,
Train1Val_ClinVarHQ,mean,bio_core_dna_prot_spliceai,nt_v1_500m,esm1b_650m,Hybrid_Transformer_XGBoost,0.9275,0.9655,0.8851,0.969,0.9235,0.8577,0.9814,0.9831,
Train1Val_ClinVarHQ,center,bio_core_prot_spliceai,,esm1v_650m,Pure_XGBoost_Concat,0.926,0.9805,0.8678,0.9831,0.9207,0.8575,0.9849,0.9858,
Train1Val_ClinVarHQ,center,bio_core_dna_prot_spliceai,nt_v3_650m,esmc_600m,Hybrid_Concat_XGBoost,0.9275,0.9626,0.8879,0.9662,0.9238,0.8573,0.9846,0.9845,
Train1Val_ClinVarHQ,center,bio_core_dna_prot_spliceai,nt_v3_650m,esmc_600m,Hybrid_CrossAttn_XGBoost,0.9275,0.9626,0.8879,0.9662,0.9238,0.8573,0.9825,0.982,
Train1Val_ClinVarHQ,center,bio_core_dna_prot_spliceai,nt_v2_500m,esmc_600m,Hybrid_Gating_XGBoost,0.9275,0.9626,0.8879,0.9662,0.9238,0.8573,0.9831,0.984,
Train1Val_ClinVarHQ,mean,bio_core_dna_prot_spliceai,nt_v2_500m,esm1b_650m,Hybrid_Transformer_XGBoost,0.9275,0.9626,0.8879,0.9662,0.9238,0.8573,0.9838,0.9845,
Train1Val_ClinVarHQ,mean,bio_core_dna_prot,nt_v2_500m,esm1v_650m,Hybrid_Transformer_XGBoost,0.9275,0.9626,0.8879,0.9662,0.9238,0.8573,0.9812,0.9823,
Train1Val_ClinVarHQ,mean,bio_core_dna_prot_spliceai,nt_v2_500m,esm1v_650m,Hybrid_Transformer_XGBoost,0.9275,0.9598,0.8908,0.9634,0.924,0.857,0.9809,0.9814,
Train1Val_ClinVarHQ,center,bio_dna_prot,nt_v3_650m,esmc_600m,Pure_XGBoost_Concat,0.926,0.9744,0.8736,0.9775,0.9212,0.8564,0.9881,0.9885,
Train1Val_ClinVarHQ,mean,bio_core_dna_prot_spliceai,nt_v1_500m,esm2_650m,Hybrid_CrossAttn_XGBoost,0.926,0.9744,0.8736,0.9775,0.9212,0.8564,0.9854,0.9859,
Train1Val_ClinVarHQ,mean,bio_core_dna_prot_spliceai,nt_v3_650m,esm2_650m,Pure_XGBoost_Concat,0.926,0.9744,0.8736,0.9775,0.9212,0.8564,0.9869,0.9884,
Train1Val_ClinVarHQ,center,bio_core_dna_prot_spliceai,nt_v3_650m,esm1v_650m,Hybrid_Transformer_XGBoost,0.926,0.9713,0.8764,0.9746,0.9215,0.8559,0.9837,0.9842,
Train1Val_ClinVarHQ,mean,bio_core_prot_spliceai,,esm1b_650m,Hybrid_Concat_XGBoost,0.926,0.9713,0.8764,0.9746,0.9215,0.8559,0.9826,0.9839,
Train1Val_ClinVarHQ,mean,bio_dna_prot,nt_v3_650m,esm1b_650m,Hybrid_Concat_XGBoost,0.926,0.9684,0.8793,0.9718,0.9217,0.8555,0.9827,0.9835,
Train1Val_ClinVarHQ,mean,bio_dna,nt_v3_650m,,Pure_XGBoost_Concat,0.9246,0.9836,0.8621,0.9859,0.9188,0.8555,0.984,0.9856,
Train1Val_ClinVarHQ,center,bio_core_dna_prot_spliceai,nt_v3_650m,esm1v_650m,Hybrid_CrossAttn_XGBoost,0.926,0.9684,0.8793,0.9718,0.9217,0.8555,0.9814,0.9828,
Train1Val_ClinVarHQ,mean,bio_core_dna_prot_spliceai,nt_v1_500m,esm1b_650m,Pure_XGBoost_Concat,0.9246,0.9836,0.8621,0.9859,0.9188,0.8555,0.9852,0.9864,
Train1Val_ClinVarHQ,mean,bio_core_dna_prot_spliceai,nt_v3_650m,esm1v_650m,Hybrid_Transformer_XGBoost,0.926,0.9684,0.8793,0.9718,0.9217,0.8555,0.9805,0.9811,
Train1Val_ClinVarHQ,mean,bio_core_dna_prot_spliceai,nt_v2_500m,esm2_650m,Hybrid_CrossAttn_XGBoost,0.926,0.9684,0.8793,0.9718,0.9217,0.8555,0.9818,0.9829,
Train1Val_ClinVarHQ,mean,bio_core_dna_prot_spliceai,nt_v2_500m,esm1v_650m,Hybrid_CrossAttn_XGBoost,0.926,0.9625,0.8851,0.9662,0.9222,0.8547,0.9806,0.9814,
Train1Val_ClinVarHQ,center,bio_dna_prot,nt_v3_650m,esmc_600m,Hybrid_CrossAttn_XGBoost,0.926,0.9596,0.8879,0.9634,0.9224,0.8543,0.9863,0.9865,
Train1Val_ClinVarHQ,mean,bio_core_prot_spliceai,,esmc_600m,Pure_XGBoost_Concat,0.9246,0.9773,0.8678,0.9803,0.9193,0.8543,0.9848,0.9854,
Train1Val_ClinVarHQ,center,bio_core_dna_prot_spliceai,nt_v2_500m,esmc_600m,Pure_XGBoost_Concat,0.9246,0.9743,0.8707,0.9775,0.9196,0.8538,0.9877,0.9885,
Train1Val_ClinVarHQ,center,bio_dna_prot,nt_v3_650m,esmc_600m,Hybrid_Gating_XGBoost,0.9246,0.9712,0.8736,0.9746,0.9198,0.8533,0.9836,0.9847,
Train1Val_ClinVarHQ,center,bio_core_dna_prot_spliceai,nt_v2_500m,esm1b_650m,Pure_XGBoost_Concat,0.9246,0.9712,0.8736,0.9746,0.9198,0.8533,0.9826,0.9837,
Train1Val_ClinVarHQ,center,bio_core_dna_prot_spliceai,nt_v2_500m,esm2_650m,Hybrid_Gating_XGBoost,0.9246,0.9653,0.8793,0.969,0.9203,0.8524,0.9834,0.984,
Train1Val_ClinVarHQ,mean,bio_core_dna_prot_spliceai,nt_v1_500m,esm1b_650m,Hybrid_Gating_XGBoost,0.9246,0.9653,0.8793,0.969,0.9203,0.8524,0.9815,0.9824,
Train1Val_ClinVarHQ,mean,bio_core_dna_prot_spliceai,nt_v3_650m,esm1b_650m,Hybrid_Concat_XGBoost,0.9246,0.9653,0.8793,0.969,0.9203,0.8524,0.9818,0.9834,
Train1Val_ClinVarHQ,mean,bio_core_dna_prot_spliceai,nt_v2_500m,esmc_600m,Hybrid_Transformer_XGBoost,0.9246,0.9653,0.8793,0.969,0.9203,0.8524,0.9799,0.981,
Train1Val_ClinVarHQ,center,bio_core_dna_prot_spliceai,nt_v1_500m,esm1b_650m,Hybrid_Concat_XGBoost,0.9246,0.9624,0.8822,0.9662,0.9205,0.852,0.9813,0.982,
Train1Val_ClinVarHQ,center,bio_core_dna_prot_spliceai,nt_v1_500m,esm1v_650m,Hybrid_CrossAttn_XGBoost,0.9246,0.9624,0.8822,0.9662,0.9205,0.852,0.9811,0.9828,
Train1Val_ClinVarHQ,center,bio_core_dna_prot_spliceai,nt_v2_500m,esm1v_650m,Hybrid_Gating_XGBoost,0.9246,0.9624,0.8822,0.9662,0.9205,0.852,0.9802,0.9812,
Train1Val_ClinVarHQ,cls,bio_core_dna_prot_spliceai,nt_v1_500m,esm2_650m,Hybrid_Gating_XGBoost,0.9246,0.9624,0.8822,0.9662,0.9205,0.852,0.9792,0.9805,
Train1Val_ClinVarHQ,mean,bio_core_dna_prot_spliceai,nt_v1_500m,esm1v_650m,Hybrid_Concat_XGBoost,0.9246,0.9624,0.8822,0.9662,0.9205,0.852,0.9807,0.9807,
Train1Val_ClinVarHQ,mean,bio_core_dna_prot_spliceai,nt_v2_500m,esm1b_650m,Hybrid_CrossAttn_XGBoost,0.9246,0.9624,0.8822,0.9662,0.9205,0.852,0.9835,0.9841,
Train1Val_ClinVarHQ,center,bio_core_dna_prot_spliceai,nt_v1_500m,esmc_600m,Pure_XGBoost_Concat,0.9232,0.9773,0.8649,0.9803,0.9177,0.8517,0.9874,0.9882,
Train1Val_ClinVarHQ,center,bio_core_dna_prot,nt_v2_500m,esm1v_650m,Pure_XGBoost_Concat,0.9232,0.9773,0.8649,0.9803,0.9177,0.8517,0.9837,0.9844,
Train1Val_ClinVarHQ,mean,bio_core_dna_prot_spliceai,nt_v3_650m,esm1b_650m,Pure_XGBoost_Concat,0.9232,0.9773,0.8649,0.9803,0.9177,0.8517,0.9851,0.9862,
Train1Val_ClinVarHQ,mean,bio_core_dna_prot,nt_v2_500m,esm1v_650m,Hybrid_Gating_XGBoost,0.9232,0.9773,0.8649,0.9803,0.9177,0.8517,0.9811,0.9821,
Train1Val_ClinVarHQ,mean,bio_core_dna_prot_spliceai_geom,nt_v2_500m,esm1b_650m,Pure_XGBoost_Concat,0.9232,0.9773,0.8649,0.9803,0.9177,0.8517,0.9844,0.985,dna_LVD_L2+dna_LVD_Cosine+prot_LLR+prot_LVD_Cosine
Train1Val_ClinVarHQ,center,bio_dna_prot,nt_v3_650m,esmc_600m,Hybrid_Concat_XGBoost,0.9246,0.9595,0.8851,0.9634,0.9208,0.8516,0.9865,0.9864,
Train1Val_ClinVarHQ,center,bio_core_dna_prot_spliceai,nt_v1_500m,esm2_650m,Hybrid_Transformer_XGBoost,0.9246,0.9595,0.8851,0.9634,0.9208,0.8516,0.9806,0.9816,
Train1Val_ClinVarHQ,center,bio_core_dna_prot_spliceai,nt_v3_650m,esm1b_650m,Hybrid_Gating_XGBoost,0.9246,0.9595,0.8851,0.9634,0.9208,0.8516,0.9804,0.9812,
Train1Val_ClinVarHQ,mean,bio_core_dna_prot,nt_v1_500m,esm1v_650m,Hybrid_CrossAttn_XGBoost,0.9246,0.9595,0.8851,0.9634,0.9208,0.8516,0.9803,0.9816,
Train1Val_ClinVarHQ,center,bio_dna_prot,nt_v3_650m,esmc_600m,Hybrid_Transformer_XGBoost,0.9232,0.9742,0.8678,0.9775,0.9179,0.8512,0.984,0.9847,
Train1Val_ClinVarHQ,mean,bio_dna_prot,nt_v3_650m,esm1b_650m,Hybrid_Gating_XGBoost,0.9232,0.9712,0.8707,0.9746,0.9182,0.8507,0.9822,0.9825,
Train1Val_ClinVarHQ,center,bio_core_dna_prot_spliceai,nt_v3_650m,esm2_650m,Hybrid_Gating_XGBoost,0.9232,0.9712,0.8707,0.9746,0.9182,0.8507,0.9822,0.9833,
Train1Val_ClinVarHQ,mean,bio_core_dna_prot_spliceai,nt_v3_650m,esm1b_650m,Hybrid_Gating_XGBoost,0.9232,0.9712,0.8707,0.9746,0.9182,0.8507,0.9819,0.9821,
Train1Val_ClinVarHQ,center,bio_core_dna_prot_spliceai,nt_v3_650m,esm1v_650m,Pure_XGBoost_Concat,0.9232,0.9682,0.8736,0.9718,0.9184,0.8502,0.9869,0.9876,
Train1Val_ClinVarHQ,mean,bio_core_dna_prot_spliceai,nt_v1_500m,esmc_600m,Hybrid_Gating_XGBoost,0.9232,0.9682,0.8736,0.9718,0.9184,0.8502,0.9789,0.9801,
Train1Val_ClinVarHQ,center,bio_prot,,esmc_600m,Hybrid_Concat_XGBoost,0.9232,0.9652,0.8764,0.969,0.9187,0.8498,0.9824,0.9842,
Train1Val_ClinVarHQ,center,bio_prot,,esmc_600m,Hybrid_Concat_XGBoost,0.9232,0.9652,0.8764,0.969,0.9187,0.8498,0.9824,0.9842,
Train1Val_ClinVarHQ,center,bio_core_dna_prot_spliceai,nt_v2_500m,esm1v_650m,Hybrid_Transformer_XGBoost,0.9232,0.9652,0.8764,0.969,0.9187,0.8498,0.9817,0.9814,
Train1Val_ClinVarHQ,center,bio_core_dna_prot,nt_v1_500m,esm1v_650m,Pure_XGBoost_Concat,0.9232,0.9652,0.8764,0.969,0.9187,0.8498,0.9835,0.9842,
Train1Val_ClinVarHQ,mean,bio_core_dna_prot,nt_v1_500m,esm1v_650m,Hybrid_Concat_XGBoost,0.9232,0.9652,0.8764,0.969,0.9187,0.8498,0.9802,0.9811,
Train1Val_ClinVarHQ,cls,bio_core_dna_prot_spliceai,nt_v1_500m,esm2_650m,Pure_XGBoost_Concat,0.9218,0.9772,0.8621,0.9803,0.916,0.8491,0.9813,0.9809,
Train1Val_ClinVarHQ,center,bio_core_dna_prot_spliceai,nt_v2_500m,esm2_650m,Hybrid_CrossAttn_XGBoost,0.9232,0.9594,0.8822,0.9634,0.9192,0.8489,0.9825,0.9827,
Train1Val_ClinVarHQ,center,bio_core_dna_prot_spliceai,nt_v2_500m,esm2_650m,Hybrid_Transformer_XGBoost,0.9232,0.9594,0.8822,0.9634,0.9192,0.8489,0.9835,0.9834,
Train1Val_ClinVarHQ,center,bio_core_dna_prot_spliceai,nt_v2_500m,esmc_600m,Hybrid_Transformer_XGBoost,0.9232,0.9594,0.8822,0.9634,0.9192,0.8489,0.983,0.9834,
Train1Val_ClinVarHQ,mean,bio_core_dna_prot_spliceai,nt_v1_500m,esm1b_650m,Hybrid_Concat_XGBoost,0.9232,0.9594,0.8822,0.9634,0.9192,0.8489,0.9812,0.9816,
Train1Val_ClinVarHQ,cls,bio_dna_prot,nt_v3_650m,esm1b_650m,Hybrid_Transformer_XGBoost,0.9218,0.9741,0.8649,0.9775,0.9163,0.8486,0.983,0.984,
Train1Val_ClinVarHQ,cls,bio_core_prot_spliceai,,esmc_600m,Hybrid_Concat_XGBoost,0.9218,0.9741,0.8649,0.9775,0.9163,0.8486,0.982,0.9834,
Train1Val_ClinVarHQ,cls,bio_core_dna_prot_spliceai,nt_v1_500m,esm1b_650m,Hybrid_Transformer_XGBoost,0.9232,0.9565,0.8851,0.9606,0.9194,0.8486,0.9783,0.9809,
Train1Val_ClinVarHQ,cls,bio_core_dna_prot_spliceai,nt_v2_500m,esm2_650m,Hybrid_Transformer_XGBoost,0.9218,0.9741,0.8649,0.9775,0.9163,0.8486,0.9793,0.9816,
Train1Val_ClinVarHQ,mean,bio_core_dna_prot_spliceai,nt_v2_500m,esm1b_650m,Hybrid_Gating_XGBoost,0.9218,0.9741,0.8649,0.9775,0.9163,0.8486,0.9825,0.9837,
Train1Val_ClinVarHQ,mean,bio_core_dna_prot_spliceai_geom,nt_v2_500m,esm1b_650m,Pure_XGBoost_Concat,0.9218,0.9741,0.8649,0.9775,0.9163,0.8486,0.9832,0.9842,dna_LVD_L2+prot_LVD_L2+prot_LVD_Cosine
Train1Val_ClinVarHQ,center,bio_core_dna_prot_spliceai,nt_v1_500m,esmc_600m,Hybrid_CrossAttn_XGBoost,0.9232,0.9537,0.8879,0.9577,0.9196,0.8482,0.9837,0.9842,
Train1Val_ClinVarHQ,mean,bio_core_dna_prot_spliceai,nt_v1_500m,esm2_650m,Pure_XGBoost_Concat,0.9218,0.9711,0.8678,0.9746,0.9165,0.8481,0.9844,0.9846,
Train1Val_ClinVarHQ,mean,bio_core_dna_prot_spliceai_geom,nt_v2_500m,esm1b_650m,Pure_XGBoost_Concat,0.9218,0.9711,0.8678,0.9746,0.9165,0.8481,0.9849,0.9854,prot_LLR+prot_LVD_Cosine
Train1Val_ClinVarHQ,mean,bio_core_dna_prot_spliceai_geom,nt_v2_500m,esm1b_650m,Pure_XGBoost_Concat,0.9218,0.9711,0.8678,0.9746,0.9165,0.8481,0.9836,0.9841,prot_LLR+prot_LVD_L2+prot_LVD_Cosine
Train1Val_ClinVarHQ,mean,bio_core_dna_prot_spliceai_geom,nt_v2_500m,esm1b_650m,Pure_XGBoost_Concat,0.9218,0.9711,0.8678,0.9746,0.9165,0.8481,0.9842,0.9851,dna_LLR+dna_LVD_L2+prot_LLR+prot_LVD_L2
Train1Val_ClinVarHQ,center,bio_core_prot_spliceai,,esm1v_650m,Hybrid_Concat_XGBoost,0.9218,0.9681,0.8707,0.9718,0.9168,0.8476,0.9823,0.9833,
Train1Val_ClinVarHQ,center,bio_core_dna_prot_spliceai,nt_v3_650m,esm2_650m,Hybrid_Transformer_XGBoost,0.9232,0.9482,0.8937,0.9521,0.9201,0.8476,0.9803,0.9814,
Train1Val_ClinVarHQ,mean,bio_core_dna_prot_spliceai,nt_v3_650m,esmc_600m,Hybrid_Concat_XGBoost,0.9218,0.9681,0.8707,0.9718,0.9168,0.8476,0.984,0.9847,
Train1Val_ClinVarHQ,mean,bio_core_dna_prot_spliceai,nt_v3_650m,esmc_600m,PyTorch_CrossAttn,0.9203,0.9803,0.8563,0.9831,0.9141,0.8471,0.9881,0.9883,
Train1Val_ClinVarHQ,center,bio_core_dna_prot_spliceai,nt_v2_500m,esm1v_650m,Pure_XGBoost_Concat,0.9218,0.9621,0.8764,0.9662,0.9173,0.8467,0.9846,0.9854,
Train1Val_ClinVarHQ,mean,bio_core_prot_spliceai,,esm2_650m,Hybrid_Concat_XGBoost,0.9218,0.9621,0.8764,0.9662,0.9173,0.8467,0.9813,0.9828,
Train1Val_ClinVarHQ,mean,bio_core_dna_prot_spliceai,nt_v2_500m,esmc_600m,Hybrid_Gating_XGBoost,0.9218,0.9621,0.8764,0.9662,0.9173,0.8467,0.9799,0.9801,
Train1Val_ClinVarHQ,mean,bio_core_dna_prot_spliceai_geom,nt_v2_500m,esm1b_650m,Pure_XGBoost_Concat,0.9218,0.9621,0.8764,0.9662,0.9173,0.8467,0.9831,0.9836,dna_LVD_L2+dna_LVD_Cosine+prot_LVD_L2
Train1Val_ClinVarHQ,mean,bio_core_dna_prot_spliceai_geom,nt_v2_500m,esm1b_650m,Pure_XGBoost_Concat,0.9203,0.9771,0.8592,0.9803,0.9144,0.8466,0.9851,0.9857,dna_LLR+prot_LLR
Train1Val_ClinVarHQ,center,bio_core_dna_prot,nt_v2_500m,esm1v_650m,Hybrid_Transformer_XGBoost,0.9218,0.9592,0.8793,0.9634,0.9175,0.8463,0.9805,0.9814,
Train1Val_ClinVarHQ,mean,bio_core_dna_prot_spliceai,nt_v1_500m,esm2_650m,Hybrid_Transformer_XGBoost,0.9218,0.9592,0.8793,0.9634,0.9175,0.8463,0.9812,0.9826,
Train1Val_ClinVarHQ,mean,bio_core_dna_prot_spliceai,nt_v3_650m,esm2_650m,Hybrid_Gating_XGBoost,0.9218,0.9592,0.8793,0.9634,0.9175,0.8463,0.9837,0.9844,
Train1Val_ClinVarHQ,cls,bio_core_dna_prot_spliceai,nt_v2_500m,esm2_650m,Hybrid_Concat_XGBoost,0.9203,0.974,0.8621,0.9775,0.9146,0.846,0.9777,0.9792,
Train1Val_ClinVarHQ,mean,bio_core_dna_prot_spliceai,nt_v3_650m,esm1v_650m,Hybrid_Gating_XGBoost,0.9203,0.974,0.8621,0.9775,0.9146,0.846,0.9821,0.9822,
Train1Val_ClinVarHQ,mean,bio_core_dna_prot_spliceai,nt_v2_500m,esm2_650m,PyTorch_Concat,0.9203,0.974,0.8621,0.9775,0.9146,0.846,0.985,0.9855,
Train1Val_ClinVarHQ,mean,bio_core_dna_prot_spliceai_geom,nt_v2_500m,esm1b_650m,Pure_XGBoost_Concat,0.9203,0.974,0.8621,0.9775,0.9146,0.846,0.9836,0.9842,dna_LLR+dna_LVD_Cosine+prot_LLR+prot_LVD_Cosine
Train1Val_ClinVarHQ,center,bio_prot,,esmc_600m,Pure_XGBoost_Concat,0.9203,0.971,0.8649,0.9746,0.9149,0.8455,0.9864,0.9871,
Train1Val_ClinVarHQ,center,bio_prot,,esmc_600m,Pure_XGBoost_Concat,0.9203,0.971,0.8649,0.9746,0.9149,0.8455,0.9864,0.9871,
Train1Val_ClinVarHQ,cls,bio_core_dna_prot_spliceai,nt_v3_650m,esm2_650m,Pure_XGBoost_Concat,0.9203,0.971,0.8649,0.9746,0.9149,0.8455,0.9818,0.9813,
Train1Val_ClinVarHQ,cls,bio_core_dna_prot_spliceai,nt_v3_650m,esm2_650m,Hybrid_CrossAttn_XGBoost,0.9203,0.971,0.8649,0.9746,0.9149,0.8455,0.9823,0.9824,
Train1Val_ClinVarHQ,mean,bio_core_dna_prot_spliceai,nt_v1_500m,esm2_650m,Hybrid_Concat_XGBoost,0.9203,0.971,0.8649,0.9746,0.9149,0.8455,0.9828,0.9834,
Train1Val_ClinVarHQ,mean,bio_core_dna_prot_spliceai,nt_v2_500m,esm2_650m,Hybrid_Concat_XGBoost,0.9203,0.971,0.8649,0.9746,0.9149,0.8455,0.9831,0.9836,
Train1Val_ClinVarHQ,mean,bio_core_dna_prot_spliceai_geom,nt_v2_500m,esm1b_650m,Pure_XGBoost_Concat,0.9203,0.971,0.8649,0.9746,0.9149,0.8455,0.9823,0.9836,dna_LLR+prot_LVD_L2
Train1Val_ClinVarHQ,mean,bio_core_dna_prot_spliceai_geom,nt_v2_500m,esm1b_650m,Pure_XGBoost_Concat,0.9203,0.971,0.8649,0.9746,0.9149,0.8455,0.9823,0.9837,dna_LVD_Cosine+prot_LVD_L2
Train1Val_ClinVarHQ,center,bio_core_dna_prot_spliceai,nt_v1_500m,esmc_600m,Hybrid_Concat_XGBoost,0.9203,0.9679,0.8678,0.9718,0.9152,0.845,0.9852,0.9858,
Train1Val_ClinVarHQ,mean,bio_core_dna_prot_spliceai,nt_v2_500m,esm2_650m,Hybrid_Gating_XGBoost,0.9203,0.9679,0.8678,0.9718,0.9152,0.845,0.9813,0.9827,
Train1Val_ClinVarHQ,mean,bio_core_dna_prot,nt_v3_650m,esm1v_650m,Pure_XGBoost_Concat,0.9189,0.9802,0.8534,0.9831,0.9124,0.8446,0.9834,0.9845,
Train1Val_ClinVarHQ,center,bio_core_prot_spliceai,,esm1b_650m,Hybrid_Concat_XGBoost,0.9203,0.965,0.8707,0.969,0.9154,0.8445,0.9806,0.982,
Train1Val_ClinVarHQ,center,bio_core_dna_prot_spliceai,nt_v1_500m,esm2_650m,Hybrid_Gating_XGBoost,0.9203,0.965,0.8707,0.969,0.9154,0.8445,0.982,0.981,
Train1Val_ClinVarHQ,center,bio_core_dna_prot_spliceai,nt_v2_500m,esm2_650m,Hybrid_Concat_XGBoost,0.9203,0.965,0.8707,0.969,0.9154,0.8445,0.9834,0.9833,
Train1Val_ClinVarHQ,mean,bio_core_dna_prot,nt_v3_650m,esm1v_650m,Hybrid_CrossAttn_XGBoost,0.9203,0.965,0.8707,0.969,0.9154,0.8445,0.9803,0.9818,
Train1Val_ClinVarHQ,mean,bio_core_dna_prot,nt_v2_500m,esm1v_650m,Hybrid_Concat_XGBoost,0.9203,0.965,0.8707,0.969,0.9154,0.8445,0.9847,0.9846,
Train1Val_ClinVarHQ,cls,bio_core_dna_prot_spliceai,nt_v1_500m,esm1b_650m,Hybrid_Gating_XGBoost,0.9203,0.962,0.8736,0.9662,0.9157,0.844,0.9792,0.9812,
Train1Val_ClinVarHQ,mean,bio_core_dna_prot_spliceai_geom,nt_v2_500m,esm1b_650m,Pure_XGBoost_Concat,0.9189,0.977,0.8563,0.9803,0.9127,0.844,0.9829,0.9839,dna_LVD_Cosine+prot_LVD_Cosine
Train1Val_ClinVarHQ,mean,bio_core_dna_prot_spliceai_geom,nt_v2_500m,esm1b_650m,Pure_XGBoost_Concat,0.9189,0.977,0.8563,0.9803,0.9127,0.844,0.983,0.9837,dna_LLR+dna_LVD_L2+dna_LVD_Cosine+prot_LVD_L2
Train1Val_ClinVarHQ,center,bio_core_prot_spliceai,,esm1b_650m,Pure_XGBoost_Concat,0.9203,0.9591,0.8764,0.9634,0.9159,0.8436,0.9851,0.9855,
Train1Val_ClinVarHQ,center,bio_core_dna_prot_spliceai,nt_v3_650m,esm1b_650m,Hybrid_CrossAttn_XGBoost,0.9203,0.9591,0.8764,0.9634,0.9159,0.8436,0.9823,0.9827,
Train1Val_ClinVarHQ,mean,bio_core_dna_prot_spliceai,nt_v1_500m,esm1v_650m,Hybrid_CrossAttn_XGBoost,0.9203,0.9591,0.8764,0.9634,0.9159,0.8436,0.9798,0.9808,
Train1Val_ClinVarHQ,mean,bio_core_dna_prot_spliceai_geom,nt_v2_500m,esm1b_650m,Pure_XGBoost_Concat,0.9189,0.9739,0.8592,0.9775,0.913,0.8434,0.9827,0.9837,dna_LLR+prot_LVD_Cosine
Train1Val_ClinVarHQ,mean,bio_core_dna_prot_spliceai_geom,nt_v2_500m,esm1b_650m,Pure_XGBoost_Concat,0.9189,0.9739,0.8592,0.9775,0.913,0.8434,0.9859,0.9866,dna_LVD_Cosine+prot_LLR
Train1Val_ClinVarHQ,mean,bio_core_dna_prot_spliceai_geom,nt_v2_500m,esm1b_650m,Pure_XGBoost_Concat,0.9189,0.9739,0.8592,0.9775,0.913,0.8434,0.984,0.9847,dna_LLR+prot_LLR+prot_LVD_L2+prot_LVD_Cosine
Train1Val_ClinVarHQ,mean,bio_core_dna_prot_spliceai_geom,nt_v2_500m,esm1b_650m,Pure_XGBoost_Concat,0.9189,0.9739,0.8592,0.9775,0.913,0.8434,0.9836,0.9842,dna_LLR+dna_LVD_L2+dna_LVD_Cosine+prot_LLR+prot_LVD_L2+prot_LVD_Cosine
Train1Val_ClinVarHQ,center,bio_core_dna_prot_spliceai,nt_v2_500m,esm2_650m,PyTorch_Gating,0.9175,0.9866,0.8448,0.9887,0.9102,0.8433,0.9825,0.9827,
Train1Val_ClinVarHQ,center,bio_core_dna_prot_spliceai,nt_v2_500m,esm1b_650m,Hybrid_Gating_XGBoost,0.9203,0.9563,0.8793,0.9606,0.9162,0.8432,0.9812,0.9819,
Train1Val_ClinVarHQ,center,bio_core_dna_prot_spliceai,nt_v3_650m,esmc_600m,PyTorch_Concat,0.9189,0.9709,0.8621,0.9746,0.9132,0.8429,0.9833,0.9838,
Train1Val_ClinVarHQ,mean,bio_core_dna_prot_spliceai,nt_v3_650m,esmc_600m,Hybrid_Transformer_XGBoost,0.9189,0.9709,0.8621,0.9746,0.9132,0.8429,0.9821,0.983,
Train1Val_ClinVarHQ,mean,bio_core_dna_prot_spliceai,nt_v2_500m,esmc_600m,Hybrid_CrossAttn_XGBoost,0.9189,0.9709,0.8621,0.9746,0.9132,0.8429,0.9814,0.9821,
Train1Val_ClinVarHQ,mean,bio_core_dna_prot_spliceai_geom,nt_v2_500m,esm1b_650m,Pure_XGBoost_Concat,0.9189,0.9709,0.8621,0.9746,0.9132,0.8429,0.9839,0.9847,dna_LLR+dna_LVD_L2+dna_LVD_Cosine
Train1Val_ClinVarHQ,mean,bio_core_dna_prot_spliceai,nt_v1_500m,esmc_600m,Pure_XGBoost_Concat,0.9175,0.9833,0.8477,0.9859,0.9105,0.8427,0.9836,0.9842,
Train1Val_ClinVarHQ,center,bio_core_dna_prot_spliceai,nt_v1_500m,esm2_650m,Pure_XGBoost_Concat,0.9189,0.9678,0.8649,0.9718,0.9135,0.8423,0.9855,0.9857,
Train1Val_ClinVarHQ,cls,bio_core_dna_prot,nt_v3_650m,esm1v_650m,Hybrid_Concat_XGBoost,0.9189,0.9678,0.8649,0.9718,0.9135,0.8423,0.9774,0.9784,
Train1Val_ClinVarHQ,mean,bio_core_dna_prot_spliceai_geom,nt_v2_500m,esm1b_650m,Pure_XGBoost_Concat,0.9189,0.9678,0.8649,0.9718,0.9135,0.8423,0.9825,0.9832,dna_LLR
Train1Val_ClinVarHQ,mean,bio_core_dna_prot_spliceai_geom,nt_v2_500m,esm1b_650m,Pure_XGBoost_Concat,0.9189,0.9678,0.8649,0.9718,0.9135,0.8423,0.9832,0.9843,dna_LVD_L2+dna_LVD_Cosine+prot_LVD_Cosine
Train1Val_ClinVarHQ,cls,bio_prot,,esm1b_650m,Pure_XGBoost_Concat,0.9175,0.9801,0.8506,0.9831,0.9108,0.842,0.9822,0.9836,
Train1Val_ClinVarHQ,cls,bio_prot,,esm1b_650m,Pure_XGBoost_Concat,0.9175,0.9801,0.8506,0.9831,0.9108,0.842,0.9822,0.9836,
Train1Val_ClinVarHQ,mean,bio_core_prot_spliceai,,esm2_650m,PyTorch_Concat,0.9175,0.9801,0.8506,0.9831,0.9108,0.842,0.9844,0.9856,
Train1Val_ClinVarHQ,center,bio_core_dna_prot_spliceai,nt_v2_500m,esmc_600m,Hybrid_Concat_XGBoost,0.9189,0.9649,0.8678,0.969,0.9138,0.8419,0.985,0.9846,
Train1Val_ClinVarHQ,mean,bio_core_dna_prot_spliceai_geom,nt_v2_500m,esm1b_650m,Pure_XGBoost_Concat,0.9189,0.9649,0.8678,0.969,0.9138,0.8419,0.9844,0.9851,prot_LVD_L2
Train1Val_ClinVarHQ,mean,bio_prot,,esm1b_650m,Pure_XGBoost_Concat,0.9175,0.977,0.8534,0.9803,0.911,0.8414,0.9827,0.9842,
Train1Val_ClinVarHQ,mean,bio_prot,,esm1b_650m,Hybrid_Concat_XGBoost,0.9189,0.9619,0.8707,0.9662,0.914,0.8414,0.9778,0.9779,
Train1Val_ClinVarHQ,cls,bio_core_dna_prot_spliceai,nt_v1_500m,esmc_600m,Hybrid_Concat_XGBoost,0.9175,0.977,0.8534,0.9803,0.911,0.8414,0.9779,0.9801,
Train1Val_ClinVarHQ,cls,bio_core_dna_prot_spliceai,nt_v3_650m,esm2_650m,PyTorch_CrossAttn,0.9175,0.977,0.8534,0.9803,0.911,0.8414,0.9796,0.9799,
Train1Val_ClinVarHQ,cls,bio_core_dna_prot_spliceai,nt_v3_650m,esm2_650m,PyTorch_Gating,0.9175,0.977,0.8534,0.9803,0.911,0.8414,0.981,0.9821,
Train1Val_ClinVarHQ,cls,bio_core_dna_prot_spliceai,nt_v3_650m,esmc_600m,Hybrid_Transformer_XGBoost,0.9189,0.9619,0.8707,0.9662,0.914,0.8414,0.9774,0.977,
Train1Val_ClinVarHQ,cls,bio_core_dna_prot_spliceai,nt_v2_500m,esm1b_650m,Hybrid_Concat_XGBoost,0.9189,0.9619,0.8707,0.9662,0.914,0.8414,0.9796,0.9803,
Train1Val_ClinVarHQ,mean,bio_core_dna_prot_spliceai,nt_v3_650m,esm1v_650m,Hybrid_CrossAttn_XGBoost,0.9189,0.9619,0.8707,0.9662,0.914,0.8414,0.9826,0.9826,
Train1Val_ClinVarHQ,mean,bio_core_dna_prot_spliceai_geom,nt_v2_500m,esm1b_650m,Pure_XGBoost_Concat,0.9189,0.9619,0.8707,0.9662,0.914,0.8414,0.9825,0.9835,dna_LLR+prot_LLR+prot_LVD_L2
Train1Val_ClinVarHQ,mean,bio_core_dna_prot_spliceai_geom,nt_v2_500m,esm1b_650m,Pure_XGBoost_Concat,0.9175,0.977,0.8534,0.9803,0.911,0.8414,0.9822,0.9831,dna_LVD_Cosine+prot_LLR+prot_LVD_Cosine
Train1Val_ClinVarHQ,center,bio_core_prot_spliceai,,esmc_600m,Hybrid_Concat_XGBoost,0.9189,0.959,0.8736,0.9634,0.9143,0.841,0.9843,0.9855,
Train1Val_ClinVarHQ,center,bio_core_dna_prot,nt_v3_650m,esm1v_650m,Hybrid_CrossAttn_XGBoost,0.9189,0.959,0.8736,0.9634,0.9143,0.841,0.981,0.9822,
Train1Val_ClinVarHQ,mean,bio_core_dna_prot_spliceai,nt_v3_650m,esm1b_650m,Hybrid_CrossAttn_XGBoost,0.9189,0.959,0.8736,0.9634,0.9143,0.841,0.9836,0.984,
Train1Val_ClinVarHQ,cls,bio_core_prot_spliceai,,esmc_600m,PyTorch_Concat,0.9175,0.9739,0.8563,0.9775,0.9113,0.8408,0.9829,0.9838,
Train1Val_ClinVarHQ,mean,bio_core_prot_spliceai,,esmc_600m,PyTorch_Concat,0.9175,0.9739,0.8563,0.9775,0.9113,0.8408,0.9849,0.9849,
Train1Val_ClinVarHQ,mean,bio_core_dna_prot_spliceai_geom,nt_v2_500m,esm1b_650m,Pure_XGBoost_Concat,0.9175,0.9739,0.8563,0.9775,0.9113,0.8408,0.9836,0.9844,dna_LLR+prot_LLR+prot_LVD_Cosine
Train1Val_ClinVarHQ,mean,bio_core_dna_prot_spliceai,nt_v2_500m,esm2_650m,Pure_XGBoost_Concat,0.9175,0.9708,0.8592,0.9746,0.9116,0.8403,0.9856,0.9861,
Train1Val_ClinVarHQ,mean,bio_core_dna_prot_spliceai_geom,nt_v2_500m,esm1b_650m,Pure_XGBoost_Concat,0.9175,0.9708,0.8592,0.9746,0.9116,0.8403,0.9844,0.9852,dna_LVD_L2+prot_LLR+prot_LVD_L2+prot_LVD_Cosine
Train1Val_ClinVarHQ,center,bio_core_dna_prot_spliceai,nt_v2_500m,esm2_650m,PyTorch_Concat,0.9161,0.9833,0.8448,0.9859,0.9088,0.8401,0.981,0.9816,
Train1Val_ClinVarHQ,center,bio_core_dna_prot_spliceai,nt_v1_500m,esm1v_650m,Pure_XGBoost_Concat,0.9175,0.9677,0.8621,0.9718,0.9119,0.8397,0.9838,0.9846,
Train1Val_ClinVarHQ,center,bio_core_dna_prot,nt_v3_650m,esm1v_650m,Pure_XGBoost_Concat,0.9175,0.9677,0.8621,0.9718,0.9119,0.8397,0.985,0.9857,
Train1Val_ClinVarHQ,cls,bio_core_dna_prot_spliceai,nt_v3_650m,esm1b_650m,Hybrid_CrossAttn_XGBoost,0.9175,0.9677,0.8621,0.9718,0.9119,0.8397,0.9795,0.9817,
Train1Val_ClinVarHQ,cls,bio_core_dna_prot_spliceai,nt_v3_650m,esm2_650m,PyTorch_Transformer,0.9175,0.9677,0.8621,0.9718,0.9119,0.8397,0.9806,0.982,
Train1Val_ClinVarHQ,mean,bio_core_dna_prot,nt_v1_500m,esm1v_650m,Hybrid_Gating_XGBoost,0.9175,0.9677,0.8621,0.9718,0.9119,0.8397,0.9789,0.9803,
Train1Val_ClinVarHQ,mean,bio_core_dna_prot_spliceai_geom,nt_v2_500m,esm1b_650m,Pure_XGBoost_Concat,0.9175,0.9677,0.8621,0.9718,0.9119,0.8397,0.9825,0.9837,dna_LVD_Cosine
Train1Val_ClinVarHQ,mean,bio_core_dna_prot_spliceai_geom,nt_v2_500m,esm1b_650m,Pure_XGBoost_Concat,0.9175,0.9677,0.8621,0.9718,0.9119,0.8397,0.9815,0.9821,dna_LVD_L2+dna_LVD_Cosine
Train1Val_ClinVarHQ,mean,bio_core_dna_prot_spliceai_geom,nt_v2_500m,esm1b_650m,Pure_XGBoost_Concat,0.9175,0.9677,0.8621,0.9718,0.9119,0.8397,0.9836,0.9845,dna_LVD_L2+dna_LVD_Cosine+prot_LLR
Train1Val_ClinVarHQ,mean,bio_core_dna_prot_spliceai_geom,nt_v2_500m,esm1b_650m,Pure_XGBoost_Concat,0.9175,0.9677,0.8621,0.9718,0.9119,0.8397,0.9842,0.9849,dna_LVD_L2+dna_LVD_Cosine+prot_LVD_L2+prot_LVD_Cosine
Train1Val_ClinVarHQ,mean,bio_core_dna_prot,nt_v1_500m,esm1v_650m,Pure_XGBoost_Concat,0.9161,0.9801,0.8477,0.9831,0.9091,0.8395,0.9819,0.9834,
Train1Val_ClinVarHQ,mean,bio_dna_prot,nt_v3_650m,esm1b_650m,Hybrid_Transformer_XGBoost,0.9175,0.9647,0.8649,0.969,0.9121,0.8392,0.9825,0.9836,
Train1Val_ClinVarHQ,cls,bio_core_dna_prot,nt_v3_650m,esm1v_650m,Hybrid_CrossAttn_XGBoost,0.9175,0.9647,0.8649,0.969,0.9121,0.8392,0.9732,0.9743,
Train1Val_ClinVarHQ,mean,bio_core_dna_prot_spliceai,nt_v1_500m,esmc_600m,Hybrid_Concat_XGBoost,0.9175,0.9647,0.8649,0.969,0.9121,0.8392,0.9775,0.9789,
Train1Val_ClinVarHQ,mean,bio_core_dna_prot_spliceai_geom,nt_v2_500m,esm1b_650m,Pure_XGBoost_Concat,0.9175,0.9647,0.8649,0.969,0.9121,0.8392,0.9838,0.9843,dna_LLR+dna_LVD_L2+prot_LLR+prot_LVD_Cosine
Train1Val_ClinVarHQ,center,bio_core_dna_prot_spliceai,nt_v1_500m,esmc_600m,Hybrid_Gating_XGBoost,0.9175,0.9618,0.8678,0.9662,0.9124,0.8388,0.9794,0.9811,
Train1Val_ClinVarHQ,cls,bio_core_prot_spliceai,,esm1b_650m,Pure_XGBoost_Concat,0.9161,0.9769,0.8506,0.9803,0.9094,0.8388,0.9855,0.9864,
Train1Val_ClinVarHQ,cls,bio_core_dna_prot_spliceai,nt_v2_500m,esm1b_650m,Hybrid_Transformer_XGBoost,0.9175,0.9618,0.8678,0.9662,0.9124,0.8388,0.9789,0.9805,
Train1Val_ClinVarHQ,cls,bio_core_dna_prot_spliceai,nt_v2_500m,esm2_650m,Pure_XGBoost_Concat,0.9161,0.9769,0.8506,0.9803,0.9094,0.8388,0.9829,0.9827,
Train1Val_ClinVarHQ,mean,bio_core_dna_prot_spliceai,nt_v2_500m,esm1v_650m,Hybrid_Concat_XGBoost,0.9175,0.9618,0.8678,0.9662,0.9124,0.8388,0.9797,0.9793,
Train1Val_ClinVarHQ,mean,bio_core_dna_prot_spliceai_geom,nt_v2_500m,esm1b_650m,Pure_XGBoost_Concat,0.9161,0.9769,0.8506,0.9803,0.9094,0.8388,0.9841,0.9849,dna_LLR+dna_LVD_Cosine+prot_LVD_L2
Train1Val_ClinVarHQ,cls,bio_core_dna_prot_spliceai,nt_v3_650m,esm1v_650m,Hybrid_Transformer_XGBoost,0.9175,0.9589,0.8707,0.9634,0.9127,0.8383,0.9747,0.9741,
Train1Val_ClinVarHQ,cls,bio_prot,,esm1b_650m,Hybrid_Concat_XGBoost,0.9161,0.9738,0.8534,0.9775,0.9096,0.8382,0.9828,0.9842,
Train1Val_ClinVarHQ,cls,bio_prot,,esm1b_650m,Hybrid_Concat_XGBoost,0.9161,0.9738,0.8534,0.9775,0.9096,0.8382,0.9828,0.9842,
Train1Val_ClinVarHQ,cls,bio_core_prot_spliceai,,esm2_650m,Hybrid_Concat_XGBoost,0.9161,0.9738,0.8534,0.9775,0.9096,0.8382,0.9812,0.9827,
Train1Val_ClinVarHQ,cls,bio_core_dna_prot_spliceai,nt_v3_650m,esm1b_650m,Pure_XGBoost_Concat,0.9161,0.9738,0.8534,0.9775,0.9096,0.8382,0.985,0.9861,
Train1Val_ClinVarHQ,cls,bio_core_dna_prot_spliceai,nt_v2_500m,esm2_650m,Hybrid_Gating_XGBoost,0.9161,0.9738,0.8534,0.9775,0.9096,0.8382,0.9794,0.9813,
Train1Val_ClinVarHQ,mean,bio_core_dna_prot_spliceai,nt_v1_500m,esm1v_650m,Pure_XGBoost_Concat,0.9161,0.9738,0.8534,0.9775,0.9096,0.8382,0.9817,0.983,
Train1Val_ClinVarHQ,mean,bio_core_dna_prot_spliceai,nt_v2_500m,esm1b_650m,PyTorch_Gating,0.9161,0.9738,0.8534,0.9775,0.9096,0.8382,0.9814,0.9813,
Train1Val_ClinVarHQ,mean,bio_core_dna_prot_spliceai_geom,nt_v2_500m,esm1b_650m,Pure_XGBoost_Concat,0.9161,0.9738,0.8534,0.9775,0.9096,0.8382,0.9836,0.9847,dna_LVD_L2+dna_LVD_Cosine+prot_LLR+prot_LVD_L2
Train1Val_ClinVarHQ,mean,bio_core_dna_prot_spliceai_geom,nt_v2_500m,esm1b_650m,Pure_XGBoost_Concat,0.9161,0.9738,0.8534,0.9775,0.9096,0.8382,0.9847,0.9852,dna_LLR+dna_LVD_L2+prot_LLR+prot_LVD_L2+prot_LVD_Cosine
Train1Val_ClinVarHQ,center,bio_core_dna_prot_spliceai,nt_v2_500m,esm1b_650m,Hybrid_CrossAttn_XGBoost,0.9175,0.956,0.8736,0.9606,0.9129,0.8379,0.9821,0.9827,
Train1Val_ClinVarHQ,cls,bio_core_dna_prot_spliceai,nt_v1_500m,esmc_600m,Hybrid_CrossAttn_XGBoost,0.9161,0.9707,0.8563,0.9746,0.9099,0.8377,0.9783,0.9796,
Train1Val_ClinVarHQ,cls,bio_core_dna_prot_spliceai,nt_v3_650m,esm2_650m,Hybrid_Concat_XGBoost,0.9161,0.9707,0.8563,0.9746,0.9099,0.8377,0.9791,0.98,
Train1Val_ClinVarHQ,mean,bio_core_dna_prot_spliceai,nt_v3_650m,esmc_600m,PyTorch_Transformer,0.9161,0.9707,0.8563,0.9746,0.9099,0.8377,0.9849,0.9852,
Train1Val_ClinVarHQ,mean,bio_core_dna_prot_spliceai_geom,nt_v2_500m,esm1b_650m,Pure_XGBoost_Concat,0.9161,0.9707,0.8563,0.9746,0.9099,0.8377,0.984,0.9843,dna_LLR+dna_LVD_L2+prot_LLR
Train1Val_ClinVarHQ,mean,bio_core_dna_prot_spliceai_geom,nt_v2_500m,esm1b_650m,Pure_XGBoost_Concat,0.9161,0.9707,0.8563,0.9746,0.9099,0.8377,0.9821,0.9828,dna_LLR+dna_LVD_L2+prot_LVD_L2
Train1Val_ClinVarHQ,mean,bio_core_dna_prot_spliceai_geom,nt_v2_500m,esm1b_650m,Pure_XGBoost_Concat,0.9161,0.9707,0.8563,0.9746,0.9099,0.8377,0.9834,0.9836,dna_LVD_L2+prot_LLR+prot_LVD_Cosine
Train1Val_ClinVarHQ,mean,bio_core_dna_prot_spliceai_geom,nt_v2_500m,esm1b_650m,Pure_XGBoost_Concat,0.9161,0.9707,0.8563,0.9746,0.9099,0.8377,0.9829,0.984,dna_LLR+dna_LVD_L2+dna_LVD_Cosine+prot_LVD_Cosine
Train1Val_ClinVarHQ,mean,bio_core_dna_prot_spliceai_geom,nt_v2_500m,esm1b_650m,Pure_XGBoost_Concat,0.9161,0.9707,0.8563,0.9746,0.9099,0.8377,0.9821,0.9828,dna_LLR+dna_LVD_Cosine+prot_LLR+prot_LVD_L2+prot_LVD_Cosine
Train1Val_ClinVarHQ,mean,bio_core_dna_prot_spliceai,nt_v1_500m,esm2_650m,PyTorch_Concat,0.9147,0.9832,0.842,0.9859,0.9071,0.8376,0.9819,0.9822,
Train1Val_ClinVarHQ,mean,bio_dna_prot,nt_v3_650m,esm1b_650m,Hybrid_CrossAttn_XGBoost,0.9175,0.9531,0.8764,0.9577,0.9132,0.8375,0.9826,0.9822,
Train1Val_ClinVarHQ,mean,bio_core_dna_prot_spliceai,nt_v1_500m,esm1v_650m,Hybrid_Transformer_XGBoost,0.9175,0.9503,0.8793,0.9549,0.9134,0.8372,0.9773,0.9791,
Train1Val_ClinVarHQ,cls,bio_core_dna_prot_spliceai,nt_v3_650m,esm2_650m,Hybrid_Transformer_XGBoost,0.9161,0.9676,0.8592,0.9718,0.9102,0.8371,0.9787,0.9802,
Train1Val_ClinVarHQ,cls,bio_core_dna_prot_spliceai,nt_v2_500m,esmc_600m,Hybrid_Gating_XGBoost,0.9161,0.9676,0.8592,0.9718,0.9102,0.8371,0.9748,0.9754,
Train1Val_ClinVarHQ,mean,bio_core_dna_prot_spliceai,nt_v3_650m,esm2_650m,PyTorch_CrossAttn,0.9161,0.9676,0.8592,0.9718,0.9102,0.8371,0.9833,0.9843,
Train1Val_ClinVarHQ,mean,bio_core_dna_prot_spliceai_geom,nt_v2_500m,esm1b_650m,Pure_XGBoost_Concat,0.9161,0.9676,0.8592,0.9718,0.9102,0.8371,0.9832,0.9842,dna_LLR+dna_LVD_L2+dna_LVD_Cosine+prot_LLR+prot_LVD_L2
Train1Val_ClinVarHQ,mean,bio_core_dna_prot_spliceai_geom,nt_v2_500m,esm1b_650m,Pure_XGBoost_Concat,0.9161,0.9676,0.8592,0.9718,0.9102,0.8371,0.9832,0.9839,dna_LLR+dna_LVD_L2+dna_LVD_Cosine+prot_LLR+prot_LVD_Cosine
Train1Val_ClinVarHQ,cls,bio_core_dna_prot_spliceai,nt_v3_650m,esmc_600m,Pure_XGBoost_Concat,0.9147,0.98,0.8448,0.9831,0.9074,0.8369,0.9841,0.9851,
Train1Val_ClinVarHQ,center,bio_core_dna_prot_spliceai,nt_v1_500m,esm1b_650m,Hybrid_CrossAttn_XGBoost,0.9175,0.9475,0.8822,0.9521,0.9137,0.8368,0.9782,0.9792,
Train1Val_ClinVarHQ,center,bio_core_dna_prot_spliceai,nt_v2_500m,esm1v_650m,Hybrid_CrossAttn_XGBoost,0.9175,0.9475,0.8822,0.9521,0.9137,0.8368,0.9802,0.981,
Train1Val_ClinVarHQ,center,bio_core_dna_prot_spliceai,nt_v3_650m,esm2_650m,PyTorch_CrossAttn,0.9161,0.9646,0.8621,0.969,0.9105,0.8366,0.9817,0.9823,
Train1Val_ClinVarHQ,center,bio_core_dna_prot,nt_v3_650m,esm1v_650m,Hybrid_Gating_XGBoost,0.9161,0.9646,0.8621,0.969,0.9105,0.8366,0.9822,0.9827,
Train1Val_ClinVarHQ,cls,bio_core_dna_prot_spliceai,nt_v1_500m,esm2_650m,Hybrid_Transformer_XGBoost,0.9161,0.9646,0.8621,0.969,0.9105,0.8366,0.9804,0.9813,
Train1Val_ClinVarHQ,cls,bio_core_dna_prot_spliceai,nt_v3_650m,esm2_650m,Hybrid_Gating_XGBoost,0.9161,0.9646,0.8621,0.969,0.9105,0.8366,0.9815,0.9834,
Train1Val_ClinVarHQ,mean,bio_core_dna_prot_spliceai,nt_v3_650m,esm1b_650m,Hybrid_Transformer_XGBoost,0.9161,0.9646,0.8621,0.969,0.9105,0.8366,0.9809,0.9816,
Train1Val_ClinVarHQ,mean,bio_core_dna_prot_spliceai_geom,nt_v2_500m,esm1b_650m,Pure_XGBoost_Concat,0.9161,0.9646,0.8621,0.969,0.9105,0.8366,0.9843,0.9848,dna_LVD_L2+prot_LLR
Train1Val_ClinVarHQ,center,bio_core_dna_prot_spliceai,nt_v1_500m,esm1v_650m,Hybrid_Gating_XGBoost,0.9161,0.9617,0.8649,0.9662,0.9107,0.8361,0.9784,0.9785,
Train1Val_ClinVarHQ,center,bio_core_dna_prot_spliceai,nt_v2_500m,esm1v_650m,Hybrid_Concat_XGBoost,0.9161,0.9617,0.8649,0.9662,0.9107,0.8361,0.9814,0.9814,
Train1Val_ClinVarHQ,mean,bio_core_prot_spliceai,,esmc_600m,Hybrid_Concat_XGBoost,0.9161,0.9617,0.8649,0.9662,0.9107,0.8361,0.9808,0.9817,
Train1Val_ClinVarHQ,mean,bio_core_dna_prot_spliceai_geom,nt_v2_500m,esm1b_650m,Pure_XGBoost_Concat,0.9161,0.9617,0.8649,0.9662,0.9107,0.8361,0.9827,0.9837,dna_LVD_L2
Train1Val_ClinVarHQ,center,bio_core_dna_prot_spliceai,nt_v3_650m,esm1b_650m,Hybrid_Transformer_XGBoost,0.9161,0.9587,0.8678,0.9634,0.911,0.8357,0.9773,0.9786,
Train1Val_ClinVarHQ,cls,bio_core_dna_prot_spliceai,nt_v1_500m,esm1b_650m,Hybrid_Concat_XGBoost,0.9147,0.9737,0.8506,0.9775,0.908,0.8357,0.9783,0.9802,
Train1Val_ClinVarHQ,mean,bio_core_dna_prot,nt_v3_650m,esm1v_650m,Hybrid_Transformer_XGBoost,0.9161,0.9587,0.8678,0.9634,0.911,0.8357,0.9816,0.9826,
Train1Val_ClinVarHQ,mean,bio_core_dna_prot,nt_v2_500m,esm1v_650m,Pure_XGBoost_Concat,0.9147,0.9737,0.8506,0.9775,0.908,0.8357,0.9813,0.9825,
Train1Val_ClinVarHQ,mean,bio_core_dna_prot,nt_v3_650m,esm1v_650m,Hybrid_Concat_XGBoost,0.9161,0.9558,0.8707,0.9606,0.9113,0.8352,0.9809,0.9814,
Train1Val_ClinVarHQ,cls,bio_core_dna_prot_spliceai,nt_v1_500m,esmc_600m,Pure_XGBoost_Concat,0.9147,0.9706,0.8534,0.9746,0.9083,0.8351,0.9831,0.9847,
Train1Val_ClinVarHQ,cls,bio_core_dna_prot_spliceai,nt_v2_500m,esm2_650m,Hybrid_CrossAttn_XGBoost,0.9147,0.9706,0.8534,0.9746,0.9083,0.8351,0.9767,0.9784,
Train1Val_ClinVarHQ,mean,bio_core_prot_spliceai,,esm2_650m,Pure_XGBoost_Concat,0.9147,0.9706,0.8534,0.9746,0.9083,0.8351,0.9825,0.9841,
Train1Val_ClinVarHQ,mean,bio_core_dna_prot_spliceai,nt_v3_650m,esm1v_650m,Pure_XGBoost_Concat,0.9132,0.9832,0.8391,0.9859,0.9054,0.8351,0.9836,0.9848,
Train1Val_ClinVarHQ,mean,bio_core_dna_prot_spliceai,nt_v2_500m,esmc_600m,PyTorch_Concat,0.9147,0.9706,0.8534,0.9746,0.9083,0.8351,0.9839,0.9841,
Train1Val_ClinVarHQ,mean,bio_core_dna_prot_spliceai,nt_v2_500m,esmc_600m,Pure_XGBoost_Concat,0.9147,0.9706,0.8534,0.9746,0.9083,0.8351,0.9828,0.984,
Train1Val_ClinVarHQ,mean,bio_core_dna_prot_spliceai_geom,nt_v2_500m,esm1b_650m,Pure_XGBoost_Concat,0.9147,0.9706,0.8534,0.9746,0.9083,0.8351,0.9827,0.9837,dna_LLR+dna_LVD_L2
Train1Val_ClinVarHQ,mean,bio_core_dna_prot_spliceai_geom,nt_v2_500m,esm1b_650m,Pure_XGBoost_Concat,0.9147,0.9706,0.8534,0.9746,0.9083,0.8351,0.9847,0.9852,dna_LLR+dna_LVD_L2+dna_LVD_Cosine+prot_LLR
Train1Val_ClinVarHQ,mean,bio_core_dna_prot_spliceai_geom,nt_v2_500m,esm1b_650m,Pure_XGBoost_Concat,0.9147,0.9706,0.8534,0.9746,0.9083,0.8351,0.9828,0.9836,dna_LVD_L2+dna_LVD_Cosine+prot_LLR+prot_LVD_L2+prot_LVD_Cosine
Train1Val_ClinVarHQ,center,bio_core_dna_prot,nt_v1_500m,esm1v_650m,Hybrid_CrossAttn_XGBoost,0.9161,0.953,0.8736,0.9577,0.9115,0.8348,0.9813,0.9815,
Train1Val_ClinVarHQ,cls,bio_core_dna_prot_spliceai,nt_v1_500m,esm2_650m,Hybrid_CrossAttn_XGBoost,0.9147,0.9675,0.8563,0.9718,0.9085,0.8345,0.9774,0.979,
Train1Val_ClinVarHQ,mean,bio_core_dna_prot_spliceai,nt_v1_500m,esm1b_650m,PyTorch_Concat,0.9147,0.9675,0.8563,0.9718,0.9085,0.8345,0.9784,0.9794,
Train1Val_ClinVarHQ,mean,bio_core_dna_prot_spliceai,nt_v3_650m,esmc_600m,Pure_XGBoost_Concat,0.9147,0.9675,0.8563,0.9718,0.9085,0.8345,0.9828,0.9829,
Train1Val_ClinVarHQ,cls,bio_core_dna_prot_spliceai,nt_v1_500m,esm1b_650m,Pure_XGBoost_Concat,0.9132,0.9799,0.842,0.9831,0.9057,0.8344,0.9851,0.9862,
Train1Val_ClinVarHQ,mean,bio_core_dna_prot_spliceai_geom,nt_v2_500m,esm1b_650m,Pure_XGBoost_Concat,0.9147,0.9645,0.8592,0.969,0.9088,0.834,0.983,0.9838,dna_LVD_L2+prot_LVD_L2
Train1Val_ClinVarHQ,mean,bio_core_dna_prot_spliceai_geom,nt_v2_500m,esm1b_650m,Pure_XGBoost_Concat,0.9147,0.9645,0.8592,0.969,0.9088,0.834,0.9836,0.9848,dna_LVD_Cosine+prot_LVD_L2+prot_LVD_Cosine
Train1Val_ClinVarHQ,mean,bio_core_dna_prot_spliceai_geom,nt_v2_500m,esm1b_650m,Pure_XGBoost_Concat,0.9147,0.9645,0.8592,0.969,0.9088,0.834,0.9814,0.9823,dna_LLR+dna_LVD_Cosine+prot_LVD_L2+prot_LVD_Cosine
Train1Val_ClinVarHQ,cls,bio_core_prot_spliceai,,esm2_650m,Pure_XGBoost_Concat,0.9132,0.9767,0.8448,0.9803,0.906,0.8337,0.9811,0.9819,
Train1Val_ClinVarHQ,cls,bio_core_dna_prot,nt_v1_500m,esm1v_650m,Hybrid_Transformer_XGBoost,0.9147,0.9615,0.8621,0.9662,0.9091,0.8335,0.9773,0.9775,
Train1Val_ClinVarHQ,mean,bio_core_dna_prot_spliceai,nt_v2_500m,esmc_600m,PyTorch_Gating,0.9132,0.9736,0.8477,0.9775,0.9063,0.8331,0.9868,0.987,
Train1Val_ClinVarHQ,center,bio_core_dna_prot_spliceai,nt_v1_500m,esm1b_650m,Hybrid_Gating_XGBoost,0.9147,0.9557,0.8678,0.9606,0.9096,0.8326,0.977,0.9779,
Train1Val_ClinVarHQ,cls,bio_core_dna_prot_spliceai,nt_v3_650m,esm1v_650m,Hybrid_Concat_XGBoost,0.9147,0.9557,0.8678,0.9606,0.9096,0.8326,0.9749,0.975,
Train1Val_ClinVarHQ,mean,bio_core_dna_prot_spliceai,nt_v2_500m,esmc_600m,Hybrid_Concat_XGBoost,0.9147,0.9557,0.8678,0.9606,0.9096,0.8326,0.9823,0.9824,
Train1Val_ClinVarHQ,mean,bio_dna_prot,nt_v3_650m,esm1b_650m,PyTorch_Concat,0.9132,0.9705,0.8506,0.9746,0.9066,0.8325,0.9811,0.9825,
Train1Val_ClinVarHQ,center,bio_core_prot_spliceai,,esmc_600m,PyTorch_Concat,0.9132,0.9705,0.8506,0.9746,0.9066,0.8325,0.9827,0.9832,
Train1Val_ClinVarHQ,cls,bio_core_dna_prot_spliceai,nt_v3_650m,esm1v_650m,Pure_XGBoost_Concat,0.9132,0.9705,0.8506,0.9746,0.9066,0.8325,0.9802,0.9804,
Train1Val_ClinVarHQ,mean,bio_core_dna_prot_spliceai,nt_v2_500m,esmc_600m,PyTorch_Transformer,0.9132,0.9705,0.8506,0.9746,0.9066,0.8325,0.983,0.9837,
Train1Val_ClinVarHQ,mean,bio_core_dna_prot_spliceai_geom,nt_v2_500m,esm1b_650m,Pure_XGBoost_Concat,0.9132,0.9705,0.8506,0.9746,0.9066,0.8325,0.9822,0.9834,prot_LVD_Cosine
Train1Val_ClinVarHQ,mean,bio_core_dna_prot_spliceai_geom,nt_v2_500m,esm1b_650m,Pure_XGBoost_Concat,0.9132,0.9705,0.8506,0.9746,0.9066,0.8325,0.9842,0.9848,dna_LLR+dna_LVD_Cosine+prot_LLR
Train1Val_ClinVarHQ,mean,bio_core_dna_prot_spliceai_geom,nt_v2_500m,esm1b_650m,Pure_XGBoost_Concat,0.9132,0.9705,0.8506,0.9746,0.9066,0.8325,0.9835,0.9846,dna_LLR+dna_LVD_L2+dna_LVD_Cosine+prot_LVD_L2+prot_LVD_Cosine
Train1Val_ClinVarHQ,mean,bio_core_dna_prot,nt_v2_500m,esm1v_650m,Hybrid_CrossAttn_XGBoost,0.9147,0.9528,0.8707,0.9577,0.9099,0.8322,0.9785,0.9789,
Train1Val_ClinVarHQ,cls,bio_core_dna_prot_spliceai,nt_v1_500m,esm1b_650m,PyTorch_Gating,0.9132,0.9674,0.8534,0.9718,0.9069,0.8319,0.9827,0.9841,
Train1Val_ClinVarHQ,cls,bio_core_dna_prot_spliceai,nt_v2_500m,esmc_600m,Hybrid_CrossAttn_XGBoost,0.9132,0.9674,0.8534,0.9718,0.9069,0.8319,0.9753,0.9762,
Train1Val_ClinVarHQ,mean,bio_core_dna_prot_spliceai,nt_v1_500m,esmc_600m,Hybrid_CrossAttn_XGBoost,0.9132,0.9674,0.8534,0.9718,0.9069,0.8319,0.9787,0.9798,
Train1Val_ClinVarHQ,mean,bio_core_dna_prot_spliceai_geom,nt_v2_500m,esm1b_650m,Pure_XGBoost_Concat,0.9132,0.9674,0.8534,0.9718,0.9069,0.8319,0.9829,0.9835,prot_LLR+prot_LVD_L2
Train1Val_ClinVarHQ,center,bio_core_dna_prot,nt_v2_500m,esm1v_650m,Hybrid_Gating_XGBoost,0.9147,0.95,0.8736,0.9549,0.9102,0.8318,0.9803,0.9808,
Train1Val_ClinVarHQ,mean,bio_core_dna_prot_spliceai,nt_v1_500m,esm1b_650m,Hybrid_CrossAttn_XGBoost,0.9147,0.95,0.8736,0.9549,0.9102,0.8318,0.9823,0.9824,
Train1Val_ClinVarHQ,mean,bio_core_dna_prot_spliceai,nt_v2_500m,esm2_650m,PyTorch_Gating,0.9118,0.9799,0.8391,0.9831,0.904,0.8318,0.9845,0.985,
Train1Val_ClinVarHQ,mean,bio_core_dna_prot_spliceai,nt_v2_500m,esmc_600m,PyTorch_CrossAttn,0.9118,0.9799,0.8391,0.9831,0.904,0.8318,0.9859,0.9865,
Train1Val_ClinVarHQ,mean,bio_core_prot_spliceai,,esm1b_650m,Pure_XGBoost_Concat,0.9132,0.9644,0.8563,0.969,0.9072,0.8314,0.9825,0.9836,
Train1Val_ClinVarHQ,mean,bio_core_dna_prot_spliceai,nt_v2_500m,esm1b_650m,Pure_XGBoost_Concat,0.9132,0.9644,0.8563,0.969,0.9072,0.8314,0.9831,0.9839,
Train1Val_ClinVarHQ,center,bio_core_dna_prot_spliceai,nt_v3_650m,esm1v_650m,PyTorch_Transformer,0.9118,0.9767,0.842,0.9803,0.9043,0.8312,0.9814,0.982,
Train1Val_ClinVarHQ,center,bio_core_dna_prot_spliceai,nt_v2_500m,esm1b_650m,Hybrid_Transformer_XGBoost,0.9147,0.9444,0.8793,0.9493,0.9107,0.8311,0.981,0.9815,
Train1Val_ClinVarHQ,cls,bio_dna_prot,nt_v3_650m,esm1b_650m,Hybrid_CrossAttn_XGBoost,0.9132,0.9614,0.8592,0.9662,0.9074,0.8309,0.9812,0.9826,
Train1Val_ClinVarHQ,center,bio_core_dna_prot_spliceai,nt_v1_500m,esm2_650m,Hybrid_Concat_XGBoost,0.9132,0.9614,0.8592,0.9662,0.9074,0.8309,0.9812,0.9815,
Train1Val_ClinVarHQ,mean,bio_core_dna_prot_spliceai_geom,nt_v2_500m,esm1b_650m,Pure_XGBoost_Concat,0.9132,0.9614,0.8592,0.9662,0.9074,0.8309,0.9807,0.9821,dna_LLR+dna_LVD_Cosine
Train1Val_ClinVarHQ,cls,bio_core_dna_prot_spliceai,nt_v3_650m,esm1b_650m,PyTorch_Gating,0.9104,0.9863,0.8305,0.9887,0.9017,0.8307,0.9812,0.9831,
Train1Val_ClinVarHQ,cls,bio_core_dna_prot_spliceai,nt_v2_500m,esm1b_650m,Hybrid_Gating_XGBoost,0.9118,0.9735,0.8448,0.9775,0.9046,0.8305,0.9798,0.9802,
Train1Val_ClinVarHQ,mean,bio_core_dna_prot_spliceai,nt_v3_650m,esm2_650m,PyTorch_Concat,0.9118,0.9735,0.8448,0.9775,0.9046,0.8305,0.9838,0.9849,
Train1Val_ClinVarHQ,cls,bio_core_prot_spliceai,,esm1v_650m,Hybrid_Concat_XGBoost,0.9132,0.9585,0.8621,0.9634,0.9077,0.8304,0.9771,0.9769,
Train1Val_ClinVarHQ,mean,bio_core_dna_prot_spliceai,nt_v3_650m,esm1v_650m,Hybrid_Concat_XGBoost,0.9132,0.9585,0.8621,0.9634,0.9077,0.8304,0.9794,0.9793,
Train1Val_ClinVarHQ,center,bio_core_prot_spliceai,,esm2_650m,PyTorch_Concat,0.9104,0.9831,0.8333,0.9859,0.902,0.83,0.9832,0.9845,
Train1Val_ClinVarHQ,center,bio_core_dna_prot,nt_v2_500m,esm1v_650m,Hybrid_Concat_XGBoost,0.9132,0.9556,0.8649,0.9606,0.908,0.83,0.9789,0.9791,
Train1Val_ClinVarHQ,mean,bio_core_dna_prot,nt_v3_650m,esm1v_650m,Hybrid_Gating_XGBoost,0.9132,0.9556,0.8649,0.9606,0.908,0.83,0.9792,0.9809,
Train1Val_ClinVarHQ,mean,bio_core_dna_prot_spliceai_geom,nt_v2_500m,esm1b_650m,Pure_XGBoost_Concat,0.9118,0.9704,0.8477,0.9746,0.9049,0.8299,0.9833,0.9843,dna_LLR+dna_LVD_Cosine+prot_LLR+prot_LVD_L2
Train1Val_ClinVarHQ,mean,bio_core_dna_prot_spliceai_geom,nt_v2_500m,esm1b_650m,Pure_XGBoost_Concat,0.9118,0.9704,0.8477,0.9746,0.9049,0.8299,0.9843,0.9846,dna_LVD_Cosine+prot_LLR+prot_LVD_L2+prot_LVD_Cosine
Train1Val_ClinVarHQ,mean,bio_dna_prot,nt_v3_650m,esm1b_650m,Pure_XGBoost_Concat,0.9118,0.9673,0.8506,0.9718,0.9052,0.8293,0.9838,0.9845,
Train1Val_ClinVarHQ,center,bio_prot,,esmc_600m,PyTorch_Concat,0.9118,0.9673,0.8506,0.9718,0.9052,0.8293,0.9841,0.9843,
Train1Val_ClinVarHQ,center,bio_prot,,esmc_600m,PyTorch_Concat,0.9118,0.9673,0.8506,0.9718,0.9052,0.8293,0.9841,0.9843,
Train1Val_ClinVarHQ,mean,bio_core_dna_prot_spliceai,nt_v2_500m,esm1v_650m,Pure_XGBoost_Concat,0.9118,0.9673,0.8506,0.9718,0.9052,0.8293,0.9812,0.982,
Train1Val_ClinVarHQ,mean,bio_core_dna_prot_spliceai,nt_v2_500m,esm2_650m,PyTorch_CrossAttn,0.9104,0.9798,0.8362,0.9831,0.9023,0.8293,0.9829,0.9835,
Train1Val_ClinVarHQ,mean,bio_core_dna_prot_spliceai_geom,nt_v2_500m,esm1b_650m,Pure_XGBoost_Concat,0.9118,0.9673,0.8506,0.9718,0.9052,0.8293,0.9819,0.9829,dna_LLR+dna_LVD_L2+prot_LVD_Cosine
Train1Val_ClinVarHQ,center,bio_core_dna_prot_spliceai,nt_v1_500m,esm1v_650m,Hybrid_Concat_XGBoost,0.9118,0.9643,0.8534,0.969,0.9055,0.8288,0.9804,0.9809,
Train1Val_ClinVarHQ,cls,bio_core_dna_prot_spliceai,nt_v3_650m,esm1b_650m,Hybrid_Concat_XGBoost,0.9118,0.9643,0.8534,0.969,0.9055,0.8288,0.9799,0.9817,
Train1Val_ClinVarHQ,mean,bio_core_dna_prot_spliceai_geom,nt_v2_500m,esm1b_650m,Pure_XGBoost_Concat,0.9118,0.9643,0.8534,0.969,0.9055,0.8288,0.9821,0.9829,dna_LVD_L2+prot_LVD_Cosine
Train1Val_ClinVarHQ,mean,bio_core_dna_prot_spliceai_geom,nt_v2_500m,esm1b_650m,Pure_XGBoost_Concat,0.9118,0.9643,0.8534,0.969,0.9055,0.8288,0.9818,0.9825,dna_LLR+dna_LVD_Cosine+prot_LVD_Cosine
Train1Val_ClinVarHQ,center,bio_dna_prot,nt_v3_650m,esmc_600m,PyTorch_Gating,0.9104,0.9766,0.8391,0.9803,0.9026,0.8286,0.9856,0.9858,
Train1Val_ClinVarHQ,center,bio_core_dna_prot_spliceai,nt_v1_500m,esm2_650m,PyTorch_Transformer,0.9104,0.9766,0.8391,0.9803,0.9026,0.8286,0.9821,0.9826,
Train1Val_ClinVarHQ,center,bio_core_dna_prot_spliceai,nt_v2_500m,esm1v_650m,PyTorch_Transformer,0.9104,0.9766,0.8391,0.9803,0.9026,0.8286,0.9803,0.9804,
Train1Val_ClinVarHQ,center,bio_core_dna_prot_spliceai,nt_v2_500m,esm2_650m,PyTorch_Transformer,0.9104,0.9766,0.8391,0.9803,0.9026,0.8286,0.9827,0.9833,
Train1Val_ClinVarHQ,mean,bio_core_dna_prot_spliceai,nt_v1_500m,esm2_650m,PyTorch_Gating,0.9104,0.9766,0.8391,0.9803,0.9026,0.8286,0.9841,0.9851,
Train1Val_ClinVarHQ,cls,bio_core_dna_prot_spliceai,nt_v1_500m,esm1b_650m,PyTorch_CrossAttn,0.909,0.9863,0.8276,0.9887,0.9,0.8282,0.9837,0.9852,
Train1Val_ClinVarHQ,cls,bio_dna_prot,nt_v3_650m,esm1b_650m,PyTorch_CrossAttn,0.9104,0.9734,0.842,0.9775,0.9029,0.828,0.9811,0.9823,
Train1Val_ClinVarHQ,center,bio_core_dna_prot_spliceai,nt_v1_500m,esm1v_650m,PyTorch_Gating,0.9104,0.9734,0.842,0.9775,0.9029,0.828,0.9757,0.9775,
Train1Val_ClinVarHQ,mean,bio_core_prot_spliceai,,esm1v_650m,Pure_XGBoost_Concat,0.9104,0.9734,0.842,0.9775,0.9029,0.828,0.9831,0.9842,
Train1Val_ClinVarHQ,center,bio_core_dna_prot_spliceai,nt_v3_650m,esm1b_650m,Hybrid_Concat_XGBoost,0.9118,0.9583,0.8592,0.9634,0.9061,0.8278,0.982,0.9825,
Train1Val_ClinVarHQ,mean,bio_core_dna_prot_spliceai,nt_v3_650m,esm2_650m,PyTorch_Gating,0.909,0.983,0.8305,0.9859,0.9003,0.8275,0.9829,0.9834,
Train1Val_ClinVarHQ,mean,bio_core_dna_prot_spliceai,nt_v3_650m,esmc_600m,Hybrid_CrossAttn_XGBoost,0.9118,0.9554,0.8621,0.9606,0.9063,0.8273,0.9808,0.9802,
Train1Val_ClinVarHQ,mean,bio_core_dna_prot_spliceai_geom,nt_v2_500m,esm1b_650m,Pure_XGBoost_Concat,0.9104,0.9703,0.8448,0.9746,0.9032,0.8273,0.9839,0.9843,dna_LVD_Cosine+prot_LLR+prot_LVD_L2
Train1Val_ClinVarHQ,center,bio_core_dna_prot,nt_v2_500m,esm1v_650m,Hybrid_CrossAttn_XGBoost,0.9118,0.9525,0.8649,0.9577,0.9066,0.8269,0.9804,0.9814,
Train1Val_ClinVarHQ,mean,bio_dna_prot,nt_v3_650m,esm1b_650m,PyTorch_CrossAttn,0.9104,0.9672,0.8477,0.9718,0.9035,0.8268,0.9823,0.9831,
Train1Val_ClinVarHQ,center,bio_core_dna_spliceai,nt_v3_650m,,Pure_XGBoost_Concat,0.9104,0.9672,0.8477,0.9718,0.9035,0.8268,0.9818,0.9827,
Train1Val_ClinVarHQ,center,bio_core_dna_prot_spliceai,nt_v3_650m,esmc_600m,PyTorch_CrossAttn,0.9104,0.9672,0.8477,0.9718,0.9035,0.8268,0.9836,0.9845,
Train1Val_ClinVarHQ,cls,bio_core_dna_prot_spliceai,nt_v1_500m,esm1v_650m,Pure_XGBoost_Concat,0.909,0.9797,0.8333,0.9831,0.9006,0.8268,0.9822,0.983,
Train1Val_ClinVarHQ,cls,bio_core_dna_prot_spliceai,nt_v2_500m,esm1b_650m,PyTorch_CrossAttn,0.909,0.9797,0.8333,0.9831,0.9006,0.8268,0.9814,0.9832,
Train1Val_ClinVarHQ,cls,bio_core_dna_prot_spliceai,nt_v2_500m,esm1b_650m,Pure_XGBoost_Concat,0.909,0.9797,0.8333,0.9831,0.9006,0.8268,0.9873,0.9879,
Train1Val_ClinVarHQ,center,bio_dna_geom_prot,nt_v3_650m,esmc_600m,Pure_XGBoost_Concat,0.9075,0.9896,0.8218,0.9915,0.898,0.8265,0.9814,0.9834,
Train1Val_ClinVarHQ,cls,bio_core_dna_prot,nt_v2_500m,esm1v_650m,Hybrid_Concat_XGBoost,0.9104,0.9642,0.8506,0.969,0.9038,0.8262,0.9761,0.9763,
Train1Val_ClinVarHQ,mean,bio_core_dna_prot_spliceai_geom,nt_v2_500m,esm1b_650m,Pure_XGBoost_Concat,0.9104,0.9642,0.8506,0.969,0.9038,0.8262,0.9841,0.9847,dna_LLR+prot_LVD_L2+prot_LVD_Cosine
Train1Val_ClinVarHQ,cls,bio_core_prot_spliceai,,esm1b_650m,Hybrid_Concat_XGBoost,0.909,0.9765,0.8362,0.9803,0.9009,0.8261,0.9806,0.9822,
Train1Val_ClinVarHQ,cls,bio_core_dna_prot_spliceai,nt_v2_500m,esm1v_650m,Hybrid_Transformer_XGBoost,0.9118,0.9469,0.8707,0.9521,0.9072,0.8261,0.9728,0.972,
Train1Val_ClinVarHQ,center,bio_core_dna_prot_spliceai,nt_v2_500m,esm1b_650m,Hybrid_Concat_XGBoost,0.9104,0.9612,0.8534,0.9662,0.9041,0.8257,0.9777,0.9794,
Train1Val_ClinVarHQ,cls,bio_core_dna_prot,nt_v3_650m,esm1v_650m,Hybrid_Gating_XGBoost,0.9104,0.9612,0.8534,0.9662,0.9041,0.8257,0.9799,0.9802,
Train1Val_ClinVarHQ,mean,bio_core_dna_prot_spliceai,nt_v1_500m,esmc_600m,Hybrid_Transformer_XGBoost,0.9104,0.9612,0.8534,0.9662,0.9041,0.8257,0.9773,0.9785,
Train1Val_ClinVarHQ,mean,bio_core_dna_prot_spliceai_geom,nt_v2_500m,esm1b_650m,Pure_XGBoost_Concat,0.9104,0.9612,0.8534,0.9662,0.9041,0.8257,0.9826,0.9832,prot_LLR
Train1Val_ClinVarHQ,mean,bio_core_dna_prot_spliceai_geom,nt_v2_500m,esm1b_650m,Pure_XGBoost_Concat,0.9104,0.9612,0.8534,0.9662,0.9041,0.8257,0.9838,0.9844,dna_LLR+dna_LVD_L2+prot_LVD_L2+prot_LVD_Cosine
Train1Val_ClinVarHQ,cls,bio_core_dna_prot_spliceai,nt_v3_650m,esm1b_650m,Hybrid_Transformer_XGBoost,0.9104,0.9582,0.8563,0.9634,0.9044,0.8252,0.9787,0.981,
Train1Val_ClinVarHQ,cls,bio_dna_prot,nt_v3_650m,esm1b_650m,Hybrid_Concat_XGBoost,0.909,0.9702,0.842,0.9746,0.9015,0.8248,0.9809,0.9822,
Train1Val_ClinVarHQ,center,bio_core_dna_prot_spliceai,nt_v3_650m,esm1b_650m,PyTorch_CrossAttn,0.909,0.9702,0.842,0.9746,0.9015,0.8248,0.9795,0.9803,
Train1Val_ClinVarHQ,mean,bio_core_prot_spliceai,,esm1v_650m,Hybrid_Concat_XGBoost,0.9104,0.9553,0.8592,0.9606,0.9047,0.8247,0.9784,0.9792,
Train1Val_ClinVarHQ,center,bio_core_dna_prot_spliceai,nt_v3_650m,esm1v_650m,PyTorch_Concat,0.9075,0.9797,0.8305,0.9831,0.8989,0.8242,0.9825,0.9835,
Train1Val_ClinVarHQ,center,bio_core_dna_prot,nt_v1_500m,esm1v_650m,Hybrid_Concat_XGBoost,0.9104,0.9524,0.8621,0.9577,0.905,0.8242,0.9801,0.9806,
Train1Val_ClinVarHQ,center,bio_core_dna_prot,nt_v1_500m,esm1v_650m,Hybrid_Transformer_XGBoost,0.9104,0.9524,0.8621,0.9577,0.905,0.8242,0.9775,0.9785,
Train1Val_ClinVarHQ,mean,bio_core_dna_prot_spliceai,nt_v1_500m,esm1b_650m,PyTorch_Gating,0.9075,0.9797,0.8305,0.9831,0.8989,0.8242,0.9827,0.9842,
Train1Val_ClinVarHQ,mean,bio_core_dna_prot_spliceai,nt_v2_500m,esm1v_650m,Hybrid_Gating_XGBoost,0.9104,0.9524,0.8621,0.9577,0.905,0.8242,0.9819,0.9822,
Train1Val_ClinVarHQ,mean,bio_core_dna_prot_spliceai_geom,nt_v2_500m,esm1b_650m,Pure_XGBoost_Concat,0.909,0.9671,0.8448,0.9718,0.9018,0.8242,0.9819,0.9822,dna_LVD_L2+prot_LLR+prot_LVD_L2
Train1Val_ClinVarHQ,mean,bio_dna_prot,nt_v3_650m,esm1b_650m,PyTorch_Transformer,0.909,0.9641,0.8477,0.969,0.9021,0.8236,0.9782,0.9786,
Train1Val_ClinVarHQ,center,bio_core_dna_prot_spliceai,nt_v1_500m,esm1b_650m,Pure_XGBoost_Concat,0.909,0.9641,0.8477,0.969,0.9021,0.8236,0.983,0.9837,
Train1Val_ClinVarHQ,mean,bio_core_dna_prot_spliceai,nt_v2_500m,esm1v_650m,PyTorch_Gating,0.9075,0.9764,0.8333,0.9803,0.8992,0.8235,0.9809,0.9812,
Train1Val_ClinVarHQ,center,bio_core_dna_prot_spliceai,nt_v2_500m,esm1b_650m,PyTorch_Concat,0.909,0.961,0.8506,0.9662,0.9024,0.8231,0.9741,0.9767,
Train1Val_ClinVarHQ,cls,bio_core_dna_prot_spliceai,nt_v2_500m,esmc_600m,Hybrid_Concat_XGBoost,0.909,0.961,0.8506,0.9662,0.9024,0.8231,0.9746,0.9769,
Train1Val_ClinVarHQ,cls,bio_core_dna_prot,nt_v3_650m,esm1v_650m,Hybrid_Transformer_XGBoost,0.909,0.961,0.8506,0.9662,0.9024,0.8231,0.9745,0.9756,
Train1Val_ClinVarHQ,mean,bio_core_dna_prot_spliceai,nt_v1_500m,esm1v_650m,Hybrid_Gating_XGBoost,0.909,0.961,0.8506,0.9662,0.9024,0.8231,0.9773,0.9792,
Train1Val_ClinVarHQ,mean,bio_core_dna_prot_spliceai,nt_v2_500m,esm1b_650m,Hybrid_Concat_XGBoost,0.909,0.961,0.8506,0.9662,0.9024,0.8231,0.9784,0.979,
Train1Val_ClinVarHQ,center,bio_core_dna_prot_spliceai,nt_v3_650m,esm1v_650m,PyTorch_Gating,0.9061,0.9829,0.8247,0.9859,0.8969,0.8225,0.9834,0.9841,
Train1Val_ClinVarHQ,center,bio_core_dna_prot_spliceai,nt_v3_650m,esm2_650m,PyTorch_Transformer,0.9061,0.9829,0.8247,0.9859,0.8969,0.8225,0.9839,0.9846,
Train1Val_ClinVarHQ,cls,bio_core_dna_prot,nt_v1_500m,esm1v_650m,Hybrid_Concat_XGBoost,0.909,0.9581,0.8534,0.9634,0.9027,0.8225,0.9763,0.9769,
Train1Val_ClinVarHQ,cls,bio_core_dna_prot_spliceai,nt_v3_650m,esmc_600m,Hybrid_Gating_XGBoost,0.9075,0.9701,0.8391,0.9746,0.8998,0.8222,0.9763,0.9782,
Train1Val_ClinVarHQ,mean,bio_core_dna_prot_spliceai,nt_v2_500m,esm2_650m,PyTorch_Transformer,0.9075,0.9701,0.8391,0.9746,0.8998,0.8222,0.9831,0.9839,
Train1Val_ClinVarHQ,cls,bio_core_dna_prot_spliceai,nt_v1_500m,esm1v_650m,Hybrid_Concat_XGBoost,0.909,0.9551,0.8563,0.9606,0.903,0.8221,0.9766,0.9779,
Train1Val_ClinVarHQ,cls,bio_core_dna_prot_spliceai,nt_v3_650m,esm1v_650m,Hybrid_Gating_XGBoost,0.909,0.9551,0.8563,0.9606,0.903,0.8221,0.9762,0.9761,
Train1Val_ClinVarHQ,cls,bio_core_dna_prot_spliceai,nt_v2_500m,esm1b_650m,Hybrid_CrossAttn_XGBoost,0.909,0.9551,0.8563,0.9606,0.903,0.8221,0.9785,0.9801,
Train1Val_ClinVarHQ,cls,bio_core_dna_prot,nt_v2_500m,esm1v_650m,Hybrid_Transformer_XGBoost,0.909,0.9551,0.8563,0.9606,0.903,0.8221,0.9755,0.9756,
Train1Val_ClinVarHQ,center,bio_core_dna_prot,nt_v2_500m,esm1v_650m,PyTorch_Concat,0.9061,0.9796,0.8276,0.9831,0.8972,0.8217,0.9797,0.9814,
Train1Val_ClinVarHQ,cls,bio_core_dna_prot_spliceai,nt_v1_500m,esmc_600m,Hybrid_Transformer_XGBoost,0.9075,0.967,0.842,0.9718,0.9002,0.8216,0.9764,0.9777,
Train1Val_ClinVarHQ,cls,bio_core_dna_prot_spliceai,nt_v3_650m,esm1v_650m,Hybrid_CrossAttn_XGBoost,0.909,0.9522,0.8592,0.9577,0.9033,0.8216,0.9696,0.9724,
Train1Val_ClinVarHQ,cls,bio_core_dna_prot_spliceai,nt_v1_500m,esm1v_650m,Hybrid_CrossAttn_XGBoost,0.909,0.9494,0.8621,0.9549,0.9036,0.8212,0.9737,0.9739,
Train1Val_ClinVarHQ,mean,bio_core_dna_prot_spliceai,nt_v1_500m,esm1v_650m,PyTorch_CrossAttn,0.909,0.9494,0.8621,0.9549,0.9036,0.8212,0.9767,0.9776,
Train1Val_ClinVarHQ,cls,bio_core_dna_prot_spliceai,nt_v3_650m,esm2_650m,PyTorch_Concat,0.9047,0.9862,0.819,0.9887,0.8948,0.8207,0.9794,0.9778,
Train1Val_ClinVarHQ,cls,bio_core_dna_prot,nt_v1_500m,esm1v_650m,Hybrid_CrossAttn_XGBoost,0.9075,0.9609,0.8477,0.9662,0.9008,0.8205,0.9724,0.973,
Train1Val_ClinVarHQ,center,bio_core_dna_prot_spliceai,nt_v3_650m,esm1b_650m,PyTorch_Concat,0.9061,0.9732,0.8333,0.9775,0.8978,0.8203,0.9821,0.9826,
Train1Val_ClinVarHQ,center,bio_core_dna_prot_spliceai,nt_v3_650m,esm1b_650m,PyTorch_Gating,0.9061,0.9732,0.8333,0.9775,0.8978,0.8203,0.9771,0.9786,
Train1Val_ClinVarHQ,center,bio_core_dna_prot_spliceai,nt_v3_650m,esmc_600m,PyTorch_Gating,0.9061,0.9732,0.8333,0.9775,0.8978,0.8203,0.9823,0.9829,
Train1Val_ClinVarHQ,cls,bio_core_prot_spliceai,,esm1v_650m,Pure_XGBoost_Concat,0.9061,0.9732,0.8333,0.9775,0.8978,0.8203,0.9808,0.9819,
Train1Val_ClinVarHQ,cls,bio_core_prot_spliceai,,esmc_600m,Pure_XGBoost_Concat,0.9061,0.9732,0.8333,0.9775,0.8978,0.8203,0.9831,0.9847,
Train1Val_ClinVarHQ,mean,bio_core_dna_prot_spliceai,nt_v1_500m,esm1b_650m,PyTorch_Transformer,0.9047,0.9828,0.8218,0.9859,0.8951,0.82,0.9819,0.9828,
Train1Val_ClinVarHQ,center,bio_core_dna_prot_spliceai,nt_v2_500m,esm1v_650m,PyTorch_Gating,0.9061,0.97,0.8362,0.9746,0.8981,0.8197,0.9779,0.9777,
Train1Val_ClinVarHQ,center,bio_core_dna_prot_spliceai,nt_v2_500m,esmc_600m,PyTorch_Transformer,0.9061,0.97,0.8362,0.9746,0.8981,0.8197,0.9826,0.9829,
Train1Val_ClinVarHQ,mean,bio_core_dna_prot_spliceai,nt_v3_650m,esm1b_650m,PyTorch_Concat,0.9061,0.97,0.8362,0.9746,0.8981,0.8197,0.9796,0.9805,
Train1Val_ClinVarHQ,center,bio_core_spliceai,,,Pure_XGBoost_Concat,0.909,0.9356,0.8764,0.9408,0.905,0.8194,0.973,0.9736,
Train1Val_ClinVarHQ,center,bio_core_dna_prot,nt_v3_650m,esm1v_650m,Hybrid_Concat_XGBoost,0.9075,0.955,0.8534,0.9606,0.9014,0.8194,0.9787,0.9795,
Train1Val_ClinVarHQ,cls,bio_core_dna_prot_spliceai,nt_v1_500m,esmc_600m,Hybrid_Gating_XGBoost,0.9075,0.955,0.8534,0.9606,0.9014,0.8194,0.9751,0.9763,
Train1Val_ClinVarHQ,cls,bio_core_dna_prot,nt_v1_500m,esm1v_650m,Pure_XGBoost_Concat,0.9047,0.9795,0.8247,0.9831,0.8955,0.8192,0.9795,0.9803,
Train1Val_ClinVarHQ,center,bio_core_dna_prot,nt_v2_500m,esm1v_650m,PyTorch_CrossAttn,0.9061,0.9669,0.8391,0.9718,0.8985,0.819,0.9789,0.9791,
Train1Val_ClinVarHQ,mean,bio_core_dna_prot_spliceai,nt_v2_500m,esm1v_650m,PyTorch_Transformer,0.9061,0.9669,0.8391,0.9718,0.8985,0.819,0.9737,0.9737,
Train1Val_ClinVarHQ,mean,bio_core_dna_prot_spliceai_geom,nt_v2_500m,esm1b_650m,Pure_XGBoost_Concat,0.9061,0.9638,0.842,0.969,0.8988,0.8184,0.9812,0.982,prot_LVD_L2+prot_LVD_Cosine
Train1Val_ClinVarHQ,center,bio_core_dna_prot_spliceai,nt_v2_500m,esm1b_650m,PyTorch_Gating,0.9047,0.9731,0.8305,0.9775,0.8961,0.8178,0.9783,0.9788,
Train1Val_ClinVarHQ,mean,bio_core_dna_spliceai,nt_v3_650m,,Pure_XGBoost_Concat,0.9047,0.9731,0.8305,0.9775,0.8961,0.8178,0.9835,0.9839,
Train1Val_ClinVarHQ,center,bio_core_dna_prot_spliceai,nt_v1_500m,esm1b_650m,PyTorch_Transformer,0.9047,0.9699,0.8333,0.9746,0.8964,0.8171,0.9801,0.9805,
Train1Val_ClinVarHQ,center,bio_core_dna_prot,nt_v2_500m,esm1v_650m,PyTorch_Gating,0.9047,0.9699,0.8333,0.9746,0.8964,0.8171,0.9799,0.9794,
Train1Val_ClinVarHQ,cls,bio_core_dna_prot_spliceai,nt_v2_500m,esm2_650m,PyTorch_CrossAttn,0.9047,0.9699,0.8333,0.9746,0.8964,0.8171,0.9782,0.9802,
Train1Val_ClinVarHQ,mean,bio_core_dna_prot_spliceai,nt_v1_500m,esm1b_650m,PyTorch_CrossAttn,0.9047,0.9699,0.8333,0.9746,0.8964,0.8171,0.9824,0.9827,
Train1Val_ClinVarHQ,mean,bio_core_dna_prot_spliceai,nt_v3_650m,esmc_600m,PyTorch_Concat,0.9047,0.9699,0.8333,0.9746,0.8964,0.8171,0.985,0.9848,
Train1Val_ClinVarHQ,center,bio_core_dna_prot_spliceai,nt_v1_500m,esm1b_650m,Hybrid_Transformer_XGBoost,0.9061,0.9548,0.8506,0.9606,0.8997,0.8168,0.9823,0.9828,
Train1Val_ClinVarHQ,cls,bio_dna_prot,nt_v3_650m,esm1b_650m,PyTorch_Transformer,0.9033,0.9795,0.8218,0.9831,0.8938,0.8167,0.9808,0.9819,
Train1Val_ClinVarHQ,mean,bio_core_dna_prot_spliceai,nt_v3_650m,esm1b_650m,PyTorch_CrossAttn,0.9033,0.9795,0.8218,0.9831,0.8938,0.8167,0.9804,0.9819,
Train1Val_ClinVarHQ,cls,bio_prot,,esm1b_650m,PyTorch_Concat,0.9047,0.9668,0.8362,0.9718,0.8968,0.8165,0.9804,0.9817,
Train1Val_ClinVarHQ,cls,bio_prot,,esm1b_650m,PyTorch_Concat,0.9047,0.9668,0.8362,0.9718,0.8968,0.8165,0.9804,0.9817,
Train1Val_ClinVarHQ,cls,bio_core_dna_prot_spliceai,nt_v3_650m,esmc_600m,Hybrid_Concat_XGBoost,0.9047,0.9668,0.8362,0.9718,0.8968,0.8165,0.9762,0.9779,
Train1Val_ClinVarHQ,cls,bio_core_dna_prot,nt_v2_500m,esm1v_650m,Hybrid_CrossAttn_XGBoost,0.9061,0.9519,0.8534,0.9577,0.9,0.8163,0.9707,0.972,
Train1Val_ClinVarHQ,center,bio_dna,nt_v3_650m,,Pure_XGBoost_Concat,0.9047,0.9637,0.8391,0.969,0.8971,0.8159,0.9797,0.9803,
Train1Val_ClinVarHQ,center,bio_dna,nt_v3_650m,,Pure_XGBoost_Concat,0.9047,0.9637,0.8391,0.969,0.8971,0.8159,0.9797,0.9803,
Train1Val_ClinVarHQ,center,bio_core_dna_prot,nt_v1_500m,esm1v_650m,Hybrid_Gating_XGBoost,0.9061,0.949,0.8563,0.9549,0.9003,0.8159,0.9799,0.9801,
Train1Val_ClinVarHQ,center,bio_core_dna_prot_spliceai,nt_v2_500m,esm1b_650m,PyTorch_CrossAttn,0.9033,0.973,0.8276,0.9775,0.8944,0.8152,0.9788,0.98,
Train1Val_ClinVarHQ,cls,bio_core_dna_prot_spliceai,nt_v3_650m,esm1b_650m,PyTorch_Transformer,0.9033,0.973,0.8276,0.9775,0.8944,0.8152,0.9794,0.9807,
Train1Val_ClinVarHQ,cls,bio_core_dna_prot_spliceai,nt_v2_500m,esm1v_650m,Pure_XGBoost_Concat,0.9033,0.973,0.8276,0.9775,0.8944,0.8152,0.9793,0.9804,
Train1Val_ClinVarHQ,mean,bio_core_dna_prot_spliceai,nt_v2_500m,esm1b_650m,PyTorch_Concat,0.9033,0.973,0.8276,0.9775,0.8944,0.8152,0.9791,0.98,
Train1Val_ClinVarHQ,mean,bio_core_dna_prot_spliceai,nt_v3_650m,esm1b_650m,PyTorch_Transformer,0.9018,0.9827,0.8161,0.9859,0.8917,0.815,0.9832,0.9842,
Train1Val_ClinVarHQ,cls,bio_core_dna_prot_spliceai,nt_v2_500m,esm1v_650m,Hybrid_Gating_XGBoost,0.9047,0.9577,0.8448,0.9634,0.8977,0.8147,0.974,0.9725,
Train1Val_ClinVarHQ,center,bio_geom_prot,nt_v3_650m,esmc_600m,Pure_XGBoost_Concat,0.9004,0.9894,0.8075,0.9915,0.8892,0.8141,0.9815,0.9837,
Train1Val_ClinVarHQ,cls,bio_dna_prot,nt_v3_650m,esm1b_650m,Hybrid_Gating_XGBoost,0.9033,0.9667,0.8333,0.9718,0.8951,0.8139,0.9801,0.9815,
Train1Val_ClinVarHQ,cls,bio_core_dna_prot_spliceai,nt_v2_500m,esmc_600m,Pure_XGBoost_Concat,0.9033,0.9667,0.8333,0.9718,0.8951,0.8139,0.9824,0.983,
Train1Val_ClinVarHQ,mean,bio_core_dna_prot_spliceai,nt_v3_650m,esmc_600m,Hybrid_Gating_XGBoost,0.9033,0.9667,0.8333,0.9718,0.8951,0.8139,0.9782,0.9788,
Train1Val_ClinVarHQ,center,bio_core_dna_prot_spliceai,nt_v2_500m,esm1b_650m,PyTorch_Transformer,0.9047,0.9518,0.8506,0.9577,0.8983,0.8137,0.9761,0.9772,
Train1Val_ClinVarHQ,cls,bio_core_dna_prot_spliceai,nt_v1_500m,esm1v_650m,Hybrid_Gating_XGBoost,0.9047,0.9518,0.8506,0.9577,0.8983,0.8137,0.9766,0.9774,
Train1Val_ClinVarHQ,cls,bio_core_dna_prot,nt_v3_650m,esm1v_650m,Pure_XGBoost_Concat,0.9018,0.9761,0.8218,0.9803,0.8924,0.8134,0.9807,0.9811,
Train1Val_ClinVarHQ,center,bio_geom,nt_v3_650m,esmc_600m,Pure_XGBoost_Concat,0.899,0.9929,0.8017,0.9944,0.8871,0.8126,0.9806,0.983,
Train1Val_ClinVarHQ,cls,bio_core_dna_prot_spliceai,nt_v1_500m,esm1v_650m,Hybrid_Transformer_XGBoost,0.9047,0.9404,0.8621,0.9465,0.8996,0.812,0.9731,0.9735,
Train1Val_ClinVarHQ,center,bio_core_dna_prot_spliceai,nt_v2_500m,esmc_600m,PyTorch_Concat,0.9004,0.9793,0.8161,0.9831,0.8903,0.8117,0.9825,0.9832,
Train1Val_ClinVarHQ,cls,bio_core_dna_spliceai,nt_v1_500m,,Hybrid_Concat_XGBoost,0.9033,0.9545,0.8448,0.9606,0.8963,0.8116,0.9696,0.9702,
Train1Val_ClinVarHQ,mean,bio_core_dna_prot,nt_v1_500m,esm1v_650m,PyTorch_Concat,0.9018,0.9666,0.8305,0.9718,0.8934,0.8114,0.9784,0.9788,
Train1Val_ClinVarHQ,cls,bio_core_dna_prot_spliceai,nt_v2_500m,esm1v_650m,Hybrid_CrossAttn_XGBoost,0.9033,0.9516,0.8477,0.9577,0.8967,0.8111,0.97,0.97,
Train1Val_ClinVarHQ,cls,bio_core_dna_prot_spliceai,nt_v3_650m,esmc_600m,PyTorch_CrossAttn,0.9004,0.976,0.819,0.9803,0.8906,0.8109,0.9824,0.9828,
Train1Val_ClinVarHQ,center,bio_core_dna_prot_spliceai,nt_v1_500m,esm1v_650m,PyTorch_Transformer,0.9018,0.9635,0.8333,0.969,0.8937,0.8107,0.9776,0.9779,
Train1Val_ClinVarHQ,cls,bio_core_dna_prot,nt_v2_500m,esm1v_650m,Hybrid_Gating_XGBoost,0.9033,0.9487,0.8506,0.9549,0.897,0.8106,0.9754,0.9758,
Train1Val_ClinVarHQ,center,bio_core_dna_prot_spliceai,nt_v3_650m,esmc_600m,PyTorch_Transformer,0.9004,0.9728,0.8218,0.9775,0.891,0.8102,0.982,0.9828,
Train1Val_ClinVarHQ,center,bio_dna_geom,nt_v3_650m,esmc_600m,Pure_XGBoost_Concat,0.8976,0.9929,0.7989,0.9944,0.8854,0.8101,0.9809,0.983,
Train1Val_ClinVarHQ,center,bio_core_dna_spliceai,nt_v2_500m,,Pure_XGBoost_Concat,0.9033,0.9459,0.8534,0.9521,0.8973,0.8101,0.9734,0.9734,
Train1Val_ClinVarHQ,cls,bio_core_dna_prot_spliceai,nt_v2_500m,esm1v_650m,Hybrid_Concat_XGBoost,0.9033,0.9459,0.8534,0.9521,0.8973,0.8101,0.9751,0.975,
Train1Val_ClinVarHQ,center,bio_dna_prot,nt_v3_650m,esmc_600m,PyTorch_Concat,0.899,0.9826,0.8103,0.9859,0.8882,0.81,0.9863,0.9871,
Train1Val_ClinVarHQ,center,bio_core_dna_prot,nt_v3_650m,esm1v_650m,PyTorch_Gating,0.899,0.9826,0.8103,0.9859,0.8882,0.81,0.9807,0.9807,
Train1Val_ClinVarHQ,mean,bio_core_dna_prot_spliceai,nt_v1_500m,esm2_650m,PyTorch_CrossAttn,0.899,0.9826,0.8103,0.9859,0.8882,0.81,0.983,0.9847,
Train1Val_ClinVarHQ,center,bio_core_dna_prot_spliceai,nt_v1_500m,esm1v_650m,Hybrid_Transformer_XGBoost,0.9033,0.943,0.8563,0.9493,0.8976,0.8097,0.9812,0.9815,
Train1Val_ClinVarHQ,cls,bio_core_dna_prot,nt_v2_500m,esm1v_650m,PyTorch_CrossAttn,0.9004,0.9696,0.8247,0.9746,0.8913,0.8095,0.9749,0.9751,
Train1Val_ClinVarHQ,mean,bio_core_dna_prot_spliceai,nt_v2_500m,esm1b_650m,PyTorch_CrossAttn,0.9004,0.9696,0.8247,0.9746,0.8913,0.8095,0.9816,0.9821,
Train1Val_ClinVarHQ,cls,bio_core_dna_prot_spliceai,nt_v2_500m,esm1b_650m,PyTorch_Concat,0.8976,0.9894,0.8017,0.9915,0.8857,0.8092,0.9796,0.9814,
Train1Val_ClinVarHQ,mean,bio_core_dna_prot_spliceai,nt_v2_500m,esm1b_650m,PyTorch_Transformer,0.899,0.9792,0.8132,0.9831,0.8885,0.8092,0.982,0.9826,
Train1Val_ClinVarHQ,mean,bio_core_dna_prot,nt_v2_500m,esm1v_650m,PyTorch_CrossAttn,0.899,0.9792,0.8132,0.9831,0.8885,0.8092,0.9845,0.9846,
Train1Val_ClinVarHQ,center,bio_core_prot_spliceai,,esm1b_650m,PyTorch_Concat,0.9004,0.9664,0.8276,0.9718,0.8916,0.8088,0.9782,0.9792,
Train1Val_ClinVarHQ,center,bio_core_dna_prot_spliceai,nt_v2_500m,esmc_600m,PyTorch_Gating,0.9004,0.9664,0.8276,0.9718,0.8916,0.8088,0.9839,0.9842,
Train1Val_ClinVarHQ,cls,bio_core_dna_prot,nt_v1_500m,esm1v_650m,Hybrid_Gating_XGBoost,0.9018,0.9515,0.8448,0.9577,0.895,0.8085,0.9778,0.9782,
Train1Val_ClinVarHQ,center,bio_dna_prot,nt_v3_650m,esmc_600m,PyTorch_Transformer,0.899,0.9759,0.8161,0.9803,0.8889,0.8084,0.9808,0.9809,
Train1Val_ClinVarHQ,center,bio_core_dna_prot_spliceai,nt_v1_500m,esmc_600m,PyTorch_CrossAttn,0.899,0.9759,0.8161,0.9803,0.8889,0.8084,0.9823,0.9826,
Train1Val_ClinVarHQ,mean,bio_core_dna_prot,nt_v1_500m,esm1v_650m,PyTorch_Gating,0.899,0.9759,0.8161,0.9803,0.8889,0.8084,0.9795,0.9805,
Train1Val_ClinVarHQ,cls,bio_dna_prot,nt_v3_650m,esm1b_650m,PyTorch_Concat,0.8976,0.9859,0.8046,0.9887,0.8861,0.8083,0.9801,0.9801,
Train1Val_ClinVarHQ,center,bio_core_dna_prot,nt_v3_650m,esm1v_650m,PyTorch_CrossAttn,0.9004,0.9603,0.8333,0.9662,0.8923,0.8075,0.9802,0.9808,
Train1Val_ClinVarHQ,cls,bio_core_dna_prot_spliceai,nt_v1_500m,esm2_650m,PyTorch_CrossAttn,0.8976,0.9825,0.8075,0.9859,0.8864,0.8075,0.9813,0.9826,
Train1Val_ClinVarHQ,cls,bio_core_dna_prot_spliceai,nt_v3_650m,esm1b_650m,Hybrid_Gating_XGBoost,0.9004,0.9603,0.8333,0.9662,0.8923,0.8075,0.9773,0.979,
Train1Val_ClinVarHQ,cls,bio_core_dna_prot_spliceai,nt_v1_500m,esm2_650m,PyTorch_Concat,0.8976,0.9792,0.8103,0.9831,0.8868,0.8067,0.9792,0.9784,
Train1Val_ClinVarHQ,mean,bio_core_dna_prot_spliceai,nt_v1_500m,esm1v_650m,PyTorch_Concat,0.8976,0.9792,0.8103,0.9831,0.8868,0.8067,0.9782,0.9776,
Train1Val_ClinVarHQ,mean,bio_core_dna_prot_spliceai_geom,nt_v2_500m,esm1b_650m,Pure_XGBoost_Concat,0.8947,0.9964,0.7902,0.9972,0.8814,0.8062,0.9768,0.9796,dna_LVD_L2+dna_LID+prot_LLR
Train1Val_ClinVarHQ,mean,bio_core_dna_prot_spliceai_geom,nt_v2_500m,esm1b_650m,Pure_XGBoost_Concat,0.8947,0.9964,0.7902,0.9972,0.8814,0.8062,0.9797,0.9822,dna_LLR+dna_LVD_L2+dna_LVD_Cosine+prot_LLR+prot_LVD_L2+prot_LID
Train1Val_ClinVarHQ,mean,bio_core_dna_prot_spliceai_geom,nt_v2_500m,esm1b_650m,Pure_XGBoost_Concat,0.8947,0.9964,0.7902,0.9972,0.8814,0.8062,0.9791,0.9815,dna_LVD_L2+dna_LVD_Cosine+dna_LID+prot_LLR+prot_LVD_L2+prot_LVD_Cosine
Train1Val_ClinVarHQ,center,bio_core_dna_prot,nt_v1_500m,esm1v_650m,PyTorch_Transformer,0.899,0.9632,0.8276,0.969,0.8903,0.8056,0.9765,0.9763,
Train1Val_ClinVarHQ,center,bio_core_prot_spliceai,,esm1v_650m,PyTorch_Concat,0.8976,0.9726,0.8161,0.9775,0.8875,0.8051,0.9811,0.9807,
Train1Val_ClinVarHQ,center,bio_core_dna_prot_spliceai,nt_v2_500m,esm1v_650m,PyTorch_Concat,0.8976,0.9726,0.8161,0.9775,0.8875,0.8051,0.9767,0.9766,
Train1Val_ClinVarHQ,mean,bio_core_dna_prot_spliceai,nt_v2_500m,esm1v_650m,PyTorch_Concat,0.8976,0.9726,0.8161,0.9775,0.8875,0.8051,0.9796,0.9796,
Train1Val_ClinVarHQ,cls,bio_core_dna_spliceai,nt_v2_500m,,Pure_XGBoost_Concat,0.899,0.9571,0.8333,0.9634,0.8909,0.8044,0.9706,0.9727,
Train1Val_ClinVarHQ,mean,bio_core_dna_prot_spliceai_geom,nt_v2_500m,esm1b_650m,Pure_XGBoost_Concat,0.8933,0.9964,0.7874,0.9972,0.8796,0.8038,0.9796,0.982,dna_LLR+dna_LVD_L2+dna_LID+prot_LLR+prot_LVD_L2
Train1Val_ClinVarHQ,mean,bio_core_dna_prot_spliceai_geom,nt_v2_500m,esm1b_650m,Pure_XGBoost_Concat,0.8933,0.9964,0.7874,0.9972,0.8796,0.8038,0.979,0.9813,dna_LLR+dna_LVD_Cosine+dna_LID+prot_LLR+prot_LVD_Cosine
Train1Val_ClinVarHQ,mean,bio_core_dna_prot_spliceai_geom,nt_v2_500m,esm1b_650m,Pure_XGBoost_Concat,0.8933,0.9964,0.7874,0.9972,0.8796,0.8038,0.9804,0.9821,dna_LLR+dna_LID+prot_LLR+prot_LVD_L2+prot_LVD_Cosine
Train1Val_ClinVarHQ,mean,bio_core_dna_prot_spliceai_geom,nt_v2_500m,esm1b_650m,Pure_XGBoost_Concat,0.8933,0.9964,0.7874,0.9972,0.8796,0.8038,0.9791,0.9815,dna_LVD_Cosine+dna_LID+prot_LLR+prot_LVD_L2+prot_LVD_Cosine
Train1Val_ClinVarHQ,center,bio_core_dna_prot_spliceai,nt_v3_650m,esm2_650m,PyTorch_Concat,0.8976,0.9662,0.8218,0.9718,0.8882,0.8037,0.9803,0.9817,
Train1Val_ClinVarHQ,cls,bio_core_dna_prot,nt_v2_500m,esm1v_650m,Pure_XGBoost_Concat,0.8976,0.9662,0.8218,0.9718,0.8882,0.8037,0.9789,0.9794,
Train1Val_ClinVarHQ,mean,bio_dna_prot,nt_v3_650m,esm1b_650m,PyTorch_Gating,0.8962,0.9758,0.8103,0.9803,0.8854,0.8034,0.9837,0.9843,
Train1Val_ClinVarHQ,cls,bio_core_dna_prot_spliceai,nt_v1_500m,esm1b_650m,PyTorch_Transformer,0.8947,0.9858,0.7989,0.9887,0.8825,0.8034,0.9817,0.9825,
Train1Val_ClinVarHQ,mean,bio_core_dna_prot,nt_v3_650m,esm1v_650m,PyTorch_CrossAttn,0.8962,0.9758,0.8103,0.9803,0.8854,0.8034,0.9836,0.9839,
Train1Val_ClinVarHQ,mean,bio_core_dna_prot,nt_v3_650m,esm1v_650m,PyTorch_Gating,0.8962,0.9758,0.8103,0.9803,0.8854,0.8034,0.9801,0.9806,
Train1Val_ClinVarHQ,cls,bio_core_dna_prot_spliceai,nt_v3_650m,esm1b_650m,PyTorch_CrossAttn,0.8976,0.9631,0.8247,0.969,0.8885,0.803,0.9782,0.9791,
Train1Val_ClinVarHQ,mean,bio_core_dna_spliceai,nt_v1_500m,,Pure_XGBoost_Concat,0.8976,0.9631,0.8247,0.969,0.8885,0.803,0.9732,0.9738,
Train1Val_ClinVarHQ,mean,bio_core_prot_spliceai,,esm1b_650m,PyTorch_Concat,0.8933,0.9928,0.7902,0.9944,0.88,0.8028,0.9835,0.985,
Train1Val_ClinVarHQ,mean,bio_core_dna_prot_spliceai_geom,nt_v2_500m,esm1b_650m,Pure_XGBoost_Concat,0.8933,0.9928,0.7902,0.9944,0.88,0.8028,0.9796,0.982,dna_LID+prot_LLR+prot_LVD_Cosine
Train1Val_ClinVarHQ,mean,bio_core_dna_prot_spliceai_geom,nt_v2_500m,esm1b_650m,Pure_XGBoost_Concat,0.8933,0.9928,0.7902,0.9944,0.88,0.8028,0.9793,0.9818,dna_LVD_Cosine+dna_LID+prot_LLR+prot_LVD_L2
Train1Val_ClinVarHQ,mean,bio_core_dna_prot_spliceai_geom,nt_v2_500m,esm1b_650m,Pure_XGBoost_Concat,0.8933,0.9928,0.7902,0.9944,0.88,0.8028,0.9807,0.9827,dna_LVD_Cosine+dna_LID+prot_LLR+prot_LVD_Cosine
Train1Val_ClinVarHQ,center,bio_core_dna_prot_spliceai,nt_v3_650m,esm2_650m,PyTorch_Gating,0.8962,0.9725,0.8132,0.9775,0.8858,0.8026,0.9815,0.9815,
Train1Val_ClinVarHQ,cls,bio_core_dna_prot_spliceai,nt_v1_500m,esm2_650m,PyTorch_Transformer,0.8962,0.9725,0.8132,0.9775,0.8858,0.8026,0.977,0.9787,
Train1Val_ClinVarHQ,center,bio_core_dna_prot_spliceai,nt_v2_500m,esm2_650m,PyTorch_CrossAttn,0.8962,0.9693,0.8161,0.9746,0.8861,0.8019,0.9825,0.9833,
Train1Val_ClinVarHQ,mean,bio_core_dna_prot_spliceai,nt_v3_650m,esmc_600m,PyTorch_Gating,0.8962,0.9693,0.8161,0.9746,0.8861,0.8019,0.9824,0.9824,
Train1Val_ClinVarHQ,mean,bio_core_dna_prot_spliceai_geom,nt_v2_500m,esm1b_650m,Pure_XGBoost_Concat,0.8933,0.9892,0.7931,0.9915,0.8804,0.8019,0.9802,0.9822,dna_LLR+dna_LVD_L2+dna_LVD_Cosine+dna_LID+prot_LLR+prot_LVD_L2+prot_LVD_Cosine
Train1Val_ClinVarHQ,cls,bio_core_dna_prot_spliceai,nt_v1_500m,esm2_650m,PyTorch_Gating,0.8947,0.979,0.8046,0.9831,0.8833,0.8017,0.9799,0.9814,
Train1Val_ClinVarHQ,cls,bio_core_dna_prot,nt_v1_500m,esm1v_650m,PyTorch_Gating,0.8947,0.979,0.8046,0.9831,0.8833,0.8017,0.9805,0.9808,
Train1Val_ClinVarHQ,mean,bio_core_dna_prot_spliceai,nt_v3_650m,esm1v_650m,PyTorch_Gating,0.8947,0.979,0.8046,0.9831,0.8833,0.8017,0.9816,0.9818,
Train1Val_ClinVarHQ,mean,bio_core_dna_prot_spliceai_geom,nt_v2_500m,esm1b_650m,Pure_XGBoost_Concat,0.8919,0.9964,0.7845,0.9972,0.8778,0.8013,0.9797,0.9819,dna_LVD_L2+dna_LID+prot_LLR+prot_LVD_L2
Train1Val_ClinVarHQ,mean,bio_core_dna_prot_spliceai_geom,nt_v2_500m,esm1b_650m,Pure_XGBoost_Concat,0.8919,0.9964,0.7845,0.9972,0.8778,0.8013,0.9806,0.9826,dna_LLR+dna_LVD_Cosine+dna_LID+prot_LLR+prot_LVD_L2+prot_LVD_Cosine
Train1Val_ClinVarHQ,cls,bio_core_dna_prot_spliceai,nt_v2_500m,esm1b_650m,PyTorch_Gating,0.8947,0.9757,0.8075,0.9803,0.8836,0.8009,0.9778,0.9794,
Train1Val_ClinVarHQ,cls,bio_core_dna_prot_spliceai,nt_v2_500m,esm2_650m,PyTorch_Concat,0.8933,0.9858,0.796,0.9887,0.8808,0.8009,0.9815,0.9823,
Train1Val_ClinVarHQ,mean,bio_core_dna_prot_spliceai,nt_v1_500m,esm1v_650m,PyTorch_Gating,0.8947,0.9757,0.8075,0.9803,0.8836,0.8009,0.9795,0.9799,
Train1Val_ClinVarHQ,cls,bio_core_dna_prot_spliceai,nt_v3_650m,esmc_600m,Hybrid_CrossAttn_XGBoost,0.8976,0.951,0.8362,0.9577,0.8899,0.8007,0.9774,0.9781,
Train1Val_ClinVarHQ,cls,bio_core_dna_prot_spliceai,nt_v3_650m,esm1v_650m,PyTorch_CrossAttn,0.8962,0.963,0.8218,0.969,0.8868,0.8005,0.9789,0.9794,
Train1Val_ClinVarHQ,cls,bio_dna_geom_prot,nt_v3_650m,esm1b_650m,Pure_XGBoost_Concat,0.8919,0.9928,0.7874,0.9944,0.8782,0.8004,0.9773,0.9807,
Train1Val_ClinVarHQ,cls,bio_geom,nt_v3_650m,esm1b_650m,Pure_XGBoost_Concat,0.8919,0.9928,0.7874,0.9944,0.8782,0.8004,0.9769,0.9807,
Train1Val_ClinVarHQ,mean,bio_core_dna_prot_spliceai_geom,nt_v2_500m,esm1b_650m,Pure_XGBoost_Concat,0.8919,0.9928,0.7874,0.9944,0.8782,0.8004,0.9796,0.9818,dna_LLR+dna_LID+prot_LLR
Train1Val_ClinVarHQ,mean,bio_core_dna_prot_spliceai_geom,nt_v2_500m,esm1b_650m,Pure_XGBoost_Concat,0.8919,0.9928,0.7874,0.9944,0.8782,0.8004,0.9783,0.9807,dna_LID+prot_LLR+prot_LVD_L2+prot_LVD_Cosine
Train1Val_ClinVarHQ,mean,bio_core_dna_prot_spliceai_geom,nt_v2_500m,esm1b_650m,Pure_XGBoost_Concat,0.8919,0.9928,0.7874,0.9944,0.8782,0.8004,0.9795,0.9816,dna_LLR+dna_LVD_L2+dna_LVD_Cosine+dna_LID+prot_LLR+prot_LVD_Cosine
Train1Val_ClinVarHQ,mean,bio_core_dna_prot_spliceai,nt_v1_500m,esmc_600m,PyTorch_Gating,0.8947,0.9724,0.8103,0.9775,0.884,0.8001,0.9779,0.979,
Train1Val_ClinVarHQ,center,bio_core_dna_prot,nt_v2_500m,esm1v_650m,PyTorch_Transformer,0.8962,0.9599,0.8247,0.9662,0.8872,0.7998,0.9796,0.98,
Train1Val_ClinVarHQ,mean,bio,,,Pure_XGBoost_Concat,0.899,0.9262,0.8649,0.9324,0.8945,0.7996,0.9688,0.9706,
Train1Val_ClinVarHQ,center,bio_core_dna_spliceai,nt_v3_650m,,Hybrid_Concat_XGBoost,0.8976,0.9452,0.842,0.9521,0.8906,0.7996,0.972,0.9718,
Train1Val_ClinVarHQ,mean,bio_core_dna_prot_spliceai_geom,nt_v2_500m,esm1b_650m,Pure_XGBoost_Concat,0.8919,0.9892,0.7902,0.9915,0.8786,0.7994,0.9777,0.9806,dna_LLR+dna_LID+prot_LLR+prot_LVD_Cosine
Train1Val_ClinVarHQ,center,bio_core_dna_prot_spliceai,nt_v1_500m,esm2_650m,PyTorch_Concat,0.8933,0.9789,0.8017,0.9831,0.8815,0.7992,0.9829,0.9825,
Train1Val_ClinVarHQ,mean,bio_core_dna_prot_spliceai_geom,nt_v2_500m,esm1b_650m,Pure_XGBoost_Concat,0.8905,0.9963,0.7816,0.9972,0.876,0.7989,0.9788,0.9813,dna_LVD_L2+prot_LLR+prot_LID
Train1Val_ClinVarHQ,mean,bio_core_dna_prot_spliceai_geom,nt_v2_500m,esm1b_650m,Pure_XGBoost_Concat,0.8905,0.9963,0.7816,0.9972,0.876,0.7989,0.9797,0.9809,dna_LID+prot_LLR+prot_LVD_L2
Train1Val_ClinVarHQ,mean,bio_core_dna_prot_spliceai_geom,nt_v2_500m,esm1b_650m,Pure_XGBoost_Concat,0.8905,0.9963,0.7816,0.9972,0.876,0.7989,0.9777,0.981,dna_LLR+dna_LID+prot_LLR+prot_LID
Train1Val_ClinVarHQ,mean,bio_core_dna_prot_spliceai_geom,nt_v2_500m,esm1b_650m,Pure_XGBoost_Concat,0.8905,0.9963,0.7816,0.9972,0.876,0.7989,0.9786,0.981,dna_LLR+prot_LLR+prot_LVD_L2+prot_LID
Train1Val_ClinVarHQ,mean,bio_core_dna_prot_spliceai_geom,nt_v2_500m,esm1b_650m,Pure_XGBoost_Concat,0.8905,0.9963,0.7816,0.9972,0.876,0.7989,0.9786,0.9816,dna_LVD_L2+dna_LVD_Cosine+prot_LLR+prot_LID
Train1Val_ClinVarHQ,mean,bio_core_dna_prot_spliceai_geom,nt_v2_500m,esm1b_650m,Pure_XGBoost_Concat,0.8905,0.9963,0.7816,0.9972,0.876,0.7989,0.9806,0.9825,dna_LVD_L2+dna_LID+prot_LLR+prot_LVD_Cosine
Train1Val_ClinVarHQ,mean,bio_core_dna_prot_spliceai_geom,nt_v2_500m,esm1b_650m,Pure_XGBoost_Concat,0.8905,0.9963,0.7816,0.9972,0.876,0.7989,0.9813,0.9833,dna_LLR+dna_LVD_Cosine+prot_LLR+prot_LVD_L2+prot_LID
Train1Val_ClinVarHQ,mean,bio_core_dna_prot_spliceai_geom,nt_v2_500m,esm1b_650m,Pure_XGBoost_Concat,0.8905,0.9963,0.7816,0.9972,0.876,0.7989,0.9783,0.9807,dna_LLR+dna_LVD_Cosine+prot_LLR+prot_LVD_Cosine+prot_LID
Train1Val_ClinVarHQ,mean,bio_core_dna_prot_spliceai_geom,nt_v2_500m,esm1b_650m,Pure_XGBoost_Concat,0.8905,0.9963,0.7816,0.9972,0.876,0.7989,0.9804,0.9826,dna_LLR+prot_LLR+prot_LVD_L2+prot_LVD_Cosine+prot_LID
Train1Val_ClinVarHQ,center,bio_dna,nt_v3_650m,,Hybrid_Concat_XGBoost,0.8976,0.9395,0.8477,0.9465,0.8912,0.7987,0.972,0.9738,
Train1Val_ClinVarHQ,center,bio_dna,nt_v3_650m,,Hybrid_Concat_XGBoost,0.8976,0.9395,0.8477,0.9465,0.8912,0.7987,0.972,0.9738,
Train1Val_ClinVarHQ,cls,bio_dna_geom,nt_v3_650m,esm1b_650m,Pure_XGBoost_Concat,0.8919,0.9857,0.7931,0.9887,0.879,0.7985,0.9767,0.9802,
Train1Val_ClinVarHQ,cls,bio_core_prot_spliceai,,esm1b_650m,PyTorch_Concat,0.8933,0.9756,0.8046,0.9803,0.8819,0.7984,0.9797,0.981,
Train1Val_ClinVarHQ,cls,bio_core_dna_prot_spliceai,nt_v2_500m,esmc_600m,Hybrid_Transformer_XGBoost,0.8947,0.9628,0.819,0.969,0.8851,0.798,0.9737,0.9742,
Train1Val_ClinVarHQ,mean,bio_core_dna_prot_spliceai_geom,nt_v2_500m,esm1b_650m,Pure_XGBoost_Concat,0.8905,0.9927,0.7845,0.9944,0.8764,0.7979,0.9766,0.9803,dna_LID+prot_LLR+prot_LVD_L2+prot_LID
Train1Val_ClinVarHQ,mean,bio_core_dna_prot_spliceai_geom,nt_v2_500m,esm1b_650m,Pure_XGBoost_Concat,0.8905,0.9927,0.7845,0.9944,0.8764,0.7979,0.9773,0.9801,prot_LLR+prot_LVD_L2+prot_LVD_Cosine+prot_LID
Train1Val_ClinVarHQ,mean,bio_core_dna_prot_spliceai_geom,nt_v2_500m,esm1b_650m,Pure_XGBoost_Concat,0.8905,0.9927,0.7845,0.9944,0.8764,0.7979,0.9805,0.9823,dna_LLR+dna_LVD_Cosine+dna_LID+prot_LLR+prot_LVD_L2
Train1Val_ClinVarHQ,mean,bio_core_dna_prot_spliceai_geom,nt_v2_500m,esm1b_650m,Pure_XGBoost_Concat,0.8905,0.9927,0.7845,0.9944,0.8764,0.7979,0.9741,0.978,dna_LLR+dna_LVD_Cosine+dna_LID+prot_LLR+prot_LID
Train1Val_ClinVarHQ,mean,bio_core_dna_prot_spliceai_geom,nt_v2_500m,esm1b_650m,Pure_XGBoost_Concat,0.8905,0.9927,0.7845,0.9944,0.8764,0.7979,0.9744,0.9788,dna_LLR+dna_LVD_L2+dna_LVD_Cosine+dna_LID+prot_LLR+prot_LVD_Cosine+prot_LID
Train1Val_ClinVarHQ,cls,bio_core_dna_prot_spliceai,nt_v2_500m,esm2_650m,PyTorch_Gating,0.8933,0.9723,0.8075,0.9775,0.8823,0.7976,0.9769,0.9776,
Train1Val_ClinVarHQ,mean,bio_core_dna_prot,nt_v3_650m,esm1v_650m,PyTorch_Transformer,0.8933,0.9723,0.8075,0.9775,0.8823,0.7976,0.982,0.9823,
Train1Val_ClinVarHQ,center,bio_core_dna_prot_spliceai,nt_v1_500m,esm1b_650m,PyTorch_Concat,0.8962,0.9479,0.8362,0.9549,0.8885,0.7975,0.9753,0.9756,
Train1Val_ClinVarHQ,mean,bio_core_dna_prot_spliceai_geom,nt_v2_500m,esm1b_650m,Pure_XGBoost_Concat,0.8905,0.9892,0.7874,0.9915,0.8768,0.797,0.9783,0.981,dna_LVD_L2+dna_LVD_Cosine+prot_LLR+prot_LVD_L2+prot_LID
Train1Val_ClinVarHQ,mean,bio_core_dna_prot_spliceai_geom,nt_v2_500m,esm1b_650m,Pure_XGBoost_Concat,0.8905,0.9892,0.7874,0.9915,0.8768,0.797,0.9778,0.9803,dna_LVD_L2+dna_LID+prot_LLR+prot_LVD_L2+prot_LVD_Cosine
Train1Val_ClinVarHQ,center,bio_core_dna_prot_spliceai,nt_v1_500m,esm1v_650m,PyTorch_CrossAttn,0.8933,0.9691,0.8103,0.9746,0.8826,0.7968,0.9766,0.9775,
Train1Val_ClinVarHQ,center,bio_core_dna_prot_spliceai,nt_v1_500m,esmc_600m,PyTorch_Concat,0.8933,0.9691,0.8103,0.9746,0.8826,0.7968,0.9819,0.9821,
Train1Val_ClinVarHQ,center,bio_core_dna_prot_spliceai,nt_v2_500m,esm1v_650m,PyTorch_CrossAttn,0.8933,0.9691,0.8103,0.9746,0.8826,0.7968,0.9794,0.9798,
Train1Val_ClinVarHQ,mean,bio_core_dna_prot_spliceai,nt_v3_650m,esm1v_650m,PyTorch_CrossAttn,0.8933,0.9691,0.8103,0.9746,0.8826,0.7968,0.9796,0.98,
Train1Val_ClinVarHQ,mean,bio_core_dna_prot,nt_v2_500m,esm1v_650m,PyTorch_Concat,0.8933,0.9691,0.8103,0.9746,0.8826,0.7968,0.9803,0.9805,
Train1Val_ClinVarHQ,cls,bio_core_dna_prot_spliceai,nt_v2_500m,esm1b_650m,PyTorch_Transformer,0.8919,0.9789,0.7989,0.9831,0.8797,0.7967,0.9795,0.9805,
Train1Val_ClinVarHQ,mean,bio_core_dna_prot,nt_v3_650m,esm1v_650m,PyTorch_Concat,0.8919,0.9789,0.7989,0.9831,0.8797,0.7967,0.9811,0.982,
Train1Val_ClinVarHQ,mean,bio_core_dna_prot_spliceai_geom,nt_v2_500m,esm1b_650m,Pure_XGBoost_Concat,0.889,0.9963,0.7787,0.9972,0.8742,0.7965,0.9798,0.982,dna_LLR+dna_LVD_Cosine+dna_LID+prot_LLR
Train1Val_ClinVarHQ,mean,bio_core_dna_prot_spliceai_geom,nt_v2_500m,esm1b_650m,Pure_XGBoost_Concat,0.889,0.9963,0.7787,0.9972,0.8742,0.7965,0.9805,0.9825,dna_LLR+dna_LVD_Cosine+prot_LLR+prot_LID
Train1Val_ClinVarHQ,mean,bio_core_dna_prot_spliceai_geom,nt_v2_500m,esm1b_650m,Pure_XGBoost_Concat,0.889,0.9963,0.7787,0.9972,0.8742,0.7965,0.9789,0.981,dna_LLR+dna_LID+prot_LLR+prot_LVD_L2
Train1Val_ClinVarHQ,mean,bio_core_dna_prot_spliceai_geom,nt_v2_500m,esm1b_650m,Pure_XGBoost_Concat,0.889,0.9963,0.7787,0.9972,0.8742,0.7965,0.9806,0.983,dna_LLR+dna_LVD_L2+prot_LLR+prot_LVD_Cosine+prot_LID
Train1Val_ClinVarHQ,mean,bio_core_dna_prot_spliceai_geom,nt_v2_500m,esm1b_650m,Pure_XGBoost_Concat,0.889,0.9963,0.7787,0.9972,0.8742,0.7965,0.981,0.9827,dna_LVD_L2+dna_LVD_Cosine+dna_LID+prot_LLR+prot_LVD_Cosine
Train1Val_ClinVarHQ,mean,bio_core_dna_prot_spliceai_geom,nt_v2_500m,esm1b_650m,Pure_XGBoost_Concat,0.889,0.9963,0.7787,0.9972,0.8742,0.7965,0.9788,0.9813,dna_LLR+dna_LVD_L2+dna_LVD_Cosine+dna_LID+prot_LLR+prot_LVD_L2
Train1Val_ClinVarHQ,mean,bio_core_dna_prot_spliceai_geom,nt_v2_500m,esm1b_650m,Pure_XGBoost_Concat,0.889,0.9963,0.7787,0.9972,0.8742,0.7965,0.9787,0.9813,dna_LLR+dna_LVD_L2+prot_LLR+prot_LVD_L2+prot_LVD_Cosine+prot_LID
Train1Val_ClinVarHQ,mean,bio_core_dna_prot_spliceai_geom,nt_v2_500m,esm1b_650m,Pure_XGBoost_Concat,0.889,0.9963,0.7787,0.9972,0.8742,0.7965,0.9785,0.9809,dna_LVD_L2+dna_LVD_Cosine+prot_LLR+prot_LVD_L2+prot_LVD_Cosine+prot_LID
Train1Val_ClinVarHQ,center,bio_core_dna_prot_spliceai,nt_v3_650m,esm1b_650m,PyTorch_Transformer,0.8933,0.9659,0.8132,0.9718,0.883,0.7961,0.9811,0.9817,
Train1Val_ClinVarHQ,center,bio_core_dna_prot,nt_v3_650m,esm1v_650m,PyTorch_Concat,0.8933,0.9659,0.8132,0.9718,0.883,0.7961,0.9753,0.9755,
Train1Val_ClinVarHQ,cls,bio_core_prot_spliceai,,esm2_650m,PyTorch_Concat,0.8933,0.9659,0.8132,0.9718,0.883,0.7961,0.9768,0.978,
Train1Val_ClinVarHQ,center,bio_core_dna_spliceai,nt_v1_500m,,Pure_XGBoost_Concat,0.8947,0.9536,0.8276,0.9606,0.8862,0.796,0.9722,0.9727,
Train1Val_ClinVarHQ,mean,bio_prot,,esm1b_650m,PyTorch_Concat,0.8919,0.9755,0.8017,0.9803,0.8801,0.7959,0.9811,0.9829,
Train1Val_ClinVarHQ,cls,bio_core_dna_prot_spliceai,nt_v1_500m,esm1b_650m,PyTorch_Concat,0.8919,0.9755,0.8017,0.9803,0.8801,0.7959,0.9794,0.9807,
Train1Val_ClinVarHQ,mean,bio_core_dna_prot_spliceai_geom,nt_v2_500m,esm1b_650m,Pure_XGBoost_Concat,0.889,0.9927,0.7816,0.9944,0.8746,0.7955,0.9798,0.9822,prot_LLR+prot_LVD_L2+prot_LID
Train1Val_ClinVarHQ,mean,bio_core_dna_prot_spliceai_geom,nt_v2_500m,esm1b_650m,Pure_XGBoost_Concat,0.889,0.9927,0.7816,0.9944,0.8746,0.7955,0.9796,0.9816,dna_LVD_L2+dna_LVD_Cosine+dna_LID+prot_LLR+prot_LVD_L2
Train1Val_ClinVarHQ,mean,bio_core_dna_prot_spliceai_geom,nt_v2_500m,esm1b_650m,Pure_XGBoost_Concat,0.889,0.9927,0.7816,0.9944,0.8746,0.7955,0.9761,0.9796,dna_LLR+dna_LVD_Cosine+dna_LID+prot_LLR+prot_LVD_L2+prot_LVD_Cosine+prot_LID
Train1Val_ClinVarHQ,center,bio_core_dna_prot_spliceai,nt_v1_500m,esmc_600m,PyTorch_Transformer,0.8933,0.9627,0.8161,0.969,0.8834,0.7954,0.9811,0.9804,
Train1Val_ClinVarHQ,cls,bio_core_dna_prot_spliceai,nt_v2_500m,esm1v_650m,PyTorch_CrossAttn,0.8933,0.9596,0.819,0.9662,0.8837,0.7947,0.9746,0.9739,
Train1Val_ClinVarHQ,mean,bio_core_dna_prot_spliceai,nt_v3_650m,esm1b_650m,PyTorch_Gating,0.889,0.9891,0.7845,0.9915,0.875,0.7945,0.9849,0.9863,
Train1Val_ClinVarHQ,cls,bio_core_dna_prot,nt_v1_500m,esm1v_650m,PyTorch_Concat,0.8919,0.969,0.8075,0.9746,0.8809,0.7943,0.9765,0.9766,
Train1Val_ClinVarHQ,mean,bio_core_dna_prot_spliceai_geom,nt_v2_500m,esm1b_650m,Pure_XGBoost_Concat,0.8876,0.9963,0.7759,0.9972,0.8724,0.7941,0.9792,0.982,dna_LLR+dna_LVD_L2+dna_LVD_Cosine+prot_LLR+prot_LID
Train1Val_ClinVarHQ,mean,bio_core_dna_prot_spliceai_geom,nt_v2_500m,esm1b_650m,Pure_XGBoost_Concat,0.8876,0.9963,0.7759,0.9972,0.8724,0.7941,0.9797,0.982,dna_LLR+dna_LVD_L2+prot_LLR+prot_LVD_L2+prot_LID
Train1Val_ClinVarHQ,mean,bio_core_dna_prot_spliceai_geom,nt_v2_500m,esm1b_650m,Pure_XGBoost_Concat,0.8876,0.9963,0.7759,0.9972,0.8724,0.7941,0.9805,0.9824,dna_LLR+dna_LVD_Cosine+dna_LID+prot_LVD_L2+prot_LVD_Cosine
Train1Val_ClinVarHQ,mean,bio_core_dna_prot_spliceai_geom,nt_v2_500m,esm1b_650m,Pure_XGBoost_Concat,0.8876,0.9963,0.7759,0.9972,0.8724,0.7941,0.9766,0.9802,dna_LLR+dna_LID+prot_LLR+prot_LVD_Cosine+prot_LID
Train1Val_ClinVarHQ,mean,bio_core_dna_prot_spliceai_geom,nt_v2_500m,esm1b_650m,Pure_XGBoost_Concat,0.8876,0.9963,0.7759,0.9972,0.8724,0.7941,0.9766,0.9801,dna_LLR+dna_LVD_L2+dna_LVD_Cosine+dna_LID+prot_LLR+prot_LID
Train1Val_ClinVarHQ,mean,bio_core_dna_prot_spliceai_geom,nt_v2_500m,esm1b_650m,Pure_XGBoost_Concat,0.8876,0.9963,0.7759,0.9972,0.8724,0.7941,0.9789,0.9818,dna_LLR+dna_LVD_Cosine+prot_LLR+prot_LVD_L2+prot_LVD_Cosine+prot_LID
Train1Val_ClinVarHQ,mean,bio_core_dna_prot_spliceai_geom,nt_v2_500m,esm1b_650m,Pure_XGBoost_Concat,0.8876,0.9963,0.7759,0.9972,0.8724,0.7941,0.9758,0.9798,dna_LVD_Cosine+dna_LID+prot_LLR+prot_LVD_L2+prot_LVD_Cosine+prot_LID
Train1Val_ClinVarHQ,mean,bio_core_dna_spliceai,nt_v1_500m,,Hybrid_Concat_XGBoost,0.8947,0.9419,0.8391,0.9493,0.8875,0.7939,0.9707,0.9725,
Train1Val_ClinVarHQ,center,bio_dna_prot,nt_v3_650m,esmc_600m,PyTorch_CrossAttn,0.8905,0.9754,0.7989,0.9803,0.8784,0.7934,0.9825,0.9829,
Train1Val_ClinVarHQ,mean,bio_core_dna_prot,nt_v1_500m,esm1v_650m,PyTorch_Transformer,0.8905,0.9754,0.7989,0.9803,0.8784,0.7934,0.9816,0.9818,
Train1Val_ClinVarHQ,mean,bio_geom_prot,nt_v3_650m,esm1b_650m,Pure_XGBoost_Concat,0.8876,0.9927,0.7787,0.9944,0.8728,0.7931,0.979,0.9817,
Train1Val_ClinVarHQ,mean,bio_core_dna_prot_spliceai_geom,nt_v2_500m,esm1b_650m,Pure_XGBoost_Concat,0.8876,0.9927,0.7787,0.9944,0.8728,0.7931,0.9805,0.9825,dna_LVD_L2+prot_LLR+prot_LVD_Cosine+prot_LID
Train1Val_ClinVarHQ,mean,bio_core_dna_prot_spliceai_geom,nt_v2_500m,esm1b_650m,Pure_XGBoost_Concat,0.8876,0.9927,0.7787,0.9944,0.8728,0.7931,0.9786,0.9811,dna_LVD_L2+prot_LLR+prot_LVD_L2+prot_LVD_Cosine+prot_LID
Train1Val_ClinVarHQ,mean,bio_core_dna_prot_spliceai_geom,nt_v2_500m,esm1b_650m,Pure_XGBoost_Concat,0.8876,0.9927,0.7787,0.9944,0.8728,0.7931,0.9763,0.9796,dna_LVD_Cosine+dna_LID+prot_LLR+prot_LVD_L2+prot_LID
Train1Val_ClinVarHQ,mean,bio_core_dna_prot_spliceai_geom,nt_v2_500m,esm1b_650m,Pure_XGBoost_Concat,0.8876,0.9927,0.7787,0.9944,0.8728,0.7931,0.9797,0.9821,dna_LVD_Cosine+prot_LLR+prot_LVD_L2+prot_LVD_Cosine+prot_LID
Train1Val_ClinVarHQ,cls,bio_core_dna_spliceai,nt_v2_500m,,Hybrid_Concat_XGBoost,0.8919,0.9626,0.8132,0.969,0.8816,0.7929,0.9688,0.9709,
Train1Val_ClinVarHQ,mean,bio_core_dna_spliceai,nt_v3_650m,,Hybrid_Concat_XGBoost,0.8933,0.9505,0.8276,0.9577,0.8848,0.7929,0.9734,0.9748,
Train1Val_ClinVarHQ,cls,bio_dna_prot,nt_v3_650m,esm1b_650m,PyTorch_Gating,0.889,0.9821,0.7902,0.9859,0.8758,0.7927,0.9823,0.9836,
Train1Val_ClinVarHQ,mean,bio_core_dna_prot_spliceai,nt_v1_500m,esm2_650m,PyTorch_Transformer,0.8905,0.9721,0.8017,0.9775,0.8787,0.7926,0.9802,0.9802,
Train1Val_ClinVarHQ,cls,bio,,,Pure_XGBoost_Concat,0.8947,0.9308,0.8506,0.938,0.8889,0.7922,0.9704,0.9721,
Train1Val_ClinVarHQ,cls,bio,,,Pure_XGBoost_Concat,0.8947,0.9308,0.8506,0.938,0.8889,0.7922,0.9704,0.9721,
Train1Val_ClinVarHQ,mean,bio_core_dna_prot_spliceai_geom,nt_v2_500m,esm1b_650m,Pure_XGBoost_Concat,0.8876,0.9891,0.7816,0.9915,0.8732,0.7921,0.9783,0.9809,dna_LVD_Cosine+dna_LID+prot_LLR
Train1Val_ClinVarHQ,center,bio_core_dna_prot_spliceai,nt_v1_500m,esm2_650m,PyTorch_CrossAttn,0.889,0.9787,0.7931,0.9831,0.8762,0.7918,0.982,0.9821,
Train1Val_ClinVarHQ,mean,bio_core_dna_prot_spliceai,nt_v3_650m,esm1v_650m,PyTorch_Transformer,0.8905,0.9689,0.8046,0.9746,0.8791,0.7918,0.9773,0.9768,
Train1Val_ClinVarHQ,mean,bio_core_dna_prot_spliceai_geom,nt_v2_500m,esm1b_650m,Pure_XGBoost_Concat,0.8862,0.9963,0.773,0.9972,0.8706,0.7917,0.9793,0.9816,dna_LVD_Cosine+prot_LLR+prot_LID
Train1Val_ClinVarHQ,mean,bio_core_dna_prot_spliceai_geom,nt_v2_500m,esm1b_650m,Pure_XGBoost_Concat,0.8862,0.9963,0.773,0.9972,0.8706,0.7917,0.9796,0.9818,dna_LLR+dna_LVD_L2+prot_LLR+prot_LID
Train1Val_ClinVarHQ,mean,bio_core_dna_prot_spliceai_geom,nt_v2_500m,esm1b_650m,Pure_XGBoost_Concat,0.8862,0.9963,0.773,0.9972,0.8706,0.7917,0.977,0.9802,dna_LVD_L2+dna_LID+prot_LLR+prot_LID
Train1Val_ClinVarHQ,mean,bio_core_dna_prot_spliceai_geom,nt_v2_500m,esm1b_650m,Pure_XGBoost_Concat,0.8862,0.9963,0.773,0.9972,0.8706,0.7917,0.9804,0.9824,dna_LVD_Cosine+prot_LLR+prot_LVD_L2+prot_LID
Train1Val_ClinVarHQ,mean,bio_core_dna_prot_spliceai_geom,nt_v2_500m,esm1b_650m,Pure_XGBoost_Concat,0.8862,0.9963,0.773,0.9972,0.8706,0.7917,0.9799,0.982,dna_LLR+dna_LVD_L2+dna_LVD_Cosine+prot_LLR+prot_LVD_Cosine+prot_LID
Train1Val_ClinVarHQ,mean,bio_core_dna_prot_spliceai_geom,nt_v2_500m,esm1b_650m,Pure_XGBoost_Concat,0.8876,0.9856,0.7845,0.9887,0.8736,0.7912,0.978,0.9806,dna_LID+prot_LLR
Train1Val_ClinVarHQ,cls,bio_core_dna_prot,nt_v1_500m,esm1v_650m,PyTorch_CrossAttn,0.8905,0.9656,0.8075,0.9718,0.8795,0.7911,0.9765,0.9766,
Train1Val_ClinVarHQ,mean,bio_core_dna_spliceai,nt_v2_500m,,Pure_XGBoost_Concat,0.8919,0.9533,0.8218,0.9606,0.8827,0.7909,0.9683,0.9693,
Train1Val_ClinVarHQ,mean,bio_core_dna_prot_spliceai_geom,nt_v2_500m,esm1b_650m,Pure_XGBoost_Concat,0.8862,0.9926,0.7759,0.9944,0.871,0.7907,0.9787,0.9812,dna_LLR+prot_LLR+prot_LID
Train1Val_ClinVarHQ,mean,bio_core_dna_prot_spliceai_geom,nt_v2_500m,esm1b_650m,Pure_XGBoost_Concat,0.8862,0.9926,0.7759,0.9944,0.871,0.7907,0.9775,0.9804,prot_LLR+prot_LVD_Cosine+prot_LID
Train1Val_ClinVarHQ,mean,bio_core_dna_prot_spliceai_geom,nt_v2_500m,esm1b_650m,Pure_XGBoost_Concat,0.8862,0.9926,0.7759,0.9944,0.871,0.7907,0.9791,0.9814,dna_LVD_L2+prot_LLR+prot_LVD_L2+prot_LID
Train1Val_ClinVarHQ,mean,bio_core_dna_prot_spliceai_geom,nt_v2_500m,esm1b_650m,Pure_XGBoost_Concat,0.8862,0.9926,0.7759,0.9944,0.871,0.7907,0.9765,0.9794,dna_LLR+dna_LVD_L2+dna_LID+prot_LLR+prot_LVD_Cosine+prot_LID
Train1Val_ClinVarHQ,center,bio_core_dna_spliceai,nt_v2_500m,,Hybrid_Concat_XGBoost,0.8919,0.9474,0.8276,0.9549,0.8834,0.7897,0.9705,0.9707,
Train1Val_ClinVarHQ,mean,bio_core_dna_prot_spliceai_geom,nt_v2_500m,esm1b_650m,Pure_XGBoost_Concat,0.8862,0.9891,0.7787,0.9915,0.8714,0.7897,0.9742,0.9786,dna_LVD_L2+dna_LVD_Cosine+dna_LID+prot_LLR+prot_LVD_L2+prot_LID
Train1Val_ClinVarHQ,mean,bio_core_dna_prot_spliceai_geom,nt_v2_500m,esm1b_650m,Pure_XGBoost_Concat,0.8862,0.9891,0.7787,0.9915,0.8714,0.7897,0.9773,0.9803,dna_LLR+dna_LVD_L2+dna_LVD_Cosine+dna_LID+prot_LLR+prot_LVD_L2+prot_LID
Train1Val_ClinVarHQ,center,bio_core_dna_prot_spliceai,nt_v1_500m,esmc_600m,PyTorch_Gating,0.8876,0.9786,0.7902,0.9831,0.8744,0.7893,0.9813,0.9818,
Train1Val_ClinVarHQ,center,bio_core_dna_prot,nt_v3_650m,esm1v_650m,PyTorch_Transformer,0.889,0.9688,0.8017,0.9746,0.8774,0.7893,0.9798,0.9802,
Train1Val_ClinVarHQ,mean,bio_core_prot_spliceai,,esm1v_650m,PyTorch_Concat,0.889,0.9688,0.8017,0.9746,0.8774,0.7893,0.9778,0.9781,
Train1Val_ClinVarHQ,mean,bio_core_dna_prot_spliceai,nt_v2_500m,esm1v_650m,PyTorch_CrossAttn,0.8876,0.9786,0.7902,0.9831,0.8744,0.7893,0.9818,0.9817,
Train1Val_ClinVarHQ,mean,bio_core_dna_prot_spliceai_geom,nt_v2_500m,esm1b_650m,Pure_XGBoost_Concat,0.8848,0.9963,0.7701,0.9972,0.8687,0.7893,0.9788,0.9814,dna_LLR+dna_LVD_L2+dna_LID+prot_LLR+prot_LVD_Cosine
Train1Val_ClinVarHQ,mean,bio_core_dna_prot_spliceai_geom,nt_v2_500m,esm1b_650m,Pure_XGBoost_Concat,0.8848,0.9963,0.7701,0.9972,0.8687,0.7893,0.9775,0.9805,dna_LVD_L2+dna_LID+prot_LLR+prot_LVD_L2+prot_LID
Train1Val_ClinVarHQ,mean,bio_core_dna_prot_spliceai_geom,nt_v2_500m,esm1b_650m,Pure_XGBoost_Concat,0.8848,0.9963,0.7701,0.9972,0.8687,0.7893,0.9765,0.9799,dna_LVD_L2+dna_LID+prot_LLR+prot_LVD_L2+prot_LVD_Cosine+prot_LID
Train1Val_ClinVarHQ,mean,bio_core_dna_prot_spliceai_geom,nt_v2_500m,esm1b_650m,Pure_XGBoost_Concat,0.8848,0.9963,0.7701,0.9972,0.8687,0.7893,0.9784,0.981,dna_LLR+dna_LVD_L2+dna_LID+prot_LLR+prot_LVD_L2+prot_LVD_Cosine+prot_LID
Train1Val_ClinVarHQ,mean,bio_core_dna_spliceai,nt_v2_500m,,Hybrid_Concat_XGBoost,0.8919,0.9444,0.8305,0.9521,0.8838,0.7892,0.9695,0.9691,
Train1Val_ClinVarHQ,mean,bio_core_dna_prot_spliceai_geom,nt_v2_500m,esm1b_650m,Pure_XGBoost_Concat,0.8862,0.9855,0.7816,0.9887,0.8718,0.7887,0.9772,0.9802,dna_LLR+dna_LVD_L2+dna_LVD_Cosine+dna_LID+prot_LLR
Train1Val_ClinVarHQ,mean,bio_core_dna_prot_spliceai_geom,nt_v2_500m,esm1b_650m,Pure_XGBoost_Concat,0.8862,0.9855,0.7816,0.9887,0.8718,0.7887,0.977,0.9799,dna_LLR+dna_LVD_L2+dna_LID+prot_LLR+prot_LVD_L2+prot_LVD_Cosine
Train1Val_ClinVarHQ,center,bio_core_dna_prot,nt_v1_500m,esm1v_650m,PyTorch_CrossAttn,0.889,0.9655,0.8046,0.9718,0.8777,0.7886,0.9807,0.9808,
Train1Val_ClinVarHQ,cls,bio_core_dna_prot_spliceai,nt_v3_650m,esmc_600m,PyTorch_Gating,0.8876,0.9753,0.7931,0.9803,0.8748,0.7885,0.9785,0.9791,
Train1Val_ClinVarHQ,cls,bio_core_dna_prot_spliceai,nt_v1_500m,esm1v_650m,PyTorch_CrossAttn,0.8905,0.9532,0.819,0.9606,0.881,0.7883,0.9729,0.9712,
Train1Val_ClinVarHQ,mean,bio_core_dna_prot_spliceai_geom,nt_v2_500m,esm1b_650m,Pure_XGBoost_Concat,0.8848,0.9926,0.773,0.9944,0.8691,0.7883,0.9816,0.9832,dna_LVD_L2+dna_LVD_Cosine+dna_LID
Train1Val_ClinVarHQ,mean,bio_core_dna_prot_spliceai_geom,nt_v2_500m,esm1b_650m,Pure_XGBoost_Concat,0.8848,0.9926,0.773,0.9944,0.8691,0.7883,0.9786,0.9808,dna_LLR+dna_LVD_L2+dna_LID+prot_LLR
Train1Val_ClinVarHQ,mean,bio_core_dna_prot_spliceai_geom,nt_v2_500m,esm1b_650m,Pure_XGBoost_Concat,0.8848,0.9926,0.773,0.9944,0.8691,0.7883,0.9779,0.9809,dna_LVD_L2+dna_LVD_Cosine+dna_LID+prot_LLR
Train1Val_ClinVarHQ,mean,bio_core_dna_prot_spliceai_geom,nt_v2_500m,esm1b_650m,Pure_XGBoost_Concat,0.8848,0.9926,0.773,0.9944,0.8691,0.7883,0.9775,0.9806,dna_LLR+dna_LVD_L2+dna_LID+prot_LLR+prot_LID
Train1Val_ClinVarHQ,mean,bio_core_dna_prot_spliceai_geom,nt_v2_500m,esm1b_650m,Pure_XGBoost_Concat,0.8848,0.9926,0.773,0.9944,0.8691,0.7883,0.9778,0.9807,dna_LLR+dna_LID+prot_LLR+prot_LVD_L2+prot_LID
Train1Val_ClinVarHQ,mean,bio_core_dna_prot_spliceai_geom,nt_v2_500m,esm1b_650m,Pure_XGBoost_Concat,0.8848,0.9926,0.773,0.9944,0.8691,0.7883,0.9777,0.9806,dna_LLR+dna_LVD_Cosine+dna_LID+prot_LLR+prot_LVD_Cosine+prot_LID
Train1Val_ClinVarHQ,cls,bio_core_dna_prot_spliceai,nt_v3_650m,esmc_600m,PyTorch_Concat,0.8862,0.982,0.7845,0.9859,0.8722,0.7878,0.9831,0.9832,
Train1Val_ClinVarHQ,cls,bio_core_dna_prot,nt_v3_650m,esm1v_650m,PyTorch_CrossAttn,0.889,0.9623,0.8075,0.969,0.8781,0.7878,0.9728,0.9735,
Train1Val_ClinVarHQ,center,bio_core_dna_prot_spliceai,nt_v1_500m,esm1b_650m,PyTorch_CrossAttn,0.8876,0.9719,0.796,0.9775,0.8752,0.7876,0.9827,0.9833,
Train1Val_ClinVarHQ,center,bio_core_dna_prot_spliceai,nt_v2_500m,esmc_600m,PyTorch_CrossAttn,0.8876,0.9719,0.796,0.9775,0.8752,0.7876,0.9815,0.9815,
Train1Val_ClinVarHQ,mean,bio_core_dna_prot_spliceai,nt_v1_500m,esmc_600m,PyTorch_CrossAttn,0.8876,0.9719,0.796,0.9775,0.8752,0.7876,0.9804,0.9818,
Train1Val_ClinVarHQ,mean,bio_core_dna_prot,nt_v2_500m,esm1v_650m,PyTorch_Transformer,0.8876,0.9719,0.796,0.9775,0.8752,0.7876,0.9819,0.9818,
Train1Val_ClinVarHQ,mean,bio_core_dna_prot_spliceai_geom,nt_v2_500m,esm1b_650m,Pure_XGBoost_Concat,0.8848,0.989,0.7759,0.9915,0.8696,0.7873,0.9788,0.9807,dna_LVD_Cosine+prot_LLR+prot_LVD_Cosine+prot_LID
Train1Val_ClinVarHQ,cls,bio_core_dna_prot_spliceai,nt_v2_500m,esmc_600m,PyTorch_Concat,0.889,0.9592,0.8103,0.9662,0.8785,0.7871,0.972,0.9705,
Train1Val_ClinVarHQ,cls,bio_core_dna_prot_spliceai,nt_v1_500m,esmc_600m,PyTorch_Gating,0.8862,0.9786,0.7874,0.9831,0.8726,0.7869,0.9801,0.9808,
Train1Val_ClinVarHQ,mean,bio_core_dna_prot_spliceai,nt_v1_500m,esm1v_650m,PyTorch_Transformer,0.8862,0.9786,0.7874,0.9831,0.8726,0.7869,0.9814,0.9811,
Train1Val_ClinVarHQ,mean,bio_core_dna_prot_spliceai_geom,nt_v2_500m,esm1b_650m,Pure_XGBoost_Concat,0.8834,0.9963,0.7672,0.9972,0.8669,0.7869,0.9777,0.9806,dna_LLR+dna_LVD_L2+dna_LID+prot_LLR+prot_LVD_L2+prot_LID
Train1Val_ClinVarHQ,cls,bio_core_dna_prot_spliceai,nt_v3_650m,esm1v_650m,PyTorch_Concat,0.8876,0.9654,0.8017,0.9718,0.876,0.786,0.9738,0.9721,
Train1Val_ClinVarHQ,cls,bio_core_dna_prot_spliceai,nt_v2_500m,esmc_600m,PyTorch_CrossAttn,0.8876,0.9654,0.8017,0.9718,0.876,0.786,0.9743,0.9747,
Train1Val_ClinVarHQ,cls,bio_geom_prot,nt_v3_650m,esm1b_650m,Pure_XGBoost_Concat,0.8834,0.9926,0.7701,0.9944,0.8673,0.7859,0.9768,0.9804,
Train1Val_ClinVarHQ,mean,bio_core_dna_prot_spliceai_geom,nt_v2_500m,esm1b_650m,Pure_XGBoost_Concat,0.8834,0.9926,0.7701,0.9944,0.8673,0.7859,0.9774,0.9802,dna_LID+prot_LLR+prot_LID
Train1Val_ClinVarHQ,mean,bio_core_dna_prot_spliceai_geom,nt_v2_500m,esm1b_650m,Pure_XGBoost_Concat,0.8834,0.9926,0.7701,0.9944,0.8673,0.7859,0.9769,0.98,dna_LVD_L2+dna_LVD_Cosine+dna_LID+prot_LLR+prot_LID
Train1Val_ClinVarHQ,center,bio,,,Pure_XGBoost_Concat,0.8919,0.9224,0.8534,0.9296,0.8866,0.7858,0.9682,0.9696,
Train1Val_ClinVarHQ,center,bio,,,Pure_XGBoost_Concat,0.8919,0.9224,0.8534,0.9296,0.8866,0.7858,0.9682,0.9696,
Train1Val_ClinVarHQ,cls,bio_core_dna_prot_spliceai,nt_v1_500m,esm1v_650m,PyTorch_Gating,0.8876,0.9622,0.8046,0.969,0.8764,0.7853,0.9698,0.9694,
Train1Val_ClinVarHQ,cls,bio_core_dna_prot,nt_v2_500m,esm1v_650m,PyTorch_Gating,0.8862,0.9718,0.7931,0.9775,0.8734,0.7851,0.9767,0.9754,
Train1Val_ClinVarHQ,mean,bio_core_dna_prot_spliceai_geom,nt_v2_500m,esm1b_650m,Pure_XGBoost_Concat,0.8834,0.989,0.773,0.9915,0.8677,0.7848,0.9763,0.9797,dna_LVD_L2+dna_LID+prot_LLR+prot_LVD_Cosine+prot_LID
Train1Val_ClinVarHQ,mean,bio_core_dna_prot_spliceai_geom,nt_v2_500m,esm1b_650m,Pure_XGBoost_Concat,0.8834,0.989,0.773,0.9915,0.8677,0.7848,0.9765,0.9795,dna_LVD_L2+dna_LVD_Cosine+dna_LID+prot_LLR+prot_LVD_L2+prot_LVD_Cosine+prot_LID
Train1Val_ClinVarHQ,center,bio_core_dna_prot,nt_v1_500m,esm1v_650m,PyTorch_Gating,0.8876,0.959,0.8075,0.9662,0.8768,0.7846,0.9783,0.9788,
Train1Val_ClinVarHQ,mean,bio_core_dna_prot_spliceai_geom,nt_v2_500m,esm1b_650m,Pure_XGBoost_Concat,0.8819,0.9963,0.7644,0.9972,0.865,0.7845,0.9788,0.9811,prot_LLR+prot_LID
Train1Val_ClinVarHQ,cls,bio_core_dna_prot_spliceai,nt_v3_650m,esm1b_650m,PyTorch_Concat,0.8848,0.9785,0.7845,0.9831,0.8708,0.7844,0.9795,0.9807,
Train1Val_ClinVarHQ,mean,bio_core_dna_prot_spliceai_geom,nt_v2_500m,esm1b_650m,Pure_XGBoost_Concat,0.8834,0.9854,0.7759,0.9887,0.8682,0.7838,0.9784,0.9809,dna_LLR+prot_LLR+prot_LVD_Cosine+prot_LID
Train1Val_ClinVarHQ,mean,bio_dna_geom_prot,nt_v3_650m,esm1b_650m,Pure_XGBoost_Concat,0.8819,0.9926,0.7672,0.9944,0.8655,0.7835,0.9781,0.9809,
Train1Val_ClinVarHQ,cls,bio_core_dna_prot,nt_v3_650m,esm1v_650m,PyTorch_Transformer,0.8862,0.9653,0.7989,0.9718,0.8742,0.7835,0.9763,0.9752,
Train1Val_ClinVarHQ,mean,bio_core_dna_prot_spliceai_geom,nt_v2_500m,esm1b_650m,Pure_XGBoost_Concat,0.8819,0.9926,0.7672,0.9944,0.8655,0.7835,0.9807,0.9823,dna_LVD_L2+dna_LID+prot_LVD_L2
Train1Val_ClinVarHQ,mean,bio_core_dna_prot_spliceai_geom,nt_v2_500m,esm1b_650m,Pure_XGBoost_Concat,0.8819,0.9926,0.7672,0.9944,0.8655,0.7835,0.9774,0.9802,dna_LVD_Cosine+dna_LID+prot_LLR+prot_LID
Train1Val_ClinVarHQ,mean,bio_core_dna_prot_spliceai_geom,nt_v2_500m,esm1b_650m,Pure_XGBoost_Concat,0.8819,0.9926,0.7672,0.9944,0.8655,0.7835,0.9783,0.9808,dna_LLR+dna_LVD_L2+dna_LVD_Cosine+prot_LLR+prot_LVD_L2+prot_LVD_Cosine+prot_LID
Train1Val_ClinVarHQ,mean,bio_geom,nt_v3_650m,esm1b_650m,Pure_XGBoost_Concat,0.8834,0.9819,0.7787,0.9859,0.8686,0.7829,0.9747,0.978,
Train1Val_ClinVarHQ,mean,bio_core_dna_prot_spliceai,nt_v1_500m,esmc_600m,PyTorch_Transformer,0.8834,0.9819,0.7787,0.9859,0.8686,0.7829,0.9786,0.9799,
Train1Val_ClinVarHQ,center,bio_core_dna_prot_spliceai,nt_v1_500m,esm2_650m,PyTorch_Gating,0.8862,0.9621,0.8017,0.969,0.8746,0.7828,0.9797,0.979,
Train1Val_ClinVarHQ,mean,bio,,,Hybrid_Concat_XGBoost,0.8876,0.9498,0.8161,0.9577,0.8779,0.7826,0.9664,0.9689,
Train1Val_ClinVarHQ,mean,bio_core_dna_prot_spliceai_geom,nt_v2_500m,esm1b_650m,Pure_XGBoost_Concat,0.8819,0.9889,0.7701,0.9915,0.8659,0.7824,0.9797,0.9821,dna_LLR+dna_LVD_L2+dna_LVD_Cosine+dna_LID
Train1Val_ClinVarHQ,mean,bio_core_dna_prot_spliceai_geom,nt_v2_500m,esm1b_650m,Pure_XGBoost_Concat,0.8819,0.9889,0.7701,0.9915,0.8659,0.7824,0.9729,0.9776,dna_LVD_Cosine+dna_LID+prot_LLR+prot_LVD_Cosine+prot_LID
Train1Val_ClinVarHQ,mean,bio_core_dna_prot_spliceai_geom,nt_v2_500m,esm1b_650m,Pure_XGBoost_Concat,0.8819,0.9889,0.7701,0.9915,0.8659,0.7824,0.9727,0.9773,dna_LLR+dna_LVD_Cosine+dna_LID+prot_LLR+prot_LVD_L2+prot_LID
Train1Val_ClinVarHQ,center,bio_core_dna_prot_spliceai,nt_v1_500m,esm1v_650m,PyTorch_Concat,0.8862,0.9589,0.8046,0.9662,0.875,0.782,0.9748,0.9753,
Train1Val_ClinVarHQ,center,bio_core_spliceai,,,Hybrid_Concat_XGBoost,0.8876,0.9439,0.8218,0.9521,0.8786,0.7814,0.9648,0.9654,
Train1Val_ClinVarHQ,mean,bio_core_dna_prot_spliceai_geom,nt_v2_500m,esm1b_650m,Pure_XGBoost_Concat,0.8819,0.9853,0.773,0.9887,0.8663,0.7814,0.9735,0.9772,dna_LID+prot_LLR+prot_LVD_L2+prot_LVD_Cosine+prot_LID
Train1Val_ClinVarHQ,mean,bio_core_dna_prot_spliceai_geom,nt_v2_500m,esm1b_650m,Pure_XGBoost_Concat,0.8805,0.9925,0.7644,0.9944,0.8636,0.7811,0.9796,0.9814,dna_LVD_L2+dna_LVD_Cosine+prot_LLR+prot_LVD_Cosine+prot_LID
Train1Val_ClinVarHQ,cls,bio_core_dna_prot_spliceai,nt_v2_500m,esm2_650m,PyTorch_Transformer,0.8834,0.9716,0.7874,0.9775,0.8698,0.7802,0.9783,0.9789,
Train1Val_ClinVarHQ,mean,bio_core_dna_prot_spliceai,nt_v3_650m,esm1v_650m,PyTorch_Concat,0.8834,0.9716,0.7874,0.9775,0.8698,0.7802,0.9776,0.9774,
Train1Val_ClinVarHQ,mean,bio_core_dna_prot_spliceai_geom,nt_v2_500m,esm1b_650m,Pure_XGBoost_Concat,0.8805,0.9889,0.7672,0.9915,0.8641,0.78,0.9804,0.983,dna_LLR+dna_LVD_Cosine+dna_LID
Train1Val_ClinVarHQ,mean,bio_core_dna_prot_spliceai_geom,nt_v2_500m,esm1b_650m,Pure_XGBoost_Concat,0.8805,0.9889,0.7672,0.9915,0.8641,0.78,0.9805,0.9821,dna_LLR+dna_LVD_L2+dna_LID+prot_LVD_L2+prot_LVD_Cosine
Train1Val_ClinVarHQ,mean,bio_core_dna_prot_spliceai_geom,nt_v2_500m,esm1b_650m,Pure_XGBoost_Concat,0.8805,0.9889,0.7672,0.9915,0.8641,0.78,0.9768,0.9798,dna_LVD_L2+dna_LVD_Cosine+dna_LID+prot_LLR+prot_LVD_Cosine+prot_LID
Train1Val_ClinVarHQ,mean,bio_core_dna_prot_spliceai_geom,nt_v2_500m,esm1b_650m,Pure_XGBoost_Concat,0.8791,0.9962,0.7586,0.9972,0.8613,0.7797,0.9775,0.9802,dna_LID+prot_LLR+prot_LVD_Cosine+prot_LID
Train1Val_ClinVarHQ,center,bio_core_dna_prot,nt_v1_500m,esm1v_650m,PyTorch_Concat,0.8834,0.9683,0.7902,0.9746,0.8703,0.7793,0.9808,0.9807,
Train1Val_ClinVarHQ,cls,bio_core_dna_prot_spliceai,nt_v3_650m,esm1v_650m,PyTorch_Gating,0.8834,0.9683,0.7902,0.9746,0.8703,0.7793,0.9728,0.9733,
Train1Val_ClinVarHQ,mean,bio_core_dna_prot,nt_v2_500m,esm1v_650m,PyTorch_Gating,0.8834,0.9683,0.7902,0.9746,0.8703,0.7793,0.9774,0.9773,
Train1Val_ClinVarHQ,mean,bio_core_dna_prot_spliceai_geom,nt_v2_500m,esm1b_650m,Pure_XGBoost_Concat,0.8805,0.9853,0.7701,0.9887,0.8645,0.779,0.9732,0.9779,dna_LLR+dna_LID+prot_LLR+prot_LVD_L2+prot_LVD_Cosine+prot_LID
Train1Val_ClinVarHQ,center,bio_core_dna_spliceai,nt_v1_500m,,Hybrid_Concat_XGBoost,0.8848,0.9556,0.8046,0.9634,0.8736,0.7788,0.9667,0.9664,
Train1Val_ClinVarHQ,mean,bio_core_dna_prot_spliceai_geom,nt_v2_500m,esm1b_650m,Pure_XGBoost_Concat,0.8791,0.9925,0.7615,0.9944,0.8618,0.7787,0.9815,0.9832,dna_LLR+dna_LVD_L2+dna_LID
Train1Val_ClinVarHQ,mean,bio_core_dna_prot_spliceai_geom,nt_v2_500m,esm1b_650m,Pure_XGBoost_Concat,0.8791,0.9925,0.7615,0.9944,0.8618,0.7787,0.9798,0.9824,dna_LLR+dna_LVD_Cosine+dna_LID+prot_LVD_Cosine
Train1Val_ClinVarHQ,mean,bio_core_dna_prot_spliceai_geom,nt_v2_500m,esm1b_650m,Pure_XGBoost_Concat,0.8791,0.9925,0.7615,0.9944,0.8618,0.7787,0.9799,0.982,dna_LLR+dna_LVD_L2+dna_LVD_Cosine+dna_LID+prot_LVD_L2
Train1Val_ClinVarHQ,mean,bio_core_dna_prot_spliceai_geom,nt_v2_500m,esm1b_650m,Pure_XGBoost_Concat,0.8791,0.9888,0.7644,0.9915,0.8622,0.7776,0.9814,0.9831,dna_LVD_L2+dna_LVD_Cosine+dna_LID+prot_LVD_L2+prot_LVD_Cosine
Train1Val_ClinVarHQ,mean,bio_core_dna_prot_spliceai_geom,nt_v2_500m,esm1b_650m,Pure_XGBoost_Concat,0.8777,0.9962,0.7557,0.9972,0.8595,0.7774,0.9782,0.9809,dna_LLR+dna_LVD_L2+dna_LVD_Cosine+dna_LID+prot_LLR+prot_LVD_L2+prot_LVD_Cosine+prot_LID
Train1Val_ClinVarHQ,cls,bio_core_dna_prot,nt_v3_650m,esm1v_650m,PyTorch_Concat,0.8805,0.9783,0.7759,0.9831,0.8654,0.7771,0.9698,0.966,
Train1Val_ClinVarHQ,cls,bio_core_dna_prot_spliceai,nt_v1_500m,esm1v_650m,PyTorch_Concat,0.8834,0.9586,0.7989,0.9662,0.8715,0.777,0.9702,0.9692,
Train1Val_ClinVarHQ,mean,bio_core_dna_spliceai,nt_v3_650m,,PyTorch_Concat,0.8791,0.9852,0.7672,0.9887,0.8627,0.7766,0.9764,0.9773,
Train1Val_ClinVarHQ,mean,bio_core_dna_prot_spliceai_geom,nt_v2_500m,esm1b_650m,Pure_XGBoost_Concat,0.8777,0.9925,0.7586,0.9944,0.8599,0.7763,0.9803,0.9822,dna_LLR+dna_LID+prot_LVD_Cosine
Train1Val_ClinVarHQ,mean,bio_core_dna_prot_spliceai_geom,nt_v2_500m,esm1b_650m,Pure_XGBoost_Concat,0.8777,0.9925,0.7586,0.9944,0.8599,0.7763,0.9809,0.9827,dna_LID+prot_LVD_L2+prot_LVD_Cosine
Train1Val_ClinVarHQ,mean,bio_core_dna_prot_spliceai_geom,nt_v2_500m,esm1b_650m,Pure_XGBoost_Concat,0.8777,0.9925,0.7586,0.9944,0.8599,0.7763,0.9807,0.983,dna_LLR+dna_LVD_Cosine+dna_LID+prot_LVD_L2
Train1Val_ClinVarHQ,cls,bio_core_dna_prot_spliceai,nt_v1_500m,esmc_600m,PyTorch_CrossAttn,0.8805,0.9748,0.7787,0.9803,0.8658,0.7761,0.9767,0.9784,
Train1Val_ClinVarHQ,mean,bio_core_dna_prot_spliceai_geom,nt_v2_500m,esm1b_650m,Pure_XGBoost_Concat,0.8762,1.0,0.75,1.0,0.8571,0.7761,0.9813,0.9834,prot_LVD_L2+prot_LID
Train1Val_ClinVarHQ,mean,bio_dna_geom,nt_v3_650m,esm1b_650m,Pure_XGBoost_Concat,0.8791,0.9817,0.7701,0.9859,0.8631,0.7756,0.9757,0.9784,
Train1Val_ClinVarHQ,cls,bio_core_dna_prot_spliceai,nt_v3_650m,esmc_600m,PyTorch_Transformer,0.8805,0.9714,0.7816,0.9775,0.8662,0.7752,0.9807,0.9811,
Train1Val_ClinVarHQ,mean,bio_core_dna_prot_spliceai_geom,nt_v2_500m,esm1b_650m,Pure_XGBoost_Concat,0.8777,0.9888,0.7615,0.9915,0.8604,0.7752,0.9806,0.9823,dna_LLR+dna_LVD_L2+dna_LVD_Cosine+dna_LID+prot_LVD_Cosine
Train1Val_ClinVarHQ,mean,bio_core_dna_prot_spliceai_geom,nt_v2_500m,esm1b_650m,Pure_XGBoost_Concat,0.8762,0.9962,0.7529,0.9972,0.8576,0.775,0.9824,0.9838,dna_LVD_Cosine+dna_LID
Train1Val_ClinVarHQ,cls,bio_core_dna_prot,nt_v3_650m,esm1v_650m,PyTorch_Gating,0.8805,0.9681,0.7845,0.9746,0.8667,0.7744,0.9717,0.9715,
Train1Val_ClinVarHQ,mean,bio_dna,nt_v3_650m,,Hybrid_Concat_XGBoost,0.8848,0.932,0.8276,0.9408,0.8767,0.7741,0.9702,0.9705,
Train1Val_ClinVarHQ,mean,bio_core_dna_prot_spliceai_geom,nt_v2_500m,esm1b_650m,Pure_XGBoost_Concat,0.8762,0.9925,0.7557,0.9944,0.8581,0.7739,0.9809,0.9825,dna_LLR+dna_LID
Train1Val_ClinVarHQ,mean,bio_core_dna_prot_spliceai_geom,nt_v2_500m,esm1b_650m,Pure_XGBoost_Concat,0.8762,0.9925,0.7557,0.9944,0.8581,0.7739,0.9802,0.9822,dna_LLR+dna_LID+prot_LVD_L2
Train1Val_ClinVarHQ,mean,bio_core_dna_prot_spliceai_geom,nt_v2_500m,esm1b_650m,Pure_XGBoost_Concat,0.8762,0.9925,0.7557,0.9944,0.8581,0.7739,0.9797,0.982,dna_LVD_Cosine+dna_LID+prot_LVD_Cosine
Train1Val_ClinVarHQ,mean,bio_core_dna_prot_spliceai_geom,nt_v2_500m,esm1b_650m,Pure_XGBoost_Concat,0.8762,0.9925,0.7557,0.9944,0.8581,0.7739,0.9797,0.9816,dna_LLR+dna_LVD_L2+dna_LVD_Cosine+dna_LID+prot_LVD_L2+prot_LVD_Cosine
Train1Val_ClinVarHQ,mean,bio_core_dna_prot_spliceai_geom,nt_v2_500m,esm1b_650m,Pure_XGBoost_Concat,0.8762,0.9888,0.7586,0.9915,0.8585,0.7728,0.9791,0.9814,dna_LLR+dna_LVD_L2+dna_LID+prot_LVD_L2
Train1Val_ClinVarHQ,mean,bio_core_dna_prot_spliceai_geom,nt_v2_500m,esm1b_650m,Pure_XGBoost_Concat,0.8762,0.9888,0.7586,0.9915,0.8585,0.7728,0.9813,0.9825,dna_LVD_L2+dna_LVD_Cosine+dna_LID+prot_LVD_Cosine
Train1Val_ClinVarHQ,mean,bio_core_dna_prot,nt_v1_500m,esm1v_650m,PyTorch_CrossAttn,0.8791,0.968,0.7816,0.9746,0.8649,0.7719,0.9797,0.9798,
Train1Val_ClinVarHQ,mean,bio_core_dna_prot_spliceai_geom,nt_v2_500m,esm1b_650m,Pure_XGBoost_Concat,0.8734,1.0,0.7443,1.0,0.8534,0.7714,0.9801,0.9826,dna_LLR+prot_LID
Train1Val_ClinVarHQ,mean,bio_core_dna_prot_spliceai_geom,nt_v2_500m,esm1b_650m,Pure_XGBoost_Concat,0.8748,0.9887,0.7557,0.9915,0.8567,0.7704,0.9821,0.9838,dna_LLR+dna_LID+prot_LVD_L2+prot_LVD_Cosine
Train1Val_ClinVarHQ,mean,bio_core_dna_prot_spliceai_geom,nt_v2_500m,esm1b_650m,Pure_XGBoost_Concat,0.8748,0.9887,0.7557,0.9915,0.8567,0.7704,0.9799,0.9817,dna_LVD_L2+dna_LVD_Cosine+dna_LID+prot_LVD_L2
Train1Val_ClinVarHQ,center,bio_core_dna_prot_spliceai,nt_v3_650m,esm1v_650m,PyTorch_CrossAttn,0.8777,0.9712,0.7759,0.9775,0.8626,0.7703,0.9808,0.9806,
Train1Val_ClinVarHQ,mean,bio_dna,nt_v3_650m,,PyTorch_Concat,0.8748,0.9851,0.7586,0.9887,0.8571,0.7693,0.9789,0.9802,
Train1Val_ClinVarHQ,mean,bio_core_dna_prot_spliceai_geom,nt_v2_500m,esm1b_650m,Pure_XGBoost_Concat,0.8748,0.9851,0.7586,0.9887,0.8571,0.7693,0.9815,0.9829,dna_LID+prot_LVD_Cosine
Train1Val_ClinVarHQ,mean,bio_core_dna_prot_spliceai_geom,nt_v2_500m,esm1b_650m,Pure_XGBoost_Concat,0.8734,0.9924,0.75,0.9944,0.8543,0.7691,0.9798,0.982,dna_LID
Train1Val_ClinVarHQ,mean,bio_core_dna_prot_spliceai_geom,nt_v2_500m,esm1b_650m,Pure_XGBoost_Concat,0.872,1.0,0.7414,1.0,0.8515,0.769,0.9813,0.9834,dna_LLR+dna_LVD_L2+dna_LVD_Cosine+prot_LVD_L2+prot_LID
Train1Val_ClinVarHQ,mean,bio_core_dna_prot_spliceai_geom,nt_v2_500m,esm1b_650m,Pure_XGBoost_Concat,0.872,1.0,0.7414,1.0,0.8515,0.769,0.9807,0.9826,dna_LLR+dna_LVD_Cosine+prot_LVD_L2+prot_LVD_Cosine+prot_LID
Train1Val_ClinVarHQ,cls,bio_core_prot_spliceai,,esm1v_650m,PyTorch_Concat,0.8791,0.955,0.7931,0.9634,0.8666,0.7687,0.9707,0.9692,
Train1Val_ClinVarHQ,mean,bio_core_dna_prot_spliceai_geom,nt_v2_500m,esm1b_650m,Pure_XGBoost_Concat,0.8734,0.9887,0.7529,0.9915,0.8548,0.768,0.9791,0.9814,dna_LID+prot_LVD_L2
Train1Val_ClinVarHQ,cls,bio_core_dna_prot,nt_v2_500m,esm1v_650m,PyTorch_Concat,0.8762,0.9711,0.773,0.9775,0.8608,0.7679,0.9778,0.9769,
Train1Val_ClinVarHQ,mean,bio_core_dna_prot_spliceai_geom,nt_v2_500m,esm1b_650m,Pure_XGBoost_Concat,0.872,0.9962,0.7443,0.9972,0.852,0.7679,0.9801,0.9825,dna_LLR+dna_LVD_Cosine+prot_LVD_Cosine+prot_LID
Train1Val_ClinVarHQ,mean,bio_core_dna_prot_spliceai_geom,nt_v2_500m,esm1b_650m,Pure_XGBoost_Concat,0.8734,0.985,0.7557,0.9887,0.8553,0.7669,0.9795,0.9817,dna_LVD_L2+dna_LID
Train1Val_ClinVarHQ,mean,bio_core_dna_prot_spliceai_geom,nt_v2_500m,esm1b_650m,Pure_XGBoost_Concat,0.8734,0.985,0.7557,0.9887,0.8553,0.7669,0.9809,0.9824,dna_LVD_Cosine+dna_LID+prot_LVD_L2
Train1Val_ClinVarHQ,mean,bio_core_dna_prot_spliceai_geom,nt_v2_500m,esm1b_650m,Pure_XGBoost_Concat,0.872,0.9924,0.7471,0.9944,0.8525,0.7667,0.9805,0.9823,dna_LLR+dna_LVD_L2+dna_LID+prot_LVD_Cosine
Train1Val_ClinVarHQ,mean,bio_core_dna_prot_spliceai_geom,nt_v2_500m,esm1b_650m,Pure_XGBoost_Concat,0.8706,1.0,0.7385,1.0,0.8496,0.7667,0.9804,0.9825,dna_LVD_L2+dna_LID+prot_LVD_L2+prot_LVD_Cosine+prot_LID
Train1Val_ClinVarHQ,mean,bio_core_dna_prot_spliceai,nt_v1_500m,esmc_600m,PyTorch_Concat,0.8734,0.9814,0.7586,0.9859,0.8558,0.7659,0.9803,0.9809,
Train1Val_ClinVarHQ,mean,bio_core_dna_prot_spliceai_geom,nt_v2_500m,esm1b_650m,Pure_XGBoost_Concat,0.872,0.9886,0.75,0.9915,0.8529,0.7656,0.9806,0.9819,dna_LVD_L2+dna_LID+prot_LVD_Cosine
Train1Val_ClinVarHQ,mean,bio_core_dna_prot_spliceai_geom,nt_v2_500m,esm1b_650m,Pure_XGBoost_Concat,0.872,0.9886,0.75,0.9915,0.8529,0.7656,0.978,0.9809,dna_LLR+dna_LVD_L2+prot_LVD_L2+prot_LID
Train1Val_ClinVarHQ,mean,bio_core_dna_prot_spliceai_geom,nt_v2_500m,esm1b_650m,Pure_XGBoost_Concat,0.872,0.9886,0.75,0.9915,0.8529,0.7656,0.9801,0.9823,dna_LVD_L2+dna_LID+prot_LVD_L2+prot_LVD_Cosine
Train1Val_ClinVarHQ,mean,bio_core_dna_prot_spliceai_geom,nt_v2_500m,esm1b_650m,Pure_XGBoost_Concat,0.8706,0.9961,0.7414,0.9972,0.8501,0.7655,0.9786,0.9812,dna_LVD_L2+dna_LVD_Cosine+prot_LVD_Cosine+prot_LID
Train1Val_ClinVarHQ,mean,bio_core_dna_prot_spliceai_geom,nt_v2_500m,esm1b_650m,Pure_XGBoost_Concat,0.8706,0.9961,0.7414,0.9972,0.8501,0.7655,0.9773,0.9799,dna_LVD_Cosine+dna_LID+prot_LVD_L2+prot_LVD_Cosine+prot_LID
Train1Val_ClinVarHQ,cls,bio_core_dna_spliceai,nt_v3_650m,,Pure_XGBoost_Concat,0.8791,0.9398,0.8075,0.9493,0.8686,0.7653,0.9711,0.9727,
Train1Val_ClinVarHQ,center,bio,,,Hybrid_Concat_XGBoost,0.8791,0.9369,0.8103,0.9465,0.869,0.7647,0.9647,0.9665,
Train1Val_ClinVarHQ,center,bio,,,Hybrid_Concat_XGBoost,0.8791,0.9369,0.8103,0.9465,0.869,0.7647,0.9647,0.9665,
Train1Val_ClinVarHQ,center,bio_core_dna_prot_spliceai,nt_v1_500m,esm1b_650m,PyTorch_Gating,0.8777,0.9486,0.796,0.9577,0.8656,0.7647,0.9758,0.9751,
Train1Val_ClinVarHQ,mean,bio_core_dna_prot_spliceai_geom,nt_v2_500m,esm1b_650m,Pure_XGBoost_Concat,0.8706,0.9923,0.7443,0.9944,0.8506,0.7644,0.979,0.9816,dna_LVD_L2+prot_LVD_L2+prot_LVD_Cosine+prot_LID
Train1Val_ClinVarHQ,mean,bio_core_dna_prot_spliceai_geom,nt_v2_500m,esm1b_650m,Pure_XGBoost_Concat,0.8691,1.0,0.7356,1.0,0.8477,0.7643,0.979,0.9819,dna_LLR+prot_LVD_Cosine+prot_LID
Train1Val_ClinVarHQ,mean,bio_core_dna_prot_spliceai_geom,nt_v2_500m,esm1b_650m,Pure_XGBoost_Concat,0.8691,1.0,0.7356,1.0,0.8477,0.7643,0.9785,0.9809,dna_LVD_Cosine+dna_LID+prot_LID
Train1Val_ClinVarHQ,mean,bio_core_dna_prot_spliceai_geom,nt_v2_500m,esm1b_650m,Pure_XGBoost_Concat,0.8691,1.0,0.7356,1.0,0.8477,0.7643,0.9786,0.9809,dna_LID+prot_LVD_Cosine+prot_LID
Train1Val_ClinVarHQ,mean,bio_core_dna_prot_spliceai_geom,nt_v2_500m,esm1b_650m,Pure_XGBoost_Concat,0.8691,1.0,0.7356,1.0,0.8477,0.7643,0.9805,0.9828,dna_LLR+dna_LVD_L2+prot_LVD_Cosine+prot_LID
Train1Val_ClinVarHQ,mean,bio_core_dna_prot_spliceai_geom,nt_v2_500m,esm1b_650m,Pure_XGBoost_Concat,0.8691,1.0,0.7356,1.0,0.8477,0.7643,0.98,0.9825,dna_LLR+dna_LVD_L2+dna_LVD_Cosine+prot_LVD_Cosine+prot_LID
Train1Val_ClinVarHQ,mean,bio_core_dna_prot_spliceai_geom,nt_v2_500m,esm1b_650m,Pure_XGBoost_Concat,0.8691,1.0,0.7356,1.0,0.8477,0.7643,0.9798,0.9823,dna_LLR+dna_LVD_L2+dna_LID+prot_LVD_L2+prot_LID
Train1Val_ClinVarHQ,cls,bio_core_dna_spliceai,nt_v1_500m,,Pure_XGBoost_Concat,0.8791,0.934,0.8132,0.9437,0.8694,0.7642,0.9677,0.968,
Train1Val_ClinVarHQ,cls,bio_core_dna_spliceai,nt_v3_650m,,Hybrid_Concat_XGBoost,0.8762,0.9547,0.7874,0.9634,0.863,0.7637,0.9669,0.968,
Train1Val_ClinVarHQ,cls,bio_core_dna_prot_spliceai,nt_v2_500m,esm1v_650m,PyTorch_Transformer,0.8748,0.9643,0.7759,0.9718,0.8599,0.7636,0.9727,0.9713,
Train1Val_ClinVarHQ,mean,bio_core_dna_prot_spliceai_geom,nt_v2_500m,esm1b_650m,Pure_XGBoost_Concat,0.8706,0.9886,0.7471,0.9915,0.8511,0.7632,0.9821,0.9834,dna_LVD_Cosine+dna_LID+prot_LVD_L2+prot_LVD_Cosine
Train1Val_ClinVarHQ,mean,bio_core_dna_prot_spliceai_geom,nt_v2_500m,esm1b_650m,Pure_XGBoost_Concat,0.8691,0.9961,0.7385,0.9972,0.8482,0.7631,0.9816,0.9836,dna_LLR+dna_LVD_Cosine+prot_LID
Train1Val_ClinVarHQ,mean,bio_core_dna_prot_spliceai_geom,nt_v2_500m,esm1b_650m,Pure_XGBoost_Concat,0.8677,1.0,0.7328,1.0,0.8458,0.762,0.9787,0.9813,dna_LLR+dna_LID+prot_LID
Train1Val_ClinVarHQ,mean,bio_core_dna_prot_spliceai_geom,nt_v2_500m,esm1b_650m,Pure_XGBoost_Concat,0.8677,1.0,0.7328,1.0,0.8458,0.762,0.9793,0.9816,dna_LVD_Cosine+prot_LVD_Cosine+prot_LID
Train1Val_ClinVarHQ,cls,bio_core_dna_prot_spliceai,nt_v1_500m,esmc_600m,PyTorch_Concat,0.8706,0.9813,0.7529,0.9859,0.852,0.7611,0.979,0.9798,
Train1Val_ClinVarHQ,mean,bio_core_dna_prot_spliceai_geom,nt_v2_500m,esm1b_650m,Pure_XGBoost_Concat,0.8677,0.9961,0.7356,0.9972,0.8463,0.7608,0.9813,0.9829,prot_LVD_Cosine+prot_LID
Train1Val_ClinVarHQ,mean,bio_core_dna_prot_spliceai_geom,nt_v2_500m,esm1b_650m,Pure_XGBoost_Concat,0.8691,0.9885,0.7443,0.9915,0.8492,0.7608,0.9792,0.9816,dna_LID+prot_LVD_L2+prot_LID
Train1Val_ClinVarHQ,mean,bio_core_dna_prot_spliceai_geom,nt_v2_500m,esm1b_650m,Pure_XGBoost_Concat,0.8677,0.9961,0.7356,0.9972,0.8463,0.7608,0.9762,0.9792,dna_LLR+dna_LVD_Cosine+dna_LID+prot_LID
Train1Val_ClinVarHQ,mean,bio_core_dna_prot_spliceai_geom,nt_v2_500m,esm1b_650m,Pure_XGBoost_Concat,0.8677,0.9961,0.7356,0.9972,0.8463,0.7608,0.9783,0.9811,dna_LLR+dna_LVD_Cosine+dna_LID+prot_LVD_L2+prot_LID
Train1Val_ClinVarHQ,cls,bio,,,Hybrid_Concat_XGBoost,0.8777,0.9253,0.819,0.9352,0.8689,0.76,0.9662,0.9676,
Train1Val_ClinVarHQ,cls,bio,,,Hybrid_Concat_XGBoost,0.8777,0.9253,0.819,0.9352,0.8689,0.76,0.9662,0.9676,
Train1Val_ClinVarHQ,mean,bio_core_dna_spliceai,nt_v2_500m,,PyTorch_Concat,0.8706,0.9777,0.7557,0.9831,0.8525,0.76,0.9749,0.9748,
Train1Val_ClinVarHQ,mean,bio_core_dna_prot_spliceai_geom,nt_v2_500m,esm1b_650m,Pure_XGBoost_Concat,0.8663,1.0,0.7299,1.0,0.8439,0.7597,0.9805,0.9827,dna_LVD_Cosine+prot_LVD_L2+prot_LID
Train1Val_ClinVarHQ,mean,bio_core_dna_prot_spliceai_geom,nt_v2_500m,esm1b_650m,Pure_XGBoost_Concat,0.8663,1.0,0.7299,1.0,0.8439,0.7597,0.9788,0.9808,dna_LVD_L2+dna_LVD_Cosine+dna_LID+prot_LID
Train1Val_ClinVarHQ,mean,bio_core_dna_prot_spliceai_geom,nt_v2_500m,esm1b_650m,Pure_XGBoost_Concat,0.8663,1.0,0.7299,1.0,0.8439,0.7597,0.9791,0.9812,dna_LLR+dna_LVD_L2+dna_LVD_Cosine+dna_LID+prot_LVD_L2+prot_LVD_Cosine+prot_LID
Train1Val_ClinVarHQ,cls,bio_core_dna_prot_spliceai,nt_v3_650m,esm1v_650m,PyTorch_Transformer,0.8734,0.9576,0.7787,0.9662,0.859,0.7595,0.9733,0.9704,
Train1Val_ClinVarHQ,mean,bio_core_dna_prot_spliceai_geom,nt_v2_500m,esm1b_650m,Pure_XGBoost_Concat,0.8663,0.9961,0.7328,0.9972,0.8444,0.7584,0.9808,0.983,dna_LVD_L2+prot_LVD_L2+prot_LID
Train1Val_ClinVarHQ,mean,bio_core_dna_prot_spliceai_geom,nt_v2_500m,esm1b_650m,Pure_XGBoost_Concat,0.8663,0.9961,0.7328,0.9972,0.8444,0.7584,0.9805,0.9829,dna_LVD_L2+dna_LVD_Cosine+prot_LVD_L2+prot_LID
Train1Val_ClinVarHQ,mean,bio_core_dna_prot_spliceai_geom,nt_v2_500m,esm1b_650m,Pure_XGBoost_Concat,0.8663,0.9961,0.7328,0.9972,0.8444,0.7584,0.9802,0.9822,dna_LVD_L2+dna_LVD_Cosine+prot_LVD_L2+prot_LVD_Cosine+prot_LID
Train1Val_ClinVarHQ,mean,bio_core_dna_prot_spliceai_geom,nt_v2_500m,esm1b_650m,Pure_XGBoost_Concat,0.8663,0.9922,0.7356,0.9944,0.8449,0.7572,0.9785,0.9811,prot_LID
Train1Val_ClinVarHQ,mean,bio_core_dna_prot_spliceai_geom,nt_v2_500m,esm1b_650m,Pure_XGBoost_Concat,0.8663,0.9922,0.7356,0.9944,0.8449,0.7572,0.9782,0.9806,dna_LID+prot_LID
Train1Val_ClinVarHQ,mean,bio_core_dna_prot_spliceai_geom,nt_v2_500m,esm1b_650m,Pure_XGBoost_Concat,0.8663,0.9922,0.7356,0.9944,0.8449,0.7572,0.9766,0.9796,dna_LVD_L2+dna_LID+prot_LID
Train1Val_ClinVarHQ,mean,bio_core_dna_prot_spliceai_geom,nt_v2_500m,esm1b_650m,Pure_XGBoost_Concat,0.8663,0.9922,0.7356,0.9944,0.8449,0.7572,0.9813,0.9831,dna_LLR+dna_LVD_L2+prot_LVD_L2+prot_LVD_Cosine+prot_LID
Train1Val_ClinVarHQ,cls,bio_dna,nt_v3_650m,,Pure_XGBoost_Concat,0.8734,0.9481,0.7874,0.9577,0.8603,0.7571,0.9689,0.9724,
Train1Val_ClinVarHQ,cls,bio_dna,nt_v3_650m,,Pure_XGBoost_Concat,0.8734,0.9481,0.7874,0.9577,0.8603,0.7571,0.9689,0.9724,
Train1Val_ClinVarHQ,mean,bio_core_dna_prot_spliceai_geom,nt_v2_500m,esm1b_650m,Pure_XGBoost_Concat,0.8649,0.9961,0.7299,0.9972,0.8425,0.7561,0.9785,0.9814,dna_LVD_L2+prot_LID
Train1Val_ClinVarHQ,cls,bio_core_dna_spliceai,nt_v1_500m,,PyTorch_Concat,0.8663,0.9847,0.7414,0.9887,0.8459,0.755,0.9721,0.9737,
Train1Val_ClinVarHQ,mean,bio_core_dna_prot_spliceai_geom,nt_v2_500m,esm1b_650m,Pure_XGBoost_Concat,0.8634,1.0,0.7241,1.0,0.84,0.755,0.9808,0.983,dna_LLR+dna_LVD_L2+prot_LID
Train1Val_ClinVarHQ,mean,bio_core_dna_prot_spliceai_geom,nt_v2_500m,esm1b_650m,Pure_XGBoost_Concat,0.8634,1.0,0.7241,1.0,0.84,0.755,0.9798,0.9818,dna_LVD_L2+dna_LID+prot_LVD_L2+prot_LID
Train1Val_ClinVarHQ,mean,bio_core_dna_prot_spliceai_geom,nt_v2_500m,esm1b_650m,Pure_XGBoost_Concat,0.8649,0.9922,0.7328,0.9944,0.843,0.7549,0.9795,0.9819,dna_LLR+dna_LVD_Cosine+prot_LVD_L2+prot_LID
Train1Val_ClinVarHQ,mean,bio_core_dna_prot_spliceai_geom,nt_v2_500m,esm1b_650m,Pure_XGBoost_Concat,0.8649,0.9922,0.7328,0.9944,0.843,0.7549,0.9767,0.9798,dna_LLR+dna_LID+prot_LVD_L2+prot_LVD_Cosine+prot_LID
Train1Val_ClinVarHQ,cls,bio_core_dna_prot,nt_v1_500m,esm1v_650m,PyTorch_Transformer,0.8706,0.9573,0.773,0.9662,0.8553,0.7545,0.9682,0.9663,
Train1Val_ClinVarHQ,mean,bio_core_dna_prot_spliceai_geom,nt_v2_500m,esm1b_650m,Pure_XGBoost_Concat,0.8634,0.9961,0.727,0.9972,0.8405,0.7537,0.98,0.9821,dna_LVD_Cosine+prot_LID
Train1Val_ClinVarHQ,mean,bio_core_dna_prot_spliceai_geom,nt_v2_500m,esm1b_650m,Pure_XGBoost_Concat,0.8634,0.9961,0.727,0.9972,0.8405,0.7537,0.9818,0.9832,dna_LLR+prot_LVD_L2+prot_LID
Train1Val_ClinVarHQ,mean,bio_core_dna_prot_spliceai_geom,nt_v2_500m,esm1b_650m,Pure_XGBoost_Concat,0.8634,0.9961,0.727,0.9972,0.8405,0.7537,0.9796,0.982,prot_LVD_L2+prot_LVD_Cosine+prot_LID
Train1Val_ClinVarHQ,mean,bio_core_dna_prot_spliceai_geom,nt_v2_500m,esm1b_650m,Pure_XGBoost_Concat,0.8634,0.9961,0.727,0.9972,0.8405,0.7537,0.9801,0.9821,dna_LLR+dna_LVD_L2+dna_LVD_Cosine+prot_LID
Train1Val_ClinVarHQ,mean,bio_core_dna_prot_spliceai_geom,nt_v2_500m,esm1b_650m,Pure_XGBoost_Concat,0.8634,0.9961,0.727,0.9972,0.8405,0.7537,0.9806,0.9824,dna_LLR+dna_LID+prot_LVD_Cosine+prot_LID
Train1Val_ClinVarHQ,mean,bio_core_dna_prot_spliceai_geom,nt_v2_500m,esm1b_650m,Pure_XGBoost_Concat,0.8649,0.9884,0.7356,0.9915,0.8435,0.7537,0.9785,0.9808,dna_LLR+dna_LVD_L2+dna_LVD_Cosine+prot_LVD_L2+prot_LVD_Cosine+prot_LID
Train1Val_ClinVarHQ,cls,bio_core_dna_prot_spliceai,nt_v2_500m,esmc_600m,PyTorch_Transformer,0.8677,0.9705,0.7557,0.9775,0.8498,0.7532,0.97,0.9698,
Train1Val_ClinVarHQ,mean,bio_core_dna_prot_spliceai_geom,nt_v2_500m,esm1b_650m,Pure_XGBoost_Concat,0.862,1.0,0.7213,1.0,0.8381,0.7526,0.9793,0.9819,dna_LLR+dna_LVD_Cosine+dna_LID+prot_LVD_Cosine+prot_LID
Train1Val_ClinVarHQ,mean,bio_core_dna_prot_spliceai_geom,nt_v2_500m,esm1b_650m,Pure_XGBoost_Concat,0.8634,0.9922,0.7299,0.9944,0.8411,0.7525,0.9801,0.9822,dna_LVD_L2+prot_LVD_Cosine+prot_LID
Train1Val_ClinVarHQ,mean,bio_core_dna_prot_spliceai_geom,nt_v2_500m,esm1b_650m,Pure_XGBoost_Concat,0.8634,0.9922,0.7299,0.9944,0.8411,0.7525,0.9782,0.981,dna_LVD_L2+dna_LID+prot_LVD_Cosine+prot_LID
Train1Val_ClinVarHQ,mean,bio_core_dna_prot_spliceai_geom,nt_v2_500m,esm1b_650m,Pure_XGBoost_Concat,0.8634,0.9922,0.7299,0.9944,0.8411,0.7525,0.9809,0.9829,dna_LVD_Cosine+prot_LVD_L2+prot_LVD_Cosine+prot_LID
Train1Val_ClinVarHQ,mean,bio_core_dna_prot_spliceai_geom,nt_v2_500m,esm1b_650m,Pure_XGBoost_Concat,0.8634,0.9922,0.7299,0.9944,0.8411,0.7525,0.9772,0.9803,dna_LLR+dna_LVD_L2+dna_LID+prot_LVD_L2+prot_LVD_Cosine+prot_LID
Train1Val_ClinVarHQ,mean,bio_core_dna_prot_spliceai_geom,nt_v2_500m,esm1b_650m,Pure_XGBoost_Concat,0.862,0.996,0.7241,0.9972,0.8386,0.7514,0.9778,0.9805,dna_LLR+dna_LVD_L2+dna_LVD_Cosine+dna_LID+prot_LID
Train1Val_ClinVarHQ,cls,bio_dna,nt_v3_650m,,Hybrid_Concat_XGBoost,0.8706,0.9446,0.7845,0.9549,0.8571,0.7513,0.9664,0.9678,
Train1Val_ClinVarHQ,cls,bio_dna,nt_v3_650m,,Hybrid_Concat_XGBoost,0.8706,0.9446,0.7845,0.9549,0.8571,0.7513,0.9664,0.9678,
Train1Val_ClinVarHQ,mean,bio_core_dna_prot_spliceai_geom,nt_v2_500m,esm1b_650m,Pure_XGBoost_Concat,0.8634,0.9884,0.7328,0.9915,0.8416,0.7513,0.9793,0.9816,dna_LLR+prot_LVD_L2+prot_LVD_Cosine+prot_LID
Train1Val_ClinVarHQ,mean,bio_core_dna_prot_spliceai_geom,nt_v2_500m,esm1b_650m,Pure_XGBoost_Concat,0.8606,1.0,0.7184,1.0,0.8361,0.7503,0.9759,0.9788,dna_LLR+dna_LVD_Cosine+dna_LID+prot_LVD_L2+prot_LVD_Cosine+prot_LID
Train1Val_ClinVarHQ,mean,bio_core_dna_prot_spliceai_geom,nt_v2_500m,esm1b_650m,Pure_XGBoost_Concat,0.862,0.9922,0.727,0.9944,0.8391,0.7502,0.979,0.9814,dna_LVD_L2+dna_LVD_Cosine+prot_LID
Train1Val_ClinVarHQ,mean,bio_core_dna_prot_spliceai_geom,nt_v2_500m,esm1b_650m,Pure_XGBoost_Concat,0.862,0.9922,0.727,0.9944,0.8391,0.7502,0.9804,0.9821,dna_LVD_Cosine+dna_LID+prot_LVD_Cosine+prot_LID
Train1Val_ClinVarHQ,mean,bio_core_dna_prot_spliceai_geom,nt_v2_500m,esm1b_650m,Pure_XGBoost_Concat,0.862,0.9922,0.727,0.9944,0.8391,0.7502,0.9801,0.9819,dna_LLR+dna_LVD_L2+dna_LVD_Cosine+dna_LID+prot_LVD_L2+prot_LID
Train1Val_ClinVarHQ,cls,bio_core_dna_prot_spliceai,nt_v2_500m,esm1v_650m,PyTorch_Concat,0.8663,0.9669,0.7557,0.9746,0.8484,0.7498,0.9703,0.9689,
Train1Val_ClinVarHQ,cls,bio_core_dna_prot_spliceai,nt_v1_500m,esm1v_650m,PyTorch_Transformer,0.8691,0.9476,0.7787,0.9577,0.8549,0.7496,0.9719,0.9714,
Train1Val_ClinVarHQ,center,bio_core_dna_spliceai,nt_v3_650m,,PyTorch_Concat,0.8634,0.9809,0.7385,0.9859,0.8426,0.7491,0.9761,0.9765,
Train1Val_ClinVarHQ,mean,bio_core_dna_prot_spliceai_geom,nt_v2_500m,esm1b_650m,Pure_XGBoost_Concat,0.8606,0.996,0.7213,0.9972,0.8367,0.749,0.9788,0.981,dna_LID+prot_LVD_L2+prot_LVD_Cosine+prot_LID
Train1Val_ClinVarHQ,mean,bio_core_dna_prot_spliceai_geom,nt_v2_500m,esm1b_650m,Pure_XGBoost_Concat,0.8606,0.996,0.7213,0.9972,0.8367,0.749,0.9796,0.9816,dna_LVD_L2+dna_LVD_Cosine+dna_LID+prot_LVD_Cosine+prot_LID
Train1Val_ClinVarHQ,cls,bio_core_dna_prot_spliceai,nt_v2_500m,esm1v_650m,PyTorch_Gating,0.8663,0.9635,0.7586,0.9718,0.8489,0.7488,0.9713,0.9702,
Train1Val_ClinVarHQ,mean,bio_core_dna_prot_spliceai_geom,nt_v2_500m,esm1b_650m,Pure_XGBoost_Concat,0.8592,1.0,0.7155,1.0,0.8342,0.748,0.9808,0.9823,dna_LVD_L2+dna_LVD_Cosine+dna_LID+prot_LVD_L2+prot_LVD_Cosine+prot_LID
Train1Val_ClinVarHQ,cls,bio_core_dna_prot,nt_v2_500m,esm1v_650m,PyTorch_Transformer,0.8649,0.9668,0.7529,0.9746,0.8465,0.7473,0.9738,0.9718,
Train1Val_ClinVarHQ,cls,bio_core_dna_prot_spliceai,nt_v1_500m,esmc_600m,PyTorch_Transformer,0.8634,0.9701,0.7471,0.9775,0.8442,0.7459,0.9771,0.9784,
Train1Val_ClinVarHQ,center,bio_dna,nt_v3_650m,,PyTorch_Concat,0.862,0.9772,0.7385,0.9831,0.8412,0.7456,0.9758,0.9768,
Train1Val_ClinVarHQ,center,bio_dna,nt_v3_650m,,PyTorch_Concat,0.862,0.9772,0.7385,0.9831,0.8412,0.7456,0.9758,0.9768,
Train1Val_ClinVarHQ,mean,bio_core_dna_prot_spliceai_geom,nt_v2_500m,esm1b_650m,Pure_XGBoost_Concat,0.8563,1.0,0.7098,1.0,0.8303,0.7433,0.9788,0.9812,dna_LLR+dna_LVD_L2+dna_LID+prot_LID
Train1Val_ClinVarHQ,mean,bio_core_dna_prot_spliceai_geom,nt_v2_500m,esm1b_650m,Pure_XGBoost_Concat,0.8563,1.0,0.7098,1.0,0.8303,0.7433,0.9805,0.9827,dna_LLR+dna_LVD_L2+dna_LVD_Cosine+dna_LID+prot_LVD_Cosine+prot_LID
Train1Val_ClinVarHQ,mean,bio_core_dna_prot_spliceai_geom,nt_v2_500m,esm1b_650m,Pure_XGBoost_Concat,0.8592,0.9844,0.727,0.9887,0.8364,0.7431,0.979,0.9805,dna_LLR+dna_LID+prot_LVD_L2+prot_LID
Train1Val_ClinVarHQ,mean,bio_core_dna_prot_spliceai_geom,nt_v2_500m,esm1b_650m,Pure_XGBoost_Concat,0.8578,0.9921,0.7184,0.9944,0.8333,0.7431,0.9788,0.9806,dna_LLR+dna_LVD_L2+dna_LID+prot_LVD_Cosine+prot_LID
Train1Val_ClinVarHQ,mean,bio_core_dna_prot_spliceai_geom,nt_v2_500m,esm1b_650m,Pure_XGBoost_Concat,0.8563,0.996,0.7126,0.9972,0.8308,0.742,0.9773,0.9797,dna_LVD_Cosine+dna_LID+prot_LVD_L2+prot_LID
Train1Val_ClinVarHQ,center,bio_core_dna_spliceai,nt_v2_500m,,PyTorch_Concat,0.8606,0.9699,0.7414,0.9775,0.8404,0.7411,0.969,0.9683,
Train1Val_ClinVarHQ,center,bio_core_dna_spliceai,nt_v1_500m,,PyTorch_Concat,0.8592,0.977,0.7328,0.9831,0.8374,0.7408,0.9678,0.9661,
Train1Val_ClinVarHQ,mean,bio_core_dna_prot_spliceai_geom,nt_v2_500m,esm1b_650m,Pure_XGBoost_Concat,0.8535,0.992,0.7098,0.9944,0.8275,0.7361,0.979,0.9809,dna_LVD_L2+dna_LVD_Cosine+dna_LID+prot_LVD_L2+prot_LID
Train1Val_ClinVarHQ,cls,bio_core_dna_prot_spliceai,nt_v2_500m,esmc_600m,PyTorch_Gating,0.8563,0.9768,0.727,0.9831,0.8336,0.736,0.9753,0.9744,
Train1Val_ClinVarHQ,center,bio_core_spliceai,,,PyTorch_Concat,0.8492,0.9879,0.704,0.9915,0.8221,0.7278,0.9705,0.9714,
Train1Val_ClinVarHQ,mean,bio_core_dna_spliceai,nt_v1_500m,,PyTorch_Concat,0.845,0.9918,0.6925,0.9944,0.8156,0.7221,0.9704,0.9716,
Train1Val_ClinVarHQ,center,dna_prot_spliceai,nt_v3_650m,esmc_600m,Hybrid_CrossAttn_XGBoost,0.8578,0.8851,0.819,0.8958,0.8507,0.7172,0.9213,0.9235,
Train1Val_ClinVarHQ,mean,bio,,,PyTorch_Concat,0.8393,0.9876,0.6839,0.9915,0.8081,0.7115,0.9691,0.9707,
Train1Val_ClinVarHQ,center,dna_prot_spliceai,nt_v1_500m,esmc_600m,Hybrid_Transformer_XGBoost,0.8521,0.8935,0.796,0.907,0.8419,0.7079,0.9154,0.9164,
Train1Val_ClinVarHQ,center,bio,,,PyTorch_Concat,0.8378,0.9835,0.6839,0.9887,0.8068,0.7078,0.968,0.9696,
Train1Val_ClinVarHQ,center,bio,,,PyTorch_Concat,0.8378,0.9835,0.6839,0.9887,0.8068,0.7078,0.968,0.9696,
Train1Val_ClinVarHQ,center,dna_prot,nt_v3_650m,esmc_600m,Hybrid_Gating_XGBoost,0.8492,0.8903,0.7931,0.9042,0.8389,0.7022,0.9175,0.9193,
Train1Val_ClinVarHQ,cls,bio_core_dna_spliceai,nt_v2_500m,,PyTorch_Concat,0.835,0.9793,0.681,0.9859,0.8034,0.7018,0.9668,0.9685,
Train1Val_ClinVarHQ,center,dna_prot,nt_v2_500m,esmc_600m,Hybrid_CrossAttn_XGBoost,0.8478,0.8825,0.7989,0.8958,0.8386,0.6984,0.921,0.924,
Train1Val_ClinVarHQ,center,dna_prot_spliceai,nt_v2_500m,esmc_600m,Hybrid_CrossAttn_XGBoost,0.8464,0.8846,0.7931,0.8986,0.8364,0.6961,0.9261,0.9284,
Train1Val_ClinVarHQ,center,dna_prot_spliceai,nt_v3_650m,esmc_600m,Pure_XGBoost_Concat,0.8435,0.902,0.7672,0.9183,0.8292,0.6942,0.9118,0.9183,
Train1Val_ClinVarHQ,cls,bio,,,PyTorch_Concat,0.8279,0.9871,0.6609,0.9915,0.7917,0.693,0.9684,0.9697,
Train1Val_ClinVarHQ,cls,bio,,,PyTorch_Concat,0.8279,0.9871,0.6609,0.9915,0.7917,0.693,0.9684,0.9697,
Train1Val_ClinVarHQ,center,dna_prot_spliceai,nt_v2_500m,esmc_600m,Hybrid_Transformer_XGBoost,0.845,0.8723,0.8046,0.8845,0.8371,0.6917,0.9201,0.9246,
Train1Val_ClinVarHQ,center,dna_prot_spliceai,nt_v1_500m,esmc_600m,Hybrid_CrossAttn_XGBoost,0.8435,0.8839,0.7874,0.8986,0.8328,0.6907,0.9139,0.9205,
Train1Val_ClinVarHQ,center,dna_prot,nt_v1_500m,esmc_600m,PyTorch_Transformer,0.8421,0.8885,0.7787,0.9042,0.83,0.689,0.9176,0.9175,
Train1Val_ClinVarHQ,center,dna_prot,nt_v3_650m,esmc_600m,Hybrid_Transformer_XGBoost,0.8421,0.8885,0.7787,0.9042,0.83,0.689,0.9172,0.9205,
Train1Val_ClinVarHQ,center,dna_prot,nt_v1_500m,esmc_600m,Hybrid_Gating_XGBoost,0.8421,0.8835,0.7845,0.8986,0.8311,0.6881,0.9156,0.9168,
Train1Val_ClinVarHQ,center,dna_prot,nt_v3_650m,esmc_600m,Hybrid_Concat_XGBoost,0.8407,0.896,0.7672,0.9127,0.8266,0.6879,0.9118,0.9104,
Train1Val_ClinVarHQ,center,dna_prot_spliceai,nt_v1_500m,esmc_600m,Hybrid_Concat_XGBoost,0.8407,0.8933,0.7701,0.9099,0.8272,0.6874,0.9125,0.9188,
Train1Val_ClinVarHQ,center,dna_prot,nt_v1_500m,esmc_600m,Hybrid_Concat_XGBoost,0.8407,0.8907,0.773,0.907,0.8277,0.6868,0.923,0.9251,
Train1Val_ClinVarHQ,cls,bio_dna,nt_v3_650m,,PyTorch_Concat,0.8265,0.9748,0.6667,0.9831,0.7918,0.6865,0.9691,0.9702,
Train1Val_ClinVarHQ,cls,bio_dna,nt_v3_650m,,PyTorch_Concat,0.8265,0.9748,0.6667,0.9831,0.7918,0.6865,0.9691,0.9702,
Train1Val_ClinVarHQ,center,dna_prot,nt_v3_650m,esmc_600m,Hybrid_CrossAttn_XGBoost,0.8421,0.8692,0.8017,0.8817,0.8341,0.686,0.9186,0.9248,
Train1Val_ClinVarHQ,center,dna_prot_spliceai,nt_v3_650m,esmc_600m,Hybrid_Gating_XGBoost,0.8407,0.8831,0.7816,0.8986,0.8293,0.6854,0.9187,0.9217,
Train1Val_ClinVarHQ,cls,bio_core_dna_spliceai,nt_v3_650m,,PyTorch_Concat,0.8222,0.9912,0.6466,0.9944,0.7826,0.6853,0.9691,0.9689,
Train1Val_ClinVarHQ,center,dna_prot,nt_v1_500m,esmc_600m,Hybrid_Transformer_XGBoost,0.8393,0.8803,0.7816,0.8958,0.828,0.6824,0.924,0.928,
Train1Val_ClinVarHQ,center,dna_prot_spliceai,nt_v1_500m,esmc_600m,Hybrid_Gating_XGBoost,0.8378,0.89,0.7672,0.907,0.8241,0.6816,0.9147,0.9204,
Train1Val_ClinVarHQ,center,dna_prot,nt_v2_500m,esmc_600m,Hybrid_Transformer_XGBoost,0.8393,0.866,0.7989,0.8789,0.8311,0.6803,0.92,0.9183,
Train1Val_ClinVarHQ,center,dna_prot_spliceai,nt_v3_650m,esmc_600m,Hybrid_Concat_XGBoost,0.8378,0.8799,0.7787,0.8958,0.8262,0.6797,0.9139,0.915,
Train1Val_ClinVarHQ,center,dna_prot,nt_v2_500m,esmc_600m,Hybrid_Concat_XGBoost,0.8364,0.8923,0.7615,0.9099,0.8217,0.6795,0.9184,0.916,
Train1Val_ClinVarHQ,center,dna_prot_spliceai,nt_v1_500m,esmc_600m,PyTorch_CrossAttn,0.835,0.9028,0.7471,0.9211,0.8176,0.6794,0.9231,0.927,
Train1Val_ClinVarHQ,center,dna_prot,nt_v1_500m,esmc_600m,Hybrid_CrossAttn_XGBoost,0.8378,0.875,0.7845,0.8901,0.8273,0.6789,0.9181,0.9213,
Train1Val_ClinVarHQ,center,prot_spliceai,,esmc_600m,Hybrid_Concat_XGBoost,0.835,0.8919,0.7586,0.9099,0.8199,0.6769,0.9195,0.9251,
Train1Val_ClinVarHQ,center,dna_prot,nt_v2_500m,esm1b_650m,Hybrid_Transformer_XGBoost,0.8364,0.877,0.7787,0.893,0.825,0.6766,0.9051,0.9086,
Train1Val_ClinVarHQ,center,dna_prot_spliceai,nt_v1_500m,esm1b_650m,Hybrid_Transformer_XGBoost,0.8364,0.8652,0.7931,0.8789,0.8276,0.6748,0.9033,0.9096,
Train1Val_ClinVarHQ,center,dna_prot,nt_v3_650m,esm1b_650m,Hybrid_Gating_XGBoost,0.835,0.8791,0.773,0.8958,0.8226,0.6744,0.9142,0.9165,
Train1Val_ClinVarHQ,center,prot_spliceai,,esmc_600m,Pure_XGBoost_Concat,0.8336,0.8889,0.7586,0.907,0.8186,0.6738,0.9065,0.908,
Train1Val_ClinVarHQ,mean,dna_prot_spliceai,nt_v3_650m,esm1b_650m,PyTorch_Concat,0.8336,0.8863,0.7615,0.9042,0.8192,0.6732,0.9036,0.9029,
Train1Val_ClinVarHQ,center,dna_prot,nt_v1_500m,esm1b_650m,Hybrid_Gating_XGBoost,0.8336,0.8738,0.7759,0.8901,0.8219,0.6709,0.911,0.9117,
Train1Val_ClinVarHQ,center,dna_prot,nt_v3_650m,esmc_600m,PyTorch_Concat,0.8293,0.9043,0.7328,0.9239,0.8095,0.6699,0.9216,0.9228,
Train1Val_ClinVarHQ,center,dna_prot_spliceai,nt_v2_500m,esm1b_650m,Hybrid_CrossAttn_XGBoost,0.8336,0.8621,0.7902,0.8761,0.8246,0.6691,0.9043,0.9018,
Train1Val_ClinVarHQ,center,dna_prot,nt_v2_500m,esm1b_650m,Hybrid_CrossAttn_XGBoost,0.8336,0.8598,0.7931,0.8732,0.8251,0.6688,0.9114,0.903,
Train1Val_ClinVarHQ,center,dna_prot_spliceai,nt_v3_650m,esmc_600m,Hybrid_Transformer_XGBoost,0.8321,0.8758,0.7701,0.893,0.8196,0.6687,0.9171,0.9181,
Train1Val_ClinVarHQ,center,prot,,esmc_600m,Hybrid_Concat_XGBoost,0.8321,0.8734,0.773,0.8901,0.8201,0.6682,0.9223,0.9215,
Train1Val_ClinVarHQ,center,prot,,esmc_600m,Hybrid_Concat_XGBoost,0.8321,0.8734,0.773,0.8901,0.8201,0.6682,0.9223,0.9215,
Train1Val_ClinVarHQ,center,prot,,esmc_600m,Hybrid_Concat_XGBoost,0.8321,0.8734,0.773,0.8901,0.8201,0.6682,0.9223,0.9215,
Train1Val_ClinVarHQ,center,prot,,esmc_600m,Hybrid_Concat_XGBoost,0.8321,0.8734,0.773,0.8901,0.8201,0.6682,0.9223,0.9215,
Train1Val_ClinVarHQ,center,prot,,esmc_600m,Hybrid_Concat_XGBoost,0.8321,0.8734,0.773,0.8901,0.8201,0.6682,0.9223,0.9215,
Train1Val_ClinVarHQ,center,dna_prot,nt_v1_500m,esmc_600m,Pure_XGBoost_Concat,0.8307,0.8855,0.7557,0.9042,0.8155,0.668,0.9063,0.9075,
Train1Val_ClinVarHQ,center,dna_prot,nt_v2_500m,esm1b_650m,PyTorch_Gating,0.8279,0.9039,0.7299,0.9239,0.8076,0.6674,0.9133,0.9178,
Train1Val_ClinVarHQ,center,prot_spliceai,,esmc_600m,PyTorch_Concat,0.8279,0.9039,0.7299,0.9239,0.8076,0.6674,0.925,0.9257,
Train1Val_ClinVarHQ,center,dna_prot_spliceai,nt_v3_650m,esm1b_650m,Hybrid_Gating_XGBoost,0.8321,0.8594,0.7902,0.8732,0.8234,0.6661,0.9073,0.9096,
Train1Val_ClinVarHQ,center,dna_prot_spliceai,nt_v2_500m,esmc_600m,PyTorch_Transformer,0.825,0.9151,0.7126,0.9352,0.8013,0.6655,0.9206,0.9226,
Train1Val_ClinVarHQ,center,dna_prot,nt_v2_500m,esm1b_650m,PyTorch_CrossAttn,0.8293,0.8851,0.7529,0.9042,0.8137,0.6654,0.9056,0.9105,
Train1Val_ClinVarHQ,center,dna_prot_spliceai,nt_v2_500m,esm2_650m,Hybrid_Gating_XGBoost,0.8293,0.8851,0.7529,0.9042,0.8137,0.6654,0.8983,0.8886,
Train1Val_ClinVarHQ,center,dna_prot_spliceai,nt_v2_500m,esm1v_650m,Hybrid_Gating_XGBoost,0.8279,0.89,0.7443,0.9099,0.8106,0.664,0.8977,0.8954,
Train1Val_ClinVarHQ,center,dna_prot,nt_v2_500m,esmc_600m,Hybrid_Gating_XGBoost,0.8293,0.8775,0.7615,0.8958,0.8154,0.6639,0.9156,0.9134,
Train1Val_ClinVarHQ,center,dna_prot_spliceai,nt_v2_500m,esmc_600m,Hybrid_Concat_XGBoost,0.8293,0.875,0.7644,0.893,0.816,0.6634,0.9152,0.9174,
Train1Val_ClinVarHQ,center,dna_prot,nt_v2_500m,esmc_600m,PyTorch_Concat,0.8236,0.9118,0.7126,0.9324,0.8,0.6622,0.9202,0.9218,
Train1Val_ClinVarHQ,center,dna_prot_spliceai,nt_v1_500m,esm1b_650m,Hybrid_Concat_XGBoost,0.8293,0.8677,0.773,0.8845,0.8176,0.6621,0.9087,0.9083,
Train1Val_ClinVarHQ,center,dna_prot,nt_v3_650m,esm1b_650m,PyTorch_CrossAttn,0.8265,0.8897,0.7414,0.9099,0.8088,0.6614,0.9118,0.9114,
Train1Val_ClinVarHQ,center,dna_prot_spliceai,nt_v3_650m,esm1b_650m,PyTorch_CrossAttn,0.8265,0.887,0.7443,0.907,0.8094,0.6608,0.9138,0.9149,
Train1Val_ClinVarHQ,center,dna_prot,nt_v3_650m,esmc_600m,PyTorch_CrossAttn,0.8222,0.9145,0.7069,0.9352,0.7974,0.6605,0.9279,0.9287,
Train1Val_ClinVarHQ,center,dna_prot,nt_v1_500m,esm1b_650m,Hybrid_Transformer_XGBoost,0.8293,0.854,0.7902,0.8676,0.8209,0.6601,0.9052,0.9123,
Train1Val_ClinVarHQ,center,dna_prot_spliceai,nt_v2_500m,esmc_600m,PyTorch_Concat,0.8236,0.9029,0.7213,0.9239,0.8019,0.6598,0.9257,0.9273,
Train1Val_ClinVarHQ,center,dna_prot_spliceai,nt_v2_500m,esm1b_650m,Hybrid_Gating_XGBoost,0.8279,0.8673,0.7701,0.8845,0.8158,0.6594,0.9055,0.902,
Train1Val_ClinVarHQ,center,dna_prot,nt_v3_650m,esmc_600m,Pure_XGBoost_Concat,0.825,0.8893,0.7385,0.9099,0.8069,0.6588,0.9114,0.9162,
Train1Val_ClinVarHQ,center,dna_prot_spliceai,nt_v2_500m,esmc_600m,Hybrid_Gating_XGBoost,0.8265,0.8767,0.7557,0.8958,0.8117,0.6586,0.909,0.9139,
Train1Val_ClinVarHQ,center,dna_prot,nt_v1_500m,esm1b_650m,Hybrid_Concat_XGBoost,0.8265,0.8742,0.7586,0.893,0.8123,0.6581,0.9017,0.9073,
Train1Val_ClinVarHQ,center,dna_prot_spliceai,nt_v1_500m,esm1b_650m,Hybrid_Gating_XGBoost,0.8265,0.8742,0.7586,0.893,0.8123,0.6581,0.9108,0.9148,
Train1Val_ClinVarHQ,center,dna_prot_spliceai,nt_v3_650m,esm1b_650m,Hybrid_CrossAttn_XGBoost,0.8265,0.8742,0.7586,0.893,0.8123,0.6581,0.911,0.9123,
Train1Val_ClinVarHQ,center,dna_prot,nt_v2_500m,esm1b_650m,Pure_XGBoost_Concat,0.8265,0.8693,0.7644,0.8873,0.8135,0.6572,0.8933,0.8951,
Train1Val_ClinVarHQ,center,dna_prot_spliceai,nt_v1_500m,esm1v_650m,Hybrid_CrossAttn_XGBoost,0.8265,0.8599,0.7759,0.8761,0.8157,0.6556,0.9018,0.9019,
Train1Val_ClinVarHQ,center,prot_spliceai,,esm1b_650m,Hybrid_Concat_XGBoost,0.8265,0.8576,0.7787,0.8732,0.8163,0.6553,0.9063,0.907,
Train1Val_ClinVarHQ,center,dna_prot,nt_v3_650m,esmc_600m,PyTorch_Gating,0.8208,0.9022,0.7155,0.9239,0.7981,0.6547,0.9252,0.9255,
Train1Val_ClinVarHQ,center,dna_prot_spliceai,nt_v1_500m,esmc_600m,PyTorch_Gating,0.8208,0.9022,0.7155,0.9239,0.7981,0.6547,0.9144,0.9185,
Train1Val_ClinVarHQ,center,dna_prot_spliceai,nt_v1_500m,esmc_600m,Pure_XGBoost_Concat,0.8236,0.881,0.7443,0.9014,0.8069,0.6544,0.91,0.9111,
Train1Val_ClinVarHQ,center,dna_prot,nt_v3_650m,esm1b_650m,PyTorch_Transformer,0.8208,0.8993,0.7184,0.9211,0.7987,0.6539,0.9072,0.9124,
Train1Val_ClinVarHQ,center,prot,,esmc_600m,Pure_XGBoost_Concat,0.8236,0.8758,0.75,0.8958,0.808,0.6534,0.9053,0.9068,
Train1Val_ClinVarHQ,center,prot,,esmc_600m,Pure_XGBoost_Concat,0.8236,0.8758,0.75,0.8958,0.808,0.6534,0.9053,0.9068,
Train1Val_ClinVarHQ,center,prot,,esmc_600m,Pure_XGBoost_Concat,0.8236,0.8758,0.75,0.8958,0.808,0.6534,0.9053,0.9068,
Train1Val_ClinVarHQ,center,prot,,esmc_600m,Pure_XGBoost_Concat,0.8236,0.8758,0.75,0.8958,0.808,0.6534,0.9053,0.9068,
Train1Val_ClinVarHQ,center,prot,,esmc_600m,Pure_XGBoost_Concat,0.8236,0.8758,0.75,0.8958,0.808,0.6534,0.9053,0.9068,
Train1Val_ClinVarHQ,center,dna_prot,nt_v2_500m,esmc_600m,Pure_XGBoost_Concat,0.8222,0.8858,0.7356,0.907,0.8038,0.653,0.9033,0.9053,
Train1Val_ClinVarHQ,center,dna_prot,nt_v1_500m,esm2_650m,Hybrid_Gating_XGBoost,0.8222,0.8832,0.7385,0.9042,0.8044,0.6524,0.9098,0.903,
Train1Val_ClinVarHQ,center,dna_prot_spliceai,nt_v2_500m,esm2_650m,PyTorch_Transformer,0.8236,0.8709,0.7557,0.8901,0.8092,0.6524,0.9078,0.8999,
Train1Val_ClinVarHQ,center,dna_prot_spliceai,nt_v2_500m,esm1b_650m,Hybrid_Transformer_XGBoost,0.825,0.8549,0.7787,0.8704,0.815,0.6523,0.9066,0.9051,
Train1Val_ClinVarHQ,mean,dna_prot_spliceai,nt_v2_500m,esm1b_650m,Hybrid_Gating_XGBoost,0.825,0.8549,0.7787,0.8704,0.815,0.6523,0.903,0.8958,
Train1Val_ClinVarHQ,center,prot,,esmc_600m,PyTorch_Concat,0.8179,0.9104,0.7011,0.9324,0.7922,0.6522,0.9255,0.9243,
Train1Val_ClinVarHQ,center,prot,,esmc_600m,PyTorch_Concat,0.8179,0.9104,0.7011,0.9324,0.7922,0.6522,0.9255,0.9243,
Train1Val_ClinVarHQ,center,prot,,esmc_600m,PyTorch_Concat,0.8179,0.9104,0.7011,0.9324,0.7922,0.6522,0.9255,0.9243,
Train1Val_ClinVarHQ,center,prot,,esmc_600m,PyTorch_Concat,0.8179,0.9104,0.7011,0.9324,0.7922,0.6522,0.9255,0.9243,
Train1Val_ClinVarHQ,center,prot,,esmc_600m,PyTorch_Concat,0.8179,0.9104,0.7011,0.9324,0.7922,0.6522,0.9255,0.9243,
Train1Val_ClinVarHQ,mean,dna_prot_spliceai,nt_v3_650m,esm1b_650m,Hybrid_Concat_XGBoost,0.825,0.8527,0.7816,0.8676,0.8156,0.652,0.9105,0.8979,
Train1Val_ClinVarHQ,center,dna_prot,nt_v3_650m,esmc_600m,PyTorch_Transformer,0.8179,0.9074,0.704,0.9296,0.7929,0.6513,0.9271,0.9285,
Train1Val_ClinVarHQ,center,dna_prot_spliceai,nt_v2_500m,esm1v_650m,Hybrid_Transformer_XGBoost,0.8222,0.878,0.7443,0.8986,0.8056,0.6513,0.9047,0.9044,
Train1Val_ClinVarHQ,center,dna_prot_spliceai,nt_v3_650m,esm1b_650m,Hybrid_Transformer_XGBoost,0.825,0.8462,0.7902,0.8592,0.8172,0.6512,0.909,0.9078,
Train1Val_ClinVarHQ,center,dna_prot_spliceai,nt_v2_500m,esmc_600m,PyTorch_CrossAttn,0.8208,0.8854,0.7328,0.907,0.8019,0.6505,0.9189,0.9227,
Train1Val_ClinVarHQ,mean,dna_prot,nt_v1_500m,esm1b_650m,Hybrid_Transformer_XGBoost,0.8236,0.859,0.7701,0.8761,0.8121,0.6503,0.8951,0.8906,
Train1Val_ClinVarHQ,center,dna_prot_spliceai,nt_v3_650m,esmc_600m,PyTorch_Concat,0.8179,0.9015,0.7098,0.9239,0.7942,0.6497,0.9215,0.9246,
Train1Val_ClinVarHQ,center,dna_prot,nt_v3_650m,esm2_650m,Hybrid_Concat_XGBoost,0.8208,0.8801,0.7385,0.9014,0.8031,0.6493,0.9066,0.901,
Train1Val_ClinVarHQ,center,dna_prot_spliceai,nt_v2_500m,esm1b_650m,PyTorch_Concat,0.8208,0.8801,0.7385,0.9014,0.8031,0.6493,0.9006,0.9014,
Train1Val_ClinVarHQ,center,dna_prot_spliceai,nt_v2_500m,esm1b_650m,PyTorch_Transformer,0.8208,0.8801,0.7385,0.9014,0.8031,0.6493,0.9035,0.9011,
Train1Val_ClinVarHQ,center,dna_prot,nt_v1_500m,esmc_600m,PyTorch_CrossAttn,0.8179,0.8986,0.7126,0.9211,0.7949,0.6489,0.9204,0.921,
Train1Val_ClinVarHQ,mean,dna_prot,nt_v1_500m,esm1b_650m,Hybrid_CrossAttn_XGBoost,0.8236,0.8457,0.7874,0.8592,0.8155,0.6485,0.9008,0.9027,
Train1Val_ClinVarHQ,mean,dna_prot,nt_v3_650m,esm1b_650m,Hybrid_Concat_XGBoost,0.8236,0.8457,0.7874,0.8592,0.8155,0.6485,0.9024,0.8989,
Train1Val_ClinVarHQ,center,dna_prot,nt_v2_500m,esm1b_650m,Hybrid_Concat_XGBoost,0.8222,0.8608,0.7644,0.8789,0.8097,0.648,0.9055,0.9036,
Train1Val_ClinVarHQ,center,dna_prot_spliceai,nt_v1_500m,esm2_650m,Hybrid_Gating_XGBoost,0.8193,0.885,0.7299,0.907,0.8,0.6479,0.9031,0.8953,
Train1Val_ClinVarHQ,center,dna_prot,nt_v2_500m,esm1v_650m,Hybrid_Gating_XGBoost,0.8208,0.8725,0.7471,0.893,0.805,0.6476,0.8923,0.89,
Train1Val_ClinVarHQ,center,dna_prot,nt_v2_500m,esm1v_650m,Hybrid_Concat_XGBoost,0.8193,0.8824,0.7328,0.9042,0.8006,0.6473,0.9056,0.9025,
Train1Val_ClinVarHQ,center,dna_prot,nt_v1_500m,esm1v_650m,Hybrid_Transformer_XGBoost,0.8222,0.8562,0.7701,0.8732,0.8109,0.6472,0.902,0.9012,
Train1Val_ClinVarHQ,center,dna_prot_spliceai,nt_v3_650m,esm1b_650m,Pure_XGBoost_Concat,0.8222,0.8562,0.7701,0.8732,0.8109,0.6472,0.9041,0.909,
Train1Val_ClinVarHQ,center,dna_prot_spliceai,nt_v3_650m,esmc_600m,PyTorch_Transformer,0.8165,0.9011,0.7069,0.9239,0.7923,0.6472,0.9248,0.9256,
Train1Val_ClinVarHQ,center,prot_spliceai,,esm1b_650m,Pure_XGBoost_Concat,0.8208,0.87,0.75,0.8901,0.8056,0.6471,0.9004,0.9051,
Train1Val_ClinVarHQ,center,dna_prot,nt_v1_500m,esm1b_650m,Hybrid_CrossAttn_XGBoost,0.8222,0.854,0.773,0.8704,0.8115,0.6469,0.9048,0.9068,
Train1Val_ClinVarHQ,mean,dna_prot,nt_v2_500m,esm2_650m,Hybrid_Concat_XGBoost,0.8193,0.8797,0.7356,0.9014,0.8013,0.6467,0.8992,0.8783,
Train1Val_ClinVarHQ,mean,dna_prot_spliceai,nt_v2_500m,esm1b_650m,PyTorch_CrossAttn,0.8193,0.8797,0.7356,0.9014,0.8013,0.6467,0.9061,0.8988,
Train1Val_ClinVarHQ,center,dna_prot,nt_v1_500m,esmc_600m,PyTorch_Concat,0.8165,0.8982,0.7098,0.9211,0.7929,0.6464,0.922,0.9259,
Train1Val_ClinVarHQ,center,dna_prot_spliceai,nt_v2_500m,esm1b_650m,PyTorch_CrossAttn,0.8193,0.8771,0.7385,0.8986,0.8019,0.6461,0.9129,0.9051,
Train1Val_ClinVarHQ,center,dna_prot,nt_v2_500m,esm1b_650m,Hybrid_Gating_XGBoost,0.8208,0.8627,0.7586,0.8817,0.8073,0.6457,0.8992,0.9005,
Train1Val_ClinVarHQ,center,dna_prot_spliceai,nt_v2_500m,esmc_600m,PyTorch_Gating,0.8165,0.8953,0.7126,0.9183,0.7936,0.6456,0.9172,0.9198,
Train1Val_ClinVarHQ,center,dna_prot_spliceai,nt_v2_500m,esm2_650m,Hybrid_Transformer_XGBoost,0.8193,0.8746,0.7414,0.8958,0.8025,0.6455,0.9055,0.8957,
Train1Val_ClinVarHQ,center,dna_prot_spliceai,nt_v3_650m,esm1b_650m,Hybrid_Concat_XGBoost,0.8208,0.8535,0.7701,0.8704,0.8097,0.6442,0.9088,0.9078,
Train1Val_ClinVarHQ,center,dna_prot_spliceai,nt_v2_500m,esm2_650m,PyTorch_Concat,0.8165,0.8897,0.7184,0.9127,0.7949,0.6441,0.9039,0.8965,
Train1Val_ClinVarHQ,center,prot_spliceai,,esm1v_650m,Hybrid_Concat_XGBoost,0.8193,0.8671,0.75,0.8873,0.8043,0.644,0.9029,0.8997,
Train1Val_ClinVarHQ,center,dna_prot_spliceai,nt_v1_500m,esm1b_650m,PyTorch_Gating,0.8151,0.8978,0.7069,0.9211,0.791,0.6438,0.906,0.9138,
Train1Val_ClinVarHQ,center,dna_prot,nt_v2_500m,esm1b_650m,PyTorch_Transformer,0.8179,0.8767,0.7356,0.8986,0.8,0.6435,0.9,0.9023,
Train1Val_ClinVarHQ,center,prot_spliceai,,esm1v_650m,Pure_XGBoost_Concat,0.8179,0.8767,0.7356,0.8986,0.8,0.6435,0.9045,0.9044,
Train1Val_ClinVarHQ,center,dna_prot_spliceai,nt_v2_500m,esm1b_650m,Hybrid_Concat_XGBoost,0.8193,0.8647,0.7529,0.8845,0.8049,0.6435,0.8969,0.8965,
Train1Val_ClinVarHQ,center,dna_prot_spliceai,nt_v1_500m,esm1b_650m,PyTorch_CrossAttn,0.8151,0.8949,0.7098,0.9183,0.7917,0.6431,0.8969,0.9022,
Train1Val_ClinVarHQ,mean,dna_prot_spliceai,nt_v1_500m,esm1b_650m,PyTorch_Concat,0.8151,0.8949,0.7098,0.9183,0.7917,0.6431,0.9083,0.908,
Train1Val_ClinVarHQ,center,dna_prot,nt_v1_500m,esmc_600m,PyTorch_Gating,0.8137,0.9033,0.6983,0.9268,0.7877,0.643,0.9213,0.9256,
Train1Val_ClinVarHQ,center,dna_prot_spliceai,nt_v3_650m,esmc_600m,PyTorch_CrossAttn,0.8137,0.9033,0.6983,0.9268,0.7877,0.643,0.924,0.9248,
Train1Val_ClinVarHQ,mean,dna_prot_spliceai,nt_v1_500m,esm1b_650m,Hybrid_Transformer_XGBoost,0.8208,0.8447,0.7816,0.8592,0.8119,0.643,0.905,0.9,
Train1Val_ClinVarHQ,center,dna_prot_spliceai,nt_v3_650m,esm1b_650m,PyTorch_Transformer,0.8179,0.8741,0.7385,0.8958,0.8006,0.6429,0.9069,0.9075,
Train1Val_ClinVarHQ,center,dna_prot,nt_v2_500m,esm1v_650m,PyTorch_Transformer,0.8165,0.8842,0.7241,0.907,0.7962,0.6428,0.901,0.8973,
Train1Val_ClinVarHQ,center,dna_prot,nt_v3_650m,esm1b_650m,Hybrid_Concat_XGBoost,0.8193,0.8599,0.7586,0.8789,0.8061,0.6426,0.9084,0.9107,
Train1Val_ClinVarHQ,center,dna_prot,nt_v3_650m,esm1b_650m,Hybrid_CrossAttn_XGBoost,0.8208,0.8405,0.7874,0.8535,0.8131,0.6425,0.9098,0.9106,
Train1Val_ClinVarHQ,mean,dna_prot_spliceai,nt_v2_500m,esm1b_650m,Hybrid_Transformer_XGBoost,0.8193,0.8576,0.7615,0.8761,0.8067,0.6422,0.9025,0.8979,
Train1Val_ClinVarHQ,center,dna_prot_spliceai,nt_v2_500m,esmc_600m,Pure_XGBoost_Concat,0.8179,0.8691,0.7443,0.8901,0.8019,0.6418,0.9021,0.9073,
Train1Val_ClinVarHQ,center,dna_prot,nt_v2_500m,esm1v_650m,Hybrid_Transformer_XGBoost,0.8179,0.8642,0.75,0.8845,0.8031,0.6409,0.9058,0.8999,
Train1Val_ClinVarHQ,center,dna_prot,nt_v3_650m,esm2_650m,Hybrid_CrossAttn_XGBoost,0.8179,0.8618,0.7529,0.8817,0.8037,0.6404,0.9007,0.8962,
Train1Val_ClinVarHQ,center,dna_prot_spliceai,nt_v3_650m,esm1v_650m,Hybrid_Concat_XGBoost,0.8179,0.8618,0.7529,0.8817,0.8037,0.6404,0.904,0.9017,
Train1Val_ClinVarHQ,mean,dna_prot_spliceai,nt_v1_500m,esm1b_650m,Hybrid_Concat_XGBoost,0.8179,0.8618,0.7529,0.8817,0.8037,0.6404,0.894,0.8908,
Train1Val_ClinVarHQ,center,dna_prot,nt_v2_500m,esmc_600m,PyTorch_Gating,0.8137,0.8917,0.7098,0.9155,0.7904,0.6398,0.9127,0.9137,
Train1Val_ClinVarHQ,center,dna_prot,nt_v1_500m,esm1v_650m,Hybrid_Gating_XGBoost,0.8165,0.8712,0.7385,0.893,0.7994,0.6398,0.8987,0.8929,
Train1Val_ClinVarHQ,center,dna_prot,nt_v3_650m,esm1b_650m,Pure_XGBoost_Concat,0.8179,0.8571,0.7586,0.8761,0.8049,0.6396,0.897,0.8985,
Train1Val_ClinVarHQ,center,dna_prot_spliceai,nt_v1_500m,esm1b_650m,Pure_XGBoost_Concat,0.8179,0.8571,0.7586,0.8761,0.8049,0.6396,0.902,0.903,
Train1Val_ClinVarHQ,center,dna_prot,nt_v2_500m,esm2_650m,Hybrid_CrossAttn_XGBoost,0.8165,0.8662,0.7443,0.8873,0.8006,0.6387,0.905,0.8982,
Train1Val_ClinVarHQ,center,dna_prot,nt_v3_650m,esm1b_650m,Hybrid_Transformer_XGBoost,0.8179,0.8503,0.7672,0.8676,0.8066,0.6385,0.9076,0.9109,
Train1Val_ClinVarHQ,center,dna_prot_spliceai,nt_v3_650m,esm1b_650m,PyTorch_Concat,0.8137,0.8861,0.7155,0.9099,0.7917,0.6383,0.9111,0.9125,
Train1Val_ClinVarHQ,center,dna_prot,nt_v3_650m,esm2_650m,Pure_XGBoost_Concat,0.8165,0.8638,0.7471,0.8845,0.8012,0.6382,0.9054,0.8976,
Train1Val_ClinVarHQ,center,dna_prot_spliceai,nt_v2_500m,esm1b_650m,Pure_XGBoost_Concat,0.8165,0.8638,0.7471,0.8845,0.8012,0.6382,0.8938,0.8984,
Train1Val_ClinVarHQ,mean,dna_prot,nt_v2_500m,esm1b_650m,Hybrid_Transformer_XGBoost,0.8179,0.8481,0.7701,0.8648,0.8072,0.6381,0.9033,0.8931,
Train1Val_ClinVarHQ,center,dna_prot,nt_v1_500m,esm1b_650m,PyTorch_Concat,0.8122,0.8942,0.704,0.9183,0.7878,0.638,0.9114,0.9149,
Train1Val_ClinVarHQ,center,dna_prot,nt_v2_500m,esm1v_650m,Hybrid_CrossAttn_XGBoost,0.8165,0.8614,0.75,0.8817,0.8018,0.6378,0.8997,0.8968,
Train1Val_ClinVarHQ,center,dna_prot,nt_v1_500m,esm1b_650m,PyTorch_CrossAttn,0.8122,0.8913,0.7069,0.9155,0.7885,0.6372,0.9005,0.9043,
Train1Val_ClinVarHQ,mean,dna_prot,nt_v1_500m,esm1b_650m,PyTorch_CrossAttn,0.8122,0.8913,0.7069,0.9155,0.7885,0.6372,0.9144,0.9106,
Train1Val_ClinVarHQ,center,dna_prot_spliceai,nt_v1_500m,esmc_600m,PyTorch_Transformer,0.8108,0.8996,0.6954,0.9239,0.7844,0.6371,0.9197,0.9224,
Train1Val_ClinVarHQ,mean,dna_prot_spliceai,nt_v3_650m,esm1b_650m,Hybrid_CrossAttn_XGBoost,0.8179,0.8395,0.7816,0.8535,0.8095,0.6371,0.8992,0.8905,
Train1Val_ClinVarHQ,center,dna_prot_spliceai,nt_v3_650m,esm1b_650m,PyTorch_Gating,0.8137,0.8807,0.7213,0.9042,0.793,0.637,0.9065,0.9068,
Train1Val_ClinVarHQ,center,dna_prot_spliceai,nt_v3_650m,esm1v_650m,Hybrid_CrossAttn_XGBoost,0.8165,0.8567,0.7557,0.8761,0.8031,0.6369,0.911,0.9057,
Train1Val_ClinVarHQ,center,dna_prot,nt_v2_500m,esm2_650m,Hybrid_Transformer_XGBoost,0.8151,0.8682,0.7385,0.8901,0.7981,0.6366,0.9005,0.8877,
Train1Val_ClinVarHQ,mean,dna_prot_spliceai,nt_v2_500m,esm1b_650m,PyTorch_Transformer,0.8122,0.8885,0.7098,0.9127,0.7891,0.6365,0.9054,0.8921,
Train1Val_ClinVarHQ,center,dna_prot_spliceai,nt_v3_650m,esmc_600m,PyTorch_Gating,0.808,0.9112,0.6782,0.9352,0.7776,0.6358,0.9146,0.9197,
Train1Val_ClinVarHQ,center,dna_prot_spliceai,nt_v2_500m,esm2_650m,Hybrid_CrossAttn_XGBoost,0.8151,0.8633,0.7443,0.8845,0.7994,0.6356,0.9021,0.8783,
Train1Val_ClinVarHQ,center,dna_prot,nt_v1_500m,esm2_650m,Hybrid_Transformer_XGBoost,0.8151,0.8609,0.7471,0.8817,0.8,0.6351,0.8957,0.895,
Train1Val_ClinVarHQ,mean,dna_prot,nt_v3_650m,esmc_600m,PyTorch_Transformer,0.8122,0.883,0.7155,0.907,0.7905,0.6351,0.8994,0.9009,
Train1Val_ClinVarHQ,cls,dna_prot_spliceai,nt_v3_650m,esm1b_650m,Hybrid_CrossAttn_XGBoost,0.8151,0.8609,0.7471,0.8817,0.8,0.6351,0.8945,0.8894,
Train1Val_ClinVarHQ,mean,dna_prot_spliceai,nt_v2_500m,esm1b_650m,Hybrid_CrossAttn_XGBoost,0.8151,0.8586,0.75,0.8789,0.8006,0.6347,0.8975,0.8913,
Train1Val_ClinVarHQ,center,dna_prot_spliceai,nt_v3_650m,esm2_650m,Pure_XGBoost_Concat,0.8137,0.8703,0.7328,0.893,0.7956,0.6345,0.9048,0.8946,
Train1Val_ClinVarHQ,mean,dna_prot_spliceai,nt_v1_500m,esm2_650m,Hybrid_Transformer_XGBoost,0.8137,0.8703,0.7328,0.893,0.7956,0.6345,0.899,0.893,
Train1Val_ClinVarHQ,center,dna_prot,nt_v3_650m,esm1b_650m,PyTorch_Gating,0.8122,0.8803,0.7184,0.9042,0.7911,0.6344,0.904,0.9053,
Train1Val_ClinVarHQ,mean,dna_prot_spliceai,nt_v2_500m,esm1b_650m,Hybrid_Concat_XGBoost,0.8151,0.8516,0.7586,0.8704,0.8024,0.6334,0.8993,0.8939,
Train1Val_ClinVarHQ,center,dna_prot,nt_v3_650m,esm1b_650m,PyTorch_Concat,0.8094,0.8934,0.6983,0.9183,0.7839,0.633,0.8988,0.8995,
Train1Val_ClinVarHQ,center,dna_prot,nt_v2_500m,esmc_600m,PyTorch_CrossAttn,0.8051,0.917,0.6667,0.9408,0.772,0.6328,0.9218,0.9264,
Train1Val_ClinVarHQ,center,dna_prot,nt_v3_650m,esm1v_650m,Hybrid_Transformer_XGBoost,0.8137,0.8605,0.7443,0.8817,0.7982,0.6325,0.9016,0.8988,
Train1Val_ClinVarHQ,center,dna_prot_spliceai,nt_v1_500m,esm1b_650m,Hybrid_CrossAttn_XGBoost,0.8151,0.8428,0.7701,0.8592,0.8048,0.6321,0.904,0.911,
Train1Val_ClinVarHQ,center,prot_spliceai,,esm2_650m,Hybrid_Concat_XGBoost,0.8137,0.8581,0.7471,0.8789,0.7988,0.632,0.9008,0.8846,
Train1Val_ClinVarHQ,center,dna_prot_spliceai,nt_v3_650m,esm2_650m,Hybrid_Transformer_XGBoost,0.8137,0.8581,0.7471,0.8789,0.7988,0.632,0.906,0.901,
Train1Val_ClinVarHQ,mean,dna_prot,nt_v1_500m,esm1b_650m,Hybrid_Gating_XGBoost,0.8151,0.8385,0.7759,0.8535,0.806,0.6316,0.8949,0.8848,
Train1Val_ClinVarHQ,center,dna_prot,nt_v1_500m,esm1b_650m,PyTorch_Transformer,0.8094,0.8877,0.704,0.9127,0.7853,0.6314,0.9022,0.9082,
Train1Val_ClinVarHQ,center,dna_prot,nt_v1_500m,esm2_650m,Pure_XGBoost_Concat,0.8122,0.8673,0.7328,0.8901,0.7944,0.6314,0.8953,0.8813,
Train1Val_ClinVarHQ,mean,dna_prot,nt_v1_500m,esm2_650m,PyTorch_Transformer,0.8122,0.8673,0.7328,0.8901,0.7944,0.6314,0.8954,0.878,
Train1Val_ClinVarHQ,center,dna_prot_spliceai,nt_v1_500m,esm1v_650m,Pure_XGBoost_Concat,0.8108,0.8772,0.7184,0.9014,0.7899,0.6312,0.8979,0.8994,
Train1Val_ClinVarHQ,center,dna_prot_spliceai,nt_v1_500m,esm2_650m,Pure_XGBoost_Concat,0.8122,0.8649,0.7356,0.8873,0.795,0.6308,0.8951,0.8872,
Train1Val_ClinVarHQ,center,dna_prot_spliceai,nt_v1_500m,esm1b_650m,PyTorch_Transformer,0.8094,0.8849,0.7069,0.9099,0.7859,0.6307,0.9029,0.9083,
Train1Val_ClinVarHQ,center,dna_prot,nt_v3_650m,esm1v_650m,Hybrid_CrossAttn_XGBoost,0.8122,0.8624,0.7385,0.8845,0.7957,0.6303,0.9053,0.904,
Train1Val_ClinVarHQ,center,dna_prot_spliceai,nt_v3_650m,esm1v_650m,Hybrid_Gating_XGBoost,0.8122,0.8624,0.7385,0.8845,0.7957,0.6303,0.9062,0.9037,
Train1Val_ClinVarHQ,center,dna_prot_spliceai,nt_v1_500m,esmc_600m,PyTorch_Concat,0.8051,0.9073,0.6753,0.9324,0.7743,0.6299,0.917,0.9234,
Train1Val_ClinVarHQ,mean,dna_prot,nt_v3_650m,esmc_600m,PyTorch_Concat,0.8122,0.86,0.7414,0.8817,0.7963,0.6298,0.9031,0.9006,
Train1Val_ClinVarHQ,center,dna_prot,nt_v1_500m,esm1v_650m,Hybrid_CrossAttn_XGBoost,0.8122,0.86,0.7414,0.8817,0.7963,0.6298,0.9011,0.8951,
Train1Val_ClinVarHQ,mean,dna_prot,nt_v2_500m,esm1b_650m,PyTorch_Gating,0.8065,0.8985,0.6868,0.9239,0.7785,0.6296,0.9107,0.9034,
Train1Val_ClinVarHQ,center,dna_prot_spliceai,nt_v3_650m,esm1v_650m,PyTorch_CrossAttn,0.808,0.8901,0.6983,0.9155,0.7826,0.6296,0.9073,0.9022,
Train1Val_ClinVarHQ,center,dna_prot,nt_v2_500m,esm2_650m,Pure_XGBoost_Concat,0.8108,0.8694,0.727,0.893,0.7919,0.6293,0.8893,0.8868,
Train1Val_ClinVarHQ,center,dna_prot,nt_v2_500m,esmc_600m,PyTorch_Transformer,0.8065,0.8955,0.6897,0.9211,0.7792,0.6287,0.9158,0.9228,
Train1Val_ClinVarHQ,mean,dna_prot,nt_v3_650m,esm1b_650m,PyTorch_Transformer,0.8065,0.8955,0.6897,0.9211,0.7792,0.6287,0.9111,0.9005,
Train1Val_ClinVarHQ,mean,dna_prot,nt_v2_500m,esmc_600m,PyTorch_Concat,0.8065,0.8955,0.6897,0.9211,0.7792,0.6287,0.9039,0.9073,
Train1Val_ClinVarHQ,center,dna_prot,nt_v2_500m,esm2_650m,Hybrid_Concat_XGBoost,0.8094,0.8768,0.7155,0.9014,0.788,0.6286,0.8998,0.8924,
Train1Val_ClinVarHQ,mean,dna_prot,nt_v3_650m,esmc_600m,PyTorch_CrossAttn,0.808,0.8845,0.704,0.9099,0.784,0.6281,0.8961,0.8967,
Train1Val_ClinVarHQ,mean,dna_prot_spliceai,nt_v3_650m,esm1b_650m,Pure_XGBoost_Concat,0.8122,0.8506,0.7529,0.8704,0.7988,0.6281,0.8916,0.8905,
Train1Val_ClinVarHQ,center,dna_prot,nt_v1_500m,esm1v_650m,Pure_XGBoost_Concat,0.8094,0.8741,0.7184,0.8986,0.7886,0.628,0.9026,0.899,
Train1Val_ClinVarHQ,center,dna_prot_spliceai,nt_v1_500m,esm2_650m,PyTorch_CrossAttn,0.8065,0.8926,0.6925,0.9183,0.7799,0.6279,0.9026,0.8983,
Train1Val_ClinVarHQ,center,dna_prot_spliceai,nt_v3_650m,esm2_650m,Hybrid_Concat_XGBoost,0.8108,0.862,0.7356,0.8845,0.7938,0.6277,0.9034,0.8999,
Train1Val_ClinVarHQ,center,dna_prot_spliceai,nt_v2_500m,esm1v_650m,Pure_XGBoost_Concat,0.808,0.8817,0.7069,0.907,0.7847,0.6274,0.898,0.8996,
Train1Val_ClinVarHQ,mean,dna_prot,nt_v1_500m,esm1b_650m,PyTorch_Gating,0.8065,0.8897,0.6954,0.9155,0.7806,0.6271,0.9075,0.8943,
Train1Val_ClinVarHQ,center,dna_prot,nt_v2_500m,esm1v_650m,Pure_XGBoost_Concat,0.8065,0.8897,0.6954,0.9155,0.7806,0.6271,0.8983,0.8965,
Train1Val_ClinVarHQ,mean,dna_prot_spliceai,nt_v2_500m,esm2_650m,PyTorch_Gating,0.8065,0.8897,0.6954,0.9155,0.7806,0.6271,0.9117,0.9078,
Train1Val_ClinVarHQ,mean,dna_prot,nt_v3_650m,esm1b_650m,Hybrid_CrossAttn_XGBoost,0.8122,0.8439,0.7615,0.862,0.8006,0.627,0.904,0.8962,
Train1Val_ClinVarHQ,center,dna_prot_spliceai,nt_v3_650m,esm2_650m,Hybrid_CrossAttn_XGBoost,0.8122,0.8396,0.7672,0.8563,0.8018,0.6264,0.8977,0.8903,
Train1Val_ClinVarHQ,mean,dna_prot_spliceai,nt_v3_650m,esm2_650m,Hybrid_CrossAttn_XGBoost,0.8122,0.8396,0.7672,0.8563,0.8018,0.6264,0.8921,0.8835,
Train1Val_ClinVarHQ,cls,prot,,esm1b_650m,Hybrid_Concat_XGBoost,0.8108,0.8548,0.7443,0.8761,0.7957,0.6263,0.888,0.8856,
Train1Val_ClinVarHQ,mean,prot,,esm1b_650m,Hybrid_Concat_XGBoost,0.8108,0.8548,0.7443,0.8761,0.7957,0.6263,0.8993,0.8924,
Train1Val_ClinVarHQ,cls,prot,,esm1b_650m,Hybrid_Concat_XGBoost,0.8108,0.8548,0.7443,0.8761,0.7957,0.6263,0.888,0.8856,
Train1Val_ClinVarHQ,mean,prot,,esm1b_650m,Hybrid_Concat_XGBoost,0.8108,0.8548,0.7443,0.8761,0.7957,0.6263,0.8993,0.8924,
Train1Val_ClinVarHQ,cls,prot,,esm1b_650m,Hybrid_Concat_XGBoost,0.8108,0.8548,0.7443,0.8761,0.7957,0.6263,0.888,0.8856,
Train1Val_ClinVarHQ,mean,prot,,esm1b_650m,Hybrid_Concat_XGBoost,0.8108,0.8548,0.7443,0.8761,0.7957,0.6263,0.8993,0.8924,
Train1Val_ClinVarHQ,cls,prot,,esm1b_650m,Hybrid_Concat_XGBoost,0.8108,0.8548,0.7443,0.8761,0.7957,0.6263,0.888,0.8856,
Train1Val_ClinVarHQ,mean,prot,,esm1b_650m,Hybrid_Concat_XGBoost,0.8108,0.8548,0.7443,0.8761,0.7957,0.6263,0.8993,0.8924,
Train1Val_ClinVarHQ,cls,prot,,esm1b_650m,Hybrid_Concat_XGBoost,0.8108,0.8548,0.7443,0.8761,0.7957,0.6263,0.888,0.8856,
Train1Val_ClinVarHQ,center,prot_spliceai,,esm2_650m,Pure_XGBoost_Concat,0.8094,0.8639,0.7299,0.8873,0.7913,0.6256,0.8916,0.8888,
Train1Val_ClinVarHQ,mean,dna_prot,nt_v3_650m,esm1b_650m,PyTorch_CrossAttn,0.8037,0.9008,0.6782,0.9268,0.7738,0.6255,0.9111,0.9019,
Train1Val_ClinVarHQ,center,dna_prot,nt_v3_650m,esm1v_650m,Hybrid_Concat_XGBoost,0.8108,0.8502,0.75,0.8704,0.7969,0.6254,0.9051,0.9024,
Train1Val_ClinVarHQ,mean,dna_prot_spliceai,nt_v1_500m,esm1b_650m,PyTorch_Transformer,0.8051,0.8922,0.6897,0.9183,0.778,0.6254,0.9075,0.9063,
Train1Val_ClinVarHQ,mean,dna_prot_spliceai,nt_v3_650m,esm1b_650m,Hybrid_Transformer_XGBoost,0.8108,0.8502,0.75,0.8704,0.7969,0.6254,0.9011,0.8956,
Train1Val_ClinVarHQ,cls,dna_prot,nt_v2_500m,esm1b_650m,Hybrid_Gating_XGBoost,0.8094,0.8615,0.7328,0.8845,0.7919,0.6251,0.8968,0.8934,
Train1Val_ClinVarHQ,center,dna_prot_spliceai,nt_v2_500m,esm1v_650m,Hybrid_CrossAttn_XGBoost,0.8108,0.8479,0.7529,0.8676,0.7976,0.625,0.9063,0.9044,
Train1Val_ClinVarHQ,center,dna_prot,nt_v2_500m,esm1b_650m,PyTorch_Concat,0.8065,0.8813,0.704,0.907,0.7827,0.6248,0.9081,0.9045,
Train1Val_ClinVarHQ,center,dna_prot_spliceai,nt_v3_650m,esm1v_650m,PyTorch_Concat,0.8065,0.8813,0.704,0.907,0.7827,0.6248,0.9074,0.9046,
Train1Val_ClinVarHQ,mean,dna_prot,nt_v2_500m,esm1b_650m,PyTorch_CrossAttn,0.808,0.8711,0.7184,0.8958,0.7874,0.6247,0.9022,0.8878,
Train1Val_ClinVarHQ,center,dna_prot_spliceai,nt_v3_650m,esm1v_650m,Pure_XGBoost_Concat,0.808,0.8711,0.7184,0.8958,0.7874,0.6247,0.9006,0.8964,
Train1Val_ClinVarHQ,mean,dna_prot_spliceai,nt_v3_650m,esm1b_650m,Hybrid_Gating_XGBoost,0.8108,0.8457,0.7557,0.8648,0.7982,0.6247,0.8941,0.881,
Train1Val_ClinVarHQ,center,dna_prot_spliceai,nt_v1_500m,esm2_650m,Hybrid_CrossAttn_XGBoost,0.8094,0.8591,0.7356,0.8817,0.7926,0.6246,0.8983,0.8964,
Train1Val_ClinVarHQ,mean,prot_spliceai,,esm1b_650m,Pure_XGBoost_Concat,0.8094,0.8591,0.7356,0.8817,0.7926,0.6246,0.8859,0.8802,
Train1Val_ClinVarHQ,center,dna_prot,nt_v1_500m,esm1b_650m,PyTorch_Gating,0.8051,0.8864,0.6954,0.9127,0.7794,0.6238,0.8954,0.9027,
Train1Val_ClinVarHQ,center,prot_spliceai,,esm1b_650m,PyTorch_Concat,0.8037,0.8947,0.6839,0.9211,0.7752,0.6237,0.9105,0.9074,
Train1Val_ClinVarHQ,mean,dna_prot_spliceai,nt_v1_500m,esm1b_650m,Hybrid_CrossAttn_XGBoost,0.8094,0.8543,0.7414,0.8761,0.7938,0.6236,0.8975,0.8977,
Train1Val_ClinVarHQ,center,dna_prot,nt_v1_500m,esm1v_650m,PyTorch_Transformer,0.8051,0.8836,0.6983,0.9099,0.7801,0.623,0.8959,0.8977,
Train1Val_ClinVarHQ,center,dna_prot,nt_v2_500m,esm1v_650m,PyTorch_Concat,0.8023,0.9004,0.6753,0.9268,0.7718,0.623,0.8981,0.8942,
Train1Val_ClinVarHQ,mean,dna_prot_spliceai,nt_v3_650m,esmc_600m,PyTorch_Gating,0.808,0.8635,0.727,0.8873,0.7894,0.623,0.8971,0.8978,
Train1Val_ClinVarHQ,mean,dna_prot_spliceai,nt_v3_650m,esm1b_650m,PyTorch_CrossAttn,0.8037,0.8918,0.6868,0.9183,0.776,0.6229,0.9079,0.8964,
Train1Val_ClinVarHQ,mean,prot,,esm1b_650m,Pure_XGBoost_Concat,0.8094,0.8497,0.7471,0.8704,0.7951,0.6228,0.8786,0.8814,
Train1Val_ClinVarHQ,mean,prot,,esm1b_650m,Pure_XGBoost_Concat,0.8094,0.8497,0.7471,0.8704,0.7951,0.6228,0.8786,0.8814,
Train1Val_ClinVarHQ,mean,prot,,esm1b_650m,Pure_XGBoost_Concat,0.8094,0.8497,0.7471,0.8704,0.7951,0.6228,0.8786,0.8814,
Train1Val_ClinVarHQ,mean,prot,,esm1b_650m,Pure_XGBoost_Concat,0.8094,0.8497,0.7471,0.8704,0.7951,0.6228,0.8786,0.8814,
Train1Val_ClinVarHQ,mean,dna_prot,nt_v2_500m,esmc_600m,PyTorch_CrossAttn,0.8037,0.8889,0.6897,0.9155,0.7767,0.6221,0.9023,0.9048,
Train1Val_ClinVarHQ,center,dna_prot,nt_v3_650m,esm2_650m,Hybrid_Gating_XGBoost,0.8094,0.8429,0.7557,0.862,0.797,0.6216,0.905,0.896,
Train1Val_ClinVarHQ,mean,dna_prot,nt_v1_500m,esm1b_650m,PyTorch_Transformer,0.8023,0.8943,0.681,0.9211,0.7732,0.6212,0.909,0.9068,
Train1Val_ClinVarHQ,mean,dna_prot,nt_v1_500m,esm2_650m,PyTorch_Gating,0.8023,0.8943,0.681,0.9211,0.7732,0.6212,0.8949,0.8796,
Train1Val_ClinVarHQ,center,dna_prot_spliceai,nt_v1_500m,esm1v_650m,PyTorch_Transformer,0.8051,0.8754,0.7069,0.9014,0.7822,0.6209,0.8941,0.8892,
Train1Val_ClinVarHQ,mean,dna_prot,nt_v1_500m,esm2_650m,Hybrid_Transformer_XGBoost,0.8094,0.8365,0.7644,0.8535,0.7988,0.6207,0.8935,0.8755,
Train1Val_ClinVarHQ,mean,dna_prot,nt_v2_500m,esm2_650m,PyTorch_CrossAttn,0.8009,0.9,0.6724,0.9268,0.7697,0.6205,0.9081,0.9001,
Train1Val_ClinVarHQ,cls,dna_prot_spliceai,nt_v2_500m,esm1b_650m,Hybrid_CrossAttn_XGBoost,0.808,0.8515,0.7414,0.8732,0.7926,0.6205,0.8911,0.8821,
Train1Val_ClinVarHQ,center,dna_prot_spliceai,nt_v1_500m,esm1v_650m,Hybrid_Concat_XGBoost,0.8065,0.863,0.7241,0.8873,0.7875,0.6204,0.9017,0.8978,
Train1Val_ClinVarHQ,mean,dna_prot,nt_v2_500m,esm1b_650m,PyTorch_Concat,0.8037,0.8804,0.6983,0.907,0.7788,0.6198,0.907,0.9014,
Train1Val_ClinVarHQ,center,dna_prot_spliceai,nt_v2_500m,esm1b_650m,PyTorch_Gating,0.8037,0.8804,0.6983,0.907,0.7788,0.6198,0.9052,0.9035,
Train1Val_ClinVarHQ,center,dna_prot_spliceai,nt_v2_500m,esm1v_650m,PyTorch_CrossAttn,0.8023,0.8885,0.6868,0.9155,0.7747,0.6196,0.9095,0.9022,
Train1Val_ClinVarHQ,center,dna_prot,nt_v1_500m,esm1b_650m,Pure_XGBoost_Concat,0.808,0.8447,0.75,0.8648,0.7945,0.6193,0.8969,0.9017,
Train1Val_ClinVarHQ,mean,dna_prot,nt_v2_500m,esm1b_650m,Hybrid_CrossAttn_XGBoost,0.808,0.8447,0.75,0.8648,0.7945,0.6193,0.9021,0.8927,
Train1Val_ClinVarHQ,mean,dna_prot_spliceai,nt_v3_650m,esmc_600m,Hybrid_CrossAttn_XGBoost,0.8065,0.8557,0.7328,0.8789,0.7895,0.6188,0.8715,0.8836,
Train1Val_ClinVarHQ,center,dna_prot_spliceai,nt_v3_650m,esm1v_650m,PyTorch_Transformer,0.8009,0.8939,0.6782,0.9211,0.7712,0.6187,0.9025,0.8998,
Train1Val_ClinVarHQ,center,dna_prot,nt_v1_500m,esm2_650m,Hybrid_CrossAttn_XGBoost,0.8051,0.8625,0.7213,0.8873,0.7856,0.6178,0.902,0.8962,
Train1Val_ClinVarHQ,cls,dna_prot,nt_v3_650m,esm1b_650m,PyTorch_CrossAttn,0.8037,0.8723,0.7069,0.8986,0.781,0.6177,0.8998,0.8991,
Train1Val_ClinVarHQ,center,dna_prot_spliceai,nt_v2_500m,esm2_650m,Hybrid_Concat_XGBoost,0.8037,0.8723,0.7069,0.8986,0.781,0.6177,0.9028,0.8887,
Train1Val_ClinVarHQ,mean,dna_prot,nt_v3_650m,esm2_650m,Hybrid_Concat_XGBoost,0.8065,0.8487,0.7414,0.8704,0.7914,0.6174,0.8898,0.8738,
Train1Val_ClinVarHQ,mean,dna_prot,nt_v2_500m,esm1b_650m,Hybrid_Concat_XGBoost,0.8065,0.8487,0.7414,0.8704,0.7914,0.6174,0.8921,0.8852,
Train1Val_ClinVarHQ,center,dna_prot_spliceai,nt_v3_650m,esm1v_650m,Hybrid_Transformer_XGBoost,0.8065,0.8487,0.7414,0.8704,0.7914,0.6174,0.9082,0.9054,
Train1Val_ClinVarHQ,mean,dna_prot_spliceai,nt_v1_500m,esm1b_650m,Hybrid_Gating_XGBoost,0.8065,0.8487,0.7414,0.8704,0.7914,0.6174,0.9027,0.8942,
Train1Val_ClinVarHQ,center,dna_prot_spliceai,nt_v1_500m,esm1b_650m,PyTorch_Concat,0.8009,0.8881,0.6839,0.9155,0.7727,0.617,0.8979,0.902,
Train1Val_ClinVarHQ,mean,dna_prot_spliceai,nt_v3_650m,esmc_600m,PyTorch_CrossAttn,0.8023,0.8773,0.6983,0.9042,0.7776,0.6165,0.8951,0.8955,
Train1Val_ClinVarHQ,mean,dna_prot,nt_v3_650m,esmc_600m,PyTorch_Gating,0.8009,0.8852,0.6868,0.9127,0.7735,0.6162,0.8967,0.8973,
Train1Val_ClinVarHQ,center,dna_prot,nt_v3_650m,esm1v_650m,Hybrid_Gating_XGBoost,0.8051,0.8552,0.7299,0.8789,0.7876,0.6162,0.9021,0.8995,
Train1Val_ClinVarHQ,center,dna_prot_spliceai,nt_v1_500m,esm1v_650m,PyTorch_Concat,0.8009,0.8852,0.6868,0.9127,0.7735,0.6162,0.9046,0.9044,
Train1Val_ClinVarHQ,center,dna_prot_spliceai,nt_v2_500m,esm1v_650m,PyTorch_Transformer,0.7966,0.9084,0.6552,0.9352,0.7613,0.6161,0.9,0.8969,
Train1Val_ClinVarHQ,mean,dna_prot,nt_v1_500m,esm2_650m,PyTorch_Concat,0.798,0.8992,0.6667,0.9268,0.7657,0.6156,0.8956,0.885,
Train1Val_ClinVarHQ,mean,dna_prot,nt_v3_650m,esm1b_650m,PyTorch_Concat,0.8009,0.8824,0.6897,0.9099,0.7742,0.6154,0.9022,0.8924,
Train1Val_ClinVarHQ,cls,dna_prot_spliceai,nt_v2_500m,esm1b_650m,Hybrid_Gating_XGBoost,0.8037,0.8621,0.7184,0.8873,0.7837,0.6152,0.8872,0.8831,
Train1Val_ClinVarHQ,mean,dna_prot_spliceai,nt_v1_500m,esm2_650m,PyTorch_Transformer,0.8009,0.8796,0.6925,0.907,0.7749,0.6147,0.9016,0.8857,
Train1Val_ClinVarHQ,mean,dna_prot_spliceai,nt_v3_650m,esm1b_650m,PyTorch_Transformer,0.8009,0.8796,0.6925,0.907,0.7749,0.6147,0.9162,0.9048,
Train1Val_ClinVarHQ,center,dna_prot,nt_v2_500m,esm1v_650m,PyTorch_Gating,0.798,0.8962,0.6695,0.9239,0.7664,0.6146,0.9027,0.8953,
Train1Val_ClinVarHQ,mean,dna_prot,nt_v1_500m,esm2_650m,Hybrid_Concat_XGBoost,0.8051,0.8459,0.7414,0.8676,0.7902,0.6144,0.8848,0.872,
Train1Val_ClinVarHQ,mean,dna_prot_spliceai,nt_v3_650m,esmc_600m,PyTorch_Transformer,0.7994,0.8848,0.6839,0.9127,0.7715,0.6137,0.9025,0.9009,
Train1Val_ClinVarHQ,center,dna_prot,nt_v1_500m,esm2_650m,PyTorch_Concat,0.7952,0.908,0.6523,0.9352,0.7592,0.6136,0.9043,0.8951,
Train1Val_ClinVarHQ,mean,dna_prot_spliceai,nt_v1_500m,esm2_650m,Hybrid_CrossAttn_XGBoost,0.8037,0.8547,0.727,0.8789,0.7857,0.6136,0.8864,0.8733,
Train1Val_ClinVarHQ,mean,dna_prot,nt_v3_650m,esm1b_650m,Hybrid_Transformer_XGBoost,0.8051,0.8392,0.75,0.8592,0.7921,0.6132,0.8976,0.8896,
Train1Val_ClinVarHQ,mean,dna_prot,nt_v2_500m,esmc_600m,PyTorch_Transformer,0.8009,0.8741,0.6983,0.9014,0.7764,0.6132,0.9071,0.9036,
Train1Val_ClinVarHQ,cls,dna_prot_spliceai,nt_v1_500m,esm1b_650m,PyTorch_Concat,0.8023,0.8641,0.7126,0.8901,0.7811,0.6132,0.8899,0.8921,
Train1Val_ClinVarHQ,mean,dna_prot_spliceai,nt_v3_650m,esm2_650m,Hybrid_Transformer_XGBoost,0.8051,0.8392,0.75,0.8592,0.7921,0.6132,0.8963,0.879,
Train1Val_ClinVarHQ,center,dna_prot,nt_v2_500m,esm2_650m,PyTorch_Concat,0.798,0.8902,0.6753,0.9183,0.768,0.6129,0.9004,0.8949,
Train1Val_ClinVarHQ,mean,dna_prot,nt_v3_650m,esm1b_650m,Hybrid_Gating_XGBoost,0.8051,0.8371,0.7529,0.8563,0.7927,0.6129,0.8975,0.8933,
Train1Val_ClinVarHQ,mean,dna_prot_spliceai,nt_v1_500m,esm2_650m,PyTorch_CrossAttn,0.798,0.8902,0.6753,0.9183,0.768,0.6129,0.8961,0.8841,
Train1Val_ClinVarHQ,center,dna_prot,nt_v3_650m,esm2_650m,Hybrid_Transformer_XGBoost,0.8037,0.85,0.7328,0.8732,0.787,0.6126,0.9009,0.8952,
Train1Val_ClinVarHQ,center,dna_prot,nt_v2_500m,esm1v_650m,PyTorch_CrossAttn,0.7952,0.9048,0.6552,0.9324,0.76,0.6126,0.911,0.8968,
Train1Val_ClinVarHQ,center,dna_prot_spliceai,nt_v3_650m,esm2_650m,Hybrid_Gating_XGBoost,0.8037,0.85,0.7328,0.8732,0.787,0.6126,0.8968,0.8837,
Train1Val_ClinVarHQ,center,dna_prot_spliceai,nt_v2_500m,esm2_650m,Pure_XGBoost_Concat,0.8037,0.85,0.7328,0.8732,0.787,0.6126,0.8916,0.8791,
Train1Val_ClinVarHQ,mean,dna_prot,nt_v2_500m,esm2_650m,PyTorch_Transformer,0.8009,0.8714,0.7011,0.8986,0.7771,0.6125,0.9025,0.8953,
Train1Val_ClinVarHQ,mean,dna_prot,nt_v3_650m,esm2_650m,Hybrid_Transformer_XGBoost,0.8037,0.8477,0.7356,0.8704,0.7877,0.6121,0.9009,0.8885,
Train1Val_ClinVarHQ,cls,dna_prot_spliceai,nt_v3_650m,esm1b_650m,Hybrid_Concat_XGBoost,0.8037,0.8477,0.7356,0.8704,0.7877,0.6121,0.8855,0.8798,
Train1Val_ClinVarHQ,mean,dna_prot_spliceai,nt_v3_650m,esmc_600m,PyTorch_Concat,0.7994,0.8791,0.6897,0.907,0.7729,0.6121,0.9028,0.9014,
Train1Val_ClinVarHQ,cls,dna_prot,nt_v2_500m,esm1b_650m,Pure_XGBoost_Concat,0.8023,0.8591,0.7184,0.8845,0.7825,0.612,0.8807,0.8687,
Train1Val_ClinVarHQ,mean,dna_prot,nt_v3_650m,esm2_650m,PyTorch_Gating,0.798,0.8872,0.6782,0.9155,0.7687,0.612,0.8989,0.8911,
Train1Val_ClinVarHQ,mean,dna_prot,nt_v3_650m,esm2_650m,PyTorch_CrossAttn,0.7994,0.8764,0.6925,0.9042,0.7737,0.6114,0.8968,0.885,
Train1Val_ClinVarHQ,center,dna_prot,nt_v1_500m,esm2_650m,Hybrid_Concat_XGBoost,0.8009,0.8662,0.7069,0.893,0.7785,0.6112,0.897,0.8915,
Train1Val_ClinVarHQ,mean,dna_prot,nt_v1_500m,esm1b_650m,PyTorch_Concat,0.798,0.8843,0.681,0.9127,0.7695,0.6112,0.9098,0.9073,
Train1Val_ClinVarHQ,center,dna_prot,nt_v1_500m,esm1v_650m,PyTorch_Gating,0.7937,0.9076,0.6494,0.9352,0.7571,0.6112,0.8978,0.8941,
Train1Val_ClinVarHQ,mean,dna_prot,nt_v2_500m,esm1b_650m,Hybrid_Gating_XGBoost,0.8037,0.8409,0.7443,0.862,0.7896,0.6109,0.8965,0.8816,
Train1Val_ClinVarHQ,mean,dna_prot_spliceai,nt_v2_500m,esmc_600m,PyTorch_CrossAttn,0.7994,0.8736,0.6954,0.9014,0.7744,0.6107,0.901,0.9027,
Train1Val_ClinVarHQ,cls,dna_prot,nt_v3_650m,esm1b_650m,Hybrid_CrossAttn_XGBoost,0.8037,0.8387,0.7471,0.8592,0.7903,0.6105,0.8837,0.8759,
Train1Val_ClinVarHQ,cls,dna_prot,nt_v3_650m,esm1b_650m,PyTorch_Concat,0.798,0.8787,0.6868,0.907,0.771,0.6096,0.8943,0.8937,
Train1Val_ClinVarHQ,mean,dna_prot_spliceai,nt_v1_500m,esm1b_650m,PyTorch_Gating,0.7966,0.8868,0.6753,0.9155,0.7667,0.6095,0.9013,0.8925,
Train1Val_ClinVarHQ,mean,dna_prot_spliceai,nt_v3_650m,esm1b_650m,PyTorch_Gating,0.7966,0.8868,0.6753,0.9155,0.7667,0.6095,0.9084,0.9077,
Train1Val_ClinVarHQ,center,dna_prot_spliceai,nt_v1_500m,esm1v_650m,Hybrid_Gating_XGBoost,0.8009,0.8586,0.7155,0.8845,0.7806,0.6094,0.8983,0.8993,
Train1Val_ClinVarHQ,mean,dna_prot,nt_v1_500m,esm1b_650m,Hybrid_Concat_XGBoost,0.8023,0.8449,0.7356,0.8676,0.7865,0.609,0.8992,0.8965,
Train1Val_ClinVarHQ,cls,dna_prot,nt_v3_650m,esm1b_650m,Hybrid_Gating_XGBoost,0.8009,0.8562,0.7184,0.8817,0.7812,0.6088,0.8918,0.8918,
Train1Val_ClinVarHQ,center,dna_prot_spliceai,nt_v1_500m,esm1v_650m,PyTorch_CrossAttn,0.7952,0.8923,0.6667,0.9211,0.7632,0.6088,0.9015,0.8996,
Train1Val_ClinVarHQ,cls,dna_prot_spliceai,nt_v3_650m,esm1b_650m,PyTorch_CrossAttn,0.798,0.8759,0.6897,0.9042,0.7717,0.6088,0.8962,0.8963,
Train1Val_ClinVarHQ,mean,dna_prot_spliceai,nt_v1_500m,esm1b_650m,PyTorch_CrossAttn,0.798,0.8759,0.6897,0.9042,0.7717,0.6088,0.9095,0.9059,
Train1Val_ClinVarHQ,cls,dna_prot,nt_v3_650m,esm1b_650m,Hybrid_Concat_XGBoost,0.8023,0.8426,0.7385,0.8648,0.7871,0.6086,0.8842,0.8724,
Train1Val_ClinVarHQ,mean,dna_prot,nt_v2_500m,esm2_650m,Hybrid_Transformer_XGBoost,0.8023,0.8426,0.7385,0.8648,0.7871,0.6086,0.8957,0.8784,
Train1Val_ClinVarHQ,cls,dna_prot_spliceai,nt_v1_500m,esm1b_650m,Hybrid_CrossAttn_XGBoost,0.8023,0.8426,0.7385,0.8648,0.7871,0.6086,0.8876,0.8882,
Train1Val_ClinVarHQ,center,dna_prot_spliceai,nt_v2_500m,esm1v_650m,Hybrid_Concat_XGBoost,0.8009,0.8537,0.7213,0.8789,0.7819,0.6083,0.8982,0.8962,
Train1Val_ClinVarHQ,cls,dna_prot,nt_v1_500m,esm1b_650m,Hybrid_Transformer_XGBoost,0.8023,0.8404,0.7414,0.862,0.7878,0.6082,0.8789,0.8763,
Train1Val_ClinVarHQ,mean,dna_prot_spliceai,nt_v1_500m,esm2_650m,Hybrid_Concat_XGBoost,0.8023,0.8404,0.7414,0.862,0.7878,0.6082,0.8793,0.8682,
Train1Val_ClinVarHQ,mean,prot_spliceai,,esmc_600m,PyTorch_Concat,0.798,0.8732,0.6925,0.9014,0.7724,0.6081,0.9021,0.9006,
Train1Val_ClinVarHQ,mean,dna_prot,nt_v1_500m,esm2_650m,PyTorch_CrossAttn,0.7952,0.8893,0.6695,0.9183,0.7639,0.6079,0.9014,0.8849,
Train1Val_ClinVarHQ,center,dna_prot_spliceai,nt_v1_500m,esm1v_650m,Hybrid_Transformer_XGBoost,0.8023,0.8382,0.7443,0.8592,0.7884,0.6078,0.8998,0.897,
Train1Val_ClinVarHQ,mean,dna_prot_spliceai,nt_v2_500m,esm1b_650m,PyTorch_Concat,0.7966,0.881,0.681,0.9099,0.7682,0.6078,0.9054,0.9008,
Train1Val_ClinVarHQ,mean,dna_prot_spliceai,nt_v2_500m,esmc_600m,PyTorch_Gating,0.7966,0.881,0.681,0.9099,0.7682,0.6078,0.8885,0.8952,
Train1Val_ClinVarHQ,mean,dna_prot_spliceai,nt_v2_500m,esmc_600m,Hybrid_CrossAttn_XGBoost,0.7994,0.8606,0.7098,0.8873,0.778,0.6074,0.8787,0.8889,
Train1Val_ClinVarHQ,mean,dna_prot,nt_v1_500m,esm2_650m,Hybrid_CrossAttn_XGBoost,0.8009,0.849,0.727,0.8732,0.7833,0.6073,0.8913,0.8851,
Train1Val_ClinVarHQ,mean,dna_prot_spliceai,nt_v2_500m,esm2_650m,PyTorch_CrossAttn,0.8009,0.849,0.727,0.8732,0.7833,0.6073,0.8965,0.8882,
Train1Val_ClinVarHQ,center,dna_prot,nt_v2_500m,esm2_650m,PyTorch_Gating,0.7937,0.8949,0.6609,0.9239,0.7603,0.6072,0.9067,0.8947,
Train1Val_ClinVarHQ,mean,dna_prot,nt_v3_650m,esm1b_650m,PyTorch_Gating,0.798,0.8679,0.6983,0.8958,0.7739,0.6067,0.9068,0.895,
Train1Val_ClinVarHQ,mean,dna_prot,nt_v2_500m,esm2_650m,Hybrid_CrossAttn_XGBoost,0.8009,0.8444,0.7328,0.8676,0.7846,0.6064,0.8846,0.8759,
Train1Val_ClinVarHQ,cls,prot_spliceai,,esm1b_650m,Pure_XGBoost_Concat,0.8009,0.8444,0.7328,0.8676,0.7846,0.6064,0.8765,0.8733,
Train1Val_ClinVarHQ,mean,dna_prot,nt_v2_500m,esmc_600m,Hybrid_Gating_XGBoost,0.7994,0.8557,0.7155,0.8817,0.7793,0.6062,0.8854,0.8842,
Train1Val_ClinVarHQ,center,dna_prot_spliceai,nt_v2_500m,esm1v_650m,PyTorch_Concat,0.7952,0.8835,0.6753,0.9127,0.7655,0.6061,0.8966,0.8877,
Train1Val_ClinVarHQ,mean,dna_prot,nt_v3_650m,esm1b_650m,Pure_XGBoost_Concat,0.8009,0.8421,0.7356,0.8648,0.7853,0.6059,0.8906,0.8879,
Train1Val_ClinVarHQ,mean,dna_prot_spliceai,nt_v1_500m,esm1b_650m,Pure_XGBoost_Concat,0.8009,0.8421,0.7356,0.8648,0.7853,0.6059,0.883,0.8801,
Train1Val_ClinVarHQ,center,dna_prot_spliceai,nt_v3_650m,esm2_650m,PyTorch_Concat,0.7966,0.8727,0.6897,0.9014,0.7705,0.6055,0.8996,0.8992,
Train1Val_ClinVarHQ,cls,dna_prot_spliceai,nt_v1_500m,esm1b_650m,PyTorch_Transformer,0.7966,0.8727,0.6897,0.9014,0.7705,0.6055,0.8907,0.892,
Train1Val_ClinVarHQ,mean,dna_prot,nt_v3_650m,esm2_650m,Hybrid_CrossAttn_XGBoost,0.8009,0.8355,0.7443,0.8563,0.7872,0.6048,0.8898,0.8796,
Train1Val_ClinVarHQ,mean,dna_prot_spliceai,nt_v2_500m,esm2_650m,Hybrid_Gating_XGBoost,0.8009,0.8355,0.7443,0.8563,0.7872,0.6048,0.8843,0.8757,
Train1Val_ClinVarHQ,cls,dna_prot,nt_v1_500m,esm1b_650m,Hybrid_Concat_XGBoost,0.7994,0.8485,0.7241,0.8732,0.7814,0.6047,0.8887,0.8819,
Train1Val_ClinVarHQ,mean,dna_prot,nt_v1_500m,esm2_650m,Hybrid_Gating_XGBoost,0.7994,0.8485,0.7241,0.8732,0.7814,0.6047,0.8876,0.868,
Train1Val_ClinVarHQ,mean,dna_prot,nt_v3_650m,esm2_650m,PyTorch_Transformer,0.7952,0.8778,0.681,0.907,0.767,0.6045,0.8981,0.8867,
Train1Val_ClinVarHQ,mean,dna_prot,nt_v2_500m,esmc_600m,PyTorch_Gating,0.7937,0.8859,0.6695,0.9155,0.7627,0.6045,0.9042,0.9048,
Train1Val_ClinVarHQ,cls,dna_prot_spliceai,nt_v2_500m,esm1b_650m,PyTorch_Concat,0.7937,0.8859,0.6695,0.9155,0.7627,0.6045,0.894,0.8926,
Train1Val_ClinVarHQ,mean,dna_prot_spliceai,nt_v2_500m,esmc_600m,PyTorch_Transformer,0.7937,0.8859,0.6695,0.9155,0.7627,0.6045,0.8999,0.9027,
Train1Val_ClinVarHQ,center,dna_prot,nt_v1_500m,esm1v_650m,PyTorch_Concat,0.7909,0.9004,0.6494,0.9296,0.7546,0.6042,0.9022,0.8977,
Train1Val_ClinVarHQ,mean,dna_prot,nt_v2_500m,esm1b_650m,PyTorch_Transformer,0.7909,0.8972,0.6523,0.9268,0.7554,0.6032,0.9067,0.8947,
Train1Val_ClinVarHQ,mean,dna_prot,nt_v2_500m,esmc_600m,Hybrid_Transformer_XGBoost,0.798,0.8527,0.7155,0.8789,0.7781,0.6031,0.883,0.8879,
Train1Val_ClinVarHQ,cls,dna_prot,nt_v3_650m,esm1b_650m,PyTorch_Transformer,0.7952,0.8723,0.6868,0.9014,0.7685,0.603,0.8981,0.8976,
Train1Val_ClinVarHQ,cls,dna_prot,nt_v1_500m,esm1b_650m,Hybrid_CrossAttn_XGBoost,0.7994,0.8393,0.7356,0.862,0.7841,0.6029,0.8852,0.8847,
Train1Val_ClinVarHQ,mean,dna_prot,nt_v3_650m,esmc_600m,Pure_XGBoost_Concat,0.7966,0.8622,0.7011,0.8901,0.7734,0.6028,0.89,0.8952,
Train1Val_ClinVarHQ,cls,dna_prot_spliceai,nt_v1_500m,esm1b_650m,PyTorch_Gating,0.7937,0.8801,0.6753,0.9099,0.7642,0.6028,0.9027,0.8983,
Train1Val_ClinVarHQ,cls,dna_prot_spliceai,nt_v3_650m,esm1b_650m,PyTorch_Transformer,0.7966,0.8622,0.7011,0.8901,0.7734,0.6028,0.8852,0.8837,
Train1Val_ClinVarHQ,mean,dna_prot,nt_v2_500m,esmc_600m,Hybrid_Concat_XGBoost,0.798,0.8503,0.7184,0.8761,0.7788,0.6025,0.8812,0.8894,
Train1Val_ClinVarHQ,mean,prot_spliceai,,esm1b_650m,Hybrid_Concat_XGBoost,0.7994,0.8371,0.7385,0.8592,0.7847,0.6025,0.8954,0.8882,
Train1Val_ClinVarHQ,center,dna_prot,nt_v3_650m,esm1v_650m,Pure_XGBoost_Concat,0.7966,0.8596,0.704,0.8873,0.7741,0.6022,0.8964,0.8934,
Train1Val_ClinVarHQ,mean,dna_prot_spliceai,nt_v1_500m,esmc_600m,Hybrid_Transformer_XGBoost,0.7966,0.8596,0.704,0.8873,0.7741,0.6022,0.8766,0.886,
Train1Val_ClinVarHQ,center,dna_prot,nt_v2_500m,esm2_650m,PyTorch_CrossAttn,0.7923,0.8855,0.6667,0.9155,0.7607,0.602,0.9001,0.8932,
Train1Val_ClinVarHQ,center,dna_prot,nt_v1_500m,esm1v_650m,Hybrid_Concat_XGBoost,0.798,0.848,0.7213,0.8732,0.7795,0.602,0.8969,0.8986,
Train1Val_ClinVarHQ,cls,dna_prot_spliceai,nt_v1_500m,esm1b_650m,PyTorch_CrossAttn,0.7937,0.8773,0.6782,0.907,0.765,0.602,0.8938,0.8914,
Train1Val_ClinVarHQ,mean,prot_spliceai,,esm1b_650m,PyTorch_Concat,0.7937,0.8773,0.6782,0.907,0.765,0.602,0.9074,0.9006,
Train1Val_ClinVarHQ,center,dna_prot,nt_v2_500m,esm2_650m,Hybrid_Gating_XGBoost,0.7966,0.8571,0.7069,0.8845,0.7748,0.6016,0.8919,0.8844,
Train1Val_ClinVarHQ,mean,dna_prot,nt_v3_650m,esm1v_650m,Hybrid_CrossAttn_XGBoost,0.798,0.8456,0.7241,0.8704,0.7802,0.6015,0.8805,0.8778,
Train1Val_ClinVarHQ,cls,dna_prot,nt_v3_650m,esm1b_650m,Hybrid_Transformer_XGBoost,0.798,0.8433,0.727,0.8676,0.7809,0.6011,0.8884,0.8838,
Train1Val_ClinVarHQ,mean,dna_prot_spliceai,nt_v3_650m,esm1v_650m,Hybrid_CrossAttn_XGBoost,0.798,0.8433,0.727,0.8676,0.7809,0.6011,0.8833,0.882,
Train1Val_ClinVarHQ,center,dna_prot,nt_v1_500m,esm1v_650m,PyTorch_CrossAttn,0.7895,0.8968,0.6494,0.9268,0.7533,0.6007,0.8987,0.8949,
Train1Val_ClinVarHQ,cls,prot,,esm1b_650m,Pure_XGBoost_Concat,0.798,0.8411,0.7299,0.8648,0.7815,0.6006,0.8742,0.8645,
Train1Val_ClinVarHQ,mean,dna_prot,nt_v1_500m,esm1b_650m,Pure_XGBoost_Concat,0.798,0.8411,0.7299,0.8648,0.7815,0.6006,0.8864,0.8831,
Train1Val_ClinVarHQ,cls,prot,,esm1b_650m,Pure_XGBoost_Concat,0.798,0.8411,0.7299,0.8648,0.7815,0.6006,0.8742,0.8645,
Train1Val_ClinVarHQ,cls,prot,,esm1b_650m,Pure_XGBoost_Concat,0.798,0.8411,0.7299,0.8648,0.7815,0.6006,0.8742,0.8645,
Train1Val_ClinVarHQ,cls,prot,,esm1b_650m,Pure_XGBoost_Concat,0.798,0.8411,0.7299,0.8648,0.7815,0.6006,0.8742,0.8645,
Train1Val_ClinVarHQ,cls,prot,,esm1b_650m,Pure_XGBoost_Concat,0.798,0.8411,0.7299,0.8648,0.7815,0.6006,0.8742,0.8645,
Train1Val_ClinVarHQ,mean,dna_prot_spliceai,nt_v3_650m,esm2_650m,PyTorch_Gating,0.7937,0.8718,0.6839,0.9014,0.7665,0.6005,0.8961,0.887,
Train1Val_ClinVarHQ,cls,dna_prot,nt_v1_500m,esm1b_650m,Pure_XGBoost_Concat,0.7966,0.8522,0.7126,0.8789,0.7762,0.6004,0.8793,0.872,
Train1Val_ClinVarHQ,mean,dna_prot_spliceai,nt_v1_500m,esm2_650m,PyTorch_Concat,0.7909,0.888,0.6609,0.9183,0.7578,0.6004,0.8941,0.8785,
Train1Val_ClinVarHQ,center,dna_prot_spliceai,nt_v1_500m,esm2_650m,PyTorch_Concat,0.7881,0.9028,0.6408,0.9324,0.7496,0.6003,0.9034,0.8993,
Train1Val_ClinVarHQ,mean,dna_prot,nt_v3_650m,esmc_600m,Hybrid_Gating_XGBoost,0.798,0.8388,0.7328,0.862,0.7822,0.6002,0.886,0.8918,
Train1Val_ClinVarHQ,mean,prot_spliceai,,esm2_650m,Hybrid_Concat_XGBoost,0.798,0.8388,0.7328,0.862,0.7822,0.6002,0.8884,0.8736,
Train1Val_ClinVarHQ,mean,dna_prot_spliceai,nt_v1_500m,esm2_650m,Hybrid_Gating_XGBoost,0.7966,0.8498,0.7155,0.8761,0.7769,0.5999,0.8955,0.8739,
Train1Val_ClinVarHQ,mean,dna_prot_spliceai,nt_v2_500m,esm1b_650m,Pure_XGBoost_Concat,0.798,0.8366,0.7356,0.8592,0.7829,0.5998,0.8837,0.8837,
Train1Val_ClinVarHQ,mean,dna_prot_spliceai,nt_v1_500m,esmc_600m,Hybrid_Gating_XGBoost,0.7952,0.8592,0.7011,0.8873,0.7722,0.5996,0.8727,0.8852,
Train1Val_ClinVarHQ,mean,dna_prot,nt_v2_500m,esm2_650m,PyTorch_Gating,0.7909,0.8851,0.6638,0.9155,0.7586,0.5995,0.901,0.8876,
Train1Val_ClinVarHQ,mean,dna_prot_spliceai,nt_v3_650m,esmc_600m,Hybrid_Concat_XGBoost,0.7966,0.8451,0.7213,0.8704,0.7783,0.5989,0.8782,0.8876,
Train1Val_ClinVarHQ,mean,dna_prot,nt_v2_500m,esm2_650m,PyTorch_Concat,0.7895,0.8906,0.6552,0.9211,0.755,0.5988,0.8997,0.8846,
Train1Val_ClinVarHQ,center,dna_prot,nt_v3_650m,esm1v_650m,PyTorch_Gating,0.7895,0.8906,0.6552,0.9211,0.755,0.5988,0.8986,0.8978,
Train1Val_ClinVarHQ,mean,dna_prot_spliceai,nt_v2_500m,esm2_650m,PyTorch_Transformer,0.7895,0.8906,0.6552,0.9211,0.755,0.5988,0.9016,0.8931,
Train1Val_ClinVarHQ,mean,dna_prot,nt_v3_650m,esm1v_650m,Hybrid_Transformer_XGBoost,0.798,0.8301,0.7443,0.8507,0.7848,0.5987,0.8841,0.8806,
Train1Val_ClinVarHQ,cls,dna_prot,nt_v2_500m,esm1b_650m,PyTorch_Transformer,0.7909,0.8821,0.6667,0.9127,0.7594,0.5986,0.8987,0.8964,
Train1Val_ClinVarHQ,center,dna_prot,nt_v1_500m,esm2_650m,PyTorch_Gating,0.7881,0.8964,0.6466,0.9268,0.7513,0.5983,0.9048,0.8978,
Train1Val_ClinVarHQ,mean,dna_prot,nt_v2_500m,esm1b_650m,Pure_XGBoost_Concat,0.7966,0.8405,0.727,0.8648,0.7797,0.598,0.8871,0.8874,
Train1Val_ClinVarHQ,mean,prot,,esm1b_650m,PyTorch_Concat,0.7923,0.8713,0.681,0.9014,0.7645,0.5979,0.913,0.9085,
Train1Val_ClinVarHQ,mean,prot,,esm1b_650m,PyTorch_Concat,0.7923,0.8713,0.681,0.9014,0.7645,0.5979,0.913,0.9085,
Train1Val_ClinVarHQ,mean,prot,,esm1b_650m,PyTorch_Concat,0.7923,0.8713,0.681,0.9014,0.7645,0.5979,0.913,0.9085,
Train1Val_ClinVarHQ,mean,prot,,esm1b_650m,PyTorch_Concat,0.7923,0.8713,0.681,0.9014,0.7645,0.5979,0.913,0.9085,
Train1Val_ClinVarHQ,center,dna_prot,nt_v3_650m,esm1v_650m,PyTorch_CrossAttn,0.7895,0.8876,0.658,0.9183,0.7558,0.5979,0.9008,0.9007,
Train1Val_ClinVarHQ,cls,dna_prot,nt_v2_500m,esm1b_650m,PyTorch_Gating,0.7909,0.8792,0.6695,0.9099,0.7602,0.5978,0.9002,0.8926,
Train1Val_ClinVarHQ,mean,dna_prot,nt_v1_500m,esmc_600m,Hybrid_Transformer_XGBoost,0.7952,0.8517,0.7098,0.8789,0.7743,0.5978,0.8736,0.8824,
Train1Val_ClinVarHQ,mean,dna_prot,nt_v3_650m,esm2_650m,Pure_XGBoost_Concat,0.7952,0.8493,0.7126,0.8761,0.775,0.5973,0.8791,0.8684,
Train1Val_ClinVarHQ,mean,dna_prot_spliceai,nt_v2_500m,esm2_650m,Hybrid_Transformer_XGBoost,0.7952,0.8469,0.7155,0.8732,0.7757,0.5968,0.8901,0.8728,
Train1Val_ClinVarHQ,mean,dna_prot,nt_v3_650m,esm1v_650m,Hybrid_Gating_XGBoost,0.7966,0.8339,0.7356,0.8563,0.7817,0.5967,0.885,0.8758,
Train1Val_ClinVarHQ,mean,dna_prot_spliceai,nt_v1_500m,esmc_600m,PyTorch_Transformer,0.7881,0.8902,0.6523,0.9211,0.7529,0.5963,0.8839,0.8885,
Train1Val_ClinVarHQ,cls,dna_prot,nt_v1_500m,esm1b_650m,PyTorch_CrossAttn,0.7909,0.8736,0.6753,0.9042,0.7618,0.5961,0.8955,0.8912,
Train1Val_ClinVarHQ,center,dna_prot_spliceai,nt_v3_650m,esm1v_650m,PyTorch_Gating,0.7895,0.8817,0.6638,0.9127,0.7574,0.5961,0.9003,0.8992,
Train1Val_ClinVarHQ,cls,dna_prot,nt_v1_500m,esm1b_650m,PyTorch_Transformer,0.7909,0.8708,0.6782,0.9014,0.7625,0.5954,0.8922,0.892,
Train1Val_ClinVarHQ,center,dna_prot_spliceai,nt_v2_500m,esm2_650m,PyTorch_CrossAttn,0.7881,0.8872,0.6552,0.9183,0.7537,0.5954,0.9018,0.8927,
Train1Val_ClinVarHQ,mean,dna_prot,nt_v1_500m,esmc_600m,Hybrid_CrossAttn_XGBoost,0.7937,0.8512,0.7069,0.8789,0.7724,0.5952,0.8708,0.8885,
Train1Val_ClinVarHQ,cls,dna_prot_spliceai,nt_v1_500m,esm1b_650m,Pure_XGBoost_Concat,0.7937,0.8512,0.7069,0.8789,0.7724,0.5952,0.8766,0.8679,
Train1Val_ClinVarHQ,mean,dna_prot_spliceai,nt_v2_500m,esm2_650m,PyTorch_Concat,0.7838,0.9083,0.6264,0.938,0.7415,0.5952,0.9014,0.8931,
Train1Val_ClinVarHQ,mean,dna_prot,nt_v3_650m,esmc_600m,Hybrid_CrossAttn_XGBoost,0.7952,0.8377,0.727,0.862,0.7785,0.5949,0.8779,0.8905,
Train1Val_ClinVarHQ,mean,dna_prot,nt_v1_500m,esmc_600m,Pure_XGBoost_Concat,0.7909,0.8681,0.681,0.8986,0.7633,0.5946,0.8893,0.8963,
Train1Val_ClinVarHQ,mean,dna_prot,nt_v3_650m,esmc_600m,Hybrid_Transformer_XGBoost,0.7952,0.8355,0.7299,0.8592,0.7791,0.5945,0.8833,0.8845,
Train1Val_ClinVarHQ,center,dna_prot,nt_v3_650m,esm1v_650m,PyTorch_Concat,0.7895,0.8759,0.6695,0.907,0.759,0.5944,0.8998,0.8962,
Train1Val_ClinVarHQ,center,dna_prot_spliceai,nt_v1_500m,esm2_650m,Hybrid_Concat_XGBoost,0.7923,0.8582,0.6954,0.8873,0.7683,0.5944,0.8975,0.886,
Train1Val_ClinVarHQ,cls,dna_prot,nt_v1_500m,esm1b_650m,Hybrid_Gating_XGBoost,0.7952,0.8333,0.7328,0.8563,0.7798,0.5941,0.8884,0.8872,
Train1Val_ClinVarHQ,center,dna_prot_spliceai,nt_v1_500m,esm2_650m,Hybrid_Transformer_XGBoost,0.7923,0.8556,0.6983,0.8845,0.769,0.5938,0.9014,0.894,
Train1Val_ClinVarHQ,mean,dna_prot_spliceai,nt_v1_500m,esmc_600m,Hybrid_CrossAttn_XGBoost,0.7923,0.8531,0.7011,0.8817,0.7697,0.5932,0.8711,0.8812,
Train1Val_ClinVarHQ,mean,dna_prot_spliceai,nt_v3_650m,esm2_650m,PyTorch_Concat,0.7895,0.8704,0.6753,0.9014,0.7605,0.5928,0.9015,0.8955,
Train1Val_ClinVarHQ,mean,dna_prot,nt_v1_500m,esm1v_650m,Hybrid_Transformer_XGBoost,0.7937,0.8395,0.7213,0.8648,0.7759,0.5927,0.8799,0.8777,
Train1Val_ClinVarHQ,center,dna_prot,nt_v3_650m,esm2_650m,PyTorch_Concat,0.7852,0.8924,0.6437,0.9239,0.7479,0.5923,0.9032,0.8975,
Train1Val_ClinVarHQ,center,dna_prot_spliceai,nt_v1_500m,esm1v_650m,PyTorch_Gating,0.7852,0.8924,0.6437,0.9239,0.7479,0.5923,0.8976,0.8945,
Train1Val_ClinVarHQ,mean,prot_spliceai,,esm2_650m,PyTorch_Concat,0.7852,0.8924,0.6437,0.9239,0.7479,0.5923,0.8959,0.8874,
Train1Val_ClinVarHQ,mean,dna_prot_spliceai,nt_v2_500m,esm1v_650m,PyTorch_CrossAttn,0.7895,0.8676,0.6782,0.8986,0.7613,0.5921,0.8933,0.8856,
Train1Val_ClinVarHQ,cls,prot_spliceai,,esm1b_650m,PyTorch_Concat,0.7881,0.8755,0.6667,0.907,0.7569,0.5919,0.8951,0.8933,
Train1Val_ClinVarHQ,mean,dna_prot_spliceai,nt_v1_500m,esm1v_650m,Hybrid_Gating_XGBoost,0.7937,0.835,0.727,0.8592,0.7773,0.5918,0.8794,0.875,
Train1Val_ClinVarHQ,mean,prot_spliceai,,esmc_600m,Pure_XGBoost_Concat,0.7923,0.8459,0.7098,0.8732,0.7719,0.5915,0.8898,0.8927,
Train1Val_ClinVarHQ,cls,dna_prot,nt_v1_500m,esm1b_650m,PyTorch_Concat,0.7895,0.865,0.681,0.8958,0.7621,0.5913,0.888,0.8868,
Train1Val_ClinVarHQ,mean,dna_prot_spliceai,nt_v3_650m,esmc_600m,Pure_XGBoost_Concat,0.7909,0.8551,0.6954,0.8845,0.767,0.5912,0.8945,0.8985,
Train1Val_ClinVarHQ,cls,dna_prot,nt_v1_500m,esm1b_650m,PyTorch_Gating,0.7881,0.8727,0.6695,0.9042,0.7577,0.5911,0.8999,0.8997,
Train1Val_ClinVarHQ,cls,dna_prot,nt_v2_500m,esm1b_650m,PyTorch_Concat,0.7881,0.8727,0.6695,0.9042,0.7577,0.5911,0.8929,0.8876,
Train1Val_ClinVarHQ,mean,dna_prot_spliceai,nt_v3_650m,esm2_650m,PyTorch_Transformer,0.7881,0.8727,0.6695,0.9042,0.7577,0.5911,0.8973,0.8859,
Train1Val_ClinVarHQ,center,bio_dna_geom_prot,nt_v3_650m,esmc_600m,PyTorch_Concat,0.7624,0.9892,0.5259,0.9944,0.6867,0.5907,0.9678,0.9691,
Train1Val_ClinVarHQ,mean,dna_prot_spliceai,nt_v3_650m,esm1v_650m,Hybrid_Transformer_XGBoost,0.7937,0.8285,0.7356,0.8507,0.7793,0.5906,0.8825,0.8769,
Train1Val_ClinVarHQ,center,dna_prot_spliceai,nt_v1_500m,esm2_650m,PyTorch_Transformer,0.7866,0.8779,0.6609,0.9099,0.7541,0.5902,0.8981,0.8926,
Train1Val_ClinVarHQ,mean,dna_prot_spliceai,nt_v1_500m,esmc_600m,PyTorch_Concat,0.7866,0.8779,0.6609,0.9099,0.7541,0.5902,0.8907,0.8967,
Train1Val_ClinVarHQ,mean,dna_prot_spliceai,nt_v2_500m,esmc_600m,PyTorch_Concat,0.7866,0.8779,0.6609,0.9099,0.7541,0.5902,0.9002,0.903,
Train1Val_ClinVarHQ,mean,dna_prot,nt_v2_500m,esm2_650m,Hybrid_Gating_XGBoost,0.7923,0.8367,0.7213,0.862,0.7747,0.5896,0.8922,0.8755,
Train1Val_ClinVarHQ,mean,dna_prot_spliceai,nt_v3_650m,esmc_600m,Hybrid_Transformer_XGBoost,0.7923,0.8367,0.7213,0.862,0.7747,0.5896,0.8795,0.8893,
Train1Val_ClinVarHQ,cls,dna_prot_spliceai,nt_v2_500m,esm1b_650m,Hybrid_Transformer_XGBoost,0.7923,0.8322,0.727,0.8563,0.7761,0.5887,0.8926,0.8906,
Train1Val_ClinVarHQ,cls,dna_prot,nt_v2_500m,esm1b_650m,Hybrid_Concat_XGBoost,0.7909,0.843,0.7098,0.8704,0.7707,0.5884,0.8801,0.8768,
Train1Val_ClinVarHQ,cls,dna_prot_spliceai,nt_v1_500m,esm1b_650m,Hybrid_Concat_XGBoost,0.7923,0.8301,0.7299,0.8535,0.7768,0.5883,0.8863,0.885,
Train1Val_ClinVarHQ,cls,dna_prot_spliceai,nt_v2_500m,esm1b_650m,Hybrid_Concat_XGBoost,0.7923,0.8301,0.7299,0.8535,0.7768,0.5883,0.8922,0.8846,
Train1Val_ClinVarHQ,mean,prot_spliceai,,esmc_600m,Hybrid_Concat_XGBoost,0.7909,0.8407,0.7126,0.8676,0.7714,0.5879,0.8859,0.8864,
Train1Val_ClinVarHQ,cls,prot_spliceai,,esmc_600m,PyTorch_Concat,0.7852,0.8774,0.658,0.9099,0.7521,0.5877,0.8857,0.8896,
Train1Val_ClinVarHQ,cls,dna_prot_spliceai,nt_v3_650m,esm1b_650m,PyTorch_Concat,0.7852,0.8774,0.658,0.9099,0.7521,0.5877,0.8986,0.8955,
Train1Val_ClinVarHQ,cls,prot,,esm1b_650m,PyTorch_Concat,0.7824,0.8916,0.6379,0.9239,0.7437,0.5874,0.8992,0.8987,
Train1Val_ClinVarHQ,cls,prot,,esm1b_650m,PyTorch_Concat,0.7824,0.8916,0.6379,0.9239,0.7437,0.5874,0.8992,0.8987,
Train1Val_ClinVarHQ,cls,prot,,esm1b_650m,PyTorch_Concat,0.7824,0.8916,0.6379,0.9239,0.7437,0.5874,0.8992,0.8987,
Train1Val_ClinVarHQ,cls,prot,,esm1b_650m,PyTorch_Concat,0.7824,0.8916,0.6379,0.9239,0.7437,0.5874,0.8992,0.8987,
Train1Val_ClinVarHQ,cls,prot,,esm1b_650m,PyTorch_Concat,0.7824,0.8916,0.6379,0.9239,0.7437,0.5874,0.8992,0.8987,
Train1Val_ClinVarHQ,cls,dna_prot_spliceai,nt_v1_500m,esm1b_650m,Hybrid_Transformer_XGBoost,0.7923,0.8217,0.7414,0.8423,0.7795,0.587,0.8896,0.8906,
Train1Val_ClinVarHQ,mean,dna_prot_spliceai,nt_v3_650m,esm1v_650m,Hybrid_Gating_XGBoost,0.7909,0.8361,0.7184,0.862,0.7728,0.5869,0.8855,0.8792,
Train1Val_ClinVarHQ,center,dna_prot_spliceai,nt_v3_650m,esm2_650m,PyTorch_Transformer,0.7852,0.8745,0.6609,0.907,0.7529,0.5868,0.8924,0.8955,
Train1Val_ClinVarHQ,cls,dna_prot_spliceai,nt_v3_650m,esm1b_650m,Hybrid_Transformer_XGBoost,0.7909,0.8339,0.7213,0.8592,0.7735,0.5865,0.886,0.8816,
Train1Val_ClinVarHQ,center,dna_prot,nt_v1_500m,esm2_650m,PyTorch_Transformer,0.7824,0.8884,0.6408,0.9211,0.7446,0.5864,0.9061,0.9015,
Train1Val_ClinVarHQ,mean,dna_prot,nt_v1_500m,esmc_600m,Hybrid_Concat_XGBoost,0.7895,0.8448,0.704,0.8732,0.768,0.5863,0.8817,0.8878,
Train1Val_ClinVarHQ,mean,dna_prot,nt_v1_500m,esmc_600m,Hybrid_Gating_XGBoost,0.7895,0.8425,0.7069,0.8704,0.7688,0.5857,0.8744,0.8877,
Train1Val_ClinVarHQ,center,dna_prot,nt_v3_650m,esm1v_650m,PyTorch_Transformer,0.7838,0.8769,0.6552,0.9099,0.75,0.5852,0.9027,0.8999,
Train1Val_ClinVarHQ,mean,dna_prot_spliceai,nt_v2_500m,esmc_600m,Hybrid_Transformer_XGBoost,0.7895,0.8401,0.7098,0.8676,0.7695,0.5852,0.8826,0.8892,
Train1Val_ClinVarHQ,cls,dna_prot_spliceai,nt_v3_650m,esm1b_650m,Pure_XGBoost_Concat,0.7881,0.8491,0.6954,0.8789,0.7646,0.5848,0.8764,0.8646,
Train1Val_ClinVarHQ,mean,dna_prot_spliceai,nt_v1_500m,esmc_600m,PyTorch_CrossAttn,0.7795,0.8971,0.6264,0.9296,0.7377,0.5845,0.8544,0.8772,
Train1Val_ClinVarHQ,mean,dna_prot,nt_v3_650m,esmc_600m,Hybrid_Concat_XGBoost,0.7895,0.8356,0.7155,0.862,0.7709,0.5843,0.8785,0.8875,
Train1Val_ClinVarHQ,mean,dna_prot,nt_v1_500m,esm1v_650m,Hybrid_CrossAttn_XGBoost,0.7909,0.817,0.7443,0.8366,0.7789,0.5837,0.8799,0.8805,
Train1Val_ClinVarHQ,cls,prot_spliceai,,esmc_600m,Pure_XGBoost_Concat,0.7866,0.8536,0.6868,0.8845,0.7611,0.5835,0.8764,0.8822,
Train1Val_ClinVarHQ,cls,dna_prot_spliceai,nt_v3_650m,esm1b_650m,PyTorch_Gating,0.7838,0.8712,0.6609,0.9042,0.7516,0.5835,0.8888,0.8835,
Train1Val_ClinVarHQ,mean,dna_prot_spliceai,nt_v3_650m,esm2_650m,PyTorch_CrossAttn,0.7795,0.8939,0.6293,0.9268,0.7386,0.5835,0.9008,0.8942,
Train1Val_ClinVarHQ,cls,prot_spliceai,,esm1v_650m,Pure_XGBoost_Concat,0.7881,0.8419,0.704,0.8704,0.7668,0.5831,0.8523,0.8462,
Train1Val_ClinVarHQ,cls,dna_prot_spliceai,nt_v2_500m,esm1b_650m,Pure_XGBoost_Concat,0.7881,0.8373,0.7098,0.8648,0.7683,0.5821,0.8751,0.87,
Train1Val_ClinVarHQ,mean,prot_spliceai,,esm1v_650m,Hybrid_Concat_XGBoost,0.7881,0.8373,0.7098,0.8648,0.7683,0.5821,0.8776,0.8763,
Train1Val_ClinVarHQ,cls,dna_prot_spliceai,nt_v3_650m,esm1b_650m,Hybrid_Gating_XGBoost,0.7895,0.8226,0.7328,0.8451,0.7751,0.5819,0.8833,0.8743,
Train1Val_ClinVarHQ,center,prot_spliceai,,esm1v_650m,PyTorch_Concat,0.7824,0.8736,0.6552,0.907,0.7488,0.5818,0.9049,0.8996,
Train1Val_ClinVarHQ,cls,dna_prot_spliceai,nt_v1_500m,esm1b_650m,Hybrid_Gating_XGBoost,0.7881,0.835,0.7126,0.862,0.769,0.5816,0.8786,0.8809,
Train1Val_ClinVarHQ,mean,dna_prot,nt_v2_500m,esm1v_650m,Hybrid_Transformer_XGBoost,0.7881,0.8328,0.7155,0.8592,0.7697,0.5812,0.8871,0.8783,
Train1Val_ClinVarHQ,mean,dna_prot_spliceai,nt_v1_500m,esm1v_650m,Hybrid_CrossAttn_XGBoost,0.7881,0.8328,0.7155,0.8592,0.7697,0.5812,0.8753,0.8747,
Train1Val_ClinVarHQ,mean,dna_prot,nt_v1_500m,esmc_600m,PyTorch_Transformer,0.7809,0.8789,0.6466,0.9127,0.745,0.5811,0.8885,0.8926,
Train1Val_ClinVarHQ,cls,dna_prot_spliceai,nt_v2_500m,esm1b_650m,PyTorch_Transformer,0.7809,0.8789,0.6466,0.9127,0.745,0.5811,0.8944,0.8937,
Train1Val_ClinVarHQ,cls,dna_prot,nt_v2_500m,esm1b_650m,PyTorch_CrossAttn,0.7781,0.8934,0.6264,0.9268,0.7365,0.581,0.9019,0.8972,
Train1Val_ClinVarHQ,mean,dna_prot_spliceai,nt_v1_500m,esm1v_650m,Hybrid_Transformer_XGBoost,0.7881,0.8306,0.7184,0.8563,0.7704,0.5807,0.8842,0.8791,
Train1Val_ClinVarHQ,mean,dna_prot,nt_v3_650m,esm2_650m,PyTorch_Concat,0.7795,0.8845,0.6379,0.9183,0.7412,0.5804,0.896,0.8901,
Train1Val_ClinVarHQ,center,dna_prot_spliceai,nt_v2_500m,esm1v_650m,PyTorch_Gating,0.7752,0.9025,0.6121,0.9352,0.7295,0.5794,0.8978,0.8897,
Train1Val_ClinVarHQ,center,dna_prot_spliceai,nt_v2_500m,esm2_650m,PyTorch_Gating,0.7752,0.9025,0.6121,0.9352,0.7295,0.5794,0.9034,0.8936,
Train1Val_ClinVarHQ,cls,dna_prot,nt_v3_650m,esmc_600m,PyTorch_CrossAttn,0.7824,0.8652,0.6638,0.8986,0.7512,0.5793,0.8749,0.8776,
Train1Val_ClinVarHQ,cls,dna_prot_spliceai,nt_v3_650m,esmc_600m,PyTorch_Concat,0.7824,0.8652,0.6638,0.8986,0.7512,0.5793,0.8759,0.8808,
Train1Val_ClinVarHQ,mean,dna_prot,nt_v2_500m,esmc_600m,Hybrid_CrossAttn_XGBoost,0.7852,0.8456,0.6925,0.8761,0.7615,0.579,0.869,0.8811,
Train1Val_ClinVarHQ,mean,dna_prot,nt_v3_650m,esm1v_650m,PyTorch_Concat,0.7781,0.8871,0.6322,0.9211,0.7383,0.579,0.8896,0.8843,
Train1Val_ClinVarHQ,mean,dna_prot_spliceai,nt_v1_500m,esm1v_650m,Hybrid_Concat_XGBoost,0.7866,0.8345,0.7098,0.862,0.7671,0.579,0.8806,0.8814,
Train1Val_ClinVarHQ,mean,dna_prot_spliceai,nt_v3_650m,esm2_650m,Hybrid_Gating_XGBoost,0.7881,0.8199,0.7328,0.8423,0.7739,0.5788,0.8844,0.8768,
Train1Val_ClinVarHQ,cls,dna_prot_spliceai,nt_v2_500m,esm1b_650m,PyTorch_CrossAttn,0.7809,0.8702,0.6552,0.9042,0.7475,0.5784,0.8947,0.8909,
Train1Val_ClinVarHQ,center,dna_prot_spliceai,nt_v1_500m,esm2_650m,PyTorch_Gating,0.7767,0.8898,0.6264,0.9239,0.7352,0.5775,0.8931,0.8814,
Train1Val_ClinVarHQ,mean,dna_prot_spliceai,nt_v3_650m,esm2_650m,Hybrid_Concat_XGBoost,0.7852,0.8385,0.7011,0.8676,0.7637,0.5773,0.8873,0.8739,
Train1Val_ClinVarHQ,cls,prot_spliceai,,esm1b_650m,Hybrid_Concat_XGBoost,0.7866,0.8257,0.7213,0.8507,0.7699,0.5772,0.8779,0.8749,
Train1Val_ClinVarHQ,mean,dna_prot_spliceai,nt_v1_500m,esm2_650m,PyTorch_Gating,0.7781,0.881,0.6379,0.9155,0.74,0.577,0.8946,0.8801,
Train1Val_ClinVarHQ,mean,dna_prot_spliceai,nt_v1_500m,esmc_600m,PyTorch_Gating,0.7795,0.8726,0.6494,0.907,0.7446,0.5768,0.8803,0.8884,
Train1Val_ClinVarHQ,cls,dna_prot,nt_v3_650m,esm1b_650m,PyTorch_Gating,0.7767,0.8866,0.6293,0.9211,0.7361,0.5765,0.8936,0.8908,
Train1Val_ClinVarHQ,mean,dna_prot,nt_v1_500m,esmc_600m,PyTorch_Gating,0.7767,0.8866,0.6293,0.9211,0.7361,0.5765,0.8883,0.8914,
Train1Val_ClinVarHQ,mean,dna_prot,nt_v1_500m,esm1v_650m,PyTorch_Transformer,0.7767,0.8866,0.6293,0.9211,0.7361,0.5765,0.8896,0.887,
Train1Val_ClinVarHQ,mean,dna_prot,nt_v3_650m,esm2_650m,Hybrid_Gating_XGBoost,0.7866,0.8173,0.7328,0.8394,0.7727,0.5758,0.8757,0.8686,
Train1Val_ClinVarHQ,mean,dna_prot_spliceai,nt_v2_500m,esmc_600m,Hybrid_Gating_XGBoost,0.7852,0.8294,0.7126,0.8563,0.7666,0.5754,0.8767,0.8857,
Train1Val_ClinVarHQ,mean,dna_prot_spliceai,nt_v2_500m,esm1b_650m,PyTorch_Gating,0.7781,0.875,0.6437,0.9099,0.7417,0.5751,0.901,0.8873,
Train1Val_ClinVarHQ,cls,dna_prot,nt_v2_500m,esm1b_650m,Hybrid_CrossAttn_XGBoost,0.7852,0.8272,0.7155,0.8535,0.7673,0.575,0.8844,0.8829,
Train1Val_ClinVarHQ,mean,dna_prot,nt_v2_500m,esm2_650m,Pure_XGBoost_Concat,0.7838,0.8379,0.6983,0.8676,0.7618,0.5747,0.8689,0.8445,
Train1Val_ClinVarHQ,center,prot_spliceai,,esm2_650m,PyTorch_Concat,0.7738,0.8921,0.6178,0.9268,0.7301,0.5736,0.8996,0.898,
Train1Val_ClinVarHQ,center,dna_prot,nt_v3_650m,esm2_650m,PyTorch_Gating,0.7795,0.8614,0.6609,0.8958,0.748,0.5735,0.8902,0.8885,
Train1Val_ClinVarHQ,mean,dna_prot_spliceai,nt_v2_500m,esmc_600m,Hybrid_Concat_XGBoost,0.7838,0.8311,0.7069,0.8592,0.764,0.5732,0.8844,0.8911,
Train1Val_ClinVarHQ,center,dna_prot_spliceai,nt_v3_650m,esm2_650m,PyTorch_Gating,0.7752,0.8831,0.6293,0.9183,0.7349,0.573,0.9056,0.9012,
Train1Val_ClinVarHQ,mean,dna_prot_spliceai,nt_v2_500m,esm2_650m,Hybrid_Concat_XGBoost,0.7838,0.8289,0.7098,0.8563,0.7647,0.5728,0.8866,0.8714,
Train1Val_ClinVarHQ,mean,dna_prot,nt_v1_500m,esmc_600m,PyTorch_Concat,0.7767,0.8745,0.6408,0.9099,0.7396,0.5726,0.8841,0.8894,
Train1Val_ClinVarHQ,mean,dna_prot_spliceai,nt_v1_500m,esmc_600m,Hybrid_Concat_XGBoost,0.7824,0.8397,0.6925,0.8704,0.7591,0.5726,0.8798,0.8892,
Train1Val_ClinVarHQ,mean,dna_prot_spliceai,nt_v2_500m,esmc_600m,Pure_XGBoost_Concat,0.7824,0.8351,0.6983,0.8648,0.7606,0.5716,0.8838,0.8885,
Train1Val_ClinVarHQ,center,dna_prot,nt_v3_650m,esm2_650m,PyTorch_Transformer,0.7724,0.8917,0.6149,0.9268,0.7279,0.5712,0.8982,0.894,
Train1Val_ClinVarHQ,mean,dna_prot,nt_v1_500m,esmc_600m,PyTorch_CrossAttn,0.7752,0.877,0.6351,0.9127,0.7367,0.5711,0.8777,0.8862,
Train1Val_ClinVarHQ,mean,dna_prot_spliceai,nt_v1_500m,esmc_600m,Pure_XGBoost_Concat,0.7795,0.8509,0.6724,0.8845,0.7512,0.5706,0.886,0.8895,
Train1Val_ClinVarHQ,mean,dna_prot_spliceai,nt_v2_500m,esm2_650m,Hybrid_CrossAttn_XGBoost,0.7824,0.8305,0.704,0.8592,0.7621,0.5706,0.8802,0.8721,
Train1Val_ClinVarHQ,mean,dna_prot_spliceai,nt_v2_500m,esm1v_650m,PyTorch_Transformer,0.7767,0.8659,0.6494,0.9014,0.7422,0.57,0.8931,0.8828,
Train1Val_ClinVarHQ,cls,dna_prot,nt_v3_650m,esmc_600m,Pure_XGBoost_Concat,0.7795,0.8484,0.6753,0.8817,0.752,0.5699,0.8701,0.8693,
Train1Val_ClinVarHQ,cls,dna_prot_spliceai,nt_v3_650m,esmc_600m,PyTorch_Gating,0.7752,0.8711,0.6408,0.907,0.7384,0.5692,0.8799,0.885,
Train1Val_ClinVarHQ,mean,dna_prot,nt_v3_650m,esm1v_650m,PyTorch_Transformer,0.7767,0.8604,0.6552,0.8958,0.7439,0.5684,0.8829,0.885,
Train1Val_ClinVarHQ,cls,dna_prot,nt_v3_650m,esm1b_650m,Pure_XGBoost_Concat,0.7795,0.841,0.6839,0.8732,0.7544,0.568,0.8726,0.8667,
Train1Val_ClinVarHQ,cls,dna_prot_spliceai,nt_v2_500m,esmc_600m,Pure_XGBoost_Concat,0.7781,0.8504,0.6695,0.8845,0.7492,0.568,0.8706,0.878,
Train1Val_ClinVarHQ,mean,dna_prot_spliceai,nt_v3_650m,esm1v_650m,PyTorch_CrossAttn,0.7781,0.8504,0.6695,0.8845,0.7492,0.568,0.8828,0.873,
Train1Val_ClinVarHQ,cls,dna_prot_spliceai,nt_v2_500m,esm1b_650m,PyTorch_Gating,0.771,0.888,0.6149,0.9239,0.7267,0.5676,0.8972,0.8951,
Train1Val_ClinVarHQ,mean,dna_prot_spliceai,nt_v3_650m,esmc_600m,Hybrid_Gating_XGBoost,0.7809,0.8255,0.7069,0.8535,0.7616,0.567,0.8764,0.8872,
Train1Val_ClinVarHQ,cls,dna_prot,nt_v1_500m,esmc_600m,Pure_XGBoost_Concat,0.7767,0.855,0.6609,0.8901,0.7455,0.5669,0.8771,0.8757,
Train1Val_ClinVarHQ,cls,dna_prot_spliceai,nt_v2_500m,esmc_600m,Hybrid_Concat_XGBoost,0.7781,0.8453,0.6753,0.8789,0.7508,0.5667,0.8528,0.8668,
Train1Val_ClinVarHQ,mean,dna_prot_spliceai,nt_v3_650m,esm1v_650m,PyTorch_Gating,0.7752,0.8626,0.6494,0.8986,0.741,0.5667,0.8838,0.877,
Train1Val_ClinVarHQ,cls,dna_prot_spliceai,nt_v2_500m,esmc_600m,PyTorch_Concat,0.771,0.8848,0.6178,0.9211,0.7276,0.5666,0.8491,0.8638,
Train1Val_ClinVarHQ,cls,dna_prot_spliceai,nt_v3_650m,esm1v_650m,Pure_XGBoost_Concat,0.7795,0.8339,0.6925,0.8648,0.7567,0.5663,0.8616,0.8483,
Train1Val_ClinVarHQ,mean,dna_prot,nt_v2_500m,esmc_600m,Pure_XGBoost_Concat,0.7781,0.8429,0.6782,0.8761,0.7516,0.566,0.8838,0.8916,
Train1Val_ClinVarHQ,cls,dna_prot_spliceai,nt_v3_650m,esm1v_650m,Hybrid_CrossAttn_XGBoost,0.7824,0.8037,0.7414,0.8225,0.7713,0.566,0.862,0.8518,
Train1Val_ClinVarHQ,mean,dna_prot_spliceai,nt_v2_500m,esm1v_650m,Hybrid_Transformer_XGBoost,0.7809,0.817,0.7184,0.8423,0.7645,0.5654,0.8853,0.8785,
Train1Val_ClinVarHQ,cls,dna_prot,nt_v3_650m,esmc_600m,PyTorch_Transformer,0.7724,0.873,0.6322,0.9099,0.7333,0.5651,0.8785,0.882,
Train1Val_ClinVarHQ,cls,dna_prot_spliceai,nt_v3_650m,esmc_600m,PyTorch_Transformer,0.7724,0.873,0.6322,0.9099,0.7333,0.5651,0.8663,0.8791,
Train1Val_ClinVarHQ,mean,dna_prot_spliceai,nt_v2_500m,esm1v_650m,Hybrid_Gating_XGBoost,0.7795,0.8249,0.704,0.8535,0.7597,0.5643,0.8793,0.875,
Train1Val_ClinVarHQ,cls,dna_prot_spliceai,nt_v3_650m,esmc_600m,Hybrid_Gating_XGBoost,0.7767,0.8448,0.6724,0.8789,0.7488,0.5641,0.8447,0.8644,
Train1Val_ClinVarHQ,center,dna_prot,nt_v1_500m,esm2_650m,PyTorch_CrossAttn,0.7681,0.8903,0.6063,0.9268,0.7214,0.5638,0.8963,0.8895,
Train1Val_ClinVarHQ,center,dna_prot_spliceai,nt_v3_650m,esm2_650m,PyTorch_CrossAttn,0.7667,0.8966,0.5977,0.9324,0.7172,0.5636,0.8986,0.8949,
Train1Val_ClinVarHQ,mean,dna_prot_spliceai,nt_v3_650m,esm1v_650m,Pure_XGBoost_Concat,0.7752,0.8519,0.6609,0.8873,0.7443,0.5636,0.8647,0.8708,
Train1Val_ClinVarHQ,cls,dna_prot_spliceai,nt_v2_500m,esm1v_650m,PyTorch_CrossAttn,0.7767,0.8423,0.6753,0.8761,0.7496,0.5634,0.8689,0.8577,
Train1Val_ClinVarHQ,cls,dna_prot,nt_v3_650m,esmc_600m,PyTorch_Gating,0.7696,0.8811,0.6178,0.9183,0.7264,0.5631,0.8514,0.8688,
Train1Val_ClinVarHQ,cls,dna_prot,nt_v1_500m,esm1v_650m,Hybrid_Gating_XGBoost,0.7795,0.8185,0.7126,0.8451,0.7619,0.5631,0.8677,0.8538,
Train1Val_ClinVarHQ,cls,dna_prot_spliceai,nt_v3_650m,esmc_600m,Hybrid_CrossAttn_XGBoost,0.7752,0.8493,0.6638,0.8845,0.7452,0.5629,0.8515,0.8605,
Train1Val_ClinVarHQ,cls,dna_prot,nt_v3_650m,esmc_600m,PyTorch_Concat,0.7696,0.878,0.6207,0.9155,0.7273,0.5621,0.8698,0.8787,
Train1Val_ClinVarHQ,cls,dna_prot,nt_v3_650m,esmc_600m,Hybrid_CrossAttn_XGBoost,0.7738,0.8539,0.6552,0.8901,0.7415,0.5618,0.8434,0.861,
Train1Val_ClinVarHQ,cls,dna_prot_spliceai,nt_v1_500m,esm2_650m,PyTorch_Transformer,0.7738,0.8539,0.6552,0.8901,0.7415,0.5618,0.8721,0.8684,
Train1Val_ClinVarHQ,cls,dna_prot_spliceai,nt_v2_500m,esm1v_650m,Hybrid_CrossAttn_XGBoost,0.7795,0.8063,0.7299,0.8282,0.7662,0.5611,0.8681,0.8567,
Train1Val_ClinVarHQ,cls,dna_prot_spliceai,nt_v3_650m,esm2_650m,PyTorch_Concat,0.7724,0.8588,0.6466,0.8958,0.7377,0.5608,0.8719,0.8666,
Train1Val_ClinVarHQ,mean,dna_prot,nt_v1_500m,esm1v_650m,PyTorch_Gating,0.7724,0.8588,0.6466,0.8958,0.7377,0.5608,0.882,0.8801,
Train1Val_ClinVarHQ,mean,prot_spliceai,,esm1v_650m,Pure_XGBoost_Concat,0.7767,0.8304,0.6897,0.862,0.7535,0.5605,0.8734,0.8713,
Train1Val_ClinVarHQ,cls,dna_prot,nt_v3_650m,esm1v_650m,Hybrid_CrossAttn_XGBoost,0.7795,0.8006,0.7385,0.8197,0.7683,0.5603,0.8697,0.8611,
Train1Val_ClinVarHQ,cls,dna_prot,nt_v1_500m,esm2_650m,PyTorch_Concat,0.7724,0.8561,0.6494,0.893,0.7386,0.56,0.8736,0.8695,
Train1Val_ClinVarHQ,cls,dna_prot_spliceai,nt_v1_500m,esmc_600m,Hybrid_Gating_XGBoost,0.7738,0.8462,0.6638,0.8817,0.744,0.5596,0.8267,0.8435,
Train1Val_ClinVarHQ,mean,dna_prot,nt_v2_500m,esm1v_650m,PyTorch_Gating,0.7696,0.869,0.6293,0.907,0.73,0.5592,0.8853,0.8769,
Train1Val_ClinVarHQ,mean,dna_prot_spliceai,nt_v3_650m,esm1v_650m,PyTorch_Concat,0.7667,0.8833,0.6092,0.9211,0.7211,0.5592,0.8917,0.8845,
Train1Val_ClinVarHQ,cls,prot_spliceai,,esmc_600m,Hybrid_Concat_XGBoost,0.7752,0.8345,0.681,0.8676,0.75,0.559,0.86,0.8652,
Train1Val_ClinVarHQ,cls,dna_prot_spliceai,nt_v2_500m,esm2_650m,Hybrid_Transformer_XGBoost,0.7752,0.8345,0.681,0.8676,0.75,0.559,0.8615,0.8501,
Train1Val_ClinVarHQ,mean,dna_prot,nt_v1_500m,esm2_650m,Pure_XGBoost_Concat,0.7738,0.8436,0.6667,0.8789,0.7448,0.5589,0.8675,0.8532,
Train1Val_ClinVarHQ,mean,dna_prot_spliceai,nt_v2_500m,esm1v_650m,PyTorch_Concat,0.7681,0.8745,0.6207,0.9127,0.7261,0.5586,0.8859,0.8797,
Train1Val_ClinVarHQ,mean,dna_prot,nt_v2_500m,esm1v_650m,Hybrid_Concat_XGBoost,0.7752,0.8299,0.6868,0.862,0.7516,0.5579,0.8862,0.8824,
Train1Val_ClinVarHQ,cls,dna_prot,nt_v2_500m,esm1b_650m,Hybrid_Transformer_XGBoost,0.7767,0.8173,0.7069,0.8451,0.7581,0.5577,0.8788,0.8781,
Train1Val_ClinVarHQ,cls,dna_prot_spliceai,nt_v3_650m,esmc_600m,Hybrid_Transformer_XGBoost,0.7738,0.8387,0.6724,0.8732,0.7464,0.5576,0.8336,0.8561,
Train1Val_ClinVarHQ,mean,dna_prot_spliceai,nt_v1_500m,esm1v_650m,PyTorch_CrossAttn,0.7667,0.877,0.6149,0.9155,0.723,0.5571,0.8868,0.8823,
Train1Val_ClinVarHQ,cls,dna_prot_spliceai,nt_v3_650m,esmc_600m,Hybrid_Concat_XGBoost,0.7724,0.8456,0.6609,0.8817,0.7419,0.557,0.8561,0.863,
Train1Val_ClinVarHQ,cls,dna_prot,nt_v2_500m,esm1v_650m,Hybrid_Transformer_XGBoost,0.7767,0.8111,0.7155,0.8366,0.7603,0.5566,0.8659,0.8589,
Train1Val_ClinVarHQ,cls,dna_prot_spliceai,nt_v3_650m,esm1v_650m,Hybrid_Transformer_XGBoost,0.7767,0.8111,0.7155,0.8366,0.7603,0.5566,0.8701,0.8502,
Train1Val_ClinVarHQ,cls,dna_prot_spliceai,nt_v2_500m,esmc_600m,Hybrid_Transformer_XGBoost,0.771,0.8502,0.6523,0.8873,0.7382,0.5559,0.8242,0.8393,
Train1Val_ClinVarHQ,mean,dna_prot_spliceai,nt_v1_500m,esm1v_650m,PyTorch_Gating,0.7681,0.8656,0.6293,0.9042,0.7288,0.5558,0.8857,0.8814,
Train1Val_ClinVarHQ,cls,dna_prot,nt_v2_500m,esm1v_650m,PyTorch_Concat,0.7724,0.8406,0.6667,0.8761,0.7436,0.5557,0.8734,0.8614,
Train1Val_ClinVarHQ,mean,dna_prot_spliceai,nt_v2_500m,esm1v_650m,Hybrid_Concat_XGBoost,0.7752,0.8188,0.7011,0.8479,0.7554,0.5555,0.8831,0.8765,
Train1Val_ClinVarHQ,cls,dna_prot,nt_v2_500m,esmc_600m,Pure_XGBoost_Concat,0.771,0.8476,0.6552,0.8845,0.7391,0.5552,0.8783,0.8768,
Train1Val_ClinVarHQ,cls,dna_prot,nt_v2_500m,esmc_600m,Hybrid_Transformer_XGBoost,0.771,0.8476,0.6552,0.8845,0.7391,0.5552,0.8268,0.8518,
Train1Val_ClinVarHQ,mean,dna_prot,nt_v1_500m,esm1v_650m,Hybrid_Concat_XGBoost,0.7752,0.8167,0.704,0.8451,0.7562,0.5551,0.8732,0.8732,
Train1Val_ClinVarHQ,cls,dna_prot,nt_v3_650m,esmc_600m,Hybrid_Concat_XGBoost,0.7724,0.8381,0.6695,0.8732,0.7444,0.555,0.8586,0.8697,
Train1Val_ClinVarHQ,cls,dna_prot_spliceai,nt_v1_500m,esmc_600m,Hybrid_CrossAttn_XGBoost,0.7681,0.8627,0.6322,0.9014,0.7297,0.5549,0.8331,0.8538,
Train1Val_ClinVarHQ,mean,dna_prot_spliceai,nt_v1_500m,esm1v_650m,PyTorch_Transformer,0.7681,0.8627,0.6322,0.9014,0.7297,0.5549,0.8859,0.8819,
Train1Val_ClinVarHQ,cls,dna_prot,nt_v3_650m,esm1v_650m,Hybrid_Concat_XGBoost,0.7752,0.8146,0.7069,0.8423,0.7569,0.5547,0.8625,0.8505,
Train1Val_ClinVarHQ,cls,dna_prot_spliceai,nt_v2_500m,esm2_650m,Hybrid_CrossAttn_XGBoost,0.7738,0.827,0.6868,0.8592,0.7504,0.5547,0.8554,0.843,
Train1Val_ClinVarHQ,mean,dna_prot_spliceai,nt_v1_500m,esm2_650m,Pure_XGBoost_Concat,0.7724,0.8357,0.6724,0.8704,0.7452,0.5544,0.8677,0.8517,
Train1Val_ClinVarHQ,mean,dna_prot_spliceai,nt_v3_650m,esm2_650m,Pure_XGBoost_Concat,0.7724,0.8333,0.6753,0.8676,0.746,0.5538,0.8749,0.866,
Train1Val_ClinVarHQ,mean,dna_prot,nt_v1_500m,esm1v_650m,Hybrid_Gating_XGBoost,0.7738,0.8203,0.6954,0.8507,0.7527,0.5533,0.8797,0.8805,
Train1Val_ClinVarHQ,cls,dna_prot,nt_v1_500m,esmc_600m,PyTorch_Concat,0.7639,0.8792,0.6063,0.9183,0.7177,0.5532,0.8445,0.8676,
Train1Val_ClinVarHQ,mean,dna_prot,nt_v2_500m,esm1v_650m,PyTorch_CrossAttn,0.7667,0.8622,0.6293,0.9014,0.7276,0.5524,0.8859,0.8833,
Train1Val_ClinVarHQ,mean,dna_prot,nt_v2_500m,esm1v_650m,Hybrid_CrossAttn_XGBoost,0.7738,0.814,0.704,0.8423,0.755,0.552,0.8818,0.8777,
Train1Val_ClinVarHQ,mean,dna_prot_spliceai,nt_v2_500m,esm1v_650m,Hybrid_CrossAttn_XGBoost,0.7738,0.814,0.704,0.8423,0.755,0.552,0.8733,0.8695,
Train1Val_ClinVarHQ,mean,dna_prot_spliceai,nt_v2_500m,esm1v_650m,PyTorch_Gating,0.7653,0.8675,0.6207,0.907,0.7236,0.5517,0.8864,0.8774,
Train1Val_ClinVarHQ,cls,dna_prot,nt_v1_500m,esmc_600m,PyTorch_CrossAttn,0.7596,0.8943,0.5833,0.9324,0.7061,0.5515,0.8382,0.8575,
Train1Val_ClinVarHQ,cls,dna_prot,nt_v1_500m,esm1v_650m,Hybrid_Concat_XGBoost,0.7724,0.8219,0.6897,0.8535,0.75,0.5511,0.8577,0.856,
Train1Val_ClinVarHQ,cls,dna_prot,nt_v1_500m,esmc_600m,Hybrid_Gating_XGBoost,0.7681,0.8491,0.6466,0.8873,0.7341,0.5508,0.8479,0.8585,
Train1Val_ClinVarHQ,cls,dna_prot,nt_v2_500m,esm2_650m,Pure_XGBoost_Concat,0.771,0.8304,0.6753,0.8648,0.7448,0.5506,0.86,0.844,
Train1Val_ClinVarHQ,cls,dna_prot_spliceai,nt_v1_500m,esmc_600m,Pure_XGBoost_Concat,0.7696,0.8394,0.6609,0.8761,0.7395,0.5505,0.8709,0.8685,
Train1Val_ClinVarHQ,mean,prot_spliceai,,esm2_650m,Pure_XGBoost_Concat,0.7696,0.837,0.6638,0.8732,0.7404,0.5498,0.8604,0.8529,
Train1Val_ClinVarHQ,mean,dna_prot_spliceai,nt_v2_500m,esm1v_650m,Pure_XGBoost_Concat,0.7696,0.837,0.6638,0.8732,0.7404,0.5498,0.856,0.8581,
Train1Val_ClinVarHQ,cls,dna_prot_spliceai,nt_v3_650m,esm2_650m,PyTorch_Transformer,0.7639,0.8669,0.6178,0.907,0.7215,0.5492,0.874,0.8661,
Train1Val_ClinVarHQ,mean,dna_prot,nt_v1_500m,esm1v_650m,PyTorch_CrossAttn,0.7639,0.8669,0.6178,0.907,0.7215,0.5492,0.8758,0.8737,
Train1Val_ClinVarHQ,cls,dna_prot_spliceai,nt_v3_650m,esm2_650m,PyTorch_CrossAttn,0.7667,0.8511,0.6408,0.8901,0.7311,0.549,0.8608,0.8517,
Train1Val_ClinVarHQ,center,geom,nt_v3_650m,esmc_600m,Pure_XGBoost_Concat,0.7468,0.9427,0.5201,0.969,0.6704,0.5489,0.8362,0.8496,
Train1Val_ClinVarHQ,cls,dna_prot,nt_v2_500m,esmc_600m,PyTorch_CrossAttn,0.7624,0.8724,0.6092,0.9127,0.7174,0.5486,0.836,0.8601,
Train1Val_ClinVarHQ,cls,dna_prot,nt_v1_500m,esm1v_650m,PyTorch_Transformer,0.7681,0.8413,0.6552,0.8789,0.7367,0.5486,0.8763,0.8722,
Train1Val_ClinVarHQ,center,bio_dna_geom_prot,nt_v3_650m,esmc_600m,PyTorch_CrossAttn,0.7368,0.9822,0.477,0.9915,0.6422,0.5482,0.9555,0.9561,
Train1Val_ClinVarHQ,cls,dna_prot_spliceai,nt_v1_500m,esm2_650m,PyTorch_Gating,0.7667,0.8485,0.6437,0.8873,0.732,0.5482,0.8653,0.857,
Train1Val_ClinVarHQ,center,dna_prot,nt_v3_650m,esm2_650m,PyTorch_CrossAttn,0.7582,0.8904,0.5833,0.9296,0.7049,0.5478,0.9072,0.8966,
Train1Val_ClinVarHQ,cls,dna_prot,nt_v3_650m,esm1v_650m,PyTorch_CrossAttn,0.7653,0.8533,0.6351,0.893,0.7282,0.5473,0.8735,0.8656,
Train1Val_ClinVarHQ,cls,dna_prot_spliceai,nt_v1_500m,esm2_650m,Hybrid_Gating_XGBoost,0.7696,0.8252,0.6782,0.8592,0.7445,0.5469,0.8523,0.8435,
Train1Val_ClinVarHQ,cls,dna_prot_spliceai,nt_v2_500m,esm1v_650m,Pure_XGBoost_Concat,0.7696,0.8252,0.6782,0.8592,0.7445,0.5469,0.8414,0.8349,
Train1Val_ClinVarHQ,cls,dna_prot_spliceai,nt_v3_650m,esmc_600m,Pure_XGBoost_Concat,0.7667,0.8433,0.6494,0.8817,0.7338,0.5467,0.8655,0.8699,
Train1Val_ClinVarHQ,mean,prot_spliceai,,esm1v_650m,PyTorch_Concat,0.7624,0.8664,0.6149,0.907,0.7193,0.5467,0.8822,0.878,
Train1Val_ClinVarHQ,cls,dna_prot,nt_v1_500m,esmc_600m,Hybrid_Transformer_XGBoost,0.7653,0.8506,0.6379,0.8901,0.7291,0.5465,0.837,0.8574,
Train1Val_ClinVarHQ,center,dna_prot,nt_v2_500m,esm2_650m,PyTorch_Transformer,0.7639,0.8583,0.6264,0.8986,0.7243,0.5464,0.8847,0.8749,
Train1Val_ClinVarHQ,center,bio_geom_prot,nt_v3_650m,esmc_600m,PyTorch_Concat,0.7354,0.9821,0.4741,0.9915,0.6395,0.546,0.9592,0.9573,
Train1Val_ClinVarHQ,cls,dna_prot,nt_v2_500m,esmc_600m,PyTorch_Transformer,0.7596,0.8776,0.5977,0.9183,0.7111,0.5458,0.8448,0.8597,
Train1Val_ClinVarHQ,cls,dna_prot_spliceai,nt_v2_500m,esm2_650m,Hybrid_Concat_XGBoost,0.7696,0.8207,0.6839,0.8535,0.7461,0.5458,0.8516,0.8436,
Train1Val_ClinVarHQ,cls,dna_prot,nt_v2_500m,esm2_650m,PyTorch_CrossAttn,0.7582,0.8836,0.5891,0.9239,0.7069,0.5455,0.8714,0.8644,
Train1Val_ClinVarHQ,mean,dna_prot,nt_v2_500m,esm1v_650m,Hybrid_Gating_XGBoost,0.771,0.8066,0.7069,0.8338,0.7534,0.5455,0.875,0.8738,
Train1Val_ClinVarHQ,cls,dna_prot,nt_v1_500m,esm1v_650m,Pure_XGBoost_Concat,0.7681,0.8292,0.6695,0.8648,0.7409,0.5454,0.8433,0.8452,
Train1Val_ClinVarHQ,cls,dna_prot_spliceai,nt_v2_500m,esm2_650m,PyTorch_Gating,0.7624,0.8606,0.6207,0.9014,0.7212,0.5448,0.8768,0.8677,
Train1Val_ClinVarHQ,cls,dna_prot,nt_v3_650m,esmc_600m,Hybrid_Gating_XGBoost,0.7667,0.8358,0.658,0.8732,0.7363,0.5447,0.8418,0.8614,
Train1Val_ClinVarHQ,cls,dna_prot,nt_v2_500m,esm2_650m,Hybrid_CrossAttn_XGBoost,0.7696,0.8142,0.6925,0.8451,0.7484,0.5444,0.8494,0.8312,
Train1Val_ClinVarHQ,cls,dna_prot,nt_v2_500m,esm2_650m,Hybrid_Gating_XGBoost,0.7696,0.8142,0.6925,0.8451,0.7484,0.5444,0.8498,0.8337,
Train1Val_ClinVarHQ,cls,dna_prot,nt_v1_500m,esm1v_650m,Hybrid_CrossAttn_XGBoost,0.7696,0.8142,0.6925,0.8451,0.7484,0.5444,0.8627,0.8497,
Train1Val_ClinVarHQ,cls,dna_prot,nt_v3_650m,esm1v_650m,Pure_XGBoost_Concat,0.7696,0.8142,0.6925,0.8451,0.7484,0.5444,0.8531,0.8506,
Train1Val_ClinVarHQ,cls,dna_prot_spliceai,nt_v1_500m,esm1v_650m,Hybrid_Concat_XGBoost,0.7681,0.8246,0.6753,0.8592,0.7425,0.5442,0.8631,0.8578,
Train1Val_ClinVarHQ,cls,dna_prot_spliceai,nt_v2_500m,esm2_650m,PyTorch_Transformer,0.761,0.8659,0.6121,0.907,0.7172,0.5442,0.8662,0.8528,
Train1Val_ClinVarHQ,cls,dna_prot,nt_v2_500m,esmc_600m,PyTorch_Gating,0.7596,0.8714,0.6034,0.9127,0.7131,0.5437,0.8379,0.8597,
Train1Val_ClinVarHQ,cls,dna_prot,nt_v2_500m,esm1v_650m,Hybrid_CrossAttn_XGBoost,0.771,0.795,0.7241,0.8169,0.7579,0.5436,0.8668,0.8634,
Train1Val_ClinVarHQ,cls,dna_prot_spliceai,nt_v1_500m,esm2_650m,Pure_XGBoost_Concat,0.7653,0.8401,0.6494,0.8789,0.7326,0.5435,0.8536,0.8437,
Train1Val_ClinVarHQ,cls,dna_prot,nt_v3_650m,esm1v_650m,Hybrid_Transformer_XGBoost,0.771,0.7913,0.7299,0.8113,0.7593,0.5432,0.8649,0.8576,
Train1Val_ClinVarHQ,mean,dna_prot,nt_v2_500m,esm1v_650m,PyTorch_Concat,0.7639,0.8473,0.6379,0.8873,0.7279,0.5431,0.8837,0.8811,
Train1Val_ClinVarHQ,mean,dna_prot,nt_v3_650m,esm1v_650m,PyTorch_Gating,0.7568,0.8831,0.5862,0.9239,0.7047,0.543,0.8911,0.8849,
Train1Val_ClinVarHQ,mean,dna_prot,nt_v3_650m,esm1v_650m,Pure_XGBoost_Concat,0.7653,0.8376,0.6523,0.8761,0.7334,0.5428,0.868,0.8723,
Train1Val_ClinVarHQ,mean,dna_prot_spliceai,nt_v2_500m,esm2_650m,Pure_XGBoost_Concat,0.7653,0.8376,0.6523,0.8761,0.7334,0.5428,0.8645,0.8473,
Train1Val_ClinVarHQ,cls,dna_prot,nt_v2_500m,esm1v_650m,Hybrid_Concat_XGBoost,0.7681,0.8179,0.6839,0.8507,0.7449,0.5427,0.8573,0.8496,
Train1Val_ClinVarHQ,cls,dna_prot_spliceai,nt_v3_650m,esmc_600m,PyTorch_CrossAttn,0.7596,0.8683,0.6063,0.9099,0.714,0.5427,0.8718,0.8791,
Train1Val_ClinVarHQ,cls,dna_prot_spliceai,nt_v3_650m,esm2_650m,Hybrid_Concat_XGBoost,0.7681,0.8157,0.6868,0.8479,0.7457,0.5422,0.8544,0.8465,
Train1Val_ClinVarHQ,mean,dna_prot_spliceai,nt_v3_650m,esm1v_650m,Hybrid_Concat_XGBoost,0.7681,0.8157,0.6868,0.8479,0.7457,0.5422,0.8752,0.8716,
Train1Val_ClinVarHQ,cls,dna_prot_spliceai,nt_v1_500m,esmc_600m,PyTorch_Transformer,0.7568,0.8798,0.5891,0.9211,0.7057,0.5419,0.8378,0.8614,
Train1Val_ClinVarHQ,cls,dna_prot_spliceai,nt_v2_500m,esmc_600m,PyTorch_Transformer,0.7568,0.8798,0.5891,0.9211,0.7057,0.5419,0.8433,0.8603,
Train1Val_ClinVarHQ,cls,dna_prot_spliceai,nt_v1_500m,esm1v_650m,Hybrid_Gating_XGBoost,0.7681,0.8136,0.6897,0.8451,0.7465,0.5417,0.8647,0.8556,
Train1Val_ClinVarHQ,cls,dna_prot,nt_v2_500m,esm1v_650m,Pure_XGBoost_Concat,0.7667,0.8217,0.6753,0.8563,0.7413,0.5411,0.8425,0.8411,
Train1Val_ClinVarHQ,cls,dna_prot_spliceai,nt_v2_500m,esm1v_650m,Hybrid_Transformer_XGBoost,0.7696,0.7943,0.7213,0.8169,0.756,0.5409,0.8631,0.8535,
Train1Val_ClinVarHQ,cls,dna_prot_spliceai,nt_v2_500m,esmc_600m,PyTorch_Gating,0.7568,0.8766,0.592,0.9183,0.7067,0.5408,0.8433,0.8671,
Train1Val_ClinVarHQ,cls,dna_prot,nt_v3_650m,esm2_650m,Hybrid_Transformer_XGBoost,0.7681,0.8073,0.6983,0.8366,0.7488,0.5405,0.8535,0.8477,
Train1Val_ClinVarHQ,cls,dna_prot,nt_v1_500m,esmc_600m,Hybrid_Concat_XGBoost,0.7639,0.837,0.6494,0.8761,0.7314,0.5402,0.85,0.8657,
Train1Val_ClinVarHQ,cls,dna_prot,nt_v3_650m,esm2_650m,PyTorch_Transformer,0.7582,0.8678,0.6034,0.9099,0.7119,0.5402,0.8742,0.8619,
Train1Val_ClinVarHQ,cls,dna_prot_spliceai,nt_v1_500m,esm2_650m,Hybrid_Transformer_XGBoost,0.7667,0.8172,0.681,0.8507,0.7429,0.54,0.8475,0.8335,
Train1Val_ClinVarHQ,cls,dna_prot,nt_v1_500m,esmc_600m,PyTorch_Transformer,0.7568,0.8734,0.5948,0.9155,0.7077,0.5397,0.8536,0.8704,
Train1Val_ClinVarHQ,cls,dna_prot_spliceai,nt_v1_500m,esm2_650m,PyTorch_CrossAttn,0.7639,0.8346,0.6523,0.8732,0.7323,0.5395,0.8591,0.8455,
Train1Val_ClinVarHQ,cls,dna_prot_spliceai,nt_v1_500m,esmc_600m,PyTorch_Concat,0.7553,0.8793,0.5862,0.9211,0.7034,0.5394,0.8478,0.8686,
Train1Val_ClinVarHQ,cls,dna_prot_spliceai,nt_v2_500m,esmc_600m,PyTorch_CrossAttn,0.7582,0.8648,0.6063,0.907,0.7128,0.5392,0.8361,0.8582,
Train1Val_ClinVarHQ,cls,dna_prot,nt_v2_500m,esm2_650m,PyTorch_Transformer,0.7553,0.8761,0.5891,0.9183,0.7045,0.5383,0.8754,0.8591,
Train1Val_ClinVarHQ,cls,dna_prot,nt_v2_500m,esm1v_650m,Hybrid_Gating_XGBoost,0.7667,0.8087,0.6925,0.8394,0.7461,0.5382,0.8622,0.8535,
Train1Val_ClinVarHQ,mean,dna_prot,nt_v3_650m,esm1v_650m,Hybrid_Concat_XGBoost,0.7667,0.8087,0.6925,0.8394,0.7461,0.5382,0.8691,0.871,
Train1Val_ClinVarHQ,cls,dna_prot,nt_v2_500m,esmc_600m,Hybrid_Gating_XGBoost,0.761,0.8462,0.6322,0.8873,0.7237,0.538,0.8266,0.8459,
Train1Val_ClinVarHQ,mean,dna_prot,nt_v1_500m,esm1v_650m,PyTorch_Concat,0.761,0.8435,0.6351,0.8845,0.7246,0.5372,0.8755,0.8728,
Train1Val_ClinVarHQ,cls,dna_prot,nt_v3_650m,esm2_650m,PyTorch_Concat,0.7568,0.8642,0.6034,0.907,0.7107,0.5367,0.8728,0.8641,
Train1Val_ClinVarHQ,mean,dna_prot,nt_v2_500m,esm1v_650m,PyTorch_Transformer,0.7568,0.8642,0.6034,0.907,0.7107,0.5367,0.8787,0.8761,
Train1Val_ClinVarHQ,cls,dna_prot,nt_v3_650m,esm2_650m,PyTorch_CrossAttn,0.7582,0.856,0.6149,0.8986,0.7157,0.5364,0.8704,0.8639,
Train1Val_ClinVarHQ,cls,dna_prot,nt_v2_500m,esm1v_650m,PyTorch_Transformer,0.7582,0.856,0.6149,0.8986,0.7157,0.5364,0.8702,0.8626,
Train1Val_ClinVarHQ,cls,dna_prot_spliceai,nt_v3_650m,esm2_650m,PyTorch_Gating,0.7582,0.856,0.6149,0.8986,0.7157,0.5364,0.8683,0.8593,
Train1Val_ClinVarHQ,cls,prot_spliceai,,esm2_650m,PyTorch_Concat,0.7596,0.8482,0.6264,0.8901,0.7207,0.5363,0.8679,0.865,
Train1Val_ClinVarHQ,mean,dna_prot_spliceai,nt_v1_500m,esm1v_650m,PyTorch_Concat,0.7553,0.8697,0.5948,0.9127,0.7065,0.5362,0.8852,0.8828,
Train1Val_ClinVarHQ,cls,dna_prot_spliceai,nt_v1_500m,esmc_600m,Hybrid_Concat_XGBoost,0.761,0.8383,0.6408,0.8789,0.7264,0.5357,0.844,0.8614,
Train1Val_ClinVarHQ,cls,dna_prot,nt_v1_500m,esmc_600m,Hybrid_CrossAttn_XGBoost,0.7596,0.8456,0.6293,0.8873,0.7216,0.5355,0.8342,0.8536,
Train1Val_ClinVarHQ,cls,dna_prot_spliceai,nt_v1_500m,esmc_600m,PyTorch_CrossAttn,0.7539,0.8723,0.5891,0.9155,0.7033,0.5348,0.844,0.8609,
Train1Val_ClinVarHQ,cls,dna_prot,nt_v1_500m,esm2_650m,Hybrid_Transformer_XGBoost,0.7624,0.8221,0.6638,0.8592,0.7345,0.5338,0.8534,0.8447,
Train1Val_ClinVarHQ,cls,dna_prot,nt_v3_650m,esmc_600m,Hybrid_Transformer_XGBoost,0.7624,0.8221,0.6638,0.8592,0.7345,0.5338,0.845,0.8634,
Train1Val_ClinVarHQ,cls,dna_prot,nt_v1_500m,esm2_650m,PyTorch_CrossAttn,0.7539,0.8692,0.592,0.9127,0.7043,0.5337,0.8596,0.856,
Train1Val_ClinVarHQ,cls,dna_prot,nt_v1_500m,esm1v_650m,Hybrid_Transformer_XGBoost,0.7653,0.798,0.704,0.8254,0.7481,0.5336,0.863,0.8566,
Train1Val_ClinVarHQ,cls,dna_prot_spliceai,nt_v1_500m,esm1v_650m,Hybrid_CrossAttn_XGBoost,0.7653,0.7961,0.7069,0.8225,0.7489,0.5333,0.8657,0.8626,
Train1Val_ClinVarHQ,cls,dna_prot_spliceai,nt_v3_650m,esm2_650m,Hybrid_CrossAttn_XGBoost,0.7639,0.8095,0.6839,0.8423,0.7414,0.5333,0.8507,0.8472,
Train1Val_ClinVarHQ,cls,dna_prot_spliceai,nt_v2_500m,esmc_600m,Hybrid_CrossAttn_XGBoost,0.7596,0.8377,0.6379,0.8789,0.7243,0.5332,0.8359,0.8527,
Train1Val_ClinVarHQ,cls,dna_prot,nt_v3_650m,esm2_650m,PyTorch_Gating,0.7568,0.8526,0.6149,0.8958,0.7145,0.5329,0.8717,0.8599,
Train1Val_ClinVarHQ,cls,dna_prot_spliceai,nt_v3_650m,esm1v_650m,PyTorch_Transformer,0.7596,0.8352,0.6408,0.8761,0.7252,0.5324,0.8692,0.8624,
Train1Val_ClinVarHQ,mean,dna_prot,nt_v1_500m,esm1v_650m,Pure_XGBoost_Concat,0.761,0.8261,0.6552,0.8648,0.7308,0.5324,0.8559,0.8603,
Train1Val_ClinVarHQ,mean,geom_prot,nt_v3_650m,esm1b_650m,Pure_XGBoost_Concat,0.7354,0.9451,0.4943,0.9718,0.6491,0.532,0.8506,0.8735,
Train1Val_ClinVarHQ,cls,dna_prot_spliceai,nt_v1_500m,esm1v_650m,Hybrid_Transformer_XGBoost,0.7639,0.8013,0.6954,0.831,0.7446,0.5317,0.8718,0.8573,
Train1Val_ClinVarHQ,cls,prot_spliceai,,esm2_650m,Pure_XGBoost_Concat,0.7624,0.8131,0.6753,0.8479,0.7378,0.5316,0.8541,0.8482,
Train1Val_ClinVarHQ,cls,dna_prot_spliceai,nt_v3_650m,esm1v_650m,Hybrid_Concat_XGBoost,0.7624,0.8131,0.6753,0.8479,0.7378,0.5316,0.8622,0.8452,
Train1Val_ClinVarHQ,mean,dna_prot,nt_v3_650m,esm1v_650m,PyTorch_CrossAttn,0.7582,0.8397,0.6322,0.8817,0.7213,0.5314,0.879,0.8737,
Train1Val_ClinVarHQ,cls,dna_prot_spliceai,nt_v2_500m,esm1v_650m,Hybrid_Gating_XGBoost,0.7639,0.7993,0.6983,0.8282,0.7454,0.5313,0.8635,0.8617,
Train1Val_ClinVarHQ,cls,dna_prot_spliceai,nt_v1_500m,esmc_600m,Hybrid_Transformer_XGBoost,0.7596,0.8303,0.6466,0.8704,0.727,0.5311,0.8453,0.8557,
Train1Val_ClinVarHQ,cls,dna_prot_spliceai,nt_v2_500m,esm2_650m,PyTorch_Concat,0.7553,0.852,0.6121,0.8958,0.7124,0.5304,0.8698,0.8563,
Train1Val_ClinVarHQ,cls,dna_prot_spliceai,nt_v2_500m,esm1v_650m,Hybrid_Concat_XGBoost,0.7639,0.7935,0.7069,0.8197,0.7477,0.5303,0.8541,0.8478,
Train1Val_ClinVarHQ,center,dna_geom,nt_v3_650m,esmc_600m,Pure_XGBoost_Concat,0.7354,0.9402,0.4971,0.969,0.6504,0.5302,0.8166,0.8301,
Train1Val_ClinVarHQ,center,geom_prot,nt_v3_650m,esmc_600m,Pure_XGBoost_Concat,0.734,0.9448,0.4914,0.9718,0.6465,0.5297,0.8315,0.8379,
Train1Val_ClinVarHQ,cls,prot_spliceai,,esm2_650m,Hybrid_Concat_XGBoost,0.761,0.8147,0.6695,0.8507,0.735,0.5295,0.8525,0.8394,
Train1Val_ClinVarHQ,mean,dna_prot_spliceai,nt_v3_650m,esm1v_650m,PyTorch_Transformer,0.7482,0.8834,0.5661,0.9268,0.69,0.5295,0.8868,0.8768,
Train1Val_ClinVarHQ,cls,dna_prot,nt_v2_500m,esmc_600m,Hybrid_Concat_XGBoost,0.7596,0.8231,0.6552,0.862,0.7296,0.5291,0.8283,0.8556,
Train1Val_ClinVarHQ,cls,dna_prot_spliceai,nt_v1_500m,esm1v_650m,PyTorch_CrossAttn,0.7568,0.8365,0.6322,0.8789,0.7201,0.528,0.8614,0.854,
Train1Val_ClinVarHQ,cls,dna_prot_spliceai,nt_v2_500m,esm2_650m,PyTorch_CrossAttn,0.7568,0.8365,0.6322,0.8789,0.7201,0.528,0.8643,0.8574,
Train1Val_ClinVarHQ,cls,dna_prot_spliceai,nt_v3_650m,esm1v_650m,PyTorch_CrossAttn,0.7582,0.8272,0.6466,0.8676,0.7258,0.5278,0.8662,0.8468,
Train1Val_ClinVarHQ,cls,dna_prot_spliceai,nt_v1_500m,esmc_600m,PyTorch_Gating,0.744,0.8962,0.546,0.938,0.6786,0.5273,0.8491,0.8683,
Train1Val_ClinVarHQ,cls,dna_prot,nt_v1_500m,esm1v_650m,PyTorch_Concat,0.7539,0.8486,0.6121,0.893,0.7112,0.527,0.8797,0.87,
Train1Val_ClinVarHQ,cls,dna_prot_spliceai,nt_v1_500m,esm2_650m,PyTorch_Concat,0.7539,0.8486,0.6121,0.893,0.7112,0.527,0.8672,0.8651,
Train1Val_ClinVarHQ,mean,dna_geom_prot,nt_v3_650m,esm1b_650m,Pure_XGBoost_Concat,0.7297,0.954,0.477,0.9775,0.636,0.5265,0.852,0.8725,
Train1Val_ClinVarHQ,cls,dna_prot,nt_v3_650m,esm2_650m,Hybrid_CrossAttn_XGBoost,0.761,0.8,0.6897,0.831,0.7407,0.5263,0.8501,0.8481,
Train1Val_ClinVarHQ,cls,dna_prot,nt_v2_500m,esmc_600m,PyTorch_Concat,0.7496,0.8675,0.5833,0.9127,0.6976,0.5263,0.8352,0.858,
Train1Val_ClinVarHQ,cls,dna_prot,nt_v2_500m,esm1v_650m,PyTorch_CrossAttn,0.7525,0.8537,0.6034,0.8986,0.7071,0.5263,0.8765,0.8637,
Train1Val_ClinVarHQ,cls,dna_prot,nt_v1_500m,esmc_600m,PyTorch_Gating,0.7468,0.8795,0.5661,0.9239,0.6888,0.5258,0.8557,0.8725,
Train1Val_ClinVarHQ,cls,dna_prot_spliceai,nt_v3_650m,esm1v_650m,Hybrid_Gating_XGBoost,0.761,0.7922,0.7011,0.8197,0.7439,0.5249,0.8576,0.8387,
Train1Val_ClinVarHQ,cls,dna_prot,nt_v1_500m,esm1v_650m,PyTorch_CrossAttn,0.7553,0.8308,0.6351,0.8732,0.7199,0.524,0.8644,0.8595,
Train1Val_ClinVarHQ,cls,dna_prot,nt_v1_500m,esm2_650m,PyTorch_Gating,0.7525,0.8452,0.6121,0.8901,0.71,0.5236,0.8648,0.8612,
Train1Val_ClinVarHQ,cls,dna_prot,nt_v3_650m,esm2_650m,Pure_XGBoost_Concat,0.7553,0.8284,0.6379,0.8704,0.7208,0.5233,0.8572,0.8453,
Train1Val_ClinVarHQ,cls,dna_prot_spliceai,nt_v2_500m,esm2_650m,Pure_XGBoost_Concat,0.7568,0.8195,0.6523,0.8592,0.7264,0.5233,0.8461,0.8421,
Train1Val_ClinVarHQ,cls,dna_prot_spliceai,nt_v2_500m,esm1v_650m,PyTorch_Transformer,0.7525,0.8425,0.6149,0.8873,0.711,0.5228,0.865,0.8561,
Train1Val_ClinVarHQ,center,dna_geom_prot,nt_v3_650m,esmc_600m,Pure_XGBoost_Concat,0.7297,0.9438,0.4828,0.9718,0.6388,0.5227,0.8317,0.8397,
Train1Val_ClinVarHQ,cls,dna_prot,nt_v1_500m,esm2_650m,Hybrid_CrossAttn_XGBoost,0.7568,0.8149,0.658,0.8535,0.7281,0.5222,0.8524,0.8497,
Train1Val_ClinVarHQ,cls,dna_prot_spliceai,nt_v1_500m,esm1v_650m,PyTorch_Gating,0.7511,0.8474,0.6063,0.893,0.7069,0.5219,0.8726,0.8658,
Train1Val_ClinVarHQ,cls,dna_prot_spliceai,nt_v1_500m,esm1v_650m,Pure_XGBoost_Concat,0.7568,0.8105,0.6638,0.8479,0.7299,0.5211,0.8523,0.8477,
Train1Val_ClinVarHQ,cls,dna_prot,nt_v1_500m,esm2_650m,Pure_XGBoost_Concat,0.7553,0.8188,0.6494,0.8592,0.7244,0.5207,0.8505,0.8418,
Train1Val_ClinVarHQ,cls,dna_prot_spliceai,nt_v2_500m,esm2_650m,Hybrid_Gating_XGBoost,0.7582,0.7967,0.6868,0.8282,0.7377,0.5205,0.8521,0.8364,
Train1Val_ClinVarHQ,cls,dna_prot_spliceai,nt_v1_500m,esm1v_650m,PyTorch_Concat,0.7539,0.8253,0.6379,0.8676,0.7196,0.52,0.8622,0.8522,
Train1Val_ClinVarHQ,cls,dna_prot,nt_v3_650m,esm2_650m,Hybrid_Concat_XGBoost,0.7568,0.8041,0.6724,0.8394,0.7324,0.5196,0.8601,0.8431,
Train1Val_ClinVarHQ,cls,dna_prot_spliceai,nt_v2_500m,esmc_600m,Hybrid_Gating_XGBoost,0.7525,0.8321,0.6264,0.8761,0.7148,0.5196,0.8237,0.8443,
Train1Val_ClinVarHQ,mean,dna_geom,nt_v3_650m,esm1b_650m,Pure_XGBoost_Concat,0.7212,0.9691,0.4511,0.9859,0.6157,0.5189,0.8439,0.8725,
Train1Val_ClinVarHQ,cls,dna_prot,nt_v2_500m,esm2_650m,PyTorch_Concat,0.7496,0.844,0.6063,0.8901,0.7057,0.5185,0.8691,0.8544,
Train1Val_ClinVarHQ,mean,dna_prot,nt_v2_500m,esm1v_650m,Pure_XGBoost_Concat,0.7525,0.8271,0.6322,0.8704,0.7166,0.5181,0.8561,0.8589,
Train1Val_ClinVarHQ,cls,dna_prot,nt_v3_650m,esm1v_650m,PyTorch_Concat,0.7496,0.8413,0.6092,0.8873,0.7067,0.5177,0.871,0.8596,
Train1Val_ClinVarHQ,center,bio_dna_geom_prot,nt_v3_650m,esmc_600m,PyTorch_Gating,0.7127,1.0,0.4195,1.0,0.5911,0.5171,0.968,0.9682,
Train1Val_ClinVarHQ,center,dna_geom_prot,nt_v3_650m,esmc_600m,PyTorch_CrossAttn,0.7226,0.9581,0.4598,0.9803,0.6214,0.517,0.9156,0.9159,
Train1Val_ClinVarHQ,cls,dna_prot,nt_v2_500m,esmc_600m,Hybrid_CrossAttn_XGBoost,0.7511,0.8314,0.6236,0.8761,0.7126,0.517,0.8303,0.8562,
Train1Val_ClinVarHQ,cls,dna_prot,nt_v2_500m,esm2_650m,Hybrid_Transformer_XGBoost,0.7553,0.8034,0.6695,0.8394,0.7304,0.5169,0.8575,0.8408,
Train1Val_ClinVarHQ,cls,prot_spliceai,,esm1v_650m,Hybrid_Concat_XGBoost,0.7553,0.8034,0.6695,0.8394,0.7304,0.5169,0.8516,0.8422,
Train1Val_ClinVarHQ,cls,dna_geom_prot,nt_v3_650m,esm1b_650m,Pure_XGBoost_Concat,0.7283,0.9337,0.4856,0.9662,0.6389,0.5167,0.8654,0.8788,
Train1Val_ClinVarHQ,center,dna_geom_prot,nt_v3_650m,esmc_600m,PyTorch_Transformer,0.7226,0.9527,0.4626,0.9775,0.6228,0.5149,0.9271,0.9212,
Train1Val_ClinVarHQ,cls,dna_prot,nt_v1_500m,esm2_650m,Hybrid_Concat_XGBoost,0.7539,0.8049,0.6638,0.8423,0.7276,0.5148,0.8487,0.8458,
Train1Val_ClinVarHQ,mean,geom,nt_v3_650m,esm1b_650m,Pure_XGBoost_Concat,0.7141,0.9868,0.4282,0.9944,0.5972,0.5144,0.8458,0.8776,
Train1Val_ClinVarHQ,cls,dna_prot_spliceai,nt_v1_500m,esm2_650m,Hybrid_CrossAttn_XGBoost,0.7539,0.8007,0.6695,0.8366,0.7293,0.5138,0.844,0.8354,
Train1Val_ClinVarHQ,cls,dna_prot,nt_v3_650m,esm2_650m,Hybrid_Gating_XGBoost,0.7553,0.7876,0.6925,0.8169,0.737,0.5137,0.8469,0.839,
Train1Val_ClinVarHQ,cls,dna_prot,nt_v3_650m,esm1v_650m,Hybrid_Gating_XGBoost,0.7553,0.7876,0.6925,0.8169,0.737,0.5137,0.8685,0.8569,
Train1Val_ClinVarHQ,cls,geom_prot,nt_v3_650m,esm1b_650m,Pure_XGBoost_Concat,0.724,0.9425,0.4713,0.9718,0.6284,0.5133,0.8599,0.8704,
Train1Val_ClinVarHQ,mean,dna_prot_spliceai,nt_v1_500m,esm1v_650m,Pure_XGBoost_Concat,0.7525,0.8085,0.6552,0.8479,0.7238,0.5132,0.8533,0.8563,
Train1Val_ClinVarHQ,cls,dna_prot_spliceai,nt_v3_650m,esm2_650m,Hybrid_Gating_XGBoost,0.7539,0.7926,0.681,0.8254,0.7326,0.5121,0.8449,0.8324,
Train1Val_ClinVarHQ,cls,dna_prot,nt_v2_500m,esm2_650m,Hybrid_Concat_XGBoost,0.7525,0.7959,0.6724,0.831,0.729,0.5102,0.849,0.8475,
Train1Val_ClinVarHQ,cls,dna_geom,nt_v3_650m,esm1b_650m,Pure_XGBoost_Concat,0.7183,0.9518,0.454,0.9775,0.6148,0.508,0.8653,0.8823,
Train1Val_ClinVarHQ,cls,dna_prot,nt_v1_500m,esm2_650m,Hybrid_Gating_XGBoost,0.7496,0.8071,0.6494,0.8479,0.7197,0.5079,0.8471,0.8442,
Train1Val_ClinVarHQ,cls,dna_prot,nt_v3_650m,esm1v_650m,PyTorch_Transformer,0.7468,0.8244,0.6207,0.8704,0.7082,0.5078,0.8797,0.8693,
Train1Val_ClinVarHQ,cls,dna_prot_spliceai,nt_v3_650m,esm2_650m,Pure_XGBoost_Concat,0.7496,0.805,0.6523,0.8451,0.7206,0.5074,0.8463,0.8366,
Train1Val_ClinVarHQ,cls,dna_prot_spliceai,nt_v1_500m,esm2_650m,Hybrid_Concat_XGBoost,0.7482,0.8109,0.6408,0.8535,0.7159,0.5064,0.8492,0.8433,
Train1Val_ClinVarHQ,cls,dna_prot,nt_v2_500m,esm2_650m,PyTorch_Gating,0.7368,0.8688,0.5517,0.9183,0.6749,0.5062,0.8705,0.8539,
Train1Val_ClinVarHQ,center,bio_dna_geom_prot,nt_v3_650m,esmc_600m,PyTorch_Transformer,0.7055,1.0,0.4052,1.0,0.5767,0.5059,0.9676,0.9673,
Train1Val_ClinVarHQ,cls,dna_prot,nt_v2_500m,esm1v_650m,PyTorch_Gating,0.7368,0.8622,0.5575,0.9127,0.6771,0.5039,0.8702,0.861,
Train1Val_ClinVarHQ,cls,dna_prot_spliceai,nt_v1_500m,esm1v_650m,PyTorch_Transformer,0.7411,0.8402,0.5891,0.8901,0.6926,0.5033,0.866,0.8494,
Train1Val_ClinVarHQ,cls,dna_prot_spliceai,nt_v3_650m,esm1v_650m,PyTorch_Gating,0.7411,0.8402,0.5891,0.8901,0.6926,0.5033,0.8717,0.8606,
Train1Val_ClinVarHQ,center,dna_geom_prot,nt_v3_650m,esmc_600m,Hybrid_CrossAttn_XGBoost,0.7169,0.9408,0.4569,0.9718,0.6151,0.5016,0.9207,0.9166,
Train1Val_ClinVarHQ,cls,dna_prot,nt_v3_650m,esm1v_650m,PyTorch_Gating,0.7411,0.8347,0.5948,0.8845,0.6946,0.5015,0.8658,0.858,
Train1Val_ClinVarHQ,cls,bio_dna_geom_prot,nt_v3_650m,esm1b_650m,Hybrid_Gating_XGBoost,0.7027,1.0,0.3994,1.0,0.5708,0.5014,0.9609,0.9648,
Train1Val_ClinVarHQ,cls,dna_prot_spliceai,nt_v2_500m,esm1v_650m,PyTorch_Gating,0.7383,0.8475,0.5747,0.8986,0.6849,0.5011,0.8746,0.8662,
Train1Val_ClinVarHQ,cls,dna_prot,nt_v1_500m,esm2_650m,PyTorch_Transformer,0.7326,0.8704,0.5402,0.9211,0.6667,0.5,0.8652,0.858,
Train1Val_ClinVarHQ,cls,dna_prot_spliceai,nt_v2_500m,esm1v_650m,PyTorch_Concat,0.7411,0.8294,0.6006,0.8789,0.6967,0.4999,0.8697,0.8627,
Train1Val_ClinVarHQ,cls,dna_prot_spliceai,nt_v3_650m,esm2_650m,Hybrid_Transformer_XGBoost,0.7454,0.7845,0.6695,0.8197,0.7225,0.4952,0.848,0.8429,
Train1Val_ClinVarHQ,cls,prot_spliceai,,esm1v_650m,PyTorch_Concat,0.7368,0.8354,0.5833,0.8873,0.687,0.4948,0.8666,0.8492,
Train1Val_ClinVarHQ,center,bio_dna_geom_prot,nt_v3_650m,esmc_600m,Hybrid_CrossAttn_XGBoost,0.6999,0.9858,0.3994,0.9944,0.5685,0.4917,0.9662,0.962,
Train1Val_ClinVarHQ,cls,dna_prot_spliceai,nt_v3_650m,esm1v_650m,PyTorch_Concat,0.7312,0.8412,0.5632,0.8958,0.6747,0.4875,0.8641,0.8493,
Train1Val_ClinVarHQ,cls,dna_prot,nt_v1_500m,esm1v_650m,PyTorch_Gating,0.7326,0.8333,0.5747,0.8873,0.6803,0.4872,0.8662,0.8601,
Train1Val_ClinVarHQ,center,bio_dna_geom_prot,nt_v3_650m,esmc_600m,Hybrid_Gating_XGBoost,0.6871,0.9923,0.3707,0.9972,0.5397,0.4738,0.959,0.9625,
Train1Val_ClinVarHQ,center,bio_geom,nt_v3_650m,esmc_600m,PyTorch_Concat,0.6842,1.0,0.3621,1.0,0.5316,0.472,0.97,0.9725,
Train1Val_ClinVarHQ,center,dna_geom_prot,nt_v3_650m,esmc_600m,Hybrid_Transformer_XGBoost,0.6942,0.9463,0.4052,0.9775,0.5674,0.4681,0.9156,0.9054,
Train1Val_ClinVarHQ,cls,geom,nt_v3_650m,esm1b_650m,Pure_XGBoost_Concat,0.6899,0.9643,0.3879,0.9859,0.5533,0.468,0.8692,0.8819,
Train1Val_ClinVarHQ,center,geom_prot,nt_v3_650m,esmc_600m,PyTorch_Concat,0.6828,0.9845,0.3649,0.9944,0.5325,0.4641,0.9174,0.9134,
Train1Val_ClinVarHQ,mean,dna_spliceai,nt_v3_650m,,PyTorch_Concat,0.7169,0.8371,0.5316,0.8986,0.6503,0.4633,0.8128,0.8029,
Train1Val_ClinVarHQ,center,dna_geom_prot,nt_v3_650m,esmc_600m,PyTorch_Concat,0.6871,0.9571,0.3851,0.9831,0.5492,0.4609,0.9139,0.9131,
Train1Val_ClinVarHQ,center,bio_dna_geom,nt_v3_650m,esmc_600m,PyTorch_Concat,0.6771,1.0,0.3477,1.0,0.516,0.4605,0.9443,0.9527,
Train1Val_ClinVarHQ,center,bio_geom_prot,nt_v3_650m,esmc_600m,Hybrid_Concat_XGBoost,0.6771,1.0,0.3477,1.0,0.516,0.4605,0.9633,0.9655,
Train1Val_ClinVarHQ,center,bio_geom,nt_v3_650m,esmc_600m,Hybrid_Concat_XGBoost,0.6785,0.9919,0.3534,0.9972,0.5212,0.4599,0.9675,0.9681,
Train1Val_ClinVarHQ,center,dna_spliceai,nt_v3_650m,,Pure_XGBoost_Concat,0.7226,0.7954,0.592,0.8507,0.6787,0.4588,0.8012,0.8089,
Train1Val_ClinVarHQ,center,dna,nt_v3_650m,,Pure_XGBoost_Concat,0.7212,0.8016,0.5805,0.8592,0.6733,0.4583,0.8045,0.8186,
Train1Val_ClinVarHQ,center,dna,nt_v3_650m,,Pure_XGBoost_Concat,0.7212,0.8016,0.5805,0.8592,0.6733,0.4583,0.8045,0.8186,
Train1Val_ClinVarHQ,center,dna,nt_v3_650m,,Pure_XGBoost_Concat,0.7212,0.8016,0.5805,0.8592,0.6733,0.4583,0.8045,0.8186,
Train1Val_ClinVarHQ,center,dna,nt_v3_650m,,Pure_XGBoost_Concat,0.7212,0.8016,0.5805,0.8592,0.6733,0.4583,0.8045,0.8186,
Train1Val_ClinVarHQ,center,dna,nt_v3_650m,,Pure_XGBoost_Concat,0.7212,0.8016,0.5805,0.8592,0.6733,0.4583,0.8045,0.8186,
Train1Val_ClinVarHQ,center,bio_dna_geom,nt_v3_650m,esmc_600m,Hybrid_Concat_XGBoost,0.6771,0.9919,0.3506,0.9972,0.518,0.4576,0.9595,0.9631,
Train1Val_ClinVarHQ,center,bio_dna_geom_prot,nt_v3_650m,esmc_600m,Hybrid_Concat_XGBoost,0.6743,1.0,0.342,1.0,0.5096,0.4559,0.9614,0.9628,
Train1Val_ClinVarHQ,mean,bio_dna_geom_prot,nt_v3_650m,esm1b_650m,PyTorch_Gating,0.6743,1.0,0.342,1.0,0.5096,0.4559,0.9578,0.9583,
Train1Val_ClinVarHQ,center,dna_geom_prot,nt_v3_650m,esmc_600m,PyTorch_Gating,0.6799,0.9695,0.3649,0.9887,0.5303,0.4541,0.9195,0.9193,
Train1Val_ClinVarHQ,mean,dna_spliceai,nt_v3_650m,,Pure_XGBoost_Concat,0.7127,0.8093,0.5489,0.8732,0.6541,0.4469,0.7747,0.7863,
Train1Val_ClinVarHQ,cls,bio_dna_geom_prot,nt_v3_650m,esm1b_650m,Hybrid_CrossAttn_XGBoost,0.6686,1.0,0.3305,1.0,0.4968,0.4467,0.9585,0.9597,
Train1Val_ClinVarHQ,center,dna,nt_v3_650m,,PyTorch_Concat,0.7041,0.8398,0.4971,0.907,0.6245,0.444,0.8429,0.837,
Train1Val_ClinVarHQ,center,dna,nt_v3_650m,,PyTorch_Concat,0.7041,0.8398,0.4971,0.907,0.6245,0.444,0.8429,0.837,
Train1Val_ClinVarHQ,center,dna,nt_v3_650m,,PyTorch_Concat,0.7041,0.8398,0.4971,0.907,0.6245,0.444,0.8429,0.837,
Train1Val_ClinVarHQ,center,dna,nt_v3_650m,,PyTorch_Concat,0.7041,0.8398,0.4971,0.907,0.6245,0.444,0.8429,0.837,
Train1Val_ClinVarHQ,center,dna,nt_v3_650m,,PyTorch_Concat,0.7041,0.8398,0.4971,0.907,0.6245,0.444,0.8429,0.837,
Train1Val_ClinVarHQ,center,bio_dna_geom_prot,nt_v3_650m,esmc_600m,Hybrid_Transformer_XGBoost,0.6686,0.9915,0.3333,0.9972,0.4989,0.4437,0.9541,0.9542,
Train1Val_ClinVarHQ,cls,bio_geom,nt_v3_650m,esm1b_650m,PyTorch_Concat,0.6629,1.0,0.319,1.0,0.4837,0.4373,0.9665,0.9689,
Train1Val_ClinVarHQ,mean,bio_geom,nt_v3_650m,esm1b_650m,PyTorch_Concat,0.66,1.0,0.3132,1.0,0.477,0.4327,0.9657,0.9678,
Train1Val_ClinVarHQ,mean,bio_dna_geom_prot,nt_v3_650m,esm1b_650m,Hybrid_Transformer_XGBoost,0.6558,1.0,0.3046,1.0,0.467,0.4256,0.929,0.938,
Train1Val_ClinVarHQ,mean,dna,nt_v3_650m,,Pure_XGBoost_Concat,0.7013,0.7974,0.5316,0.8676,0.6379,0.4245,0.7804,0.786,
Train1Val_ClinVarHQ,mean,dna,nt_v3_650m,,Pure_XGBoost_Concat,0.7013,0.7974,0.5316,0.8676,0.6379,0.4245,0.7804,0.786,
Train1Val_ClinVarHQ,mean,dna,nt_v3_650m,,Pure_XGBoost_Concat,0.7013,0.7974,0.5316,0.8676,0.6379,0.4245,0.7804,0.786,
Train1Val_ClinVarHQ,mean,dna,nt_v3_650m,,Pure_XGBoost_Concat,0.7013,0.7974,0.5316,0.8676,0.6379,0.4245,0.7804,0.786,
Train1Val_ClinVarHQ,mean,bio_geom,nt_v3_650m,esm1b_650m,Hybrid_Concat_XGBoost,0.6586,0.9821,0.3161,0.9944,0.4783,0.4241,0.9549,0.9548,
Train1Val_ClinVarHQ,center,dna_spliceai,nt_v3_650m,,Hybrid_Concat_XGBoost,0.7041,0.7756,0.5661,0.8394,0.6545,0.4221,0.7899,0.8002,
Train1Val_ClinVarHQ,mean,bio_dna_geom_prot,nt_v3_650m,esm1b_650m,PyTorch_Transformer,0.6529,1.0,0.2989,1.0,0.4602,0.4209,0.9555,0.9568,
Train1Val_ClinVarHQ,center,dna_spliceai,nt_v3_650m,,PyTorch_Concat,0.6913,0.8291,0.4741,0.9042,0.6033,0.4199,0.8258,0.8244,
Train1Val_ClinVarHQ,mean,dna,nt_v3_650m,,PyTorch_Concat,0.6885,0.8209,0.4741,0.8986,0.6011,0.4124,0.8162,0.8026,
Train1Val_ClinVarHQ,mean,dna,nt_v3_650m,,PyTorch_Concat,0.6885,0.8209,0.4741,0.8986,0.6011,0.4124,0.8162,0.8026,
Train1Val_ClinVarHQ,mean,dna,nt_v3_650m,,PyTorch_Concat,0.6885,0.8209,0.4741,0.8986,0.6011,0.4124,0.8162,0.8026,
Train1Val_ClinVarHQ,mean,dna,nt_v3_650m,,PyTorch_Concat,0.6885,0.8209,0.4741,0.8986,0.6011,0.4124,0.8162,0.8026,
Train1Val_ClinVarHQ,center,dna,nt_v3_650m,,Hybrid_Concat_XGBoost,0.697,0.7606,0.5661,0.8254,0.6491,0.4057,0.796,0.802,
Train1Val_ClinVarHQ,center,dna,nt_v3_650m,,Hybrid_Concat_XGBoost,0.697,0.7606,0.5661,0.8254,0.6491,0.4057,0.796,0.802,
Train1Val_ClinVarHQ,center,dna,nt_v3_650m,,Hybrid_Concat_XGBoost,0.697,0.7606,0.5661,0.8254,0.6491,0.4057,0.796,0.802,
Train1Val_ClinVarHQ,center,dna,nt_v3_650m,,Hybrid_Concat_XGBoost,0.697,0.7606,0.5661,0.8254,0.6491,0.4057,0.796,0.802,
Train1Val_ClinVarHQ,center,dna,nt_v3_650m,,Hybrid_Concat_XGBoost,0.697,0.7606,0.5661,0.8254,0.6491,0.4057,0.796,0.802,
Train1Val_ClinVarHQ,cls,bio_dna_geom_prot,nt_v3_650m,esm1b_650m,PyTorch_CrossAttn,0.6415,1.0,0.2759,1.0,0.4324,0.4017,0.9747,0.9761,
Train1Val_ClinVarHQ,cls,bio_dna_geom_prot,nt_v3_650m,esm1b_650m,PyTorch_Gating,0.6387,1.0,0.2701,1.0,0.4253,0.3968,0.9585,0.959,
Train1Val_ClinVarHQ,cls,bio_dna_geom_prot,nt_v3_650m,esm1b_650m,Hybrid_Concat_XGBoost,0.6373,1.0,0.2672,1.0,0.4218,0.3944,0.9576,0.9611,
Train1Val_ClinVarHQ,cls,bio_geom_prot,nt_v3_650m,esm1b_650m,PyTorch_Concat,0.6344,1.0,0.2615,1.0,0.4146,0.3895,0.9512,0.9535,
Train1Val_ClinVarHQ,mean,bio_geom_prot,nt_v3_650m,esm1b_650m,PyTorch_Concat,0.633,1.0,0.2586,1.0,0.411,0.387,0.9551,0.9548,
Train1Val_ClinVarHQ,cls,bio_dna_geom_prot,nt_v3_650m,esm1b_650m,Hybrid_Transformer_XGBoost,0.6316,1.0,0.2557,1.0,0.4073,0.3845,0.9512,0.9554,
Train1Val_ClinVarHQ,cls,bio_dna_geom_prot,nt_v3_650m,esm1b_650m,PyTorch_Concat,0.6316,0.989,0.2586,0.9972,0.41,0.381,0.9528,0.9525,
Train1Val_ClinVarHQ,center,dna_geom_prot,nt_v3_650m,esmc_600m,Hybrid_Concat_XGBoost,0.6245,0.9773,0.2471,0.9944,0.3945,0.3649,0.9131,0.9114,
Train1Val_ClinVarHQ,cls,bio_dna_geom_prot,nt_v3_650m,esm1b_650m,PyTorch_Transformer,0.6202,1.0,0.2328,1.0,0.3776,0.3645,0.932,0.9302,
Train1Val_ClinVarHQ,mean,dna_geom_prot,nt_v3_650m,esm1b_650m,Hybrid_CrossAttn_XGBoost,0.6174,0.9877,0.2299,0.9972,0.373,0.3556,0.9085,0.9086,
Train1Val_ClinVarHQ,mean,bio_dna_geom_prot,nt_v3_650m,esm1b_650m,PyTorch_CrossAttn,0.6117,1.0,0.2155,1.0,0.3546,0.349,0.9581,0.9574,
Train1Val_ClinVarHQ,cls,bio_geom,nt_v3_650m,esm1b_650m,Hybrid_Concat_XGBoost,0.6102,1.0,0.2126,1.0,0.3507,0.3464,0.9515,0.9576,
Train1Val_ClinVarHQ,mean,bio_dna_geom_prot,nt_v3_650m,esm1b_650m,PyTorch_Concat,0.6088,1.0,0.2098,1.0,0.3468,0.3438,0.9514,0.9535,
Train1Val_ClinVarHQ,center,dna_geom_prot,nt_v3_650m,esmc_600m,Hybrid_Gating_XGBoost,0.606,0.9863,0.2069,0.9972,0.342,0.3345,0.9077,0.9083,
Train1Val_ClinVarHQ,mean,dna_spliceai,nt_v3_650m,,Hybrid_Concat_XGBoost,0.66,0.7206,0.5115,0.8056,0.5983,0.3321,0.7199,0.7232,
Train1Val_ClinVarHQ,mean,bio_dna_geom_prot,nt_v3_650m,esm1b_650m,Hybrid_CrossAttn_XGBoost,0.6003,1.0,0.1925,1.0,0.3229,0.3278,0.9565,0.961,
Train1Val_ClinVarHQ,mean,bio_dna_geom_prot,nt_v3_650m,esm1b_650m,Hybrid_Concat_XGBoost,0.5932,1.0,0.1782,1.0,0.3024,0.3141,0.9629,0.9639,
Train1Val_ClinVarHQ,mean,dna,nt_v3_650m,,Hybrid_Concat_XGBoost,0.6486,0.7167,0.4799,0.8141,0.5749,0.3122,0.7243,0.7336,
Train1Val_ClinVarHQ,mean,dna,nt_v3_650m,,Hybrid_Concat_XGBoost,0.6486,0.7167,0.4799,0.8141,0.5749,0.3122,0.7243,0.7336,
Train1Val_ClinVarHQ,mean,dna,nt_v3_650m,,Hybrid_Concat_XGBoost,0.6486,0.7167,0.4799,0.8141,0.5749,0.3122,0.7243,0.7336,
Train1Val_ClinVarHQ,mean,dna,nt_v3_650m,,Hybrid_Concat_XGBoost,0.6486,0.7167,0.4799,0.8141,0.5749,0.3122,0.7243,0.7336,
Train1Val_ClinVarHQ,mean,bio_geom_prot,nt_v3_650m,esm1b_650m,Hybrid_Concat_XGBoost,0.5917,1.0,0.1753,1.0,0.2983,0.3113,0.9493,0.954,
Train1Val_ClinVarHQ,cls,bio_geom_prot,nt_v3_650m,esm1b_650m,Hybrid_Concat_XGBoost,0.5875,1.0,0.1667,1.0,0.2857,0.3029,0.9342,0.9359,
Train1Val_ClinVarHQ,mean,geom_prot,nt_v3_650m,esm1b_650m,PyTorch_Concat,0.5917,0.9692,0.181,0.9944,0.3051,0.3027,0.9185,0.9097,
Train1Val_ClinVarHQ,mean,dna_geom_prot,nt_v3_650m,esm1b_650m,PyTorch_Transformer,0.5932,0.9559,0.1868,0.9915,0.3125,0.3016,0.8873,0.8823,
Train1Val_ClinVarHQ,mean,dna_geom_prot,nt_v3_650m,esm1b_650m,PyTorch_CrossAttn,0.5903,0.9688,0.1782,0.9944,0.301,0.2999,0.8959,0.8845,
Train1Val_ClinVarHQ,center,geom_prot,nt_v3_650m,esmc_600m,Hybrid_Concat_XGBoost,0.5789,0.9815,0.1523,0.9972,0.2637,0.2807,0.8969,0.8946,
Train1Val_ClinVarHQ,mean,dna_geom_prot,nt_v3_650m,esm1b_650m,PyTorch_Concat,0.5747,0.9804,0.1437,0.9972,0.2506,0.2715,0.9145,0.9103,
Train1Val_ClinVarHQ,mean,bio_dna_geom,nt_v3_650m,esm1b_650m,PyTorch_Concat,0.569,1.0,0.1293,1.0,0.229,0.2641,0.966,0.9671,
Train1Val_ClinVarHQ,cls,bio_dna_geom,nt_v3_650m,esm1b_650m,PyTorch_Concat,0.5676,1.0,0.1264,1.0,0.2245,0.261,0.9657,0.9681,
Train1Val_ClinVarHQ,cls,dna_geom_prot,nt_v3_650m,esm1b_650m,Hybrid_Transformer_XGBoost,0.5605,1.0,0.1121,1.0,0.2016,0.2448,0.8766,0.8834,
Train1Val_ClinVarHQ,cls,dna_geom_prot,nt_v3_650m,esm1b_650m,Hybrid_CrossAttn_XGBoost,0.559,1.0,0.1092,1.0,0.1969,0.2414,0.8541,0.867,
Train1Val_ClinVarHQ,center,dna_geom,nt_v3_650m,esmc_600m,Hybrid_Concat_XGBoost,0.559,0.975,0.1121,0.9972,0.201,0.2358,0.8311,0.8452,
Train1Val_ClinVarHQ,cls,dna_geom_prot,nt_v3_650m,esm1b_650m,PyTorch_Concat,0.5605,0.9333,0.1207,0.9915,0.2137,0.2293,0.8387,0.8263,
Train1Val_ClinVarHQ,mean,dna_spliceai,nt_v1_500m,,Hybrid_Concat_XGBoost,0.606,0.6682,0.4052,0.8028,0.5045,0.2269,0.6532,0.6351,
Train1Val_ClinVarHQ,cls,bio_dna_geom,nt_v3_650m,esm1b_650m,Hybrid_Concat_XGBoost,0.5519,1.0,0.0948,1.0,0.1732,0.2242,0.9189,0.9267,
Train1Val_ClinVarHQ,mean,geom_prot,nt_v3_650m,esm1b_650m,Hybrid_Concat_XGBoost,0.5519,1.0,0.0948,1.0,0.1732,0.2242,0.8715,0.8863,
Train1Val_ClinVarHQ,cls,dna_geom_prot,nt_v3_650m,esm1b_650m,PyTorch_Transformer,0.5505,1.0,0.092,1.0,0.1684,0.2206,0.8686,0.8606,
Train1Val_ClinVarHQ,mean,dna_geom_prot,nt_v3_650m,esm1b_650m,PyTorch_Gating,0.5477,1.0,0.0862,1.0,0.1587,0.2132,0.8856,0.8916,
Train1Val_ClinVarHQ,mean,bio_dna_geom_prot,nt_v3_650m,esm1b_650m,Hybrid_Gating_XGBoost,0.5477,1.0,0.0862,1.0,0.1587,0.2132,0.9401,0.945,
Train1Val_ClinVarHQ,cls,geom_prot,nt_v3_650m,esm1b_650m,PyTorch_Concat,0.5477,1.0,0.0862,1.0,0.1587,0.2132,0.8625,0.8532,
Train1Val_ClinVarHQ,mean,bio_dna_geom,nt_v3_650m,esm1b_650m,Hybrid_Concat_XGBoost,0.5462,1.0,0.0833,1.0,0.1538,0.2095,0.9404,0.9415,
Train1Val_ClinVarHQ,center,dna_spliceai,nt_v2_500m,,PyTorch_Concat,0.5761,0.7551,0.2126,0.9324,0.3318,0.2094,0.6744,0.6559,
Train1Val_ClinVarHQ,cls,dna_geom_prot,nt_v3_650m,esm1b_650m,PyTorch_Gating,0.5462,0.9677,0.0862,0.9972,0.1583,0.2031,0.8551,0.8523,
Train1Val_ClinVarHQ,cls,dna_geom_prot,nt_v3_650m,esm1b_650m,Hybrid_Concat_XGBoost,0.5462,0.9677,0.0862,0.9972,0.1583,0.2031,0.8683,0.8661,
Train1Val_ClinVarHQ,mean,dna_geom_prot,nt_v3_650m,esm1b_650m,Hybrid_Transformer_XGBoost,0.5448,0.9667,0.0833,0.9972,0.1534,0.1992,0.897,0.8918,
Train1Val_ClinVarHQ,cls,dna_geom_prot,nt_v3_650m,esm1b_650m,Hybrid_Gating_XGBoost,0.5434,0.9655,0.0805,0.9972,0.1485,0.1952,0.8573,0.8664,
Train1Val_ClinVarHQ,cls,geom,nt_v3_650m,esm1b_650m,Hybrid_Concat_XGBoost,0.5405,1.0,0.0718,1.0,0.134,0.1939,0.8291,0.8294,
Train1Val_ClinVarHQ,center,dna_geom,nt_v3_650m,esmc_600m,PyTorch_Concat,0.542,0.9643,0.0776,0.9972,0.1436,0.1912,0.7786,0.8104,
Train1Val_ClinVarHQ,mean,dna_spliceai,nt_v1_500m,,Pure_XGBoost_Concat,0.5818,0.6484,0.3391,0.8197,0.4453,0.1813,0.6083,0.5868,
Train1Val_ClinVarHQ,mean,dna_spliceai,nt_v2_500m,,PyTorch_Concat,0.5619,0.7439,0.1753,0.9408,0.2837,0.1809,0.6937,0.6794,
Train1Val_ClinVarHQ,cls,dna_geom_prot,nt_v3_650m,esm1b_650m,PyTorch_CrossAttn,0.5377,0.96,0.069,0.9972,0.1287,0.1786,0.8505,0.8474,
Train1Val_ClinVarHQ,center,dna_spliceai,nt_v2_500m,,Hybrid_Concat_XGBoost,0.5832,0.6316,0.3793,0.7831,0.474,0.1777,0.6302,0.5915,
Train1Val_ClinVarHQ,mean,dna_geom,nt_v3_650m,esm1b_650m,Hybrid_Concat_XGBoost,0.5334,1.0,0.0575,1.0,0.1087,0.1728,0.5904,0.6071,
Train1Val_ClinVarHQ,mean,dna_geom,nt_v3_650m,esm1b_650m,PyTorch_Concat,0.532,1.0,0.0546,1.0,0.1035,0.1683,0.8647,0.8777,
Train1Val_ClinVarHQ,mean,dna_geom_prot,nt_v3_650m,esm1b_650m,Hybrid_Gating_XGBoost,0.5306,1.0,0.0517,1.0,0.0984,0.1637,0.8311,0.8344,
Train1Val_ClinVarHQ,mean,dna_spliceai,nt_v2_500m,,Pure_XGBoost_Concat,0.5733,0.6263,0.342,0.8,0.4424,0.1598,0.5936,0.5803,
Train1Val_ClinVarHQ,mean,dna_spliceai,nt_v1_500m,,PyTorch_Concat,0.559,0.6827,0.204,0.907,0.3142,0.1564,0.6355,0.6168,
Train1Val_ClinVarHQ,cls,geom_prot,nt_v3_650m,esm1b_650m,Hybrid_Concat_XGBoost,0.5263,1.0,0.0431,1.0,0.0826,0.1491,0.8426,0.8465,
Train1Val_ClinVarHQ,cls,dna_spliceai,nt_v3_650m,,Pure_XGBoost_Concat,0.5605,0.6258,0.2787,0.8366,0.3857,0.1391,0.6077,0.5831,
Train1Val_ClinVarHQ,center,geom,nt_v3_650m,esmc_600m,Hybrid_Concat_XGBoost,0.522,1.0,0.0345,1.0,0.0667,0.1331,0.7846,0.7968,
Train1Val_ClinVarHQ,mean,dna_spliceai,nt_v2_500m,,Hybrid_Concat_XGBoost,0.5619,0.5952,0.3592,0.7606,0.448,0.1308,0.591,0.5955,
Train1Val_ClinVarHQ,cls,dna_spliceai,nt_v1_500m,,PyTorch_Concat,0.542,0.6806,0.1408,0.9352,0.2333,0.1254,0.626,0.5976,
Train1Val_ClinVarHQ,cls,dna,nt_v3_650m,,Pure_XGBoost_Concat,0.5505,0.6081,0.2586,0.8366,0.3629,0.1168,0.6082,0.6077,
Train1Val_ClinVarHQ,cls,dna,nt_v3_650m,,Pure_XGBoost_Concat,0.5505,0.6081,0.2586,0.8366,0.3629,0.1168,0.6082,0.6077,
Train1Val_ClinVarHQ,cls,dna,nt_v3_650m,,Pure_XGBoost_Concat,0.5505,0.6081,0.2586,0.8366,0.3629,0.1168,0.6082,0.6077,
Train1Val_ClinVarHQ,cls,dna,nt_v3_650m,,Pure_XGBoost_Concat,0.5505,0.6081,0.2586,0.8366,0.3629,0.1168,0.6082,0.6077,
Train1Val_ClinVarHQ,cls,dna,nt_v3_650m,,Pure_XGBoost_Concat,0.5505,0.6081,0.2586,0.8366,0.3629,0.1168,0.6082,0.6077,
Train1Val_ClinVarHQ,center,dna_spliceai,nt_v1_500m,,Pure_XGBoost_Concat,0.5533,0.5944,0.3075,0.7944,0.4053,0.1167,0.6047,0.5795,
Train1Val_ClinVarHQ,center,dna_spliceai,nt_v1_500m,,Hybrid_Concat_XGBoost,0.5533,0.5924,0.3132,0.7887,0.4098,0.116,0.6038,0.588,
Train1Val_ClinVarHQ,cls,dna_spliceai,nt_v1_500m,,Hybrid_Concat_XGBoost,0.5505,0.6013,0.273,0.8225,0.3755,0.1144,0.5673,0.5647,
Train1Val_ClinVarHQ,center,dna_spliceai,nt_v1_500m,,PyTorch_Concat,0.542,0.6383,0.1724,0.9042,0.2715,0.1126,0.6252,0.605,
Train1Val_ClinVarHQ,cls,dna_spliceai,nt_v1_500m,,Pure_XGBoost_Concat,0.5491,0.5928,0.2845,0.8085,0.3845,0.1092,0.5799,0.562,
Train1Val_ClinVarHQ,mean,dna_geom_prot,nt_v3_650m,esm1b_650m,Hybrid_Concat_XGBoost,0.5164,1.0,0.023,1.0,0.0449,0.1084,0.8731,0.8804,
Train1Val_ClinVarHQ,center,dna_spliceai,nt_v2_500m,,Pure_XGBoost_Concat,0.5491,0.5728,0.3506,0.7437,0.4349,0.1025,0.5946,0.5635,
Train1Val_ClinVarHQ,mean,geom,nt_v3_650m,esm1b_650m,Hybrid_Concat_XGBoost,0.5149,1.0,0.0201,1.0,0.0394,0.1013,0.8267,0.8392,
Train1Val_ClinVarHQ,cls,dna_spliceai,nt_v3_650m,,Hybrid_Concat_XGBoost,0.542,0.5625,0.3362,0.7437,0.4209,0.0875,0.574,0.5441,
Train1Val_ClinVarHQ,cls,dna,nt_v3_650m,,Hybrid_Concat_XGBoost,0.5377,0.5697,0.2701,0.8,0.3665,0.0827,0.5595,0.5348,
Train1Val_ClinVarHQ,cls,dna,nt_v3_650m,,Hybrid_Concat_XGBoost,0.5377,0.5697,0.2701,0.8,0.3665,0.0827,0.5595,0.5348,
Train1Val_ClinVarHQ,cls,dna,nt_v3_650m,,Hybrid_Concat_XGBoost,0.5377,0.5697,0.2701,0.8,0.3665,0.0827,0.5595,0.5348,
Train1Val_ClinVarHQ,cls,dna,nt_v3_650m,,Hybrid_Concat_XGBoost,0.5377,0.5697,0.2701,0.8,0.3665,0.0827,0.5595,0.5348,
Train1Val_ClinVarHQ,cls,dna,nt_v3_650m,,Hybrid_Concat_XGBoost,0.5377,0.5697,0.2701,0.8,0.3665,0.0827,0.5595,0.5348,
Train1Val_ClinVarHQ,cls,dna_geom,nt_v3_650m,esm1b_650m,Hybrid_Concat_XGBoost,0.5107,1.0,0.0115,1.0,0.0227,0.0764,0.7997,0.8025,
Train1Val_ClinVarHQ,cls,dna_spliceai,nt_v2_500m,,Hybrid_Concat_XGBoost,0.532,0.5613,0.25,0.8085,0.3459,0.0705,0.5215,0.5168,
Train1Val_ClinVarHQ,cls,dna_spliceai,nt_v3_650m,,PyTorch_Concat,0.5235,0.6032,0.1092,0.9296,0.1849,0.0679,0.6047,0.5813,
Train1Val_ClinVarHQ,cls,dna_spliceai,nt_v2_500m,,PyTorch_Concat,0.522,0.5789,0.1264,0.9099,0.2075,0.0584,0.5493,0.5504,
Train1Val_ClinVarHQ,center,geom,nt_v3_650m,esmc_600m,PyTorch_Concat,0.5078,1.0,0.0057,1.0,0.0114,0.0539,0.8173,0.827,
Train1Val_ClinVarHQ,cls,dna,nt_v3_650m,,PyTorch_Concat,0.5178,0.5918,0.0833,0.9437,0.1461,0.053,0.5846,0.5619,
Train1Val_ClinVarHQ,cls,dna,nt_v3_650m,,PyTorch_Concat,0.5178,0.5918,0.0833,0.9437,0.1461,0.053,0.5846,0.5619,
Train1Val_ClinVarHQ,cls,dna,nt_v3_650m,,PyTorch_Concat,0.5178,0.5918,0.0833,0.9437,0.1461,0.053,0.5846,0.5619,
Train1Val_ClinVarHQ,cls,dna,nt_v3_650m,,PyTorch_Concat,0.5178,0.5918,0.0833,0.9437,0.1461,0.053,0.5846,0.5619,
Train1Val_ClinVarHQ,cls,dna,nt_v3_650m,,PyTorch_Concat,0.5178,0.5918,0.0833,0.9437,0.1461,0.053,0.5846,0.5619,
Train1Val_ClinVarHQ,mean,geom,nt_v3_650m,esm1b_650m,PyTorch_Concat,0.5064,1.0,0.0029,1.0,0.0057,0.0381,0.8491,0.8684,
Train1Val_ClinVarHQ,cls,geom,nt_v3_650m,esm1b_650m,PyTorch_Concat,0.505,0.0,0.0,1.0,0.0,0.0,0.8635,0.8767,
Train1Val_ClinVarHQ,cls,dna_geom,nt_v3_650m,esm1b_650m,PyTorch_Concat,0.505,0.0,0.0,1.0,0.0,0.0,0.8295,0.8509,
Train1Val_ClinVarHQ,cls,dna_spliceai,nt_v2_500m,,Pure_XGBoost_Concat,0.4993,0.4853,0.1897,0.8028,0.2727,-0.0095,0.5204,0.5168,
Train1Val_ProteinGym,mean,bio_core_dna_prot_spliceai_geom,nt_v2_500m,esm1b_650m,Pure_XGBoost_Concat,0.8635,0.8448,0.8586,0.8675,0.8517,0.7253,0.9236,0.9051,dna_LLR+dna_LVD_L2+dna_LVD_Cosine+dna_LID+prot_LLR+prot_LID
Train1Val_ProteinGym,mean,bio_core_dna_prot_spliceai_geom,nt_v2_500m,esm1b_650m,Pure_XGBoost_Concat,0.8614,0.8391,0.8616,0.8612,0.8502,0.7215,0.921,0.9007,dna_LLR+dna_LID+prot_LLR+prot_LID
Train1Val_ProteinGym,mean,bio_core_dna_prot_spliceai_geom,nt_v2_500m,esm1b_650m,Pure_XGBoost_Concat,0.8601,0.8338,0.8661,0.855,0.8496,0.7193,0.9235,0.9067,dna_LLR+dna_LVD_L2+prot_LLR+prot_LVD_Cosine+prot_LID
Train1Val_ProteinGym,mean,bio_core_dna_prot_spliceai_geom,nt_v2_500m,esm1b_650m,Pure_XGBoost_Concat,0.8601,0.8357,0.8631,0.8575,0.8492,0.719,0.9203,0.8974,dna_LLR+dna_LVD_L2+dna_LVD_Cosine+prot_LLR+prot_LVD_L2+prot_LID
Train1Val_ProteinGym,mean,bio_core_dna_prot_spliceai_geom,nt_v2_500m,esm1b_650m,Pure_XGBoost_Concat,0.8601,0.8367,0.8616,0.8588,0.849,0.7189,0.9219,0.9014,dna_LLR+dna_LVD_L2+prot_LLR+prot_LVD_L2+prot_LID
Train1Val_ProteinGym,mean,bio_core_dna_prot_spliceai_geom,nt_v2_500m,esm1b_650m,Pure_XGBoost_Concat,0.8594,0.827,0.875,0.8462,0.8503,0.7189,0.9202,0.8953,dna_LVD_Cosine+dna_LID+prot_LLR+prot_LVD_L2+prot_LVD_Cosine
Train1Val_ProteinGym,mean,bio_core_dna_prot_spliceai_geom,nt_v2_500m,esm1b_650m,Pure_XGBoost_Concat,0.8601,0.8377,0.8601,0.86,0.8488,0.7188,0.9226,0.9048,dna_LVD_Cosine+dna_LID+prot_LLR+prot_LVD_L2+prot_LID
Train1Val_ProteinGym,mean,bio_core_dna_prot_spliceai_geom,nt_v2_500m,esm1b_650m,Pure_XGBoost_Concat,0.8601,0.8377,0.8601,0.86,0.8488,0.7188,0.9215,0.9021,dna_LVD_Cosine+dna_LID+prot_LLR+prot_LVD_L2+prot_LVD_Cosine+prot_LID
Train1Val_ProteinGym,mean,bio_core_dna_prot_spliceai_geom,nt_v2_500m,esm1b_650m,Pure_XGBoost_Concat,0.8601,0.8387,0.8586,0.8612,0.8485,0.7187,0.9208,0.8991,dna_LLR+prot_LLR+prot_LVD_L2+prot_LID
Train1Val_ProteinGym,mean,bio_core_dna_prot_spliceai_geom,nt_v2_500m,esm1b_650m,Pure_XGBoost_Concat,0.8601,0.8387,0.8586,0.8612,0.8485,0.7187,0.9204,0.8996,dna_LVD_L2+dna_LVD_Cosine+prot_LLR+prot_LVD_Cosine+prot_LID
Train1Val_ProteinGym,mean,bio_core_dna_prot_spliceai_geom,nt_v2_500m,esm1b_650m,Pure_XGBoost_Concat,0.8601,0.8397,0.8571,0.8625,0.8483,0.7186,0.9218,0.9016,dna_LVD_L2+dna_LVD_Cosine+prot_LLR+prot_LID
Train1Val_ProteinGym,mean,bio_core_dna_prot_spliceai_geom,nt_v2_500m,esm1b_650m,Pure_XGBoost_Concat,0.8594,0.8326,0.8661,0.8538,0.849,0.718,0.9216,0.9041,dna_LID+prot_LLR+prot_LVD_L2+prot_LID
Train1Val_ProteinGym,mean,bio_core_dna_prot_spliceai_geom,nt_v2_500m,esm1b_650m,Pure_XGBoost_Concat,0.8594,0.8345,0.8631,0.8562,0.8486,0.7177,0.9219,0.902,dna_LLR+dna_LID+prot_LLR+prot_LVD_Cosine+prot_LID
Train1Val_ProteinGym,mean,bio_core_dna_prot_spliceai_geom,nt_v2_500m,esm1b_650m,Pure_XGBoost_Concat,0.8587,0.8268,0.8735,0.8462,0.8495,0.7175,0.9211,0.902,dna_LID+prot_LLR
Train1Val_ProteinGym,mean,bio_core_dna_prot_spliceai_geom,nt_v2_500m,esm1b_650m,Pure_XGBoost_Concat,0.8594,0.8365,0.8601,0.8588,0.8481,0.7175,0.9206,0.9013,dna_LLR+dna_LVD_L2+prot_LLR+prot_LVD_L2+prot_LVD_Cosine+prot_LID
Train1Val_ProteinGym,mean,bio_core_dna_prot_spliceai_geom,nt_v2_500m,esm1b_650m,Pure_XGBoost_Concat,0.8594,0.8384,0.8571,0.8612,0.8477,0.7173,0.9201,0.9023,dna_LID+prot_LLR+prot_LID
Train1Val_ProteinGym,mean,bio_core_dna_prot_spliceai_geom,nt_v2_500m,esm1b_650m,Pure_XGBoost_Concat,0.8594,0.8384,0.8571,0.8612,0.8477,0.7173,0.9209,0.8996,dna_LLR+dna_LID+prot_LLR+prot_LVD_L2+prot_LID
Train1Val_ProteinGym,mean,bio_dna_geom_prot,nt_v3_650m,esm1b_650m,Pure_XGBoost_Concat,0.8594,0.8394,0.8557,0.8625,0.8475,0.7172,0.9201,0.8961,
Train1Val_ProteinGym,mean,bio_core_dna_prot_spliceai_geom,nt_v2_500m,esm1b_650m,Pure_XGBoost_Concat,0.8594,0.8394,0.8557,0.8625,0.8475,0.7172,0.922,0.903,dna_LVD_Cosine+prot_LLR+prot_LID
Train1Val_ProteinGym,mean,bio_core_dna_prot_spliceai_geom,nt_v2_500m,esm1b_650m,Pure_XGBoost_Concat,0.8587,0.8286,0.8705,0.8488,0.8491,0.7172,0.92,0.8944,dna_LID+prot_LLR+prot_LVD_L2
Train1Val_ProteinGym,mean,bio_core_dna_prot_spliceai_geom,nt_v2_500m,esm1b_650m,Pure_XGBoost_Concat,0.8587,0.8324,0.8646,0.8538,0.8482,0.7166,0.9218,0.9007,dna_LVD_L2+dna_LVD_Cosine+prot_LLR+prot_LVD_L2+prot_LID
Train1Val_ProteinGym,mean,bio_core_dna_prot_spliceai_geom,nt_v2_500m,esm1b_650m,Pure_XGBoost_Concat,0.8587,0.8324,0.8646,0.8538,0.8482,0.7166,0.9203,0.8979,dna_LLR+dna_LVD_L2+dna_LVD_Cosine+prot_LLR+prot_LVD_Cosine+prot_LID
Train1Val_ProteinGym,mean,bio_core_dna_prot_spliceai_geom,nt_v2_500m,esm1b_650m,Pure_XGBoost_Concat,0.8587,0.8333,0.8631,0.855,0.848,0.7164,0.9191,0.8961,dna_LVD_L2+dna_LVD_Cosine+dna_LID+prot_LLR+prot_LVD_L2+prot_LID
Train1Val_ProteinGym,mean,bio_core_dna_prot_spliceai_geom,nt_v2_500m,esm1b_650m,Pure_XGBoost_Concat,0.8587,0.8343,0.8616,0.8562,0.8477,0.7163,0.9216,0.8994,dna_LLR+dna_LVD_Cosine+prot_LLR+prot_LVD_L2+prot_LID
Train1Val_ProteinGym,mean,bio_core_dna_prot_spliceai_geom,nt_v2_500m,esm1b_650m,Pure_XGBoost_Concat,0.8587,0.8343,0.8616,0.8562,0.8477,0.7163,0.9226,0.9036,dna_LVD_L2+prot_LLR+prot_LVD_L2+prot_LVD_Cosine+prot_LID
Train1Val_ProteinGym,mean,bio_core_dna_prot_spliceai_geom,nt_v2_500m,esm1b_650m,Pure_XGBoost_Concat,0.8587,0.8343,0.8616,0.8562,0.8477,0.7163,0.9211,0.8976,dna_LVD_L2+dna_LID+prot_LLR+prot_LVD_L2+prot_LVD_Cosine+prot_LID
Train1Val_ProteinGym,mean,bio_core_dna_prot_spliceai_geom,nt_v2_500m,esm1b_650m,Pure_XGBoost_Concat,0.8587,0.8382,0.8557,0.8612,0.8468,0.7158,0.9204,0.898,dna_LVD_L2+prot_LLR+prot_LVD_Cosine+prot_LID
Train1Val_ProteinGym,mean,bio_core_dna_prot_spliceai_geom,nt_v2_500m,esm1b_650m,Pure_XGBoost_Concat,0.8587,0.8402,0.8527,0.8638,0.8464,0.7156,0.921,0.8953,dna_LLR+prot_LLR+prot_LVD_L2+prot_LVD_Cosine+prot_LID
Train1Val_ProteinGym,mean,bio_dna_geom,nt_v3_650m,esm1b_650m,Pure_XGBoost_Concat,0.858,0.8321,0.8631,0.8538,0.8473,0.7151,0.9178,0.8942,
Train1Val_ProteinGym,mean,bio_core_dna_prot_spliceai_geom,nt_v2_500m,esm1b_650m,Pure_XGBoost_Concat,0.858,0.8331,0.8616,0.855,0.8471,0.715,0.9212,0.9041,dna_LLR+dna_LVD_L2+prot_LLR+prot_LID
Train1Val_ProteinGym,mean,bio_core_dna_prot_spliceai_geom,nt_v2_500m,esm1b_650m,Pure_XGBoost_Concat,0.858,0.8341,0.8601,0.8562,0.8469,0.7149,0.9214,0.898,dna_LVD_L2+dna_LID+prot_LLR+prot_LVD_Cosine+prot_LID
Train1Val_ProteinGym,mean,bio_core_dna_prot_spliceai_geom,nt_v2_500m,esm1b_650m,Pure_XGBoost_Concat,0.858,0.8341,0.8601,0.8562,0.8469,0.7149,0.9213,0.8967,dna_LLR+dna_LVD_Cosine+prot_LLR+prot_LVD_L2+prot_LVD_Cosine+prot_LID
Train1Val_ProteinGym,mean,bio_core_dna_prot_spliceai_geom,nt_v2_500m,esm1b_650m,Pure_XGBoost_Concat,0.858,0.835,0.8586,0.8575,0.8467,0.7148,0.9201,0.8983,prot_LLR+prot_LVD_Cosine+prot_LID
Train1Val_ProteinGym,mean,bio_core_dna_prot_spliceai_geom,nt_v2_500m,esm1b_650m,Pure_XGBoost_Concat,0.858,0.836,0.8571,0.8588,0.8464,0.7146,0.9202,0.8971,dna_LVD_Cosine+prot_LLR+prot_LVD_Cosine+prot_LID
Train1Val_ProteinGym,mean,bio_geom_prot,nt_v3_650m,esm1b_650m,Pure_XGBoost_Concat,0.858,0.837,0.8557,0.86,0.8462,0.7145,0.9214,0.8975,
Train1Val_ProteinGym,mean,bio_core_dna_prot_spliceai_geom,nt_v2_500m,esm1b_650m,Pure_XGBoost_Concat,0.858,0.838,0.8542,0.8612,0.846,0.7144,0.9213,0.9017,dna_LLR+dna_LVD_L2+dna_LID+prot_LLR+prot_LID
Train1Val_ProteinGym,mean,bio_core_dna_prot_spliceai_geom,nt_v2_500m,esm1b_650m,Pure_XGBoost_Concat,0.8573,0.8272,0.869,0.8475,0.8476,0.7144,0.9204,0.8978,dna_LVD_L2+dna_LVD_Cosine+dna_LID+prot_LLR+prot_LVD_Cosine
Train1Val_ProteinGym,mean,bio_geom,nt_v3_650m,esm1b_650m,Pure_XGBoost_Concat,0.8573,0.8291,0.8661,0.85,0.8472,0.7141,0.9185,0.8968,
Train1Val_ProteinGym,mean,bio_core_dna_prot_spliceai_geom,nt_v2_500m,esm1b_650m,Pure_XGBoost_Concat,0.8567,0.8215,0.8765,0.84,0.8481,0.714,0.9186,0.8951,dna_LLR+dna_LID+prot_LLR+prot_LVD_Cosine
Train1Val_ProteinGym,mean,bio_core_dna_prot_spliceai_geom,nt_v2_500m,esm1b_650m,Pure_XGBoost_Concat,0.8573,0.8309,0.8631,0.8525,0.8467,0.7138,0.9214,0.8993,dna_LVD_Cosine+prot_LLR+prot_LVD_L2+prot_LVD_Cosine+prot_LID
Train1Val_ProteinGym,mean,bio_core_dna_prot_spliceai_geom,nt_v2_500m,esm1b_650m,Pure_XGBoost_Concat,0.8573,0.8319,0.8616,0.8538,0.8465,0.7137,0.9198,0.8992,dna_LLR+dna_LVD_L2+dna_LID+prot_LLR+prot_LVD_Cosine+prot_LID
Train1Val_ProteinGym,mean,bio_core_dna_prot_spliceai_geom,nt_v2_500m,esm1b_650m,Pure_XGBoost_Concat,0.8573,0.8329,0.8601,0.855,0.8463,0.7136,0.9193,0.8961,prot_LLR+prot_LVD_L2+prot_LVD_Cosine+prot_LID
Train1Val_ProteinGym,mean,bio_core_dna_prot_spliceai_geom,nt_v2_500m,esm1b_650m,Pure_XGBoost_Concat,0.8567,0.8242,0.872,0.8438,0.8474,0.7135,0.9197,0.8961,dna_LVD_Cosine+dna_LID+prot_LLR+prot_LVD_Cosine
Train1Val_ProteinGym,mean,bio_core_dna_prot_spliceai_geom,nt_v2_500m,esm1b_650m,Pure_XGBoost_Concat,0.8573,0.8377,0.8527,0.8612,0.8451,0.713,0.9207,0.9019,prot_LLR+prot_LVD_L2+prot_LID
Train1Val_ProteinGym,mean,bio_core_dna_prot_spliceai_geom,nt_v2_500m,esm1b_650m,Pure_XGBoost_Concat,0.8573,0.8407,0.8482,0.865,0.8444,0.7127,0.9222,0.9007,dna_LLR+dna_LVD_L2+dna_LID+prot_LLR+prot_LVD_L2+prot_LVD_Cosine+prot_LID
Train1Val_ProteinGym,cls,bio_geom_prot,nt_v3_650m,esm1b_650m,Pure_XGBoost_Concat,0.856,0.8221,0.8735,0.8412,0.847,0.7124,0.9199,0.8986,
Train1Val_ProteinGym,mean,bio_core_dna_prot_spliceai_geom,nt_v2_500m,esm1b_650m,Pure_XGBoost_Concat,0.856,0.8221,0.8735,0.8412,0.847,0.7124,0.9217,0.9009,dna_LID+prot_LLR+prot_LVD_Cosine
Train1Val_ProteinGym,mean,bio_core_dna_prot_spliceai_geom,nt_v2_500m,esm1b_650m,Pure_XGBoost_Concat,0.8567,0.8307,0.8616,0.8525,0.8459,0.7124,0.9178,0.8971,dna_LID+prot_LLR+prot_LVD_L2+prot_LVD_Cosine+prot_LID
Train1Val_ProteinGym,mean,bio_core_dna_prot_spliceai_geom,nt_v2_500m,esm1b_650m,Pure_XGBoost_Concat,0.8567,0.8317,0.8601,0.8538,0.8456,0.7123,0.9205,0.9008,dna_LLR+dna_LVD_L2+dna_LID+prot_LLR+prot_LVD_L2+prot_LID
Train1Val_ProteinGym,mean,bio_core_dna_prot_spliceai_geom,nt_v2_500m,esm1b_650m,Pure_XGBoost_Concat,0.8567,0.8326,0.8586,0.855,0.8454,0.7121,0.9219,0.9027,dna_LVD_L2+dna_LID+prot_LLR+prot_LID
Train1Val_ProteinGym,mean,bio_core_dna_prot_spliceai_geom,nt_v2_500m,esm1b_650m,Pure_XGBoost_Concat,0.8567,0.8326,0.8586,0.855,0.8454,0.7121,0.9192,0.8982,dna_LVD_Cosine+dna_LID+prot_LLR+prot_LVD_Cosine+prot_LID
Train1Val_ProteinGym,mean,bio_core_dna_prot_spliceai_geom,nt_v2_500m,esm1b_650m,Pure_XGBoost_Concat,0.8567,0.8326,0.8586,0.855,0.8454,0.7121,0.921,0.9009,dna_LVD_L2+dna_LVD_Cosine+prot_LLR+prot_LVD_L2+prot_LVD_Cosine+prot_LID
Train1Val_ProteinGym,mean,bio_core_dna_prot_spliceai_geom,nt_v2_500m,esm1b_650m,Pure_XGBoost_Concat,0.8567,0.8326,0.8586,0.855,0.8454,0.7121,0.9189,0.9004,dna_LLR+dna_LVD_L2+dna_LVD_Cosine+dna_LID+prot_LLR+prot_LVD_Cosine+prot_LID
Train1Val_ProteinGym,mean,bio_core_dna_prot_spliceai_geom,nt_v2_500m,esm1b_650m,Pure_XGBoost_Concat,0.856,0.8258,0.8676,0.8462,0.8462,0.7117,0.9199,0.9019,dna_LVD_L2+dna_LID+prot_LLR+prot_LVD_L2+prot_LVD_Cosine
Train1Val_ProteinGym,mean,bio_core_dna_prot_spliceai_geom,nt_v2_500m,esm1b_650m,Pure_XGBoost_Concat,0.8567,0.8385,0.8497,0.8625,0.8441,0.7115,0.9198,0.8987,dna_LVD_L2+prot_LLR+prot_LID
Train1Val_ProteinGym,mean,bio_core_dna_prot_spliceai_geom,nt_v2_500m,esm1b_650m,Pure_XGBoost_Concat,0.856,0.8267,0.8661,0.8475,0.8459,0.7115,0.9185,0.8956,dna_LVD_L2+dna_LVD_Cosine+dna_LID+prot_LLR
Train1Val_ProteinGym,mean,bio_core_dna_prot_spliceai_geom,nt_v2_500m,esm1b_650m,Pure_XGBoost_Concat,0.856,0.8305,0.8601,0.8525,0.845,0.711,0.9208,0.9008,dna_LVD_L2+dna_LVD_Cosine+dna_LID+prot_LLR+prot_LVD_Cosine+prot_LID
Train1Val_ProteinGym,mean,bio_core_dna_prot_spliceai_geom,nt_v2_500m,esm1b_650m,Pure_XGBoost_Concat,0.856,0.8314,0.8586,0.8538,0.8448,0.7108,0.9196,0.8965,dna_LLR+prot_LLR+prot_LVD_Cosine+prot_LID
Train1Val_ProteinGym,mean,bio_core_dna_prot_spliceai_geom,nt_v2_500m,esm1b_650m,Pure_XGBoost_Concat,0.856,0.8314,0.8586,0.8538,0.8448,0.7108,0.9196,0.8994,dna_LVD_L2+dna_LVD_Cosine+dna_LID+prot_LLR+prot_LVD_L2+prot_LVD_Cosine+prot_LID
Train1Val_ProteinGym,mean,bio_core_dna_prot_spliceai_geom,nt_v2_500m,esm1b_650m,Pure_XGBoost_Concat,0.856,0.8324,0.8571,0.855,0.8446,0.7107,0.9208,0.9012,dna_LLR+prot_LLR+prot_LID
Train1Val_ProteinGym,mean,bio_core_dna_prot_spliceai_geom,nt_v2_500m,esm1b_650m,Pure_XGBoost_Concat,0.8553,0.8228,0.8705,0.8425,0.846,0.7107,0.919,0.9005,dna_LVD_L2+dna_LID+prot_LLR
Train1Val_ProteinGym,cls,bio_dna_geom_prot,nt_v3_650m,esm1b_650m,Pure_XGBoost_Concat,0.8553,0.8237,0.869,0.8438,0.8458,0.7106,0.92,0.8991,
Train1Val_ProteinGym,mean,bio_core_dna_prot_spliceai_geom,nt_v2_500m,esm1b_650m,Pure_XGBoost_Concat,0.8553,0.8237,0.869,0.8438,0.8458,0.7106,0.9214,0.9,dna_LLR+dna_LVD_L2+dna_LID+prot_LLR+prot_LVD_L2
Train1Val_ProteinGym,mean,bio_core_dna_prot_spliceai_geom,nt_v2_500m,esm1b_650m,Pure_XGBoost_Concat,0.856,0.8333,0.8557,0.8562,0.8443,0.7106,0.9217,0.8994,dna_LVD_L2+dna_LID+prot_LLR+prot_LVD_L2+prot_LID
Train1Val_ProteinGym,mean,bio_core_dna_prot_spliceai_geom,nt_v2_500m,esm1b_650m,Pure_XGBoost_Concat,0.8553,0.8246,0.8676,0.845,0.8455,0.7104,0.9207,0.9008,dna_LLR+dna_LVD_L2+dna_LVD_Cosine+dna_LID+prot_LLR+prot_LVD_L2
Train1Val_ProteinGym,mean,bio_core_dna_prot_spliceai_geom,nt_v2_500m,esm1b_650m,Pure_XGBoost_Concat,0.8553,0.8283,0.8616,0.85,0.8446,0.7098,0.9214,0.9022,dna_LLR+dna_LVD_Cosine+dna_LID+prot_LLR+prot_LVD_L2+prot_LVD_Cosine
Train1Val_ProteinGym,mean,bio_core_dna_prot_spliceai_geom,nt_v2_500m,esm1b_650m,Pure_XGBoost_Concat,0.8553,0.8321,0.8557,0.855,0.8437,0.7093,0.9211,0.8995,dna_LID+prot_LLR+prot_LVD_Cosine+prot_LID
Train1Val_ProteinGym,mean,bio_core_dna_prot_spliceai_geom,nt_v2_500m,esm1b_650m,Pure_XGBoost_Concat,0.8546,0.8225,0.869,0.8425,0.8452,0.7093,0.9197,0.8965,dna_LLR+dna_LVD_Cosine+dna_LID+prot_LLR+prot_LVD_Cosine
Train1Val_ProteinGym,mean,bio_core_dna_prot_spliceai_geom,nt_v2_500m,esm1b_650m,Pure_XGBoost_Concat,0.8553,0.8321,0.8557,0.855,0.8437,0.7093,0.921,0.9024,dna_LVD_L2+dna_LVD_Cosine+dna_LID+prot_LLR+prot_LID
Train1Val_ProteinGym,mean,bio_core_dna_prot_spliceai_geom,nt_v2_500m,esm1b_650m,Pure_XGBoost_Concat,0.8553,0.8321,0.8557,0.855,0.8437,0.7093,0.9185,0.8945,dna_LLR+dna_LVD_Cosine+dna_LID+prot_LLR+prot_LVD_L2+prot_LVD_Cosine+prot_LID
Train1Val_ProteinGym,mean,bio_core_dna_prot_spliceai_geom,nt_v2_500m,esm1b_650m,Pure_XGBoost_Concat,0.8546,0.8234,0.8676,0.8438,0.8449,0.7091,0.9202,0.8953,dna_LID+prot_LLR+prot_LVD_L2+prot_LVD_Cosine
Train1Val_ProteinGym,mean,bio_core_dna_prot_spliceai_geom,nt_v2_500m,esm1b_650m,Pure_XGBoost_Concat,0.8553,0.835,0.8512,0.8588,0.843,0.709,0.9214,0.9032,dna_LLR+dna_LVD_Cosine+prot_LLR+prot_LID
Train1Val_ProteinGym,mean,bio_core_dna_prot_spliceai_geom,nt_v2_500m,esm1b_650m,Pure_XGBoost_Concat,0.8546,0.8244,0.8661,0.845,0.8447,0.709,0.9207,0.9023,dna_LVD_L2+dna_LID+prot_LLR+prot_LVD_L2
Train1Val_ProteinGym,mean,bio_core_dna_prot_spliceai_geom,nt_v2_500m,esm1b_650m,Pure_XGBoost_Concat,0.8553,0.835,0.8512,0.8588,0.843,0.709,0.922,0.9021,dna_LVD_Cosine+dna_LID+prot_LLR+prot_LID
Train1Val_ProteinGym,mean,bio_core_dna_prot_spliceai_geom,nt_v2_500m,esm1b_650m,Pure_XGBoost_Concat,0.8546,0.8244,0.8661,0.845,0.8447,0.709,0.9193,0.9,dna_LLR+dna_LVD_L2+dna_LVD_Cosine+dna_LID+prot_LLR+prot_LVD_Cosine
Train1Val_ProteinGym,mean,bio_core_dna_prot_spliceai_geom,nt_v2_500m,esm1b_650m,Pure_XGBoost_Concat,0.8553,0.836,0.8497,0.86,0.8428,0.7089,0.9207,0.8968,dna_LLR+dna_LVD_Cosine+dna_LID+prot_LLR+prot_LVD_Cosine+prot_LID
Train1Val_ProteinGym,mean,bio_core_dna_prot_spliceai_geom,nt_v2_500m,esm1b_650m,Pure_XGBoost_Concat,0.8553,0.837,0.8482,0.8612,0.8426,0.7088,0.9195,0.8979,dna_LLR+dna_LVD_L2+dna_LVD_Cosine+dna_LID+prot_LLR+prot_LVD_L2+prot_LVD_Cosine+prot_LID
Train1Val_ProteinGym,mean,bio_core_dna_prot_spliceai_geom,nt_v2_500m,esm1b_650m,Pure_XGBoost_Concat,0.8546,0.8271,0.8616,0.8488,0.844,0.7085,0.917,0.8952,dna_LLR+dna_LID+prot_LLR+prot_LVD_L2+prot_LVD_Cosine+prot_LID
Train1Val_ProteinGym,cls,bio_dna_geom,nt_v3_650m,esm1b_650m,Pure_XGBoost_Concat,0.8539,0.8196,0.872,0.8388,0.845,0.7084,0.9175,0.8939,
Train1Val_ProteinGym,mean,bio_core_dna_prot_spliceai_geom,nt_v2_500m,esm1b_650m,Pure_XGBoost_Concat,0.8546,0.83,0.8571,0.8525,0.8433,0.7081,0.9209,0.899,dna_LVD_L2+prot_LLR+prot_LVD_L2+prot_LID
Train1Val_ProteinGym,mean,bio_core_dna_prot_spliceai_geom,nt_v2_500m,esm1b_650m,Pure_XGBoost_Concat,0.8546,0.83,0.8571,0.8525,0.8433,0.7081,0.9193,0.8976,dna_LLR+dna_LVD_L2+dna_LVD_Cosine+prot_LLR+prot_LVD_L2+prot_LVD_Cosine+prot_LID
Train1Val_ProteinGym,mean,bio_core_dna_prot_spliceai_geom,nt_v2_500m,esm1b_650m,Pure_XGBoost_Concat,0.8539,0.8214,0.869,0.8412,0.8445,0.708,0.9189,0.8971,dna_LVD_Cosine+dna_LID+prot_LLR
Train1Val_ProteinGym,mean,bio_core_dna_prot_spliceai_geom,nt_v2_500m,esm1b_650m,Pure_XGBoost_Concat,0.8546,0.8309,0.8557,0.8538,0.8431,0.708,0.9221,0.8995,dna_LLR+dna_LVD_Cosine+prot_LLR+prot_LVD_Cosine+prot_LID
Train1Val_ProteinGym,mean,bio_core_dna_prot_spliceai_geom,nt_v2_500m,esm1b_650m,Pure_XGBoost_Concat,0.8539,0.8223,0.8676,0.8425,0.8443,0.7078,0.9192,0.8976,dna_LVD_L2+dna_LVD_Cosine+dna_LID+prot_LLR+prot_LVD_L2+prot_LVD_Cosine
Train1Val_ProteinGym,center,bio_core_dna_prot_spliceai,nt_v3_650m,esm1v_650m,PyTorch_Gating,0.8533,0.8158,0.8765,0.8338,0.8451,0.7077,0.9237,0.909,
Train1Val_ProteinGym,mean,bio_core_dna_prot_spliceai,nt_v1_500m,esm1b_650m,PyTorch_Transformer,0.8539,0.8241,0.8646,0.845,0.8439,0.7075,0.918,0.8987,
Train1Val_ProteinGym,mean,bio_core_dna_prot_spliceai_geom,nt_v2_500m,esm1b_650m,Pure_XGBoost_Concat,0.8539,0.825,0.8631,0.8462,0.8436,0.7074,0.9197,0.897,dna_LLR+dna_LVD_Cosine+dna_LID+prot_LLR
Train1Val_ProteinGym,mean,bio_core_dna_prot_spliceai_geom,nt_v2_500m,esm1b_650m,Pure_XGBoost_Concat,0.8539,0.8297,0.8557,0.8525,0.8425,0.7067,0.9215,0.9005,dna_LLR+dna_LVD_L2+dna_LVD_Cosine+dna_LID+prot_LLR+prot_LVD_L2+prot_LID
Train1Val_ProteinGym,mean,bio_core_dna_prot_spliceai_geom,nt_v2_500m,esm1b_650m,Pure_XGBoost_Concat,0.8539,0.8307,0.8542,0.8538,0.8423,0.7066,0.9222,0.9008,dna_LVD_Cosine+prot_LLR+prot_LVD_L2+prot_LID
Train1Val_ProteinGym,mean,bio_core_dna_prot_spliceai_geom,nt_v2_500m,esm1b_650m,Pure_XGBoost_Concat,0.8539,0.8307,0.8542,0.8538,0.8423,0.7066,0.9208,0.8976,dna_LLR+dna_LVD_L2+dna_LVD_Cosine+prot_LLR+prot_LID
Train1Val_ProteinGym,mean,bio_core_dna_prot_spliceai_geom,nt_v2_500m,esm1b_650m,Pure_XGBoost_Concat,0.8539,0.8316,0.8527,0.855,0.842,0.7064,0.921,0.9021,prot_LLR+prot_LID
Train1Val_ProteinGym,mean,bio_core_dna_prot_spliceai_geom,nt_v2_500m,esm1b_650m,Pure_XGBoost_Concat,0.8533,0.8229,0.8646,0.8438,0.8433,0.7062,0.9206,0.9024,dna_LLR+dna_LID+prot_LLR
Train1Val_ProteinGym,mean,bio_core_dna_prot_spliceai_geom,nt_v2_500m,esm1b_650m,Pure_XGBoost_Concat,0.8533,0.8239,0.8631,0.845,0.843,0.7061,0.918,0.8983,dna_LLR+dna_LVD_L2+dna_LVD_Cosine+dna_LID+prot_LLR
Train1Val_ProteinGym,center,bio_core_dna_prot,nt_v3_650m,esm1v_650m,PyTorch_Gating,0.8526,0.8182,0.8705,0.8375,0.8435,0.7056,0.9212,0.9089,
Train1Val_ProteinGym,mean,bio_core_dna_prot_spliceai_geom,nt_v2_500m,esm1b_650m,Pure_XGBoost_Concat,0.8526,0.8182,0.8705,0.8375,0.8435,0.7056,0.9214,0.902,dna_LVD_Cosine+dna_LID+prot_LLR+prot_LVD_L2
Train1Val_ProteinGym,mean,bio_core_dna_prot_spliceai_geom,nt_v2_500m,esm1b_650m,Pure_XGBoost_Concat,0.8526,0.8182,0.8705,0.8375,0.8435,0.7056,0.9195,0.8992,dna_LLR+dna_LVD_L2+dna_LID+prot_LLR+prot_LVD_L2+prot_LVD_Cosine
Train1Val_ProteinGym,cls,bio_geom,nt_v3_650m,esm1b_650m,Pure_XGBoost_Concat,0.8526,0.8191,0.869,0.8388,0.8433,0.7055,0.918,0.8985,
Train1Val_ProteinGym,mean,bio_core_dna_prot_spliceai_geom,nt_v2_500m,esm1b_650m,Pure_XGBoost_Concat,0.8526,0.82,0.8676,0.84,0.8431,0.7053,0.9211,0.9021,dna_LLR+dna_LVD_L2+dna_LID+prot_LLR
Train1Val_ProteinGym,mean,bio_core_dna_prot_spliceai_geom,nt_v2_500m,esm1b_650m,Pure_XGBoost_Concat,0.8526,0.82,0.8676,0.84,0.8431,0.7053,0.9212,0.9014,dna_LLR+dna_LID+prot_LLR+prot_LVD_L2+prot_LVD_Cosine
Train1Val_ProteinGym,mean,bio_core_dna_prot_spliceai_geom,nt_v2_500m,esm1b_650m,Pure_XGBoost_Concat,0.8526,0.8227,0.8631,0.8438,0.8424,0.7048,0.9212,0.9011,dna_LVD_L2+dna_LID+prot_LLR+prot_LVD_Cosine
Train1Val_ProteinGym,mean,bio_core_dna_prot_spliceai_geom,nt_v2_500m,esm1b_650m,Pure_XGBoost_Concat,0.8526,0.8245,0.8601,0.8462,0.842,0.7045,0.9204,0.8999,dna_LLR+dna_LVD_Cosine+dna_LID+prot_LLR+prot_LVD_L2
Train1Val_ProteinGym,mean,bio_core_dna_prot_spliceai_geom,nt_v2_500m,esm1b_650m,Pure_XGBoost_Concat,0.8526,0.8283,0.8542,0.8512,0.841,0.7039,0.9179,0.8944,dna_LLR+dna_LVD_Cosine+dna_LID+prot_LLR+prot_LID
Train1Val_ProteinGym,mean,bio_core_dna_prot_spliceai_geom,nt_v2_500m,esm1b_650m,Pure_XGBoost_Concat,0.8526,0.8283,0.8542,0.8512,0.841,0.7039,0.9162,0.8895,dna_LLR+dna_LVD_Cosine+dna_LID+prot_LLR+prot_LVD_L2+prot_LID
Train1Val_ProteinGym,mean,bio_core_dna_prot_spliceai_geom,nt_v2_500m,esm1b_650m,Pure_XGBoost_Concat,0.8519,0.8206,0.8646,0.8412,0.842,0.7037,0.9187,0.8954,dna_LLR+dna_LVD_L2+dna_LID+prot_LLR+prot_LVD_Cosine
Train1Val_ProteinGym,mean,bio_core_dna_prot_spliceai_geom,nt_v2_500m,esm1b_650m,Pure_XGBoost_Concat,0.8519,0.8206,0.8646,0.8412,0.842,0.7037,0.9199,0.9035,dna_LVD_L2+dna_LVD_Cosine+dna_LID+prot_LLR+prot_LVD_L2
Train1Val_ProteinGym,mean,bio_core_dna_prot_spliceai,nt_v3_650m,esm1b_650m,PyTorch_Gating,0.8512,0.815,0.872,0.8338,0.8426,0.7033,0.9165,0.8999,
Train1Val_ProteinGym,mean,bio_core_dna_prot_spliceai_geom,nt_v2_500m,esm1b_650m,Pure_XGBoost_Concat,0.8505,0.8174,0.8661,0.8375,0.841,0.7013,0.9193,0.8969,dna_LLR+dna_LVD_L2+dna_LVD_Cosine+dna_LID+prot_LLR+prot_LVD_L2+prot_LVD_Cosine
Train1Val_ProteinGym,center,bio_core_prot_spliceai,,esm1b_650m,PyTorch_Concat,0.8492,0.8057,0.8824,0.8212,0.8423,0.701,0.9231,0.9103,
Train1Val_ProteinGym,center,bio_core_dna_prot_spliceai,nt_v2_500m,esm1v_650m,PyTorch_CrossAttn,0.8478,0.8011,0.8869,0.815,0.8418,0.6993,0.919,0.9059,
Train1Val_ProteinGym,mean,bio_core_dna_prot_spliceai_geom,nt_v2_500m,esm1b_650m,Pure_XGBoost_Concat,0.8492,0.8134,0.869,0.8325,0.8403,0.6991,0.9196,0.8983,dna_LLR+dna_LID+prot_LLR+prot_LVD_L2
Train1Val_ProteinGym,center,bio_geom,nt_v3_650m,esmc_600m,Pure_XGBoost_Concat,0.8485,0.8131,0.8676,0.8325,0.8395,0.6976,0.9173,0.8941,
Train1Val_ProteinGym,mean,bio_dna_prot,nt_v3_650m,esm1b_650m,PyTorch_Gating,0.8478,0.8077,0.875,0.825,0.84,0.6974,0.9145,0.8939,
Train1Val_ProteinGym,center,bio_geom_prot,nt_v3_650m,esmc_600m,Pure_XGBoost_Concat,0.8485,0.8212,0.8542,0.8438,0.8373,0.6962,0.9188,0.8981,
Train1Val_ProteinGym,center,bio_core_dna_prot_spliceai,nt_v2_500m,esmc_600m,PyTorch_CrossAttn,0.8478,0.8164,0.8601,0.8375,0.8377,0.6955,0.9182,0.9038,
Train1Val_ProteinGym,center,bio_core_dna_prot_spliceai,nt_v3_650m,esm1v_650m,PyTorch_Concat,0.8471,0.81,0.869,0.8288,0.8385,0.6953,0.922,0.9114,
Train1Val_ProteinGym,mean,bio_core_dna_prot_spliceai_geom,nt_v2_500m,esm1b_650m,Pure_XGBoost_Concat,0.8485,0.8297,0.8408,0.855,0.8352,0.6951,0.9176,0.9006,dna_LVD_L2+dna_LID+prot_LVD_L2+prot_LVD_Cosine+prot_LID
Train1Val_ProteinGym,center,bio_dna_prot,nt_v3_650m,esmc_600m,PyTorch_Concat,0.8478,0.8218,0.8512,0.845,0.8363,0.6946,0.9189,0.9001,
Train1Val_ProteinGym,center,bio_core_dna_prot_spliceai,nt_v1_500m,esmc_600m,PyTorch_CrossAttn,0.8478,0.8228,0.8497,0.8462,0.836,0.6944,0.919,0.9007,
Train1Val_ProteinGym,mean,bio_core_prot_spliceai,,esm1b_650m,PyTorch_Concat,0.8471,0.8152,0.8601,0.8362,0.8371,0.6942,0.9165,0.9012,
Train1Val_ProteinGym,center,bio_core_dna_prot_spliceai,nt_v2_500m,esmc_600m,PyTorch_Gating,0.8451,0.8033,0.875,0.82,0.8376,0.6924,0.9206,0.9054,
Train1Val_ProteinGym,mean,bio_core_dna_prot_spliceai_geom,nt_v2_500m,esm1b_650m,Pure_XGBoost_Concat,0.8471,0.8282,0.8393,0.8538,0.8337,0.6923,0.9184,0.9028,dna_LLR+dna_LVD_L2+dna_LID+prot_LVD_L2+prot_LID
Train1Val_ProteinGym,mean,bio_core_dna_prot_spliceai_geom,nt_v2_500m,esm1b_650m,Pure_XGBoost_Concat,0.8458,0.8121,0.8616,0.8325,0.8361,0.6918,0.9151,0.893,dna_LLR+dna_LVD_Cosine+dna_LID
Train1Val_ProteinGym,center,bio_core_dna_prot_spliceai,nt_v1_500m,esm1b_650m,PyTorch_Concat,0.8444,0.8005,0.878,0.8162,0.8375,0.6916,0.9173,0.8974,
Train1Val_ProteinGym,center,bio_prot,,esmc_600m,PyTorch_Concat,0.8424,0.7872,0.8973,0.7962,0.8387,0.6915,0.9223,0.9053,
Train1Val_ProteinGym,center,bio_prot,,esmc_600m,PyTorch_Concat,0.8424,0.7872,0.8973,0.7962,0.8387,0.6915,0.9223,0.9053,
Train1Val_ProteinGym,mean,bio_core_dna_prot_spliceai,nt_v3_650m,esm1b_650m,PyTorch_Concat,0.8431,0.7921,0.8899,0.8038,0.8381,0.6912,0.9188,0.9026,
Train1Val_ProteinGym,center,bio_dna_prot,nt_v3_650m,esmc_600m,PyTorch_Gating,0.8438,0.7986,0.8795,0.8138,0.8371,0.6906,0.9175,0.8992,
Train1Val_ProteinGym,center,bio_core_dna_prot_spliceai,nt_v3_650m,esm1b_650m,PyTorch_Concat,0.8444,0.8047,0.8705,0.8225,0.8363,0.6905,0.9169,0.8959,
Train1Val_ProteinGym,center,bio_core_dna_prot_spliceai,nt_v3_650m,esmc_600m,PyTorch_Gating,0.8444,0.8055,0.869,0.8238,0.8361,0.6903,0.9184,0.9032,
Train1Val_ProteinGym,mean,bio_core_dna_prot_spliceai_geom,nt_v2_500m,esm1b_650m,Pure_XGBoost_Concat,0.8458,0.822,0.8452,0.8462,0.8335,0.6902,0.9154,0.9,dna_LLR+dna_LVD_L2+prot_LVD_Cosine+prot_LID
Train1Val_ProteinGym,mean,bio_core_dna_prot_spliceai_geom,nt_v2_500m,esm1b_650m,Pure_XGBoost_Concat,0.8458,0.822,0.8452,0.8462,0.8335,0.6902,0.9148,0.896,dna_LLR+dna_LVD_Cosine+prot_LVD_Cosine+prot_LID
Train1Val_ProteinGym,center,bio_core_dna_prot_spliceai,nt_v1_500m,esmc_600m,PyTorch_Concat,0.8451,0.8136,0.8571,0.835,0.8348,0.69,0.9228,0.9095,
Train1Val_ProteinGym,mean,bio_core_dna_prot_spliceai_geom,nt_v2_500m,esm1b_650m,Pure_XGBoost_Concat,0.8451,0.8136,0.8571,0.835,0.8348,0.69,0.9163,0.8981,dna_LLR+dna_LVD_L2+dna_LID
Train1Val_ProteinGym,center,bio_dna_geom,nt_v3_650m,esmc_600m,Pure_XGBoost_Concat,0.8444,0.8089,0.8631,0.8288,0.8351,0.6895,0.9141,0.894,
Train1Val_ProteinGym,mean,bio_core_dna_prot_spliceai_geom,nt_v2_500m,esm1b_650m,Pure_XGBoost_Concat,0.8451,0.8162,0.8527,0.8388,0.8341,0.6895,0.9157,0.9009,dna_LLR+dna_LVD_Cosine+prot_LID
Train1Val_ProteinGym,center,bio_core_dna_prot_spliceai,nt_v1_500m,esmc_600m,PyTorch_Gating,0.8451,0.8199,0.8467,0.8438,0.8331,0.689,0.9171,0.9049,
Train1Val_ProteinGym,mean,bio_core_dna_prot_spliceai_geom,nt_v2_500m,esm1b_650m,Pure_XGBoost_Concat,0.8444,0.8115,0.8586,0.8325,0.8344,0.6889,0.9149,0.8944,dna_LLR+dna_LVD_Cosine+dna_LID+prot_LVD_L2
Train1Val_ProteinGym,mean,bio_core_dna_prot_spliceai_geom,nt_v2_500m,esm1b_650m,Pure_XGBoost_Concat,0.8451,0.8217,0.8438,0.8462,0.8326,0.6887,0.9163,0.8996,dna_LVD_L2+dna_LID+prot_LVD_Cosine+prot_LID
Train1Val_ProteinGym,mean,bio_core_dna_prot_spliceai_geom,nt_v2_500m,esm1b_650m,Pure_XGBoost_Concat,0.8444,0.8187,0.8467,0.8425,0.8325,0.6877,0.9151,0.8989,dna_LVD_L2+dna_LVD_Cosine+prot_LVD_Cosine+prot_LID
Train1Val_ProteinGym,mean,bio_core_dna_prot_spliceai_geom,nt_v2_500m,esm1b_650m,Pure_XGBoost_Concat,0.8444,0.8196,0.8452,0.8438,0.8322,0.6876,0.916,0.8973,dna_LLR+dna_LID+prot_LVD_Cosine+prot_LID
Train1Val_ProteinGym,center,bio_core_dna_prot,nt_v3_650m,esm1v_650m,PyTorch_CrossAttn,0.841,0.7897,0.8884,0.8012,0.8361,0.6873,0.9197,0.9054,
Train1Val_ProteinGym,mean,bio_core_dna_prot_spliceai_geom,nt_v2_500m,esm1b_650m,Pure_XGBoost_Concat,0.8444,0.8215,0.8423,0.8462,0.8317,0.6873,0.916,0.899,dna_LID+prot_LVD_L2+prot_LID
Train1Val_ProteinGym,mean,bio_core_dna_prot_spliceai_geom,nt_v2_500m,esm1b_650m,Pure_XGBoost_Concat,0.8444,0.8215,0.8423,0.8462,0.8317,0.6873,0.9163,0.8968,dna_LVD_Cosine+dna_LID+prot_LVD_Cosine+prot_LID
Train1Val_ProteinGym,mean,bio_core_dna_prot_spliceai_geom,nt_v2_500m,esm1b_650m,Pure_XGBoost_Concat,0.8444,0.8234,0.8393,0.8488,0.8312,0.6871,0.9165,0.9002,dna_LLR+dna_LVD_Cosine+dna_LID+prot_LVD_Cosine+prot_LID
Train1Val_ProteinGym,mean,bio_core_dna_prot_spliceai_geom,nt_v2_500m,esm1b_650m,Pure_XGBoost_Concat,0.8444,0.8253,0.8363,0.8512,0.8307,0.6869,0.9158,0.8991,dna_LVD_L2+dna_LID+prot_LVD_L2+prot_LID
Train1Val_ProteinGym,mean,bio_core_dna_prot_spliceai_geom,nt_v2_500m,esm1b_650m,Pure_XGBoost_Concat,0.8444,0.8291,0.8304,0.8562,0.8297,0.6865,0.9186,0.9028,dna_LLR+dna_LVD_L2+dna_LVD_Cosine+dna_LID+prot_LVD_Cosine+prot_LID
Train1Val_ProteinGym,center,bio_core_dna_prot,nt_v3_650m,esm1v_650m,PyTorch_Transformer,0.8431,0.8093,0.8586,0.83,0.8332,0.6864,0.9216,0.9048,
Train1Val_ProteinGym,mean,bio_core_dna_prot_spliceai_geom,nt_v2_500m,esm1b_650m,Pure_XGBoost_Concat,0.8431,0.8101,0.8571,0.8312,0.833,0.6862,0.9161,0.8949,dna_LID
Train1Val_ProteinGym,mean,bio_core_dna_prot_spliceai_geom,nt_v2_500m,esm1b_650m,Pure_XGBoost_Concat,0.8431,0.8101,0.8571,0.8312,0.833,0.6862,0.9162,0.8944,dna_LLR+dna_LVD_L2+dna_LVD_Cosine+dna_LID
Train1Val_ProteinGym,mean,bio_core_dna_prot_spliceai_geom,nt_v2_500m,esm1b_650m,Pure_XGBoost_Concat,0.8438,0.8212,0.8408,0.8462,0.8309,0.6859,0.9154,0.8962,dna_LLR+dna_LVD_L2+dna_LID+prot_LVD_Cosine+prot_LID
Train1Val_ProteinGym,mean,bio_core_dna_prot_spliceai_geom,nt_v2_500m,esm1b_650m,Pure_XGBoost_Concat,0.8431,0.8128,0.8527,0.835,0.8322,0.6857,0.9151,0.8941,dna_LLR+dna_LID
Train1Val_ProteinGym,mean,bio_core_dna_prot_spliceai_geom,nt_v2_500m,esm1b_650m,Pure_XGBoost_Concat,0.8424,0.8056,0.8631,0.825,0.8333,0.6857,0.9168,0.8972,dna_LLR+dna_LID+prot_LVD_L2
Train1Val_ProteinGym,mean,bio_core_dna_prot_spliceai_geom,nt_v2_500m,esm1b_650m,Pure_XGBoost_Concat,0.8424,0.8064,0.8616,0.8262,0.8331,0.6855,0.9159,0.8962,dna_LID+prot_LVD_L2+prot_LVD_Cosine
Train1Val_ProteinGym,mean,bio_core_dna_prot_spliceai_geom,nt_v2_500m,esm1b_650m,Pure_XGBoost_Concat,0.8424,0.8081,0.8586,0.8288,0.8326,0.6851,0.9125,0.8965,prot_LID
Train1Val_ProteinGym,center,bio_core_prot_spliceai,,esm1v_650m,PyTorch_Concat,0.8417,0.8028,0.8661,0.8212,0.8332,0.6848,0.9172,0.9032,
Train1Val_ProteinGym,mean,bio_core_dna_prot_spliceai_geom,nt_v2_500m,esm1b_650m,Pure_XGBoost_Concat,0.8424,0.8099,0.8557,0.8312,0.8321,0.6847,0.9152,0.8949,dna_LVD_Cosine+dna_LID
Train1Val_ProteinGym,mean,bio_core_dna_prot_spliceai_geom,nt_v2_500m,esm1b_650m,Pure_XGBoost_Concat,0.8424,0.8116,0.8527,0.8338,0.8316,0.6844,0.9151,0.8929,dna_LLR+dna_LVD_L2+dna_LID+prot_LVD_Cosine
Train1Val_ProteinGym,cls,bio_dna_prot,nt_v3_650m,esm1b_650m,PyTorch_Concat,0.841,0.7992,0.8705,0.8162,0.8333,0.6842,0.9088,0.8837,
Train1Val_ProteinGym,mean,bio_prot,,esm1b_650m,PyTorch_Concat,0.8404,0.7957,0.875,0.8112,0.8335,0.6837,0.9133,0.8945,
Train1Val_ProteinGym,mean,bio_core_dna_prot_spliceai_geom,nt_v2_500m,esm1b_650m,Pure_XGBoost_Concat,0.8424,0.8188,0.8408,0.8438,0.8297,0.6833,0.9147,0.8946,dna_LLR+dna_LVD_Cosine+dna_LID+prot_LVD_L2+prot_LID
Train1Val_ProteinGym,mean,bio_core_dna_prot_spliceai,nt_v1_500m,esm1b_650m,PyTorch_CrossAttn,0.8397,0.7922,0.8795,0.8062,0.8336,0.6832,0.9133,0.8873,
Train1Val_ProteinGym,mean,bio_core_dna_prot_spliceai,nt_v3_650m,esmc_600m,PyTorch_Transformer,0.8376,0.7801,0.8973,0.7875,0.8346,0.6831,0.9109,0.8859,
Train1Val_ProteinGym,mean,bio_core_dna_prot_spliceai_geom,nt_v2_500m,esm1b_650m,Pure_XGBoost_Concat,0.8424,0.8207,0.8378,0.8462,0.8292,0.683,0.9131,0.8955,dna_LVD_Cosine+dna_LID+prot_LVD_L2+prot_LID
Train1Val_ProteinGym,mean,bio_core_dna_prot_spliceai_geom,nt_v2_500m,esm1b_650m,Pure_XGBoost_Concat,0.8424,0.8207,0.8378,0.8462,0.8292,0.683,0.914,0.8939,dna_LID+prot_LVD_L2+prot_LVD_Cosine+prot_LID
Train1Val_ProteinGym,mean,bio_core_dna_prot_spliceai_geom,nt_v2_500m,esm1b_650m,Pure_XGBoost_Concat,0.8424,0.8207,0.8378,0.8462,0.8292,0.683,0.9169,0.9002,dna_LVD_L2+dna_LVD_Cosine+dna_LID+prot_LVD_L2+prot_LVD_Cosine+prot_LID
Train1Val_ProteinGym,mean,bio_core_dna_prot_spliceai,nt_v2_500m,esm1b_650m,PyTorch_Concat,0.839,0.7888,0.8839,0.8012,0.8337,0.6828,0.9143,0.8931,
Train1Val_ProteinGym,mean,bio_core_dna_prot_spliceai_geom,nt_v2_500m,esm1b_650m,Pure_XGBoost_Concat,0.8417,0.8122,0.8497,0.835,0.8305,0.6828,0.9165,0.8995,dna_LVD_L2+dna_LVD_Cosine+dna_LID+prot_LVD_L2+prot_LVD_Cosine
Train1Val_ProteinGym,mean,bio_core_dna_prot_spliceai_geom,nt_v2_500m,esm1b_650m,Pure_XGBoost_Concat,0.8417,0.8149,0.8452,0.8388,0.8298,0.6824,0.9159,0.899,prot_LVD_Cosine+prot_LID
Train1Val_ProteinGym,mean,bio_core_dna_prot_spliceai_geom,nt_v2_500m,esm1b_650m,Pure_XGBoost_Concat,0.8417,0.8158,0.8438,0.84,0.8296,0.6822,0.9149,0.8996,dna_LLR+dna_LVD_L2+prot_LID
Train1Val_ProteinGym,mean,bio_core_dna_prot_spliceai_geom,nt_v2_500m,esm1b_650m,Pure_XGBoost_Concat,0.841,0.8076,0.8557,0.8288,0.8309,0.6822,0.9159,0.8947,dna_LVD_L2+dna_LID+prot_LVD_Cosine
Train1Val_ProteinGym,mean,bio_core_dna_prot_spliceai_geom,nt_v2_500m,esm1b_650m,Pure_XGBoost_Concat,0.8417,0.8167,0.8423,0.8412,0.8293,0.6821,0.9153,0.8973,dna_LVD_Cosine+prot_LVD_L2+prot_LID
Train1Val_ProteinGym,mean,bio_core_dna_prot_spliceai_geom,nt_v2_500m,esm1b_650m,Pure_XGBoost_Concat,0.8417,0.8186,0.8393,0.8438,0.8288,0.6818,0.915,0.8994,dna_LVD_L2+dna_LVD_Cosine+dna_LID+prot_LID
Train1Val_ProteinGym,mean,bio_core_dna_prot_spliceai_geom,nt_v2_500m,esm1b_650m,Pure_XGBoost_Concat,0.8417,0.8186,0.8393,0.8438,0.8288,0.6818,0.9128,0.8936,dna_LLR+dna_LID+prot_LVD_L2+prot_LVD_Cosine+prot_LID
Train1Val_ProteinGym,mean,bio_core_dna_prot_spliceai_geom,nt_v2_500m,esm1b_650m,Pure_XGBoost_Concat,0.8417,0.8204,0.8363,0.8462,0.8283,0.6816,0.9138,0.8935,dna_LVD_Cosine+dna_LID+prot_LID
Train1Val_ProteinGym,mean,bio_core_dna_prot_spliceai_geom,nt_v2_500m,esm1b_650m,Pure_XGBoost_Concat,0.8417,0.8223,0.8333,0.8488,0.8278,0.6814,0.916,0.8979,dna_LLR+dna_LVD_L2+dna_LID+prot_LID
Train1Val_ProteinGym,center,bio_core_prot_spliceai,,esmc_600m,PyTorch_Concat,0.839,0.7935,0.875,0.8088,0.8323,0.6812,0.9175,0.9004,
Train1Val_ProteinGym,mean,bio_core_dna_prot_spliceai,nt_v3_650m,esmc_600m,PyTorch_Gating,0.8397,0.7986,0.8676,0.8162,0.8317,0.6812,0.9152,0.8949,
Train1Val_ProteinGym,mean,bio_core_dna_prot_spliceai_geom,nt_v2_500m,esm1b_650m,Pure_XGBoost_Concat,0.8404,0.8056,0.8571,0.8262,0.8306,0.6811,0.9137,0.8893,dna_LVD_L2+dna_LVD_Cosine+dna_LID+prot_LVD_Cosine
Train1Val_ProteinGym,center,bio_core_dna_prot_spliceai,nt_v3_650m,esm2_650m,PyTorch_Transformer,0.841,0.8147,0.8438,0.8388,0.8289,0.6809,0.9112,0.8911,
Train1Val_ProteinGym,mean,bio_core_dna_prot_spliceai_geom,nt_v2_500m,esm1b_650m,Pure_XGBoost_Concat,0.841,0.8174,0.8393,0.8425,0.8282,0.6805,0.9142,0.8969,dna_LLR+dna_LVD_Cosine+dna_LID+prot_LID
Train1Val_ProteinGym,center,bio_core_dna_prot,nt_v3_650m,esm1v_650m,PyTorch_Concat,0.8397,0.8019,0.8616,0.8212,0.8307,0.6804,0.915,0.8973,
Train1Val_ProteinGym,center,bio_core_dna_prot_spliceai,nt_v1_500m,esmc_600m,PyTorch_Transformer,0.8404,0.8108,0.8482,0.8338,0.8291,0.6801,0.9222,0.908,
Train1Val_ProteinGym,mean,bio_core_dna_prot_spliceai_geom,nt_v2_500m,esm1b_650m,Pure_XGBoost_Concat,0.841,0.8211,0.8333,0.8475,0.8272,0.6801,0.9147,0.8997,dna_LLR+dna_LVD_L2+dna_LVD_Cosine+dna_LID+prot_LID
Train1Val_ProteinGym,cls,bio_core_dna_prot_spliceai,nt_v1_500m,esm1b_650m,PyTorch_Gating,0.8376,0.7875,0.8824,0.8,0.8323,0.68,0.9104,0.8806,
Train1Val_ProteinGym,mean,bio_core_dna_prot_spliceai_geom,nt_v2_500m,esm1b_650m,Pure_XGBoost_Concat,0.8397,0.8036,0.8586,0.8238,0.8302,0.68,0.9132,0.8887,dna_LLR+dna_LVD_L2+dna_LID+prot_LVD_L2+prot_LVD_Cosine
Train1Val_ProteinGym,center,bio_dna_geom_prot,nt_v3_650m,esmc_600m,Pure_XGBoost_Concat,0.839,0.7984,0.8661,0.8162,0.8308,0.6798,0.9172,0.8903,
Train1Val_ProteinGym,mean,bio_core_dna_prot_spliceai_geom,nt_v2_500m,esm1b_650m,Pure_XGBoost_Concat,0.8397,0.8062,0.8542,0.8275,0.8295,0.6794,0.9147,0.8969,dna_LVD_Cosine+dna_LID+prot_LVD_L2
Train1Val_ProteinGym,mean,bio_core_dna_prot_spliceai,nt_v2_500m,esmc_600m,PyTorch_CrossAttn,0.8363,0.7824,0.8884,0.7925,0.8321,0.6788,0.9059,0.8805,
Train1Val_ProteinGym,center,bio_core_dna_prot_spliceai,nt_v3_650m,esmc_600m,PyTorch_CrossAttn,0.8376,0.7914,0.875,0.8062,0.8311,0.6787,0.9149,0.8932,
Train1Val_ProteinGym,center,bio_core_dna_prot_spliceai,nt_v2_500m,esm1v_650m,PyTorch_Gating,0.8383,0.7964,0.8676,0.8138,0.8305,0.6787,0.9137,0.8965,
Train1Val_ProteinGym,mean,bio_core_dna_prot_spliceai,nt_v1_500m,esm1b_650m,PyTorch_Gating,0.8383,0.7973,0.8661,0.815,0.8302,0.6785,0.9117,0.8854,
Train1Val_ProteinGym,mean,bio_core_dna_prot_spliceai_geom,nt_v2_500m,esm1b_650m,Pure_XGBoost_Concat,0.839,0.8042,0.8557,0.825,0.8291,0.6784,0.9145,0.8951,dna_LLR+dna_LID+prot_LVD_Cosine
Train1Val_ProteinGym,mean,bio_core_dna_prot_spliceai_geom,nt_v2_500m,esm1b_650m,Pure_XGBoost_Concat,0.8397,0.8123,0.8438,0.8362,0.8277,0.6783,0.9178,0.9018,dna_LVD_Cosine+prot_LVD_L2+prot_LVD_Cosine+prot_LID
Train1Val_ProteinGym,mean,bio_core_dna_prot_spliceai_geom,nt_v2_500m,esm1b_650m,Pure_XGBoost_Concat,0.8397,0.8132,0.8423,0.8375,0.8275,0.6782,0.912,0.8964,dna_LLR+prot_LID
Train1Val_ProteinGym,mean,bio_core_dna_prot_spliceai_geom,nt_v2_500m,esm1b_650m,Pure_XGBoost_Concat,0.8397,0.8132,0.8423,0.8375,0.8275,0.6782,0.9131,0.895,dna_LVD_Cosine+prot_LID
Train1Val_ProteinGym,mean,bio_core_dna_prot_spliceai,nt_v2_500m,esm1b_650m,PyTorch_CrossAttn,0.8383,0.7997,0.8616,0.8188,0.8295,0.6779,0.9089,0.8816,
Train1Val_ProteinGym,mean,bio_core_dna_prot_spliceai,nt_v2_500m,esm1b_650m,PyTorch_Transformer,0.8383,0.7997,0.8616,0.8188,0.8295,0.6779,0.9111,0.8916,
Train1Val_ProteinGym,mean,bio_core_dna_prot_spliceai_geom,nt_v2_500m,esm1b_650m,Pure_XGBoost_Concat,0.8397,0.815,0.8393,0.84,0.827,0.6779,0.915,0.8979,dna_LVD_L2+dna_LVD_Cosine+dna_LID+prot_LVD_Cosine+prot_LID
Train1Val_ProteinGym,mean,bio_core_dna_prot_spliceai_geom,nt_v2_500m,esm1b_650m,Pure_XGBoost_Concat,0.8397,0.8159,0.8378,0.8412,0.8267,0.6778,0.9148,0.8991,dna_LLR+dna_LID+prot_LID
Train1Val_ProteinGym,cls,bio_core_dna_prot_spliceai,nt_v3_650m,esm1b_650m,PyTorch_Transformer,0.837,0.7895,0.8765,0.8038,0.8307,0.6777,0.9116,0.8812,
Train1Val_ProteinGym,center,bio_core_dna_prot_spliceai,nt_v2_500m,esmc_600m,PyTorch_Transformer,0.8376,0.7962,0.8661,0.8138,0.8297,0.6773,0.9172,0.9015,
Train1Val_ProteinGym,mean,bio_core_dna_prot_spliceai_geom,nt_v2_500m,esm1b_650m,Pure_XGBoost_Concat,0.8383,0.8022,0.8571,0.8225,0.8288,0.6773,0.9166,0.8991,dna_LVD_L2+dna_LVD_Cosine+dna_LID
Train1Val_ProteinGym,mean,bio_core_dna_prot_spliceai_geom,nt_v2_500m,esm1b_650m,Pure_XGBoost_Concat,0.839,0.8103,0.8452,0.8338,0.8274,0.6772,0.9148,0.8962,dna_LLR+dna_LVD_L2+dna_LVD_Cosine+prot_LVD_L2+prot_LID
Train1Val_ProteinGym,mean,bio_core_dna_prot_spliceai_geom,nt_v2_500m,esm1b_650m,Pure_XGBoost_Concat,0.839,0.8112,0.8438,0.835,0.8271,0.677,0.9151,0.8973,dna_LVD_L2+prot_LVD_L2+prot_LID
Train1Val_ProteinGym,center,bio_core_dna_prot_spliceai,nt_v3_650m,esm1v_650m,PyTorch_Transformer,0.8363,0.7877,0.878,0.8012,0.8304,0.6768,0.9185,0.9051,
Train1Val_ProteinGym,mean,bio_core_dna_prot_spliceai_geom,nt_v2_500m,esm1b_650m,Pure_XGBoost_Concat,0.839,0.8129,0.8408,0.8375,0.8266,0.6768,0.9156,0.8983,dna_LVD_L2+dna_LVD_Cosine+prot_LVD_L2+prot_LID
Train1Val_ProteinGym,mean,bio_dna_prot,nt_v3_650m,esm1b_650m,PyTorch_Concat,0.8349,0.7797,0.8899,0.7887,0.8311,0.6767,0.9144,0.8971,
Train1Val_ProteinGym,mean,bio_core_dna_prot_spliceai_geom,nt_v2_500m,esm1b_650m,Pure_XGBoost_Concat,0.8383,0.8048,0.8527,0.8262,0.828,0.6767,0.9174,0.8985,dna_LVD_L2+dna_LID+prot_LVD_L2+prot_LVD_Cosine
Train1Val_ProteinGym,mean,bio_core_dna_prot_spliceai_geom,nt_v2_500m,esm1b_650m,Pure_XGBoost_Concat,0.839,0.8148,0.8378,0.84,0.8261,0.6765,0.9153,0.8994,dna_LLR+dna_LVD_L2+dna_LVD_Cosine+dna_LID+prot_LVD_L2+prot_LVD_Cosine+prot_LID
Train1Val_ProteinGym,mean,bio_core_dna_prot_spliceai_geom,nt_v2_500m,esm1b_650m,Pure_XGBoost_Concat,0.8383,0.8065,0.8497,0.8288,0.8275,0.6764,0.915,0.8924,dna_LLR+dna_LVD_L2+dna_LVD_Cosine+dna_LID+prot_LVD_L2+prot_LVD_Cosine
Train1Val_ProteinGym,mean,bio_core_prot_spliceai,,esmc_600m,PyTorch_Concat,0.8349,0.7804,0.8884,0.79,0.8309,0.6763,0.9133,0.892,
Train1Val_ProteinGym,mean,bio_core_dna_prot_spliceai_geom,nt_v2_500m,esm1b_650m,Pure_XGBoost_Concat,0.839,0.8166,0.8348,0.8425,0.8256,0.6763,0.9153,0.8997,dna_LVD_Cosine+dna_LID+prot_LVD_L2+prot_LVD_Cosine+prot_LID
Train1Val_ProteinGym,mean,bio_core_dna_prot_spliceai_geom,nt_v2_500m,esm1b_650m,Pure_XGBoost_Concat,0.839,0.8166,0.8348,0.8425,0.8256,0.6763,0.9158,0.8996,dna_LLR+dna_LVD_L2+dna_LVD_Cosine+dna_LID+prot_LVD_L2+prot_LID
Train1Val_ProteinGym,center,bio_core_dna_prot_spliceai,nt_v2_500m,esm1v_650m,PyTorch_Transformer,0.8363,0.7893,0.875,0.8038,0.8299,0.6762,0.9162,0.904,
Train1Val_ProteinGym,mean,bio_core_dna_prot_spliceai_geom,nt_v2_500m,esm1b_650m,Pure_XGBoost_Concat,0.839,0.8175,0.8333,0.8438,0.8254,0.6761,0.9142,0.8953,dna_LID+prot_LID
Train1Val_ProteinGym,center,bio_core_dna_prot_spliceai,nt_v3_650m,esmc_600m,PyTorch_Transformer,0.8376,0.8011,0.8571,0.8212,0.8282,0.676,0.9162,0.9014,
Train1Val_ProteinGym,mean,bio_core_dna_prot_spliceai_geom,nt_v2_500m,esm1b_650m,Pure_XGBoost_Concat,0.8383,0.81,0.8438,0.8338,0.8265,0.6757,0.9148,0.8961,dna_LLR+dna_LVD_Cosine+prot_LVD_L2+prot_LID
Train1Val_ProteinGym,mean,bio_core_dna_prot_spliceai_geom,nt_v2_500m,esm1b_650m,Pure_XGBoost_Concat,0.8376,0.8028,0.8542,0.8238,0.8277,0.6756,0.9166,0.8987,dna_LLR+dna_LID+prot_LVD_L2+prot_LVD_Cosine
Train1Val_ProteinGym,cls,bio_core_dna_prot_spliceai,nt_v3_650m,esm1b_650m,PyTorch_Gating,0.8356,0.7867,0.878,0.8,0.8298,0.6755,0.9116,0.8912,
Train1Val_ProteinGym,mean,bio_core_dna_prot_spliceai_geom,nt_v2_500m,esm1b_650m,Pure_XGBoost_Concat,0.8315,0.7657,0.9092,0.7662,0.8313,0.6753,0.9168,0.9019,dna_LVD_L2+dna_LVD_Cosine+prot_LLR+prot_LVD_Cosine
Train1Val_ProteinGym,cls,bio_core_dna_prot_spliceai,nt_v3_650m,esm1b_650m,PyTorch_Concat,0.8376,0.8054,0.8497,0.8275,0.8269,0.6751,0.9137,0.8904,
Train1Val_ProteinGym,mean,bio_core_dna_prot_spliceai_geom,nt_v2_500m,esm1b_650m,Pure_XGBoost_Concat,0.837,0.7992,0.8586,0.8188,0.8278,0.6749,0.9151,0.8958,dna_LID+prot_LVD_L2
Train1Val_ProteinGym,mean,bio_core_dna_prot_spliceai_geom,nt_v2_500m,esm1b_650m,Pure_XGBoost_Concat,0.8383,0.8154,0.8348,0.8412,0.825,0.6749,0.9167,0.8993,dna_LLR+dna_LID+prot_LVD_L2+prot_LID
Train1Val_ProteinGym,mean,bio_core_dna_prot_spliceai_geom,nt_v2_500m,esm1b_650m,Pure_XGBoost_Concat,0.8383,0.8154,0.8348,0.8412,0.825,0.6749,0.9122,0.8925,dna_LLR+dna_LVD_Cosine+dna_LID+prot_LVD_L2+prot_LVD_Cosine+prot_LID
Train1Val_ProteinGym,mean,bio_core_dna_prot_spliceai_geom,nt_v2_500m,esm1b_650m,Pure_XGBoost_Concat,0.837,0.8,0.8571,0.82,0.8276,0.6747,0.9153,0.8974,dna_LVD_L2+dna_LID+prot_LVD_L2
Train1Val_ProteinGym,mean,bio_core_dna_prot_spliceai_geom,nt_v2_500m,esm1b_650m,Pure_XGBoost_Concat,0.8376,0.8088,0.8438,0.8325,0.8259,0.6745,0.9132,0.8971,dna_LVD_L2+dna_LID+prot_LID
Train1Val_ProteinGym,mean,bio_core_dna_prot_spliceai_geom,nt_v2_500m,esm1b_650m,Pure_XGBoost_Concat,0.837,0.8008,0.8557,0.8212,0.8273,0.6745,0.9143,0.8928,dna_LLR+dna_LVD_Cosine+dna_LID+prot_LVD_L2+prot_LVD_Cosine
Train1Val_ProteinGym,center,bio_core_dna_prot_spliceai,nt_v3_650m,esmc_600m,PyTorch_Concat,0.8349,0.7856,0.878,0.7988,0.8292,0.6743,0.9181,0.9038,
Train1Val_ProteinGym,mean,bio_core_dna_prot_spliceai_geom,nt_v2_500m,esm1b_650m,Pure_XGBoost_Concat,0.8376,0.8097,0.8423,0.8338,0.8257,0.6743,0.9161,0.8974,dna_LLR+prot_LVD_L2+prot_LID
Train1Val_ProteinGym,mean,bio_core_dna_prot_spliceai_geom,nt_v2_500m,esm1b_650m,Pure_XGBoost_Concat,0.837,0.8025,0.8527,0.8238,0.8268,0.6742,0.9141,0.8921,dna_LID+prot_LVD_Cosine
Train1Val_ProteinGym,mean,bio_core_dna_prot_spliceai_geom,nt_v2_500m,esm1b_650m,Pure_XGBoost_Concat,0.837,0.8025,0.8527,0.8238,0.8268,0.6742,0.9139,0.8924,dna_LVD_Cosine+dna_LID+prot_LVD_L2+prot_LVD_Cosine
Train1Val_ProteinGym,mean,bio_core_dna_prot_spliceai_geom,nt_v2_500m,esm1b_650m,Pure_XGBoost_Concat,0.8376,0.8106,0.8408,0.835,0.8254,0.6742,0.9139,0.8977,dna_LVD_L2+dna_LVD_Cosine+prot_LVD_L2+prot_LVD_Cosine+prot_LID
Train1Val_ProteinGym,mean,bio_core_dna_prot_spliceai,nt_v3_650m,esmc_600m,PyTorch_Concat,0.8329,0.7745,0.8943,0.7812,0.8301,0.674,0.9122,0.8914,
Train1Val_ProteinGym,mean,bio_core_dna_prot_spliceai_geom,nt_v2_500m,esm1b_650m,Pure_XGBoost_Concat,0.8376,0.8115,0.8393,0.8362,0.8252,0.674,0.9144,0.8984,dna_LVD_L2+prot_LID
Train1Val_ProteinGym,mean,bio_core_dna_prot_spliceai_geom,nt_v2_500m,esm1b_650m,Pure_XGBoost_Concat,0.8376,0.8133,0.8363,0.8388,0.8247,0.6738,0.9113,0.894,dna_LID+prot_LVD_Cosine+prot_LID
Train1Val_ProteinGym,mean,bio_core_dna_prot_spliceai_geom,nt_v2_500m,esm1b_650m,Pure_XGBoost_Concat,0.8376,0.8133,0.8363,0.8388,0.8247,0.6738,0.9155,0.897,dna_LVD_L2+dna_LVD_Cosine+dna_LID+prot_LVD_L2+prot_LID
Train1Val_ProteinGym,center,bio_core_dna_prot_spliceai,nt_v3_650m,esm1v_650m,PyTorch_CrossAttn,0.8363,0.7997,0.8557,0.82,0.8267,0.6733,0.9152,0.8986,
Train1Val_ProteinGym,mean,bio_core_dna_prot_spliceai_geom,nt_v2_500m,esm1b_650m,Pure_XGBoost_Concat,0.837,0.8077,0.8438,0.8312,0.8253,0.6732,0.9142,0.8977,dna_LLR+dna_LVD_L2+prot_LVD_L2+prot_LVD_Cosine+prot_LID
Train1Val_ProteinGym,mean,bio_core_dna_prot_spliceai_geom,nt_v2_500m,esm1b_650m,Pure_XGBoost_Concat,0.837,0.8077,0.8438,0.8312,0.8253,0.6732,0.9132,0.8941,dna_LLR+dna_LVD_L2+dna_LVD_Cosine+prot_LVD_L2+prot_LVD_Cosine+prot_LID
Train1Val_ProteinGym,mean,bio_core_dna_prot_spliceai_geom,nt_v2_500m,esm1b_650m,Pure_XGBoost_Concat,0.837,0.8086,0.8423,0.8325,0.8251,0.673,0.9141,0.8954,dna_LLR+prot_LVD_L2+prot_LVD_Cosine+prot_LID
Train1Val_ProteinGym,mean,bio_core_dna_prot_spliceai_geom,nt_v2_500m,esm1b_650m,Pure_XGBoost_Concat,0.837,0.8095,0.8408,0.8338,0.8248,0.6729,0.9148,0.8984,dna_LLR+dna_LVD_L2+dna_LVD_Cosine+prot_LID
Train1Val_ProteinGym,cls,bio_core_dna_prot_spliceai,nt_v1_500m,esm1b_650m,PyTorch_Transformer,0.8356,0.7953,0.8616,0.8138,0.8271,0.6728,0.9094,0.8763,
Train1Val_ProteinGym,mean,bio_core_dna_prot_spliceai_geom,nt_v2_500m,esm1b_650m,Pure_XGBoost_Concat,0.837,0.8103,0.8393,0.835,0.8246,0.6727,0.9146,0.9006,dna_LVD_L2+dna_LVD_Cosine+prot_LID
Train1Val_ProteinGym,mean,bio_core_dna_prot_spliceai_geom,nt_v2_500m,esm1b_650m,Pure_XGBoost_Concat,0.8363,0.8022,0.8512,0.8238,0.826,0.6727,0.9127,0.8947,dna_LVD_L2+prot_LVD_L2+prot_LVD_Cosine+prot_LID
Train1Val_ProteinGym,mean,bio_core_dna_prot_spliceai_geom,nt_v2_500m,esm1b_650m,Pure_XGBoost_Concat,0.837,0.8112,0.8378,0.8362,0.8243,0.6726,0.9134,0.8975,dna_LLR+dna_LVD_L2+dna_LID+prot_LVD_L2+prot_LVD_Cosine+prot_LID
Train1Val_ProteinGym,mean,bio_core_dna_prot_spliceai_geom,nt_v2_500m,esm1b_650m,Pure_XGBoost_Concat,0.8363,0.8031,0.8497,0.825,0.8257,0.6725,0.9138,0.8947,dna_LVD_L2+dna_LID
Train1Val_ProteinGym,center,bio_dna_prot,nt_v3_650m,esmc_600m,Hybrid_Gating_XGBoost,0.8288,0.7593,0.9152,0.7562,0.83,0.6723,0.9188,0.901,
Train1Val_ProteinGym,center,bio_dna_prot,nt_v3_650m,esmc_600m,Hybrid_CrossAttn_XGBoost,0.8274,0.7543,0.9226,0.7475,0.83,0.6722,0.9202,0.907,
Train1Val_ProteinGym,mean,bio_core_dna_prot_spliceai_geom,nt_v2_500m,esm1b_650m,Pure_XGBoost_Concat,0.8356,0.7978,0.8571,0.8175,0.8264,0.6722,0.9128,0.8909,dna_LVD_L2+dna_LVD_Cosine+dna_LID+prot_LVD_L2
Train1Val_ProteinGym,mean,bio_core_dna_prot_spliceai_geom,nt_v2_500m,esm1b_650m,Pure_XGBoost_Concat,0.8363,0.8074,0.8423,0.8312,0.8245,0.6717,0.9136,0.8959,dna_LLR+dna_LVD_Cosine+prot_LVD_L2+prot_LVD_Cosine+prot_LID
Train1Val_ProteinGym,center,bio_core_dna_prot,nt_v1_500m,esm1v_650m,PyTorch_Concat,0.8356,0.8003,0.8527,0.8212,0.8256,0.6716,0.9158,0.9022,
Train1Val_ProteinGym,mean,bio_core_dna_prot_spliceai_geom,nt_v2_500m,esm1b_650m,Pure_XGBoost_Concat,0.8356,0.8003,0.8527,0.8212,0.8256,0.6716,0.914,0.8915,dna_LLR+dna_LVD_L2+dna_LVD_Cosine+dna_LID+prot_LVD_L2
Train1Val_ProteinGym,mean,bio_core_dna_prot_spliceai_geom,nt_v2_500m,esm1b_650m,Pure_XGBoost_Concat,0.8363,0.8092,0.8393,0.8338,0.824,0.6714,0.9143,0.8976,dna_LLR+dna_LVD_L2+dna_LVD_Cosine+prot_LVD_Cosine+prot_LID
Train1Val_ProteinGym,cls,bio_core_dna_prot_spliceai,nt_v2_500m,esm1b_650m,PyTorch_Concat,0.8342,0.7908,0.8661,0.8075,0.8267,0.671,0.9041,0.8658,
Train1Val_ProteinGym,center,bio_core_dna_prot_spliceai,nt_v2_500m,esm2_650m,PyTorch_Transformer,0.8336,0.7873,0.8705,0.8025,0.8269,0.6705,0.9057,0.8876,
Train1Val_ProteinGym,mean,bio_core_dna_prot_spliceai_geom,nt_v2_500m,esm1b_650m,Pure_XGBoost_Concat,0.8349,0.8,0.8512,0.8212,0.8248,0.6702,0.9143,0.8927,dna_LVD_Cosine+dna_LID+prot_LVD_Cosine
Train1Val_ProteinGym,mean,bio_core_dna_prot_spliceai_geom,nt_v2_500m,esm1b_650m,Pure_XGBoost_Concat,0.8349,0.8,0.8512,0.8212,0.8248,0.6702,0.9137,0.8866,dna_LLR+dna_LVD_L2+dna_LID+prot_LVD_L2
Train1Val_ProteinGym,mean,bio_dna_prot,nt_v3_650m,esm1b_650m,PyTorch_Transformer,0.8322,0.78,0.881,0.7912,0.8274,0.67,0.9103,0.8896,
Train1Val_ProteinGym,center,bio_core_dna_prot_spliceai,nt_v1_500m,esm1v_650m,PyTorch_Concat,0.8329,0.7848,0.8735,0.7988,0.8268,0.6698,0.9176,0.9005,
Train1Val_ProteinGym,center,bio_core_dna_prot_spliceai,nt_v1_500m,esm1v_650m,PyTorch_CrossAttn,0.8336,0.7921,0.8616,0.81,0.8254,0.6691,0.9161,0.9015,
Train1Val_ProteinGym,cls,bio_dna_prot,nt_v3_650m,esm1b_650m,PyTorch_Transformer,0.8329,0.7878,0.8676,0.8038,0.8258,0.6688,0.9082,0.8828,
Train1Val_ProteinGym,mean,bio_core_dna_prot_spliceai_geom,nt_v2_500m,esm1b_650m,Pure_XGBoost_Concat,0.8349,0.8069,0.8393,0.8312,0.8228,0.6688,0.9163,0.9021,dna_LVD_L2+prot_LVD_Cosine+prot_LID
Train1Val_ProteinGym,center,bio_core_dna_prot,nt_v2_500m,esm1v_650m,PyTorch_Transformer,0.8322,0.7837,0.8735,0.7975,0.8262,0.6686,0.9111,0.8899,
Train1Val_ProteinGym,center,bio_core_dna_prot_spliceai,nt_v2_500m,esmc_600m,PyTorch_Concat,0.8342,0.8006,0.8482,0.8225,0.8237,0.6685,0.9152,0.8966,
Train1Val_ProteinGym,center,bio_dna_prot,nt_v3_650m,esmc_600m,PyTorch_Transformer,0.8336,0.7945,0.8571,0.8138,0.8246,0.6684,0.9147,0.8983,
Train1Val_ProteinGym,mean,bio_core_dna_prot_spliceai_geom,nt_v2_500m,esm1b_650m,Pure_XGBoost_Concat,0.8281,0.7629,0.9048,0.7638,0.8278,0.6683,0.921,0.9066,dna_LLR+prot_LLR
Train1Val_ProteinGym,center,bio_core_dna_prot_spliceai,nt_v1_500m,esm1b_650m,PyTorch_Gating,0.8329,0.7902,0.8631,0.8075,0.825,0.6681,0.9174,0.9034,
Train1Val_ProteinGym,mean,bio_core_dna_prot_spliceai_geom,nt_v2_500m,esm1b_650m,Pure_XGBoost_Concat,0.8336,0.7961,0.8542,0.8162,0.8241,0.668,0.9154,0.8983,dna_LLR+dna_LVD_Cosine+dna_LID+prot_LVD_Cosine
Train1Val_ProteinGym,mean,bio_core_dna_prot_spliceai_geom,nt_v2_500m,esm1b_650m,Pure_XGBoost_Concat,0.8342,0.8048,0.8408,0.8288,0.8224,0.6677,0.9122,0.8935,dna_LVD_Cosine+prot_LVD_Cosine+prot_LID
Train1Val_ProteinGym,mean,bio_core_dna_prot_spliceai_geom,nt_v2_500m,esm1b_650m,Pure_XGBoost_Concat,0.8342,0.8057,0.8393,0.83,0.8222,0.6675,0.9115,0.8923,dna_LLR+dna_LVD_L2+prot_LVD_L2+prot_LID
Train1Val_ProteinGym,mean,bio_core_dna_prot_spliceai,nt_v1_500m,esm1b_650m,PyTorch_Concat,0.8302,0.7747,0.8854,0.7837,0.8264,0.6673,0.9113,0.8864,
Train1Val_ProteinGym,center,bio_core_dna_prot_spliceai,nt_v1_500m,esm1b_650m,PyTorch_CrossAttn,0.8329,0.7934,0.8571,0.8125,0.824,0.6672,0.9143,0.8986,
Train1Val_ProteinGym,center,bio_core_dna_prot_spliceai,nt_v3_650m,esmc_600m,Hybrid_CrossAttn_XGBoost,0.8268,0.759,0.9092,0.7575,0.8274,0.6671,0.9178,0.9008,
Train1Val_ProteinGym,mean,bio_core_dna_prot_spliceai_geom,nt_v2_500m,esm1b_650m,Pure_XGBoost_Concat,0.8342,0.8084,0.8348,0.8338,0.8214,0.6671,0.9134,0.8962,prot_LVD_L2+prot_LID
Train1Val_ProteinGym,mean,bio_core_dna_prot_spliceai,nt_v2_500m,esm1v_650m,PyTorch_Gating,0.8302,0.7755,0.8839,0.785,0.8261,0.6669,0.9089,0.8868,
Train1Val_ProteinGym,cls,bio_core_dna_prot_spliceai,nt_v3_650m,esm1b_650m,PyTorch_CrossAttn,0.8308,0.7801,0.8765,0.7925,0.8255,0.6667,0.8989,0.8556,
Train1Val_ProteinGym,mean,bio_core_dna_prot_spliceai_geom,nt_v2_500m,esm1b_650m,Pure_XGBoost_Concat,0.8329,0.7958,0.8527,0.8162,0.8233,0.6666,0.9154,0.8968,dna_LLR+dna_LVD_L2+dna_LVD_Cosine+dna_LID+prot_LVD_Cosine
Train1Val_ProteinGym,center,bio_dna_prot,nt_v3_650m,esmc_600m,Hybrid_Transformer_XGBoost,0.8254,0.7546,0.9152,0.75,0.8272,0.6665,0.9164,0.8997,
Train1Val_ProteinGym,cls,bio_core_dna_prot_spliceai,nt_v1_500m,esm1b_650m,PyTorch_CrossAttn,0.8315,0.7857,0.8676,0.8012,0.8246,0.6663,0.9034,0.8691,
Train1Val_ProteinGym,mean,bio_core_dna_prot_spliceai_geom,nt_v2_500m,esm1b_650m,Pure_XGBoost_Concat,0.8261,0.7581,0.9092,0.7562,0.8268,0.666,0.9208,0.9045,dna_LLR+dna_LVD_L2+prot_LLR+prot_LVD_Cosine
Train1Val_ProteinGym,mean,bio_core_dna_prot,nt_v3_650m,esm1v_650m,PyTorch_CrossAttn,0.8308,0.7824,0.872,0.7962,0.8248,0.6658,0.9079,0.8842,
Train1Val_ProteinGym,mean,bio_core_dna_prot_spliceai_geom,nt_v2_500m,esm1b_650m,Pure_XGBoost_Concat,0.8336,0.8072,0.8348,0.8325,0.8208,0.6658,0.9143,0.8989,dna_LLR+prot_LVD_Cosine+prot_LID
Train1Val_ProteinGym,cls,bio_core_prot_spliceai,,esm1b_650m,PyTorch_Concat,0.8322,0.7931,0.8557,0.8125,0.8232,0.6657,0.9056,0.8755,
Train1Val_ProteinGym,mean,bio_core_dna_prot_spliceai_geom,nt_v2_500m,esm1b_650m,Pure_XGBoost_Concat,0.8261,0.7587,0.9077,0.7575,0.8266,0.6656,0.9187,0.9065,dna_LLR+dna_LVD_Cosine+prot_LLR+prot_LVD_L2
Train1Val_ProteinGym,center,bio_core_dna_prot_spliceai,nt_v3_650m,esm2_650m,PyTorch_CrossAttn,0.8302,0.7798,0.875,0.7925,0.8247,0.6652,0.9082,0.8888,
Train1Val_ProteinGym,center,bio_core_dna_prot_spliceai,nt_v3_650m,esm1b_650m,PyTorch_Transformer,0.8302,0.7806,0.8735,0.7938,0.8244,0.6649,0.9138,0.8967,
Train1Val_ProteinGym,mean,bio_core_dna_prot_spliceai_geom,nt_v2_500m,esm1b_650m,Pure_XGBoost_Concat,0.8247,0.7543,0.9137,0.75,0.8264,0.6649,0.9183,0.903,dna_LVD_L2+dna_LVD_Cosine+prot_LLR
Train1Val_ProteinGym,center,bio_prot,,esmc_600m,Pure_XGBoost_Concat,0.8254,0.7571,0.9092,0.755,0.8262,0.6648,0.9238,0.9084,
Train1Val_ProteinGym,center,bio_prot,,esmc_600m,Pure_XGBoost_Concat,0.8254,0.7571,0.9092,0.755,0.8262,0.6648,0.9238,0.9084,
Train1Val_ProteinGym,cls,bio_core_dna_prot_spliceai,nt_v2_500m,esm1b_650m,PyTorch_Gating,0.8302,0.7813,0.872,0.795,0.8242,0.6646,0.8991,0.8623,
Train1Val_ProteinGym,mean,bio_core_prot_spliceai,,esm1b_650m,Pure_XGBoost_Concat,0.8247,0.7549,0.9122,0.7512,0.8261,0.6645,0.9147,0.8983,
Train1Val_ProteinGym,mean,bio_core_dna_prot_spliceai_geom,nt_v2_500m,esm1b_650m,Pure_XGBoost_Concat,0.8247,0.7549,0.9122,0.7512,0.8261,0.6645,0.9182,0.9043,dna_LLR+dna_LVD_L2+dna_LVD_Cosine+prot_LLR
Train1Val_ProteinGym,center,bio_core_prot_spliceai,,esmc_600m,Hybrid_Concat_XGBoost,0.8261,0.7607,0.9033,0.7612,0.8259,0.6644,0.9189,0.9072,
Train1Val_ProteinGym,center,bio_core_dna_prot,nt_v2_500m,esm1v_650m,PyTorch_Concat,0.8302,0.7821,0.8705,0.7962,0.8239,0.6643,0.9116,0.8958,
Train1Val_ProteinGym,center,bio_core_dna_prot_spliceai,nt_v3_650m,esmc_600m,Hybrid_Transformer_XGBoost,0.824,0.7528,0.9152,0.7475,0.8261,0.6642,0.9187,0.8957,
Train1Val_ProteinGym,mean,bio_core_dna_prot,nt_v1_500m,esm1v_650m,PyTorch_Gating,0.8295,0.7781,0.8765,0.79,0.8244,0.6642,0.908,0.8811,
Train1Val_ProteinGym,center,bio_core_dna_prot_spliceai,nt_v2_500m,esm1v_650m,PyTorch_Concat,0.8308,0.7885,0.8601,0.8062,0.8228,0.6639,0.9077,0.8911,
Train1Val_ProteinGym,cls,bio_core_dna_prot_spliceai,nt_v2_500m,esm1b_650m,PyTorch_Transformer,0.8315,0.7953,0.8497,0.8162,0.8216,0.6636,0.9034,0.8701,
Train1Val_ProteinGym,center,bio_core_dna_prot,nt_v1_500m,esm1v_650m,PyTorch_CrossAttn,0.8308,0.7901,0.8571,0.8088,0.8223,0.6634,0.9158,0.9001,
Train1Val_ProteinGym,mean,bio_core_dna_prot_spliceai,nt_v2_500m,esm1b_650m,PyTorch_Gating,0.8281,0.7724,0.8839,0.7812,0.8244,0.6633,0.9112,0.8889,
Train1Val_ProteinGym,mean,bio_core_dna_prot_spliceai,nt_v3_650m,esm1b_650m,PyTorch_Transformer,0.8302,0.7859,0.8631,0.8025,0.8227,0.6631,0.9078,0.885,
Train1Val_ProteinGym,mean,bio_core_dna_prot_spliceai_geom,nt_v2_500m,esm1b_650m,Pure_XGBoost_Concat,0.824,0.7546,0.9107,0.7512,0.8254,0.6629,0.9175,0.9015,dna_LLR+dna_LVD_L2+dna_LVD_Cosine+prot_LLR+prot_LVD_L2+prot_LVD_Cosine
Train1Val_ProteinGym,center,bio_core_dna_prot_spliceai,nt_v2_500m,esm1b_650m,PyTorch_Concat,0.8288,0.7778,0.875,0.79,0.8235,0.6627,0.9131,0.8958,
Train1Val_ProteinGym,center,bio_dna_prot,nt_v3_650m,esmc_600m,PyTorch_CrossAttn,0.8308,0.7933,0.8512,0.8138,0.8212,0.6626,0.9099,0.8904,
Train1Val_ProteinGym,cls,bio_dna_prot,nt_v3_650m,esm1b_650m,PyTorch_Gating,0.8295,0.7833,0.8661,0.7988,0.8226,0.6623,0.908,0.8774,
Train1Val_ProteinGym,mean,bio_core_dna_prot_spliceai,nt_v3_650m,esm1b_650m,Pure_XGBoost_Concat,0.8234,0.7531,0.9122,0.7488,0.825,0.6622,0.9156,0.8972,
Train1Val_ProteinGym,mean,bio_core_dna_prot_spliceai,nt_v3_650m,esmc_600m,PyTorch_CrossAttn,0.8268,0.7677,0.8899,0.7738,0.8243,0.6622,0.9069,0.8801,
Train1Val_ProteinGym,mean,bio_core_dna_prot_spliceai_geom,nt_v2_500m,esm1b_650m,Pure_XGBoost_Concat,0.8234,0.7531,0.9122,0.7488,0.825,0.6622,0.9176,0.9032,dna_LLR+dna_LVD_L2+prot_LLR
Train1Val_ProteinGym,center,bio_prot,,esmc_600m,Hybrid_Concat_XGBoost,0.824,0.7559,0.9077,0.7538,0.8249,0.6621,0.9205,0.9024,
Train1Val_ProteinGym,center,bio_prot,,esmc_600m,Hybrid_Concat_XGBoost,0.824,0.7559,0.9077,0.7538,0.8249,0.6621,0.9205,0.9024,
Train1Val_ProteinGym,cls,bio_core_prot_spliceai,,esmc_600m,PyTorch_Concat,0.8254,0.7623,0.8973,0.765,0.8243,0.6617,0.9091,0.8864,
Train1Val_ProteinGym,center,bio_core_dna_prot_spliceai,nt_v3_650m,esm2_650m,PyTorch_Gating,0.8302,0.7922,0.8512,0.8125,0.8207,0.6613,0.9072,0.8855,
Train1Val_ProteinGym,mean,bio_core_dna_prot_spliceai_geom,nt_v2_500m,esm1b_650m,Pure_XGBoost_Concat,0.8234,0.7543,0.9092,0.7512,0.8246,0.6613,0.9195,0.9049,dna_LVD_L2+dna_LVD_Cosine+prot_LLR+prot_LVD_L2
Train1Val_ProteinGym,mean,bio_core_dna_prot,nt_v3_650m,esm1v_650m,PyTorch_Transformer,0.8288,0.7823,0.8661,0.7975,0.822,0.6611,0.9094,0.8839,
Train1Val_ProteinGym,center,bio_core_dna_prot_spliceai,nt_v2_500m,esmc_600m,Hybrid_Transformer_XGBoost,0.8227,0.7521,0.9122,0.7475,0.8245,0.661,0.9159,0.8956,
Train1Val_ProteinGym,mean,bio_core_dna_prot_spliceai_geom,nt_v2_500m,esm1b_650m,Pure_XGBoost_Concat,0.8227,0.7521,0.9122,0.7475,0.8245,0.661,0.9207,0.9065,dna_LVD_L2+prot_LLR
Train1Val_ProteinGym,mean,bio_core_dna_prot_spliceai_geom,nt_v2_500m,esm1b_650m,Pure_XGBoost_Concat,0.8308,0.8009,0.8378,0.825,0.8189,0.661,0.9132,0.8951,prot_LVD_L2+prot_LVD_Cosine+prot_LID
Train1Val_ProteinGym,center,bio_core_dna_prot_spliceai,nt_v1_500m,esm1b_650m,Pure_XGBoost_Concat,0.8234,0.755,0.9077,0.7525,0.8243,0.6609,0.917,0.8994,
Train1Val_ProteinGym,center,bio_core_dna_prot_spliceai,nt_v3_650m,esm1b_650m,PyTorch_CrossAttn,0.8274,0.7743,0.878,0.785,0.8229,0.6609,0.9121,0.8941,
Train1Val_ProteinGym,mean,bio_core_dna_prot_spliceai,nt_v3_650m,esm1b_650m,PyTorch_CrossAttn,0.8281,0.7782,0.872,0.7912,0.8225,0.6609,0.9019,0.8763,
Train1Val_ProteinGym,mean,bio_core_dna_prot_spliceai_geom,nt_v2_500m,esm1b_650m,Pure_XGBoost_Concat,0.822,0.75,0.9152,0.7438,0.8244,0.6608,0.9176,0.9012,dna_LVD_Cosine+prot_LLR+prot_LVD_Cosine
Train1Val_ProteinGym,center,bio_core_dna_prot_spliceai,nt_v1_500m,esm1b_650m,PyTorch_Transformer,0.8268,0.7711,0.8824,0.78,0.823,0.6606,0.9155,0.9005,
Train1Val_ProteinGym,center,bio_core_dna_prot,nt_v1_500m,esm1v_650m,PyTorch_Gating,0.8274,0.775,0.8765,0.7862,0.8226,0.6606,0.9137,0.8958,
Train1Val_ProteinGym,mean,bio_core_dna_prot_spliceai_geom,nt_v2_500m,esm1b_650m,Pure_XGBoost_Concat,0.8227,0.7528,0.9107,0.7488,0.8242,0.6606,0.9135,0.8945,dna_LVD_Cosine+prot_LVD_Cosine
Train1Val_ProteinGym,center,bio_core_dna_prot_spliceai,nt_v1_500m,esm1v_650m,PyTorch_Transformer,0.8274,0.7757,0.875,0.7875,0.8224,0.6603,0.9156,0.8983,
Train1Val_ProteinGym,center,bio_core_dna_prot_spliceai,nt_v2_500m,esm2_650m,PyTorch_Gating,0.8274,0.7757,0.875,0.7875,0.8224,0.6603,0.901,0.8768,
Train1Val_ProteinGym,mean,bio_core_dna_prot_spliceai,nt_v1_500m,esm2_650m,PyTorch_Transformer,0.8302,0.7972,0.8423,0.82,0.8191,0.6602,0.8996,0.8709,
Train1Val_ProteinGym,center,bio_core_dna_prot_spliceai,nt_v3_650m,esm1v_650m,Hybrid_CrossAttn_XGBoost,0.82,0.7437,0.9241,0.7325,0.8242,0.6601,0.9182,0.9021,
Train1Val_ProteinGym,cls,bio_core_dna_prot_spliceai,nt_v2_500m,esm1b_650m,PyTorch_CrossAttn,0.8247,0.762,0.8958,0.765,0.8235,0.6601,0.9034,0.8697,
Train1Val_ProteinGym,center,dna_prot_spliceai,nt_v3_650m,esm1b_650m,Hybrid_Gating_XGBoost,0.8315,0.8344,0.7872,0.8688,0.8101,0.6598,0.8964,0.8812,
Train1Val_ProteinGym,mean,bio_prot,,esm1b_650m,Pure_XGBoost_Concat,0.8213,0.7491,0.9152,0.7425,0.8238,0.6596,0.9174,0.9032,
Train1Val_ProteinGym,center,bio_core_dna_prot_spliceai,nt_v3_650m,esm1b_650m,Pure_XGBoost_Concat,0.8213,0.7491,0.9152,0.7425,0.8238,0.6596,0.9193,0.9069,
Train1Val_ProteinGym,mean,bio_prot,,esm1b_650m,Hybrid_Concat_XGBoost,0.8207,0.747,0.9182,0.7388,0.8238,0.6594,0.9176,0.9015,
Train1Val_ProteinGym,center,bio_core_dna_prot_spliceai,nt_v1_500m,esm1v_650m,PyTorch_Gating,0.8274,0.7779,0.8705,0.7912,0.8216,0.6594,0.9127,0.8971,
Train1Val_ProteinGym,cls,bio_core_dna_prot_spliceai,nt_v1_500m,esm1b_650m,PyTorch_Concat,0.8281,0.7843,0.8601,0.8012,0.8204,0.6589,0.9016,0.8687,
Train1Val_ProteinGym,center,bio_core_prot_spliceai,,esmc_600m,Pure_XGBoost_Concat,0.8213,0.7503,0.9122,0.745,0.8234,0.6587,0.9221,0.9021,
Train1Val_ProteinGym,center,bio_core_dna_prot_spliceai,nt_v3_650m,esm1v_650m,Hybrid_Gating_XGBoost,0.82,0.7455,0.9196,0.7362,0.8235,0.6587,0.9203,0.9048,
Train1Val_ProteinGym,mean,bio_core_dna_prot_spliceai,nt_v1_500m,esm2_650m,PyTorch_CrossAttn,0.8295,0.7969,0.8408,0.82,0.8182,0.6587,0.9068,0.8809,
Train1Val_ProteinGym,mean,bio_core_dna_prot_spliceai,nt_v1_500m,esm1v_650m,PyTorch_Transformer,0.8288,0.7917,0.8482,0.8125,0.819,0.6584,0.9038,0.8795,
Train1Val_ProteinGym,mean,bio_core_dna_prot_spliceai_geom,nt_v2_500m,esm1b_650m,Pure_XGBoost_Concat,0.8213,0.7509,0.9107,0.7462,0.8231,0.6583,0.9176,0.9034,dna_LLR+dna_LVD_Cosine+prot_LLR
Train1Val_ProteinGym,center,bio_core_dna_prot_spliceai,nt_v2_500m,esmc_600m,Hybrid_CrossAttn_XGBoost,0.82,0.7461,0.9182,0.7375,0.8232,0.6582,0.9166,0.9019,
Train1Val_ProteinGym,center,bio_core_prot_spliceai,,esm1v_650m,Pure_XGBoost_Concat,0.8207,0.7488,0.9137,0.7425,0.8231,0.658,0.9218,0.9062,
Train1Val_ProteinGym,mean,bio_core_dna_prot,nt_v3_650m,esm1v_650m,PyTorch_Gating,0.8268,0.7776,0.869,0.7912,0.8208,0.6579,0.91,0.8901,
Train1Val_ProteinGym,mean,bio_core_dna_prot_spliceai_geom,nt_v2_500m,esm1b_650m,Pure_XGBoost_Concat,0.822,0.7543,0.9048,0.7525,0.8227,0.6578,0.9177,0.9035,dna_LVD_Cosine+prot_LLR
Train1Val_ProteinGym,mean,bio_core_dna_prot_spliceai_geom,nt_v2_500m,esm1b_650m,Pure_XGBoost_Concat,0.8207,0.7494,0.9122,0.7438,0.8228,0.6576,0.9167,0.9008,dna_LLR+dna_LVD_Cosine+prot_LLR+prot_LVD_L2+prot_LVD_Cosine
Train1Val_ProteinGym,mean,bio_core_dna_prot_spliceai_geom,nt_v2_500m,esm1b_650m,Pure_XGBoost_Concat,0.8213,0.7522,0.9077,0.7488,0.8227,0.6574,0.9181,0.9045,dna_LLR+prot_LLR+prot_LVD_L2+prot_LVD_Cosine
Train1Val_ProteinGym,mean,bio_core_dna_prot_spliceai_geom,nt_v2_500m,esm1b_650m,Pure_XGBoost_Concat,0.822,0.755,0.9033,0.7538,0.8225,0.6573,0.914,0.8965,prot_LVD_L2
Train1Val_ProteinGym,center,dna_prot,nt_v2_500m,esmc_600m,Hybrid_CrossAttn_XGBoost,0.8302,0.8246,0.7976,0.8575,0.8109,0.6571,0.8947,0.8848,
Train1Val_ProteinGym,mean,bio_dna_prot,nt_v3_650m,esm1b_650m,Pure_XGBoost_Concat,0.8207,0.75,0.9107,0.745,0.8226,0.6571,0.915,0.8958,
Train1Val_ProteinGym,mean,bio_core_dna_prot_spliceai_geom,nt_v2_500m,esm1b_650m,Pure_XGBoost_Concat,0.8207,0.75,0.9107,0.745,0.8226,0.6571,0.9174,0.9027,dna_LVD_L2+prot_LLR+prot_LVD_L2
Train1Val_ProteinGym,center,bio_core_dna_prot_spliceai,nt_v2_500m,esm1b_650m,PyTorch_Transformer,0.8234,0.7614,0.8929,0.765,0.8219,0.657,0.9114,0.8967,
Train1Val_ProteinGym,center,bio_core_dna_prot_spliceai,nt_v3_650m,esm1b_650m,PyTorch_Gating,0.8274,0.7863,0.8542,0.805,0.8188,0.6567,0.9119,0.8928,
Train1Val_ProteinGym,mean,bio_core_dna_prot_spliceai_geom,nt_v2_500m,esm1b_650m,Pure_XGBoost_Concat,0.8207,0.7506,0.9092,0.7462,0.8223,0.6567,0.9136,0.8948,dna_LLR+dna_LVD_L2+prot_LVD_L2+prot_LVD_Cosine
Train1Val_ProteinGym,mean,bio_core_dna_prot_spliceai,nt_v2_500m,esm2_650m,PyTorch_Gating,0.8268,0.7814,0.8616,0.7975,0.8195,0.6566,0.9066,0.884,
Train1Val_ProteinGym,mean,bio_core_dna_prot_spliceai_geom,nt_v2_500m,esm1b_650m,Pure_XGBoost_Concat,0.8213,0.7534,0.9048,0.7512,0.8222,0.6566,0.9201,0.908,dna_LVD_L2+prot_LLR+prot_LVD_L2+prot_LVD_Cosine
Train1Val_ProteinGym,center,bio_core_dna_prot_spliceai,nt_v2_500m,esm1b_650m,PyTorch_Gating,0.8261,0.7773,0.8676,0.7912,0.82,0.6564,0.9092,0.8901,
Train1Val_ProteinGym,mean,bio_core_dna_prot_spliceai,nt_v2_500m,esm2_650m,PyTorch_Transformer,0.8268,0.7821,0.8601,0.7988,0.8193,0.6564,0.904,0.8795,
Train1Val_ProteinGym,center,bio_core_prot_spliceai,,esm1b_650m,Pure_XGBoost_Concat,0.8207,0.7512,0.9077,0.7475,0.8221,0.6563,0.9171,0.9017,
Train1Val_ProteinGym,mean,bio_core_dna_prot_spliceai_geom,nt_v2_500m,esm1b_650m,Pure_XGBoost_Concat,0.8207,0.7512,0.9077,0.7475,0.8221,0.6563,0.9176,0.9017,dna_LLR+prot_LLR+prot_LVD_Cosine
Train1Val_ProteinGym,center,bio_core_dna_prot,nt_v1_500m,esm1v_650m,PyTorch_Transformer,0.8254,0.7741,0.872,0.7862,0.8202,0.656,0.912,0.895,
Train1Val_ProteinGym,mean,bio_core_dna_prot_spliceai,nt_v1_500m,esm2_650m,PyTorch_Concat,0.8274,0.7895,0.8482,0.81,0.8178,0.6558,0.9043,0.8791,
Train1Val_ProteinGym,center,dna_prot,nt_v3_650m,esm1b_650m,Hybrid_CrossAttn_XGBoost,0.8295,0.8284,0.7902,0.8625,0.8088,0.6557,0.8952,0.8884,
Train1Val_ProteinGym,center,bio_core_dna_prot,nt_v3_650m,esm1v_650m,Hybrid_Transformer_XGBoost,0.8173,0.7402,0.9241,0.7275,0.822,0.6556,0.9164,0.9024,
Train1Val_ProteinGym,mean,bio_core_dna_prot_spliceai_geom,nt_v2_500m,esm1b_650m,Pure_XGBoost_Concat,0.82,0.7497,0.9092,0.745,0.8218,0.6555,0.9178,0.9028,dna_LVD_L2+prot_LLR+prot_LVD_Cosine
Train1Val_ProteinGym,mean,bio_core_dna_prot_spliceai_geom,nt_v2_500m,esm1b_650m,Pure_XGBoost_Concat,0.82,0.7497,0.9092,0.745,0.8218,0.6555,0.9159,0.8991,dna_LVD_L2+dna_LVD_Cosine+prot_LLR+prot_LVD_L2+prot_LVD_Cosine
Train1Val_ProteinGym,cls,bio_core_dna_prot,nt_v3_650m,esm1v_650m,PyTorch_Gating,0.8268,0.7852,0.8542,0.8038,0.8182,0.6554,0.9015,0.8778,
Train1Val_ProteinGym,center,bio_core_dna_prot_spliceai,nt_v3_650m,esmc_600m,Hybrid_Concat_XGBoost,0.8193,0.7476,0.9122,0.7412,0.8217,0.6553,0.9172,0.8985,
Train1Val_ProteinGym,mean,bio_core_dna_prot_spliceai_geom,nt_v2_500m,esm1b_650m,Pure_XGBoost_Concat,0.8193,0.7476,0.9122,0.7412,0.8217,0.6553,0.9187,0.906,prot_LLR+prot_LVD_Cosine
Train1Val_ProteinGym,mean,bio_core_dna_prot_spliceai,nt_v1_500m,esm1b_650m,Hybrid_Gating_XGBoost,0.82,0.7503,0.9077,0.7462,0.8215,0.6551,0.9101,0.8878,
Train1Val_ProteinGym,mean,bio_core_dna_prot_spliceai_geom,nt_v2_500m,esm1b_650m,Pure_XGBoost_Concat,0.82,0.7503,0.9077,0.7462,0.8215,0.6551,0.9161,0.8983,prot_LLR+prot_LVD_L2+prot_LVD_Cosine
Train1Val_ProteinGym,mean,bio_core_dna_prot_spliceai_geom,nt_v2_500m,esm1b_650m,Pure_XGBoost_Concat,0.8186,0.7455,0.9152,0.7375,0.8216,0.655,0.9127,0.8927,dna_LVD_L2+prot_LVD_L2
Train1Val_ProteinGym,mean,bio_core_dna_prot_spliceai,nt_v2_500m,esmc_600m,PyTorch_Transformer,0.8234,0.7655,0.8839,0.7725,0.8204,0.6549,0.8966,0.86,
Train1Val_ProteinGym,center,bio_dna_prot,nt_v3_650m,esmc_600m,Hybrid_Concat_XGBoost,0.8186,0.7461,0.9137,0.7388,0.8214,0.6546,0.9205,0.9061,
Train1Val_ProteinGym,center,bio_core_dna_prot,nt_v3_650m,esm1v_650m,Hybrid_Gating_XGBoost,0.8186,0.7461,0.9137,0.7388,0.8214,0.6546,0.918,0.9037,
Train1Val_ProteinGym,cls,bio_core_dna_prot,nt_v2_500m,esm1v_650m,PyTorch_Transformer,0.8274,0.7952,0.8378,0.8188,0.8159,0.6545,0.9026,0.8751,
Train1Val_ProteinGym,center,dna_prot,nt_v1_500m,esmc_600m,Hybrid_Gating_XGBoost,0.8288,0.8365,0.7768,0.8725,0.8056,0.6544,0.8932,0.8862,
Train1Val_ProteinGym,mean,bio_core_dna_prot_spliceai_geom,nt_v2_500m,esm1b_650m,Pure_XGBoost_Concat,0.8193,0.7488,0.9092,0.7438,0.8212,0.6544,0.9166,0.9022,prot_LLR
Train1Val_ProteinGym,mean,bio_core_dna_prot_spliceai_geom,nt_v2_500m,esm1b_650m,Pure_XGBoost_Concat,0.8193,0.7488,0.9092,0.7438,0.8212,0.6544,0.9167,0.8987,dna_LLR+prot_LLR+prot_LVD_L2
Train1Val_ProteinGym,mean,bio_core_prot_spliceai,,esm1b_650m,Hybrid_Concat_XGBoost,0.8186,0.7467,0.9122,0.74,0.8212,0.6541,0.9106,0.8921,
Train1Val_ProteinGym,mean,bio_core_dna_prot_spliceai,nt_v1_500m,esm1b_650m,Pure_XGBoost_Concat,0.8186,0.7467,0.9122,0.74,0.8212,0.6541,0.9154,0.8947,
Train1Val_ProteinGym,center,bio_core_dna_prot_spliceai,nt_v1_500m,esmc_600m,Hybrid_CrossAttn_XGBoost,0.8179,0.7446,0.9152,0.7362,0.8211,0.6539,0.9163,0.8969,
Train1Val_ProteinGym,center,bio_core_dna_prot_spliceai,nt_v1_500m,esmc_600m,Hybrid_Transformer_XGBoost,0.8179,0.7446,0.9152,0.7362,0.8211,0.6539,0.9176,0.9044,
Train1Val_ProteinGym,mean,bio_core_dna_prot_spliceai_geom,nt_v2_500m,esm1b_650m,Pure_XGBoost_Concat,0.8173,0.7425,0.9182,0.7325,0.821,0.6537,0.9154,0.8963,dna_LVD_L2+dna_LVD_Cosine+prot_LVD_L2
Train1Val_ProteinGym,mean,bio_core_dna_prot_spliceai_geom,nt_v2_500m,esm1b_650m,Pure_XGBoost_Concat,0.8193,0.75,0.9062,0.7462,0.8208,0.6535,0.9185,0.9038,dna_LLR+dna_LVD_L2+prot_LLR+prot_LVD_L2+prot_LVD_Cosine
Train1Val_ProteinGym,center,bio_core_dna_prot_spliceai,nt_v2_500m,esmc_600m,Hybrid_Gating_XGBoost,0.8179,0.7451,0.9137,0.7375,0.8209,0.6534,0.9146,0.897,
Train1Val_ProteinGym,center,bio_core_dna_prot,nt_v3_650m,esm1v_650m,Hybrid_CrossAttn_XGBoost,0.8186,0.7479,0.9092,0.7425,0.8207,0.6532,0.9164,0.8948,
Train1Val_ProteinGym,mean,bio_core_dna_prot_spliceai,nt_v2_500m,esmc_600m,PyTorch_Concat,0.8213,0.7592,0.8914,0.7625,0.82,0.6531,0.9058,0.8833,
Train1Val_ProteinGym,center,dna_prot,nt_v1_500m,esm1b_650m,Hybrid_Transformer_XGBoost,0.8281,0.8268,0.7887,0.8612,0.8073,0.6529,0.889,0.8781,
Train1Val_ProteinGym,center,dna_prot,nt_v3_650m,esm1b_650m,Hybrid_Gating_XGBoost,0.8281,0.8299,0.7842,0.865,0.8064,0.6529,0.8935,0.8825,
Train1Val_ProteinGym,mean,bio_core_dna_prot_spliceai,nt_v3_650m,esm2_650m,PyTorch_Transformer,0.824,0.7742,0.8676,0.7875,0.8182,0.6528,0.9044,0.8825,
Train1Val_ProteinGym,center,bio_core_dna_prot,nt_v2_500m,esm1v_650m,PyTorch_CrossAttn,0.8213,0.7598,0.8899,0.7638,0.8197,0.6527,0.9161,0.9008,
Train1Val_ProteinGym,mean,bio_core_dna_prot_spliceai,nt_v3_650m,esm2_650m,Hybrid_Concat_XGBoost,0.8179,0.7463,0.9107,0.74,0.8204,0.6525,0.9037,0.875,
Train1Val_ProteinGym,mean,bio_core_dna_prot_spliceai_geom,nt_v2_500m,esm1b_650m,Pure_XGBoost_Concat,0.8179,0.7463,0.9107,0.74,0.8204,0.6525,0.917,0.904,dna_LLR+dna_LVD_L2+prot_LLR+prot_LVD_L2
Train1Val_ProteinGym,mean,bio_core_dna_prot_spliceai,nt_v3_650m,esm2_650m,PyTorch_CrossAttn,0.8227,0.7672,0.878,0.7762,0.8189,0.6524,0.9036,0.8806,
Train1Val_ProteinGym,mean,bio_core_dna_prot_spliceai_geom,nt_v2_500m,esm1b_650m,Pure_XGBoost_Concat,0.8186,0.7491,0.9062,0.745,0.8202,0.6524,0.9177,0.9063,dna_LLR+dna_LVD_L2+dna_LVD_Cosine+prot_LLR+prot_LVD_Cosine
Train1Val_ProteinGym,mean,bio_core_dna_prot_spliceai,nt_v3_650m,esm2_650m,PyTorch_Gating,0.8247,0.782,0.8542,0.8,0.8165,0.6517,0.9008,0.8768,
Train1Val_ProteinGym,center,bio_core_dna_prot_spliceai,nt_v2_500m,esm1b_650m,Hybrid_Concat_XGBoost,0.8166,0.7428,0.9152,0.7338,0.82,0.6516,0.9116,0.8931,
Train1Val_ProteinGym,mean,bio_core_dna_prot_spliceai,nt_v1_500m,esm2_650m,PyTorch_Gating,0.8227,0.7693,0.8735,0.78,0.8181,0.6515,0.9052,0.8846,
Train1Val_ProteinGym,mean,bio_dna_prot,nt_v3_650m,esm1b_650m,Hybrid_Gating_XGBoost,0.8173,0.7454,0.9107,0.7388,0.8198,0.6514,0.9123,0.8975,
Train1Val_ProteinGym,center,bio_core_dna_prot_spliceai,nt_v3_650m,esmc_600m,Hybrid_Gating_XGBoost,0.8159,0.7413,0.9167,0.7312,0.8197,0.6509,0.9206,0.9061,
Train1Val_ProteinGym,mean,bio_core_prot_spliceai,,esm2_650m,Hybrid_Concat_XGBoost,0.8173,0.746,0.9092,0.74,0.8196,0.6509,0.9016,0.8745,
Train1Val_ProteinGym,mean,bio_core_dna_prot_spliceai_geom,nt_v2_500m,esm1b_650m,Pure_XGBoost_Concat,0.8159,0.7413,0.9167,0.7312,0.8197,0.6509,0.9174,0.9021,dna_LLR+dna_LVD_Cosine+prot_LLR+prot_LVD_Cosine
Train1Val_ProteinGym,mean,bio_core_dna_prot_spliceai_geom,nt_v2_500m,esm1b_650m,Pure_XGBoost_Concat,0.8173,0.746,0.9092,0.74,0.8196,0.6509,0.9168,0.9013,dna_LLR+dna_LVD_L2+dna_LVD_Cosine+prot_LLR+prot_LVD_L2
Train1Val_ProteinGym,cls,bio_core_prot_spliceai,,esm1b_650m,Pure_XGBoost_Concat,0.8166,0.7439,0.9122,0.7362,0.8195,0.6507,0.9166,0.8953,
Train1Val_ProteinGym,cls,bio_dna_prot,nt_v3_650m,esm1b_650m,Hybrid_CrossAttn_XGBoost,0.8139,0.7352,0.9256,0.72,0.8195,0.6505,0.9083,0.8775,
Train1Val_ProteinGym,mean,bio_core_dna_prot_spliceai_geom,nt_v2_500m,esm1b_650m,Pure_XGBoost_Concat,0.8173,0.7466,0.9077,0.7412,0.8193,0.6505,0.9132,0.8947,dna_LVD_Cosine
Train1Val_ProteinGym,center,bio_core_dna_prot,nt_v2_500m,esm1v_650m,PyTorch_Gating,0.822,0.7683,0.8735,0.7788,0.8175,0.6503,0.9097,0.8895,
Train1Val_ProteinGym,cls,bio_core_dna_prot_spliceai,nt_v1_500m,esm1v_650m,PyTorch_CrossAttn,0.8227,0.7722,0.8676,0.785,0.8171,0.6503,0.8973,0.8666,
Train1Val_ProteinGym,mean,bio_core_dna_prot_spliceai_geom,nt_v2_500m,esm1b_650m,Pure_XGBoost_Concat,0.8166,0.7445,0.9107,0.7375,0.8193,0.6502,0.9184,0.902,prot_LLR+prot_LVD_L2
Train1Val_ProteinGym,center,bio_core_dna_prot_spliceai,nt_v3_650m,esm2_650m,Hybrid_CrossAttn_XGBoost,0.8173,0.7472,0.9062,0.7425,0.8191,0.65,0.9079,0.8859,
Train1Val_ProteinGym,mean,bio_core_dna_prot_spliceai_geom,nt_v2_500m,esm1b_650m,Pure_XGBoost_Concat,0.8159,0.7424,0.9137,0.7338,0.8192,0.65,0.9122,0.8914,dna_LLR+prot_LVD_Cosine
Train1Val_ProteinGym,mean,bio_core_prot_spliceai,,esmc_600m,Pure_XGBoost_Concat,0.8179,0.75,0.9018,0.7475,0.8189,0.6499,0.9154,0.8912,
Train1Val_ProteinGym,cls,bio_core_dna_prot_spliceai,nt_v1_500m,esm1v_650m,PyTorch_Transformer,0.8247,0.7891,0.8408,0.8112,0.8141,0.6498,0.902,0.8801,
Train1Val_ProteinGym,cls,bio_core_dna_prot,nt_v1_500m,esm1v_650m,PyTorch_Gating,0.822,0.7697,0.8705,0.7812,0.817,0.6497,0.9053,0.8851,
Train1Val_ProteinGym,mean,bio_core_prot_spliceai,,esm2_650m,PyTorch_Concat,0.8234,0.7784,0.8571,0.795,0.8159,0.6497,0.9092,0.8892,
Train1Val_ProteinGym,mean,bio_core_dna_prot_spliceai_geom,nt_v2_500m,esm1b_650m,Pure_XGBoost_Concat,0.8173,0.7478,0.9048,0.7438,0.8189,0.6496,0.9136,0.8952,dna_LLR+dna_LVD_Cosine+prot_LVD_Cosine
Train1Val_ProteinGym,center,dna_prot_spliceai,nt_v1_500m,esmc_600m,PyTorch_CrossAttn,0.8254,0.8571,0.7411,0.8962,0.7949,0.6495,0.8976,0.889,
Train1Val_ProteinGym,mean,bio_core_dna_prot_spliceai,nt_v3_650m,esm1b_650m,Hybrid_Transformer_XGBoost,0.8159,0.743,0.9122,0.735,0.819,0.6495,0.9112,0.8943,
Train1Val_ProteinGym,mean,bio_core_dna_prot_spliceai,nt_v3_650m,esm2_650m,Pure_XGBoost_Concat,0.8159,0.743,0.9122,0.735,0.819,0.6495,0.9097,0.88,
Train1Val_ProteinGym,mean,bio_core_dna_prot_spliceai,nt_v1_500m,esmc_600m,PyTorch_Transformer,0.8254,0.8003,0.8229,0.8275,0.8114,0.6492,0.8983,0.8752,
Train1Val_ProteinGym,center,dna_prot_spliceai,nt_v2_500m,esm1b_650m,PyTorch_CrossAttn,0.8254,0.8535,0.7455,0.8925,0.7959,0.6491,0.9008,0.8917,
Train1Val_ProteinGym,center,bio_core_dna_prot_spliceai,nt_v2_500m,esmc_600m,Hybrid_Concat_XGBoost,0.8159,0.7436,0.9107,0.7362,0.8187,0.6491,0.9116,0.8921,
Train1Val_ProteinGym,center,bio_core_dna_prot_spliceai,nt_v2_500m,esm1b_650m,Pure_XGBoost_Concat,0.8166,0.7463,0.9062,0.7412,0.8185,0.6489,0.9159,0.902,
Train1Val_ProteinGym,center,bio_core_prot_spliceai,,esm1b_650m,Hybrid_Concat_XGBoost,0.8152,0.7415,0.9137,0.7325,0.8187,0.6488,0.9175,0.9077,
Train1Val_ProteinGym,center,dna_prot_spliceai,nt_v2_500m,esm1b_650m,Hybrid_Transformer_XGBoost,0.8261,0.826,0.7842,0.8612,0.8046,0.6488,0.8939,0.8845,
Train1Val_ProteinGym,center,dna_prot_spliceai,nt_v2_500m,esmc_600m,Hybrid_CrossAttn_XGBoost,0.8261,0.825,0.7857,0.86,0.8049,0.6488,0.8936,0.891,
Train1Val_ProteinGym,mean,bio_core_dna_prot,nt_v2_500m,esm1v_650m,PyTorch_Gating,0.8234,0.7814,0.8512,0.8,0.8148,0.6487,0.9049,0.8831,
Train1Val_ProteinGym,mean,bio_core_dna_prot_spliceai_geom,nt_v2_500m,esm1b_650m,Pure_XGBoost_Concat,0.8145,0.7395,0.9167,0.7288,0.8186,0.6486,0.9139,0.8948,dna_LVD_L2+dna_LVD_Cosine+prot_LVD_L2+prot_LVD_Cosine
Train1Val_ProteinGym,mean,bio_core_prot_spliceai,,esm1v_650m,PyTorch_Concat,0.8227,0.7773,0.8571,0.7938,0.8153,0.6484,0.907,0.8802,
Train1Val_ProteinGym,mean,bio_core_dna_prot_spliceai,nt_v3_650m,esm1b_650m,Hybrid_Concat_XGBoost,0.8152,0.7421,0.9122,0.7338,0.8184,0.6484,0.914,0.8968,
Train1Val_ProteinGym,mean,bio_core_dna_prot_spliceai,nt_v2_500m,esm1b_650m,Hybrid_Gating_XGBoost,0.8152,0.7421,0.9122,0.7338,0.8184,0.6484,0.9075,0.8829,
Train1Val_ProteinGym,mean,bio_core_dna_prot_spliceai,nt_v2_500m,esmc_600m,Pure_XGBoost_Concat,0.8152,0.7421,0.9122,0.7338,0.8184,0.6484,0.9116,0.8899,
Train1Val_ProteinGym,mean,bio_dna_prot,nt_v3_650m,esm1b_650m,PyTorch_CrossAttn,0.8179,0.7525,0.8958,0.7525,0.8179,0.6483,0.9083,0.8811,
Train1Val_ProteinGym,center,bio_core_dna_prot_spliceai,nt_v2_500m,esm1v_650m,Pure_XGBoost_Concat,0.8145,0.7401,0.9152,0.73,0.8184,0.6482,0.9188,0.9042,
Train1Val_ProteinGym,mean,bio_core_dna_prot,nt_v1_500m,esm1v_650m,PyTorch_Concat,0.8207,0.7656,0.875,0.775,0.8167,0.6482,0.9044,0.8777,
Train1Val_ProteinGym,mean,bio_core_dna_prot_spliceai_geom,nt_v2_500m,esm1b_650m,Pure_XGBoost_Concat,0.8159,0.7448,0.9077,0.7388,0.8182,0.6482,0.9125,0.897,dna_LLR+dna_LVD_L2+dna_LVD_Cosine
Train1Val_ProteinGym,center,bio_core_dna_prot_spliceai,nt_v1_500m,esm1v_650m,Hybrid_Transformer_XGBoost,0.8159,0.7454,0.9062,0.74,0.818,0.6477,0.9169,0.9012,
Train1Val_ProteinGym,center,bio_core_dna_prot_spliceai,nt_v2_500m,esmc_600m,Pure_XGBoost_Concat,0.8145,0.7407,0.9137,0.7312,0.8181,0.6477,0.9189,0.9005,
Train1Val_ProteinGym,center,bio_core_dna_prot_spliceai,nt_v1_500m,esm1v_650m,Pure_XGBoost_Concat,0.8166,0.7481,0.9018,0.745,0.8178,0.6476,0.9196,0.9062,
Train1Val_ProteinGym,cls,bio_core_dna_prot_spliceai,nt_v2_500m,esm2_650m,PyTorch_Concat,0.824,0.7921,0.8333,0.8162,0.8122,0.6476,0.887,0.8565,
Train1Val_ProteinGym,center,bio_core_dna_prot_spliceai,nt_v1_500m,esm1b_650m,Hybrid_Transformer_XGBoost,0.8152,0.7433,0.9092,0.7362,0.8179,0.6475,0.911,0.8911,
Train1Val_ProteinGym,mean,dna_prot_spliceai,nt_v1_500m,esm1b_650m,Hybrid_Transformer_XGBoost,0.8254,0.8237,0.7857,0.8588,0.8043,0.6474,0.8956,0.8783,
Train1Val_ProteinGym,center,bio_core_dna_prot_spliceai,nt_v1_500m,esmc_600m,Hybrid_Concat_XGBoost,0.8159,0.746,0.9048,0.7412,0.8178,0.6473,0.9146,0.8976,
Train1Val_ProteinGym,mean,bio_core_dna_prot_spliceai_geom,nt_v2_500m,esm1b_650m,Pure_XGBoost_Concat,0.8159,0.746,0.9048,0.7412,0.8178,0.6473,0.9126,0.8982,dna_LLR+dna_LVD_Cosine+prot_LVD_L2+prot_LVD_Cosine
Train1Val_ProteinGym,center,bio_core_dna_prot_spliceai,nt_v3_650m,esmc_600m,Pure_XGBoost_Concat,0.8139,0.7392,0.9152,0.7288,0.8178,0.647,0.9181,0.9041,
Train1Val_ProteinGym,center,dna_prot_spliceai,nt_v1_500m,esmc_600m,Hybrid_Concat_XGBoost,0.8247,0.8427,0.7574,0.8812,0.7978,0.6468,0.8908,0.8863,
Train1Val_ProteinGym,center,bio_core_dna_prot_spliceai,nt_v1_500m,esmc_600m,Hybrid_Gating_XGBoost,0.8179,0.7551,0.8899,0.7575,0.8169,0.6468,0.9114,0.8944,
Train1Val_ProteinGym,cls,bio_core_dna_prot_spliceai,nt_v3_650m,esmc_600m,PyTorch_Gating,0.8227,0.7827,0.8467,0.8025,0.8134,0.6468,0.9024,0.8799,
Train1Val_ProteinGym,cls,bio_core_dna_prot_spliceai,nt_v3_650m,esm2_650m,PyTorch_Gating,0.8213,0.773,0.8616,0.7875,0.8149,0.6467,0.897,0.8726,
Train1Val_ProteinGym,mean,bio_core_dna_prot,nt_v2_500m,esm1v_650m,PyTorch_Transformer,0.8227,0.7842,0.8438,0.805,0.8129,0.6464,0.9071,0.8839,
Train1Val_ProteinGym,center,dna_prot,nt_v2_500m,esm1b_650m,Hybrid_Concat_XGBoost,0.8247,0.8317,0.7723,0.8688,0.8009,0.6462,0.8896,0.8785,
Train1Val_ProteinGym,center,dna_prot_spliceai,nt_v3_650m,esm1b_650m,Hybrid_CrossAttn_XGBoost,0.8247,0.8255,0.7812,0.8612,0.8028,0.6461,0.8996,0.8883,
Train1Val_ProteinGym,mean,bio_core_dna_prot_spliceai_geom,nt_v2_500m,esm1b_650m,Pure_XGBoost_Concat,0.8152,0.7451,0.9048,0.74,0.8172,0.6461,0.9135,0.8988,dna_LLR+prot_LVD_L2+prot_LVD_Cosine
Train1Val_ProteinGym,mean,bio_core_dna_prot_spliceai_geom,nt_v2_500m,esm1b_650m,Pure_XGBoost_Concat,0.8159,0.7478,0.9003,0.745,0.817,0.646,0.9162,0.8998,dna_LVD_Cosine+prot_LLR+prot_LVD_L2+prot_LVD_Cosine
Train1Val_ProteinGym,center,bio_core_dna_prot_spliceai,nt_v2_500m,esm1v_650m,Hybrid_CrossAttn_XGBoost,0.8132,0.7383,0.9152,0.7275,0.8173,0.6459,0.917,0.9039,
Train1Val_ProteinGym,center,bio_core_dna_prot_spliceai,nt_v1_500m,esm1b_650m,Hybrid_Gating_XGBoost,0.8125,0.7363,0.9182,0.7238,0.8172,0.6457,0.916,0.9007,
Train1Val_ProteinGym,center,bio_core_dna_prot,nt_v1_500m,esm1v_650m,Hybrid_Concat_XGBoost,0.8125,0.7363,0.9182,0.7238,0.8172,0.6457,0.9138,0.8967,
Train1Val_ProteinGym,cls,bio_core_dna_prot_spliceai,nt_v2_500m,esm1b_650m,Hybrid_Concat_XGBoost,0.8125,0.7363,0.9182,0.7238,0.8172,0.6457,0.9049,0.8708,
Train1Val_ProteinGym,cls,bio_dna_prot,nt_v3_650m,esm1b_650m,Hybrid_Gating_XGBoost,0.8139,0.7409,0.9107,0.7325,0.8171,0.6456,0.907,0.886,
Train1Val_ProteinGym,cls,bio_core_dna_prot_spliceai,nt_v1_500m,esm1v_650m,PyTorch_Gating,0.8213,0.7767,0.8542,0.7938,0.8136,0.6455,0.9042,0.8835,
Train1Val_ProteinGym,center,dna_prot,nt_v1_500m,esmc_600m,PyTorch_Concat,0.8227,0.865,0.7247,0.905,0.7887,0.6454,0.9013,0.8964,
Train1Val_ProteinGym,mean,bio_core_dna_prot_spliceai_geom,nt_v2_500m,esm1b_650m,Pure_XGBoost_Concat,0.8152,0.7463,0.9018,0.7425,0.8167,0.6453,0.9205,0.9068,dna_LVD_Cosine+prot_LLR+prot_LVD_L2
Train1Val_ProteinGym,center,bio_core_dna_prot_spliceai,nt_v1_500m,esm2_650m,PyTorch_Concat,0.8227,0.789,0.8348,0.8125,0.8113,0.6452,0.9028,0.8839,
Train1Val_ProteinGym,mean,bio_core_dna_prot_spliceai_geom,nt_v2_500m,esm1b_650m,Pure_XGBoost_Concat,0.8139,0.7415,0.9092,0.7338,0.8168,0.6452,0.9152,0.9004,dna_LLR+dna_LVD_L2+dna_LVD_Cosine+prot_LVD_L2+prot_LVD_Cosine
Train1Val_ProteinGym,cls,bio_dna_prot,nt_v3_650m,esm1b_650m,PyTorch_CrossAttn,0.8193,0.765,0.872,0.775,0.815,0.6451,0.9047,0.8704,
Train1Val_ProteinGym,center,dna_prot,nt_v3_650m,esmc_600m,PyTorch_Gating,0.822,0.87,0.7173,0.91,0.7863,0.6449,0.8997,0.8925,
Train1Val_ProteinGym,center,dna_prot,nt_v2_500m,esm1b_650m,Hybrid_Gating_XGBoost,0.824,0.8336,0.7679,0.8712,0.7994,0.6449,0.8928,0.8824,
Train1Val_ProteinGym,mean,bio_core_dna_prot_spliceai_geom,nt_v2_500m,esm1b_650m,Pure_XGBoost_Concat,0.8132,0.7394,0.9122,0.73,0.8168,0.6449,0.9119,0.8969,dna_LLR+dna_LVD_L2+prot_LVD_L2
Train1Val_ProteinGym,mean,bio_core_dna_prot_spliceai,nt_v2_500m,esm1v_650m,Hybrid_Transformer_XGBoost,0.8105,0.7309,0.9256,0.7138,0.8168,0.6448,0.9102,0.8887,
Train1Val_ProteinGym,center,dna_prot,nt_v3_650m,esm1b_650m,Hybrid_Concat_XGBoost,0.824,0.8283,0.7753,0.865,0.8009,0.6447,0.8963,0.8813,
Train1Val_ProteinGym,center,bio_core_prot_spliceai,,esm2_650m,Hybrid_Concat_XGBoost,0.8139,0.7421,0.9077,0.735,0.8166,0.6447,0.9075,0.8888,
Train1Val_ProteinGym,center,bio_core_dna_prot_spliceai,nt_v1_500m,esm1b_650m,Hybrid_Concat_XGBoost,0.8125,0.7374,0.9152,0.7262,0.8167,0.6447,0.9161,0.9031,
Train1Val_ProteinGym,mean,bio_core_dna_prot_spliceai,nt_v3_650m,esm1v_650m,PyTorch_Concat,0.822,0.7847,0.8408,0.8062,0.8118,0.6447,0.9053,0.8815,
Train1Val_ProteinGym,cls,bio_core_dna_prot_spliceai,nt_v3_650m,esm1v_650m,PyTorch_Concat,0.8186,0.7626,0.875,0.7712,0.815,0.6445,0.9018,0.8748,
Train1Val_ProteinGym,mean,bio_core_dna_prot_spliceai,nt_v1_500m,esm1v_650m,PyTorch_CrossAttn,0.8166,0.7531,0.8899,0.755,0.8158,0.6444,0.9014,0.8703,
Train1Val_ProteinGym,center,bio_core_dna_prot_spliceai,nt_v3_650m,esm1b_650m,Hybrid_Gating_XGBoost,0.8105,0.7314,0.9241,0.715,0.8166,0.6443,0.9165,0.9024,
Train1Val_ProteinGym,mean,bio_core_dna_prot_spliceai_geom,nt_v2_500m,esm1b_650m,Pure_XGBoost_Concat,0.8139,0.7427,0.9062,0.7362,0.8164,0.6443,0.9126,0.8951,dna_LLR+dna_LVD_L2
Train1Val_ProteinGym,mean,bio_core_dna_prot_spliceai_geom,nt_v2_500m,esm1b_650m,Pure_XGBoost_Concat,0.8139,0.7427,0.9062,0.7362,0.8164,0.6443,0.911,0.8919,dna_LVD_L2+dna_LVD_Cosine
Train1Val_ProteinGym,mean,bio_core_dna_prot_spliceai_geom,nt_v2_500m,esm1b_650m,Pure_XGBoost_Concat,0.8139,0.7427,0.9062,0.7362,0.8164,0.6443,0.9129,0.8974,dna_LLR+dna_LVD_L2+prot_LVD_Cosine
Train1Val_ProteinGym,mean,bio_core_dna_prot_spliceai_geom,nt_v2_500m,esm1b_650m,Pure_XGBoost_Concat,0.8139,0.7427,0.9062,0.7362,0.8164,0.6443,0.9143,0.896,dna_LVD_L2+dna_LVD_Cosine+prot_LVD_Cosine
Train1Val_ProteinGym,mean,bio_core_dna_prot_spliceai_geom,nt_v2_500m,esm1b_650m,Pure_XGBoost_Concat,0.8139,0.7427,0.9062,0.7362,0.8164,0.6443,0.9127,0.8956,dna_LVD_L2+prot_LVD_L2+prot_LVD_Cosine
Train1Val_ProteinGym,center,dna_prot,nt_v3_650m,esm1b_650m,PyTorch_CrossAttn,0.8227,0.8562,0.7351,0.8962,0.791,0.6442,0.9052,0.8908,
Train1Val_ProteinGym,cls,bio_core_dna_prot,nt_v2_500m,esm1v_650m,PyTorch_Gating,0.8207,0.7757,0.8542,0.7925,0.813,0.6442,0.8989,0.8712,
Train1Val_ProteinGym,mean,bio_core_dna_prot,nt_v3_650m,esm1v_650m,Hybrid_CrossAttn_XGBoost,0.8118,0.736,0.9167,0.7238,0.8164,0.6441,0.9065,0.8823,
Train1Val_ProteinGym,center,dna_prot,nt_v3_650m,esmc_600m,Hybrid_Concat_XGBoost,0.8234,0.8388,0.7589,0.8775,0.7969,0.6438,0.891,0.8813,
Train1Val_ProteinGym,center,bio_core_dna_prot_spliceai,nt_v2_500m,esm1b_650m,Hybrid_CrossAttn_XGBoost,0.8125,0.7386,0.9122,0.7288,0.8162,0.6438,0.9137,0.8999,
Train1Val_ProteinGym,cls,bio_core_dna_prot_spliceai,nt_v3_650m,esm1b_650m,Hybrid_Transformer_XGBoost,0.8125,0.7386,0.9122,0.7288,0.8162,0.6438,0.9095,0.8925,
Train1Val_ProteinGym,mean,bio_core_dna_prot_spliceai_geom,nt_v2_500m,esm1b_650m,Pure_XGBoost_Concat,0.8139,0.7433,0.9048,0.7375,0.8161,0.6438,0.9123,0.8956,prot_LVD_L2+prot_LVD_Cosine
Train1Val_ProteinGym,center,bio_core_dna_prot_spliceai,nt_v3_650m,esm2_650m,Hybrid_Transformer_XGBoost,0.8145,0.746,0.9003,0.7425,0.8159,0.6437,0.9062,0.8856,
Train1Val_ProteinGym,center,bio_core_dna_prot_spliceai,nt_v1_500m,esm2_650m,PyTorch_Transformer,0.8193,0.7685,0.8646,0.7812,0.8137,0.6436,0.8974,0.8709,
Train1Val_ProteinGym,cls,bio_core_dna_prot_spliceai,nt_v3_650m,esmc_600m,PyTorch_Concat,0.82,0.7732,0.8571,0.7887,0.813,0.6435,0.9,0.8733,
Train1Val_ProteinGym,mean,bio_core_dna_prot_spliceai,nt_v3_650m,esm1v_650m,PyTorch_Gating,0.82,0.7732,0.8571,0.7887,0.813,0.6435,0.9086,0.8832,
Train1Val_ProteinGym,mean,bio_core_dna_prot,nt_v1_500m,esm1v_650m,PyTorch_CrossAttn,0.82,0.7732,0.8571,0.7887,0.813,0.6435,0.9019,0.8797,
Train1Val_ProteinGym,center,bio_core_dna_prot,nt_v2_500m,esm1v_650m,Hybrid_Concat_XGBoost,0.8105,0.7325,0.9211,0.7175,0.8161,0.6433,0.9151,0.8964,
Train1Val_ProteinGym,cls,bio_core_dna_prot_spliceai,nt_v2_500m,esm1b_650m,Pure_XGBoost_Concat,0.8125,0.7391,0.9107,0.73,0.816,0.6433,0.9144,0.8922,
Train1Val_ProteinGym,mean,bio_core_dna_prot,nt_v2_500m,esm1v_650m,PyTorch_Concat,0.8193,0.7692,0.8631,0.7825,0.8135,0.6433,0.9022,0.8784,
Train1Val_ProteinGym,center,dna_prot_spliceai,nt_v1_500m,esmc_600m,PyTorch_Gating,0.8213,0.8671,0.7188,0.9075,0.786,0.6432,0.8983,0.8931,
Train1Val_ProteinGym,mean,bio_core_dna_prot_spliceai,nt_v3_650m,esm2_650m,PyTorch_Concat,0.8193,0.7699,0.8616,0.7837,0.8132,0.6431,0.9033,0.8813,
Train1Val_ProteinGym,mean,bio_core_dna_prot_spliceai_geom,nt_v2_500m,esm1b_650m,Pure_XGBoost_Concat,0.8132,0.7418,0.9062,0.735,0.8158,0.6431,0.9139,0.8953,dna_LLR+dna_LVD_Cosine+prot_LVD_L2
Train1Val_ProteinGym,center,bio_core_dna_prot_spliceai,nt_v1_500m,esmc_600m,Pure_XGBoost_Concat,0.8139,0.7445,0.9018,0.74,0.8156,0.643,0.9216,0.9047,
Train1Val_ProteinGym,cls,bio_core_prot_spliceai,,esm2_650m,PyTorch_Concat,0.822,0.7929,0.8259,0.8188,0.809,0.643,0.894,0.871,
Train1Val_ProteinGym,mean,bio_core_dna_prot_spliceai,nt_v3_650m,esmc_600m,Pure_XGBoost_Concat,0.8139,0.7445,0.9018,0.74,0.8156,0.643,0.9101,0.8878,
Train1Val_ProteinGym,mean,bio_core_dna_prot,nt_v1_500m,esm1v_650m,PyTorch_Transformer,0.82,0.7746,0.8542,0.7912,0.8125,0.643,0.9053,0.8828,
Train1Val_ProteinGym,center,bio_core_dna_prot,nt_v2_500m,esm1v_650m,Hybrid_Transformer_XGBoost,0.8125,0.7397,0.9092,0.7312,0.8158,0.6429,0.9173,0.903,
Train1Val_ProteinGym,mean,bio_core_dna_prot_spliceai,nt_v3_650m,esm1v_650m,PyTorch_Transformer,0.8207,0.7802,0.8452,0.8,0.8114,0.6428,0.9065,0.883,
Train1Val_ProteinGym,center,bio_core_dna_prot_spliceai,nt_v3_650m,esm1b_650m,Hybrid_Transformer_XGBoost,0.8118,0.7377,0.9122,0.7275,0.8157,0.6427,0.9134,0.8957,
Train1Val_ProteinGym,center,bio_core_dna_prot_spliceai,nt_v3_650m,esm1v_650m,Hybrid_Concat_XGBoost,0.8118,0.7377,0.9122,0.7275,0.8157,0.6427,0.9146,0.9006,
Train1Val_ProteinGym,center,bio_core_prot_spliceai,,esm1v_650m,Hybrid_Concat_XGBoost,0.8111,0.7356,0.9152,0.7238,0.8156,0.6425,0.9136,0.8988,
Train1Val_ProteinGym,cls,bio_core_dna_prot_spliceai,nt_v3_650m,esmc_600m,Pure_XGBoost_Concat,0.8145,0.7478,0.8958,0.7462,0.8152,0.6425,0.9076,0.8884,
Train1Val_ProteinGym,mean,bio_core_dna_prot_spliceai,nt_v3_650m,esm2_650m,Hybrid_Transformer_XGBoost,0.8145,0.7478,0.8958,0.7462,0.8152,0.6425,0.8994,0.8714,
Train1Val_ProteinGym,mean,bio_core_dna_prot,nt_v3_650m,esm1v_650m,Hybrid_Transformer_XGBoost,0.8111,0.7356,0.9152,0.7238,0.8156,0.6425,0.9039,0.8831,
Train1Val_ProteinGym,center,dna_prot,nt_v1_500m,esmc_600m,Hybrid_Concat_XGBoost,0.8227,0.8374,0.7589,0.8762,0.7963,0.6424,0.8966,0.8926,
Train1Val_ProteinGym,center,bio_dna_prot,nt_v3_650m,esmc_600m,Pure_XGBoost_Concat,0.8105,0.7337,0.9182,0.72,0.8156,0.6423,0.92,0.904,
Train1Val_ProteinGym,center,bio_core_dna_prot_spliceai,nt_v2_500m,esm1b_650m,Hybrid_Transformer_XGBoost,0.8105,0.7337,0.9182,0.72,0.8156,0.6423,0.9131,0.9003,
Train1Val_ProteinGym,center,bio_core_dna_prot_spliceai,nt_v2_500m,esm1v_650m,Hybrid_Concat_XGBoost,0.8105,0.7337,0.9182,0.72,0.8156,0.6423,0.9128,0.896,
Train1Val_ProteinGym,cls,bio_core_dna_prot_spliceai,nt_v2_500m,esm1v_650m,PyTorch_Concat,0.822,0.7971,0.8185,0.825,0.8076,0.6423,0.9004,0.8735,
Train1Val_ProteinGym,mean,bio_dna_prot,nt_v3_650m,esm1b_650m,Hybrid_Transformer_XGBoost,0.8132,0.743,0.9033,0.7375,0.8153,0.6422,0.9158,0.8994,
Train1Val_ProteinGym,center,dna_prot_spliceai,nt_v1_500m,esmc_600m,PyTorch_Transformer,0.82,0.8762,0.7054,0.9162,0.7815,0.6422,0.9005,0.8949,
Train1Val_ProteinGym,cls,bio_core_dna_prot,nt_v2_500m,esm1v_650m,PyTorch_CrossAttn,0.8159,0.7541,0.8854,0.7575,0.8145,0.6421,0.8965,0.8658,
Train1Val_ProteinGym,center,dna_prot,nt_v3_650m,esmc_600m,PyTorch_Concat,0.8213,0.8594,0.7277,0.9,0.7881,0.642,0.8974,0.8907,
Train1Val_ProteinGym,mean,dna_prot,nt_v1_500m,esm1b_650m,Hybrid_Gating_XGBoost,0.8227,0.8267,0.7738,0.8638,0.7994,0.642,0.8917,0.881,
Train1Val_ProteinGym,cls,bio_core_dna_prot,nt_v2_500m,esm1v_650m,Hybrid_Transformer_XGBoost,0.8111,0.7362,0.9137,0.725,0.8154,0.642,0.8992,0.8707,
Train1Val_ProteinGym,mean,bio_core_dna_prot_spliceai,nt_v2_500m,esm1b_650m,Hybrid_CrossAttn_XGBoost,0.8111,0.7362,0.9137,0.725,0.8154,0.642,0.9094,0.8834,
Train1Val_ProteinGym,cls,bio_prot,,esm1b_650m,PyTorch_Concat,0.8159,0.7548,0.8839,0.7588,0.8143,0.6418,0.9035,0.8639,
Train1Val_ProteinGym,center,bio_core_dna_prot_spliceai,nt_v2_500m,esm1v_650m,Hybrid_Transformer_XGBoost,0.8132,0.7436,0.9018,0.7388,0.8151,0.6418,0.9139,0.8986,
Train1Val_ProteinGym,cls,bio_prot,,esm1b_650m,PyTorch_Concat,0.8159,0.7548,0.8839,0.7588,0.8143,0.6418,0.9035,0.8639,
Train1Val_ProteinGym,mean,bio_core_dna_prot_spliceai,nt_v2_500m,esm1v_650m,PyTorch_CrossAttn,0.82,0.7784,0.8467,0.7975,0.8111,0.6418,0.9033,0.8802,
Train1Val_ProteinGym,center,dna_prot,nt_v1_500m,esmc_600m,PyTorch_Transformer,0.822,0.8451,0.747,0.885,0.793,0.6417,0.8953,0.8886,
Train1Val_ProteinGym,mean,bio_core_dna_prot_spliceai,nt_v1_500m,esm1b_650m,Hybrid_Concat_XGBoost,0.8118,0.7388,0.9092,0.73,0.8152,0.6417,0.9114,0.8893,
Train1Val_ProteinGym,center,bio_core_dna_prot_spliceai,nt_v1_500m,esm2_650m,PyTorch_Gating,0.82,0.7791,0.8452,0.7988,0.8108,0.6416,0.9052,0.8881,
Train1Val_ProteinGym,cls,bio_core_dna_prot_spliceai,nt_v3_650m,esm2_650m,PyTorch_CrossAttn,0.8186,0.7696,0.8601,0.7837,0.8124,0.6416,0.889,0.8578,
Train1Val_ProteinGym,mean,bio_core_dna_prot_spliceai,nt_v1_500m,esmc_600m,Pure_XGBoost_Concat,0.8132,0.7442,0.9003,0.74,0.8148,0.6414,0.9092,0.8868,
Train1Val_ProteinGym,cls,bio_dna_prot,nt_v3_650m,esm1b_650m,Pure_XGBoost_Concat,0.8105,0.7348,0.9152,0.7225,0.8151,0.6413,0.9162,0.8956,
Train1Val_ProteinGym,mean,bio_core_dna_prot_spliceai,nt_v2_500m,esm2_650m,Hybrid_Transformer_XGBoost,0.8118,0.7394,0.9077,0.7312,0.815,0.6413,0.9014,0.8764,
Train1Val_ProteinGym,mean,bio_core_dna_prot_spliceai_geom,nt_v2_500m,esm1b_650m,Pure_XGBoost_Concat,0.8118,0.7394,0.9077,0.7312,0.815,0.6413,0.912,0.8912,dna_LLR+dna_LVD_L2+dna_LVD_Cosine+prot_LVD_Cosine
Train1Val_ProteinGym,cls,bio_core_dna_prot_spliceai,nt_v3_650m,esm2_650m,PyTorch_Transformer,0.8179,0.7665,0.8646,0.7788,0.8126,0.6412,0.8888,0.8619,
Train1Val_ProteinGym,center,bio_core_dna_prot_spliceai,nt_v1_500m,esm2_650m,Hybrid_CrossAttn_XGBoost,0.8111,0.7373,0.9107,0.7275,0.8149,0.641,0.9064,0.885,
Train1Val_ProteinGym,center,bio_core_dna_prot,nt_v3_650m,esm1v_650m,Hybrid_Concat_XGBoost,0.8111,0.7373,0.9107,0.7275,0.8149,0.641,0.918,0.9051,
Train1Val_ProteinGym,center,dna_prot,nt_v2_500m,esmc_600m,Hybrid_Gating_XGBoost,0.822,0.835,0.7604,0.8738,0.796,0.6409,0.8908,0.8857,
Train1Val_ProteinGym,center,bio_core_dna_prot_spliceai,nt_v2_500m,esm2_650m,Hybrid_Concat_XGBoost,0.8118,0.74,0.9062,0.7325,0.8147,0.6408,0.9042,0.8833,
Train1Val_ProteinGym,cls,bio_prot,,esm1b_650m,Hybrid_Concat_XGBoost,0.8098,0.7333,0.9167,0.72,0.8148,0.6407,0.9112,0.89,
Train1Val_ProteinGym,center,bio_core_dna_prot,nt_v2_500m,esm1v_650m,Hybrid_CrossAttn_XGBoost,0.8098,0.7333,0.9167,0.72,0.8148,0.6407,0.919,0.9045,
Train1Val_ProteinGym,cls,bio_prot,,esm1b_650m,Hybrid_Concat_XGBoost,0.8098,0.7333,0.9167,0.72,0.8148,0.6407,0.9112,0.89,
Train1Val_ProteinGym,mean,bio_core_dna_prot_spliceai_geom,nt_v2_500m,esm1b_650m,Pure_XGBoost_Concat,0.8098,0.7333,0.9167,0.72,0.8148,0.6407,0.912,0.8936,dna_LVD_Cosine+prot_LVD_L2+prot_LVD_Cosine
Train1Val_ProteinGym,center,dna_prot,nt_v2_500m,esmc_600m,Hybrid_Transformer_XGBoost,0.822,0.8223,0.7783,0.8588,0.7997,0.6406,0.8954,0.8881,
Train1Val_ProteinGym,center,dna_prot_spliceai,nt_v1_500m,esm1b_650m,Hybrid_Transformer_XGBoost,0.822,0.8233,0.7768,0.86,0.7994,0.6406,0.8878,0.8815,
Train1Val_ProteinGym,center,dna_prot_spliceai,nt_v3_650m,esmc_600m,PyTorch_Concat,0.82,0.8667,0.7158,0.9075,0.784,0.6406,0.8974,0.8862,
Train1Val_ProteinGym,center,bio_core_dna_prot_spliceai,nt_v2_500m,esm2_650m,Hybrid_Gating_XGBoost,0.8111,0.7379,0.9092,0.7288,0.8147,0.6406,0.9019,0.8792,
Train1Val_ProteinGym,mean,bio_core_dna_prot_spliceai,nt_v1_500m,esm1b_650m,Hybrid_CrossAttn_XGBoost,0.8105,0.7359,0.9122,0.725,0.8146,0.6404,0.9085,0.8871,
Train1Val_ProteinGym,mean,bio_core_dna_prot_spliceai,nt_v2_500m,esm1b_650m,Pure_XGBoost_Concat,0.8111,0.7385,0.9077,0.73,0.8144,0.6401,0.9123,0.8941,
Train1Val_ProteinGym,mean,bio_core_dna_prot,nt_v3_650m,esm1v_650m,PyTorch_Concat,0.8186,0.774,0.8512,0.7912,0.8108,0.64,0.9078,0.8881,
Train1Val_ProteinGym,center,dna_prot_spliceai,nt_v3_650m,esm1b_650m,PyTorch_CrossAttn,0.8207,0.8529,0.7336,0.8938,0.7888,0.6399,0.8993,0.8845,
Train1Val_ProteinGym,cls,bio_core_dna_prot_spliceai,nt_v2_500m,esm1b_650m,Hybrid_Transformer_XGBoost,0.8084,0.73,0.9211,0.7138,0.8145,0.6399,0.9047,0.8746,
Train1Val_ProteinGym,mean,bio_core_dna_prot_spliceai,nt_v3_650m,esm1b_650m,Hybrid_CrossAttn_XGBoost,0.8105,0.7365,0.9107,0.7262,0.8144,0.6399,0.9116,0.8929,
Train1Val_ProteinGym,mean,bio_core_dna_prot_spliceai_geom,nt_v2_500m,esm1b_650m,Pure_XGBoost_Concat,0.8118,0.7411,0.9033,0.735,0.8142,0.6399,0.9127,0.8956,dna_LLR+dna_LVD_L2+dna_LVD_Cosine+prot_LVD_L2
Train1Val_ProteinGym,mean,bio_core_dna_prot_spliceai,nt_v3_650m,esm1v_650m,PyTorch_CrossAttn,0.8179,0.7701,0.8571,0.785,0.8113,0.6398,0.904,0.8784,
Train1Val_ProteinGym,center,bio_core_dna_prot_spliceai,nt_v3_650m,esm1v_650m,Pure_XGBoost_Concat,0.8098,0.7344,0.9137,0.7225,0.8143,0.6397,0.9204,0.906,
Train1Val_ProteinGym,cls,bio_prot,,esm1b_650m,Pure_XGBoost_Concat,0.8091,0.7325,0.9167,0.7188,0.8143,0.6396,0.9174,0.8984,
Train1Val_ProteinGym,center,dna_prot_spliceai,nt_v2_500m,esmc_600m,Hybrid_Concat_XGBoost,0.8213,0.8358,0.7574,0.875,0.7947,0.6396,0.8946,0.884,
Train1Val_ProteinGym,cls,bio_prot,,esm1b_650m,Pure_XGBoost_Concat,0.8091,0.7325,0.9167,0.7188,0.8143,0.6396,0.9174,0.8984,
Train1Val_ProteinGym,mean,bio_dna_prot,nt_v3_650m,esm1b_650m,Hybrid_CrossAttn_XGBoost,0.8105,0.737,0.9092,0.7275,0.8141,0.6394,0.9141,0.898,
Train1Val_ProteinGym,center,dna_prot_spliceai,nt_v3_650m,esm1b_650m,PyTorch_Gating,0.8207,0.8481,0.7396,0.8888,0.7901,0.6394,0.9,0.8923,
Train1Val_ProteinGym,center,dna_prot_spliceai,nt_v3_650m,esmc_600m,Hybrid_Gating_XGBoost,0.8213,0.8304,0.7649,0.8688,0.7963,0.6394,0.8936,0.8859,
Train1Val_ProteinGym,mean,dna_prot,nt_v1_500m,esm1b_650m,Hybrid_Transformer_XGBoost,0.8213,0.8272,0.7693,0.865,0.7972,0.6393,0.8908,0.8787,
Train1Val_ProteinGym,cls,bio_core_dna_prot_spliceai,nt_v3_650m,esm1v_650m,PyTorch_Transformer,0.82,0.7887,0.8274,0.8138,0.8076,0.6393,0.898,0.8748,
Train1Val_ProteinGym,center,dna_prot,nt_v3_650m,esm1b_650m,Hybrid_Transformer_XGBoost,0.8213,0.8241,0.7738,0.8612,0.7982,0.6392,0.8919,0.8795,
Train1Val_ProteinGym,center,dna_prot,nt_v2_500m,esm1b_650m,Hybrid_Transformer_XGBoost,0.8213,0.822,0.7768,0.8588,0.7988,0.6392,0.8907,0.8831,
Train1Val_ProteinGym,mean,bio_core_prot_spliceai,,esmc_600m,Hybrid_Concat_XGBoost,0.8098,0.735,0.9122,0.7238,0.8141,0.6392,0.9053,0.8868,
Train1Val_ProteinGym,mean,bio_core_dna_prot_spliceai_geom,nt_v2_500m,esm1b_650m,Pure_XGBoost_Concat,0.8111,0.7397,0.9048,0.7325,0.8139,0.6392,0.9131,0.8966,dna_LVD_L2
Train1Val_ProteinGym,center,prot_spliceai,,esmc_600m,PyTorch_Concat,0.8193,0.8651,0.7158,0.9062,0.7834,0.6391,0.8957,0.8896,
Train1Val_ProteinGym,center,dna_prot_spliceai,nt_v2_500m,esmc_600m,PyTorch_Concat,0.8193,0.8651,0.7158,0.9062,0.7834,0.6391,0.8993,0.893,
Train1Val_ProteinGym,mean,bio_core_dna_prot_spliceai,nt_v2_500m,esm1b_650m,Hybrid_Transformer_XGBoost,0.8105,0.7376,0.9077,0.7288,0.8139,0.639,0.9152,0.8989,
Train1Val_ProteinGym,mean,bio_core_dna_prot_spliceai,nt_v2_500m,esmc_600m,PyTorch_Gating,0.8139,0.7506,0.8869,0.7525,0.8131,0.639,0.9044,0.8821,
Train1Val_ProteinGym,center,dna_prot,nt_v1_500m,esm1b_650m,PyTorch_CrossAttn,0.8193,0.8638,0.7173,0.905,0.7837,0.6389,0.8904,0.8827,
Train1Val_ProteinGym,center,dna_prot_spliceai,nt_v3_650m,esmc_600m,Pure_XGBoost_Concat,0.8207,0.8434,0.7455,0.8838,0.7915,0.6389,0.8902,0.8809,
Train1Val_ProteinGym,cls,bio_dna_prot,nt_v3_650m,esm1b_650m,Hybrid_Concat_XGBoost,0.8111,0.7402,0.9033,0.7338,0.8137,0.6388,0.909,0.8869,
Train1Val_ProteinGym,center,bio_core_dna_prot,nt_v1_500m,esm1v_650m,Hybrid_CrossAttn_XGBoost,0.8098,0.7356,0.9107,0.725,0.8138,0.6388,0.9161,0.9015,
Train1Val_ProteinGym,mean,bio_core_dna_prot_spliceai_geom,nt_v2_500m,esm1b_650m,Pure_XGBoost_Concat,0.8098,0.7356,0.9107,0.725,0.8138,0.6388,0.9113,0.8914,dna_LVD_Cosine+prot_LVD_L2
Train1Val_ProteinGym,center,prot_spliceai,,esmc_600m,Pure_XGBoost_Concat,0.8207,0.8411,0.7485,0.8812,0.7921,0.6387,0.8882,0.8813,
Train1Val_ProteinGym,center,bio_core_dna_prot_spliceai,nt_v1_500m,esm1v_650m,Hybrid_Gating_XGBoost,0.8105,0.7382,0.9062,0.73,0.8136,0.6385,0.9105,0.8883,
Train1Val_ProteinGym,center,bio_core_dna_prot_spliceai,nt_v2_500m,esm1b_650m,Hybrid_Gating_XGBoost,0.8105,0.7382,0.9062,0.73,0.8136,0.6385,0.9102,0.8937,
Train1Val_ProteinGym,mean,bio_core_dna_prot_spliceai_geom,nt_v2_500m,esm1b_650m,Pure_XGBoost_Concat,0.8105,0.7382,0.9062,0.73,0.8136,0.6385,0.9122,0.899,prot_LVD_Cosine
Train1Val_ProteinGym,mean,bio_core_dna_prot_spliceai,nt_v1_500m,esm1v_650m,Hybrid_CrossAttn_XGBoost,0.8084,0.7316,0.9167,0.7175,0.8137,0.6384,0.9019,0.875,
Train1Val_ProteinGym,center,bio_core_dna_prot_spliceai,nt_v3_650m,esm2_650m,PyTorch_Concat,0.8173,0.7697,0.8557,0.785,0.8104,0.6383,0.9012,0.8779,
Train1Val_ProteinGym,mean,dna_prot_spliceai,nt_v1_500m,esm1b_650m,Hybrid_CrossAttn_XGBoost,0.8207,0.8333,0.7589,0.8725,0.7944,0.6382,0.8958,0.8843,
Train1Val_ProteinGym,mean,bio_core_dna_prot_spliceai,nt_v3_650m,esm1b_650m,Hybrid_Gating_XGBoost,0.8118,0.7435,0.8973,0.74,0.8132,0.6382,0.91,0.8877,
Train1Val_ProteinGym,cls,bio_core_dna_prot_spliceai,nt_v2_500m,esm1v_650m,PyTorch_Gating,0.8179,0.7752,0.8467,0.7938,0.8094,0.6381,0.8972,0.8726,
Train1Val_ProteinGym,cls,bio_core_prot_spliceai,,esm1v_650m,PyTorch_Concat,0.8173,0.7705,0.8542,0.7862,0.8102,0.638,0.897,0.8665,
Train1Val_ProteinGym,center,dna_prot,nt_v3_650m,esmc_600m,Hybrid_CrossAttn_XGBoost,0.8207,0.8158,0.7842,0.8512,0.7997,0.6379,0.8917,0.8873,
Train1Val_ProteinGym,center,dna_prot_spliceai,nt_v3_650m,esmc_600m,Hybrid_Transformer_XGBoost,0.8207,0.8158,0.7842,0.8512,0.7997,0.6379,0.8957,0.8816,
Train1Val_ProteinGym,cls,bio_core_dna_prot_spliceai,nt_v3_650m,esm1v_650m,PyTorch_Gating,0.8166,0.7666,0.8601,0.78,0.8107,0.6379,0.8969,0.8714,
Train1Val_ProteinGym,center,dna_prot_spliceai,nt_v3_650m,esmc_600m,PyTorch_Transformer,0.8186,0.8649,0.7143,0.9062,0.7824,0.6378,0.8979,0.893,
Train1Val_ProteinGym,center,dna_prot_spliceai,nt_v2_500m,esmc_600m,PyTorch_Gating,0.8186,0.8649,0.7143,0.9062,0.7824,0.6378,0.8981,0.8905,
Train1Val_ProteinGym,mean,bio_core_dna_prot_spliceai,nt_v2_500m,esm2_650m,PyTorch_Concat,0.8159,0.7628,0.8661,0.7738,0.8111,0.6378,0.904,0.8829,
Train1Val_ProteinGym,mean,bio_core_dna_prot_spliceai_geom,nt_v2_500m,esm1b_650m,Pure_XGBoost_Concat,0.8098,0.7367,0.9077,0.7275,0.8133,0.6378,0.9113,0.8936,dna_LLR+dna_LVD_Cosine
Train1Val_ProteinGym,center,bio_core_dna_prot_spliceai,nt_v1_500m,esm1b_650m,Hybrid_CrossAttn_XGBoost,0.8091,0.7347,0.9107,0.7238,0.8133,0.6376,0.9141,0.8935,
Train1Val_ProteinGym,center,bio_core_dna_prot_spliceai,nt_v2_500m,esm2_650m,Hybrid_CrossAttn_XGBoost,0.8091,0.7347,0.9107,0.7238,0.8133,0.6376,0.9026,0.8793,
Train1Val_ProteinGym,center,bio_core_dna_prot,nt_v3_650m,esm1v_650m,Pure_XGBoost_Concat,0.8105,0.7393,0.9033,0.7325,0.8131,0.6376,0.9201,0.9077,
Train1Val_ProteinGym,mean,bio_core_dna_prot,nt_v3_650m,esm1v_650m,Pure_XGBoost_Concat,0.8091,0.7347,0.9107,0.7238,0.8133,0.6376,0.9079,0.8832,
Train1Val_ProteinGym,center,bio_core_dna_prot_spliceai,nt_v2_500m,esm1b_650m,PyTorch_CrossAttn,0.8152,0.7597,0.8705,0.7688,0.8114,0.6375,0.9057,0.888,
Train1Val_ProteinGym,mean,bio_core_dna_prot_spliceai,nt_v1_500m,esmc_600m,PyTorch_CrossAttn,0.8159,0.7635,0.8646,0.775,0.8109,0.6375,0.8966,0.8684,
Train1Val_ProteinGym,center,bio_core_dna_prot,nt_v1_500m,esm1v_650m,Hybrid_Transformer_XGBoost,0.8098,0.7373,0.9062,0.7288,0.8131,0.6374,0.9155,0.9021,
Train1Val_ProteinGym,cls,bio_core_dna_prot,nt_v3_650m,esm1v_650m,PyTorch_Transformer,0.8186,0.784,0.8318,0.8075,0.8072,0.6372,0.8991,0.8673,
Train1Val_ProteinGym,mean,bio_core_dna_prot_spliceai,nt_v1_500m,esm1v_650m,PyTorch_Concat,0.8166,0.7687,0.8557,0.7837,0.8099,0.6371,0.9042,0.8811,
Train1Val_ProteinGym,center,dna_prot_spliceai,nt_v1_500m,esmc_600m,Pure_XGBoost_Concat,0.8193,0.85,0.7336,0.8912,0.7875,0.637,0.8914,0.8831,
Train1Val_ProteinGym,center,bio_core_dna_prot_spliceai,nt_v2_500m,esm2_650m,PyTorch_Concat,0.8173,0.7734,0.8482,0.7912,0.8091,0.637,0.9014,0.8772,
Train1Val_ProteinGym,cls,bio_core_dna_prot_spliceai,nt_v3_650m,esmc_600m,PyTorch_CrossAttn,0.8145,0.7574,0.8735,0.765,0.8113,0.637,0.901,0.8751,
Train1Val_ProteinGym,center,prot,,esmc_600m,Hybrid_Concat_XGBoost,0.82,0.8353,0.7545,0.875,0.7928,0.6369,0.8941,0.8831,
Train1Val_ProteinGym,center,prot,,esmc_600m,Hybrid_Concat_XGBoost,0.82,0.8353,0.7545,0.875,0.7928,0.6369,0.8941,0.8831,
Train1Val_ProteinGym,center,prot,,esmc_600m,Hybrid_Concat_XGBoost,0.82,0.8353,0.7545,0.875,0.7928,0.6369,0.8941,0.8831,
Train1Val_ProteinGym,center,prot,,esmc_600m,Hybrid_Concat_XGBoost,0.82,0.8353,0.7545,0.875,0.7928,0.6369,0.8941,0.8831,
Train1Val_ProteinGym,center,prot,,esmc_600m,Hybrid_Concat_XGBoost,0.82,0.8353,0.7545,0.875,0.7928,0.6369,0.8941,0.8831,
Train1Val_ProteinGym,mean,bio_core_dna_prot_spliceai,nt_v2_500m,esm1v_650m,PyTorch_Concat,0.8152,0.7611,0.8676,0.7712,0.8108,0.6369,0.8948,0.8693,
Train1Val_ProteinGym,cls,bio_core_dna_prot_spliceai,nt_v3_650m,esm1v_650m,PyTorch_CrossAttn,0.8139,0.7545,0.878,0.76,0.8116,0.6368,0.8967,0.869,
Train1Val_ProteinGym,center,dna_prot,nt_v1_500m,esmc_600m,Hybrid_Transformer_XGBoost,0.82,0.8235,0.7708,0.8612,0.7963,0.6365,0.893,0.8871,
Train1Val_ProteinGym,center,dna_prot_spliceai,nt_v2_500m,esm1b_650m,Hybrid_Concat_XGBoost,0.82,0.8256,0.7679,0.8638,0.7957,0.6365,0.8966,0.8859,
Train1Val_ProteinGym,center,dna_prot,nt_v2_500m,esm1b_650m,Hybrid_CrossAttn_XGBoost,0.82,0.8195,0.7768,0.8562,0.7976,0.6364,0.8956,0.8896,
Train1Val_ProteinGym,center,dna_prot_spliceai,nt_v2_500m,esmc_600m,Hybrid_Transformer_XGBoost,0.82,0.8205,0.7753,0.8575,0.7972,0.6364,0.8939,0.889,
Train1Val_ProteinGym,center,bio_core_dna_prot_spliceai,nt_v1_500m,esm2_650m,Hybrid_Concat_XGBoost,0.8105,0.7411,0.8988,0.7362,0.8124,0.6363,0.8998,0.8764,
Train1Val_ProteinGym,cls,bio_core_dna_prot_spliceai,nt_v2_500m,esm1v_650m,PyTorch_Transformer,0.8179,0.7813,0.8348,0.8038,0.8072,0.6363,0.8936,0.8633,
Train1Val_ProteinGym,cls,bio_core_dna_prot,nt_v3_650m,esm1v_650m,PyTorch_CrossAttn,0.8152,0.7625,0.8646,0.7738,0.8103,0.6363,0.8938,0.8613,
Train1Val_ProteinGym,cls,bio_core_dna_prot,nt_v2_500m,esm1v_650m,PyTorch_Concat,0.8145,0.7588,0.8705,0.7675,0.8108,0.6363,0.8963,0.8698,
Train1Val_ProteinGym,center,bio_core_dna_prot_spliceai,nt_v3_650m,esm2_650m,Hybrid_Concat_XGBoost,0.8091,0.7364,0.9062,0.7275,0.8125,0.6362,0.9042,0.8837,
Train1Val_ProteinGym,center,bio_core_dna_prot,nt_v2_500m,esm1v_650m,Hybrid_Gating_XGBoost,0.8071,0.7299,0.9167,0.715,0.8127,0.6362,0.9161,0.9035,
Train1Val_ProteinGym,center,dna_prot,nt_v3_650m,esmc_600m,PyTorch_CrossAttn,0.8173,0.8697,0.7054,0.9112,0.779,0.6361,0.899,0.8899,
Train1Val_ProteinGym,cls,bio_core_dna_prot_spliceai,nt_v1_500m,esm1v_650m,PyTorch_Concat,0.8173,0.7764,0.8423,0.7962,0.808,0.6361,0.8974,0.8717,
Train1Val_ProteinGym,center,bio_core_dna_prot,nt_v1_500m,esm1v_650m,Pure_XGBoost_Concat,0.8084,0.7344,0.9092,0.7238,0.8125,0.636,0.9218,0.9121,
Train1Val_ProteinGym,center,bio_core_dna_prot,nt_v1_500m,esm1v_650m,Hybrid_Gating_XGBoost,0.8084,0.7344,0.9092,0.7238,0.8125,0.636,0.9119,0.8945,
Train1Val_ProteinGym,cls,bio_core_dna_prot_spliceai,nt_v1_500m,esm1b_650m,Hybrid_Transformer_XGBoost,0.805,0.7241,0.9256,0.7038,0.8125,0.6359,0.9072,0.8757,
Train1Val_ProteinGym,cls,bio_core_dna_prot,nt_v3_650m,esm1v_650m,PyTorch_Concat,0.8186,0.7905,0.8199,0.8175,0.805,0.6359,0.8918,0.8657,
Train1Val_ProteinGym,center,prot_spliceai,,esmc_600m,Hybrid_Concat_XGBoost,0.8193,0.8372,0.75,0.8775,0.7912,0.6357,0.8937,0.8827,
Train1Val_ProteinGym,cls,bio_core_dna_prot_spliceai,nt_v2_500m,esm2_650m,PyTorch_CrossAttn,0.8152,0.7639,0.8616,0.7762,0.8098,0.6357,0.8934,0.8648,
Train1Val_ProteinGym,mean,bio_core_dna_prot,nt_v2_500m,esm1v_650m,PyTorch_CrossAttn,0.8152,0.7639,0.8616,0.7762,0.8098,0.6357,0.9067,0.8826,
Train1Val_ProteinGym,mean,bio_core_dna_prot_spliceai,nt_v1_500m,esm1v_650m,PyTorch_Gating,0.8159,0.7684,0.8542,0.7837,0.809,0.6356,0.9038,0.8785,
Train1Val_ProteinGym,cls,bio_core_prot_spliceai,,esmc_600m,Pure_XGBoost_Concat,0.8105,0.7423,0.8958,0.7388,0.8119,0.6355,0.9108,0.8893,
Train1Val_ProteinGym,center,dna_prot,nt_v2_500m,esm1b_650m,PyTorch_Transformer,0.8186,0.8473,0.7351,0.8888,0.7873,0.6354,0.9004,0.8901,
Train1Val_ProteinGym,center,dna_prot_spliceai,nt_v2_500m,esm1b_650m,Hybrid_Gating_XGBoost,0.8193,0.8295,0.7604,0.8688,0.7935,0.6353,0.8906,0.8784,
Train1Val_ProteinGym,cls,bio_core_dna_prot_spliceai,nt_v3_650m,esm1b_650m,Hybrid_CrossAttn_XGBoost,0.8077,0.7329,0.9107,0.7212,0.8122,0.6353,0.9043,0.871,
Train1Val_ProteinGym,center,dna_prot_spliceai,nt_v2_500m,esmc_600m,PyTorch_Transformer,0.8173,0.8644,0.7113,0.9062,0.7804,0.6352,0.897,0.8894,
Train1Val_ProteinGym,center,dna_prot_spliceai,nt_v1_500m,esm1b_650m,Hybrid_CrossAttn_XGBoost,0.8193,0.8222,0.7708,0.86,0.7957,0.6351,0.8924,0.8837,
Train1Val_ProteinGym,mean,dna_prot_spliceai,nt_v3_650m,esm1b_650m,Hybrid_Transformer_XGBoost,0.8193,0.8162,0.7798,0.8525,0.7976,0.6351,0.9003,0.8878,
Train1Val_ProteinGym,mean,bio_core_dna_prot_spliceai_geom,nt_v2_500m,esm1b_650m,Pure_XGBoost_Concat,0.8084,0.7355,0.9062,0.7262,0.812,0.6351,0.9105,0.8928,dna_LLR
Train1Val_ProteinGym,mean,dna_prot,nt_v3_650m,esm1b_650m,Hybrid_CrossAttn_XGBoost,0.8193,0.8192,0.7753,0.8562,0.7966,0.635,0.8973,0.8835,
Train1Val_ProteinGym,mean,bio_dna_prot,nt_v3_650m,esm1b_650m,Hybrid_Concat_XGBoost,0.8077,0.7335,0.9092,0.7225,0.812,0.6349,0.9133,0.8993,
Train1Val_ProteinGym,center,dna_prot_spliceai,nt_v3_650m,esmc_600m,PyTorch_CrossAttn,0.8166,0.8695,0.7039,0.9112,0.778,0.6348,0.8981,0.8881,
Train1Val_ProteinGym,center,bio_core_dna_prot_spliceai,nt_v1_500m,esm2_650m,PyTorch_CrossAttn,0.8179,0.7902,0.8185,0.8175,0.8041,0.6345,0.9015,0.8794,
Train1Val_ProteinGym,mean,bio_core_dna_prot_spliceai_geom,nt_v2_500m,esm1b_650m,Pure_XGBoost_Concat,0.8064,0.7295,0.9152,0.715,0.8119,0.6345,0.9134,0.8959,dna_LLR+prot_LVD_L2
Train1Val_ProteinGym,mean,bio_core_prot_spliceai,,esm2_650m,Pure_XGBoost_Concat,0.8077,0.7341,0.9077,0.7238,0.8117,0.6344,0.91,0.8921,
Train1Val_ProteinGym,mean,bio_core_dna_prot_spliceai,nt_v1_500m,esm2_650m,Pure_XGBoost_Concat,0.8091,0.7387,0.9003,0.7325,0.8115,0.6344,0.906,0.8856,
Train1Val_ProteinGym,mean,bio_core_dna_prot_spliceai,nt_v2_500m,esm1b_650m,Hybrid_Concat_XGBoost,0.8077,0.7341,0.9077,0.7238,0.8117,0.6344,0.9108,0.8917,
Train1Val_ProteinGym,center,dna_prot_spliceai,nt_v3_650m,esm1b_650m,PyTorch_Concat,0.8173,0.8579,0.7188,0.9,0.7822,0.6342,0.8949,0.8824,
Train1Val_ProteinGym,center,dna_prot_spliceai,nt_v1_500m,esmc_600m,Hybrid_Gating_XGBoost,0.8186,0.8325,0.7545,0.8725,0.7916,0.6341,0.8954,0.8911,
Train1Val_ProteinGym,center,dna_prot_spliceai,nt_v1_500m,esm1b_650m,Hybrid_Gating_XGBoost,0.8186,0.8303,0.7574,0.87,0.7922,0.634,0.8901,0.883,
Train1Val_ProteinGym,cls,bio_core_dna_prot_spliceai,nt_v1_500m,esm2_650m,PyTorch_Gating,0.8166,0.7784,0.8363,0.8,0.8063,0.634,0.8916,0.866,
Train1Val_ProteinGym,mean,bio_core_dna_prot_spliceai,nt_v2_500m,esm2_650m,PyTorch_CrossAttn,0.8166,0.7784,0.8363,0.8,0.8063,0.634,0.8948,0.8636,
Train1Val_ProteinGym,center,dna_prot,nt_v2_500m,esmc_600m,PyTorch_Concat,0.8166,0.8641,0.7098,0.9062,0.7794,0.6339,0.8981,0.8934,
Train1Val_ProteinGym,mean,dna_prot,nt_v3_650m,esm1b_650m,Hybrid_Concat_XGBoost,0.8186,0.8293,0.7589,0.8688,0.7925,0.6339,0.8955,0.8831,
Train1Val_ProteinGym,center,dna_prot_spliceai,nt_v2_500m,esmc_600m,PyTorch_CrossAttn,0.8179,0.8459,0.7351,0.8875,0.7866,0.6339,0.8906,0.8801,
Train1Val_ProteinGym,cls,bio_core_prot_spliceai,,esm1b_650m,Hybrid_Concat_XGBoost,0.8077,0.7346,0.9062,0.725,0.8115,0.6339,0.9032,0.8784,
Train1Val_ProteinGym,center,bio_core_dna_prot_spliceai,nt_v2_500m,esm2_650m,Hybrid_Transformer_XGBoost,0.8071,0.7326,0.9092,0.7212,0.8114,0.6337,0.9054,0.8843,
Train1Val_ProteinGym,mean,bio_core_dna_prot_spliceai,nt_v2_500m,esm1v_650m,Hybrid_Gating_XGBoost,0.8064,0.7306,0.9122,0.7175,0.8114,0.6336,0.9058,0.8796,
Train1Val_ProteinGym,mean,bio_core_dna_prot_spliceai,nt_v1_500m,esm2_650m,Hybrid_CrossAttn_XGBoost,0.8077,0.7352,0.9048,0.7262,0.8112,0.6335,0.9052,0.8805,
Train1Val_ProteinGym,mean,bio_core_dna_prot_spliceai,nt_v3_650m,esm1v_650m,Hybrid_Gating_XGBoost,0.8077,0.7352,0.9048,0.7262,0.8112,0.6335,0.9064,0.8767,
Train1Val_ProteinGym,cls,bio_core_prot_spliceai,,esm2_650m,Pure_XGBoost_Concat,0.8077,0.7358,0.9033,0.7275,0.811,0.633,0.9043,0.8813,
Train1Val_ProteinGym,mean,bio_core_dna_prot_spliceai_geom,nt_v2_500m,esm1b_650m,Pure_XGBoost_Concat,0.8071,0.7337,0.9062,0.7238,0.8109,0.6328,0.9112,0.8925,dna_LVD_L2+prot_LVD_Cosine
Train1Val_ProteinGym,center,bio_core_dna_prot_spliceai,nt_v3_650m,esm2_650m,Hybrid_Gating_XGBoost,0.8077,0.7363,0.9018,0.7288,0.8107,0.6326,0.9038,0.8841,
Train1Val_ProteinGym,center,dna_prot,nt_v2_500m,esm1v_650m,Hybrid_Transformer_XGBoost,0.8179,0.8089,0.7872,0.8438,0.7979,0.6325,0.8901,0.8791,
Train1Val_ProteinGym,cls,bio_core_dna_prot_spliceai,nt_v2_500m,esm2_650m,PyTorch_Transformer,0.8173,0.7933,0.811,0.8225,0.8021,0.6325,0.8888,0.8631,
Train1Val_ProteinGym,center,dna_prot,nt_v2_500m,esmc_600m,PyTorch_CrossAttn,0.8125,0.8944,0.6682,0.9338,0.7649,0.6324,0.9002,0.8929,
Train1Val_ProteinGym,center,dna_prot_spliceai,nt_v1_500m,esm1b_650m,Hybrid_Concat_XGBoost,0.8179,0.8258,0.7619,0.865,0.7926,0.6324,0.8889,0.8797,
Train1Val_ProteinGym,mean,bio_core_dna_prot_spliceai,nt_v2_500m,esm2_650m,Hybrid_CrossAttn_XGBoost,0.8071,0.7343,0.9048,0.725,0.8107,0.6323,0.9015,0.8791,
Train1Val_ProteinGym,mean,bio_core_dna_prot,nt_v2_500m,esm1v_650m,Hybrid_Concat_XGBoost,0.805,0.7278,0.9152,0.7125,0.8108,0.6323,0.907,0.8835,
Train1Val_ProteinGym,center,bio_core_prot_spliceai,,esm2_650m,PyTorch_Concat,0.8152,0.7755,0.8378,0.7962,0.8054,0.6317,0.9029,0.8822,
Train1Val_ProteinGym,mean,bio_core_dna_prot_spliceai,nt_v1_500m,esm1v_650m,Hybrid_Transformer_XGBoost,0.8064,0.7329,0.9062,0.7225,0.8104,0.6317,0.902,0.8722,
Train1Val_ProteinGym,center,bio_core_dna_prot_spliceai,nt_v3_650m,esm1b_650m,Hybrid_Concat_XGBoost,0.8043,0.7264,0.9167,0.71,0.8105,0.6316,0.9141,0.8932,
Train1Val_ProteinGym,mean,dna_prot_spliceai,nt_v3_650m,esm1b_650m,PyTorch_Concat,0.8173,0.8353,0.747,0.8762,0.7887,0.6316,0.8963,0.8845,
Train1Val_ProteinGym,center,bio_core_dna_prot,nt_v2_500m,esm1v_650m,Pure_XGBoost_Concat,0.8071,0.7354,0.9018,0.7275,0.8102,0.6314,0.9171,0.9043,
Train1Val_ProteinGym,center,dna_prot,nt_v2_500m,esm1b_650m,PyTorch_Concat,0.8166,0.8454,0.7321,0.8875,0.7847,0.6313,0.8953,0.8856,
Train1Val_ProteinGym,cls,bio_dna_prot,nt_v3_650m,esm1b_650m,Hybrid_Transformer_XGBoost,0.805,0.7289,0.9122,0.715,0.8103,0.6313,0.9059,0.8838,
Train1Val_ProteinGym,center,bio_core_dna_prot_spliceai,nt_v3_650m,esm1v_650m,Hybrid_Transformer_XGBoost,0.805,0.7289,0.9122,0.715,0.8103,0.6313,0.9154,0.8968,
Train1Val_ProteinGym,cls,bio_core_dna_prot_spliceai,nt_v3_650m,esm1b_650m,Pure_XGBoost_Concat,0.805,0.7289,0.9122,0.715,0.8103,0.6313,0.9129,0.8938,
Train1Val_ProteinGym,mean,bio_core_dna_prot_spliceai,nt_v3_650m,esm2_650m,Hybrid_CrossAttn_XGBoost,0.805,0.7289,0.9122,0.715,0.8103,0.6313,0.9035,0.8782,
Train1Val_ProteinGym,center,dna_prot,nt_v1_500m,esm1b_650m,Hybrid_CrossAttn_XGBoost,0.8173,0.8276,0.7574,0.8675,0.791,0.6312,0.8951,0.884,
Train1Val_ProteinGym,center,dna_prot,nt_v3_650m,esmc_600m,Hybrid_Gating_XGBoost,0.8173,0.8276,0.7574,0.8675,0.791,0.6312,0.886,0.8798,
Train1Val_ProteinGym,cls,bio_core_dna_prot_spliceai,nt_v3_650m,esmc_600m,PyTorch_Transformer,0.8132,0.7629,0.8571,0.7762,0.8073,0.6312,0.8966,0.8732,
Train1Val_ProteinGym,center,dna_prot,nt_v2_500m,esmc_600m,Hybrid_Concat_XGBoost,0.8173,0.8266,0.7589,0.8662,0.7913,0.6311,0.8893,0.8815,
Train1Val_ProteinGym,mean,dna_prot,nt_v3_650m,esm1b_650m,Hybrid_Transformer_XGBoost,0.8173,0.8214,0.7664,0.86,0.7929,0.631,0.8959,0.8807,
Train1Val_ProteinGym,mean,bio_core_dna_prot_spliceai,nt_v2_500m,esm2_650m,Hybrid_Gating_XGBoost,0.8071,0.736,0.9003,0.7288,0.8099,0.631,0.9008,0.8757,
Train1Val_ProteinGym,center,dna_prot,nt_v2_500m,esm1v_650m,Hybrid_CrossAttn_XGBoost,0.8173,0.8173,0.7723,0.855,0.7942,0.6309,0.8938,0.8858,
Train1Val_ProteinGym,center,dna_prot_spliceai,nt_v3_650m,esmc_600m,Hybrid_CrossAttn_XGBoost,0.8173,0.8163,0.7738,0.8538,0.7945,0.6309,0.891,0.8773,
Train1Val_ProteinGym,center,dna_prot_spliceai,nt_v2_500m,esm1b_650m,Hybrid_CrossAttn_XGBoost,0.8173,0.8173,0.7723,0.855,0.7942,0.6309,0.892,0.877,
Train1Val_ProteinGym,mean,dna_prot,nt_v1_500m,esm1b_650m,PyTorch_Gating,0.8152,0.861,0.7098,0.9038,0.7781,0.6308,0.8993,0.8852,
Train1Val_ProteinGym,cls,bio_core_dna_prot_spliceai,nt_v2_500m,esm1v_650m,Hybrid_Gating_XGBoost,0.805,0.7294,0.9107,0.7163,0.8101,0.6308,0.8975,0.8665,
Train1Val_ProteinGym,mean,bio_core_dna_prot_spliceai,nt_v3_650m,esmc_600m,Hybrid_Concat_XGBoost,0.8043,0.7275,0.9137,0.7125,0.81,0.6306,0.9032,0.8776,
Train1Val_ProteinGym,mean,bio_core_dna_prot_spliceai,nt_v3_650m,esm1v_650m,Hybrid_CrossAttn_XGBoost,0.8057,0.732,0.9062,0.7212,0.8098,0.6305,0.9033,0.8768,
Train1Val_ProteinGym,center,dna_prot,nt_v1_500m,esmc_600m,PyTorch_CrossAttn,0.8159,0.8487,0.7262,0.8912,0.7827,0.6304,0.8974,0.8906,
Train1Val_ProteinGym,center,prot,,esmc_600m,Pure_XGBoost_Concat,0.8159,0.8475,0.7277,0.89,0.783,0.6302,0.8941,0.8874,
Train1Val_ProteinGym,center,prot,,esmc_600m,Pure_XGBoost_Concat,0.8159,0.8475,0.7277,0.89,0.783,0.6302,0.8941,0.8874,
Train1Val_ProteinGym,center,prot,,esmc_600m,Pure_XGBoost_Concat,0.8159,0.8475,0.7277,0.89,0.783,0.6302,0.8941,0.8874,
Train1Val_ProteinGym,center,prot,,esmc_600m,Pure_XGBoost_Concat,0.8159,0.8475,0.7277,0.89,0.783,0.6302,0.8941,0.8874,
Train1Val_ProteinGym,center,prot,,esmc_600m,Pure_XGBoost_Concat,0.8159,0.8475,0.7277,0.89,0.783,0.6302,0.8941,0.8874,
Train1Val_ProteinGym,center,bio_core_dna_prot_spliceai,nt_v2_500m,esm1v_650m,Hybrid_Gating_XGBoost,0.8043,0.728,0.9122,0.7138,0.8098,0.6302,0.9131,0.8983,
Train1Val_ProteinGym,cls,bio_core_dna_prot_spliceai,nt_v2_500m,esm2_650m,PyTorch_Gating,0.8132,0.7657,0.8512,0.7812,0.8062,0.6301,0.8828,0.8497,
Train1Val_ProteinGym,center,bio_core_dna_prot_spliceai,nt_v3_650m,esm2_650m,Pure_XGBoost_Concat,0.8057,0.7325,0.9048,0.7225,0.8096,0.63,0.913,0.8916,
Train1Val_ProteinGym,cls,bio_core_dna_prot_spliceai,nt_v3_650m,esm1b_650m,Hybrid_Concat_XGBoost,0.8037,0.7261,0.9152,0.71,0.8097,0.63,0.9063,0.8799,
Train1Val_ProteinGym,mean,dna_prot,nt_v2_500m,esm1b_650m,Hybrid_Gating_XGBoost,0.8166,0.8295,0.753,0.87,0.7894,0.6299,0.8919,0.8675,
Train1Val_ProteinGym,center,dna_prot_spliceai,nt_v3_650m,esmc_600m,Hybrid_Concat_XGBoost,0.8166,0.8284,0.7545,0.8688,0.7897,0.6299,0.8953,0.887,
Train1Val_ProteinGym,center,dna_prot,nt_v3_650m,esm1b_650m,PyTorch_Concat,0.8139,0.8699,0.6964,0.9125,0.7736,0.6298,0.8917,0.8797,
Train1Val_ProteinGym,center,dna_prot_spliceai,nt_v2_500m,esmc_600m,Hybrid_Gating_XGBoost,0.8166,0.8242,0.7604,0.8638,0.791,0.6297,0.8907,0.8838,
Train1Val_ProteinGym,mean,bio_core_dna_prot_spliceai,nt_v1_500m,esm2_650m,Hybrid_Concat_XGBoost,0.8071,0.7377,0.8958,0.7325,0.8091,0.6297,0.9005,0.8749,
Train1Val_ProteinGym,mean,dna_prot_spliceai,nt_v3_650m,esmc_600m,PyTorch_Gating,0.8152,0.8534,0.7188,0.8962,0.7803,0.6297,0.8921,0.8789,
Train1Val_ProteinGym,center,dna_prot,nt_v1_500m,esmc_600m,Pure_XGBoost_Concat,0.8159,0.8416,0.7351,0.8838,0.7847,0.6296,0.8903,0.8833,
Train1Val_ProteinGym,center,dna_prot_spliceai,nt_v3_650m,esm1b_650m,Hybrid_Concat_XGBoost,0.8166,0.8211,0.7649,0.86,0.792,0.6296,0.8938,0.8827,
Train1Val_ProteinGym,mean,bio_core_dna_prot,nt_v2_500m,esm1v_650m,Hybrid_CrossAttn_XGBoost,0.8037,0.7266,0.9137,0.7113,0.8095,0.6295,0.9043,0.8811,
Train1Val_ProteinGym,center,dna_prot,nt_v2_500m,esm1b_650m,PyTorch_CrossAttn,0.8159,0.8393,0.7381,0.8812,0.7854,0.6293,0.8976,0.8881,
Train1Val_ProteinGym,cls,bio_core_dna_prot_spliceai,nt_v2_500m,esm1b_650m,Hybrid_CrossAttn_XGBoost,0.8023,0.7228,0.9196,0.7038,0.8094,0.6293,0.9033,0.8697,
Train1Val_ProteinGym,center,bio_core_dna_prot_spliceai,nt_v1_500m,esm2_650m,Hybrid_Transformer_XGBoost,0.8043,0.7291,0.9092,0.7163,0.8093,0.6292,0.9009,0.877,
Train1Val_ProteinGym,center,dna_prot_spliceai,nt_v1_500m,esm1b_650m,PyTorch_Concat,0.8139,0.8658,0.7009,0.9088,0.7747,0.6291,0.8905,0.8841,
Train1Val_ProteinGym,center,bio_core_dna_prot_spliceai,nt_v3_650m,esm1b_650m,Hybrid_CrossAttn_XGBoost,0.8037,0.7277,0.9107,0.7138,0.809,0.6285,0.9177,0.902,
Train1Val_ProteinGym,mean,bio_core_dna_prot,nt_v2_500m,esm1v_650m,Hybrid_Gating_XGBoost,0.8037,0.7277,0.9107,0.7138,0.809,0.6285,0.9039,0.8857,
Train1Val_ProteinGym,center,bio_core_prot_spliceai,,esm2_650m,Pure_XGBoost_Concat,0.8071,0.7395,0.8914,0.7362,0.8084,0.6284,0.9152,0.9019,
Train1Val_ProteinGym,cls,bio_core_dna_prot_spliceai,nt_v3_650m,esm1v_650m,Hybrid_Transformer_XGBoost,0.803,0.7258,0.9137,0.71,0.809,0.6284,0.8968,0.8691,
Train1Val_ProteinGym,cls,bio_core_dna_prot_spliceai,nt_v2_500m,esm1v_650m,Hybrid_Concat_XGBoost,0.803,0.7258,0.9137,0.71,0.809,0.6284,0.8956,0.8673,
Train1Val_ProteinGym,mean,bio_core_dna_prot_spliceai,nt_v1_500m,esmc_600m,PyTorch_Concat,0.8132,0.7708,0.8408,0.79,0.8043,0.6284,0.8932,0.8687,
Train1Val_ProteinGym,mean,bio_core_dna_prot_spliceai,nt_v1_500m,esmc_600m,Hybrid_CrossAttn_XGBoost,0.805,0.7322,0.9033,0.7225,0.8088,0.6284,0.8962,0.8778,
Train1Val_ProteinGym,mean,bio_core_dna_prot_spliceai,nt_v2_500m,esm1v_650m,PyTorch_Transformer,0.8071,0.7395,0.8914,0.7362,0.8084,0.6284,0.9002,0.8775,
Train1Val_ProteinGym,mean,bio_core_dna_prot,nt_v2_500m,esm1v_650m,Hybrid_Transformer_XGBoost,0.803,0.7258,0.9137,0.71,0.809,0.6284,0.9051,0.8843,
Train1Val_ProteinGym,center,dna_prot_spliceai,nt_v1_500m,esmc_600m,Hybrid_CrossAttn_XGBoost,0.8159,0.8188,0.7664,0.8575,0.7917,0.6282,0.8916,0.89,
Train1Val_ProteinGym,cls,bio_core_dna_prot_spliceai,nt_v1_500m,esmc_600m,Pure_XGBoost_Concat,0.8043,0.7302,0.9062,0.7188,0.8088,0.6282,0.9057,0.885,
Train1Val_ProteinGym,mean,dna_prot_spliceai,nt_v3_650m,esm1b_650m,Hybrid_Gating_XGBoost,0.8159,0.8188,0.7664,0.8575,0.7917,0.6282,0.8926,0.8754,
Train1Val_ProteinGym,cls,bio_core_prot_spliceai,,esm2_650m,Hybrid_Concat_XGBoost,0.8064,0.7374,0.8943,0.7325,0.8083,0.6281,0.8871,0.8544,
Train1Val_ProteinGym,cls,bio_core_dna_prot,nt_v1_500m,esm1v_650m,PyTorch_Concat,0.8125,0.7668,0.8467,0.7837,0.8048,0.6281,0.8945,0.8616,
Train1Val_ProteinGym,center,dna_prot,nt_v3_650m,esm1b_650m,PyTorch_Gating,0.8145,0.8506,0.7202,0.8938,0.78,0.628,0.8944,0.8843,
Train1Val_ProteinGym,mean,bio_core_dna_prot_spliceai,nt_v1_500m,esm2_650m,Hybrid_Transformer_XGBoost,0.8071,0.7401,0.8899,0.7375,0.8081,0.628,0.8995,0.8739,
Train1Val_ProteinGym,mean,bio_core_dna_prot_spliceai,nt_v2_500m,esmc_600m,Hybrid_CrossAttn_XGBoost,0.8037,0.7282,0.9092,0.715,0.8087,0.628,0.9002,0.8802,
Train1Val_ProteinGym,cls,bio_core_dna_prot_spliceai,nt_v2_500m,esm1v_650m,PyTorch_CrossAttn,0.8098,0.7519,0.8705,0.7588,0.8069,0.6279,0.8979,0.8707,
Train1Val_ProteinGym,mean,bio_core_dna_prot_spliceai,nt_v2_500m,esmc_600m,Hybrid_Gating_XGBoost,0.803,0.7263,0.9122,0.7113,0.8087,0.6279,0.8971,0.8769,
Train1Val_ProteinGym,center,dna_prot,nt_v2_500m,esmc_600m,PyTorch_Transformer,0.8132,0.8642,0.7009,0.9075,0.774,0.6276,0.8876,0.8824,
Train1Val_ProteinGym,center,dna_prot,nt_v2_500m,esm1b_650m,PyTorch_Gating,0.8132,0.8629,0.7024,0.9062,0.7744,0.6274,0.8974,0.8853,
Train1Val_ProteinGym,cls,bio_core_dna_prot_spliceai,nt_v2_500m,esm1v_650m,Hybrid_Transformer_XGBoost,0.803,0.7268,0.9107,0.7125,0.8085,0.6274,0.897,0.8693,
Train1Val_ProteinGym,cls,bio_core_dna_prot,nt_v1_500m,esm1v_650m,PyTorch_CrossAttn,0.8111,0.7606,0.8557,0.7738,0.8053,0.6273,0.8972,0.8721,
Train1Val_ProteinGym,cls,bio_core_dna_prot,nt_v1_500m,esm1v_650m,PyTorch_Transformer,0.8139,0.7819,0.8214,0.8075,0.8012,0.6271,0.892,0.8541,
Train1Val_ProteinGym,mean,prot_spliceai,,esm1b_650m,Hybrid_Concat_XGBoost,0.8152,0.8279,0.7515,0.8688,0.7878,0.6271,0.8951,0.8835,
Train1Val_ProteinGym,center,dna_prot,nt_v1_500m,esm1b_650m,Hybrid_Concat_XGBoost,0.8152,0.8226,0.7589,0.8625,0.7895,0.6269,0.8892,0.8737,
Train1Val_ProteinGym,center,dna_prot_spliceai,nt_v3_650m,esm1b_650m,PyTorch_Transformer,0.8145,0.841,0.7321,0.8838,0.7828,0.6269,0.896,0.8824,
Train1Val_ProteinGym,center,dna_prot_spliceai,nt_v2_500m,esm1v_650m,Hybrid_CrossAttn_XGBoost,0.8152,0.8125,0.7738,0.85,0.7927,0.6268,0.8921,0.8808,
Train1Val_ProteinGym,cls,bio_core_dna_prot,nt_v2_500m,esm1v_650m,Hybrid_CrossAttn_XGBoost,0.8023,0.7254,0.9122,0.71,0.8082,0.6268,0.8992,0.876,
Train1Val_ProteinGym,mean,bio_core_dna_prot_spliceai,nt_v1_500m,esmc_600m,PyTorch_Gating,0.8125,0.7712,0.8378,0.7912,0.8031,0.6267,0.8939,0.8683,
Train1Val_ProteinGym,cls,bio_core_dna_prot_spliceai,nt_v3_650m,esm1v_650m,Hybrid_Gating_XGBoost,0.8037,0.7299,0.9048,0.7188,0.808,0.6266,0.9003,0.8777,
Train1Val_ProteinGym,center,bio_core_dna_prot_spliceai,nt_v2_500m,esm2_650m,PyTorch_CrossAttn,0.8132,0.7776,0.8274,0.8012,0.8017,0.6265,0.8985,0.8746,
Train1Val_ProteinGym,cls,bio_core_dna_prot,nt_v3_650m,esm1v_650m,Hybrid_Concat_XGBoost,0.801,0.7216,0.9182,0.7025,0.8081,0.6265,0.9014,0.8753,
Train1Val_ProteinGym,mean,bio_core_dna_prot_spliceai,nt_v2_500m,esm1v_650m,Hybrid_CrossAttn_XGBoost,0.801,0.7216,0.9182,0.7025,0.8081,0.6265,0.9037,0.8796,
Train1Val_ProteinGym,cls,bio_core_dna_prot_spliceai,nt_v1_500m,esm2_650m,PyTorch_CrossAttn,0.8111,0.7627,0.8512,0.7775,0.8045,0.6264,0.8861,0.8589,
Train1Val_ProteinGym,cls,bio_core_dna_prot,nt_v3_650m,esm1v_650m,Hybrid_CrossAttn_XGBoost,0.803,0.7279,0.9077,0.715,0.8079,0.6264,0.9051,0.8801,
Train1Val_ProteinGym,cls,bio_core_dna_prot_spliceai,nt_v2_500m,esm1b_650m,Hybrid_Gating_XGBoost,0.8023,0.726,0.9107,0.7113,0.8079,0.6263,0.9014,0.8765,
Train1Val_ProteinGym,mean,bio_core_dna_prot_spliceai,nt_v3_650m,esm1v_650m,Hybrid_Transformer_XGBoost,0.8023,0.726,0.9107,0.7113,0.8079,0.6263,0.9056,0.8869,
Train1Val_ProteinGym,mean,bio_core_dna_prot,nt_v1_500m,esm1v_650m,Hybrid_Concat_XGBoost,0.8023,0.726,0.9107,0.7113,0.8079,0.6263,0.909,0.8911,
Train1Val_ProteinGym,center,bio_core_dna_prot_spliceai,nt_v1_500m,esm2_650m,Hybrid_Gating_XGBoost,0.805,0.735,0.8958,0.7288,0.8075,0.6262,0.9025,0.8829,
Train1Val_ProteinGym,cls,bio_core_dna_prot_spliceai,nt_v3_650m,esm2_650m,Hybrid_Concat_XGBoost,0.805,0.735,0.8958,0.7288,0.8075,0.6262,0.8892,0.8617,
Train1Val_ProteinGym,center,dna_prot_spliceai,nt_v3_650m,esm1v_650m,Pure_XGBoost_Concat,0.8145,0.8298,0.747,0.8712,0.7862,0.6259,0.8844,0.8681,
Train1Val_ProteinGym,center,dna_prot,nt_v2_500m,esmc_600m,PyTorch_Gating,0.8132,0.8526,0.7143,0.8962,0.7773,0.6258,0.8985,0.889,
Train1Val_ProteinGym,cls,bio_core_dna_prot_spliceai,nt_v1_500m,esm1b_650m,Pure_XGBoost_Concat,0.8023,0.7265,0.9092,0.7125,0.8077,0.6258,0.9158,0.896,
Train1Val_ProteinGym,cls,bio_core_dna_prot_spliceai,nt_v3_650m,esm1b_650m,Hybrid_Gating_XGBoost,0.8023,0.7265,0.9092,0.7125,0.8077,0.6258,0.9034,0.8792,
Train1Val_ProteinGym,mean,dna_prot_spliceai,nt_v2_500m,esm1b_650m,Hybrid_Gating_XGBoost,0.8145,0.8233,0.756,0.8638,0.7882,0.6256,0.8945,0.8804,
Train1Val_ProteinGym,mean,dna_prot,nt_v1_500m,esm1b_650m,Hybrid_CrossAttn_XGBoost,0.8145,0.8083,0.7783,0.845,0.793,0.6255,0.891,0.8769,
Train1Val_ProteinGym,mean,dna_prot_spliceai,nt_v3_650m,esm1b_650m,Hybrid_CrossAttn_XGBoost,0.8145,0.8142,0.7693,0.8525,0.7911,0.6254,0.8934,0.8803,
Train1Val_ProteinGym,mean,bio_core_dna_prot_spliceai,nt_v3_650m,esm1v_650m,Pure_XGBoost_Concat,0.8037,0.7316,0.9003,0.7225,0.8072,0.6252,0.9065,0.8826,
Train1Val_ProteinGym,mean,dna_prot_spliceai,nt_v2_500m,esm1b_650m,PyTorch_CrossAttn,0.8139,0.8361,0.7366,0.8788,0.7832,0.6251,0.8972,0.8866,
Train1Val_ProteinGym,center,bio_core_dna_prot_spliceai,nt_v1_500m,esm1v_650m,Hybrid_CrossAttn_XGBoost,0.803,0.7296,0.9033,0.7188,0.8072,0.625,0.9138,0.8989,
Train1Val_ProteinGym,mean,bio_core_prot_spliceai,,esm1v_650m,Pure_XGBoost_Concat,0.803,0.7296,0.9033,0.7188,0.8072,0.625,0.91,0.8879,
Train1Val_ProteinGym,center,dna_prot,nt_v3_650m,esmc_600m,PyTorch_Transformer,0.8125,0.8548,0.7098,0.8988,0.7756,0.6248,0.9006,0.8945,
Train1Val_ProteinGym,center,dna_prot_spliceai,nt_v2_500m,esm1b_650m,PyTorch_Concat,0.8132,0.844,0.7247,0.8875,0.7798,0.6246,0.894,0.8825,
Train1Val_ProteinGym,cls,bio_core_dna_prot_spliceai,nt_v1_500m,esm1v_650m,Hybrid_Transformer_XGBoost,0.8016,0.7257,0.9092,0.7113,0.8071,0.6246,0.9026,0.8777,
Train1Val_ProteinGym,center,prot_spliceai,,esm1b_650m,Pure_XGBoost_Concat,0.8139,0.8284,0.747,0.87,0.7856,0.6245,0.8833,0.8774,
Train1Val_ProteinGym,mean,bio_core_dna_prot,nt_v1_500m,esm1v_650m,Hybrid_Gating_XGBoost,0.803,0.7301,0.9018,0.72,0.8069,0.6245,0.904,0.8795,
Train1Val_ProteinGym,center,dna_prot_spliceai,nt_v3_650m,esmc_600m,PyTorch_Gating,0.8105,0.8729,0.6845,0.9162,0.7673,0.6242,0.8973,0.8903,
Train1Val_ProteinGym,mean,bio_core_dna_prot,nt_v3_650m,esm1v_650m,Hybrid_Concat_XGBoost,0.8016,0.7262,0.9077,0.7125,0.8069,0.6242,0.9036,0.8865,
Train1Val_ProteinGym,center,dna_prot,nt_v1_500m,esm1b_650m,Hybrid_Gating_XGBoost,0.8139,0.8179,0.7619,0.8575,0.7889,0.6241,0.8936,0.8802,
Train1Val_ProteinGym,center,dna_prot,nt_v3_650m,esmc_600m,Hybrid_Transformer_XGBoost,0.8139,0.8169,0.7634,0.8562,0.7892,0.6241,0.8873,0.871,
Train1Val_ProteinGym,mean,dna_prot,nt_v2_500m,esm1b_650m,Hybrid_CrossAttn_XGBoost,0.8139,0.8169,0.7634,0.8562,0.7892,0.6241,0.893,0.8814,
Train1Val_ProteinGym,center,dna_prot,nt_v1_500m,esm1v_650m,Hybrid_Transformer_XGBoost,0.8139,0.8071,0.7783,0.8438,0.7924,0.6241,0.8911,0.8812,
Train1Val_ProteinGym,cls,bio_core_dna_prot_spliceai,nt_v1_500m,esm1b_650m,Hybrid_Concat_XGBoost,0.801,0.7243,0.9107,0.7088,0.8069,0.624,0.903,0.8712,
Train1Val_ProteinGym,mean,bio_core_dna_prot_spliceai,nt_v1_500m,esm1v_650m,Hybrid_Concat_XGBoost,0.801,0.7243,0.9107,0.7088,0.8069,0.624,0.9033,0.8783,
Train1Val_ProteinGym,cls,bio_core_dna_prot_spliceai,nt_v3_650m,esm2_650m,Pure_XGBoost_Concat,0.8023,0.7287,0.9033,0.7175,0.8066,0.6239,0.9023,0.8798,
Train1Val_ProteinGym,center,prot,,esmc_600m,PyTorch_Concat,0.8105,0.8701,0.6875,0.9138,0.7681,0.6237,0.9018,0.8942,
Train1Val_ProteinGym,center,prot,,esmc_600m,PyTorch_Concat,0.8105,0.8701,0.6875,0.9138,0.7681,0.6237,0.9018,0.8942,
Train1Val_ProteinGym,center,prot,,esmc_600m,PyTorch_Concat,0.8105,0.8701,0.6875,0.9138,0.7681,0.6237,0.9018,0.8942,
Train1Val_ProteinGym,center,prot,,esmc_600m,PyTorch_Concat,0.8105,0.8701,0.6875,0.9138,0.7681,0.6237,0.9018,0.8942,
Train1Val_ProteinGym,center,prot,,esmc_600m,PyTorch_Concat,0.8105,0.8701,0.6875,0.9138,0.7681,0.6237,0.9018,0.8942,
Train1Val_ProteinGym,cls,bio_core_dna_prot,nt_v2_500m,esm1v_650m,Hybrid_Concat_XGBoost,0.8016,0.7267,0.9062,0.7138,0.8066,0.6237,0.8987,0.8708,
Train1Val_ProteinGym,mean,dna_prot_spliceai,nt_v1_500m,esm1b_650m,Hybrid_Concat_XGBoost,0.8132,0.8325,0.7396,0.875,0.7833,0.6235,0.8904,0.8749,
Train1Val_ProteinGym,cls,bio_core_dna_prot_spliceai,nt_v2_500m,esm2_650m,Pure_XGBoost_Concat,0.8023,0.7292,0.9018,0.7188,0.8064,0.6234,0.9035,0.8737,
Train1Val_ProteinGym,center,dna_prot_spliceai,nt_v1_500m,esm1b_650m,PyTorch_Transformer,0.8118,0.8533,0.7098,0.8975,0.775,0.6233,0.8932,0.8835,
Train1Val_ProteinGym,center,dna_prot_spliceai,nt_v3_650m,esm1v_650m,PyTorch_CrossAttn,0.8111,0.8608,0.6994,0.905,0.7718,0.6232,0.8996,0.8885,
Train1Val_ProteinGym,center,dna_prot_spliceai,nt_v2_500m,esm1b_650m,PyTorch_Transformer,0.8125,0.8426,0.7247,0.8862,0.7792,0.6232,0.8931,0.8778,
Train1Val_ProteinGym,mean,bio_core_dna_prot,nt_v3_650m,esm1v_650m,Hybrid_Gating_XGBoost,0.8016,0.7273,0.9048,0.715,0.8064,0.6232,0.9011,0.8786,
Train1Val_ProteinGym,cls,bio_core_prot_spliceai,,esmc_600m,Hybrid_Concat_XGBoost,0.8023,0.7298,0.9003,0.72,0.8061,0.6229,0.904,0.8809,
Train1Val_ProteinGym,center,dna_prot,nt_v1_500m,esmc_600m,Hybrid_CrossAttn_XGBoost,0.8132,0.8116,0.7693,0.85,0.7899,0.6227,0.8923,0.8865,
Train1Val_ProteinGym,mean,prot,,esm1b_650m,Hybrid_Concat_XGBoost,0.8132,0.8126,0.7679,0.8512,0.7896,0.6227,0.8931,0.8811,
Train1Val_ProteinGym,mean,prot,,esm1b_650m,Hybrid_Concat_XGBoost,0.8132,0.8126,0.7679,0.8512,0.7896,0.6227,0.8931,0.8811,
Train1Val_ProteinGym,mean,prot,,esm1b_650m,Hybrid_Concat_XGBoost,0.8132,0.8126,0.7679,0.8512,0.7896,0.6227,0.8931,0.8811,
Train1Val_ProteinGym,mean,prot,,esm1b_650m,Hybrid_Concat_XGBoost,0.8132,0.8126,0.7679,0.8512,0.7896,0.6227,0.8931,0.8811,
Train1Val_ProteinGym,center,dna_prot,nt_v3_650m,esm1v_650m,Hybrid_CrossAttn_XGBoost,0.8132,0.8156,0.7634,0.855,0.7886,0.6227,0.8939,0.8801,
Train1Val_ProteinGym,cls,bio_core_dna_prot_spliceai,nt_v1_500m,esm1b_650m,Hybrid_Gating_XGBoost,0.7989,0.7196,0.9167,0.7,0.8063,0.6227,0.9038,0.8703,
Train1Val_ProteinGym,center,dna_prot,nt_v3_650m,esm1b_650m,PyTorch_Transformer,0.8111,0.8569,0.7039,0.9012,0.7729,0.6226,0.8945,0.8849,
Train1Val_ProteinGym,cls,bio_core_dna_prot_spliceai,nt_v2_500m,esmc_600m,Pure_XGBoost_Concat,0.8023,0.7304,0.8988,0.7212,0.8059,0.6225,0.9093,0.8879,
Train1Val_ProteinGym,cls,bio_core_dna_prot_spliceai,nt_v1_500m,esm1b_650m,Hybrid_CrossAttn_XGBoost,0.8003,0.7239,0.9092,0.7088,0.8061,0.6224,0.902,0.8764,
Train1Val_ProteinGym,cls,bio_core_dna_prot_spliceai,nt_v3_650m,esm2_650m,PyTorch_Concat,0.8111,0.7767,0.8229,0.8012,0.7991,0.6221,0.8893,0.8622,
Train1Val_ProteinGym,mean,bio_core_dna_prot,nt_v1_500m,esm1v_650m,Pure_XGBoost_Concat,0.8003,0.7245,0.9077,0.71,0.8058,0.6219,0.908,0.8844,
Train1Val_ProteinGym,center,dna_prot_spliceai,nt_v1_500m,esm1v_650m,PyTorch_Concat,0.8098,0.867,0.689,0.9112,0.7678,0.6218,0.8951,0.8857,
Train1Val_ProteinGym,center,dna_prot_spliceai,nt_v3_650m,esm1v_650m,PyTorch_Transformer,0.8105,0.8592,0.6994,0.9038,0.7711,0.6217,0.8966,0.8855,
Train1Val_ProteinGym,cls,bio_core_dna_prot_spliceai,nt_v2_500m,esmc_600m,PyTorch_CrossAttn,0.805,0.7415,0.8795,0.7425,0.8046,0.6217,0.8872,0.8623,
Train1Val_ProteinGym,center,dna_prot,nt_v2_500m,esmc_600m,Pure_XGBoost_Concat,0.8118,0.8399,0.7262,0.8838,0.7789,0.6216,0.8887,0.8763,
Train1Val_ProteinGym,mean,bio_core_dna_prot,nt_v1_500m,esm1v_650m,Hybrid_Transformer_XGBoost,0.7989,0.7207,0.9137,0.7025,0.8058,0.6216,0.9049,0.8757,
Train1Val_ProteinGym,center,dna_prot_spliceai,nt_v1_500m,esmc_600m,PyTorch_Concat,0.8084,0.8779,0.6741,0.9212,0.7626,0.6215,0.8959,0.8893,
Train1Val_ProteinGym,cls,dna_prot_spliceai,nt_v1_500m,esm1b_650m,Hybrid_Transformer_XGBoost,0.8125,0.8225,0.7515,0.8638,0.7854,0.6215,0.8822,0.8612,
Train1Val_ProteinGym,mean,bio_core_dna_prot_spliceai,nt_v1_500m,esm1v_650m,Pure_XGBoost_Concat,0.8003,0.725,0.9062,0.7113,0.8056,0.6214,0.9066,0.886,
Train1Val_ProteinGym,mean,dna_prot,nt_v3_650m,esmc_600m,PyTorch_Concat,0.8118,0.8376,0.7292,0.8812,0.7796,0.6213,0.8901,0.8763,
Train1Val_ProteinGym,mean,dna_prot,nt_v2_500m,esm1b_650m,Hybrid_Transformer_XGBoost,0.8125,0.8163,0.7604,0.8562,0.7874,0.6213,0.8945,0.8823,
Train1Val_ProteinGym,center,dna_prot_spliceai,nt_v1_500m,esm1b_650m,PyTorch_CrossAttn,0.8111,0.8481,0.7143,0.8925,0.7754,0.6213,0.8919,0.8791,
Train1Val_ProteinGym,center,dna_prot_spliceai,nt_v3_650m,esm1b_650m,Hybrid_Transformer_XGBoost,0.8125,0.8084,0.7723,0.8462,0.79,0.6213,0.8878,0.8743,
Train1Val_ProteinGym,mean,bio_core_dna_prot,nt_v2_500m,esm1v_650m,Pure_XGBoost_Concat,0.7996,0.7231,0.9092,0.7075,0.8055,0.6212,0.9041,0.8837,
Train1Val_ProteinGym,mean,bio_core_dna_prot_spliceai,nt_v1_500m,esm1b_650m,Hybrid_Transformer_XGBoost,0.7996,0.7236,0.9077,0.7088,0.8053,0.6207,0.905,0.8817,
Train1Val_ProteinGym,center,bio_core_dna_prot_spliceai,nt_v1_500m,esm2_650m,Pure_XGBoost_Concat,0.803,0.7352,0.8884,0.7312,0.8046,0.6206,0.9116,0.8938,
Train1Val_ProteinGym,cls,bio_core_dna_prot_spliceai,nt_v1_500m,esm2_650m,Pure_XGBoost_Concat,0.7989,0.7217,0.9107,0.705,0.8053,0.6206,0.8979,0.8732,
Train1Val_ProteinGym,mean,bio_core_dna_prot_spliceai,nt_v3_650m,esmc_600m,Hybrid_Gating_XGBoost,0.801,0.728,0.9003,0.7175,0.8051,0.6206,0.897,0.8744,
Train1Val_ProteinGym,mean,bio_core_dna_prot_spliceai,nt_v2_500m,esm2_650m,Hybrid_Concat_XGBoost,0.801,0.728,0.9003,0.7175,0.8051,0.6206,0.898,0.8685,
Train1Val_ProteinGym,mean,bio_core_prot_spliceai,,esm1v_650m,Hybrid_Concat_XGBoost,0.8003,0.7261,0.9033,0.7138,0.805,0.6204,0.9009,0.8811,
Train1Val_ProteinGym,mean,bio_core_dna_prot_spliceai,nt_v1_500m,esm2_650m,Hybrid_Gating_XGBoost,0.8003,0.7261,0.9033,0.7138,0.805,0.6204,0.8982,0.8703,
Train1Val_ProteinGym,mean,bio_core_dna_prot_spliceai,nt_v3_650m,esmc_600m,Hybrid_Transformer_XGBoost,0.8003,0.7261,0.9033,0.7138,0.805,0.6204,0.8978,0.8706,
Train1Val_ProteinGym,mean,bio_core_dna_prot_spliceai,nt_v2_500m,esm2_650m,Pure_XGBoost_Concat,0.8003,0.7261,0.9033,0.7138,0.805,0.6204,0.9058,0.8844,
Train1Val_ProteinGym,cls,bio_core_dna_prot_spliceai,nt_v1_500m,esmc_600m,PyTorch_CrossAttn,0.8084,0.7621,0.8438,0.7788,0.8008,0.6202,0.8926,0.8668,
Train1Val_ProteinGym,mean,dna_prot,nt_v2_500m,esm1b_650m,PyTorch_Gating,0.8084,0.8707,0.6815,0.915,0.7646,0.6201,0.9003,0.8872,
Train1Val_ProteinGym,center,dna_prot_spliceai,nt_v1_500m,esm1v_650m,PyTorch_Transformer,0.8105,0.849,0.7113,0.8938,0.7741,0.6201,0.8904,0.8771,
Train1Val_ProteinGym,cls,bio_core_dna_prot,nt_v1_500m,esm1v_650m,Hybrid_CrossAttn_XGBoost,0.7989,0.7222,0.9092,0.7062,0.805,0.6201,0.9008,0.8791,
Train1Val_ProteinGym,mean,dna_prot_spliceai,nt_v2_500m,esm1b_650m,Hybrid_Concat_XGBoost,0.8118,0.8211,0.7515,0.8625,0.7848,0.6201,0.8931,0.8808,
Train1Val_ProteinGym,center,bio_core_dna_prot_spliceai,nt_v2_500m,esm2_650m,Pure_XGBoost_Concat,0.8016,0.7311,0.8943,0.7238,0.8046,0.62,0.9117,0.8979,
Train1Val_ProteinGym,cls,bio_core_dna_prot_spliceai,nt_v2_500m,esmc_600m,Hybrid_Concat_XGBoost,0.8003,0.7266,0.9018,0.715,0.8048,0.62,0.8909,0.8665,
Train1Val_ProteinGym,center,prot_spliceai,,esm1b_650m,Hybrid_Concat_XGBoost,0.8118,0.813,0.7634,0.8525,0.7874,0.6199,0.8894,0.8781,
Train1Val_ProteinGym,center,dna_prot_spliceai,nt_v1_500m,esmc_600m,Hybrid_Transformer_XGBoost,0.8118,0.812,0.7649,0.8512,0.7877,0.6199,0.8888,0.884,
Train1Val_ProteinGym,center,dna_prot_spliceai,nt_v3_650m,esm1v_650m,Hybrid_Gating_XGBoost,0.8118,0.815,0.7604,0.855,0.7868,0.6199,0.8939,0.8802,
Train1Val_ProteinGym,cls,bio_core_dna_prot_spliceai,nt_v2_500m,esmc_600m,PyTorch_Transformer,0.8077,0.759,0.8482,0.7738,0.8011,0.6197,0.8874,0.8527,
Train1Val_ProteinGym,cls,bio_core_dna_prot,nt_v3_650m,esm1v_650m,Hybrid_Transformer_XGBoost,0.7989,0.7227,0.9077,0.7075,0.8047,0.6196,0.9026,0.8809,
Train1Val_ProteinGym,center,dna_prot,nt_v1_500m,esm1b_650m,PyTorch_Gating,0.8091,0.8587,0.6964,0.9038,0.7691,0.6191,0.8918,0.8846,
Train1Val_ProteinGym,center,dna_prot,nt_v1_500m,esmc_600m,PyTorch_Gating,0.8077,0.8719,0.6786,0.9162,0.7632,0.6191,0.8983,0.8896,
Train1Val_ProteinGym,mean,dna_prot,nt_v1_500m,esm1b_650m,PyTorch_Concat,0.8091,0.8587,0.6964,0.9038,0.7691,0.6191,0.8965,0.8863,
Train1Val_ProteinGym,center,dna_prot_spliceai,nt_v1_500m,esm1v_650m,Hybrid_Gating_XGBoost,0.8111,0.8251,0.744,0.8675,0.7825,0.619,0.8915,0.8814,
Train1Val_ProteinGym,cls,bio_core_dna_prot_spliceai,nt_v1_500m,esm2_650m,PyTorch_Transformer,0.8098,0.7768,0.8185,0.8025,0.7971,0.619,0.8885,0.8609,
Train1Val_ProteinGym,center,dna_prot,nt_v2_500m,esm1b_650m,Pure_XGBoost_Concat,0.8111,0.8219,0.7485,0.8638,0.7835,0.6188,0.8861,0.878,
Train1Val_ProteinGym,center,dna_prot_spliceai,nt_v2_500m,esmc_600m,Pure_XGBoost_Concat,0.8105,0.837,0.7262,0.8812,0.7777,0.6187,0.8864,0.872,
Train1Val_ProteinGym,center,dna_prot_spliceai,nt_v3_650m,esm1v_650m,Hybrid_CrossAttn_XGBoost,0.8111,0.8059,0.7723,0.8438,0.7888,0.6186,0.897,0.8857,
Train1Val_ProteinGym,cls,bio_core_dna_prot_spliceai,nt_v1_500m,esm2_650m,Hybrid_Transformer_XGBoost,0.8003,0.7283,0.8973,0.7188,0.804,0.6186,0.885,0.8488,
Train1Val_ProteinGym,mean,bio_core_dna_prot_spliceai,nt_v2_500m,esmc_600m,Hybrid_Transformer_XGBoost,0.7989,0.7238,0.9048,0.71,0.8042,0.6186,0.8993,0.8788,
Train1Val_ProteinGym,center,dna_prot,nt_v1_500m,esm1b_650m,PyTorch_Concat,0.8084,0.8625,0.6905,0.9075,0.7669,0.6185,0.8909,0.8835,
Train1Val_ProteinGym,center,dna_prot_spliceai,nt_v1_500m,esm1v_650m,Pure_XGBoost_Concat,0.8105,0.8359,0.7277,0.88,0.778,0.6185,0.8836,0.8678,
Train1Val_ProteinGym,cls,bio_core_dna_prot_spliceai,nt_v2_500m,esm2_650m,Hybrid_Transformer_XGBoost,0.7996,0.7263,0.9003,0.715,0.804,0.6184,0.889,0.8612,
Train1Val_ProteinGym,mean,dna_prot,nt_v3_650m,esm1b_650m,PyTorch_Gating,0.8098,0.8439,0.7158,0.8888,0.7746,0.6182,0.8991,0.8837,
Train1Val_ProteinGym,cls,bio_core_dna_prot_spliceai,nt_v3_650m,esm1v_650m,Pure_XGBoost_Concat,0.7989,0.7243,0.9033,0.7113,0.804,0.6182,0.9027,0.8782,
Train1Val_ProteinGym,center,dna_prot,nt_v3_650m,esm1v_650m,PyTorch_Concat,0.8084,0.8585,0.6949,0.9038,0.7681,0.6178,0.897,0.8828,
Train1Val_ProteinGym,mean,bio_core_dna_prot_spliceai,nt_v2_500m,esmc_600m,Hybrid_Concat_XGBoost,0.7989,0.7249,0.9018,0.7125,0.8037,0.6177,0.9013,0.8831,
Train1Val_ProteinGym,mean,dna_prot,nt_v1_500m,esm1b_650m,PyTorch_Transformer,0.8077,0.8636,0.6875,0.9088,0.7655,0.6175,0.9026,0.8913,
Train1Val_ProteinGym,mean,dna_prot_spliceai,nt_v1_500m,esm1b_650m,Hybrid_Gating_XGBoost,0.8105,0.8237,0.744,0.8662,0.7819,0.6175,0.892,0.8794,
Train1Val_ProteinGym,center,dna_prot,nt_v3_650m,esm1b_650m,Pure_XGBoost_Concat,0.8105,0.8174,0.753,0.8588,0.7839,0.6173,0.8901,0.8849,
Train1Val_ProteinGym,cls,dna_prot,nt_v2_500m,esm1b_650m,Hybrid_Transformer_XGBoost,0.8105,0.8195,0.75,0.8612,0.7832,0.6173,0.8831,0.8603,
Train1Val_ProteinGym,center,dna_prot_spliceai,nt_v3_650m,esm1b_650m,Pure_XGBoost_Concat,0.8105,0.8185,0.7515,0.86,0.7836,0.6173,0.892,0.883,
Train1Val_ProteinGym,cls,bio_core_dna_prot_spliceai,nt_v3_650m,esm1v_650m,Hybrid_Concat_XGBoost,0.7969,0.7192,0.9107,0.7012,0.8037,0.6172,0.9012,0.8773,
Train1Val_ProteinGym,mean,bio_core_dna_prot_spliceai,nt_v1_500m,esmc_600m,Hybrid_Concat_XGBoost,0.7982,0.7235,0.9033,0.71,0.8034,0.617,0.8995,0.8764,
Train1Val_ProteinGym,cls,bio_core_dna_prot_spliceai,nt_v1_500m,esm2_650m,PyTorch_Concat,0.8077,0.7675,0.8304,0.7887,0.7977,0.6168,0.8853,0.8595,
Train1Val_ProteinGym,cls,bio_core_dna_prot,nt_v1_500m,esm1v_650m,Pure_XGBoost_Concat,0.7989,0.726,0.8988,0.715,0.8032,0.6168,0.9057,0.883,
Train1Val_ProteinGym,cls,bio_core_dna_prot,nt_v2_500m,esm1v_650m,Pure_XGBoost_Concat,0.7989,0.726,0.8988,0.715,0.8032,0.6168,0.9045,0.8815,
Train1Val_ProteinGym,center,bio_core_dna_prot_spliceai,nt_v1_500m,esm1v_650m,Hybrid_Concat_XGBoost,0.8003,0.7311,0.8899,0.725,0.8027,0.6164,0.9135,0.8991,
Train1Val_ProteinGym,cls,dna_prot,nt_v3_650m,esm1b_650m,PyTorch_CrossAttn,0.8084,0.8482,0.7068,0.8938,0.7711,0.6162,0.893,0.8718,
Train1Val_ProteinGym,center,dna_prot,nt_v1_500m,esm1v_650m,Hybrid_Gating_XGBoost,0.8098,0.8224,0.744,0.865,0.7812,0.6161,0.8915,0.8804,
Train1Val_ProteinGym,mean,bio_core_dna_prot_spliceai,nt_v3_650m,esm2_650m,Hybrid_Gating_XGBoost,0.7962,0.7183,0.9107,0.7,0.8031,0.6161,0.8983,0.8739,
Train1Val_ProteinGym,center,dna_prot,nt_v1_500m,esm1b_650m,Pure_XGBoost_Concat,0.8098,0.8203,0.747,0.8625,0.7819,0.616,0.8845,0.876,
Train1Val_ProteinGym,mean,dna_prot_spliceai,nt_v3_650m,esm1b_650m,Hybrid_Concat_XGBoost,0.8098,0.8192,0.7485,0.8612,0.7823,0.616,0.8981,0.8781,
Train1Val_ProteinGym,cls,bio_core_dna_prot_spliceai,nt_v1_500m,esm1v_650m,Pure_XGBoost_Concat,0.7989,0.7271,0.8958,0.7175,0.8027,0.6158,0.9026,0.8752,
Train1Val_ProteinGym,center,dna_prot_spliceai,nt_v2_500m,esm1v_650m,PyTorch_CrossAttn,0.8084,0.8445,0.7113,0.89,0.7722,0.6157,0.8918,0.8828,
Train1Val_ProteinGym,center,dna_prot,nt_v1_500m,esm1v_650m,Pure_XGBoost_Concat,0.8091,0.8319,0.7292,0.8762,0.7772,0.6155,0.8868,0.8714,
Train1Val_ProteinGym,mean,bio_core_dna_prot,nt_v1_500m,esm1v_650m,Hybrid_CrossAttn_XGBoost,0.7942,0.7133,0.9182,0.69,0.8029,0.6154,0.9048,0.8825,
Train1Val_ProteinGym,center,dna_prot_spliceai,nt_v3_650m,esm1v_650m,PyTorch_Concat,0.8077,0.8505,0.7024,0.8962,0.7694,0.6153,0.8962,0.884,
Train1Val_ProteinGym,mean,dna_prot,nt_v1_500m,esm1b_650m,Hybrid_Concat_XGBoost,0.8091,0.8264,0.7366,0.87,0.7789,0.6151,0.8935,0.8792,
Train1Val_ProteinGym,center,dna_prot,nt_v3_650m,esm1v_650m,PyTorch_Gating,0.805,0.8767,0.6667,0.9212,0.7574,0.6151,0.8934,0.885,
Train1Val_ProteinGym,mean,bio_core_dna_prot_spliceai,nt_v3_650m,esmc_600m,Hybrid_CrossAttn_XGBoost,0.7982,0.7256,0.8973,0.715,0.8024,0.6151,0.9024,0.8824,
Train1Val_ProteinGym,center,dna_prot,nt_v1_500m,esm1v_650m,PyTorch_CrossAttn,0.8071,0.8553,0.6949,0.9012,0.7668,0.6148,0.8824,0.8716,
Train1Val_ProteinGym,mean,dna_prot,nt_v2_500m,esm1b_650m,Hybrid_Concat_XGBoost,0.8091,0.821,0.744,0.8638,0.7806,0.6147,0.8911,0.8722,
Train1Val_ProteinGym,mean,bio_core_dna_prot_spliceai,nt_v3_650m,esm1v_650m,Hybrid_Concat_XGBoost,0.7962,0.7199,0.9062,0.7038,0.8024,0.6146,0.899,0.8779,
Train1Val_ProteinGym,cls,dna_prot,nt_v2_500m,esm1b_650m,Hybrid_Concat_XGBoost,0.8091,0.8169,0.75,0.8588,0.782,0.6145,0.8791,0.8636,
Train1Val_ProteinGym,center,dna_prot_spliceai,nt_v2_500m,esm1v_650m,Hybrid_Transformer_XGBoost,0.8091,0.8148,0.753,0.8562,0.7827,0.6145,0.8879,0.8777,
Train1Val_ProteinGym,center,dna_prot_spliceai,nt_v1_500m,esm1v_650m,Hybrid_CrossAttn_XGBoost,0.8091,0.805,0.7679,0.8438,0.786,0.6144,0.8938,0.8838,
Train1Val_ProteinGym,mean,dna_prot,nt_v1_500m,esm1b_650m,PyTorch_CrossAttn,0.8071,0.8514,0.6994,0.8975,0.768,0.6141,0.8987,0.8848,
Train1Val_ProteinGym,center,dna_prot_spliceai,nt_v2_500m,esm1b_650m,PyTorch_Gating,0.8064,0.8577,0.6905,0.9038,0.765,0.6139,0.8912,0.8821,
Train1Val_ProteinGym,cls,bio_core_dna_prot_spliceai,nt_v2_500m,esm1v_650m,Pure_XGBoost_Concat,0.7969,0.7228,0.9003,0.71,0.8019,0.6138,0.9034,0.8797,
Train1Val_ProteinGym,cls,bio_core_dna_prot_spliceai,nt_v3_650m,esm1v_650m,Hybrid_CrossAttn_XGBoost,0.7976,0.7253,0.8958,0.715,0.8016,0.6135,0.8963,0.8741,
Train1Val_ProteinGym,mean,bio_core_dna_prot_spliceai,nt_v1_500m,esmc_600m,Hybrid_Transformer_XGBoost,0.7955,0.719,0.9062,0.7025,0.8018,0.6135,0.8939,0.8723,
Train1Val_ProteinGym,cls,bio_core_dna_prot_spliceai,nt_v1_500m,esmc_600m,PyTorch_Transformer,0.8077,0.7831,0.8006,0.8138,0.7918,0.6134,0.8886,0.8663,
Train1Val_ProteinGym,cls,bio_core_dna_prot,nt_v1_500m,esm1v_650m,Hybrid_Concat_XGBoost,0.7948,0.7171,0.9092,0.6988,0.8018,0.6133,0.9017,0.8803,
Train1Val_ProteinGym,mean,dna_prot_spliceai,nt_v3_650m,esm1b_650m,Pure_XGBoost_Concat,0.8084,0.8197,0.744,0.8625,0.78,0.6133,0.887,0.8614,
Train1Val_ProteinGym,mean,bio_core_dna_prot_spliceai,nt_v2_500m,esm1v_650m,Hybrid_Concat_XGBoost,0.7942,0.7153,0.9122,0.695,0.8018,0.6132,0.9031,0.881,
Train1Val_ProteinGym,cls,dna_prot,nt_v1_500m,esm1b_650m,Hybrid_Transformer_XGBoost,0.8084,0.8105,0.7574,0.8512,0.7831,0.613,0.8806,0.8479,
Train1Val_ProteinGym,cls,dna_prot,nt_v3_650m,esm1b_650m,PyTorch_Transformer,0.8064,0.8525,0.6964,0.8988,0.7666,0.613,0.8907,0.8698,
Train1Val_ProteinGym,center,dna_prot_spliceai,nt_v1_500m,esm1v_650m,Hybrid_Transformer_XGBoost,0.8084,0.8056,0.7649,0.845,0.7847,0.613,0.8848,0.8735,
Train1Val_ProteinGym,mean,dna_prot_spliceai,nt_v1_500m,esm1b_650m,PyTorch_CrossAttn,0.8064,0.8512,0.6979,0.8975,0.767,0.6128,0.8966,0.8852,
Train1Val_ProteinGym,cls,bio_core_dna_prot_spliceai,nt_v1_500m,esm1v_650m,Hybrid_CrossAttn_XGBoost,0.7955,0.72,0.9033,0.705,0.8013,0.6125,0.8967,0.8672,
Train1Val_ProteinGym,center,dna_prot_spliceai,nt_v1_500m,esm1v_650m,Hybrid_Concat_XGBoost,0.8077,0.8236,0.7366,0.8675,0.7777,0.6122,0.8879,0.8785,
Train1Val_ProteinGym,mean,dna_prot_spliceai,nt_v3_650m,esm1b_650m,PyTorch_CrossAttn,0.8057,0.8548,0.692,0.9012,0.7648,0.6122,0.8998,0.8874,
Train1Val_ProteinGym,cls,bio_core_dna_prot_spliceai,nt_v1_500m,esm1v_650m,Hybrid_Concat_XGBoost,0.7955,0.7206,0.9018,0.7062,0.8011,0.612,0.8956,0.8727,
Train1Val_ProteinGym,center,dna_prot_spliceai,nt_v2_500m,esm1b_650m,Pure_XGBoost_Concat,0.8077,0.8173,0.7455,0.86,0.7798,0.6118,0.8821,0.8717,
Train1Val_ProteinGym,cls,bio_core_dna_prot,nt_v1_500m,esm1v_650m,Hybrid_Transformer_XGBoost,0.7948,0.7187,0.9048,0.7025,0.8011,0.6118,0.9019,0.8811,
Train1Val_ProteinGym,cls,bio_core_dna_prot_spliceai,nt_v2_500m,esm2_650m,Hybrid_Concat_XGBoost,0.7962,0.723,0.8973,0.7113,0.8008,0.6117,0.8855,0.8512,
Train1Val_ProteinGym,mean,bio_core_dna_prot_spliceai,nt_v1_500m,esmc_600m,Hybrid_Gating_XGBoost,0.7942,0.7168,0.9077,0.6988,0.8011,0.6117,0.9002,0.8772,
Train1Val_ProteinGym,mean,dna_prot,nt_v1_500m,esmc_600m,Hybrid_Concat_XGBoost,0.8064,0.8425,0.7083,0.8888,0.7696,0.6116,0.8735,0.8596,
Train1Val_ProteinGym,center,dna_prot,nt_v3_650m,esm1v_650m,Hybrid_Concat_XGBoost,0.8077,0.8073,0.7604,0.8475,0.7831,0.6116,0.8947,0.8791,
Train1Val_ProteinGym,center,dna_prot,nt_v3_650m,esmc_600m,Pure_XGBoost_Concat,0.8071,0.8277,0.7292,0.8725,0.7753,0.6112,0.889,0.8827,
Train1Val_ProteinGym,mean,dna_prot_spliceai,nt_v3_650m,esmc_600m,PyTorch_Concat,0.805,0.8558,0.689,0.9025,0.7634,0.6111,0.8914,0.8769,
Train1Val_ProteinGym,cls,dna_prot_spliceai,nt_v3_650m,esm1b_650m,PyTorch_Transformer,0.8064,0.8377,0.7143,0.8838,0.7711,0.6109,0.8839,0.8557,
Train1Val_ProteinGym,cls,bio_core_dna_prot_spliceai,nt_v3_650m,esmc_600m,Hybrid_Concat_XGBoost,0.7962,0.7241,0.8943,0.7138,0.8003,0.6108,0.8977,0.8749,
Train1Val_ProteinGym,center,dna_prot_spliceai,nt_v2_500m,esm1v_650m,PyTorch_Concat,0.8057,0.8446,0.7039,0.8912,0.7679,0.6106,0.8828,0.8744,
Train1Val_ProteinGym,mean,dna_prot,nt_v3_650m,esmc_600m,Hybrid_Transformer_XGBoost,0.8064,0.8342,0.7188,0.88,0.7722,0.6105,0.8803,0.8648,
Train1Val_ProteinGym,mean,prot,,esm1b_650m,PyTorch_Concat,0.805,0.8519,0.6935,0.8988,0.7646,0.6104,0.902,0.8905,
Train1Val_ProteinGym,mean,prot,,esm1b_650m,PyTorch_Concat,0.805,0.8519,0.6935,0.8988,0.7646,0.6104,0.902,0.8905,
Train1Val_ProteinGym,mean,prot,,esm1b_650m,PyTorch_Concat,0.805,0.8519,0.6935,0.8988,0.7646,0.6104,0.902,0.8905,
Train1Val_ProteinGym,mean,prot,,esm1b_650m,PyTorch_Concat,0.805,0.8519,0.6935,0.8988,0.7646,0.6104,0.902,0.8905,
Train1Val_ProteinGym,center,dna_prot,nt_v1_500m,esm1v_650m,Hybrid_CrossAttn_XGBoost,0.8071,0.8109,0.753,0.8525,0.7809,0.6103,0.8871,0.8762,
Train1Val_ProteinGym,center,dna_prot,nt_v3_650m,esm1v_650m,Hybrid_Transformer_XGBoost,0.8071,0.8041,0.7634,0.8438,0.7832,0.6103,0.8931,0.8818,
Train1Val_ProteinGym,center,dna_prot_spliceai,nt_v3_650m,esm1v_650m,Hybrid_Transformer_XGBoost,0.8071,0.8031,0.7649,0.8425,0.7835,0.6103,0.8959,0.8791,
Train1Val_ProteinGym,mean,dna_prot,nt_v2_500m,esm1b_650m,PyTorch_CrossAttn,0.8064,0.8296,0.7247,0.875,0.7736,0.6101,0.8914,0.8798,
Train1Val_ProteinGym,center,dna_prot,nt_v1_500m,esm1b_650m,PyTorch_Transformer,0.805,0.8481,0.6979,0.895,0.7657,0.6098,0.8908,0.8833,
Train1Val_ProteinGym,mean,dna_prot,nt_v3_650m,esm1b_650m,PyTorch_Transformer,0.8043,0.8556,0.6875,0.9025,0.7624,0.6098,0.8993,0.8838,
Train1Val_ProteinGym,cls,dna_prot,nt_v1_500m,esm1b_650m,PyTorch_CrossAttn,0.8043,0.8542,0.689,0.9012,0.7628,0.6096,0.8875,0.8679,
Train1Val_ProteinGym,cls,bio_core_dna_prot_spliceai,nt_v3_650m,esm2_650m,Hybrid_CrossAttn_XGBoost,0.7948,0.7213,0.8973,0.7088,0.7997,0.6094,0.8867,0.8588,
Train1Val_ProteinGym,cls,bio_core_dna_prot_spliceai,nt_v2_500m,esm1v_650m,Hybrid_CrossAttn_XGBoost,0.7948,0.7213,0.8973,0.7088,0.7997,0.6094,0.8923,0.8635,
Train1Val_ProteinGym,mean,dna_prot_spliceai,nt_v2_500m,esm1b_650m,Pure_XGBoost_Concat,0.8064,0.8188,0.7396,0.8625,0.7772,0.6092,0.8811,0.8631,
Train1Val_ProteinGym,center,dna_prot_spliceai,nt_v1_500m,esm1b_650m,Pure_XGBoost_Concat,0.8064,0.8157,0.744,0.8588,0.7782,0.6091,0.8863,0.8748,
Train1Val_ProteinGym,cls,bio_core_dna_prot_spliceai,nt_v2_500m,esm2_650m,Hybrid_Gating_XGBoost,0.7935,0.7175,0.9033,0.7012,0.7997,0.6091,0.8868,0.8588,
Train1Val_ProteinGym,cls,dna_prot_spliceai,nt_v1_500m,esm1b_650m,Hybrid_CrossAttn_XGBoost,0.8064,0.8146,0.7455,0.8575,0.7786,0.609,0.8837,0.8679,
Train1Val_ProteinGym,cls,dna_prot,nt_v1_500m,esm1b_650m,Hybrid_Concat_XGBoost,0.8064,0.8086,0.7545,0.85,0.7806,0.6089,0.8826,0.8655,
Train1Val_ProteinGym,mean,dna_prot,nt_v3_650m,esm1b_650m,PyTorch_Concat,0.8043,0.8504,0.6935,0.8975,0.7639,0.6089,0.8962,0.8836,
Train1Val_ProteinGym,center,dna_prot_spliceai,nt_v3_650m,esm1v_650m,Hybrid_Concat_XGBoost,0.8064,0.8076,0.756,0.8488,0.7809,0.6089,0.8955,0.8814,
Train1Val_ProteinGym,cls,dna_prot_spliceai,nt_v1_500m,esm1b_650m,PyTorch_CrossAttn,0.805,0.8419,0.7054,0.8888,0.7676,0.6089,0.8874,0.8681,
Train1Val_ProteinGym,cls,bio_core_dna_prot,nt_v2_500m,esm1v_650m,Hybrid_Gating_XGBoost,0.7928,0.7156,0.9062,0.6975,0.7997,0.6089,0.8979,0.8675,
Train1Val_ProteinGym,center,prot_spliceai,,esm1v_650m,PyTorch_Concat,0.8037,0.8566,0.6845,0.9038,0.761,0.6087,0.893,0.8816,
Train1Val_ProteinGym,center,dna_prot,nt_v3_650m,esm1v_650m,Pure_XGBoost_Concat,0.8057,0.8217,0.7336,0.8662,0.7752,0.6081,0.888,0.8683,
Train1Val_ProteinGym,mean,dna_prot_spliceai,nt_v2_500m,esm1b_650m,Hybrid_CrossAttn_XGBoost,0.8057,0.8154,0.7426,0.8588,0.7773,0.6077,0.8914,0.8784,
Train1Val_ProteinGym,cls,bio_core_dna_prot_spliceai,nt_v1_500m,esmc_600m,Hybrid_Concat_XGBoost,0.7921,0.7153,0.9048,0.6975,0.7989,0.6073,0.8938,0.8759,
Train1Val_ProteinGym,cls,bio_core_dna_prot_spliceai,nt_v1_500m,esm1v_650m,Hybrid_Gating_XGBoost,0.7914,0.7135,0.9077,0.6938,0.799,0.6072,0.8987,0.8759,
Train1Val_ProteinGym,mean,dna_prot_spliceai,nt_v1_500m,esm1b_650m,PyTorch_Gating,0.8023,0.8615,0.6756,0.9088,0.7573,0.6071,0.8973,0.8832,
Train1Val_ProteinGym,mean,bio_core_dna_prot_spliceai,nt_v2_500m,esm1v_650m,Pure_XGBoost_Concat,0.7928,0.7177,0.9003,0.7025,0.7987,0.607,0.9042,0.8841,
Train1Val_ProteinGym,center,dna_prot_spliceai,nt_v1_500m,esm1v_650m,PyTorch_Gating,0.8016,0.8668,0.6682,0.9138,0.7546,0.6069,0.891,0.8838,
Train1Val_ProteinGym,mean,dna_prot,nt_v3_650m,esmc_600m,Hybrid_Concat_XGBoost,0.8043,0.8357,0.7113,0.8825,0.7685,0.6068,0.8787,0.8669,
Train1Val_ProteinGym,cls,bio_core_dna_prot,nt_v3_650m,esm1v_650m,Hybrid_Gating_XGBoost,0.7901,0.7103,0.9122,0.6875,0.7987,0.6065,0.903,0.8826,
Train1Val_ProteinGym,mean,prot_spliceai,,esm1b_650m,PyTorch_Concat,0.803,0.8511,0.689,0.8988,0.7615,0.6065,0.8968,0.884,
Train1Val_ProteinGym,cls,dna_prot_spliceai,nt_v1_500m,esm1b_650m,PyTorch_Transformer,0.8043,0.8322,0.7158,0.8788,0.7696,0.6064,0.8887,0.8693,
Train1Val_ProteinGym,cls,dna_prot_spliceai,nt_v1_500m,esm1b_650m,PyTorch_Gating,0.8023,0.8574,0.6801,0.905,0.7585,0.6064,0.89,0.8714,
Train1Val_ProteinGym,cls,dna_prot,nt_v3_650m,esm1b_650m,Hybrid_CrossAttn_XGBoost,0.805,0.813,0.744,0.8562,0.777,0.6063,0.8861,0.8632,
Train1Val_ProteinGym,cls,dna_prot_spliceai,nt_v3_650m,esm1b_650m,Hybrid_Transformer_XGBoost,0.805,0.814,0.7426,0.8575,0.7767,0.6063,0.8832,0.8666,
Train1Val_ProteinGym,center,dna_prot,nt_v2_500m,esm1v_650m,Hybrid_Gating_XGBoost,0.805,0.7994,0.7649,0.8388,0.7817,0.6062,0.8843,0.8721,
Train1Val_ProteinGym,center,prot_spliceai,,esm1b_650m,PyTorch_Concat,0.8023,0.8561,0.6815,0.9038,0.7589,0.6061,0.8973,0.8827,
Train1Val_ProteinGym,center,dna_prot_spliceai,nt_v2_500m,esm1v_650m,Hybrid_Gating_XGBoost,0.805,0.808,0.7515,0.85,0.7787,0.6061,0.8907,0.8789,
Train1Val_ProteinGym,mean,dna_prot_spliceai,nt_v3_650m,esm1b_650m,PyTorch_Gating,0.8023,0.8561,0.6815,0.9038,0.7589,0.6061,0.9004,0.8878,
Train1Val_ProteinGym,center,dna_prot_spliceai,nt_v3_650m,esm1v_650m,PyTorch_Gating,0.8023,0.8547,0.683,0.9025,0.7593,0.6059,0.8931,0.8821,
Train1Val_ProteinGym,mean,prot_spliceai,,esmc_600m,PyTorch_Concat,0.8023,0.8547,0.683,0.9025,0.7593,0.6059,0.8898,0.8757,
Train1Val_ProteinGym,cls,bio_core_dna_prot_spliceai,nt_v3_650m,esmc_600m,Hybrid_Gating_XGBoost,0.7921,0.7168,0.9003,0.7012,0.7982,0.6058,0.8901,0.8693,
Train1Val_ProteinGym,mean,bio_core_dna_prot_spliceai,nt_v1_500m,esm1v_650m,Hybrid_Gating_XGBoost,0.7908,0.7131,0.9062,0.6938,0.7982,0.6056,0.901,0.8756,
Train1Val_ProteinGym,center,dna_prot,nt_v2_500m,esm1v_650m,Pure_XGBoost_Concat,0.8043,0.8221,0.7292,0.8675,0.7729,0.6055,0.8866,0.8689,
Train1Val_ProteinGym,center,dna_prot,nt_v3_650m,esm1v_650m,PyTorch_Transformer,0.8023,0.8521,0.686,0.9,0.7601,0.6054,0.8941,0.881,
Train1Val_ProteinGym,cls,dna_prot,nt_v3_650m,esm1b_650m,PyTorch_Gating,0.801,0.8637,0.6696,0.9112,0.7544,0.6051,0.8896,0.8743,
Train1Val_ProteinGym,center,dna_prot,nt_v1_500m,esm1v_650m,PyTorch_Gating,0.801,0.8637,0.6696,0.9112,0.7544,0.6051,0.8916,0.8809,
Train1Val_ProteinGym,center,dna_prot_spliceai,nt_v1_500m,esm1v_650m,PyTorch_CrossAttn,0.801,0.8637,0.6696,0.9112,0.7544,0.6051,0.8887,0.8799,
Train1Val_ProteinGym,mean,dna_prot_spliceai,nt_v1_500m,esm1b_650m,PyTorch_Concat,0.803,0.8423,0.6994,0.89,0.7642,0.6051,0.8968,0.8866,
Train1Val_ProteinGym,center,dna_prot_spliceai,nt_v2_500m,esm1v_650m,PyTorch_Gating,0.8003,0.8691,0.6622,0.9162,0.7517,0.605,0.8862,0.8777,
Train1Val_ProteinGym,center,prot_spliceai,,esm1v_650m,Hybrid_Concat_XGBoost,0.8043,0.8087,0.7485,0.8512,0.7774,0.6048,0.8888,0.875,
Train1Val_ProteinGym,mean,dna_prot_spliceai,nt_v3_650m,esmc_600m,Hybrid_Transformer_XGBoost,0.8037,0.8285,0.7188,0.875,0.7697,0.6047,0.8747,0.8625,
Train1Val_ProteinGym,center,dna_prot,nt_v3_650m,esm1v_650m,PyTorch_CrossAttn,0.8003,0.8663,0.6652,0.9138,0.7525,0.6044,0.8963,0.8863,
Train1Val_ProteinGym,cls,bio_core_prot_spliceai,,esm1v_650m,Hybrid_Concat_XGBoost,0.7894,0.7105,0.9092,0.6888,0.7977,0.6044,0.8967,0.8703,
Train1Val_ProteinGym,cls,bio_core_dna_prot_spliceai,nt_v2_500m,esmc_600m,PyTorch_Gating,0.8016,0.7617,0.8229,0.7837,0.7911,0.6044,0.8826,0.8582,
Train1Val_ProteinGym,cls,bio_core_dna_prot,nt_v3_650m,esm1v_650m,Pure_XGBoost_Concat,0.7921,0.7184,0.8958,0.705,0.7974,0.6044,0.905,0.8788,
Train1Val_ProteinGym,center,dna_prot_spliceai,nt_v2_500m,esm1v_650m,Pure_XGBoost_Concat,0.8037,0.824,0.7247,0.87,0.7712,0.6043,0.8864,0.8745,
Train1Val_ProteinGym,center,dna_prot,nt_v2_500m,esm1v_650m,PyTorch_Transformer,0.8037,0.8218,0.7277,0.8675,0.7719,0.6041,0.885,0.8773,
Train1Val_ProteinGym,mean,dna_prot,nt_v3_650m,esm1b_650m,Pure_XGBoost_Concat,0.8037,0.8176,0.7336,0.8625,0.7733,0.6038,0.8894,0.8684,
Train1Val_ProteinGym,cls,bio_core_dna_prot_spliceai,nt_v2_500m,esm2_650m,Hybrid_CrossAttn_XGBoost,0.7914,0.717,0.8973,0.7025,0.7971,0.6037,0.8841,0.8536,
Train1Val_ProteinGym,cls,bio_core_dna_prot_spliceai,nt_v3_650m,esm2_650m,Hybrid_Transformer_XGBoost,0.7921,0.7194,0.8929,0.7075,0.7968,0.6035,0.89,0.8567,
Train1Val_ProteinGym,cls,dna_prot_spliceai,nt_v2_500m,esm1b_650m,Hybrid_CrossAttn_XGBoost,0.8037,0.8074,0.7485,0.85,0.7768,0.6034,0.88,0.8608,
Train1Val_ProteinGym,mean,dna_prot_spliceai,nt_v2_500m,esmc_600m,Pure_XGBoost_Concat,0.8016,0.8467,0.6905,0.895,0.7607,0.6033,0.8749,0.8634,
Train1Val_ProteinGym,center,dna_prot_spliceai,nt_v2_500m,esm1v_650m,PyTorch_Transformer,0.8003,0.8593,0.6726,0.9075,0.7546,0.603,0.8859,0.8789,
Train1Val_ProteinGym,center,prot_spliceai,,esm1v_650m,Pure_XGBoost_Concat,0.803,0.8205,0.7277,0.8662,0.7713,0.6027,0.8838,0.8696,
Train1Val_ProteinGym,cls,bio_core_dna_prot,nt_v1_500m,esm1v_650m,Hybrid_Gating_XGBoost,0.7887,0.7101,0.9077,0.6888,0.7969,0.6027,0.8984,0.87,
Train1Val_ProteinGym,mean,dna_prot_spliceai,nt_v1_500m,esm1b_650m,Pure_XGBoost_Concat,0.803,0.8183,0.7307,0.8638,0.772,0.6025,0.8836,0.8582,
Train1Val_ProteinGym,center,dna_prot,nt_v3_650m,esm1v_650m,Hybrid_Gating_XGBoost,0.803,0.8022,0.7545,0.8438,0.7776,0.602,0.8876,0.876,
Train1Val_ProteinGym,center,dna_prot_spliceai,nt_v2_500m,esm1v_650m,Hybrid_Concat_XGBoost,0.803,0.8051,0.75,0.8475,0.7766,0.602,0.8897,0.8765,
Train1Val_ProteinGym,center,dna_prot,nt_v1_500m,esm1v_650m,PyTorch_Transformer,0.801,0.8439,0.692,0.8925,0.7604,0.6016,0.8915,0.8808,
Train1Val_ProteinGym,mean,dna_prot_spliceai,nt_v2_500m,esmc_600m,PyTorch_Concat,0.7989,0.8643,0.6637,0.9125,0.7508,0.6015,0.8874,0.8779,
Train1Val_ProteinGym,cls,dna_prot,nt_v2_500m,esm1b_650m,PyTorch_Concat,0.801,0.8427,0.6935,0.8912,0.7608,0.6014,0.882,0.8619,
Train1Val_ProteinGym,mean,prot,,esm1b_650m,Pure_XGBoost_Concat,0.8023,0.8149,0.7336,0.86,0.7721,0.601,0.8819,0.8642,
Train1Val_ProteinGym,mean,prot,,esm1b_650m,Pure_XGBoost_Concat,0.8023,0.8149,0.7336,0.86,0.7721,0.601,0.8819,0.8642,
Train1Val_ProteinGym,mean,prot,,esm1b_650m,Pure_XGBoost_Concat,0.8023,0.8149,0.7336,0.86,0.7721,0.601,0.8819,0.8642,
Train1Val_ProteinGym,mean,prot,,esm1b_650m,Pure_XGBoost_Concat,0.8023,0.8149,0.7336,0.86,0.7721,0.601,0.8819,0.8642,
Train1Val_ProteinGym,cls,dna_prot_spliceai,nt_v3_650m,esm1b_650m,PyTorch_Gating,0.7996,0.855,0.6756,0.9038,0.7548,0.6009,0.89,0.8721,
Train1Val_ProteinGym,mean,dna_prot,nt_v3_650m,esmc_600m,PyTorch_Transformer,0.8003,0.8462,0.6875,0.895,0.7586,0.6007,0.8941,0.8758,
Train1Val_ProteinGym,cls,prot_spliceai,,esm1b_650m,PyTorch_Concat,0.7996,0.8537,0.6771,0.9025,0.7552,0.6007,0.8912,0.8632,
Train1Val_ProteinGym,mean,dna_prot_spliceai,nt_v2_500m,esm1b_650m,PyTorch_Gating,0.7989,0.8602,0.6682,0.9088,0.7521,0.6007,0.8968,0.8802,
Train1Val_ProteinGym,mean,dna_prot_spliceai,nt_v3_650m,esm1b_650m,PyTorch_Transformer,0.7996,0.8523,0.6786,0.9012,0.7556,0.6005,0.9,0.8894,
Train1Val_ProteinGym,mean,bio_core_dna_spliceai,nt_v3_650m,,PyTorch_Concat,0.7955,0.7363,0.8601,0.7412,0.7934,0.6004,0.8794,0.8404,
Train1Val_ProteinGym,mean,dna_prot,nt_v2_500m,esm1b_650m,Pure_XGBoost_Concat,0.8016,0.8209,0.7232,0.8675,0.769,0.6001,0.886,0.8684,
Train1Val_ProteinGym,mean,dna_prot_spliceai,nt_v1_500m,esm1b_650m,PyTorch_Transformer,0.8003,0.8424,0.692,0.8912,0.7598,0.6001,0.8922,0.8802,
Train1Val_ProteinGym,cls,dna_prot,nt_v2_500m,esm1b_650m,PyTorch_Gating,0.7989,0.8561,0.6726,0.905,0.7533,0.5999,0.887,0.8678,
Train1Val_ProteinGym,cls,bio_core_dna_prot_spliceai,nt_v1_500m,esm2_650m,Hybrid_CrossAttn_XGBoost,0.7894,0.715,0.8958,0.7,0.7952,0.5998,0.8865,0.8558,
Train1Val_ProteinGym,mean,dna_prot_spliceai,nt_v3_650m,esmc_600m,PyTorch_CrossAttn,0.7989,0.8547,0.6741,0.9038,0.7537,0.5996,0.8847,0.8684,
Train1Val_ProteinGym,cls,dna_prot_spliceai,nt_v2_500m,esm1b_650m,PyTorch_Transformer,0.7982,0.8599,0.6667,0.9088,0.751,0.5994,0.8853,0.8623,
Train1Val_ProteinGym,center,dna_prot_spliceai,nt_v1_500m,esm1b_650m,PyTorch_Gating,0.7996,0.8446,0.6875,0.8938,0.758,0.5991,0.8922,0.8808,
Train1Val_ProteinGym,center,dna_prot,nt_v2_500m,esm1v_650m,PyTorch_CrossAttn,0.7982,0.8544,0.6726,0.9038,0.7527,0.5983,0.8908,0.8828,
Train1Val_ProteinGym,mean,prot_spliceai,,esm1b_650m,Pure_XGBoost_Concat,0.801,0.8132,0.7321,0.8588,0.7706,0.5982,0.884,0.8609,
Train1Val_ProteinGym,center,dna_prot,nt_v2_500m,esm1v_650m,PyTorch_Concat,0.7989,0.8456,0.6845,0.895,0.7566,0.598,0.8866,0.8759,
Train1Val_ProteinGym,cls,dna_prot_spliceai,nt_v3_650m,esm1b_650m,Hybrid_Gating_XGBoost,0.801,0.8081,0.7396,0.8525,0.7723,0.598,0.8844,0.862,
Train1Val_ProteinGym,center,dna_prot,nt_v2_500m,esm1v_650m,PyTorch_Gating,0.7982,0.8518,0.6756,0.9012,0.7535,0.5979,0.8854,0.8773,
Train1Val_ProteinGym,mean,dna_prot,nt_v1_500m,esm1b_650m,Pure_XGBoost_Concat,0.8003,0.8225,0.7173,0.87,0.7663,0.5976,0.8846,0.8679,
Train1Val_ProteinGym,mean,dna_prot,nt_v2_500m,esmc_600m,PyTorch_Transformer,0.7982,0.8505,0.6771,0.9,0.7539,0.5976,0.8892,0.8662,
Train1Val_ProteinGym,mean,dna_prot_spliceai,nt_v2_500m,esmc_600m,PyTorch_Transformer,0.7976,0.8569,0.6682,0.9062,0.7508,0.5976,0.8836,0.8706,
Train1Val_ProteinGym,cls,bio_core_dna_prot_spliceai,nt_v2_500m,esmc_600m,PyTorch_Concat,0.7955,0.7419,0.8467,0.7525,0.7908,0.5975,0.8744,0.8466,
Train1Val_ProteinGym,cls,bio_core_dna_prot_spliceai,nt_v2_500m,esmc_600m,Hybrid_Transformer_XGBoost,0.7867,0.7096,0.9018,0.69,0.7942,0.5973,0.8897,0.8618,
Train1Val_ProteinGym,cls,bio_core_dna_prot_spliceai,nt_v2_500m,esmc_600m,Hybrid_CrossAttn_XGBoost,0.786,0.7078,0.9048,0.6862,0.7943,0.5972,0.8915,0.8634,
Train1Val_ProteinGym,cls,dna_prot,nt_v3_650m,esm1b_650m,Hybrid_Gating_XGBoost,0.8003,0.814,0.7292,0.86,0.7692,0.5969,0.8874,0.8707,
Train1Val_ProteinGym,mean,dna_prot_spliceai,nt_v1_500m,esmc_600m,Hybrid_CrossAttn_XGBoost,0.7996,0.8267,0.7098,0.875,0.7638,0.5967,0.8626,0.8553,
Train1Val_ProteinGym,cls,dna_prot_spliceai,nt_v1_500m,esm1b_650m,Hybrid_Gating_XGBoost,0.8003,0.8088,0.7366,0.8538,0.771,0.5966,0.875,0.8541,
Train1Val_ProteinGym,cls,dna_prot,nt_v1_500m,esm1b_650m,Hybrid_Gating_XGBoost,0.8003,0.8058,0.7411,0.85,0.7721,0.5965,0.8844,0.8641,
Train1Val_ProteinGym,cls,prot,,esm1b_650m,Hybrid_Concat_XGBoost,0.8003,0.8019,0.747,0.845,0.7735,0.5965,0.8821,0.8648,
Train1Val_ProteinGym,mean,dna_prot,nt_v2_500m,esmc_600m,PyTorch_Concat,0.7969,0.858,0.6652,0.9075,0.7494,0.5965,0.889,0.8788,
Train1Val_ProteinGym,cls,prot,,esm1b_650m,Hybrid_Concat_XGBoost,0.8003,0.8019,0.747,0.845,0.7735,0.5965,0.8821,0.8648,
Train1Val_ProteinGym,cls,prot,,esm1b_650m,Hybrid_Concat_XGBoost,0.8003,0.8019,0.747,0.845,0.7735,0.5965,0.8821,0.8648,
Train1Val_ProteinGym,cls,prot,,esm1b_650m,Hybrid_Concat_XGBoost,0.8003,0.8019,0.747,0.845,0.7735,0.5965,0.8821,0.8648,
Train1Val_ProteinGym,cls,prot,,esm1b_650m,Hybrid_Concat_XGBoost,0.8003,0.8019,0.747,0.845,0.7735,0.5965,0.8821,0.8648,
Train1Val_ProteinGym,mean,prot_spliceai,,esmc_600m,Pure_XGBoost_Concat,0.7989,0.8357,0.6964,0.885,0.7597,0.5965,0.8766,0.8657,
Train1Val_ProteinGym,cls,bio_core_dna_prot_spliceai,nt_v1_500m,esmc_600m,Hybrid_CrossAttn_XGBoost,0.7867,0.7111,0.8973,0.6938,0.7934,0.5958,0.8918,0.8746,
Train1Val_ProteinGym,mean,dna_prot_spliceai,nt_v2_500m,esmc_600m,PyTorch_CrossAttn,0.7982,0.8391,0.6905,0.8888,0.7576,0.5957,0.8864,0.8716,
Train1Val_ProteinGym,cls,dna_prot_spliceai,nt_v3_650m,esm1b_650m,PyTorch_CrossAttn,0.7976,0.8463,0.6801,0.8962,0.7541,0.5956,0.8882,0.8673,
Train1Val_ProteinGym,cls,bio_core_dna_prot_spliceai,nt_v3_650m,esm2_650m,Hybrid_Gating_XGBoost,0.786,0.7093,0.9003,0.69,0.7934,0.5956,0.8861,0.8554,
Train1Val_ProteinGym,mean,dna_prot,nt_v3_650m,esm1b_650m,PyTorch_CrossAttn,0.7962,0.8591,0.6622,0.9088,0.7479,0.5955,0.8981,0.8834,
Train1Val_ProteinGym,cls,dna_prot_spliceai,nt_v1_500m,esm1b_650m,PyTorch_Concat,0.7989,0.8275,0.7068,0.8762,0.7624,0.5955,0.8834,0.8628,
Train1Val_ProteinGym,center,dna_prot,nt_v1_500m,esm1v_650m,PyTorch_Concat,0.7962,0.8577,0.6637,0.9075,0.7483,0.5952,0.8917,0.8808,
Train1Val_ProteinGym,mean,dna_prot_spliceai,nt_v1_500m,esmc_600m,Hybrid_Concat_XGBoost,0.7982,0.8354,0.6949,0.885,0.7587,0.5952,0.8709,0.8573,
Train1Val_ProteinGym,mean,dna_prot,nt_v1_500m,esm1v_650m,Hybrid_CrossAttn_XGBoost,0.7996,0.7978,0.7515,0.84,0.7739,0.5951,0.8793,0.8583,
Train1Val_ProteinGym,mean,dna_prot,nt_v2_500m,esmc_600m,PyTorch_CrossAttn,0.7969,0.846,0.6786,0.8962,0.7531,0.5943,0.8858,0.8741,
Train1Val_ProteinGym,cls,dna_prot,nt_v3_650m,esm1b_650m,PyTorch_Concat,0.7976,0.8363,0.692,0.8862,0.7573,0.5941,0.8853,0.8603,
Train1Val_ProteinGym,cls,dna_prot_spliceai,nt_v2_500m,esm1b_650m,PyTorch_Concat,0.7962,0.8509,0.6711,0.9012,0.7504,0.594,0.8821,0.8613,
Train1Val_ProteinGym,cls,dna_prot,nt_v1_500m,esm1b_650m,PyTorch_Concat,0.7976,0.8351,0.6935,0.885,0.7577,0.5939,0.8827,0.8554,
Train1Val_ProteinGym,cls,dna_prot,nt_v1_500m,esm1b_650m,PyTorch_Transformer,0.7969,0.8435,0.6815,0.8938,0.7539,0.5939,0.8879,0.864,
Train1Val_ProteinGym,cls,dna_prot,nt_v3_650m,esm1b_650m,Hybrid_Concat_XGBoost,0.7989,0.8082,0.7336,0.8538,0.7691,0.5939,0.8783,0.8623,
Train1Val_ProteinGym,cls,dna_prot,nt_v2_500m,esm1b_650m,PyTorch_Transformer,0.7955,0.8574,0.6622,0.9075,0.7473,0.5939,0.8835,0.8502,
Train1Val_ProteinGym,cls,bio_core_dna_prot_spliceai,nt_v3_650m,esmc_600m,Hybrid_Transformer_XGBoost,0.7846,0.7071,0.9018,0.6862,0.7927,0.5939,0.8912,0.8692,
Train1Val_ProteinGym,mean,dna_prot_spliceai,nt_v1_500m,esmc_600m,Pure_XGBoost_Concat,0.7976,0.8351,0.6935,0.885,0.7577,0.5939,0.8724,0.8631,
Train1Val_ProteinGym,mean,dna_prot_spliceai,nt_v2_500m,esm1b_650m,PyTorch_Transformer,0.7976,0.8351,0.6935,0.885,0.7577,0.5939,0.8943,0.8811,
Train1Val_ProteinGym,mean,dna_prot,nt_v3_650m,esmc_600m,Hybrid_Gating_XGBoost,0.7982,0.8238,0.7098,0.8725,0.7626,0.5938,0.8739,0.864,
Train1Val_ProteinGym,cls,dna_prot,nt_v3_650m,esm1b_650m,Hybrid_Transformer_XGBoost,0.7989,0.8003,0.7455,0.8438,0.772,0.5937,0.8853,0.862,
Train1Val_ProteinGym,center,dna_prot,nt_v2_500m,esm1v_650m,Hybrid_Concat_XGBoost,0.7989,0.8013,0.744,0.845,0.7716,0.5937,0.8836,0.8749,
Train1Val_ProteinGym,cls,bio_core_dna_prot_spliceai,nt_v3_650m,esmc_600m,Hybrid_CrossAttn_XGBoost,0.7853,0.7094,0.8973,0.6912,0.7924,0.5935,0.8913,0.8643,
Train1Val_ProteinGym,cls,bio_core_dna_prot_spliceai,nt_v1_500m,esmc_600m,PyTorch_Gating,0.7921,0.734,0.8542,0.74,0.7895,0.5931,0.8909,0.869,
Train1Val_ProteinGym,cls,dna_prot_spliceai,nt_v2_500m,esm1b_650m,PyTorch_CrossAttn,0.7962,0.8457,0.6771,0.8962,0.7521,0.593,0.8843,0.863,
Train1Val_ProteinGym,cls,bio_core_dna_prot_spliceai,nt_v1_500m,esmc_600m,Hybrid_Transformer_XGBoost,0.784,0.7063,0.9018,0.685,0.7922,0.5928,0.8874,0.8647,
Train1Val_ProteinGym,center,dna_prot,nt_v3_650m,esm2_650m,Hybrid_CrossAttn_XGBoost,0.7982,0.8079,0.7321,0.8538,0.7681,0.5926,0.868,0.8492,
Train1Val_ProteinGym,cls,dna_prot_spliceai,nt_v3_650m,esm1b_650m,Hybrid_Concat_XGBoost,0.7982,0.8039,0.7381,0.8488,0.7696,0.5924,0.883,0.8651,
Train1Val_ProteinGym,cls,dna_prot,nt_v1_500m,esm1b_650m,Hybrid_CrossAttn_XGBoost,0.7982,0.7962,0.75,0.8388,0.7724,0.5923,0.8799,0.8615,
Train1Val_ProteinGym,mean,dna_prot,nt_v2_500m,esmc_600m,Hybrid_Concat_XGBoost,0.7976,0.8224,0.7098,0.8712,0.762,0.5923,0.8786,0.8675,
Train1Val_ProteinGym,cls,prot_spliceai,,esm1b_650m,Hybrid_Concat_XGBoost,0.7976,0.8106,0.7262,0.8575,0.7661,0.5914,0.8789,0.8557,
Train1Val_ProteinGym,mean,dna_prot,nt_v3_650m,esm1b_650m,Hybrid_Gating_XGBoost,0.7976,0.8086,0.7292,0.855,0.7668,0.5912,0.8935,0.8783,
Train1Val_ProteinGym,mean,dna_prot_spliceai,nt_v3_650m,esmc_600m,PyTorch_Transformer,0.7948,0.8477,0.6711,0.8988,0.7492,0.5909,0.8862,0.8688,
Train1Val_ProteinGym,mean,dna_prot,nt_v1_500m,esmc_600m,Hybrid_CrossAttn_XGBoost,0.7962,0.8263,0.7009,0.8762,0.7585,0.5902,0.8686,0.863,
Train1Val_ProteinGym,cls,dna_prot,nt_v2_500m,esm1b_650m,Hybrid_Gating_XGBoost,0.7969,0.8083,0.7277,0.855,0.7659,0.5899,0.873,0.8518,
Train1Val_ProteinGym,mean,bio_dna,nt_v3_650m,,Pure_XGBoost_Concat,0.7812,0.7016,0.9062,0.6762,0.7909,0.5899,0.8883,0.8631,
Train1Val_ProteinGym,center,dna_prot,nt_v1_500m,esm1v_650m,Hybrid_Concat_XGBoost,0.7969,0.8052,0.7321,0.8512,0.767,0.5898,0.8857,0.8768,
Train1Val_ProteinGym,mean,dna_prot,nt_v2_500m,esmc_600m,Pure_XGBoost_Concat,0.7948,0.8401,0.6801,0.8912,0.7516,0.5896,0.8735,0.8657,
Train1Val_ProteinGym,cls,bio_core_prot_spliceai,,esm1v_650m,Pure_XGBoost_Concat,0.7833,0.7074,0.8958,0.6888,0.7905,0.5896,0.9041,0.8786,
Train1Val_ProteinGym,mean,dna_prot,nt_v1_500m,esmc_600m,Pure_XGBoost_Concat,0.7948,0.8376,0.683,0.8888,0.7525,0.5892,0.8732,0.8644,
Train1Val_ProteinGym,mean,dna_prot,nt_v3_650m,esmc_600m,PyTorch_Gating,0.7935,0.8511,0.6637,0.9025,0.7458,0.589,0.886,0.8684,
Train1Val_ProteinGym,cls,dna_prot_spliceai,nt_v1_500m,esm1b_650m,Hybrid_Concat_XGBoost,0.7962,0.8153,0.7158,0.8638,0.7623,0.589,0.8821,0.8567,
Train1Val_ProteinGym,cls,prot,,esm1b_650m,Pure_XGBoost_Concat,0.7962,0.8121,0.7202,0.86,0.7634,0.5888,0.878,0.8595,
Train1Val_ProteinGym,cls,prot,,esm1b_650m,Pure_XGBoost_Concat,0.7962,0.8121,0.7202,0.86,0.7634,0.5888,0.878,0.8595,
Train1Val_ProteinGym,cls,prot,,esm1b_650m,Pure_XGBoost_Concat,0.7962,0.8121,0.7202,0.86,0.7634,0.5888,0.878,0.8595,
Train1Val_ProteinGym,cls,prot,,esm1b_650m,Pure_XGBoost_Concat,0.7962,0.8121,0.7202,0.86,0.7634,0.5888,0.878,0.8595,
Train1Val_ProteinGym,cls,prot,,esm1b_650m,Pure_XGBoost_Concat,0.7962,0.8121,0.7202,0.86,0.7634,0.5888,0.878,0.8595,
Train1Val_ProteinGym,cls,bio_core_dna_prot_spliceai,nt_v1_500m,esm2_650m,Hybrid_Gating_XGBoost,0.7819,0.7048,0.8988,0.6838,0.7901,0.5884,0.8821,0.8517,
Train1Val_ProteinGym,cls,dna_prot,nt_v2_500m,esm1b_650m,Hybrid_CrossAttn_XGBoost,0.7962,0.801,0.7366,0.8462,0.7674,0.5883,0.8803,0.8601,
Train1Val_ProteinGym,center,dna_prot_spliceai,nt_v3_650m,esm2_650m,Hybrid_CrossAttn_XGBoost,0.7962,0.799,0.7396,0.8438,0.7682,0.5882,0.8755,0.862,
Train1Val_ProteinGym,mean,dna_prot_spliceai,nt_v2_500m,esm1b_650m,Hybrid_Transformer_XGBoost,0.7962,0.7981,0.7411,0.8425,0.7685,0.5882,0.8862,0.8734,
Train1Val_ProteinGym,mean,prot_spliceai,,esmc_600m,Hybrid_Concat_XGBoost,0.7948,0.828,0.6949,0.8788,0.7557,0.5878,0.8761,0.8656,
Train1Val_ProteinGym,mean,dna_prot_spliceai,nt_v1_500m,esmc_600m,PyTorch_Transformer,0.7921,0.8574,0.6533,0.9088,0.7416,0.5878,0.8777,0.8632,
Train1Val_ProteinGym,cls,dna_prot,nt_v1_500m,esm1b_650m,PyTorch_Gating,0.7942,0.8361,0.683,0.8875,0.7518,0.5877,0.8821,0.8623,
Train1Val_ProteinGym,cls,bio_core_dna_prot_spliceai,nt_v1_500m,esm2_650m,Hybrid_Concat_XGBoost,0.7799,0.7,0.9062,0.6738,0.7899,0.5876,0.8864,0.854,
Train1Val_ProteinGym,mean,dna_prot_spliceai,nt_v2_500m,esmc_600m,Hybrid_Concat_XGBoost,0.7948,0.8269,0.6964,0.8775,0.7561,0.5876,0.8734,0.864,
Train1Val_ProteinGym,mean,dna_prot,nt_v1_500m,esmc_600m,Hybrid_Transformer_XGBoost,0.7948,0.8257,0.6979,0.8762,0.7565,0.5875,0.8724,0.8598,
Train1Val_ProteinGym,mean,dna_prot,nt_v3_650m,esmc_600m,Pure_XGBoost_Concat,0.7942,0.8348,0.6845,0.8862,0.7522,0.5875,0.8778,0.8618,
Train1Val_ProteinGym,mean,dna_prot,nt_v2_500m,esmc_600m,Hybrid_Transformer_XGBoost,0.7948,0.8257,0.6979,0.8762,0.7565,0.5875,0.8704,0.8602,
Train1Val_ProteinGym,cls,dna_prot_spliceai,nt_v2_500m,esm1b_650m,Pure_XGBoost_Concat,0.7955,0.8118,0.7188,0.86,0.7624,0.5874,0.8725,0.8516,
Train1Val_ProteinGym,mean,dna_prot_spliceai,nt_v3_650m,esmc_600m,Pure_XGBoost_Concat,0.7942,0.8336,0.686,0.885,0.7527,0.5873,0.8765,0.865,
Train1Val_ProteinGym,mean,dna_prot,nt_v3_650m,esmc_600m,PyTorch_CrossAttn,0.7935,0.8407,0.6756,0.8925,0.7492,0.5871,0.8879,0.8742,
Train1Val_ProteinGym,mean,bio_dna,nt_v3_650m,,PyTorch_Concat,0.788,0.7273,0.8571,0.73,0.7869,0.5866,0.8787,0.842,
Train1Val_ProteinGym,cls,dna_prot_spliceai,nt_v1_500m,esm1b_650m,Pure_XGBoost_Concat,0.7948,0.8168,0.7098,0.8662,0.7596,0.5865,0.8733,0.8554,
Train1Val_ProteinGym,mean,dna_prot_spliceai,nt_v2_500m,esmc_600m,Hybrid_Gating_XGBoost,0.7948,0.8168,0.7098,0.8662,0.7596,0.5865,0.8678,0.8601,
Train1Val_ProteinGym,mean,dna_prot,nt_v1_500m,esmc_600m,PyTorch_Transformer,0.7908,0.8611,0.6458,0.9125,0.7381,0.5861,0.8819,0.87,
Train1Val_ProteinGym,center,dna_prot,nt_v3_650m,esm2_650m,Pure_XGBoost_Concat,0.7942,0.8243,0.6979,0.875,0.7558,0.586,0.8695,0.8472,
Train1Val_ProteinGym,cls,bio_core_dna_prot_spliceai,nt_v1_500m,esmc_600m,Hybrid_Gating_XGBoost,0.7792,0.6997,0.9048,0.6738,0.7891,0.586,0.8857,0.8651,
Train1Val_ProteinGym,cls,dna_prot,nt_v2_500m,esm1b_650m,Pure_XGBoost_Concat,0.7948,0.8083,0.7217,0.8562,0.7626,0.5859,0.8742,0.8532,
Train1Val_ProteinGym,mean,dna_prot_spliceai,nt_v1_500m,esmc_600m,PyTorch_Gating,0.7914,0.853,0.6562,0.905,0.7418,0.5857,0.8765,0.8611,
Train1Val_ProteinGym,mean,dna_prot_spliceai,nt_v2_500m,esm1v_650m,Hybrid_Gating_XGBoost,0.7948,0.8043,0.7277,0.8512,0.7641,0.5857,0.8774,0.8589,
Train1Val_ProteinGym,cls,dna_prot_spliceai,nt_v2_500m,esm1b_650m,Hybrid_Transformer_XGBoost,0.7948,0.8023,0.7307,0.8488,0.7648,0.5856,0.8833,0.8608,
Train1Val_ProteinGym,mean,dna_prot_spliceai,nt_v1_500m,esmc_600m,PyTorch_Concat,0.7908,0.8583,0.6488,0.91,0.739,0.5855,0.882,0.8659,
Train1Val_ProteinGym,mean,dna_prot,nt_v2_500m,esm1b_650m,PyTorch_Transformer,0.7921,0.8453,0.6667,0.8975,0.7454,0.5854,0.8914,0.8766,
Train1Val_ProteinGym,center,dna_prot,nt_v2_500m,esm2_650m,Hybrid_Concat_XGBoost,0.7935,0.8286,0.6905,0.88,0.7532,0.5853,0.8712,0.8514,
Train1Val_ProteinGym,center,dna_prot,nt_v3_650m,esm2_650m,Hybrid_Concat_XGBoost,0.7942,0.8165,0.7083,0.8662,0.7586,0.5852,0.8696,0.8505,
Train1Val_ProteinGym,cls,dna_prot_spliceai,nt_v3_650m,esm1b_650m,PyTorch_Concat,0.7908,0.8569,0.6503,0.9088,0.7394,0.5852,0.8857,0.8623,
Train1Val_ProteinGym,mean,dna_prot,nt_v2_500m,esmc_600m,Hybrid_Gating_XGBoost,0.7942,0.8154,0.7098,0.865,0.7589,0.5851,0.8712,0.8591,
Train1Val_ProteinGym,center,dna_prot_spliceai,nt_v1_500m,esm2_650m,PyTorch_CrossAttn,0.7908,0.8555,0.6518,0.9075,0.7399,0.5849,0.8682,0.8595,
Train1Val_ProteinGym,center,dna_prot_spliceai,nt_v3_650m,esm2_650m,PyTorch_Concat,0.7914,0.8489,0.6607,0.9012,0.7431,0.5849,0.8694,0.8527,
Train1Val_ProteinGym,mean,dna_prot_spliceai,nt_v2_500m,esmc_600m,PyTorch_Gating,0.7914,0.8489,0.6607,0.9012,0.7431,0.5849,0.8745,0.864,
Train1Val_ProteinGym,mean,dna_prot_spliceai,nt_v3_650m,esmc_600m,Hybrid_Concat_XGBoost,0.7935,0.8239,0.6964,0.875,0.7548,0.5847,0.8718,0.8574,
Train1Val_ProteinGym,cls,dna_prot,nt_v2_500m,esm1b_650m,PyTorch_CrossAttn,0.7894,0.8649,0.6384,0.9162,0.7346,0.5845,0.8867,0.8645,
Train1Val_ProteinGym,cls,dna_prot_spliceai,nt_v3_650m,esm1b_650m,Hybrid_CrossAttn_XGBoost,0.7942,0.7943,0.7411,0.8388,0.7667,0.5841,0.8824,0.8641,
Train1Val_ProteinGym,mean,dna_prot_spliceai,nt_v3_650m,esmc_600m,Hybrid_CrossAttn_XGBoost,0.7935,0.8172,0.7054,0.8675,0.7572,0.584,0.8666,0.8522,
Train1Val_ProteinGym,cls,bio_core_dna_prot_spliceai,nt_v2_500m,esmc_600m,Hybrid_Gating_XGBoost,0.7772,0.6963,0.9077,0.6675,0.7881,0.5837,0.8902,0.8694,
Train1Val_ProteinGym,mean,dna_prot,nt_v1_500m,esm1v_650m,PyTorch_Gating,0.7921,0.8352,0.6786,0.8875,0.7488,0.5837,0.8807,0.857,
Train1Val_ProteinGym,cls,bio_core_dna_prot_spliceai,nt_v1_500m,esmc_600m,PyTorch_Concat,0.7894,0.7394,0.8318,0.7538,0.7829,0.5836,0.8862,0.8658,
Train1Val_ProteinGym,mean,dna_prot,nt_v2_500m,esmc_600m,PyTorch_Gating,0.7901,0.8524,0.6533,0.905,0.7397,0.5831,0.8886,0.8758,
Train1Val_ProteinGym,cls,dna_prot_spliceai,nt_v3_650m,esm1b_650m,Pure_XGBoost_Concat,0.7928,0.8214,0.6979,0.8725,0.7546,0.5831,0.8735,0.8534,
Train1Val_ProteinGym,mean,dna_prot_spliceai,nt_v1_500m,esmc_600m,Hybrid_Gating_XGBoost,0.7928,0.8214,0.6979,0.8725,0.7546,0.5831,0.8616,0.8488,
Train1Val_ProteinGym,mean,dna_prot,nt_v2_500m,esm1b_650m,PyTorch_Concat,0.7928,0.8191,0.7009,0.87,0.7554,0.5828,0.8901,0.8756,
Train1Val_ProteinGym,cls,prot,,esm1b_650m,PyTorch_Concat,0.7887,0.8603,0.6414,0.9125,0.7349,0.5822,0.8884,0.8655,
Train1Val_ProteinGym,cls,prot,,esm1b_650m,PyTorch_Concat,0.7887,0.8603,0.6414,0.9125,0.7349,0.5822,0.8884,0.8655,
Train1Val_ProteinGym,cls,prot,,esm1b_650m,PyTorch_Concat,0.7887,0.8603,0.6414,0.9125,0.7349,0.5822,0.8884,0.8655,
Train1Val_ProteinGym,cls,prot,,esm1b_650m,PyTorch_Concat,0.7887,0.8603,0.6414,0.9125,0.7349,0.5822,0.8884,0.8655,
Train1Val_ProteinGym,cls,prot,,esm1b_650m,PyTorch_Concat,0.7887,0.8603,0.6414,0.9125,0.7349,0.5822,0.8884,0.8655,
Train1Val_ProteinGym,center,bio_core_dna_spliceai,nt_v3_650m,,PyTorch_Concat,0.788,0.7362,0.8348,0.7488,0.7824,0.5817,0.8656,0.8272,
Train1Val_ProteinGym,mean,dna_prot,nt_v1_500m,esmc_600m,PyTorch_Concat,0.7887,0.8574,0.6443,0.91,0.7358,0.5816,0.8786,0.8627,
Train1Val_ProteinGym,mean,dna_prot,nt_v1_500m,esmc_600m,Hybrid_Gating_XGBoost,0.7921,0.8199,0.6979,0.8712,0.754,0.5816,0.8684,0.8575,
Train1Val_ProteinGym,mean,dna_prot_spliceai,nt_v3_650m,esm1v_650m,Hybrid_Transformer_XGBoost,0.7928,0.7927,0.7396,0.8375,0.7652,0.5813,0.8768,0.8579,
Train1Val_ProteinGym,mean,bio_core_dna_spliceai,nt_v3_650m,,Pure_XGBoost_Concat,0.7765,0.6969,0.9033,0.67,0.7868,0.581,0.8864,0.8547,
Train1Val_ProteinGym,mean,dna_prot,nt_v1_500m,esm1v_650m,Hybrid_Gating_XGBoost,0.7921,0.804,0.7202,0.8525,0.7598,0.5803,0.8768,0.8633,
Train1Val_ProteinGym,center,dna_prot,nt_v2_500m,esm2_650m,Hybrid_Gating_XGBoost,0.7914,0.8185,0.6979,0.87,0.7534,0.5802,0.8649,0.8508,
Train1Val_ProteinGym,mean,dna_prot,nt_v1_500m,esmc_600m,PyTorch_CrossAttn,0.7874,0.8612,0.6369,0.9138,0.7322,0.58,0.8731,0.8589,
Train1Val_ProteinGym,mean,dna_prot_spliceai,nt_v1_500m,esm2_650m,Hybrid_Transformer_XGBoost,0.7914,0.8163,0.7009,0.8675,0.7542,0.5799,0.8602,0.8411,
Train1Val_ProteinGym,cls,prot_spliceai,,esm1b_650m,Pure_XGBoost_Concat,0.7914,0.8098,0.7098,0.86,0.7565,0.5793,0.8717,0.854,
Train1Val_ProteinGym,center,dna_prot_spliceai,nt_v2_500m,esm2_650m,Hybrid_Transformer_XGBoost,0.7914,0.8078,0.7128,0.8575,0.7573,0.5792,0.8675,0.8521,
Train1Val_ProteinGym,cls,dna_prot_spliceai,nt_v2_500m,esm1b_650m,Hybrid_Concat_XGBoost,0.7914,0.8027,0.7202,0.8512,0.7592,0.5789,0.8804,0.8664,
Train1Val_ProteinGym,mean,dna_prot_spliceai,nt_v1_500m,esm1v_650m,Hybrid_CrossAttn_XGBoost,0.7914,0.8027,0.7202,0.8512,0.7592,0.5789,0.8766,0.8496,
Train1Val_ProteinGym,cls,dna_prot_spliceai,nt_v2_500m,esm1b_650m,Hybrid_Gating_XGBoost,0.7914,0.7948,0.7321,0.8412,0.7622,0.5786,0.8739,0.8521,
Train1Val_ProteinGym,mean,dna_prot,nt_v3_650m,esm1v_650m,Hybrid_Gating_XGBoost,0.7914,0.7967,0.7292,0.8438,0.7615,0.5786,0.8723,0.8488,
Train1Val_ProteinGym,cls,prot_spliceai,,esmc_600m,Pure_XGBoost_Concat,0.7894,0.8315,0.6756,0.885,0.7455,0.5781,0.8592,0.8472,
Train1Val_ProteinGym,cls,dna_prot,nt_v1_500m,esm1b_650m,Pure_XGBoost_Concat,0.7908,0.8074,0.7113,0.8575,0.7563,0.5778,0.8715,0.8528,
Train1Val_ProteinGym,cls,dna_prot_spliceai,nt_v2_500m,esm1b_650m,PyTorch_Gating,0.786,0.8621,0.6324,0.915,0.7296,0.5778,0.8845,0.8593,
Train1Val_ProteinGym,center,dna_prot_spliceai,nt_v3_650m,esm2_650m,Hybrid_Transformer_XGBoost,0.7908,0.8064,0.7128,0.8562,0.7567,0.5777,0.8726,0.8533,
Train1Val_ProteinGym,mean,dna_prot,nt_v1_500m,esmc_600m,PyTorch_Gating,0.786,0.8606,0.6339,0.9138,0.7301,0.5774,0.8787,0.8683,
Train1Val_ProteinGym,cls,dna_prot_spliceai,nt_v3_650m,esmc_600m,PyTorch_Concat,0.788,0.8371,0.6652,0.8912,0.7413,0.5765,0.8611,0.8466,
Train1Val_ProteinGym,mean,dna_prot_spliceai,nt_v1_500m,esm1v_650m,Hybrid_Concat_XGBoost,0.7901,0.8071,0.7098,0.8575,0.7553,0.5765,0.8766,0.8555,
Train1Val_ProteinGym,center,dna_prot_spliceai,nt_v2_500m,esm2_650m,Hybrid_Gating_XGBoost,0.7894,0.8198,0.6905,0.8725,0.7496,0.5764,0.8616,0.8492,
Train1Val_ProteinGym,center,dna_prot_spliceai,nt_v3_650m,esm2_650m,PyTorch_Transformer,0.7867,0.8496,0.6473,0.9038,0.7348,0.5763,0.8662,0.8523,
Train1Val_ProteinGym,mean,dna_prot_spliceai,nt_v1_500m,esmc_600m,PyTorch_CrossAttn,0.7846,0.866,0.625,0.9188,0.726,0.5762,0.8556,0.8457,
Train1Val_ProteinGym,mean,dna_prot,nt_v3_650m,esmc_600m,Hybrid_CrossAttn_XGBoost,0.7894,0.8131,0.6994,0.865,0.752,0.5757,0.8669,0.8579,
Train1Val_ProteinGym,center,dna_prot_spliceai,nt_v3_650m,esm2_650m,Pure_XGBoost_Concat,0.7894,0.8131,0.6994,0.865,0.752,0.5757,0.8661,0.847,
Train1Val_ProteinGym,cls,dna_prot,nt_v3_650m,esm1b_650m,Pure_XGBoost_Concat,0.7894,0.8089,0.7054,0.86,0.7536,0.5753,0.8751,0.862,
Train1Val_ProteinGym,cls,prot_spliceai,,esmc_600m,PyTorch_Concat,0.7874,0.8368,0.6637,0.8912,0.7402,0.5751,0.8725,0.8615,
Train1Val_ProteinGym,mean,dna_prot_spliceai,nt_v2_500m,esmc_600m,Hybrid_CrossAttn_XGBoost,0.7887,0.8195,0.689,0.8725,0.7486,0.5751,0.8632,0.8553,
Train1Val_ProteinGym,mean,dna_prot,nt_v2_500m,esm1v_650m,Hybrid_CrossAttn_XGBoost,0.7894,0.7938,0.7277,0.8412,0.7593,0.5745,0.8734,0.8557,
Train1Val_ProteinGym,mean,dna_prot_spliceai,nt_v2_500m,esm2_650m,PyTorch_Gating,0.786,0.8466,0.6488,0.9012,0.7346,0.5745,0.8602,0.8466,
Train1Val_ProteinGym,center,dna_prot_spliceai,nt_v2_500m,esm2_650m,Hybrid_CrossAttn_XGBoost,0.7887,0.8096,0.7024,0.8612,0.7522,0.574,0.8659,0.8506,
Train1Val_ProteinGym,mean,dna_prot_spliceai,nt_v3_650m,esmc_600m,Hybrid_Gating_XGBoost,0.7887,0.8085,0.7039,0.86,0.7526,0.5739,0.8698,0.8595,
Train1Val_ProteinGym,center,dna_prot_spliceai,nt_v3_650m,esm2_650m,Hybrid_Gating_XGBoost,0.7887,0.8044,0.7098,0.855,0.7542,0.5736,0.8661,0.8485,
Train1Val_ProteinGym,mean,dna_prot,nt_v1_500m,esm1v_650m,Hybrid_Concat_XGBoost,0.7887,0.7974,0.7202,0.8462,0.7568,0.5732,0.8794,0.8545,
Train1Val_ProteinGym,center,dna_prot_spliceai,nt_v2_500m,esm2_650m,PyTorch_Transformer,0.788,0.8125,0.6964,0.865,0.75,0.573,0.8641,0.8511,
Train1Val_ProteinGym,center,prot_spliceai,,esm2_650m,Hybrid_Concat_XGBoost,0.788,0.8114,0.6979,0.8638,0.7504,0.5729,0.8588,0.841,
Train1Val_ProteinGym,mean,dna_prot_spliceai,nt_v1_500m,esm2_650m,PyTorch_Transformer,0.784,0.8569,0.6324,0.9112,0.7277,0.5729,0.8666,0.8422,
Train1Val_ProteinGym,mean,dna_prot_spliceai,nt_v1_500m,esmc_600m,Hybrid_Transformer_XGBoost,0.788,0.8114,0.6979,0.8638,0.7504,0.5729,0.8678,0.8586,
Train1Val_ProteinGym,center,dna_prot,nt_v3_650m,esm2_650m,Hybrid_Gating_XGBoost,0.788,0.8103,0.6994,0.8625,0.7508,0.5728,0.8679,0.8505,
Train1Val_ProteinGym,mean,dna_prot_spliceai,nt_v1_500m,esm1v_650m,PyTorch_Transformer,0.7867,0.8303,0.6696,0.885,0.7414,0.5728,0.8808,0.8641,
Train1Val_ProteinGym,mean,dna_prot,nt_v2_500m,esm1v_650m,PyTorch_CrossAttn,0.7853,0.8423,0.6518,0.8975,0.7349,0.5724,0.8834,0.8642,
Train1Val_ProteinGym,center,dna_prot,nt_v2_500m,esm2_650m,Hybrid_CrossAttn_XGBoost,0.788,0.803,0.7098,0.8538,0.7536,0.5722,0.8639,0.8498,
Train1Val_ProteinGym,center,dna_prot_spliceai,nt_v3_650m,esm2_650m,PyTorch_Gating,0.7833,0.858,0.6295,0.9125,0.7262,0.572,0.8761,0.8617,
Train1Val_ProteinGym,mean,dna_prot_spliceai,nt_v2_500m,esm1v_650m,Hybrid_Concat_XGBoost,0.788,0.799,0.7158,0.8488,0.7551,0.5719,0.8764,0.8584,
Train1Val_ProteinGym,mean,dna_prot,nt_v3_650m,esm1v_650m,Hybrid_CrossAttn_XGBoost,0.788,0.7913,0.7277,0.8388,0.7581,0.5717,0.8727,0.8559,
Train1Val_ProteinGym,mean,dna_prot_spliceai,nt_v3_650m,esm1v_650m,Hybrid_Concat_XGBoost,0.788,0.7941,0.7232,0.8425,0.757,0.5717,0.8759,0.8574,
Train1Val_ProteinGym,mean,dna_prot_spliceai,nt_v2_500m,esmc_600m,Hybrid_Transformer_XGBoost,0.7874,0.809,0.6994,0.8612,0.7502,0.5713,0.8747,0.8616,
Train1Val_ProteinGym,cls,prot_spliceai,,esmc_600m,Hybrid_Concat_XGBoost,0.7867,0.8151,0.689,0.8688,0.7468,0.5707,0.861,0.85,
Train1Val_ProteinGym,mean,dna_prot,nt_v1_500m,esm1v_650m,Hybrid_Transformer_XGBoost,0.7874,0.7967,0.7173,0.8462,0.7549,0.5705,0.879,0.8616,
Train1Val_ProteinGym,mean,dna_prot,nt_v3_650m,esm2_650m,PyTorch_Transformer,0.7833,0.8509,0.6369,0.9062,0.7285,0.5704,0.8653,0.8441,
Train1Val_ProteinGym,mean,dna_prot,nt_v2_500m,esm1v_650m,Hybrid_Transformer_XGBoost,0.7874,0.7919,0.7247,0.84,0.7568,0.5703,0.8763,0.8514,
Train1Val_ProteinGym,mean,dna_prot_spliceai,nt_v3_650m,esm1v_650m,Hybrid_CrossAttn_XGBoost,0.7874,0.7845,0.7366,0.83,0.7598,0.5703,0.8758,0.8588,
Train1Val_ProteinGym,mean,dna_prot_spliceai,nt_v2_500m,esm1v_650m,Hybrid_Transformer_XGBoost,0.7874,0.7881,0.7307,0.835,0.7583,0.5703,0.8725,0.8521,
Train1Val_ProteinGym,center,dna_prot,nt_v1_500m,esm2_650m,Hybrid_Transformer_XGBoost,0.7867,0.8076,0.6994,0.86,0.7496,0.5699,0.8629,0.8387,
Train1Val_ProteinGym,cls,dna_prot_spliceai,nt_v2_500m,esm1v_650m,PyTorch_CrossAttn,0.7853,0.8248,0.6726,0.88,0.741,0.5694,0.8699,0.8406,
Train1Val_ProteinGym,mean,dna_prot_spliceai,nt_v1_500m,esm1v_650m,Hybrid_Transformer_XGBoost,0.7867,0.7954,0.7173,0.845,0.7543,0.5691,0.8794,0.8581,
Train1Val_ProteinGym,mean,dna_prot_spliceai,nt_v3_650m,esm2_650m,Hybrid_CrossAttn_XGBoost,0.786,0.8126,0.6905,0.8662,0.7466,0.5691,0.8595,0.8379,
Train1Val_ProteinGym,mean,dna_prot_spliceai,nt_v3_650m,esm1v_650m,Hybrid_Gating_XGBoost,0.7867,0.785,0.7336,0.8312,0.7585,0.5689,0.8745,0.8538,
Train1Val_ProteinGym,center,dna_prot,nt_v3_650m,esm2_650m,PyTorch_Concat,0.7812,0.8601,0.622,0.915,0.7219,0.5688,0.8687,0.8518,
Train1Val_ProteinGym,mean,dna_prot,nt_v3_650m,esm1v_650m,PyTorch_CrossAttn,0.7846,0.8269,0.6682,0.8825,0.7391,0.5685,0.8785,0.8557,
Train1Val_ProteinGym,mean,dna_prot_spliceai,nt_v2_500m,esm1b_650m,PyTorch_Concat,0.7846,0.8269,0.6682,0.8825,0.7391,0.5685,0.8879,0.8768,
Train1Val_ProteinGym,cls,dna_prot,nt_v3_650m,esmc_600m,PyTorch_Transformer,0.7819,0.8489,0.6354,0.905,0.7268,0.5676,0.8683,0.8587,
Train1Val_ProteinGym,mean,dna_prot,nt_v3_650m,esm2_650m,Hybrid_Transformer_XGBoost,0.7853,0.809,0.6935,0.8625,0.7468,0.5674,0.8567,0.837,
Train1Val_ProteinGym,mean,dna_prot_spliceai,nt_v2_500m,esm1v_650m,PyTorch_CrossAttn,0.7846,0.8153,0.683,0.87,0.7433,0.5668,0.8797,0.8587,
Train1Val_ProteinGym,center,dna_prot_spliceai,nt_v3_650m,esm2_650m,PyTorch_CrossAttn,0.7785,0.8712,0.6042,0.925,0.7135,0.5667,0.8745,0.8574,
Train1Val_ProteinGym,cls,dna_prot,nt_v3_650m,esmc_600m,PyTorch_CrossAttn,0.7833,0.8311,0.6592,0.8875,0.7353,0.5666,0.8634,0.8518,
Train1Val_ProteinGym,cls,dna_prot,nt_v1_500m,esmc_600m,Pure_XGBoost_Concat,0.7833,0.8275,0.6637,0.8838,0.7366,0.566,0.8574,0.8434,
Train1Val_ProteinGym,center,bio_dna_geom_prot,nt_v3_650m,esmc_600m,PyTorch_Concat,0.7711,0.9156,0.5491,0.9575,0.6865,0.5659,0.9176,0.8996,
Train1Val_ProteinGym,mean,dna_prot_spliceai,nt_v1_500m,esm1v_650m,PyTorch_Gating,0.7826,0.8308,0.6577,0.8875,0.7342,0.5653,0.881,0.8577,
Train1Val_ProteinGym,mean,dna_prot,nt_v2_500m,esmc_600m,Hybrid_CrossAttn_XGBoost,0.784,0.8116,0.686,0.8662,0.7435,0.5651,0.8631,0.8538,
Train1Val_ProteinGym,mean,dna_prot,nt_v3_650m,esm2_650m,Hybrid_CrossAttn_XGBoost,0.784,0.8094,0.689,0.8638,0.7444,0.5648,0.8629,0.8382,
Train1Val_ProteinGym,mean,dna_prot,nt_v3_650m,esm1v_650m,Hybrid_Transformer_XGBoost,0.7846,0.784,0.7292,0.8312,0.7556,0.5648,0.872,0.8478,
Train1Val_ProteinGym,mean,dna_prot_spliceai,nt_v2_500m,esm1v_650m,Hybrid_CrossAttn_XGBoost,0.7846,0.7905,0.7188,0.84,0.7529,0.5648,0.8728,0.8542,
Train1Val_ProteinGym,cls,dna_prot_spliceai,nt_v3_650m,esmc_600m,Pure_XGBoost_Concat,0.7819,0.8343,0.6518,0.8912,0.7318,0.5647,0.8555,0.845,
Train1Val_ProteinGym,center,bio_core_dna_spliceai,nt_v3_650m,,Pure_XGBoost_Concat,0.7649,0.6823,0.9077,0.645,0.7791,0.5638,0.8885,0.8665,
Train1Val_ProteinGym,mean,dna_prot_spliceai,nt_v1_500m,esm2_650m,Hybrid_Concat_XGBoost,0.7833,0.8102,0.686,0.865,0.7429,0.5636,0.8629,0.8382,
Train1Val_ProteinGym,mean,dna_prot,nt_v2_500m,esm1v_650m,Hybrid_Gating_XGBoost,0.784,0.7902,0.7173,0.84,0.752,0.5635,0.872,0.8536,
Train1Val_ProteinGym,center,dna_prot_spliceai,nt_v2_500m,esm2_650m,PyTorch_CrossAttn,0.7799,0.8466,0.6324,0.9038,0.724,0.5634,0.8647,0.8504,
Train1Val_ProteinGym,cls,prot_spliceai,,esm1v_650m,Pure_XGBoost_Concat,0.784,0.7873,0.7217,0.8362,0.7531,0.5634,0.8532,0.8295,
Train1Val_ProteinGym,mean,dna_prot_spliceai,nt_v1_500m,esm1v_650m,Hybrid_Gating_XGBoost,0.784,0.7801,0.7336,0.8262,0.7561,0.5634,0.8752,0.856,
Train1Val_ProteinGym,mean,dna_prot_spliceai,nt_v3_650m,esm1v_650m,PyTorch_CrossAttn,0.7826,0.8188,0.6726,0.875,0.7386,0.5634,0.8735,0.8495,
Train1Val_ProteinGym,center,dna_prot,nt_v2_500m,esm2_650m,Hybrid_Transformer_XGBoost,0.7833,0.8027,0.6964,0.8562,0.7458,0.5629,0.8659,0.8484,
Train1Val_ProteinGym,center,dna_prot_spliceai,nt_v3_650m,esm2_650m,Hybrid_Concat_XGBoost,0.7833,0.8027,0.6964,0.8562,0.7458,0.5629,0.8654,0.8532,
Train1Val_ProteinGym,center,bio_dna,nt_v3_650m,,PyTorch_Concat,0.7765,0.7179,0.8408,0.7225,0.7745,0.5625,0.8597,0.8225,
Train1Val_ProteinGym,center,bio_dna,nt_v3_650m,,PyTorch_Concat,0.7765,0.7179,0.8408,0.7225,0.7745,0.5625,0.8597,0.8225,
Train1Val_ProteinGym,center,dna_prot,nt_v1_500m,esm2_650m,Hybrid_Concat_XGBoost,0.7826,0.8099,0.6845,0.865,0.7419,0.5623,0.8618,0.8477,
Train1Val_ProteinGym,cls,dna_prot_spliceai,nt_v2_500m,esmc_600m,Pure_XGBoost_Concat,0.7812,0.8253,0.6607,0.8825,0.7339,0.5619,0.8553,0.8437,
Train1Val_ProteinGym,mean,dna_prot,nt_v1_500m,esm2_650m,Hybrid_Transformer_XGBoost,0.7826,0.7993,0.6994,0.8525,0.746,0.5613,0.8589,0.8302,
Train1Val_ProteinGym,center,dna_prot,nt_v3_650m,esm2_650m,Hybrid_Transformer_XGBoost,0.7826,0.7973,0.7024,0.85,0.7468,0.5611,0.8723,0.8583,
Train1Val_ProteinGym,mean,dna_prot,nt_v3_650m,esm1v_650m,PyTorch_Transformer,0.7812,0.8193,0.6682,0.8762,0.7361,0.561,0.8778,0.8571,
Train1Val_ProteinGym,mean,dna_prot_spliceai,nt_v2_500m,esm1v_650m,PyTorch_Concat,0.7785,0.846,0.6295,0.9038,0.7218,0.5608,0.8848,0.8607,
Train1Val_ProteinGym,center,dna_prot_spliceai,nt_v2_500m,esm2_650m,Hybrid_Concat_XGBoost,0.7819,0.8052,0.689,0.86,0.7426,0.5605,0.8673,0.8483,
Train1Val_ProteinGym,center,bio_core_spliceai,,,PyTorch_Concat,0.7758,0.7187,0.8363,0.725,0.773,0.5603,0.8687,0.8468,
Train1Val_ProteinGym,cls,dna_prot,nt_v3_650m,esmc_600m,PyTorch_Concat,0.7779,0.8485,0.625,0.9062,0.7198,0.5601,0.8557,0.8492,
Train1Val_ProteinGym,cls,dna_prot_spliceai,nt_v3_650m,esmc_600m,PyTorch_Gating,0.7785,0.8419,0.6339,0.9,0.7233,0.5599,0.8646,0.8554,
Train1Val_ProteinGym,mean,prot_spliceai,,esm1v_650m,PyTorch_Concat,0.7792,0.833,0.6458,0.8912,0.7276,0.5595,0.876,0.854,
Train1Val_ProteinGym,mean,dna_prot_spliceai,nt_v3_650m,esm2_650m,PyTorch_Transformer,0.7772,0.851,0.6205,0.9088,0.7177,0.5595,0.8649,0.8378,
Train1Val_ProteinGym,mean,dna_prot_spliceai,nt_v2_500m,esm2_650m,PyTorch_CrossAttn,0.7812,0.8081,0.683,0.8638,0.7403,0.5595,0.8619,0.8452,
Train1Val_ProteinGym,cls,dna_prot,nt_v1_500m,esm1v_650m,Hybrid_CrossAttn_XGBoost,0.7819,0.791,0.7098,0.8425,0.7482,0.5594,0.8532,0.8231,
Train1Val_ProteinGym,cls,dna_prot,nt_v3_650m,esmc_600m,Hybrid_Concat_XGBoost,0.7806,0.8167,0.6696,0.8738,0.7359,0.5593,0.8437,0.84,
Train1Val_ProteinGym,mean,dna_prot,nt_v1_500m,esm2_650m,Hybrid_Concat_XGBoost,0.7799,0.8246,0.6577,0.8825,0.7318,0.5592,0.8581,0.8355,
Train1Val_ProteinGym,cls,dna_prot,nt_v3_650m,esm1v_650m,Hybrid_CrossAttn_XGBoost,0.7819,0.7799,0.7277,0.8275,0.7529,0.5592,0.8623,0.8332,
Train1Val_ProteinGym,center,dna_prot_spliceai,nt_v1_500m,esm2_650m,PyTorch_Transformer,0.7779,0.8429,0.631,0.9012,0.7217,0.5589,0.8683,0.8571,
Train1Val_ProteinGym,center,dna_prot_spliceai,nt_v1_500m,esm2_650m,Hybrid_Gating_XGBoost,0.7806,0.8133,0.6741,0.87,0.7372,0.5588,0.8694,0.8545,
Train1Val_ProteinGym,cls,dna_prot_spliceai,nt_v3_650m,esmc_600m,PyTorch_CrossAttn,0.7765,0.8493,0.6205,0.9075,0.7171,0.5579,0.8564,0.8486,
Train1Val_ProteinGym,mean,dna_prot,nt_v3_650m,esm1v_650m,Hybrid_Concat_XGBoost,0.7812,0.7804,0.7247,0.8288,0.7515,0.5579,0.8716,0.8581,
Train1Val_ProteinGym,mean,prot_spliceai,,esm1v_650m,Hybrid_Concat_XGBoost,0.7812,0.7869,0.7143,0.8375,0.7488,0.5579,0.8681,0.8476,
Train1Val_ProteinGym,mean,dna_prot,nt_v3_650m,esm1v_650m,PyTorch_Concat,0.7779,0.8376,0.6369,0.8962,0.7236,0.5578,0.8799,0.8558,
Train1Val_ProteinGym,mean,dna_prot_spliceai,nt_v1_500m,esm1v_650m,PyTorch_Concat,0.7772,0.8426,0.6295,0.9012,0.7206,0.5576,0.8827,0.8601,
Train1Val_ProteinGym,mean,dna_prot_spliceai,nt_v1_500m,esm1v_650m,Pure_XGBoost_Concat,0.7806,0.7983,0.6949,0.8525,0.743,0.5572,0.8629,0.842,
Train1Val_ProteinGym,mean,dna_prot,nt_v2_500m,esm1v_650m,PyTorch_Concat,0.7785,0.8264,0.6518,0.885,0.7288,0.557,0.874,0.8569,
Train1Val_ProteinGym,center,dna_prot,nt_v1_500m,esm2_650m,Pure_XGBoost_Concat,0.7792,0.8172,0.6652,0.875,0.7334,0.5568,0.8595,0.834,
Train1Val_ProteinGym,center,prot_spliceai,,esm2_650m,Pure_XGBoost_Concat,0.7799,0.8063,0.6815,0.8625,0.7387,0.5567,0.8562,0.841,
Train1Val_ProteinGym,mean,prot_spliceai,,esm1v_650m,Pure_XGBoost_Concat,0.7806,0.7856,0.7143,0.8362,0.7482,0.5565,0.8661,0.8448,
Train1Val_ProteinGym,mean,dna_prot,nt_v3_650m,esm2_650m,PyTorch_CrossAttn,0.7765,0.8423,0.628,0.9012,0.7195,0.5563,0.8622,0.8449,
Train1Val_ProteinGym,mean,dna_prot,nt_v3_650m,esm2_650m,PyTorch_Gating,0.7751,0.853,0.6131,0.9112,0.7134,0.5563,0.866,0.8465,
Train1Val_ProteinGym,mean,dna_prot_spliceai,nt_v2_500m,esm2_650m,Hybrid_CrossAttn_XGBoost,0.7792,0.8137,0.6696,0.8712,0.7347,0.5563,0.856,0.8307,
Train1Val_ProteinGym,cls,dna_prot_spliceai,nt_v3_650m,esmc_600m,Hybrid_Gating_XGBoost,0.7792,0.8115,0.6726,0.8688,0.7356,0.556,0.8318,0.8286,
Train1Val_ProteinGym,mean,dna_prot_spliceai,nt_v2_500m,esm1v_650m,PyTorch_Gating,0.7772,0.8333,0.6399,0.8925,0.7239,0.5558,0.8767,0.8587,
Train1Val_ProteinGym,center,dna_prot_spliceai,nt_v2_500m,esm2_650m,PyTorch_Gating,0.7717,0.8733,0.5848,0.9288,0.7005,0.5553,0.8657,0.8532,
Train1Val_ProteinGym,cls,dna_prot_spliceai,nt_v2_500m,esm1v_650m,Hybrid_CrossAttn_XGBoost,0.7799,0.7727,0.7336,0.8188,0.7527,0.5552,0.868,0.8457,
Train1Val_ProteinGym,cls,dna_prot,nt_v1_500m,esmc_600m,Hybrid_Transformer_XGBoost,0.7779,0.82,0.6577,0.8788,0.73,0.5547,0.8363,0.8371,
Train1Val_ProteinGym,center,dna_prot_spliceai,nt_v1_500m,esm2_650m,Pure_XGBoost_Concat,0.7779,0.82,0.6577,0.8788,0.73,0.5547,0.8604,0.8395,
Train1Val_ProteinGym,cls,dna_prot,nt_v1_500m,esmc_600m,Hybrid_Gating_XGBoost,0.7785,0.81,0.6726,0.8675,0.735,0.5545,0.8417,0.8367,
Train1Val_ProteinGym,cls,dna_prot,nt_v3_650m,esmc_600m,Pure_XGBoost_Concat,0.7772,0.8258,0.6488,0.885,0.7267,0.5544,0.8596,0.8461,
Train1Val_ProteinGym,center,geom,nt_v3_650m,esmc_600m,Pure_XGBoost_Concat,0.7663,0.9039,0.5461,0.9512,0.6809,0.5543,0.8391,0.8259,
Train1Val_ProteinGym,mean,dna_prot,nt_v3_650m,esm1v_650m,PyTorch_Gating,0.7751,0.8444,0.622,0.9038,0.7164,0.5543,0.8829,0.8582,
Train1Val_ProteinGym,mean,dna_prot,nt_v1_500m,esm1v_650m,PyTorch_CrossAttn,0.7772,0.8245,0.6503,0.8838,0.7271,0.5542,0.8757,0.8515,
Train1Val_ProteinGym,cls,dna_prot,nt_v3_650m,esm1v_650m,Hybrid_Concat_XGBoost,0.7792,0.7906,0.7024,0.8438,0.7439,0.554,0.8665,0.8399,
Train1Val_ProteinGym,cls,dna_prot,nt_v2_500m,esm1v_650m,PyTorch_Concat,0.7779,0.8154,0.6637,0.8738,0.7317,0.554,0.8682,0.8404,
Train1Val_ProteinGym,cls,dna_prot_spliceai,nt_v2_500m,esmc_600m,Hybrid_Concat_XGBoost,0.7779,0.8142,0.6652,0.8725,0.7322,0.5538,0.8416,0.8348,
Train1Val_ProteinGym,cls,dna_prot,nt_v1_500m,esm1v_650m,Hybrid_Gating_XGBoost,0.7792,0.7803,0.7188,0.83,0.7483,0.5537,0.8648,0.8392,
Train1Val_ProteinGym,mean,dna_prot_spliceai,nt_v2_500m,esm2_650m,PyTorch_Transformer,0.7724,0.8624,0.5967,0.92,0.7054,0.5537,0.8633,0.8422,
Train1Val_ProteinGym,mean,dna_prot,nt_v1_500m,esm2_650m,Hybrid_Gating_XGBoost,0.7785,0.8014,0.6845,0.8575,0.7384,0.5535,0.8615,0.8353,
Train1Val_ProteinGym,center,dna_prot_spliceai,nt_v2_500m,esm2_650m,PyTorch_Concat,0.7772,0.8197,0.6562,0.8788,0.7289,0.5534,0.8608,0.8493,
Train1Val_ProteinGym,cls,dna_prot,nt_v3_650m,esmc_600m,PyTorch_Gating,0.7751,0.839,0.628,0.8988,0.7183,0.5532,0.8402,0.8414,
Train1Val_ProteinGym,mean,dna_prot,nt_v2_500m,esm2_650m,Hybrid_Concat_XGBoost,0.7772,0.815,0.6622,0.8738,0.7307,0.5527,0.856,0.834,
Train1Val_ProteinGym,cls,dna_prot,nt_v1_500m,esm1v_650m,Hybrid_Transformer_XGBoost,0.7785,0.7883,0.7039,0.8412,0.7437,0.5526,0.8677,0.8428,
Train1Val_ProteinGym,center,dna_geom,nt_v3_650m,esmc_600m,Pure_XGBoost_Concat,0.7629,0.9173,0.5283,0.96,0.6704,0.5525,0.8292,0.809,
Train1Val_ProteinGym,mean,dna_prot_spliceai,nt_v1_500m,esm2_650m,Hybrid_Gating_XGBoost,0.7772,0.8139,0.6637,0.8725,0.7311,0.5525,0.8598,0.8405,
Train1Val_ProteinGym,cls,dna_prot_spliceai,nt_v1_500m,esm1v_650m,Hybrid_Transformer_XGBoost,0.7785,0.7818,0.7143,0.8325,0.7465,0.5524,0.8697,0.8461,
Train1Val_ProteinGym,cls,dna_prot_spliceai,nt_v3_650m,esm1v_650m,Hybrid_Transformer_XGBoost,0.7785,0.7737,0.7277,0.8212,0.75,0.5524,0.8671,0.8388,
Train1Val_ProteinGym,cls,dna_prot_spliceai,nt_v1_500m,esm1v_650m,PyTorch_Concat,0.7772,0.8116,0.6667,0.87,0.732,0.5522,0.8639,0.8419,
Train1Val_ProteinGym,cls,dna_prot_spliceai,nt_v3_650m,esmc_600m,PyTorch_Transformer,0.7745,0.8386,0.6265,0.8988,0.7172,0.5519,0.8577,0.8509,
Train1Val_ProteinGym,cls,dna_prot_spliceai,nt_v1_500m,esmc_600m,PyTorch_Transformer,0.7731,0.8492,0.6116,0.9088,0.7111,0.5517,0.8264,0.8295,
Train1Val_ProteinGym,cls,dna_prot_spliceai,nt_v3_650m,esm1v_650m,PyTorch_CrossAttn,0.7765,0.817,0.6577,0.8762,0.7288,0.5517,0.8712,0.8443,
Train1Val_ProteinGym,mean,dna_prot_spliceai,nt_v1_500m,esm2_650m,Hybrid_CrossAttn_XGBoost,0.7772,0.8082,0.6711,0.8662,0.7333,0.5517,0.8598,0.8382,
Train1Val_ProteinGym,cls,dna_prot_spliceai,nt_v1_500m,esmc_600m,Hybrid_Concat_XGBoost,0.7772,0.8071,0.6726,0.865,0.7338,0.5516,0.8357,0.8324,
Train1Val_ProteinGym,mean,dna_prot_spliceai,nt_v3_650m,esm2_650m,Hybrid_Gating_XGBoost,0.7772,0.8071,0.6726,0.865,0.7338,0.5516,0.8537,0.8369,
Train1Val_ProteinGym,cls,dna_prot,nt_v1_500m,esm1v_650m,Pure_XGBoost_Concat,0.7779,0.7919,0.6964,0.8462,0.7411,0.5514,0.8513,0.8208,
Train1Val_ProteinGym,mean,dna_prot,nt_v2_500m,esm1v_650m,Hybrid_Concat_XGBoost,0.7779,0.7919,0.6964,0.8462,0.7411,0.5514,0.8734,0.8555,
Train1Val_ProteinGym,mean,dna_prot,nt_v2_500m,esm2_650m,Hybrid_CrossAttn_XGBoost,0.7772,0.805,0.6756,0.8625,0.7346,0.5513,0.8564,0.8321,
Train1Val_ProteinGym,center,dna_prot_spliceai,nt_v2_500m,esm2_650m,Pure_XGBoost_Concat,0.7772,0.805,0.6756,0.8625,0.7346,0.5513,0.8563,0.845,
Train1Val_ProteinGym,mean,dna_prot,nt_v2_500m,esm1v_650m,PyTorch_Gating,0.7745,0.836,0.6295,0.8962,0.7182,0.5513,0.8774,0.8547,
Train1Val_ProteinGym,cls,dna_prot,nt_v3_650m,esmc_600m,Hybrid_CrossAttn_XGBoost,0.7765,0.8124,0.6637,0.8712,0.7305,0.551,0.8228,0.8294,
Train1Val_ProteinGym,cls,dna_prot_spliceai,nt_v3_650m,esmc_600m,Hybrid_Transformer_XGBoost,0.7765,0.8124,0.6637,0.8712,0.7305,0.551,0.8373,0.8346,
Train1Val_ProteinGym,cls,dna_prot,nt_v2_500m,esm1v_650m,Hybrid_Transformer_XGBoost,0.7779,0.7778,0.7188,0.8275,0.7471,0.5509,0.8604,0.833,
Train1Val_ProteinGym,cls,dna_prot,nt_v2_500m,esmc_600m,Hybrid_Transformer_XGBoost,0.7751,0.8248,0.6443,0.885,0.7235,0.5504,0.8222,0.8201,
Train1Val_ProteinGym,mean,dna_prot_spliceai,nt_v2_500m,esm1v_650m,PyTorch_Transformer,0.7751,0.8248,0.6443,0.885,0.7235,0.5504,0.8767,0.8536,
Train1Val_ProteinGym,center,dna_prot,nt_v2_500m,esm2_650m,PyTorch_Concat,0.7751,0.8223,0.6473,0.8825,0.7244,0.55,0.8647,0.8487,
Train1Val_ProteinGym,center,dna_prot,nt_v2_500m,esm2_650m,PyTorch_CrossAttn,0.7731,0.8407,0.6205,0.9012,0.714,0.5499,0.8682,0.8553,
Train1Val_ProteinGym,cls,dna_prot,nt_v1_500m,esmc_600m,PyTorch_Gating,0.7717,0.8515,0.6057,0.9112,0.7078,0.5498,0.8408,0.8429,
Train1Val_ProteinGym,cls,dna_prot,nt_v3_650m,esm1v_650m,Hybrid_Gating_XGBoost,0.7772,0.7857,0.7039,0.8388,0.7425,0.5498,0.8685,0.8403,
Train1Val_ProteinGym,mean,dna_prot,nt_v1_500m,esm1v_650m,PyTorch_Transformer,0.7738,0.8343,0.6295,0.895,0.7176,0.5498,0.8819,0.858,
Train1Val_ProteinGym,center,dna_prot_spliceai,nt_v1_500m,esm2_650m,Hybrid_CrossAttn_XGBoost,0.7765,0.8025,0.6771,0.86,0.7345,0.5497,0.8667,0.8513,
Train1Val_ProteinGym,center,dna_prot,nt_v1_500m,esm2_650m,PyTorch_Transformer,0.7711,0.8556,0.5997,0.915,0.7052,0.5496,0.866,0.8524,
Train1Val_ProteinGym,mean,dna_prot,nt_v3_650m,esm2_650m,Hybrid_Concat_XGBoost,0.7765,0.8014,0.6786,0.8588,0.7349,0.5496,0.8611,0.8372,
Train1Val_ProteinGym,mean,dna_prot_spliceai,nt_v1_500m,esm1v_650m,PyTorch_CrossAttn,0.7738,0.833,0.631,0.8938,0.718,0.5495,0.8784,0.8509,
Train1Val_ProteinGym,cls,dna_prot,nt_v3_650m,esm1v_650m,PyTorch_CrossAttn,0.7751,0.8187,0.6518,0.8788,0.7258,0.5494,0.8766,0.8493,
Train1Val_ProteinGym,cls,dna_prot_spliceai,nt_v1_500m,esmc_600m,Pure_XGBoost_Concat,0.7751,0.8163,0.6548,0.8762,0.7267,0.549,0.8494,0.8399,
Train1Val_ProteinGym,mean,prot_spliceai,,esm2_650m,PyTorch_Concat,0.7697,0.8627,0.5893,0.9212,0.7003,0.549,0.8643,0.8452,
Train1Val_ProteinGym,mean,dna_prot,nt_v1_500m,esm1v_650m,Pure_XGBoost_Concat,0.7758,0.8043,0.6726,0.8625,0.7326,0.5486,0.8627,0.8413,
Train1Val_ProteinGym,cls,dna_prot,nt_v1_500m,esm1v_650m,PyTorch_CrossAttn,0.7751,0.8128,0.6592,0.8725,0.728,0.5485,0.8667,0.8465,
Train1Val_ProteinGym,cls,dna_prot_spliceai,nt_v2_500m,esm1v_650m,Hybrid_Transformer_XGBoost,0.7765,0.7676,0.7321,0.8138,0.7494,0.5484,0.8654,0.8347,
Train1Val_ProteinGym,cls,dna_prot,nt_v1_500m,esmc_600m,PyTorch_Transformer,0.7724,0.839,0.6205,0.9,0.7134,0.5483,0.8368,0.8362,
Train1Val_ProteinGym,cls,dna_prot,nt_v3_650m,esm1v_650m,Hybrid_Transformer_XGBoost,0.7765,0.7701,0.7277,0.8175,0.7483,0.5483,0.8598,0.8379,
Train1Val_ProteinGym,cls,dna_prot_spliceai,nt_v3_650m,esmc_600m,Hybrid_Concat_XGBoost,0.7751,0.8117,0.6607,0.8712,0.7285,0.5483,0.8443,0.8404,
Train1Val_ProteinGym,mean,dna_prot_spliceai,nt_v3_650m,esm2_650m,Hybrid_Concat_XGBoost,0.7751,0.8106,0.6622,0.87,0.7289,0.5482,0.8562,0.8314,
Train1Val_ProteinGym,center,bio_core_spliceai,,,Pure_XGBoost_Concat,0.7507,0.6628,0.9241,0.605,0.7719,0.5479,0.8749,0.8555,
Train1Val_ProteinGym,center,dna_prot,nt_v3_650m,esm2_650m,PyTorch_Gating,0.7738,0.8241,0.6414,0.885,0.7213,0.5478,0.8565,0.8374,
Train1Val_ProteinGym,mean,dna_prot,nt_v2_500m,esm2_650m,Hybrid_Gating_XGBoost,0.7751,0.8039,0.6711,0.8625,0.7315,0.5473,0.8504,0.8274,
Train1Val_ProteinGym,mean,dna_prot,nt_v2_500m,esm2_650m,Hybrid_Transformer_XGBoost,0.7751,0.8028,0.6726,0.8612,0.732,0.5472,0.8599,0.8411,
Train1Val_ProteinGym,center,dna_prot_spliceai,nt_v1_500m,esm2_650m,PyTorch_Concat,0.7711,0.8454,0.6101,0.9062,0.7087,0.5472,0.8675,0.8474,
Train1Val_ProteinGym,mean,dna_prot_spliceai,nt_v3_650m,esm1v_650m,Pure_XGBoost_Concat,0.7758,0.7869,0.6979,0.8412,0.7397,0.5471,0.8672,0.8448,
Train1Val_ProteinGym,center,bio_dna,nt_v3_650m,,Pure_XGBoost_Concat,0.7568,0.6756,0.8988,0.6375,0.7714,0.547,0.8854,0.8713,
Train1Val_ProteinGym,center,bio_dna,nt_v3_650m,,Pure_XGBoost_Concat,0.7568,0.6756,0.8988,0.6375,0.7714,0.547,0.8854,0.8713,
Train1Val_ProteinGym,cls,dna_prot_spliceai,nt_v3_650m,esm1v_650m,Hybrid_Concat_XGBoost,0.7758,0.785,0.7009,0.8388,0.7406,0.547,0.8661,0.8368,
Train1Val_ProteinGym,mean,dna_prot,nt_v1_500m,esm1v_650m,PyTorch_Concat,0.7745,0.8114,0.6592,0.8712,0.7274,0.547,0.8749,0.8508,
Train1Val_ProteinGym,mean,dna_prot,nt_v2_500m,esm2_650m,PyTorch_Gating,0.7704,0.8494,0.6042,0.91,0.7061,0.5469,0.8626,0.8417,
Train1Val_ProteinGym,center,dna_prot,nt_v2_500m,esm2_650m,PyTorch_Gating,0.7724,0.831,0.6295,0.8925,0.7163,0.5466,0.8573,0.8465,
Train1Val_ProteinGym,center,bio_geom,nt_v3_650m,esmc_600m,PyTorch_Concat,0.7582,0.9247,0.5119,0.965,0.659,0.5466,0.9044,0.887,
Train1Val_ProteinGym,cls,dna_prot_spliceai,nt_v1_500m,esm1v_650m,PyTorch_CrossAttn,0.7738,0.8168,0.6503,0.8775,0.7241,0.5466,0.8692,0.845,
Train1Val_ProteinGym,cls,dna_prot_spliceai,nt_v1_500m,esmc_600m,PyTorch_Concat,0.7711,0.8425,0.6131,0.9038,0.7097,0.5466,0.8359,0.838,
Train1Val_ProteinGym,mean,dna_prot,nt_v2_500m,esm2_650m,PyTorch_CrossAttn,0.7711,0.8411,0.6146,0.9025,0.7102,0.5463,0.8589,0.8406,
Train1Val_ProteinGym,center,dna_prot,nt_v1_500m,esm2_650m,Hybrid_Gating_XGBoost,0.7745,0.8047,0.6682,0.8638,0.7301,0.5461,0.8611,0.8425,
Train1Val_ProteinGym,cls,dna_prot,nt_v2_500m,esm1v_650m,Hybrid_Concat_XGBoost,0.7751,0.7866,0.6964,0.8412,0.7388,0.5458,0.8668,0.8406,
Train1Val_ProteinGym,cls,dna_prot_spliceai,nt_v1_500m,esm1v_650m,Hybrid_Concat_XGBoost,0.7751,0.7875,0.6949,0.8425,0.7383,0.5458,0.8623,0.8365,
Train1Val_ProteinGym,cls,bio_dna_geom_prot,nt_v3_650m,esm1b_650m,Hybrid_Gating_XGBoost,0.7615,0.9023,0.5357,0.9512,0.6723,0.5457,0.897,0.8809,
Train1Val_ProteinGym,cls,dna_prot_spliceai,nt_v3_650m,esm1v_650m,Hybrid_Gating_XGBoost,0.7751,0.7856,0.6979,0.84,0.7392,0.5457,0.8685,0.8421,
Train1Val_ProteinGym,cls,dna_prot_spliceai,nt_v2_500m,esm1v_650m,Hybrid_Concat_XGBoost,0.7751,0.7846,0.6994,0.8388,0.7396,0.5457,0.8596,0.8352,
Train1Val_ProteinGym,mean,dna_prot,nt_v1_500m,esm2_650m,PyTorch_Gating,0.7704,0.8436,0.6101,0.905,0.7081,0.5456,0.8619,0.8421,
Train1Val_ProteinGym,center,dna_prot_spliceai,nt_v1_500m,esm2_650m,Hybrid_Transformer_XGBoost,0.7745,0.8004,0.6741,0.8588,0.7318,0.5456,0.8655,0.8494,
Train1Val_ProteinGym,center,dna_prot,nt_v1_500m,esm2_650m,PyTorch_Concat,0.769,0.8532,0.5967,0.9138,0.7023,0.5454,0.8648,0.8501,
Train1Val_ProteinGym,cls,dna_prot,nt_v3_650m,esmc_600m,Hybrid_Transformer_XGBoost,0.7738,0.8087,0.6607,0.8688,0.7273,0.5454,0.8335,0.8342,
Train1Val_ProteinGym,cls,dna_prot_spliceai,nt_v2_500m,esmc_600m,Hybrid_Gating_XGBoost,0.7731,0.8165,0.6488,0.8775,0.7231,0.5453,0.814,0.8154,
Train1Val_ProteinGym,cls,dna_prot,nt_v1_500m,esmc_600m,PyTorch_Concat,0.7711,0.8357,0.6205,0.8975,0.7122,0.5451,0.8345,0.8367,
Train1Val_ProteinGym,mean,dna_prot_spliceai,nt_v3_650m,esm2_650m,PyTorch_CrossAttn,0.769,0.8517,0.5982,0.9125,0.7028,0.5451,0.8645,0.8455,
Train1Val_ProteinGym,mean,dna_prot,nt_v1_500m,esm2_650m,PyTorch_CrossAttn,0.7704,0.8408,0.6131,0.9025,0.7091,0.545,0.8651,0.8386,
Train1Val_ProteinGym,mean,dna_prot,nt_v2_500m,esm2_650m,PyTorch_Concat,0.7697,0.8462,0.6057,0.9075,0.706,0.545,0.8632,0.843,
Train1Val_ProteinGym,mean,dna_prot_spliceai,nt_v1_500m,esm2_650m,PyTorch_Concat,0.7704,0.8408,0.6131,0.9025,0.7091,0.545,0.8637,0.8453,
Train1Val_ProteinGym,center,dna_prot,nt_v1_500m,esm2_650m,Hybrid_CrossAttn_XGBoost,0.7745,0.7931,0.6845,0.85,0.7348,0.5449,0.8623,0.8483,
Train1Val_ProteinGym,cls,dna_prot_spliceai,nt_v1_500m,esmc_600m,Hybrid_Transformer_XGBoost,0.7731,0.8141,0.6518,0.875,0.724,0.5449,0.8299,0.8209,
Train1Val_ProteinGym,cls,dna_prot_spliceai,nt_v1_500m,esmc_600m,Hybrid_Gating_XGBoost,0.7738,0.8054,0.6652,0.865,0.7286,0.5449,0.8335,0.8325,
Train1Val_ProteinGym,cls,dna_prot_spliceai,nt_v2_500m,esmc_600m,PyTorch_Gating,0.7683,0.8559,0.5923,0.9162,0.7001,0.5449,0.8266,0.832,
Train1Val_ProteinGym,center,dna_prot,nt_v2_500m,esm2_650m,Pure_XGBoost_Concat,0.7738,0.8021,0.6696,0.8612,0.7299,0.5445,0.8557,0.8372,
Train1Val_ProteinGym,mean,dna_prot,nt_v1_500m,esm2_650m,PyTorch_Transformer,0.7731,0.8107,0.6562,0.8712,0.7253,0.5444,0.8627,0.8369,
Train1Val_ProteinGym,mean,dna_prot_spliceai,nt_v1_500m,esm2_650m,PyTorch_CrossAttn,0.7697,0.8433,0.6086,0.905,0.707,0.5443,0.861,0.834,
Train1Val_ProteinGym,center,bio_core_dna_spliceai,nt_v1_500m,,Pure_XGBoost_Concat,0.7575,0.6792,0.8884,0.6475,0.7698,0.5442,0.8698,0.8399,
Train1Val_ProteinGym,mean,dna_prot_spliceai,nt_v2_500m,esm2_650m,Hybrid_Transformer_XGBoost,0.7738,0.8,0.6726,0.8588,0.7308,0.5442,0.8557,0.8303,
Train1Val_ProteinGym,cls,dna_prot,nt_v2_500m,esm1v_650m,Hybrid_CrossAttn_XGBoost,0.7745,0.7716,0.7188,0.8212,0.7442,0.5441,0.8635,0.8348,
Train1Val_ProteinGym,cls,dna_prot_spliceai,nt_v2_500m,esmc_600m,PyTorch_Transformer,0.7677,0.8571,0.5893,0.9175,0.6984,0.544,0.824,0.8269,
Train1Val_ProteinGym,center,bio_dna_geom_prot,nt_v3_650m,esmc_600m,Hybrid_Gating_XGBoost,0.7554,0.9309,0.5015,0.9688,0.6518,0.5439,0.8971,0.8817,
Train1Val_ProteinGym,center,bio_dna_geom_prot,nt_v3_650m,esmc_600m,Hybrid_CrossAttn_XGBoost,0.7541,0.9379,0.494,0.9725,0.6472,0.5438,0.9226,0.9044,
Train1Val_ProteinGym,center,dna_prot,nt_v1_500m,esm2_650m,PyTorch_Gating,0.7697,0.8405,0.6116,0.9025,0.708,0.5437,0.8599,0.846,
Train1Val_ProteinGym,mean,dna_prot_spliceai,nt_v3_650m,esm2_650m,PyTorch_Gating,0.769,0.8458,0.6042,0.9075,0.7049,0.5437,0.8597,0.8374,
Train1Val_ProteinGym,center,dna_prot,nt_v3_650m,esm2_650m,PyTorch_CrossAttn,0.7677,0.8556,0.5908,0.9162,0.6989,0.5436,0.8763,0.8611,
Train1Val_ProteinGym,center,bio_geom_prot,nt_v3_650m,esmc_600m,PyTorch_Concat,0.7548,0.9331,0.4985,0.97,0.6499,0.5434,0.9079,0.8969,
Train1Val_ProteinGym,center,dna_geom_prot,nt_v3_650m,esmc_600m,Pure_XGBoost_Concat,0.7575,0.9178,0.5149,0.9612,0.6597,0.5433,0.8229,0.8129,
Train1Val_ProteinGym,mean,prot_spliceai,,esm2_650m,Hybrid_Concat_XGBoost,0.7731,0.8029,0.6667,0.8625,0.7285,0.5433,0.8547,0.8301,
Train1Val_ProteinGym,center,bio_dna_geom_prot,nt_v3_650m,esmc_600m,PyTorch_CrossAttn,0.7568,0.9198,0.5119,0.9625,0.6577,0.5428,0.9024,0.8852,
Train1Val_ProteinGym,cls,dna_prot,nt_v1_500m,esm1v_650m,Hybrid_Concat_XGBoost,0.7738,0.7802,0.7024,0.8338,0.7392,0.5428,0.8658,0.843,
Train1Val_ProteinGym,cls,dna_prot_spliceai,nt_v3_650m,esm1v_650m,PyTorch_Transformer,0.7717,0.8146,0.6473,0.8762,0.7214,0.5424,0.8702,0.8431,
Train1Val_ProteinGym,cls,dna_prot_spliceai,nt_v2_500m,esmc_600m,PyTorch_Concat,0.769,0.8402,0.6101,0.9025,0.7069,0.5424,0.835,0.8343,
Train1Val_ProteinGym,cls,bio,,,PyTorch_Concat,0.7677,0.7137,0.8199,0.7238,0.7632,0.5423,0.8677,0.8508,
Train1Val_ProteinGym,cls,bio,,,PyTorch_Concat,0.7677,0.7137,0.8199,0.7238,0.7632,0.5423,0.8677,0.8508,
Train1Val_ProteinGym,mean,dna_prot_spliceai,nt_v3_650m,esm2_650m,PyTorch_Concat,0.7704,0.8275,0.628,0.89,0.714,0.5422,0.8632,0.8401,
Train1Val_ProteinGym,center,dna_prot,nt_v3_650m,esm2_650m,PyTorch_Transformer,0.7677,0.8496,0.5967,0.9112,0.701,0.5421,0.8685,0.8515,
Train1Val_ProteinGym,cls,dna_prot,nt_v2_500m,esmc_600m,PyTorch_Concat,0.7677,0.8481,0.5982,0.91,0.7016,0.5418,0.8184,0.823,
Train1Val_ProteinGym,mean,dna_prot,nt_v1_500m,esm2_650m,PyTorch_Concat,0.7683,0.8427,0.6057,0.905,0.7048,0.5417,0.8639,0.8439,
Train1Val_ProteinGym,cls,dna_prot_spliceai,nt_v1_500m,esm1v_650m,Pure_XGBoost_Concat,0.7731,0.7864,0.6905,0.8425,0.7353,0.5417,0.8484,0.8285,
Train1Val_ProteinGym,mean,dna_prot,nt_v3_650m,esm1v_650m,Pure_XGBoost_Concat,0.7731,0.7864,0.6905,0.8425,0.7353,0.5417,0.8634,0.841,
Train1Val_ProteinGym,mean,dna_prot_spliceai,nt_v3_650m,esm1v_650m,PyTorch_Concat,0.7697,0.831,0.622,0.8938,0.7115,0.5417,0.8841,0.8614,
Train1Val_ProteinGym,mean,dna_prot_spliceai,nt_v3_650m,esm1v_650m,PyTorch_Gating,0.7717,0.8088,0.6548,0.87,0.7237,0.5415,0.873,0.8456,
Train1Val_ProteinGym,cls,dna_prot,nt_v1_500m,esm1v_650m,PyTorch_Concat,0.7697,0.8297,0.6235,0.8925,0.712,0.5414,0.8739,0.8485,
Train1Val_ProteinGym,cls,bio_core_dna_spliceai,nt_v3_650m,,PyTorch_Concat,0.7677,0.7154,0.8155,0.7275,0.7622,0.5414,0.849,0.8012,
Train1Val_ProteinGym,mean,dna_prot_spliceai,nt_v1_500m,esm2_650m,PyTorch_Gating,0.7677,0.8466,0.5997,0.9088,0.7021,0.5414,0.8654,0.8428,
Train1Val_ProteinGym,cls,dna_prot_spliceai,nt_v1_500m,esm1v_650m,PyTorch_Transformer,0.7704,0.8224,0.6339,0.885,0.716,0.5413,0.8653,0.8453,
Train1Val_ProteinGym,cls,dna_prot_spliceai,nt_v1_500m,esmc_600m,Hybrid_CrossAttn_XGBoost,0.7711,0.8131,0.6473,0.875,0.7208,0.5409,0.8239,0.8276,
Train1Val_ProteinGym,mean,dna_prot_spliceai,nt_v3_650m,esm1v_650m,PyTorch_Transformer,0.7663,0.8534,0.5893,0.915,0.6972,0.5407,0.8812,0.8579,
Train1Val_ProteinGym,mean,dna_prot,nt_v2_500m,esm2_650m,PyTorch_Transformer,0.769,0.832,0.619,0.895,0.7099,0.5406,0.8619,0.8383,
Train1Val_ProteinGym,cls,dna_prot,nt_v2_500m,esm1v_650m,Pure_XGBoost_Concat,0.7724,0.7871,0.6875,0.8438,0.7339,0.5404,0.8499,0.8249,
Train1Val_ProteinGym,cls,dna_prot,nt_v3_650m,esmc_600m,Hybrid_Gating_XGBoost,0.7717,0.7968,0.6711,0.8562,0.7286,0.54,0.8363,0.8341,
Train1Val_ProteinGym,cls,dna_prot,nt_v2_500m,esm1v_650m,PyTorch_Transformer,0.769,0.8268,0.625,0.89,0.7119,0.5396,0.8736,0.8467,
Train1Val_ProteinGym,cls,dna_prot,nt_v2_500m,esmc_600m,PyTorch_Transformer,0.7656,0.8531,0.5878,0.915,0.696,0.5394,0.8274,0.8282,
Train1Val_ProteinGym,mean,dna_prot,nt_v1_500m,esm2_650m,Hybrid_CrossAttn_XGBoost,0.7717,0.7907,0.6801,0.8488,0.7312,0.5394,0.8514,0.8298,
Train1Val_ProteinGym,center,geom_prot,nt_v3_650m,esmc_600m,Pure_XGBoost_Concat,0.7561,0.9108,0.5164,0.9575,0.6591,0.5389,0.8265,0.8142,
Train1Val_ProteinGym,cls,bio_core_dna_spliceai,nt_v2_500m,,Pure_XGBoost_Concat,0.7514,0.6692,0.9003,0.6262,0.7678,0.5388,0.8674,0.8401,
Train1Val_ProteinGym,cls,dna_prot,nt_v3_650m,esm1v_650m,Pure_XGBoost_Concat,0.7717,0.7809,0.6949,0.8362,0.7354,0.5387,0.8505,0.828,
Train1Val_ProteinGym,cls,dna_prot,nt_v1_500m,esmc_600m,Hybrid_Concat_XGBoost,0.7704,0.8059,0.6548,0.8675,0.7225,0.5385,0.8462,0.8395,
Train1Val_ProteinGym,center,prot_spliceai,,esm2_650m,PyTorch_Concat,0.767,0.8392,0.6057,0.9025,0.7035,0.5385,0.8651,0.8487,
Train1Val_ProteinGym,cls,dna_prot,nt_v2_500m,esmc_600m,Hybrid_Concat_XGBoost,0.7704,0.8047,0.6562,0.8662,0.723,0.5384,0.8294,0.8291,
Train1Val_ProteinGym,mean,dna_prot,nt_v2_500m,esm2_650m,Pure_XGBoost_Concat,0.769,0.8205,0.6324,0.8838,0.7143,0.5384,0.8388,0.8108,
Train1Val_ProteinGym,cls,dna_prot_spliceai,nt_v2_500m,esmc_600m,Hybrid_Transformer_XGBoost,0.7697,0.8136,0.6429,0.8762,0.7182,0.5384,0.8158,0.8206,
Train1Val_ProteinGym,cls,dna_prot,nt_v2_500m,esmc_600m,Pure_XGBoost_Concat,0.7697,0.8124,0.6443,0.875,0.7187,0.5383,0.8572,0.844,
Train1Val_ProteinGym,mean,dna_prot_spliceai,nt_v2_500m,esm2_650m,Hybrid_Gating_XGBoost,0.7704,0.7972,0.6667,0.8575,0.7261,0.5374,0.8547,0.8306,
Train1Val_ProteinGym,cls,dna_prot_spliceai,nt_v2_500m,esm1v_650m,PyTorch_Transformer,0.7683,0.8164,0.6354,0.88,0.7146,0.5364,0.8693,0.8386,
Train1Val_ProteinGym,mean,dna_prot_spliceai,nt_v3_650m,esm2_650m,Hybrid_Transformer_XGBoost,0.7704,0.7869,0.6815,0.845,0.7305,0.5364,0.8526,0.8267,
Train1Val_ProteinGym,center,dna_prot,nt_v2_500m,esm2_650m,PyTorch_Transformer,0.767,0.8283,0.6176,0.8925,0.7076,0.5362,0.8572,0.8439,
Train1Val_ProteinGym,center,bio_dna_geom,nt_v3_650m,esmc_600m,Hybrid_Concat_XGBoost,0.7527,0.9208,0.5015,0.9638,0.6493,0.5362,0.9002,0.8814,
Train1Val_ProteinGym,cls,dna_prot,nt_v3_650m,esm1v_650m,PyTorch_Concat,0.7677,0.821,0.628,0.885,0.7116,0.536,0.8718,0.847,
Train1Val_ProteinGym,cls,dna_prot_spliceai,nt_v2_500m,esmc_600m,Hybrid_CrossAttn_XGBoost,0.7683,0.814,0.6384,0.8775,0.7156,0.536,0.8136,0.8087,
Train1Val_ProteinGym,mean,dna_prot_spliceai,nt_v2_500m,esm2_650m,Hybrid_Concat_XGBoost,0.7697,0.7957,0.6667,0.8562,0.7255,0.536,0.8584,0.8374,
Train1Val_ProteinGym,center,dna_prot_spliceai,nt_v1_500m,esm2_650m,Hybrid_Concat_XGBoost,0.7697,0.7916,0.6726,0.8512,0.7273,0.5355,0.8551,0.8349,
Train1Val_ProteinGym,mean,dna_prot,nt_v3_650m,esm2_650m,Pure_XGBoost_Concat,0.7677,0.8161,0.6339,0.88,0.7136,0.5351,0.8518,0.832,
Train1Val_ProteinGym,cls,dna_prot_spliceai,nt_v3_650m,esmc_600m,Hybrid_CrossAttn_XGBoost,0.769,0.7996,0.6592,0.8612,0.7227,0.5351,0.8261,0.8292,
Train1Val_ProteinGym,center,bio_dna_geom_prot,nt_v3_650m,esmc_600m,PyTorch_Transformer,0.75,0.9318,0.4881,0.97,0.6406,0.5349,0.9221,0.9037,
Train1Val_ProteinGym,cls,dna_prot,nt_v2_500m,esm1v_650m,Hybrid_Gating_XGBoost,0.7697,0.7846,0.683,0.8425,0.7303,0.5349,0.8599,0.8367,
Train1Val_ProteinGym,cls,dna_prot_spliceai,nt_v2_500m,esmc_600m,PyTorch_CrossAttn,0.7649,0.8396,0.5997,0.9038,0.6997,0.5349,0.8214,0.8245,
Train1Val_ProteinGym,mean,bio_dna,nt_v3_650m,,Hybrid_Concat_XGBoost,0.75,0.6689,0.8958,0.6275,0.7659,0.5348,0.8713,0.8395,
Train1Val_ProteinGym,cls,dna_prot_spliceai,nt_v1_500m,esmc_600m,PyTorch_Gating,0.7615,0.8623,0.5685,0.9238,0.6852,0.5345,0.8366,0.8383,
Train1Val_ProteinGym,cls,dna_prot,nt_v1_500m,esmc_600m,PyTorch_CrossAttn,0.7643,0.8407,0.5967,0.905,0.698,0.534,0.8315,0.8354,
Train1Val_ProteinGym,cls,dna_prot,nt_v2_500m,esmc_600m,PyTorch_Gating,0.7649,0.834,0.6057,0.8988,0.7017,0.5337,0.8221,0.8287,
Train1Val_ProteinGym,cls,dna_prot,nt_v2_500m,esmc_600m,Hybrid_Gating_XGBoost,0.7677,0.8078,0.6443,0.8712,0.7169,0.5337,0.8197,0.8232,
Train1Val_ProteinGym,cls,dna_prot_spliceai,nt_v1_500m,esm1v_650m,Hybrid_Gating_XGBoost,0.769,0.7804,0.6875,0.8375,0.731,0.5333,0.8552,0.8297,
Train1Val_ProteinGym,mean,bio_core_dna_spliceai,nt_v2_500m,,Pure_XGBoost_Concat,0.7486,0.667,0.8973,0.6238,0.7652,0.5332,0.8642,0.836,
Train1Val_ProteinGym,cls,dna_prot_spliceai,nt_v1_500m,esm1v_650m,Hybrid_CrossAttn_XGBoost,0.769,0.766,0.7113,0.8175,0.7377,0.533,0.8605,0.8365,
Train1Val_ProteinGym,center,bio_dna_geom_prot,nt_v3_650m,esmc_600m,PyTorch_Gating,0.7425,0.9651,0.4524,0.9862,0.616,0.5327,0.9226,0.9099,
Train1Val_ProteinGym,center,bio,,,Pure_XGBoost_Concat,0.7439,0.6581,0.9137,0.6012,0.7651,0.5324,0.8757,0.8581,
Train1Val_ProteinGym,center,bio,,,Pure_XGBoost_Concat,0.7439,0.6581,0.9137,0.6012,0.7651,0.5324,0.8757,0.8581,
Train1Val_ProteinGym,center,bio_core_dna_spliceai,nt_v3_650m,,Hybrid_Concat_XGBoost,0.7459,0.662,0.9062,0.6112,0.7651,0.5324,0.8672,0.8379,
Train1Val_ProteinGym,cls,dna_prot,nt_v3_650m,esm1v_650m,PyTorch_Transformer,0.7663,0.813,0.6339,0.8775,0.7124,0.532,0.8716,0.8423,
Train1Val_ProteinGym,cls,dna_prot,nt_v1_500m,esmc_600m,Hybrid_CrossAttn_XGBoost,0.767,0.8041,0.6473,0.8675,0.7172,0.5319,0.828,0.8304,
Train1Val_ProteinGym,cls,dna_prot,nt_v1_500m,esm1v_650m,PyTorch_Transformer,0.767,0.8041,0.6473,0.8675,0.7172,0.5319,0.8717,0.8483,
Train1Val_ProteinGym,mean,geom_prot,nt_v3_650m,esm1b_650m,Pure_XGBoost_Concat,0.7507,0.9178,0.4985,0.9625,0.6461,0.5318,0.8631,0.8624,
Train1Val_ProteinGym,cls,dna_prot_spliceai,nt_v2_500m,esm1v_650m,Pure_XGBoost_Concat,0.7683,0.7727,0.6979,0.8275,0.7334,0.5317,0.8541,0.8308,
Train1Val_ProteinGym,center,bio_core_dna_spliceai,nt_v2_500m,,PyTorch_Concat,0.7534,0.6794,0.8705,0.655,0.7632,0.5313,0.8443,0.7928,
Train1Val_ProteinGym,mean,dna_prot,nt_v2_500m,esm1v_650m,PyTorch_Transformer,0.7649,0.8221,0.619,0.8875,0.7063,0.5312,0.8766,0.8582,
Train1Val_ProteinGym,mean,bio_core_dna_spliceai,nt_v3_650m,,Hybrid_Concat_XGBoost,0.748,0.667,0.8943,0.625,0.7641,0.5309,0.8614,0.8253,
Train1Val_ProteinGym,cls,dna_prot,nt_v2_500m,esmc_600m,PyTorch_CrossAttn,0.7636,0.832,0.6042,0.8975,0.7,0.5308,0.8169,0.8161,
Train1Val_ProteinGym,cls,dna_prot_spliceai,nt_v1_500m,esm1v_650m,PyTorch_Gating,0.7656,0.8114,0.6339,0.8762,0.7118,0.5305,0.8635,0.8378,
Train1Val_ProteinGym,cls,bio,,,Pure_XGBoost_Concat,0.7412,0.6543,0.9182,0.5925,0.7641,0.5301,0.8751,0.8553,
Train1Val_ProteinGym,mean,bio,,,Pure_XGBoost_Concat,0.7398,0.6519,0.9226,0.5863,0.764,0.5301,0.8753,0.8551,
Train1Val_ProteinGym,cls,bio,,,Pure_XGBoost_Concat,0.7412,0.6543,0.9182,0.5925,0.7641,0.5301,0.8751,0.8553,
Train1Val_ProteinGym,cls,dna_prot,nt_v1_500m,esm1v_650m,PyTorch_Gating,0.7636,0.8279,0.6086,0.8938,0.7015,0.5299,0.8684,0.8473,
Train1Val_ProteinGym,cls,bio_dna,nt_v3_650m,,PyTorch_Concat,0.7575,0.6928,0.8423,0.6862,0.7602,0.5297,0.8515,0.8127,
Train1Val_ProteinGym,cls,bio_dna,nt_v3_650m,,PyTorch_Concat,0.7575,0.6928,0.8423,0.6862,0.7602,0.5297,0.8515,0.8127,
Train1Val_ProteinGym,mean,dna_prot,nt_v3_650m,esm2_650m,PyTorch_Concat,0.7636,0.8253,0.6116,0.8912,0.7026,0.5294,0.8593,0.8364,
Train1Val_ProteinGym,mean,dna_prot,nt_v1_500m,esm2_650m,Pure_XGBoost_Concat,0.7636,0.824,0.6131,0.89,0.7031,0.5291,0.8512,0.8319,
Train1Val_ProteinGym,mean,dna_prot_spliceai,nt_v2_500m,esm2_650m,PyTorch_Concat,0.7595,0.8549,0.5699,0.9188,0.6839,0.529,0.8598,0.8404,
Train1Val_ProteinGym,mean,bio_core_dna_spliceai,nt_v1_500m,,PyTorch_Concat,0.7595,0.7013,0.8244,0.705,0.7579,0.5288,0.8477,0.8067,
Train1Val_ProteinGym,center,bio_geom,nt_v3_650m,esmc_600m,Hybrid_Concat_XGBoost,0.7493,0.9128,0.4985,0.96,0.6449,0.5279,0.902,0.8811,
Train1Val_ProteinGym,mean,dna_prot,nt_v3_650m,esm2_650m,Hybrid_Gating_XGBoost,0.7656,0.7873,0.6667,0.8488,0.722,0.5272,0.8543,0.8295,
Train1Val_ProteinGym,cls,prot_spliceai,,esm1v_650m,PyTorch_Concat,0.7609,0.8347,0.5938,0.9012,0.6939,0.5265,0.864,0.8396,
Train1Val_ProteinGym,cls,dna_prot_spliceai,nt_v3_650m,esm1v_650m,Hybrid_CrossAttn_XGBoost,0.7656,0.7575,0.7158,0.8075,0.736,0.5263,0.857,0.8288,
Train1Val_ProteinGym,center,dna_prot,nt_v1_500m,esm2_650m,PyTorch_CrossAttn,0.7582,0.8527,0.5685,0.9175,0.6821,0.5261,0.8637,0.8479,
Train1Val_ProteinGym,cls,dna_prot_spliceai,nt_v3_650m,esm1v_650m,PyTorch_Gating,0.7615,0.8242,0.6071,0.8912,0.6992,0.5255,0.8707,0.8461,
Train1Val_ProteinGym,cls,bio_dna,nt_v3_650m,,Pure_XGBoost_Concat,0.7466,0.6678,0.8854,0.63,0.7614,0.5252,0.8689,0.8393,
Train1Val_ProteinGym,cls,bio_dna,nt_v3_650m,,Pure_XGBoost_Concat,0.7466,0.6678,0.8854,0.63,0.7614,0.5252,0.8689,0.8393,
Train1Val_ProteinGym,center,bio_dna,nt_v3_650m,,Hybrid_Concat_XGBoost,0.7439,0.6623,0.8958,0.6162,0.7615,0.5248,0.8674,0.8383,
Train1Val_ProteinGym,center,bio_dna,nt_v3_650m,,Hybrid_Concat_XGBoost,0.7439,0.6623,0.8958,0.6162,0.7615,0.5248,0.8674,0.8383,
Train1Val_ProteinGym,cls,bio_core_dna_spliceai,nt_v1_500m,,Pure_XGBoost_Concat,0.7452,0.6652,0.8899,0.6238,0.7613,0.5247,0.8582,0.8166,
Train1Val_ProteinGym,mean,dna_prot_spliceai,nt_v1_500m,esm2_650m,Pure_XGBoost_Concat,0.7622,0.8132,0.622,0.88,0.7049,0.5246,0.8472,0.8199,
Train1Val_ProteinGym,cls,bio_core_dna_spliceai,nt_v3_650m,,Pure_XGBoost_Concat,0.7425,0.6598,0.9003,0.61,0.7615,0.5245,0.8693,0.8367,
Train1Val_ProteinGym,cls,bio_geom,nt_v3_650m,esm1b_650m,PyTorch_Concat,0.7418,0.9424,0.4628,0.9762,0.6208,0.5244,0.9145,0.8971,
Train1Val_ProteinGym,mean,bio_core_dna_spliceai,nt_v1_500m,,Pure_XGBoost_Concat,0.7459,0.667,0.8854,0.6288,0.7609,0.5241,0.866,0.8404,
Train1Val_ProteinGym,cls,dna_prot_spliceai,nt_v1_500m,esmc_600m,PyTorch_CrossAttn,0.7602,0.8289,0.5982,0.8962,0.6949,0.524,0.8333,0.8325,
Train1Val_ProteinGym,center,dna_prot_spliceai,nt_v1_500m,esm2_650m,PyTorch_Gating,0.7582,0.8435,0.5774,0.91,0.6855,0.5238,0.8546,0.842,
Train1Val_ProteinGym,cls,bio,,,Hybrid_Concat_XGBoost,0.7405,0.6562,0.9062,0.6012,0.7612,0.5237,0.863,0.846,
Train1Val_ProteinGym,cls,bio,,,Hybrid_Concat_XGBoost,0.7405,0.6562,0.9062,0.6012,0.7612,0.5237,0.863,0.846,
Train1Val_ProteinGym,cls,dna_prot_spliceai,nt_v2_500m,esm1v_650m,PyTorch_Concat,0.7609,0.8213,0.6086,0.8888,0.6991,0.5236,0.8638,0.8369,
Train1Val_ProteinGym,mean,dna_prot_spliceai,nt_v2_500m,esm1v_650m,Pure_XGBoost_Concat,0.7643,0.7731,0.6845,0.8312,0.7261,0.5235,0.849,0.8325,
Train1Val_ProteinGym,cls,dna_geom_prot,nt_v3_650m,esm1b_650m,Pure_XGBoost_Concat,0.748,0.9057,0.5,0.9562,0.6443,0.5234,0.8655,0.8634,
Train1Val_ProteinGym,center,bio_core_dna_spliceai,nt_v1_500m,,PyTorch_Concat,0.7534,0.6873,0.8438,0.6775,0.7575,0.5231,0.836,0.7829,
Train1Val_ProteinGym,center,bio,,,PyTorch_Concat,0.7534,0.6877,0.8423,0.6788,0.7572,0.5227,0.8625,0.8448,
Train1Val_ProteinGym,mean,bio,,,PyTorch_Concat,0.7548,0.6922,0.8333,0.6888,0.7562,0.5227,0.8633,0.8406,
Train1Val_ProteinGym,center,bio,,,PyTorch_Concat,0.7534,0.6877,0.8423,0.6788,0.7572,0.5227,0.8625,0.8448,
Train1Val_ProteinGym,mean,bio,,,Hybrid_Concat_XGBoost,0.7425,0.6612,0.8943,0.615,0.7603,0.522,0.8636,0.8441,
Train1Val_ProteinGym,cls,dna_prot_spliceai,nt_v2_500m,esm1v_650m,Hybrid_Gating_XGBoost,0.7636,0.7605,0.7039,0.8138,0.7311,0.522,0.8555,0.8268,
Train1Val_ProteinGym,mean,dna_prot_spliceai,nt_v3_650m,esm2_650m,Pure_XGBoost_Concat,0.7615,0.8034,0.6324,0.87,0.7077,0.5216,0.8517,0.8292,
Train1Val_ProteinGym,center,bio_core_spliceai,,,Hybrid_Concat_XGBoost,0.7439,0.6644,0.8869,0.6238,0.7597,0.5213,0.853,0.8165,
Train1Val_ProteinGym,cls,bio_core_dna_spliceai,nt_v2_500m,,PyTorch_Concat,0.7548,0.6941,0.8274,0.6938,0.7549,0.5212,0.8456,0.8087,
Train1Val_ProteinGym,center,bio_core_dna_spliceai,nt_v2_500m,,Pure_XGBoost_Concat,0.7385,0.6541,0.9062,0.5975,0.7598,0.5204,0.8612,0.8405,
Train1Val_ProteinGym,cls,dna_prot_spliceai,nt_v2_500m,esm1v_650m,PyTorch_Gating,0.7575,0.8344,0.5848,0.9025,0.6877,0.5204,0.8651,0.8399,
Train1Val_ProteinGym,mean,bio_core_dna_spliceai,nt_v2_500m,,PyTorch_Concat,0.7507,0.6822,0.8497,0.6675,0.7568,0.5202,0.8371,0.7866,
Train1Val_ProteinGym,cls,bio_dna,nt_v3_650m,,Hybrid_Concat_XGBoost,0.7405,0.6583,0.8973,0.6088,0.7594,0.5199,0.8605,0.8327,
Train1Val_ProteinGym,cls,bio_dna,nt_v3_650m,,Hybrid_Concat_XGBoost,0.7405,0.6583,0.8973,0.6088,0.7594,0.5199,0.8605,0.8327,
Train1Val_ProteinGym,cls,geom_prot,nt_v3_650m,esm1b_650m,Pure_XGBoost_Concat,0.7452,0.9091,0.4911,0.9588,0.6377,0.5198,0.8658,0.8591,
Train1Val_ProteinGym,cls,dna_prot,nt_v3_650m,esm1v_650m,PyTorch_Gating,0.7588,0.8202,0.6042,0.8888,0.6958,0.5197,0.8669,0.84,
Train1Val_ProteinGym,mean,dna_prot,nt_v2_500m,esm1v_650m,Pure_XGBoost_Concat,0.7622,0.7766,0.6726,0.8375,0.7209,0.5197,0.8555,0.8359,
Train1Val_ProteinGym,center,dna_geom_prot,nt_v3_650m,esmc_600m,PyTorch_CrossAttn,0.7391,0.9417,0.4568,0.9762,0.6152,0.5195,0.8984,0.8892,
Train1Val_ProteinGym,center,bio,,,Hybrid_Concat_XGBoost,0.7412,0.6601,0.8929,0.6138,0.759,0.5192,0.8635,0.8481,
Train1Val_ProteinGym,center,bio,,,Hybrid_Concat_XGBoost,0.7412,0.6601,0.8929,0.6138,0.759,0.5192,0.8635,0.8481,
Train1Val_ProteinGym,cls,dna_prot,nt_v2_500m,esm1v_650m,PyTorch_Gating,0.7561,0.838,0.5774,0.9062,0.6837,0.5188,0.8665,0.8437,
Train1Val_ProteinGym,center,bio_core_dna_spliceai,nt_v2_500m,,Hybrid_Concat_XGBoost,0.7385,0.6555,0.9003,0.6025,0.7586,0.5179,0.8475,0.7955,
Train1Val_ProteinGym,center,bio_core_dna_spliceai,nt_v1_500m,,Hybrid_Concat_XGBoost,0.7391,0.6569,0.8973,0.6062,0.7585,0.5177,0.8449,0.7942,
Train1Val_ProteinGym,center,bio_geom_prot,nt_v3_650m,esmc_600m,Hybrid_Concat_XGBoost,0.7385,0.9388,0.4568,0.975,0.6146,0.5175,0.9002,0.8838,
Train1Val_ProteinGym,mean,dna_geom_prot,nt_v3_650m,esm1b_650m,Pure_XGBoost_Concat,0.7439,0.9063,0.4896,0.9575,0.6357,0.5167,0.8606,0.8552,
Train1Val_ProteinGym,cls,dna_prot,nt_v2_500m,esmc_600m,Hybrid_CrossAttn_XGBoost,0.7588,0.7996,0.6295,0.8675,0.7044,0.5159,0.8146,0.8131,
Train1Val_ProteinGym,mean,prot_spliceai,,esm2_650m,Pure_XGBoost_Concat,0.7582,0.8062,0.619,0.875,0.7003,0.5158,0.8418,0.8232,
Train1Val_ProteinGym,cls,dna_prot,nt_v2_500m,esm1v_650m,PyTorch_CrossAttn,0.7561,0.8227,0.5938,0.8925,0.6897,0.5153,0.8682,0.8418,
Train1Val_ProteinGym,cls,dna_prot,nt_v1_500m,esm2_650m,Pure_XGBoost_Concat,0.7575,0.8082,0.6146,0.8775,0.6982,0.5149,0.824,0.8031,
Train1Val_ProteinGym,cls,bio_core_dna_spliceai,nt_v3_650m,,Hybrid_Concat_XGBoost,0.7391,0.6586,0.8899,0.6125,0.757,0.5147,0.8545,0.8185,
Train1Val_ProteinGym,cls,dna_prot,nt_v1_500m,esm2_650m,Hybrid_Concat_XGBoost,0.7582,0.7992,0.628,0.8675,0.7033,0.5146,0.8353,0.81,
Train1Val_ProteinGym,cls,prot_spliceai,,esm1v_650m,Hybrid_Concat_XGBoost,0.7595,0.7641,0.6845,0.8225,0.7221,0.5137,0.8572,0.8313,
Train1Val_ProteinGym,center,dna_geom_prot,nt_v3_650m,esmc_600m,PyTorch_Transformer,0.7371,0.9331,0.4568,0.9725,0.6134,0.5134,0.9038,0.8925,
Train1Val_ProteinGym,cls,dna_prot_spliceai,nt_v3_650m,esm1v_650m,Pure_XGBoost_Concat,0.7588,0.7673,0.6771,0.8275,0.7194,0.5124,0.8516,0.8227,
Train1Val_ProteinGym,mean,dna_prot_spliceai,nt_v2_500m,esm2_650m,Pure_XGBoost_Concat,0.7561,0.8004,0.6205,0.87,0.6991,0.511,0.8397,0.8205,
Train1Val_ProteinGym,cls,dna_prot_spliceai,nt_v3_650m,esm2_650m,PyTorch_Concat,0.7527,0.8291,0.5774,0.9,0.6807,0.5106,0.8406,0.823,
Train1Val_ProteinGym,cls,dna_prot,nt_v3_650m,esm2_650m,Hybrid_Gating_XGBoost,0.7568,0.7886,0.6384,0.8562,0.7056,0.5104,0.8384,0.8128,
Train1Val_ProteinGym,mean,bio_core_dna_spliceai,nt_v1_500m,,Hybrid_Concat_XGBoost,0.7357,0.6543,0.8929,0.6038,0.7552,0.5104,0.8518,0.8092,
Train1Val_ProteinGym,mean,bio_core_dna_spliceai,nt_v2_500m,,Hybrid_Concat_XGBoost,0.7357,0.6543,0.8929,0.6038,0.7552,0.5104,0.8433,0.8041,
Train1Val_ProteinGym,mean,dna_geom,nt_v3_650m,esm1b_650m,Pure_XGBoost_Concat,0.7385,0.9159,0.4702,0.9638,0.6214,0.5103,0.8564,0.8575,
Train1Val_ProteinGym,cls,bio_core_dna_spliceai,nt_v1_500m,,PyTorch_Concat,0.7446,0.6754,0.8482,0.6575,0.752,0.5093,0.8413,0.7923,
Train1Val_ProteinGym,cls,dna_prot,nt_v2_500m,esm2_650m,PyTorch_Transformer,0.7473,0.8606,0.5327,0.9275,0.6581,0.5091,0.8431,0.8235,
Train1Val_ProteinGym,cls,dna_prot,nt_v3_650m,esm2_650m,Hybrid_Concat_XGBoost,0.7554,0.7943,0.6265,0.8638,0.7005,0.5087,0.839,0.81,
Train1Val_ProteinGym,cls,dna_prot_spliceai,nt_v1_500m,esm2_650m,PyTorch_CrossAttn,0.7541,0.8088,0.6042,0.88,0.6917,0.5087,0.8363,0.8132,
Train1Val_ProteinGym,center,dna_geom_prot,nt_v3_650m,esmc_600m,Hybrid_CrossAttn_XGBoost,0.7357,0.9224,0.4598,0.9675,0.6137,0.5077,0.8993,0.8878,
Train1Val_ProteinGym,cls,dna_prot_spliceai,nt_v3_650m,esm1v_650m,PyTorch_Concat,0.7514,0.8269,0.5759,0.8988,0.6789,0.5077,0.8672,0.8389,
Train1Val_ProteinGym,cls,dna_prot_spliceai,nt_v3_650m,esm2_650m,Pure_XGBoost_Concat,0.7534,0.8,0.6131,0.8712,0.6942,0.5059,0.8234,0.7956,
Train1Val_ProteinGym,cls,dna_prot_spliceai,nt_v3_650m,esm2_650m,PyTorch_Transformer,0.7486,0.8297,0.5655,0.9025,0.6726,0.5035,0.843,0.8225,
Train1Val_ProteinGym,cls,dna_prot,nt_v2_500m,esm2_650m,Pure_XGBoost_Concat,0.7514,0.806,0.5997,0.8788,0.6877,0.5032,0.8229,0.7977,
Train1Val_ProteinGym,cls,dna_prot,nt_v3_650m,esm2_650m,PyTorch_Concat,0.7466,0.8405,0.5491,0.9125,0.6643,0.5026,0.8384,0.8215,
Train1Val_ProteinGym,cls,dna_geom,nt_v3_650m,esm1b_650m,Pure_XGBoost_Concat,0.7351,0.9099,0.4658,0.9612,0.6161,0.5026,0.8513,0.8516,
Train1Val_ProteinGym,cls,dna_prot,nt_v1_500m,esm2_650m,Hybrid_Transformer_XGBoost,0.7527,0.7873,0.628,0.8575,0.6987,0.5025,0.8241,0.8023,
Train1Val_ProteinGym,cls,dna_prot,nt_v3_650m,esm2_650m,PyTorch_CrossAttn,0.7466,0.839,0.5506,0.9112,0.6649,0.5022,0.8417,0.8214,
Train1Val_ProteinGym,cls,dna_prot_spliceai,nt_v2_500m,esm2_650m,PyTorch_Concat,0.7466,0.839,0.5506,0.9112,0.6649,0.5022,0.8401,0.8225,
Train1Val_ProteinGym,mean,bio_geom,nt_v3_650m,esm1b_650m,PyTorch_Concat,0.7296,0.9335,0.439,0.9738,0.5972,0.5007,0.9125,0.8952,
Train1Val_ProteinGym,cls,dna_prot_spliceai,nt_v1_500m,esm2_650m,PyTorch_Gating,0.748,0.8182,0.5759,0.8925,0.676,0.4996,0.8343,0.8153,
Train1Val_ProteinGym,cls,dna_prot_spliceai,nt_v3_650m,esm2_650m,PyTorch_Gating,0.7466,0.8271,0.5625,0.9012,0.6696,0.4993,0.8424,0.824,
Train1Val_ProteinGym,cls,dna_prot_spliceai,nt_v2_500m,esm2_650m,Hybrid_CrossAttn_XGBoost,0.7514,0.7802,0.6339,0.85,0.6995,0.499,0.8279,0.8086,
Train1Val_ProteinGym,cls,dna_prot,nt_v1_500m,esm2_650m,Hybrid_Gating_XGBoost,0.7507,0.7872,0.622,0.8588,0.6949,0.4987,0.8216,0.8004,
Train1Val_ProteinGym,cls,dna_prot_spliceai,nt_v2_500m,esm2_650m,Hybrid_Concat_XGBoost,0.7507,0.7861,0.6235,0.8575,0.6954,0.4985,0.8254,0.8077,
Train1Val_ProteinGym,cls,dna_prot,nt_v1_500m,esm2_650m,PyTorch_Gating,0.748,0.8129,0.5818,0.8875,0.6782,0.4984,0.8416,0.8242,
Train1Val_ProteinGym,cls,dna_prot,nt_v2_500m,esm2_650m,Hybrid_CrossAttn_XGBoost,0.7507,0.7768,0.6369,0.8462,0.6999,0.4973,0.8258,0.8028,
Train1Val_ProteinGym,cls,dna_prot,nt_v2_500m,esm2_650m,Hybrid_Transformer_XGBoost,0.7493,0.7875,0.6176,0.86,0.6922,0.4962,0.8254,0.8024,
Train1Val_ProteinGym,cls,dna_prot,nt_v3_650m,esm2_650m,Pure_XGBoost_Concat,0.748,0.8016,0.5952,0.8762,0.6832,0.4961,0.831,0.8003,
Train1Val_ProteinGym,cls,dna_prot_spliceai,nt_v1_500m,esm2_650m,Hybrid_Transformer_XGBoost,0.75,0.7774,0.6339,0.8475,0.6984,0.4961,0.829,0.8053,
Train1Val_ProteinGym,cls,dna_prot_spliceai,nt_v3_650m,esm2_650m,Hybrid_CrossAttn_XGBoost,0.7493,0.7853,0.6205,0.8575,0.6933,0.4958,0.8225,0.8035,
Train1Val_ProteinGym,cls,dna_prot_spliceai,nt_v1_500m,esm2_650m,Pure_XGBoost_Concat,0.7486,0.7926,0.6086,0.8662,0.6886,0.4957,0.8157,0.7889,
Train1Val_ProteinGym,mean,bio_geom,nt_v3_650m,esm1b_650m,Hybrid_Concat_XGBoost,0.7255,0.9379,0.4271,0.9762,0.5869,0.4951,0.8998,0.8819,
Train1Val_ProteinGym,cls,dna_prot,nt_v2_500m,esm2_650m,PyTorch_CrossAttn,0.7432,0.8311,0.5491,0.9062,0.6613,0.4942,0.8264,0.8009,
Train1Val_ProteinGym,cls,dna_prot_spliceai,nt_v3_650m,esm2_650m,PyTorch_CrossAttn,0.7459,0.8104,0.5789,0.8862,0.6753,0.4942,0.8345,0.8152,
Train1Val_ProteinGym,center,bio_dna_geom_prot,nt_v3_650m,esmc_600m,Hybrid_Transformer_XGBoost,0.7242,0.9404,0.4226,0.9775,0.5832,0.4935,0.9075,0.895,
Train1Val_ProteinGym,cls,prot_spliceai,,esm2_650m,PyTorch_Concat,0.7432,0.8281,0.5521,0.9038,0.6625,0.4935,0.8486,0.8292,
Train1Val_ProteinGym,cls,prot_spliceai,,esm2_650m,Pure_XGBoost_Concat,0.748,0.7834,0.619,0.8562,0.6916,0.493,0.8257,0.7966,
Train1Val_ProteinGym,cls,dna_prot,nt_v1_500m,esm2_650m,Hybrid_CrossAttn_XGBoost,0.748,0.7782,0.6265,0.85,0.6941,0.4923,0.8281,0.797,
Train1Val_ProteinGym,cls,dna_prot_spliceai,nt_v3_650m,esm2_650m,Hybrid_Transformer_XGBoost,0.748,0.7782,0.6265,0.85,0.6941,0.4923,0.8293,0.8049,
Train1Val_ProteinGym,cls,dna_prot,nt_v2_500m,esm2_650m,PyTorch_Concat,0.7418,0.8303,0.5461,0.9062,0.6589,0.4916,0.8393,0.8089,
Train1Val_ProteinGym,center,dna_geom_prot,nt_v3_650m,esmc_600m,Hybrid_Transformer_XGBoost,0.7174,0.9706,0.3929,0.99,0.5593,0.4914,0.8959,0.8913,
Train1Val_ProteinGym,cls,dna_prot,nt_v3_650m,esm2_650m,PyTorch_Transformer,0.7405,0.8372,0.5357,0.9125,0.6534,0.491,0.8441,0.8259,
Train1Val_ProteinGym,center,bio_dna_geom_prot,nt_v3_650m,esmc_600m,Hybrid_Concat_XGBoost,0.7201,0.9514,0.4077,0.9825,0.5708,0.49,0.8982,0.8833,
Train1Val_ProteinGym,cls,dna_prot_spliceai,nt_v2_500m,esm2_650m,PyTorch_Gating,0.7412,0.827,0.5476,0.9038,0.6589,0.4895,0.8411,0.8254,
Train1Val_ProteinGym,cls,dna_prot,nt_v1_500m,esm2_650m,PyTorch_CrossAttn,0.7425,0.8164,0.5625,0.8938,0.6661,0.4894,0.8352,0.8163,
Train1Val_ProteinGym,cls,dna_prot_spliceai,nt_v2_500m,esm2_650m,Hybrid_Gating_XGBoost,0.7459,0.7801,0.6176,0.8538,0.6894,0.4887,0.8265,0.8024,
Train1Val_ProteinGym,cls,dna_prot_spliceai,nt_v1_500m,esm2_650m,Hybrid_Gating_XGBoost,0.7459,0.7759,0.6235,0.8488,0.6914,0.4881,0.8199,0.796,
Train1Val_ProteinGym,cls,dna_prot_spliceai,nt_v2_500m,esm2_650m,Hybrid_Transformer_XGBoost,0.7459,0.7759,0.6235,0.8488,0.6914,0.4881,0.8309,0.8055,
Train1Val_ProteinGym,cls,bio_core_dna_spliceai,nt_v1_500m,,Hybrid_Concat_XGBoost,0.7242,0.6443,0.8839,0.59,0.7453,0.488,0.8405,0.7918,
Train1Val_ProteinGym,cls,dna_prot_spliceai,nt_v1_500m,esm2_650m,Hybrid_Concat_XGBoost,0.7452,0.7839,0.6101,0.8588,0.6862,0.488,0.8257,0.8017,
Train1Val_ProteinGym,cls,dna_prot_spliceai,nt_v1_500m,esm2_650m,PyTorch_Transformer,0.7432,0.8037,0.5789,0.8812,0.673,0.4879,0.837,0.8156,
Train1Val_ProteinGym,cls,dna_prot_spliceai,nt_v3_650m,esm2_650m,Hybrid_Concat_XGBoost,0.7452,0.7829,0.6116,0.8575,0.6867,0.4878,0.8318,0.8122,
Train1Val_ProteinGym,center,bio_dna_geom,nt_v3_650m,esmc_600m,PyTorch_Concat,0.7242,0.9209,0.433,0.9688,0.5891,0.4874,0.8693,0.8512,
Train1Val_ProteinGym,cls,dna_prot_spliceai,nt_v2_500m,esm2_650m,PyTorch_Transformer,0.7398,0.8277,0.5432,0.905,0.6559,0.4873,0.835,0.8139,
Train1Val_ProteinGym,cls,dna_prot_spliceai,nt_v2_500m,esm2_650m,Pure_XGBoost_Concat,0.7439,0.7921,0.5952,0.8688,0.6797,0.4868,0.8238,0.8004,
Train1Val_ProteinGym,cls,dna_prot,nt_v2_500m,esm2_650m,Hybrid_Concat_XGBoost,0.7446,0.7824,0.6101,0.8575,0.6856,0.4865,0.8204,0.796,
Train1Val_ProteinGym,cls,dna_prot,nt_v1_500m,esm2_650m,PyTorch_Concat,0.7418,0.8054,0.5729,0.8838,0.6696,0.4858,0.8444,0.8202,
Train1Val_ProteinGym,cls,prot_spliceai,,esm2_650m,Hybrid_Concat_XGBoost,0.7439,0.7864,0.6027,0.8625,0.6824,0.4858,0.8229,0.8011,
Train1Val_ProteinGym,cls,dna_prot,nt_v3_650m,esm2_650m,Hybrid_Transformer_XGBoost,0.7439,0.7853,0.6042,0.8612,0.6829,0.4857,0.8275,0.8032,
Train1Val_ProteinGym,cls,dna_prot,nt_v2_500m,esm2_650m,Hybrid_Gating_XGBoost,0.7446,0.7761,0.619,0.85,0.6887,0.4855,0.8183,0.798,
Train1Val_ProteinGym,cls,dna_prot_spliceai,nt_v1_500m,esm2_650m,PyTorch_Concat,0.7398,0.819,0.5521,0.8975,0.6596,0.4852,0.8381,0.8212,
Train1Val_ProteinGym,cls,dna_prot,nt_v3_650m,esm2_650m,PyTorch_Gating,0.7398,0.8176,0.5536,0.8962,0.6602,0.4848,0.8413,0.8219,
Train1Val_ProteinGym,cls,dna_prot,nt_v2_500m,esm2_650m,PyTorch_Gating,0.7357,0.8393,0.5208,0.9162,0.6428,0.4832,0.8391,0.8143,
Train1Val_ProteinGym,mean,geom,nt_v3_650m,esm1b_650m,Pure_XGBoost_Concat,0.7228,0.9125,0.4345,0.965,0.5887,0.4825,0.8596,0.8557,
Train1Val_ProteinGym,cls,dna_prot_spliceai,nt_v2_500m,esm2_650m,PyTorch_CrossAttn,0.7398,0.8042,0.5685,0.8838,0.6661,0.4818,0.8383,0.814,
Train1Val_ProteinGym,cls,dna_prot,nt_v1_500m,esm2_650m,PyTorch_Transformer,0.7323,0.851,0.5015,0.9262,0.6311,0.4805,0.8381,0.8197,
Train1Val_ProteinGym,cls,bio_core_dna_spliceai,nt_v2_500m,,Hybrid_Concat_XGBoost,0.7215,0.6433,0.875,0.5925,0.7415,0.48,0.8381,0.7875,
Train1Val_ProteinGym,cls,bio_dna_geom_prot,nt_v3_650m,esm1b_650m,Hybrid_CrossAttn_XGBoost,0.7201,0.9194,0.4241,0.9688,0.5804,0.4799,0.8961,0.8724,
Train1Val_ProteinGym,mean,bio_dna_geom_prot,nt_v3_650m,esm1b_650m,Hybrid_Transformer_XGBoost,0.716,0.9291,0.4092,0.9738,0.5682,0.4759,0.8905,0.8765,
Train1Val_ProteinGym,cls,dna_prot,nt_v3_650m,esm2_650m,Hybrid_CrossAttn_XGBoost,0.7398,0.7711,0.6116,0.8475,0.6822,0.4758,0.834,0.8086,
Train1Val_ProteinGym,center,dna_geom_prot,nt_v3_650m,esmc_600m,PyTorch_Concat,0.7133,0.9433,0.3958,0.98,0.5577,0.4757,0.8966,0.8881,
Train1Val_ProteinGym,cls,dna_prot_spliceai,nt_v1_500m,esm2_650m,Hybrid_CrossAttn_XGBoost,0.7391,0.7647,0.619,0.84,0.6842,0.4737,0.8275,0.8006,
Train1Val_ProteinGym,cls,dna_prot_spliceai,nt_v3_650m,esm2_650m,Hybrid_Gating_XGBoost,0.7378,0.7708,0.6057,0.8488,0.6783,0.4719,0.8195,0.7946,
Train1Val_ProteinGym,center,dna_geom_prot,nt_v3_650m,esmc_600m,PyTorch_Gating,0.7045,0.9721,0.3631,0.9912,0.5287,0.4693,0.9003,0.8933,
Train1Val_ProteinGym,mean,bio_dna_geom_prot,nt_v3_650m,esm1b_650m,PyTorch_Gating,0.7058,0.941,0.3795,0.98,0.5408,0.462,0.9043,0.8875,
Train1Val_ProteinGym,center,geom_prot,nt_v3_650m,esmc_600m,PyTorch_Concat,0.7024,0.9466,0.369,0.9825,0.531,0.4578,0.8956,0.8872,
Train1Val_ProteinGym,cls,bio_dna_geom_prot,nt_v3_650m,esm1b_650m,PyTorch_CrossAttn,0.7004,0.9425,0.3661,0.9812,0.5273,0.453,0.917,0.8886,
Train1Val_ProteinGym,cls,bio_dna_geom_prot,nt_v3_650m,esm1b_650m,Hybrid_Concat_XGBoost,0.6929,0.9622,0.3408,0.9888,0.5033,0.4458,0.8999,0.8857,
Train1Val_ProteinGym,cls,geom,nt_v3_650m,esm1b_650m,Pure_XGBoost_Concat,0.699,0.9164,0.375,0.9712,0.5322,0.4425,0.8693,0.8574,
Train1Val_ProteinGym,mean,bio_dna_geom_prot,nt_v3_650m,esm1b_650m,PyTorch_Transformer,0.6957,0.9341,0.3586,0.9788,0.5183,0.442,0.9095,0.8935,
Train1Val_ProteinGym,cls,bio_dna_geom_prot,nt_v3_650m,esm1b_650m,Hybrid_Transformer_XGBoost,0.6916,0.9192,0.3557,0.9738,0.5129,0.4303,0.9005,0.8705,
Train1Val_ProteinGym,center,dna_spliceai,nt_v3_650m,,Pure_XGBoost_Concat,0.7181,0.7036,0.6607,0.7662,0.6815,0.4297,0.7732,0.7556,
Train1Val_ProteinGym,center,dna,nt_v3_650m,,PyTorch_Concat,0.714,0.7722,0.5298,0.8688,0.6284,0.428,0.7999,0.7703,
Train1Val_ProteinGym,center,dna,nt_v3_650m,,PyTorch_Concat,0.714,0.7722,0.5298,0.8688,0.6284,0.428,0.7999,0.7703,
Train1Val_ProteinGym,center,dna,nt_v3_650m,,PyTorch_Concat,0.714,0.7722,0.5298,0.8688,0.6284,0.428,0.7999,0.7703,
Train1Val_ProteinGym,center,dna,nt_v3_650m,,PyTorch_Concat,0.714,0.7722,0.5298,0.8688,0.6284,0.428,0.7999,0.7703,
Train1Val_ProteinGym,center,dna,nt_v3_650m,,PyTorch_Concat,0.714,0.7722,0.5298,0.8688,0.6284,0.428,0.7999,0.7703,
Train1Val_ProteinGym,cls,bio_geom,nt_v3_650m,esm1b_650m,Hybrid_Concat_XGBoost,0.6855,0.9409,0.3318,0.9825,0.4906,0.426,0.9058,0.8857,
Train1Val_ProteinGym,center,dna_spliceai,nt_v3_650m,,PyTorch_Concat,0.7126,0.7701,0.5283,0.8675,0.6267,0.4251,0.7952,0.7633,
Train1Val_ProteinGym,cls,bio_dna_geom_prot,nt_v3_650m,esm1b_650m,PyTorch_Concat,0.6848,0.9262,0.3363,0.9775,0.4934,0.4203,0.8999,0.8732,
Train1Val_ProteinGym,cls,bio_dna_geom_prot,nt_v3_650m,esm1b_650m,PyTorch_Gating,0.6821,0.918,0.3333,0.975,0.4891,0.413,0.9025,0.8749,
Train1Val_ProteinGym,mean,bio_dna_geom_prot,nt_v3_650m,esm1b_650m,PyTorch_CrossAttn,0.6732,0.9704,0.2932,0.9925,0.4503,0.4127,0.9178,0.9002,
Train1Val_ProteinGym,mean,bio_geom_prot,nt_v3_650m,esm1b_650m,PyTorch_Concat,0.676,0.9535,0.3051,0.9875,0.4622,0.4126,0.9035,0.8869,
Train1Val_ProteinGym,cls,bio_dna_geom_prot,nt_v3_650m,esm1b_650m,PyTorch_Transformer,0.6766,0.9414,0.311,0.9838,0.4676,0.4103,0.8771,0.8478,
Train1Val_ProteinGym,center,dna,nt_v3_650m,,Pure_XGBoost_Concat,0.7058,0.6924,0.6399,0.7612,0.6651,0.4046,0.7755,0.7542,
Train1Val_ProteinGym,center,dna,nt_v3_650m,,Pure_XGBoost_Concat,0.7058,0.6924,0.6399,0.7612,0.6651,0.4046,0.7755,0.7542,
Train1Val_ProteinGym,center,dna,nt_v3_650m,,Pure_XGBoost_Concat,0.7058,0.6924,0.6399,0.7612,0.6651,0.4046,0.7755,0.7542,
Train1Val_ProteinGym,center,dna,nt_v3_650m,,Pure_XGBoost_Concat,0.7058,0.6924,0.6399,0.7612,0.6651,0.4046,0.7755,0.7542,
Train1Val_ProteinGym,center,dna,nt_v3_650m,,Pure_XGBoost_Concat,0.7058,0.6924,0.6399,0.7612,0.6651,0.4046,0.7755,0.7542,
Train1Val_ProteinGym,mean,dna_spliceai,nt_v3_650m,,PyTorch_Concat,0.7011,0.7601,0.5045,0.8662,0.6064,0.4018,0.7906,0.7499,
Train1Val_ProteinGym,center,dna_geom_prot,nt_v3_650m,esmc_600m,Hybrid_Concat_XGBoost,0.6637,0.9585,0.2753,0.99,0.4277,0.3915,0.8902,0.8805,
Train1Val_ProteinGym,cls,bio_geom_prot,nt_v3_650m,esm1b_650m,PyTorch_Concat,0.6678,0.9296,0.2946,0.9812,0.4475,0.3906,0.8944,0.8673,
Train1Val_ProteinGym,mean,dna,nt_v3_650m,,PyTorch_Concat,0.6916,0.7659,0.4673,0.88,0.5804,0.3859,0.796,0.7473,
Train1Val_ProteinGym,mean,dna,nt_v3_650m,,PyTorch_Concat,0.6916,0.7659,0.4673,0.88,0.5804,0.3859,0.796,0.7473,
Train1Val_ProteinGym,mean,dna,nt_v3_650m,,PyTorch_Concat,0.6916,0.7659,0.4673,0.88,0.5804,0.3859,0.796,0.7473,
Train1Val_ProteinGym,mean,dna,nt_v3_650m,,PyTorch_Concat,0.6916,0.7659,0.4673,0.88,0.5804,0.3859,0.796,0.7473,
Train1Val_ProteinGym,mean,dna_geom_prot,nt_v3_650m,esm1b_650m,Hybrid_CrossAttn_XGBoost,0.6569,0.9827,0.253,0.9962,0.4024,0.3855,0.8938,0.8774,
Train1Val_ProteinGym,mean,dna,nt_v3_650m,,Pure_XGBoost_Concat,0.695,0.7182,0.5461,0.82,0.6205,0.3831,0.7658,0.727,
Train1Val_ProteinGym,mean,dna,nt_v3_650m,,Pure_XGBoost_Concat,0.695,0.7182,0.5461,0.82,0.6205,0.3831,0.7658,0.727,
Train1Val_ProteinGym,mean,dna,nt_v3_650m,,Pure_XGBoost_Concat,0.695,0.7182,0.5461,0.82,0.6205,0.3831,0.7658,0.727,
Train1Val_ProteinGym,mean,dna,nt_v3_650m,,Pure_XGBoost_Concat,0.695,0.7182,0.5461,0.82,0.6205,0.3831,0.7658,0.727,
Train1Val_ProteinGym,mean,bio_dna_geom_prot,nt_v3_650m,esm1b_650m,PyTorch_Concat,0.659,0.957,0.2649,0.99,0.4149,0.3821,0.8858,0.8681,
Train1Val_ProteinGym,center,dna_spliceai,nt_v3_650m,,Hybrid_Concat_XGBoost,0.6943,0.6838,0.6146,0.7612,0.6473,0.3806,0.7616,0.7416,
Train1Val_ProteinGym,mean,bio_geom_prot,nt_v3_650m,esm1b_650m,Hybrid_Concat_XGBoost,0.6583,0.9424,0.2679,0.9862,0.4171,0.3767,0.8971,0.8731,
Train1Val_ProteinGym,center,dna,nt_v3_650m,,Hybrid_Concat_XGBoost,0.6909,0.6776,0.6161,0.7538,0.6454,0.3739,0.762,0.7426,
Train1Val_ProteinGym,center,dna,nt_v3_650m,,Hybrid_Concat_XGBoost,0.6909,0.6776,0.6161,0.7538,0.6454,0.3739,0.762,0.7426,
Train1Val_ProteinGym,center,dna,nt_v3_650m,,Hybrid_Concat_XGBoost,0.6909,0.6776,0.6161,0.7538,0.6454,0.3739,0.762,0.7426,
Train1Val_ProteinGym,center,dna,nt_v3_650m,,Hybrid_Concat_XGBoost,0.6909,0.6776,0.6161,0.7538,0.6454,0.3739,0.762,0.7426,
Train1Val_ProteinGym,center,dna,nt_v3_650m,,Hybrid_Concat_XGBoost,0.6909,0.6776,0.6161,0.7538,0.6454,0.3739,0.762,0.7426,
Train1Val_ProteinGym,center,dna_geom_prot,nt_v3_650m,esmc_600m,Hybrid_Gating_XGBoost,0.6474,0.9873,0.2307,0.9975,0.3739,0.3682,0.8851,0.8789,
Train1Val_ProteinGym,mean,dna_spliceai,nt_v3_650m,,Pure_XGBoost_Concat,0.6861,0.7035,0.5402,0.8088,0.6111,0.3643,0.7665,0.7199,
Train1Val_ProteinGym,mean,bio_dna_geom_prot,nt_v3_650m,esm1b_650m,Hybrid_CrossAttn_XGBoost,0.644,0.9353,0.2366,0.9862,0.3777,0.3473,0.9031,0.8817,
Train1Val_ProteinGym,cls,bio_geom_prot,nt_v3_650m,esm1b_650m,Hybrid_Concat_XGBoost,0.6386,0.943,0.2217,0.9888,0.359,0.3387,0.8941,0.8682,
Train1Val_ProteinGym,mean,dna_geom_prot,nt_v3_650m,esm1b_650m,PyTorch_Transformer,0.6393,0.9325,0.2262,0.9862,0.3641,0.3372,0.8519,0.8355,
Train1Val_ProteinGym,mean,dna_geom_prot,nt_v3_650m,esm1b_650m,PyTorch_CrossAttn,0.6318,0.971,0.1994,0.995,0.3309,0.3322,0.8673,0.8529,
Train1Val_ProteinGym,mean,geom_prot,nt_v3_650m,esm1b_650m,PyTorch_Concat,0.6264,0.9919,0.183,0.9988,0.309,0.326,0.905,0.8893,
Train1Val_ProteinGym,mean,bio_dna_geom_prot,nt_v3_650m,esm1b_650m,Hybrid_Concat_XGBoost,0.6298,0.9504,0.1994,0.9912,0.3296,0.3227,0.9096,0.8889,
Train1Val_ProteinGym,mean,dna_spliceai,nt_v3_650m,,Hybrid_Concat_XGBoost,0.6603,0.6903,0.4643,0.825,0.5552,0.3124,0.7174,0.6823,
Train1Val_ProteinGym,center,geom_prot,nt_v3_650m,esmc_600m,Hybrid_Concat_XGBoost,0.6202,0.9748,0.1726,0.9962,0.2933,0.3086,0.87,0.8597,
Train1Val_ProteinGym,mean,dna_geom_prot,nt_v3_650m,esm1b_650m,PyTorch_Concat,0.6162,0.9908,0.1607,0.9988,0.2766,0.3033,0.8998,0.8868,
Train1Val_ProteinGym,mean,bio_dna_geom,nt_v3_650m,esm1b_650m,PyTorch_Concat,0.6162,0.9652,0.1652,0.995,0.2821,0.2973,0.9038,0.8851,
Train1Val_ProteinGym,cls,bio_dna_geom,nt_v3_650m,esm1b_650m,PyTorch_Concat,0.6168,0.9576,0.1682,0.9938,0.2861,0.297,0.9081,0.8865,
Train1Val_ProteinGym,center,dna_geom,nt_v3_650m,esmc_600m,Hybrid_Concat_XGBoost,0.6114,0.9902,0.1503,0.9988,0.261,0.2923,0.8267,0.8282,
Train1Val_ProteinGym,cls,dna_geom_prot,nt_v3_650m,esm1b_650m,Hybrid_Transformer_XGBoost,0.6094,0.9802,0.1473,0.9975,0.2561,0.2854,0.8655,0.8556,
Train1Val_ProteinGym,mean,dna,nt_v3_650m,,Hybrid_Concat_XGBoost,0.6474,0.6611,0.4673,0.7988,0.5475,0.2834,0.7175,0.6804,
Train1Val_ProteinGym,mean,dna,nt_v3_650m,,Hybrid_Concat_XGBoost,0.6474,0.6611,0.4673,0.7988,0.5475,0.2834,0.7175,0.6804,
Train1Val_ProteinGym,mean,dna,nt_v3_650m,,Hybrid_Concat_XGBoost,0.6474,0.6611,0.4673,0.7988,0.5475,0.2834,0.7175,0.6804,
Train1Val_ProteinGym,mean,dna,nt_v3_650m,,Hybrid_Concat_XGBoost,0.6474,0.6611,0.4673,0.7988,0.5475,0.2834,0.7175,0.6804,
Train1Val_ProteinGym,mean,bio_dna_geom_prot,nt_v3_650m,esm1b_650m,Hybrid_Gating_XGBoost,0.6067,0.9895,0.1399,0.9988,0.2451,0.281,0.8927,0.8779,
Train1Val_ProteinGym,mean,bio_dna_geom,nt_v3_650m,esm1b_650m,Hybrid_Concat_XGBoost,0.6114,0.931,0.1607,0.99,0.2741,0.2786,0.8842,0.857,
Train1Val_ProteinGym,cls,dna_geom_prot,nt_v3_650m,esm1b_650m,PyTorch_Transformer,0.5992,1.0,0.122,1.0,0.2175,0.265,0.8594,0.8415,
Train1Val_ProteinGym,cls,bio_dna_geom,nt_v3_650m,esm1b_650m,Hybrid_Concat_XGBoost,0.6012,0.9474,0.1339,0.9938,0.2347,0.2588,0.8799,0.8523,
Train1Val_ProteinGym,cls,dna_geom_prot,nt_v3_650m,esm1b_650m,PyTorch_Concat,0.6039,0.9159,0.1458,0.9888,0.2516,0.2582,0.8345,0.8068,
Train1Val_ProteinGym,mean,geom_prot,nt_v3_650m,esm1b_650m,Hybrid_Concat_XGBoost,0.5958,0.9873,0.1161,0.9988,0.2077,0.2538,0.8634,0.8609,
Train1Val_ProteinGym,mean,dna_geom_prot,nt_v3_650m,esm1b_650m,PyTorch_Gating,0.5944,1.0,0.1116,1.0,0.2008,0.2528,0.8854,0.8759,
Train1Val_ProteinGym,cls,dna_geom_prot,nt_v3_650m,esm1b_650m,Hybrid_CrossAttn_XGBoost,0.5951,0.975,0.1161,0.9975,0.2074,0.2495,0.8504,0.8412,
Train1Val_ProteinGym,cls,dna_geom_prot,nt_v3_650m,esm1b_650m,PyTorch_CrossAttn,0.5931,0.9867,0.1101,0.9988,0.1981,0.2466,0.8341,0.8174,
Train1Val_ProteinGym,mean,dna_geom_prot,nt_v3_650m,esm1b_650m,Hybrid_Transformer_XGBoost,0.5917,0.9863,0.1071,0.9988,0.1933,0.243,0.8807,0.8683,
Train1Val_ProteinGym,cls,dna_geom_prot,nt_v3_650m,esm1b_650m,PyTorch_Gating,0.5951,0.9419,0.1205,0.9938,0.2137,0.2427,0.8432,0.8217,
Train1Val_ProteinGym,cls,dna_geom_prot,nt_v3_650m,esm1b_650m,Hybrid_Gating_XGBoost,0.5904,1.0,0.1027,1.0,0.1862,0.242,0.8502,0.84,
Train1Val_ProteinGym,cls,geom_prot,nt_v3_650m,esm1b_650m,PyTorch_Concat,0.591,0.9605,0.1086,0.9962,0.1952,0.2361,0.8615,0.8378,
Train1Val_ProteinGym,cls,geom,nt_v3_650m,esm1b_650m,Hybrid_Concat_XGBoost,0.587,0.9848,0.0967,0.9988,0.1762,0.2298,0.8371,0.821,
Train1Val_ProteinGym,cls,dna_geom_prot,nt_v3_650m,esm1b_650m,Hybrid_Concat_XGBoost,0.5822,1.0,0.0848,1.0,0.1564,0.219,0.8671,0.8559,
Train1Val_ProteinGym,center,dna_geom,nt_v3_650m,esmc_600m,PyTorch_Concat,0.5836,0.9275,0.0952,0.9938,0.1727,0.2097,0.7804,0.7899,
Train1Val_ProteinGym,mean,dna_geom,nt_v3_650m,esm1b_650m,Hybrid_Concat_XGBoost,0.5802,0.95,0.0848,0.9962,0.1557,0.2042,0.5858,0.5914,
Train1Val_ProteinGym,mean,dna_geom_prot,nt_v3_650m,esm1b_650m,Hybrid_Gating_XGBoost,0.5734,1.0,0.0655,1.0,0.1229,0.1915,0.8301,0.8165,
Train1Val_ProteinGym,cls,geom_prot,nt_v3_650m,esm1b_650m,Hybrid_Concat_XGBoost,0.57,1.0,0.058,1.0,0.1097,0.18,0.8491,0.8326,
Train1Val_ProteinGym,mean,dna_spliceai,nt_v1_500m,,Hybrid_Concat_XGBoost,0.5924,0.5759,0.4062,0.7488,0.4764,0.1652,0.6222,0.5648,
Train1Val_ProteinGym,center,dna_spliceai,nt_v1_500m,,PyTorch_Concat,0.5883,0.6196,0.2545,0.8688,0.3608,0.1572,0.6116,0.5659,
Train1Val_ProteinGym,center,geom,nt_v3_650m,esmc_600m,Hybrid_Concat_XGBoost,0.5625,1.0,0.0417,1.0,0.08,0.1519,0.7838,0.7816,
Train1Val_ProteinGym,mean,dna_geom,nt_v3_650m,esm1b_650m,PyTorch_Concat,0.5673,0.8723,0.061,0.9925,0.114,0.1516,0.8604,0.8344,
Train1Val_ProteinGym,center,dna_spliceai,nt_v2_500m,,PyTorch_Concat,0.5822,0.6052,0.244,0.8662,0.3478,0.1418,0.6078,0.5541,
Train1Val_ProteinGym,mean,dna_spliceai,nt_v1_500m,,PyTorch_Concat,0.5788,0.604,0.2247,0.8762,0.3275,0.1339,0.6102,0.5592,
Train1Val_ProteinGym,mean,dna_spliceai,nt_v1_500m,,Pure_XGBoost_Concat,0.5795,0.5738,0.3065,0.8088,0.3996,0.1337,0.5957,0.5364,
Train1Val_ProteinGym,mean,dna_geom_prot,nt_v3_650m,esm1b_650m,Hybrid_Concat_XGBoost,0.5591,0.96,0.0357,0.9988,0.0689,0.1329,0.8473,0.8334,
Train1Val_ProteinGym,cls,dna_spliceai,nt_v1_500m,,PyTorch_Concat,0.5747,0.6198,0.1771,0.9088,0.2755,0.1269,0.611,0.555,
Train1Val_ProteinGym,mean,geom,nt_v3_650m,esm1b_650m,Hybrid_Concat_XGBoost,0.5564,1.0,0.0283,1.0,0.055,0.1248,0.8382,0.8251,
Train1Val_ProteinGym,center,dna_spliceai,nt_v2_500m,,Hybrid_Concat_XGBoost,0.5693,0.5323,0.4658,0.6562,0.4968,0.1241,0.5947,0.5332,
Train1Val_ProteinGym,cls,dna_spliceai,nt_v3_650m,,Pure_XGBoost_Concat,0.5754,0.5677,0.2932,0.8125,0.3867,0.124,0.6028,0.5501,
Train1Val_ProteinGym,center,dna_spliceai,nt_v1_500m,,Pure_XGBoost_Concat,0.572,0.5493,0.3482,0.76,0.4262,0.1189,0.5963,0.5248,
Train1Val_ProteinGym,mean,dna_spliceai,nt_v2_500m,,PyTorch_Concat,0.572,0.5972,0.192,0.8912,0.2905,0.1171,0.6236,0.5595,
Train1Val_ProteinGym,center,dna_spliceai,nt_v1_500m,,Hybrid_Concat_XGBoost,0.5693,0.5428,0.3586,0.7462,0.4319,0.1138,0.5816,0.5246,
Train1Val_ProteinGym,mean,dna_spliceai,nt_v2_500m,,Hybrid_Concat_XGBoost,0.5673,0.5399,0.3527,0.7475,0.4266,0.1091,0.6018,0.532,
Train1Val_ProteinGym,cls,dna_spliceai,nt_v1_500m,,Hybrid_Concat_XGBoost,0.5618,0.5305,0.3497,0.74,0.4215,0.0974,0.5725,0.5299,
Train1Val_ProteinGym,cls,dna,nt_v3_650m,,Pure_XGBoost_Concat,0.5625,0.5429,0.2634,0.8138,0.3547,0.0925,0.5915,0.5221,
Train1Val_ProteinGym,cls,dna,nt_v3_650m,,Pure_XGBoost_Concat,0.5625,0.5429,0.2634,0.8138,0.3547,0.0925,0.5915,0.5221,
Train1Val_ProteinGym,cls,dna,nt_v3_650m,,Pure_XGBoost_Concat,0.5625,0.5429,0.2634,0.8138,0.3547,0.0925,0.5915,0.5221,
Train1Val_ProteinGym,cls,dna,nt_v3_650m,,Pure_XGBoost_Concat,0.5625,0.5429,0.2634,0.8138,0.3547,0.0925,0.5915,0.5221,
Train1Val_ProteinGym,cls,dna,nt_v3_650m,,Pure_XGBoost_Concat,0.5625,0.5429,0.2634,0.8138,0.3547,0.0925,0.5915,0.5221,
Train1Val_ProteinGym,mean,dna_spliceai,nt_v2_500m,,Pure_XGBoost_Concat,0.5598,0.5287,0.3289,0.7538,0.4055,0.0913,0.5617,0.5041,
Train1Val_ProteinGym,cls,dna_geom,nt_v3_650m,esm1b_650m,Hybrid_Concat_XGBoost,0.5496,1.0,0.0134,1.0,0.0264,0.0856,0.7925,0.7777,
Train1Val_ProteinGym,center,geom,nt_v3_650m,esmc_600m,PyTorch_Concat,0.5489,1.0,0.0119,1.0,0.0235,0.0807,0.8256,0.8322,
Train1Val_ProteinGym,center,dna_spliceai,nt_v2_500m,,Pure_XGBoost_Concat,0.5455,0.5026,0.439,0.635,0.4686,0.0753,0.5469,0.5006,
Train1Val_ProteinGym,cls,dna_spliceai,nt_v1_500m,,Pure_XGBoost_Concat,0.5516,0.5173,0.2664,0.7912,0.3517,0.0677,0.5492,0.4994,
Train1Val_ProteinGym,cls,dna,nt_v3_650m,,Hybrid_Concat_XGBoost,0.5496,0.5116,0.2946,0.7638,0.3739,0.0661,0.5458,0.497,
Train1Val_ProteinGym,cls,dna,nt_v3_650m,,PyTorch_Concat,0.5537,0.5789,0.0818,0.95,0.1434,0.0646,0.5929,0.5258,
Train1Val_ProteinGym,cls,dna,nt_v3_650m,,Hybrid_Concat_XGBoost,0.5489,0.5103,0.2946,0.7625,0.3736,0.0646,0.5458,0.4969,
Train1Val_ProteinGym,cls,dna,nt_v3_650m,,PyTorch_Concat,0.5537,0.5789,0.0818,0.95,0.1434,0.0646,0.5929,0.5258,
Train1Val_ProteinGym,cls,dna,nt_v3_650m,,Hybrid_Concat_XGBoost,0.5489,0.5103,0.2946,0.7625,0.3736,0.0646,0.5458,0.4969,
Train1Val_ProteinGym,cls,dna,nt_v3_650m,,PyTorch_Concat,0.5537,0.5789,0.0818,0.95,0.1434,0.0646,0.5929,0.5258,
Train1Val_ProteinGym,cls,dna,nt_v3_650m,,Hybrid_Concat_XGBoost,0.5489,0.5103,0.2946,0.7625,0.3736,0.0646,0.5458,0.4969,
Train1Val_ProteinGym,cls,dna,nt_v3_650m,,PyTorch_Concat,0.5537,0.5789,0.0818,0.95,0.1434,0.0646,0.5929,0.5258,
Train1Val_ProteinGym,cls,dna,nt_v3_650m,,Hybrid_Concat_XGBoost,0.5489,0.5103,0.2946,0.7625,0.3736,0.0646,0.5458,0.4969,
Train1Val_ProteinGym,cls,dna,nt_v3_650m,,PyTorch_Concat,0.5537,0.5789,0.0818,0.95,0.1434,0.0646,0.5929,0.5258,
Train1Val_ProteinGym,cls,dna_spliceai,nt_v2_500m,,Hybrid_Concat_XGBoost,0.551,0.5178,0.2381,0.8138,0.3262,0.0634,0.5331,0.4903,
Train1Val_ProteinGym,cls,dna_spliceai,nt_v3_650m,,Hybrid_Concat_XGBoost,0.5476,0.5077,0.2946,0.76,0.3729,0.0617,0.5667,0.5022,
Train1Val_ProteinGym,mean,geom,nt_v3_650m,esm1b_650m,PyTorch_Concat,0.5462,1.0,0.006,1.0,0.0118,0.057,0.8609,0.852,
Train1Val_ProteinGym,cls,dna_geom,nt_v3_650m,esm1b_650m,PyTorch_Concat,0.5455,1.0,0.0045,1.0,0.0089,0.0493,0.8501,0.8439,
Train1Val_ProteinGym,cls,dna_spliceai,nt_v2_500m,,PyTorch_Concat,0.5482,0.5229,0.119,0.9088,0.1939,0.0454,0.5128,0.4811,
Train1Val_ProteinGym,cls,dna_spliceai,nt_v3_650m,,PyTorch_Concat,0.5476,0.5263,0.0893,0.9325,0.1527,0.0406,0.5974,0.5215,
Train1Val_ProteinGym,cls,geom,nt_v3_650m,esm1b_650m,PyTorch_Concat,0.5448,1.0,0.003,1.0,0.0059,0.0402,0.8713,0.8662,
Train1Val_ProteinGym,cls,dna_spliceai,nt_v2_500m,,Pure_XGBoost_Concat,0.5333,0.4729,0.1949,0.8175,0.2761,0.0159,0.5214,0.4791,
Train1Val_Test,center,bio_prot,,esmc_600m,PyTorch_Concat,0.9352,0.8999,0.8571,0.9644,0.878,0.8344,0.9754,0.9451,
Train1Val_Test,center,bio_prot,,esmc_600m,PyTorch_Concat,0.9352,0.8999,0.8571,0.9644,0.878,0.8344,0.9754,0.9451,
Train1Val_Test,center,bio_dna_prot,nt_v3_650m,esmc_600m,Hybrid_Concat_XGBoost,0.9342,0.883,0.8739,0.9567,0.8784,0.8334,0.9758,0.9465,
Train1Val_Test,center,bio_dna_prot,nt_v3_650m,esmc_600m,Hybrid_Gating_XGBoost,0.9342,0.8853,0.8709,0.9579,0.8781,0.8331,0.9751,0.9451,
Train1Val_Test,center,bio_core_dna_prot_spliceai,nt_v3_650m,esmc_600m,Hybrid_Gating_XGBoost,0.9339,0.8805,0.8758,0.9556,0.8781,0.8328,0.9739,0.9434,
Train1Val_Test,center,bio_core_dna_prot_spliceai,nt_v3_650m,esm1v_650m,Hybrid_CrossAttn_XGBoost,0.9327,0.8728,0.8812,0.952,0.877,0.8307,0.9731,0.9387,
Train1Val_Test,mean,bio_core_dna_prot_spliceai,nt_v2_500m,esmc_600m,PyTorch_Gating,0.9337,0.904,0.8462,0.9664,0.8741,0.8301,0.9714,0.939,
Train1Val_Test,center,bio_core_dna_prot_spliceai,nt_v2_500m,esmc_600m,Hybrid_Gating_XGBoost,0.9327,0.8796,0.8721,0.9554,0.8758,0.8297,0.9732,0.9413,
Train1Val_Test,center,bio_dna_prot,nt_v3_650m,esmc_600m,Hybrid_CrossAttn_XGBoost,0.9324,0.8739,0.8782,0.9527,0.8761,0.8296,0.9746,0.9453,
Train1Val_Test,center,bio_core_dna_prot_spliceai,nt_v3_650m,esmc_600m,PyTorch_Concat,0.9334,0.9092,0.839,0.9687,0.8726,0.8289,0.9738,0.9444,
Train1Val_Test,center,bio_core_prot_spliceai,,esmc_600m,Pure_XGBoost_Concat,0.9326,0.8842,0.8655,0.9576,0.8747,0.8287,0.9757,0.9461,
Train1Val_Test,center,bio_dna_prot,nt_v3_650m,esmc_600m,PyTorch_Gating,0.9332,0.9129,0.8341,0.9703,0.8717,0.8283,0.9733,0.9415,
Train1Val_Test,center,bio_core_dna_prot_spliceai,nt_v3_650m,esmc_600m,Hybrid_Transformer_XGBoost,0.9316,0.8682,0.8824,0.95,0.8753,0.8282,0.9737,0.9405,
Train1Val_Test,center,bio_core_dna_prot,nt_v3_650m,esm1v_650m,Hybrid_Transformer_XGBoost,0.9321,0.877,0.8727,0.9542,0.8748,0.8282,0.9732,0.9377,
Train1Val_Test,center,bio_prot,,esmc_600m,Hybrid_Concat_XGBoost,0.9319,0.8783,0.8703,0.9549,0.8743,0.8276,0.9739,0.9437,
Train1Val_Test,center,bio_prot,,esmc_600m,Hybrid_Concat_XGBoost,0.9319,0.8783,0.8703,0.9549,0.8743,0.8276,0.9739,0.9437,
Train1Val_Test,mean,bio_core_dna_prot_spliceai,nt_v3_650m,esmc_600m,PyTorch_Concat,0.9327,0.9031,0.8432,0.9662,0.8721,0.8274,0.9724,0.9389,
Train1Val_Test,mean,bio_core_dna_prot_spliceai,nt_v3_650m,esmc_600m,PyTorch_Transformer,0.9326,0.8989,0.8474,0.9644,0.8724,0.8273,0.973,0.9364,
Train1Val_Test,center,bio_core_prot_spliceai,,esm2_650m,Pure_XGBoost_Concat,0.9319,0.8839,0.8631,0.9576,0.8734,0.8269,0.973,0.9395,
Train1Val_Test,center,bio_prot,,esmc_600m,Pure_XGBoost_Concat,0.9319,0.8867,0.8595,0.959,0.8729,0.8266,0.975,0.9461,
Train1Val_Test,center,bio_prot,,esmc_600m,Pure_XGBoost_Concat,0.9319,0.8867,0.8595,0.959,0.8729,0.8266,0.975,0.9461,
Train1Val_Test,center,bio_core_dna_prot,nt_v3_650m,esm1v_650m,Hybrid_Gating_XGBoost,0.9317,0.8838,0.8625,0.9576,0.873,0.8265,0.9728,0.9381,
Train1Val_Test,mean,bio_core_dna_prot_spliceai_geom,nt_v2_500m,esm1b_650m,Pure_XGBoost_Concat,0.9319,0.8887,0.8571,0.9599,0.8726,0.8264,0.9733,0.9397,dna_LVD_Cosine+prot_LLR+prot_LVD_Cosine
Train1Val_Test,center,bio_core_prot_spliceai,,esmc_600m,Hybrid_Concat_XGBoost,0.9314,0.878,0.8685,0.9549,0.8733,0.8263,0.9737,0.9438,
Train1Val_Test,mean,bio_core_dna_prot_spliceai_geom,nt_v2_500m,esm1b_650m,Pure_XGBoost_Concat,0.9319,0.8906,0.8546,0.9608,0.8723,0.8262,0.974,0.94,dna_LLR+prot_LLR+prot_LVD_Cosine
Train1Val_Test,center,bio_core_dna_prot_spliceai,nt_v3_650m,esm1v_650m,Hybrid_Transformer_XGBoost,0.9313,0.8771,0.8691,0.9545,0.8731,0.8259,0.9729,0.9375,
Train1Val_Test,center,bio_core_dna_prot_spliceai,nt_v3_650m,esm2_650m,Hybrid_Gating_XGBoost,0.9316,0.8847,0.8607,0.9581,0.8725,0.8259,0.9721,0.9351,
Train1Val_Test,mean,bio_core_dna_prot_spliceai_geom,nt_v2_500m,esm1b_650m,Pure_XGBoost_Concat,0.9317,0.8896,0.8552,0.9603,0.8721,0.8259,0.9738,0.9409,dna_LLR+dna_LVD_L2+prot_LLR+prot_LVD_L2+prot_LVD_Cosine
Train1Val_Test,center,bio_core_dna_prot,nt_v2_500m,esm1v_650m,Hybrid_Concat_XGBoost,0.9311,0.8761,0.8697,0.954,0.8729,0.8256,0.9724,0.9356,
Train1Val_Test,center,bio_core_prot_spliceai,,esmc_600m,PyTorch_Concat,0.9321,0.9076,0.8353,0.9682,0.87,0.8254,0.9724,0.94,
Train1Val_Test,mean,bio_core_dna_prot_spliceai_geom,nt_v2_500m,esm1b_650m,Pure_XGBoost_Concat,0.9316,0.89,0.854,0.9606,0.8717,0.8254,0.9738,0.9413,prot_LLR+prot_LVD_Cosine
Train1Val_Test,mean,bio_core_dna_prot_spliceai_geom,nt_v2_500m,esm1b_650m,Pure_XGBoost_Concat,0.9314,0.8851,0.8595,0.9583,0.8721,0.8254,0.9729,0.9389,prot_LLR+prot_LVD_L2+prot_LVD_Cosine
Train1Val_Test,center,bio_core_dna_prot_spliceai,nt_v3_650m,esmc_600m,Hybrid_CrossAttn_XGBoost,0.9309,0.876,0.8691,0.954,0.8725,0.8252,0.9736,0.9395,
Train1Val_Test,center,bio_dna_prot,nt_v3_650m,esmc_600m,Hybrid_Transformer_XGBoost,0.9308,0.8732,0.8721,0.9527,0.8727,0.8251,0.9737,0.9415,
Train1Val_Test,mean,bio_core_prot_spliceai,,esmc_600m,Pure_XGBoost_Concat,0.9313,0.8841,0.8601,0.9579,0.8719,0.8251,0.9727,0.9411,
Train1Val_Test,center,bio_core_dna_prot_spliceai,nt_v3_650m,esm1v_650m,PyTorch_Gating,0.9321,0.9191,0.8227,0.973,0.8682,0.825,0.9737,0.9394,
Train1Val_Test,mean,bio_core_dna_prot_spliceai_geom,nt_v2_500m,esm1b_650m,Pure_XGBoost_Concat,0.9314,0.8894,0.854,0.9603,0.8714,0.825,0.9733,0.9404,dna_LLR+prot_LLR
Train1Val_Test,center,bio_core_dna_prot_spliceai,nt_v3_650m,esmc_600m,PyTorch_CrossAttn,0.9319,0.9092,0.8329,0.9689,0.8694,0.8249,0.9732,0.9395,
Train1Val_Test,center,bio_core_dna_prot,nt_v3_650m,esm1v_650m,PyTorch_CrossAttn,0.9317,0.9006,0.842,0.9653,0.8703,0.8249,0.9732,0.9382,
Train1Val_Test,center,bio_dna_prot,nt_v3_650m,esmc_600m,PyTorch_Concat,0.9321,0.9307,0.8106,0.9775,0.8665,0.8248,0.9744,0.9435,
Train1Val_Test,center,bio_core_dna_prot_spliceai,nt_v3_650m,esm2_650m,Hybrid_CrossAttn_XGBoost,0.9309,0.8788,0.8655,0.9554,0.8721,0.8248,0.9724,0.9353,
Train1Val_Test,mean,bio_core_dna_prot_spliceai_geom,nt_v2_500m,esm1b_650m,Pure_XGBoost_Concat,0.9314,0.8914,0.8516,0.9612,0.8711,0.8248,0.9731,0.9404,dna_LLR+dna_LVD_L2+dna_LVD_Cosine+prot_LLR+prot_LVD_L2+prot_LVD_Cosine
Train1Val_Test,center,bio_core_dna_prot_spliceai,nt_v2_500m,esmc_600m,Hybrid_CrossAttn_XGBoost,0.9306,0.8727,0.8721,0.9524,0.8724,0.8247,0.9737,0.9422,
Train1Val_Test,center,bio_core_dna_prot_spliceai,nt_v3_650m,esmc_600m,Hybrid_Concat_XGBoost,0.9308,0.8768,0.8673,0.9545,0.872,0.8246,0.9743,0.943,
Train1Val_Test,center,bio_core_dna_prot_spliceai,nt_v2_500m,esm2_650m,Pure_XGBoost_Concat,0.9311,0.884,0.8595,0.9579,0.8716,0.8246,0.9732,0.9404,
Train1Val_Test,center,bio_core_dna_prot_spliceai,nt_v2_500m,esm2_650m,Hybrid_CrossAttn_XGBoost,0.9306,0.8749,0.8691,0.9536,0.872,0.8244,0.9726,0.9381,
Train1Val_Test,center,bio_core_dna_prot_spliceai,nt_v2_500m,esmc_600m,Hybrid_Concat_XGBoost,0.9306,0.8749,0.8691,0.9536,0.872,0.8244,0.9738,0.9428,
Train1Val_Test,center,bio_core_dna_prot_spliceai,nt_v1_500m,esmc_600m,Hybrid_Transformer_XGBoost,0.9299,0.8675,0.8764,0.95,0.8719,0.8237,0.972,0.9394,
Train1Val_Test,center,bio_core_dna_prot_spliceai,nt_v3_650m,esm1v_650m,Hybrid_Gating_XGBoost,0.9301,0.8706,0.8727,0.9515,0.8717,0.8237,0.972,0.9352,
Train1Val_Test,center,bio_core_prot_spliceai,,esm1b_650m,Pure_XGBoost_Concat,0.9306,0.8809,0.8613,0.9565,0.871,0.8236,0.9737,0.9397,
Train1Val_Test,mean,bio_dna_prot,nt_v3_650m,esm1b_650m,Hybrid_Concat_XGBoost,0.9299,0.8715,0.8709,0.952,0.8712,0.8231,0.9708,0.9365,
Train1Val_Test,center,bio_core_dna_prot_spliceai,nt_v3_650m,esm1v_650m,Hybrid_Concat_XGBoost,0.9299,0.871,0.8715,0.9518,0.8713,0.8231,0.9719,0.9324,
Train1Val_Test,mean,bio_core_prot_spliceai,,esmc_600m,PyTorch_Concat,0.9311,0.9014,0.8384,0.9657,0.8688,0.8231,0.9724,0.9406,
Train1Val_Test,mean,bio_core_dna_prot_spliceai_geom,nt_v2_500m,esm1b_650m,Pure_XGBoost_Concat,0.9308,0.8902,0.8504,0.9608,0.8698,0.8231,0.9737,0.9403,dna_LVD_L2+prot_LLR+prot_LVD_L2+prot_LVD_Cosine
Train1Val_Test,mean,bio_core_dna_prot_spliceai,nt_v2_500m,esmc_600m,PyTorch_CrossAttn,0.9313,0.9127,0.8263,0.9705,0.8674,0.823,0.9715,0.9374,
Train1Val_Test,center,bio_core_prot_spliceai,,esm1v_650m,Hybrid_Concat_XGBoost,0.9301,0.8756,0.8661,0.954,0.8708,0.8229,0.9716,0.9352,
Train1Val_Test,center,bio_core_dna_prot,nt_v2_500m,esm1v_650m,PyTorch_CrossAttn,0.9311,0.904,0.8353,0.9669,0.8683,0.8229,0.9731,0.9373,
Train1Val_Test,mean,bio_core_dna_prot_spliceai_geom,nt_v2_500m,esm1b_650m,Pure_XGBoost_Concat,0.9304,0.8847,0.8559,0.9583,0.87,0.8228,0.9736,0.9398,dna_LLR+dna_LVD_L2+prot_LLR
Train1Val_Test,mean,bio_core_dna_prot_spliceai_geom,nt_v2_500m,esm1b_650m,Pure_XGBoost_Concat,0.9303,0.8803,0.8607,0.9563,0.8704,0.8228,0.9734,0.9402,dna_LLR+prot_LLR+prot_LVD_L2
Train1Val_Test,mean,bio_core_dna_prot_spliceai_geom,nt_v2_500m,esm1b_650m,Pure_XGBoost_Concat,0.9306,0.8886,0.8516,0.9601,0.8697,0.8228,0.9734,0.9417,dna_LLR+dna_LVD_Cosine+prot_LLR+prot_LVD_L2
Train1Val_Test,center,bio_core_dna_prot_spliceai,nt_v2_500m,esmc_600m,Hybrid_Transformer_XGBoost,0.9299,0.8746,0.8667,0.9536,0.8706,0.8226,0.9723,0.9398,
Train1Val_Test,center,bio_core_dna_prot,nt_v3_650m,esm1v_650m,Hybrid_CrossAttn_XGBoost,0.9299,0.8746,0.8667,0.9536,0.8706,0.8226,0.9737,0.9389,
Train1Val_Test,center,bio_core_dna_prot_spliceai,nt_v2_500m,esm2_650m,Hybrid_Gating_XGBoost,0.9301,0.8798,0.8607,0.9561,0.8701,0.8224,0.9714,0.9348,
Train1Val_Test,mean,bio_core_dna_prot_spliceai,nt_v2_500m,esm1b_650m,Hybrid_Gating_XGBoost,0.9299,0.876,0.8649,0.9542,0.8704,0.8224,0.9701,0.935,
Train1Val_Test,mean,bio_prot,,esm1b_650m,Hybrid_Concat_XGBoost,0.9298,0.875,0.8655,0.9538,0.8702,0.8221,0.9699,0.9374,
Train1Val_Test,center,bio_core_dna_prot_spliceai,nt_v1_500m,esmc_600m,Pure_XGBoost_Concat,0.9301,0.8836,0.8559,0.9579,0.8695,0.822,0.9749,0.944,
Train1Val_Test,center,bio_core_dna_prot_spliceai,nt_v3_650m,esm1b_650m,Pure_XGBoost_Concat,0.9301,0.8836,0.8559,0.9579,0.8695,0.822,0.9737,0.9393,
Train1Val_Test,center,bio_core_dna_prot_spliceai,nt_v2_500m,esmc_600m,PyTorch_Transformer,0.9308,0.905,0.8329,0.9673,0.8675,0.822,0.974,0.9422,
Train1Val_Test,center,bio_core_dna_prot_spliceai,nt_v1_500m,esmc_600m,Hybrid_Concat_XGBoost,0.9298,0.8764,0.8637,0.9545,0.87,0.8219,0.9732,0.9411,
Train1Val_Test,center,bio_core_dna_prot_spliceai,nt_v3_650m,esm1b_650m,PyTorch_CrossAttn,0.9308,0.906,0.8317,0.9678,0.8673,0.8219,0.9723,0.9364,
Train1Val_Test,center,bio_core_dna_prot_spliceai,nt_v2_500m,esmc_600m,PyTorch_Gating,0.9309,0.9199,0.8172,0.9734,0.8655,0.8219,0.9738,0.9425,
Train1Val_Test,mean,bio_core_dna_prot_spliceai_geom,nt_v2_500m,esm1b_650m,Pure_XGBoost_Concat,0.9301,0.884,0.8552,0.9581,0.8694,0.8219,0.9741,0.9414,dna_LVD_L2+prot_LLR+prot_LVD_Cosine
Train1Val_Test,center,bio_core_dna_prot_spliceai,nt_v3_650m,esmc_600m,Pure_XGBoost_Concat,0.9298,0.8778,0.8619,0.9551,0.8698,0.8218,0.9758,0.9456,
Train1Val_Test,mean,bio_core_dna_prot_spliceai_geom,nt_v2_500m,esm1b_650m,Pure_XGBoost_Concat,0.9301,0.8855,0.8534,0.9588,0.8692,0.8218,0.9732,0.9392,dna_LLR+dna_LVD_L2+dna_LVD_Cosine+prot_LLR+prot_LVD_L2
Train1Val_Test,center,bio_core_dna_prot,nt_v2_500m,esm1v_650m,Hybrid_Transformer_XGBoost,0.9295,0.8721,0.8679,0.9524,0.87,0.8216,0.9726,0.9382,
Train1Val_Test,center,bio_core_dna_prot,nt_v3_650m,esm1v_650m,PyTorch_Transformer,0.9308,0.9181,0.8185,0.9727,0.8654,0.8215,0.974,0.9392,
Train1Val_Test,mean,bio_core_dna_prot_spliceai_geom,nt_v2_500m,esm1b_650m,Pure_XGBoost_Concat,0.9298,0.8801,0.8589,0.9563,0.8694,0.8215,0.9737,0.9392,prot_LLR+prot_LVD_L2
Train1Val_Test,center,bio_core_dna_prot_spliceai,nt_v1_500m,esmc_600m,PyTorch_Concat,0.9306,0.9142,0.8221,0.9712,0.8657,0.8212,0.9718,0.9388,
Train1Val_Test,center,bio_core_dna_prot_spliceai,nt_v2_500m,esmc_600m,Pure_XGBoost_Concat,0.9296,0.8786,0.8601,0.9556,0.8692,0.8212,0.9752,0.945,
Train1Val_Test,mean,bio_core_dna_prot_spliceai,nt_v3_650m,esmc_600m,PyTorch_Gating,0.9306,0.9147,0.8215,0.9714,0.8656,0.8211,0.9723,0.939,
Train1Val_Test,center,bio_dna_prot,nt_v3_650m,esmc_600m,Pure_XGBoost_Concat,0.9295,0.8762,0.8625,0.9545,0.8693,0.821,0.9755,0.9446,
Train1Val_Test,mean,bio_core_dna_prot_spliceai_geom,nt_v2_500m,esm1b_650m,Pure_XGBoost_Concat,0.9298,0.8844,0.8534,0.9583,0.8686,0.821,0.9735,0.9404,dna_LLR+dna_LVD_Cosine+prot_LLR+prot_LVD_Cosine
Train1Val_Test,mean,bio_core_dna_prot_spliceai_geom,nt_v2_500m,esm1b_650m,Pure_XGBoost_Concat,0.9298,0.8839,0.854,0.9581,0.8687,0.821,0.9729,0.9401,dna_LLR+dna_LVD_Cosine+prot_LLR+prot_LVD_L2+prot_LVD_Cosine
Train1Val_Test,mean,bio_core_dna_prot_spliceai_geom,nt_v2_500m,esm1b_650m,Pure_XGBoost_Concat,0.9298,0.8853,0.8522,0.9588,0.8685,0.8209,0.9731,0.9406,dna_LLR+dna_LVD_L2+dna_LVD_Cosine+prot_LLR
Train1Val_Test,mean,bio_core_dna_prot_spliceai_geom,nt_v2_500m,esm1b_650m,Pure_XGBoost_Concat,0.9298,0.8849,0.8528,0.9585,0.8686,0.8209,0.9734,0.9406,dna_LVD_L2+dna_LVD_Cosine+prot_LLR+prot_LVD_L2+prot_LVD_Cosine
Train1Val_Test,center,bio_core_prot_spliceai,,esm1v_650m,Pure_XGBoost_Concat,0.9295,0.879,0.8589,0.9558,0.8688,0.8207,0.9731,0.9379,
Train1Val_Test,mean,bio_core_dna_prot_spliceai_geom,nt_v2_500m,esm1b_650m,Pure_XGBoost_Concat,0.9298,0.8868,0.8504,0.9594,0.8682,0.8207,0.9729,0.9406,dna_LLR+prot_LLR+prot_LVD_L2+prot_LVD_Cosine
Train1Val_Test,mean,bio_core_dna_prot_spliceai_geom,nt_v2_500m,esm1b_650m,Pure_XGBoost_Concat,0.9298,0.8873,0.8498,0.9597,0.8681,0.8207,0.9731,0.9374,dna_LVD_L2+dna_LVD_Cosine+prot_LLR+prot_LVD_Cosine
Train1Val_Test,center,bio_core_dna_prot,nt_v3_650m,esm1v_650m,PyTorch_Gating,0.9304,0.9186,0.8166,0.973,0.8646,0.8206,0.9733,0.9388,
Train1Val_Test,mean,bio_dna_prot,nt_v3_650m,esm1b_650m,PyTorch_Gating,0.9304,0.9214,0.8136,0.9741,0.8642,0.8205,0.9728,0.9397,
Train1Val_Test,center,bio_core_dna_prot_spliceai,nt_v1_500m,esm1b_650m,Hybrid_Concat_XGBoost,0.9291,0.8738,0.8643,0.9533,0.869,0.8205,0.9714,0.9362,
Train1Val_Test,center,bio_core_dna_prot_spliceai,nt_v1_500m,esm1b_650m,Hybrid_Gating_XGBoost,0.9291,0.8733,0.8649,0.9531,0.8691,0.8205,0.9698,0.9345,
Train1Val_Test,center,bio_core_dna_prot_spliceai,nt_v3_650m,esm2_650m,Pure_XGBoost_Concat,0.9295,0.8804,0.8571,0.9565,0.8686,0.8205,0.9732,0.9389,
Train1Val_Test,mean,bio_core_prot_spliceai,,esm1b_650m,Pure_XGBoost_Concat,0.9296,0.8843,0.8528,0.9583,0.8683,0.8205,0.9701,0.9338,
Train1Val_Test,mean,bio_core_dna_prot_spliceai,nt_v2_500m,esmc_600m,PyTorch_Transformer,0.9301,0.9,0.8359,0.9653,0.8668,0.8205,0.9675,0.9281,
Train1Val_Test,mean,bio_core_dna_prot_spliceai_geom,nt_v2_500m,esm1b_650m,Pure_XGBoost_Concat,0.9296,0.8843,0.8528,0.9583,0.8683,0.8205,0.9742,0.9406,dna_LVD_L2+prot_LLR
Train1Val_Test,center,bio_dna_prot,nt_v3_650m,esmc_600m,PyTorch_CrossAttn,0.9303,0.914,0.8209,0.9712,0.865,0.8203,0.9716,0.9375,
Train1Val_Test,center,bio_core_dna_prot_spliceai,nt_v3_650m,esm2_650m,Hybrid_Concat_XGBoost,0.9293,0.8785,0.8589,0.9556,0.8686,0.8203,0.9727,0.9361,
Train1Val_Test,center,bio_core_dna_prot_spliceai,nt_v3_650m,esmc_600m,PyTorch_Gating,0.9303,0.914,0.8209,0.9712,0.865,0.8203,0.9738,0.943,
Train1Val_Test,center,bio_core_dna_prot_spliceai,nt_v2_500m,esm1v_650m,Hybrid_Transformer_XGBoost,0.929,0.8723,0.8655,0.9527,0.8689,0.8202,0.9719,0.934,
Train1Val_Test,center,bio_core_dna_prot_spliceai,nt_v1_500m,esm2_650m,Pure_XGBoost_Concat,0.9293,0.8799,0.8571,0.9563,0.8683,0.8201,0.9726,0.9386,
Train1Val_Test,center,bio_core_dna_prot_spliceai,nt_v3_650m,esm1v_650m,PyTorch_Concat,0.9303,0.9208,0.8136,0.9739,0.8639,0.8201,0.9732,0.9389,
Train1Val_Test,center,bio_core_dna_prot_spliceai,nt_v3_650m,esm2_650m,Hybrid_Transformer_XGBoost,0.9291,0.8775,0.8595,0.9551,0.8684,0.82,0.9716,0.9354,
Train1Val_Test,mean,bio_core_dna_prot_spliceai_geom,nt_v2_500m,esm1b_650m,Pure_XGBoost_Concat,0.9295,0.8852,0.851,0.9588,0.8678,0.82,0.9736,0.9403,dna_LLR+dna_LVD_Cosine+prot_LLR
Train1Val_Test,cls,bio_dna_prot,nt_v3_650m,esm1b_650m,PyTorch_Transformer,0.9299,0.9047,0.8299,0.9673,0.8657,0.8198,0.9713,0.935,
Train1Val_Test,mean,bio_dna_prot,nt_v3_650m,esm1b_650m,PyTorch_Concat,0.9296,0.8937,0.8414,0.9626,0.8667,0.8197,0.9713,0.9373,
Train1Val_Test,center,bio_core_dna_prot_spliceai,nt_v1_500m,esm2_650m,Hybrid_CrossAttn_XGBoost,0.9288,0.8723,0.8649,0.9527,0.8686,0.8197,0.9729,0.9364,
Train1Val_Test,center,bio_core_dna_prot_spliceai,nt_v2_500m,esm2_650m,Hybrid_Transformer_XGBoost,0.9288,0.8723,0.8649,0.9527,0.8686,0.8197,0.9719,0.9369,
Train1Val_Test,mean,bio_core_dna_prot_spliceai,nt_v3_650m,esmc_600m,PyTorch_CrossAttn,0.9296,0.8932,0.842,0.9624,0.8668,0.8197,0.9725,0.9364,
Train1Val_Test,mean,bio_core_dna_prot_spliceai_geom,nt_v2_500m,esm1b_650m,Pure_XGBoost_Concat,0.9291,0.8793,0.8571,0.9561,0.8681,0.8197,0.9737,0.9404,dna_LLR+dna_LVD_L2+prot_LLR+prot_LVD_Cosine
Train1Val_Test,center,bio_core_dna_prot_spliceai,nt_v1_500m,esmc_600m,Hybrid_CrossAttn_XGBoost,0.9283,0.864,0.8739,0.9486,0.869,0.8196,0.9731,0.9381,
Train1Val_Test,center,bio_core_dna_prot_spliceai,nt_v2_500m,esm1b_650m,Hybrid_CrossAttn_XGBoost,0.9285,0.8672,0.8703,0.9502,0.8688,0.8196,0.9728,0.9396,
Train1Val_Test,mean,bio_core_dna_prot_spliceai,nt_v2_500m,esm1b_650m,PyTorch_Gating,0.9298,0.9004,0.8341,0.9655,0.866,0.8196,0.9712,0.9364,
Train1Val_Test,center,bio_core_dna_prot_spliceai,nt_v3_650m,esm1b_650m,PyTorch_Transformer,0.9299,0.9123,0.8215,0.9705,0.8645,0.8195,0.9713,0.9359,
Train1Val_Test,center,bio_core_dna_prot_spliceai,nt_v3_650m,esm1v_650m,PyTorch_Transformer,0.9298,0.9014,0.8329,0.966,0.8658,0.8195,0.9719,0.9366,
Train1Val_Test,mean,bio_core_dna_prot_spliceai,nt_v3_650m,esmc_600m,Pure_XGBoost_Concat,0.9291,0.8817,0.854,0.9572,0.8676,0.8195,0.972,0.937,
Train1Val_Test,mean,bio_core_dna_prot_spliceai_geom,nt_v2_500m,esm1b_650m,Pure_XGBoost_Concat,0.9291,0.8817,0.854,0.9572,0.8676,0.8195,0.9736,0.9405,dna_LLR+dna_LVD_L2+prot_LLR+prot_LVD_L2
Train1Val_Test,center,bio_core_dna_prot,nt_v3_650m,esm1v_650m,Hybrid_Concat_XGBoost,0.9286,0.8722,0.8643,0.9527,0.8682,0.8193,0.9733,0.9376,
Train1Val_Test,center,bio_core_dna_prot_spliceai,nt_v2_500m,esm1v_650m,Pure_XGBoost_Concat,0.9288,0.8773,0.8583,0.9551,0.8677,0.8191,0.9729,0.9369,
Train1Val_Test,mean,bio_core_dna_prot_spliceai_geom,nt_v2_500m,esm1b_650m,Pure_XGBoost_Concat,0.9291,0.8851,0.8498,0.9588,0.8671,0.8191,0.9735,0.9389,dna_LVD_Cosine+prot_LLR+prot_LVD_L2+prot_LVD_Cosine
Train1Val_Test,mean,bio_core_dna_prot_spliceai_geom,nt_v2_500m,esm1b_650m,Pure_XGBoost_Concat,0.9291,0.887,0.8474,0.9597,0.8667,0.8189,0.9697,0.9332,dna_LLR+dna_LVD_L2+dna_LVD_Cosine+prot_LVD_L2
Train1Val_Test,cls,bio_core_prot_spliceai,,esmc_600m,PyTorch_Concat,0.9291,0.8899,0.8438,0.961,0.8663,0.8186,0.9691,0.9334,
Train1Val_Test,mean,bio_core_prot_spliceai,,esmc_600m,Hybrid_Concat_XGBoost,0.9283,0.8707,0.8649,0.952,0.8678,0.8186,0.9687,0.9341,
Train1Val_Test,mean,bio_core_dna_prot_spliceai_geom,nt_v2_500m,esm1b_650m,Pure_XGBoost_Concat,0.929,0.8859,0.848,0.9592,0.8666,0.8186,0.9699,0.9334,dna_LLR+dna_LVD_Cosine+prot_LVD_L2+prot_LVD_Cosine
Train1Val_Test,center,bio_core_prot_spliceai,,esm2_650m,Hybrid_Concat_XGBoost,0.9286,0.8782,0.8565,0.9556,0.8672,0.8185,0.9728,0.9373,
Train1Val_Test,center,bio_core_dna_prot,nt_v2_500m,esm1v_650m,PyTorch_Transformer,0.9295,0.9066,0.8257,0.9682,0.8643,0.8184,0.9699,0.932,
Train1Val_Test,center,bio_core_dna_prot_spliceai,nt_v3_650m,esm1b_650m,Hybrid_Transformer_XGBoost,0.9283,0.8729,0.8619,0.9531,0.8674,0.8183,0.9708,0.9366,
Train1Val_Test,center,bio_core_dna_prot_spliceai,nt_v2_500m,esm1b_650m,Hybrid_Transformer_XGBoost,0.9283,0.8739,0.8607,0.9536,0.8672,0.8182,0.9722,0.94,
Train1Val_Test,center,bio_core_dna_prot,nt_v2_500m,esm1v_650m,Hybrid_CrossAttn_XGBoost,0.9275,0.8598,0.8764,0.9466,0.868,0.8181,0.9719,0.936,
Train1Val_Test,mean,bio_core_dna_prot_spliceai,nt_v2_500m,esmc_600m,PyTorch_Concat,0.9291,0.896,0.8366,0.9637,0.8653,0.8181,0.9711,0.9363,
Train1Val_Test,mean,bio_core_dna_prot_spliceai_geom,nt_v2_500m,esm1b_650m,Pure_XGBoost_Concat,0.9285,0.8786,0.8552,0.9558,0.8667,0.818,0.9735,0.9397,prot_LLR
Train1Val_Test,mean,bio_core_dna_prot_spliceai_geom,nt_v2_500m,esm1b_650m,Pure_XGBoost_Concat,0.9286,0.8824,0.851,0.9576,0.8664,0.818,0.9735,0.9398,dna_LVD_L2+dna_LVD_Cosine+prot_LLR+prot_LVD_L2
Train1Val_Test,mean,bio_core_dna_prot_spliceai_geom,nt_v2_500m,esm1b_650m,Pure_XGBoost_Concat,0.9285,0.8804,0.8528,0.9567,0.8664,0.8178,0.9737,0.9407,dna_LLR+dna_LVD_L2+dna_LVD_Cosine+prot_LLR+prot_LVD_Cosine
Train1Val_Test,cls,bio_dna_prot,nt_v3_650m,esm1b_650m,Hybrid_Concat_XGBoost,0.9283,0.8771,0.8565,0.9551,0.8666,0.8177,0.9686,0.9298,
Train1Val_Test,center,bio_core_dna_prot_spliceai,nt_v2_500m,esm2_650m,Hybrid_Concat_XGBoost,0.9281,0.8738,0.8601,0.9536,0.8669,0.8177,0.9714,0.9359,
Train1Val_Test,cls,bio_core_dna_prot_spliceai,nt_v1_500m,esm1b_650m,PyTorch_Gating,0.9291,0.9022,0.8293,0.9664,0.8642,0.8177,0.9694,0.9296,
Train1Val_Test,mean,bio_core_dna_prot_spliceai,nt_v2_500m,esm1b_650m,Hybrid_CrossAttn_XGBoost,0.928,0.8705,0.8637,0.952,0.8671,0.8177,0.9714,0.9364,
Train1Val_Test,mean,bio_dna_prot,nt_v3_650m,esm1b_650m,PyTorch_CrossAttn,0.9281,0.8742,0.8595,0.9538,0.8668,0.8176,0.9703,0.9334,
Train1Val_Test,center,bio_core_dna_prot_spliceai,nt_v3_650m,esmc_600m,PyTorch_Transformer,0.9293,0.9148,0.816,0.9716,0.8626,0.8176,0.9732,0.9404,
Train1Val_Test,center,bio_core_dna_prot,nt_v3_650m,esm1v_650m,Pure_XGBoost_Concat,0.9283,0.879,0.854,0.9561,0.8663,0.8175,0.9733,0.9369,
Train1Val_Test,center,bio_core_dna_prot,nt_v1_500m,esm1v_650m,PyTorch_Transformer,0.9291,0.9081,0.8227,0.9689,0.8633,0.8174,0.9712,0.9335,
Train1Val_Test,mean,bio_core_dna_prot_spliceai,nt_v2_500m,esm1b_650m,Hybrid_Transformer_XGBoost,0.9273,0.861,0.8739,0.9473,0.8674,0.8174,0.9701,0.9349,
Train1Val_Test,center,bio_core_dna_prot_spliceai,nt_v3_650m,esm1v_650m,Pure_XGBoost_Concat,0.928,0.8732,0.8601,0.9533,0.8666,0.8173,0.9732,0.9362,
Train1Val_Test,center,bio_core_dna_prot_spliceai,nt_v2_500m,esm2_650m,PyTorch_Gating,0.9291,0.912,0.8185,0.9705,0.8627,0.8173,0.9723,0.9375,
Train1Val_Test,center,bio_core_dna_prot,nt_v2_500m,esm1v_650m,Hybrid_Gating_XGBoost,0.9278,0.8709,0.8625,0.9522,0.8667,0.8172,0.9725,0.9366,
Train1Val_Test,mean,bio_core_dna_prot_spliceai_geom,nt_v2_500m,esm1b_650m,Pure_XGBoost_Concat,0.9283,0.8813,0.851,0.9572,0.8659,0.8172,0.97,0.9323,dna_LVD_L2+dna_LVD_Cosine+prot_LVD_L2+prot_LVD_Cosine
Train1Val_Test,mean,bio_core_dna_prot_spliceai_geom,nt_v2_500m,esm1b_650m,Pure_XGBoost_Concat,0.9281,0.8789,0.8534,0.9561,0.866,0.8171,0.9737,0.9407,dna_LVD_L2+dna_LVD_Cosine+prot_LLR
Train1Val_Test,mean,bio_core_dna_prot_spliceai_geom,nt_v2_500m,esm1b_650m,Pure_XGBoost_Concat,0.9283,0.8832,0.8486,0.9581,0.8656,0.817,0.9707,0.9345,dna_LLR+dna_LVD_L2+dna_LVD_Cosine
Train1Val_Test,mean,bio_core_dna_prot_spliceai_geom,nt_v2_500m,esm1b_650m,Pure_XGBoost_Concat,0.928,0.8765,0.8559,0.9549,0.866,0.8169,0.9697,0.9332,dna_LVD_Cosine+prot_LVD_L2
Train1Val_Test,center,bio_core_dna_prot_spliceai,nt_v1_500m,esm1v_650m,Hybrid_CrossAttn_XGBoost,0.9275,0.868,0.8649,0.9509,0.8665,0.8167,0.9718,0.934,
Train1Val_Test,center,bio_core_dna_prot_spliceai,nt_v1_500m,esm2_650m,Hybrid_Concat_XGBoost,0.928,0.8793,0.8522,0.9563,0.8655,0.8166,0.9694,0.9294,
Train1Val_Test,mean,bio_core_dna_prot_spliceai_geom,nt_v2_500m,esm1b_650m,Pure_XGBoost_Concat,0.9278,0.8755,0.8565,0.9545,0.8659,0.8166,0.9694,0.9327,dna_LVD_L2+prot_LVD_L2
Train1Val_Test,center,bio_core_dna_prot_spliceai,nt_v3_650m,esm2_650m,PyTorch_CrossAttn,0.9285,0.8937,0.8366,0.9628,0.8642,0.8165,0.9714,0.9352,
Train1Val_Test,center,bio_core_dna_prot_spliceai,nt_v2_500m,esm1v_650m,PyTorch_Gating,0.9288,0.9085,0.8209,0.9691,0.8625,0.8165,0.9707,0.9342,
Train1Val_Test,center,bio_core_dna_prot_spliceai,nt_v2_500m,esm1v_650m,Hybrid_CrossAttn_XGBoost,0.9272,0.8635,0.8697,0.9486,0.8666,0.8165,0.9722,0.9358,
Train1Val_Test,center,bio_core_prot_spliceai,,esm1b_650m,Hybrid_Concat_XGBoost,0.9276,0.8735,0.8583,0.9536,0.8658,0.8164,0.9718,0.9371,
Train1Val_Test,center,bio_core_dna_prot_spliceai,nt_v2_500m,esm1v_650m,Hybrid_Gating_XGBoost,0.9272,0.8639,0.8691,0.9488,0.8665,0.8164,0.9721,0.9341,
Train1Val_Test,mean,bio_core_dna_prot_spliceai,nt_v3_650m,esm1b_650m,Pure_XGBoost_Concat,0.928,0.8802,0.851,0.9567,0.8654,0.8164,0.972,0.9339,
Train1Val_Test,mean,bio_core_dna_prot_spliceai_geom,nt_v2_500m,esm1b_650m,Pure_XGBoost_Concat,0.9281,0.8846,0.8462,0.9588,0.865,0.8164,0.9698,0.9319,dna_LLR+dna_LVD_L2
Train1Val_Test,mean,bio_core_dna_prot_spliceai_geom,nt_v2_500m,esm1b_650m,Pure_XGBoost_Concat,0.928,0.8807,0.8504,0.957,0.8653,0.8164,0.9734,0.9397,dna_LVD_L2+prot_LLR+prot_LVD_L2
Train1Val_Test,mean,bio_core_dna_prot_spliceai_geom,nt_v2_500m,esm1b_650m,Pure_XGBoost_Concat,0.9281,0.8856,0.845,0.9592,0.8648,0.8163,0.9701,0.9344,dna_LLR+dna_LVD_L2+prot_LVD_L2+prot_LVD_Cosine
Train1Val_Test,center,bio_core_dna_prot_spliceai,nt_v3_650m,esm1b_650m,Hybrid_Gating_XGBoost,0.9273,0.868,0.8643,0.9509,0.8661,0.8162,0.9719,0.9371,
Train1Val_Test,mean,bio_core_dna_prot_spliceai,nt_v3_650m,esm1b_650m,Hybrid_Concat_XGBoost,0.9275,0.8716,0.8601,0.9527,0.8658,0.8162,0.9693,0.9333,
Train1Val_Test,mean,bio_core_dna_prot_spliceai,nt_v3_650m,esm1b_650m,PyTorch_Concat,0.9286,0.9085,0.8203,0.9691,0.8621,0.8161,0.9714,0.9374,
Train1Val_Test,center,bio_core_dna_prot,nt_v2_500m,esm1v_650m,Pure_XGBoost_Concat,0.9276,0.8763,0.8546,0.9549,0.8653,0.816,0.9717,0.934,
Train1Val_Test,center,bio_dna_prot,nt_v3_650m,esmc_600m,PyTorch_Transformer,0.9286,0.9151,0.813,0.9718,0.8611,0.8159,0.9723,0.9402,
Train1Val_Test,mean,bio_dna_prot,nt_v3_650m,esm1b_650m,PyTorch_Transformer,0.928,0.888,0.8414,0.9603,0.864,0.8157,0.9692,0.9317,
Train1Val_Test,center,bio_core_dna_prot,nt_v1_500m,esm1v_650m,Hybrid_Transformer_XGBoost,0.9273,0.8716,0.8595,0.9527,0.8655,0.8157,0.971,0.9337,
Train1Val_Test,center,bio_core_dna_prot_spliceai,nt_v3_650m,esm1b_650m,Hybrid_CrossAttn_XGBoost,0.927,0.8665,0.8649,0.9502,0.8657,0.8156,0.9739,0.9405,
Train1Val_Test,center,bio_core_dna_prot_spliceai,nt_v2_500m,esm1b_650m,Pure_XGBoost_Concat,0.9276,0.8796,0.8504,0.9565,0.8648,0.8156,0.9723,0.9363,
Train1Val_Test,center,bio_core_dna_prot_spliceai,nt_v1_500m,esmc_600m,PyTorch_Transformer,0.9285,0.9134,0.8142,0.9712,0.861,0.8155,0.972,0.9376,
Train1Val_Test,mean,bio_core_dna_prot_spliceai_geom,nt_v2_500m,esm1b_650m,Pure_XGBoost_Concat,0.9278,0.8845,0.845,0.9588,0.8643,0.8155,0.9732,0.94,dna_LVD_Cosine+prot_LLR
Train1Val_Test,mean,bio_core_dna_prot_spliceai,nt_v1_500m,esm1b_650m,PyTorch_CrossAttn,0.9283,0.9095,0.8179,0.9696,0.8612,0.8152,0.9713,0.9358,
Train1Val_Test,mean,bio_core_dna_prot_spliceai,nt_v2_500m,esmc_600m,Pure_XGBoost_Concat,0.9273,0.8752,0.8546,0.9545,0.8648,0.8152,0.9706,0.9377,
Train1Val_Test,center,bio_core_dna_prot,nt_v1_500m,esm1v_650m,Hybrid_Concat_XGBoost,0.927,0.8696,0.8607,0.9518,0.8651,0.8151,0.9718,0.9338,
Train1Val_Test,mean,bio_core_dna_prot_spliceai_geom,nt_v2_500m,esm1b_650m,Pure_XGBoost_Concat,0.9275,0.881,0.848,0.9572,0.8642,0.815,0.9702,0.9336,dna_LLR+dna_LVD_Cosine+prot_LVD_L2
Train1Val_Test,center,bio_core_dna_prot_spliceai,nt_v2_500m,esm1v_650m,PyTorch_CrossAttn,0.9281,0.9061,0.8209,0.9682,0.8614,0.8149,0.9712,0.9347,
Train1Val_Test,center,bio_core_dna_prot_spliceai,nt_v2_500m,esmc_600m,PyTorch_Concat,0.9283,0.9167,0.81,0.9725,0.8601,0.8149,0.9706,0.9384,
Train1Val_Test,mean,bio_core_dna_prot_spliceai,nt_v1_500m,esm1b_650m,PyTorch_Gating,0.9283,0.9167,0.81,0.9725,0.8601,0.8149,0.9704,0.9346,
Train1Val_Test,mean,bio_core_dna_prot_spliceai,nt_v1_500m,esmc_600m,Pure_XGBoost_Concat,0.9275,0.8819,0.8468,0.9576,0.864,0.8149,0.9708,0.9367,
Train1Val_Test,mean,bio_core_dna_prot_spliceai,nt_v3_650m,esmc_600m,Hybrid_Concat_XGBoost,0.9267,0.8645,0.8661,0.9493,0.8653,0.8149,0.9691,0.9331,
Train1Val_Test,mean,bio_core_dna_prot_spliceai_geom,nt_v2_500m,esm1b_650m,Pure_XGBoost_Concat,0.9273,0.879,0.8498,0.9563,0.8642,0.8148,0.9706,0.9333,dna_LVD_L2
Train1Val_Test,mean,bio_core_dna_prot_spliceai_geom,nt_v2_500m,esm1b_650m,Pure_XGBoost_Concat,0.9275,0.8834,0.845,0.9583,0.8637,0.8147,0.9699,0.9344,prot_LVD_L2
Train1Val_Test,center,bio_core_dna_prot_spliceai,nt_v2_500m,esm1b_650m,Hybrid_Gating_XGBoost,0.927,0.8737,0.8552,0.9538,0.8644,0.8145,0.9712,0.9357,
Train1Val_Test,center,bio_core_dna_prot_spliceai,nt_v1_500m,esm2_650m,Hybrid_Transformer_XGBoost,0.9267,0.8681,0.8613,0.9511,0.8647,0.8144,0.9706,0.9328,
Train1Val_Test,center,bio_core_dna_prot,nt_v1_500m,esm1v_650m,Hybrid_CrossAttn_XGBoost,0.9265,0.8649,0.8649,0.9495,0.8649,0.8144,0.9725,0.9328,
Train1Val_Test,mean,bio_core_dna_prot_spliceai,nt_v1_500m,esm1b_650m,Pure_XGBoost_Concat,0.9272,0.8784,0.8498,0.9561,0.8639,0.8144,0.9697,0.9316,
Train1Val_Test,mean,bio_core_dna_prot_spliceai_geom,nt_v2_500m,esm1b_650m,Pure_XGBoost_Concat,0.9273,0.8828,0.845,0.9581,0.8635,0.8144,0.9695,0.9327,dna_LVD_Cosine
Train1Val_Test,mean,bio_core_dna_prot_spliceai_geom,nt_v2_500m,esm1b_650m,Pure_XGBoost_Concat,0.9273,0.8823,0.8456,0.9579,0.8636,0.8144,0.9705,0.935,dna_LLR+dna_LVD_L2+dna_LVD_Cosine+prot_LVD_L2+prot_LVD_Cosine
Train1Val_Test,mean,bio_dna_prot,nt_v3_650m,esm1b_650m,Hybrid_CrossAttn_XGBoost,0.9262,0.86,0.8703,0.947,0.8651,0.8143,0.9697,0.9362,
Train1Val_Test,center,bio_core_dna_prot_spliceai,nt_v1_500m,esm1b_650m,Pure_XGBoost_Concat,0.9272,0.8789,0.8492,0.9563,0.8638,0.8143,0.9727,0.9375,
Train1Val_Test,center,bio_core_dna_prot_spliceai,nt_v2_500m,esm1b_650m,Hybrid_Concat_XGBoost,0.927,0.8751,0.8534,0.9545,0.8641,0.8143,0.971,0.9374,
Train1Val_Test,center,bio_core_dna_prot_spliceai,nt_v3_650m,esm1b_650m,Hybrid_Concat_XGBoost,0.9267,0.8694,0.8595,0.9518,0.8644,0.8142,0.9709,0.9348,
Train1Val_Test,mean,bio_core_dna_prot_spliceai,nt_v1_500m,esm1b_650m,PyTorch_Concat,0.9273,0.8847,0.8426,0.959,0.8631,0.8142,0.9702,0.9346,
Train1Val_Test,mean,bio_core_dna_prot_spliceai_geom,nt_v2_500m,esm1b_650m,Pure_XGBoost_Concat,0.9268,0.8732,0.8552,0.9536,0.8641,0.8141,0.9698,0.9341,dna_LLR+prot_LVD_L2
Train1Val_Test,mean,bio_core_dna_prot_spliceai_geom,nt_v2_500m,esm1b_650m,Pure_XGBoost_Concat,0.927,0.8769,0.851,0.9554,0.8638,0.8141,0.9699,0.9338,prot_LVD_L2+prot_LVD_Cosine
Train1Val_Test,center,bio_core_dna_prot_spliceai,nt_v2_500m,esmc_600m,PyTorch_CrossAttn,0.928,0.9201,0.8052,0.9739,0.8588,0.814,0.9723,0.9404,
Train1Val_Test,mean,bio_dna_prot,nt_v3_650m,esm1b_650m,Pure_XGBoost_Concat,0.927,0.8784,0.8492,0.9561,0.8635,0.8139,0.9705,0.9303,
Train1Val_Test,center,bio_core_dna_prot_spliceai,nt_v1_500m,esmc_600m,PyTorch_CrossAttn,0.928,0.9241,0.801,0.9754,0.8582,0.8139,0.9732,0.9412,
Train1Val_Test,mean,bio_core_dna_prot_spliceai,nt_v2_500m,esm1b_650m,Hybrid_Concat_XGBoost,0.9268,0.8745,0.8534,0.9542,0.8639,0.8139,0.9682,0.9322,
Train1Val_Test,mean,bio_core_dna_prot_spliceai_geom,nt_v2_500m,esm1b_650m,Pure_XGBoost_Concat,0.927,0.8807,0.8462,0.9572,0.8631,0.8137,0.9701,0.9334,dna_LLR+dna_LVD_Cosine+prot_LVD_Cosine
Train1Val_Test,mean,bio_core_dna_prot_spliceai,nt_v1_500m,esm1b_650m,PyTorch_Transformer,0.9278,0.9194,0.8052,0.9736,0.8585,0.8136,0.9711,0.9365,
Train1Val_Test,mean,bio_core_dna_prot_spliceai,nt_v3_650m,esm2_650m,PyTorch_Transformer,0.9275,0.8969,0.8287,0.9644,0.8614,0.8136,0.9703,0.9352,
Train1Val_Test,mean,bio_core_dna_prot_spliceai_geom,nt_v2_500m,esm1b_650m,Pure_XGBoost_Concat,0.9268,0.8773,0.8498,0.9556,0.8634,0.8136,0.9696,0.9334,dna_LVD_Cosine+prot_LVD_Cosine
Train1Val_Test,center,bio_geom_prot,nt_v3_650m,esmc_600m,Pure_XGBoost_Concat,0.9278,0.9217,0.8028,0.9745,0.8582,0.8135,0.9704,0.9373,
Train1Val_Test,mean,bio_core_dna_prot_spliceai,nt_v3_650m,esm1b_650m,Hybrid_Gating_XGBoost,0.9265,0.8712,0.8565,0.9527,0.8637,0.8135,0.9708,0.9322,
Train1Val_Test,mean,bio_core_dna_prot_spliceai_geom,nt_v2_500m,esm1b_650m,Pure_XGBoost_Concat,0.9268,0.8778,0.8492,0.9558,0.8633,0.8135,0.9698,0.9326,dna_LVD_L2+prot_LVD_L2+prot_LVD_Cosine
Train1Val_Test,mean,bio_core_dna_prot_spliceai,nt_v3_650m,esm2_650m,Hybrid_Concat_XGBoost,0.9263,0.8688,0.8589,0.9515,0.8638,0.8134,0.9685,0.9324,
Train1Val_Test,mean,bio_core_dna_prot_spliceai_geom,nt_v2_500m,esm1b_650m,Pure_XGBoost_Concat,0.9268,0.8788,0.848,0.9563,0.8631,0.8134,0.971,0.9353,dna_LLR+dna_LVD_L2+dna_LVD_Cosine+prot_LVD_Cosine
Train1Val_Test,center,bio_core_dna_prot_spliceai,nt_v2_500m,esm1v_650m,PyTorch_Transformer,0.9273,0.8947,0.8305,0.9635,0.8614,0.8133,0.9706,0.9325,
Train1Val_Test,mean,bio_core_dna_prot_spliceai,nt_v3_650m,esm2_650m,Pure_XGBoost_Concat,0.9267,0.8763,0.8504,0.9551,0.8632,0.8133,0.971,0.9336,
Train1Val_Test,mean,bio_core_dna_prot_spliceai_geom,nt_v2_500m,esm1b_650m,Pure_XGBoost_Concat,0.9267,0.8763,0.8504,0.9551,0.8632,0.8133,0.9701,0.9328,dna_LLR+prot_LVD_Cosine
Train1Val_Test,mean,bio_core_dna_prot_spliceai_geom,nt_v2_500m,esm1b_650m,Pure_XGBoost_Concat,0.9268,0.8802,0.8462,0.957,0.8629,0.8133,0.9736,0.9392,dna_LVD_Cosine+prot_LLR+prot_LVD_L2
Train1Val_Test,mean,bio_dna_prot,nt_v3_650m,esm1b_650m,Hybrid_Gating_XGBoost,0.9262,0.8678,0.8595,0.9511,0.8636,0.813,0.9697,0.9347,
Train1Val_Test,center,bio_core_prot_spliceai,,esm1b_650m,PyTorch_Concat,0.9275,0.9075,0.8166,0.9689,0.8597,0.813,0.9733,0.9398,
Train1Val_Test,center,bio_core_dna_prot_spliceai,nt_v2_500m,esm1b_650m,PyTorch_CrossAttn,0.9275,0.907,0.8172,0.9687,0.8598,0.813,0.9702,0.933,
Train1Val_Test,center,bio_geom,nt_v3_650m,esmc_600m,Pure_XGBoost_Concat,0.9275,0.9119,0.8118,0.9707,0.859,0.8129,0.9697,0.9348,
Train1Val_Test,center,bio_core_prot_spliceai,,esm1v_650m,PyTorch_Concat,0.9273,0.901,0.8233,0.9662,0.8604,0.8129,0.9724,0.9364,
Train1Val_Test,center,bio_core_dna_prot_spliceai,nt_v2_500m,esm1b_650m,PyTorch_Transformer,0.927,0.889,0.8359,0.961,0.8617,0.8129,0.9714,0.9352,
Train1Val_Test,mean,bio_core_prot_spliceai,,esm1b_650m,Hybrid_Concat_XGBoost,0.9263,0.8725,0.854,0.9533,0.8632,0.8128,0.9695,0.9332,
Train1Val_Test,mean,bio_core_dna_prot_spliceai_geom,nt_v2_500m,esm1b_650m,Pure_XGBoost_Concat,0.9263,0.8725,0.854,0.9533,0.8632,0.8128,0.9705,0.9341,dna_LVD_L2+dna_LVD_Cosine+prot_LVD_L2
Train1Val_Test,center,bio_core_dna_prot,nt_v1_500m,esm1v_650m,Pure_XGBoost_Concat,0.9262,0.8706,0.8559,0.9524,0.8631,0.8126,0.9717,0.9319,
Train1Val_Test,mean,bio_core_dna_prot_spliceai,nt_v1_500m,esm1b_650m,Hybrid_Gating_XGBoost,0.926,0.8678,0.8589,0.9511,0.8633,0.8126,0.9691,0.9305,
Train1Val_Test,mean,bio_core_dna_prot_spliceai_geom,nt_v2_500m,esm1b_650m,Pure_XGBoost_Concat,0.9265,0.8791,0.8462,0.9565,0.8623,0.8125,0.9707,0.9337,dna_LLR+dna_LVD_L2+prot_LVD_Cosine
Train1Val_Test,mean,bio_core_dna_prot_spliceai_geom,nt_v2_500m,esm1b_650m,Pure_XGBoost_Concat,0.9263,0.8748,0.851,0.9545,0.8627,0.8125,0.9707,0.9353,dna_LVD_L2+dna_LVD_Cosine+prot_LVD_Cosine
Train1Val_Test,mean,bio_core_dna_prot_spliceai,nt_v2_500m,esm1b_650m,PyTorch_Concat,0.9273,0.913,0.81,0.9712,0.8584,0.8124,0.9694,0.9325,
Train1Val_Test,mean,bio_core_dna_prot,nt_v2_500m,esm1v_650m,Hybrid_Transformer_XGBoost,0.9257,0.8636,0.8631,0.9491,0.8633,0.8123,0.9689,0.9253,
Train1Val_Test,mean,bio_core_dna_prot_spliceai_geom,nt_v2_500m,esm1b_650m,Pure_XGBoost_Concat,0.9263,0.8771,0.848,0.9556,0.8623,0.8123,0.9705,0.9342,prot_LVD_Cosine
Train1Val_Test,cls,bio_dna_prot,nt_v3_650m,esm1b_650m,Pure_XGBoost_Concat,0.9258,0.8672,0.8589,0.9509,0.863,0.8122,0.9692,0.9309,
Train1Val_Test,mean,bio_core_dna_prot_spliceai,nt_v3_650m,esm1b_650m,PyTorch_Gating,0.9273,0.9287,0.7937,0.9772,0.8559,0.8122,0.9718,0.9368,
Train1Val_Test,mean,bio_core_dna_prot_spliceai,nt_v1_500m,esm1b_650m,Hybrid_CrossAttn_XGBoost,0.9255,0.8618,0.8649,0.9482,0.8633,0.8121,0.9699,0.9331,
Train1Val_Test,mean,bio_core_dna_prot_spliceai_geom,nt_v2_500m,esm1b_650m,Pure_XGBoost_Concat,0.926,0.8709,0.8546,0.9527,0.8627,0.8121,0.9701,0.933,dna_LVD_Cosine+prot_LVD_L2+prot_LVD_Cosine
Train1Val_Test,mean,bio_core_dna_prot_spliceai_geom,nt_v2_500m,esm1b_650m,Pure_XGBoost_Concat,0.9262,0.8752,0.8498,0.9547,0.8623,0.812,0.9699,0.9328,dna_LLR+dna_LVD_Cosine
Train1Val_Test,cls,bio_prot,,esm1b_650m,PyTorch_Concat,0.9263,0.8814,0.8426,0.9576,0.8615,0.8118,0.9685,0.9289,
Train1Val_Test,cls,bio_prot,,esm1b_650m,PyTorch_Concat,0.9263,0.8814,0.8426,0.9576,0.8615,0.8118,0.9685,0.9289,
Train1Val_Test,cls,bio_core_dna_prot_spliceai,nt_v3_650m,esm1b_650m,PyTorch_Transformer,0.9268,0.8971,0.8257,0.9646,0.8599,0.8118,0.9676,0.9267,
Train1Val_Test,cls,bio_core_dna_prot_spliceai,nt_v2_500m,esmc_600m,Pure_XGBoost_Concat,0.926,0.8732,0.8516,0.9538,0.8623,0.8118,0.9689,0.9277,
Train1Val_Test,mean,bio_core_dna_prot_spliceai,nt_v3_650m,esm1b_650m,Hybrid_Transformer_XGBoost,0.9255,0.8644,0.8613,0.9495,0.8628,0.8117,0.9696,0.9331,
Train1Val_Test,mean,bio_core_dna_prot_spliceai,nt_v2_500m,esm1b_650m,Pure_XGBoost_Concat,0.926,0.8741,0.8504,0.9542,0.8621,0.8117,0.9698,0.933,
Train1Val_Test,mean,bio_core_dna_prot_spliceai_geom,nt_v2_500m,esm1b_650m,Pure_XGBoost_Concat,0.9262,0.8784,0.8456,0.9563,0.8617,0.8116,0.9698,0.9335,dna_LVD_L2+prot_LVD_Cosine
Train1Val_Test,mean,bio_core_dna_prot,nt_v3_650m,esm1v_650m,Hybrid_Transformer_XGBoost,0.9255,0.8657,0.8595,0.9502,0.8626,0.8115,0.9683,0.9257,
Train1Val_Test,mean,bio_core_dna_prot_spliceai,nt_v2_500m,esm1b_650m,PyTorch_CrossAttn,0.927,0.9163,0.8052,0.9725,0.8571,0.8114,0.9712,0.9359,
Train1Val_Test,mean,bio_core_prot_spliceai,,esm2_650m,PyTorch_Concat,0.9268,0.9056,0.816,0.9682,0.8585,0.8113,0.9698,0.9362,
Train1Val_Test,mean,bio_core_dna_prot_spliceai,nt_v3_650m,esm1b_650m,Hybrid_CrossAttn_XGBoost,0.9253,0.8639,0.8613,0.9493,0.8626,0.8113,0.9707,0.9343,
Train1Val_Test,cls,bio_dna_prot,nt_v3_650m,esm1b_650m,Hybrid_Transformer_XGBoost,0.9252,0.862,0.8631,0.9484,0.8626,0.8112,0.9681,0.9279,
Train1Val_Test,center,bio_core_dna_prot_spliceai,nt_v1_500m,esm1v_650m,Pure_XGBoost_Concat,0.9257,0.8712,0.8528,0.9529,0.8619,0.8112,0.9719,0.9333,
Train1Val_Test,mean,bio_core_dna_prot_spliceai,nt_v2_500m,esm1v_650m,Hybrid_CrossAttn_XGBoost,0.9249,0.8563,0.8697,0.9455,0.863,0.8112,0.9675,0.9217,
Train1Val_Test,cls,bio_core_prot_spliceai,,esm1b_650m,Hybrid_Concat_XGBoost,0.9258,0.875,0.8486,0.9547,0.8616,0.8111,0.9668,0.9257,
Train1Val_Test,mean,bio_core_dna_prot_spliceai,nt_v2_500m,esm2_650m,PyTorch_Concat,0.9265,0.8944,0.8275,0.9635,0.8596,0.8111,0.9699,0.9351,
Train1Val_Test,cls,bio_core_dna_prot_spliceai,nt_v1_500m,esm1b_650m,Pure_XGBoost_Concat,0.9257,0.8735,0.8498,0.954,0.8615,0.8109,0.97,0.9322,
Train1Val_Test,center,bio_core_dna_prot_spliceai,nt_v3_650m,esm1b_650m,PyTorch_Gating,0.9267,0.9088,0.8118,0.9696,0.8576,0.8108,0.9699,0.9329,
Train1Val_Test,cls,bio_core_dna_prot_spliceai,nt_v3_650m,esmc_600m,Pure_XGBoost_Concat,0.9258,0.8783,0.8444,0.9563,0.861,0.8108,0.9688,0.9309,
Train1Val_Test,mean,bio_core_dna_prot,nt_v1_500m,esm1v_650m,Hybrid_Transformer_XGBoost,0.9247,0.8571,0.8679,0.9459,0.8625,0.8106,0.9694,0.9279,
Train1Val_Test,center,bio_core_dna_prot_spliceai,nt_v3_650m,esm2_650m,PyTorch_Transformer,0.9267,0.9303,0.7895,0.9779,0.8542,0.8105,0.9732,0.9387,
Train1Val_Test,mean,bio_core_dna_prot_spliceai,nt_v1_500m,esm1b_650m,Hybrid_Concat_XGBoost,0.9252,0.866,0.8577,0.9504,0.8618,0.8105,0.9686,0.9319,
Train1Val_Test,mean,bio_core_dna_prot,nt_v3_650m,esm1v_650m,Pure_XGBoost_Concat,0.9255,0.873,0.8498,0.9538,0.8612,0.8105,0.9699,0.9287,
Train1Val_Test,mean,bio_core_dna_prot_spliceai_geom,nt_v2_500m,esm1b_650m,Pure_XGBoost_Concat,0.9255,0.873,0.8498,0.9538,0.8612,0.8105,0.9697,0.9314,dna_LLR+dna_LVD_L2+prot_LVD_L2
Train1Val_Test,cls,bio_core_dna_prot_spliceai,nt_v2_500m,esm1b_650m,Pure_XGBoost_Concat,0.9257,0.8782,0.8438,0.9563,0.8607,0.8103,0.97,0.9315,
Train1Val_Test,center,bio_dna_geom_prot,nt_v3_650m,esmc_600m,Pure_XGBoost_Concat,0.9265,0.9116,0.8082,0.9707,0.8568,0.8102,0.9706,0.9358,
Train1Val_Test,cls,bio_prot,,esm1b_650m,Hybrid_Concat_XGBoost,0.9252,0.8683,0.8546,0.9515,0.8614,0.8102,0.9687,0.9301,
Train1Val_Test,center,bio_core_dna_prot_spliceai,nt_v2_500m,esm1b_650m,PyTorch_Concat,0.9262,0.8948,0.8257,0.9637,0.8588,0.8102,0.9712,0.9353,
Train1Val_Test,center,bio_core_dna_prot,nt_v3_650m,esm1v_650m,PyTorch_Concat,0.9265,0.911,0.8088,0.9705,0.8569,0.8102,0.9682,0.9323,
Train1Val_Test,cls,bio_prot,,esm1b_650m,Hybrid_Concat_XGBoost,0.9252,0.8683,0.8546,0.9515,0.8614,0.8102,0.9687,0.9301,
Train1Val_Test,mean,bio_core_dna_prot_spliceai,nt_v2_500m,esmc_600m,Hybrid_Concat_XGBoost,0.925,0.8655,0.8577,0.9502,0.8616,0.8102,0.9666,0.9306,
Train1Val_Test,mean,bio_dna_prot,nt_v3_650m,esm1b_650m,Hybrid_Transformer_XGBoost,0.9249,0.8632,0.8601,0.9491,0.8616,0.8101,0.9705,0.9362,
Train1Val_Test,center,bio_core_dna_prot_spliceai,nt_v1_500m,esm1b_650m,Hybrid_CrossAttn_XGBoost,0.9249,0.8628,0.8607,0.9488,0.8617,0.8101,0.9722,0.9363,
Train1Val_Test,center,bio_core_dna_prot_spliceai,nt_v2_500m,esm1v_650m,Hybrid_Concat_XGBoost,0.9249,0.8632,0.8601,0.9491,0.8616,0.8101,0.9717,0.9342,
Train1Val_Test,mean,bio_core_dna_prot_spliceai,nt_v3_650m,esm2_650m,PyTorch_CrossAttn,0.9258,0.8851,0.8359,0.9594,0.8598,0.8101,0.9703,0.934,
Train1Val_Test,center,bio_core_dna_prot_spliceai,nt_v1_500m,esm1b_650m,Hybrid_Transformer_XGBoost,0.9249,0.8636,0.8595,0.9493,0.8615,0.81,0.9711,0.9354,
Train1Val_Test,center,bio_core_dna_prot_spliceai,nt_v1_500m,esm2_650m,Hybrid_Gating_XGBoost,0.9252,0.8701,0.8522,0.9524,0.8611,0.81,0.9715,0.9332,
Train1Val_Test,mean,bio_core_dna_prot_spliceai,nt_v2_500m,esm2_650m,Hybrid_CrossAttn_XGBoost,0.9247,0.8609,0.8625,0.9479,0.8617,0.81,0.9697,0.9327,
Train1Val_Test,mean,bio_prot,,esm1b_650m,PyTorch_Concat,0.9262,0.9,0.8197,0.966,0.858,0.8098,0.9676,0.9328,
Train1Val_Test,cls,bio_core_dna_prot_spliceai,nt_v1_500m,esm1b_650m,PyTorch_CrossAttn,0.9263,0.9109,0.8082,0.9705,0.8565,0.8098,0.9687,0.9304,
Train1Val_Test,mean,bio_core_dna_prot_spliceai,nt_v2_500m,esmc_600m,Hybrid_Gating_XGBoost,0.9247,0.8618,0.8613,0.9484,0.8615,0.8098,0.9657,0.9288,
Train1Val_Test,center,bio_core_dna_prot_spliceai,nt_v3_650m,esm1v_650m,PyTorch_CrossAttn,0.9263,0.9155,0.8034,0.9723,0.8558,0.8097,0.9726,0.9383,
Train1Val_Test,mean,bio_core_prot_spliceai,,esm1b_650m,PyTorch_Concat,0.9263,0.9236,0.7949,0.9754,0.8545,0.8096,0.9714,0.9382,
Train1Val_Test,mean,bio_core_dna_prot_spliceai,nt_v2_500m,esm1v_650m,Hybrid_Gating_XGBoost,0.9249,0.8659,0.8565,0.9504,0.8611,0.8096,0.9686,0.9231,
Train1Val_Test,mean,bio_prot,,esm1b_650m,Pure_XGBoost_Concat,0.9252,0.8733,0.848,0.954,0.8605,0.8095,0.9704,0.9337,
Train1Val_Test,mean,bio_core_dna_prot_spliceai,nt_v3_650m,esm1v_650m,Hybrid_Concat_XGBoost,0.9247,0.864,0.8583,0.9495,0.8611,0.8095,0.9671,0.9196,
Train1Val_Test,mean,bio_core_dna_prot_spliceai,nt_v3_650m,esm2_650m,PyTorch_Concat,0.926,0.8989,0.8203,0.9655,0.8578,0.8095,0.9699,0.9365,
Train1Val_Test,mean,bio_core_dna_prot_spliceai,nt_v2_500m,esm1b_650m,PyTorch_Transformer,0.9262,0.9081,0.8106,0.9693,0.8566,0.8095,0.9692,0.9341,
Train1Val_Test,mean,bio_core_dna_prot_spliceai,nt_v3_650m,esm1v_650m,Hybrid_Gating_XGBoost,0.9249,0.8676,0.854,0.9513,0.8608,0.8094,0.9691,0.9265,
Train1Val_Test,mean,bio_core_dna_prot_spliceai,nt_v2_500m,esm2_650m,Hybrid_Transformer_XGBoost,0.9245,0.8617,0.8607,0.9484,0.8612,0.8094,0.9693,0.9338,
Train1Val_Test,center,bio_core_dna_prot_spliceai,nt_v1_500m,esm1v_650m,Hybrid_Gating_XGBoost,0.9247,0.8649,0.8571,0.95,0.861,0.8093,0.9698,0.9285,
Train1Val_Test,center,bio_core_dna_prot_spliceai,nt_v1_500m,esmc_600m,Hybrid_Gating_XGBoost,0.9252,0.8752,0.8456,0.9549,0.8601,0.8093,0.9702,0.9372,
Train1Val_Test,mean,bio_core_dna_prot_spliceai,nt_v1_500m,esm2_650m,Hybrid_Gating_XGBoost,0.9245,0.8622,0.8601,0.9486,0.8611,0.8093,0.9685,0.9323,
Train1Val_Test,cls,bio_prot,,esm1b_650m,Pure_XGBoost_Concat,0.9245,0.863,0.8589,0.9491,0.8609,0.8092,0.9696,0.9318,
Train1Val_Test,center,bio_core_dna_prot_spliceai,nt_v2_500m,esm2_650m,PyTorch_Concat,0.926,0.9048,0.8136,0.968,0.8568,0.8092,0.9721,0.9362,
Train1Val_Test,cls,bio_prot,,esm1b_650m,Pure_XGBoost_Concat,0.9245,0.863,0.8589,0.9491,0.8609,0.8092,0.9696,0.9318,
Train1Val_Test,mean,bio_core_dna_prot_spliceai,nt_v2_500m,esm1v_650m,Hybrid_Transformer_XGBoost,0.9242,0.8577,0.8649,0.9464,0.8613,0.8091,0.9696,0.9244,
Train1Val_Test,cls,bio_core_prot_spliceai,,esm1b_650m,Pure_XGBoost_Concat,0.9247,0.8671,0.854,0.9511,0.8605,0.809,0.9701,0.9321,
Train1Val_Test,mean,bio_core_dna_prot_spliceai,nt_v1_500m,esm1b_650m,Hybrid_Transformer_XGBoost,0.9244,0.8612,0.8607,0.9482,0.8609,0.809,0.9698,0.9325,
Train1Val_Test,mean,bio_core_dna_prot_spliceai,nt_v3_650m,esm2_650m,Hybrid_CrossAttn_XGBoost,0.9239,0.8533,0.8697,0.9441,0.8614,0.809,0.97,0.9345,
Train1Val_Test,center,bio_core_prot_spliceai,,esm2_650m,PyTorch_Concat,0.926,0.9125,0.8052,0.9712,0.8555,0.8089,0.9722,0.9354,
Train1Val_Test,mean,bio_core_prot_spliceai,,esm2_650m,Pure_XGBoost_Concat,0.925,0.8746,0.8456,0.9547,0.8599,0.8089,0.9691,0.9338,
Train1Val_Test,mean,bio_core_dna_prot_spliceai,nt_v1_500m,esm2_650m,PyTorch_Gating,0.9257,0.8935,0.8251,0.9633,0.8579,0.8089,0.9702,0.9358,
Train1Val_Test,mean,bio_core_dna_prot_spliceai,nt_v3_650m,esm2_650m,PyTorch_Gating,0.926,0.9142,0.8034,0.9718,0.8552,0.8088,0.9698,0.9342,
Train1Val_Test,mean,bio_core_dna_prot,nt_v1_500m,esm1v_650m,Pure_XGBoost_Concat,0.9247,0.8694,0.851,0.9522,0.8601,0.8087,0.9689,0.9282,
Train1Val_Test,mean,bio_core_dna_prot_spliceai_geom,nt_v2_500m,esm1b_650m,Pure_XGBoost_Concat,0.9247,0.8694,0.851,0.9522,0.8601,0.8087,0.9695,0.9317,dna_LLR
Train1Val_Test,mean,bio_core_dna_prot_spliceai_geom,nt_v2_500m,esm1b_650m,Pure_XGBoost_Concat,0.925,0.877,0.8426,0.9558,0.8594,0.8086,0.9698,0.9335,dna_LLR+prot_LVD_L2+prot_LVD_Cosine
Train1Val_Test,mean,bio_core_dna_prot,nt_v1_500m,esm1v_650m,PyTorch_Gating,0.9257,0.9003,0.8172,0.9662,0.8568,0.8085,0.97,0.9272,
Train1Val_Test,center,bio_core_dna_prot_spliceai,nt_v2_500m,esm2_650m,PyTorch_Transformer,0.9257,0.9025,0.8148,0.9671,0.8564,0.8084,0.9719,0.9367,
Train1Val_Test,cls,bio_dna_prot,nt_v3_650m,esm1b_650m,Hybrid_CrossAttn_XGBoost,0.9237,0.8544,0.8673,0.9448,0.8608,0.8083,0.9681,0.9298,
Train1Val_Test,mean,bio_core_dna_prot,nt_v2_500m,esm1v_650m,Hybrid_Concat_XGBoost,0.9242,0.8637,0.8565,0.9495,0.8601,0.8081,0.9685,0.9252,
Train1Val_Test,cls,bio_core_prot_spliceai,,esmc_600m,Pure_XGBoost_Concat,0.9245,0.872,0.8468,0.9536,0.8592,0.8079,0.9696,0.9327,
Train1Val_Test,mean,bio_core_dna_prot_spliceai,nt_v1_500m,esm1v_650m,Hybrid_Concat_XGBoost,0.9235,0.8543,0.8667,0.9448,0.8605,0.8079,0.9679,0.9232,
Train1Val_Test,mean,bio_core_dna_prot_spliceai,nt_v2_500m,esmc_600m,Hybrid_CrossAttn_XGBoost,0.9242,0.866,0.8534,0.9506,0.8597,0.8078,0.9657,0.928,
Train1Val_Test,cls,bio_core_dna_prot_spliceai,nt_v3_650m,esm1b_650m,Hybrid_Concat_XGBoost,0.924,0.8632,0.8565,0.9493,0.8598,0.8077,0.9672,0.9279,
Train1Val_Test,cls,bio_dna_prot,nt_v3_650m,esm1b_650m,PyTorch_Concat,0.9255,0.9101,0.8058,0.9703,0.8548,0.8076,0.9681,0.9286,
Train1Val_Test,center,bio_core_dna_prot,nt_v2_500m,esm1v_650m,PyTorch_Gating,0.9252,0.8938,0.8227,0.9635,0.8568,0.8075,0.9707,0.9325,
Train1Val_Test,cls,bio_core_dna_prot_spliceai,nt_v2_500m,esm1b_650m,Hybrid_Gating_XGBoost,0.9244,0.871,0.8474,0.9531,0.8591,0.8075,0.9663,0.9248,
Train1Val_Test,mean,bio_core_dna_prot_spliceai,nt_v3_650m,esm2_650m,Hybrid_Transformer_XGBoost,0.924,0.865,0.854,0.9502,0.8595,0.8075,0.9683,0.9301,
Train1Val_Test,mean,bio_core_dna_prot_spliceai,nt_v3_650m,esm1b_650m,PyTorch_CrossAttn,0.9252,0.8991,0.8166,0.9657,0.8559,0.8072,0.968,0.9278,
Train1Val_Test,mean,bio_core_dna_prot,nt_v3_650m,esm1v_650m,Hybrid_Concat_XGBoost,0.9237,0.8613,0.8577,0.9484,0.8595,0.8071,0.9681,0.9259,
Train1Val_Test,mean,bio_core_dna_prot_spliceai_geom,nt_v2_500m,esm1b_650m,Pure_XGBoost_Concat,0.9242,0.8705,0.8474,0.9529,0.8588,0.8071,0.9693,0.9327,dna_LVD_L2+dna_LVD_Cosine
Train1Val_Test,center,bio_core_dna_prot_spliceai,nt_v1_500m,esmc_600m,PyTorch_Gating,0.9253,0.9227,0.7919,0.9752,0.8523,0.807,0.9704,0.9364,
Train1Val_Test,cls,bio_core_dna_prot_spliceai,nt_v2_500m,esm1b_650m,PyTorch_CrossAttn,0.9249,0.8901,0.8257,0.9619,0.8567,0.8069,0.9672,0.9251,
Train1Val_Test,mean,bio_core_dna_prot_spliceai,nt_v3_650m,esmc_600m,Hybrid_Transformer_XGBoost,0.9237,0.8626,0.8559,0.9491,0.8592,0.8069,0.9668,0.9285,
Train1Val_Test,mean,bio_core_dna_prot,nt_v3_650m,esm1v_650m,Hybrid_Gating_XGBoost,0.9235,0.8599,0.8589,0.9477,0.8594,0.8069,0.9679,0.925,
Train1Val_Test,center,bio_core_dna_prot_spliceai,nt_v3_650m,esm1b_650m,PyTorch_Concat,0.9252,0.9083,0.8064,0.9696,0.8543,0.8068,0.9708,0.9337,
Train1Val_Test,mean,bio_core_dna_prot,nt_v1_500m,esm1v_650m,Hybrid_Concat_XGBoost,0.9237,0.8631,0.8552,0.9493,0.8591,0.8068,0.9698,0.9278,
Train1Val_Test,center,bio_dna_geom,nt_v3_650m,esmc_600m,Pure_XGBoost_Concat,0.9252,0.9128,0.8016,0.9714,0.8536,0.8067,0.9694,0.9336,
Train1Val_Test,mean,bio_core_dna_prot,nt_v2_500m,esm1v_650m,Hybrid_Gating_XGBoost,0.9237,0.8639,0.854,0.9497,0.859,0.8067,0.9681,0.9269,
Train1Val_Test,center,bio_core_dna_prot_spliceai,nt_v1_500m,esm1v_650m,Hybrid_Transformer_XGBoost,0.9235,0.8625,0.8552,0.9491,0.8589,0.8065,0.9715,0.9316,
Train1Val_Test,cls,bio_core_dna_prot_spliceai,nt_v3_650m,esm1b_650m,Pure_XGBoost_Concat,0.9237,0.8653,0.8522,0.9504,0.8587,0.8065,0.9694,0.9301,
Train1Val_Test,mean,bio_core_dna_prot_spliceai,nt_v1_500m,esm1v_650m,Hybrid_CrossAttn_XGBoost,0.9232,0.8567,0.8619,0.9461,0.8593,0.8065,0.9687,0.9242,
Train1Val_Test,cls,bio_core_dna_prot_spliceai,nt_v1_500m,esmc_600m,Pure_XGBoost_Concat,0.924,0.8727,0.8438,0.954,0.858,0.8064,0.9688,0.9312,
Train1Val_Test,center,bio_core_dna_prot,nt_v1_500m,esm1v_650m,PyTorch_CrossAttn,0.925,0.9105,0.8034,0.9705,0.8536,0.8063,0.971,0.9317,
Train1Val_Test,cls,bio_core_dna_prot_spliceai,nt_v1_500m,esm1b_650m,PyTorch_Concat,0.925,0.9105,0.8034,0.9705,0.8536,0.8063,0.9666,0.9245,
Train1Val_Test,mean,bio_core_prot_spliceai,,esm2_650m,Hybrid_Concat_XGBoost,0.9235,0.8639,0.8534,0.9497,0.8586,0.8063,0.9696,0.9347,
Train1Val_Test,mean,bio_core_dna_prot_spliceai,nt_v3_650m,esm1v_650m,Hybrid_Transformer_XGBoost,0.9234,0.8611,0.8565,0.9484,0.8588,0.8062,0.9674,0.9237,
Train1Val_Test,mean,bio_core_dna_prot,nt_v2_500m,esm1v_650m,Hybrid_CrossAttn_XGBoost,0.9231,0.8558,0.8625,0.9457,0.8591,0.8062,0.9683,0.9221,
Train1Val_Test,center,bio_core_dna_prot_spliceai,nt_v3_650m,esm2_650m,PyTorch_Gating,0.925,0.9214,0.7919,0.9748,0.8518,0.8061,0.9735,0.937,
Train1Val_Test,mean,bio_core_dna_prot_spliceai,nt_v1_500m,esm2_650m,Hybrid_Transformer_XGBoost,0.9235,0.8652,0.8516,0.9504,0.8584,0.8061,0.9685,0.932,
Train1Val_Test,mean,bio_core_dna_prot,nt_v1_500m,esm1v_650m,Hybrid_Gating_XGBoost,0.9237,0.868,0.8486,0.9518,0.8582,0.8061,0.9689,0.9254,
Train1Val_Test,cls,bio_core_prot_spliceai,,esmc_600m,Hybrid_Concat_XGBoost,0.9235,0.8661,0.8504,0.9509,0.8582,0.8059,0.9659,0.927,
Train1Val_Test,center,bio_core_dna_prot,nt_v1_500m,esm1v_650m,Hybrid_Gating_XGBoost,0.9232,0.8606,0.8565,0.9482,0.8585,0.8058,0.9708,0.9335,
Train1Val_Test,cls,bio_core_dna_prot_spliceai,nt_v3_650m,esm1v_650m,Hybrid_Concat_XGBoost,0.9227,0.8526,0.8655,0.9441,0.859,0.8058,0.9653,0.9199,
Train1Val_Test,center,bio_core_dna_prot,nt_v1_500m,esm1v_650m,PyTorch_Gating,0.9247,0.9037,0.8094,0.9678,0.854,0.8056,0.9722,0.9353,
Train1Val_Test,cls,bio_dna_prot,nt_v3_650m,esm1b_650m,PyTorch_CrossAttn,0.9242,0.8853,0.8287,0.9599,0.8561,0.8055,0.9675,0.9258,
Train1Val_Test,mean,bio_core_dna_prot_spliceai,nt_v1_500m,esm2_650m,Hybrid_CrossAttn_XGBoost,0.9231,0.8605,0.8559,0.9482,0.8582,0.8054,0.9703,0.9353,
Train1Val_Test,mean,bio_core_dna_prot_spliceai,nt_v1_500m,esmc_600m,Hybrid_CrossAttn_XGBoost,0.9232,0.8641,0.8516,0.95,0.8578,0.8053,0.9669,0.929,
Train1Val_Test,cls,bio_core_dna_prot_spliceai,nt_v3_650m,esm1b_650m,Hybrid_CrossAttn_XGBoost,0.9227,0.856,0.8607,0.9459,0.8583,0.8052,0.9661,0.9252,
Train1Val_Test,mean,bio_core_dna_prot,nt_v2_500m,esm1v_650m,PyTorch_CrossAttn,0.9245,0.9031,0.8094,0.9675,0.8537,0.8052,0.9699,0.9279,
Train1Val_Test,center,bio_core_dna_prot_spliceai,nt_v1_500m,esm1b_650m,PyTorch_Transformer,0.924,0.8847,0.8287,0.9597,0.8558,0.8051,0.9701,0.9322,
Train1Val_Test,center,bio_core_dna_prot_spliceai,nt_v1_500m,esm1v_650m,PyTorch_Transformer,0.9242,0.8903,0.8227,0.9621,0.8552,0.8051,0.9704,0.9298,
Train1Val_Test,center,bio_core_dna_prot_spliceai,nt_v1_500m,esm1v_650m,PyTorch_Concat,0.9242,0.8934,0.8191,0.9635,0.8546,0.8049,0.9699,0.9301,
Train1Val_Test,mean,bio_core_dna_prot,nt_v1_500m,esm1v_650m,Hybrid_CrossAttn_XGBoost,0.9222,0.8503,0.8667,0.943,0.8584,0.8049,0.9688,0.9264,
Train1Val_Test,mean,bio_core_dna_prot_spliceai_geom,nt_v2_500m,esm1b_650m,Pure_XGBoost_Concat,0.9245,0.9254,0.7859,0.9763,0.85,0.8048,0.9709,0.9324,dna_LVD_L2+dna_LVD_Cosine+dna_LID+prot_LLR+prot_LVD_Cosine
Train1Val_Test,mean,bio_core_dna_prot_spliceai_geom,nt_v2_500m,esm1b_650m,Pure_XGBoost_Concat,0.9245,0.9291,0.7823,0.9777,0.8494,0.8048,0.9708,0.933,dna_LLR+dna_LVD_Cosine+dna_LID+prot_LLR+prot_LVD_L2+prot_LVD_Cosine
Train1Val_Test,cls,bio_core_dna_prot_spliceai,nt_v1_500m,esm1b_650m,Hybrid_CrossAttn_XGBoost,0.9227,0.859,0.8565,0.9475,0.8577,0.8047,0.9651,0.9222,
Train1Val_Test,mean,bio_core_dna_prot_spliceai,nt_v1_500m,esmc_600m,Hybrid_Concat_XGBoost,0.9229,0.8618,0.8534,0.9488,0.8576,0.8047,0.9664,0.9291,
Train1Val_Test,mean,bio_core_dna_prot_spliceai,nt_v2_500m,esm2_650m,Hybrid_Gating_XGBoost,0.9229,0.8626,0.8522,0.9493,0.8574,0.8046,0.9681,0.9316,
Train1Val_Test,cls,bio_dna_prot,nt_v3_650m,esm1b_650m,Hybrid_Gating_XGBoost,0.9229,0.864,0.8504,0.95,0.8571,0.8044,0.9659,0.9277,
Train1Val_Test,cls,bio_core_dna_prot_spliceai,nt_v3_650m,esm1b_650m,PyTorch_Gating,0.9242,0.9041,0.807,0.968,0.8528,0.8043,0.9681,0.9293,
Train1Val_Test,cls,bio_core_dna_prot,nt_v2_500m,esm1v_650m,Hybrid_Transformer_XGBoost,0.9222,0.8532,0.8625,0.9446,0.8578,0.8043,0.9658,0.9212,
Train1Val_Test,mean,bio_core_dna_prot_spliceai,nt_v2_500m,esm2_650m,Hybrid_Concat_XGBoost,0.9229,0.8653,0.8486,0.9506,0.8569,0.8042,0.9689,0.9319,
Train1Val_Test,mean,bio_core_dna_prot_spliceai,nt_v1_500m,esmc_600m,Hybrid_Gating_XGBoost,0.9224,0.8571,0.8577,0.9466,0.8574,0.8041,0.9657,0.9282,
Train1Val_Test,center,bio_core_dna_prot_spliceai,nt_v3_650m,esm2_650m,PyTorch_Concat,0.924,0.9018,0.8088,0.9671,0.8528,0.804,0.9695,0.9298,
Train1Val_Test,cls,bio_core_dna_prot_spliceai,nt_v1_500m,esm1b_650m,Hybrid_Concat_XGBoost,0.9226,0.8611,0.8528,0.9486,0.857,0.8039,0.9657,0.9232,
Train1Val_Test,mean,bio_core_dna_prot_spliceai,nt_v3_650m,esm1v_650m,Hybrid_CrossAttn_XGBoost,0.9221,0.854,0.8607,0.945,0.8573,0.8037,0.9669,0.9197,
Train1Val_Test,mean,bio_core_dna_prot_spliceai,nt_v1_500m,esm1v_650m,PyTorch_CrossAttn,0.9229,0.8699,0.8426,0.9529,0.856,0.8036,0.9683,0.9214,
Train1Val_Test,mean,bio_core_dna_prot_spliceai,nt_v2_500m,esmc_600m,Hybrid_Transformer_XGBoost,0.9221,0.8553,0.8589,0.9457,0.8571,0.8035,0.9662,0.9302,
Train1Val_Test,mean,bio_core_dna_prot_spliceai_geom,nt_v2_500m,esm1b_650m,Pure_XGBoost_Concat,0.924,0.9235,0.7859,0.9757,0.8491,0.8035,0.9699,0.9325,dna_LID+prot_LLR+prot_LVD_L2
Train1Val_Test,mean,bio_core_dna_prot_spliceai_geom,nt_v2_500m,esm1b_650m,Pure_XGBoost_Concat,0.924,0.9229,0.7865,0.9754,0.8492,0.8035,0.9704,0.9326,dna_LID+prot_LLR+prot_LVD_Cosine
Train1Val_Test,mean,bio_core_dna_prot_spliceai_geom,nt_v2_500m,esm1b_650m,Pure_XGBoost_Concat,0.924,0.9229,0.7865,0.9754,0.8492,0.8035,0.9703,0.9325,dna_LLR+dna_LID+prot_LLR+prot_LVD_L2
Train1Val_Test,mean,bio_core_dna_prot_spliceai_geom,nt_v2_500m,esm1b_650m,Pure_XGBoost_Concat,0.924,0.9235,0.7859,0.9757,0.8491,0.8035,0.9705,0.9336,dna_LID+prot_LLR+prot_LVD_L2+prot_LVD_Cosine
Train1Val_Test,cls,bio_core_dna_prot_spliceai,nt_v3_650m,esmc_600m,PyTorch_CrossAttn,0.9237,0.8953,0.8148,0.9644,0.8532,0.8034,0.9668,0.9281,
Train1Val_Test,mean,bio_core_dna_prot_spliceai,nt_v2_500m,esm2_650m,PyTorch_Gating,0.9239,0.9045,0.8052,0.9682,0.8519,0.8034,0.9713,0.9388,
Train1Val_Test,cls,bio_core_dna_prot,nt_v1_500m,esm1v_650m,Hybrid_Concat_XGBoost,0.9221,0.8583,0.8546,0.9473,0.8565,0.803,0.9674,0.925,
Train1Val_Test,mean,bio_core_dna_prot_spliceai,nt_v1_500m,esm2_650m,Pure_XGBoost_Concat,0.9226,0.8679,0.8438,0.952,0.8557,0.8029,0.9703,0.9339,
Train1Val_Test,cls,bio_dna_prot,nt_v3_650m,esm1b_650m,PyTorch_Gating,0.9237,0.9094,0.7992,0.9703,0.8507,0.8028,0.9702,0.9324,
Train1Val_Test,center,bio_core_dna_prot_spliceai,nt_v1_500m,esm1v_650m,PyTorch_Gating,0.9234,0.8905,0.8191,0.9624,0.8533,0.8028,0.9662,0.9267,
Train1Val_Test,mean,bio_core_dna_prot_spliceai,nt_v2_500m,esm2_650m,Pure_XGBoost_Concat,0.9227,0.8721,0.839,0.954,0.8552,0.8028,0.9694,0.9325,
Train1Val_Test,mean,bio_core_dna_prot_spliceai_geom,nt_v2_500m,esm1b_650m,Pure_XGBoost_Concat,0.9237,0.924,0.7841,0.9759,0.8483,0.8026,0.9696,0.9318,dna_LLR+dna_LVD_L2+dna_LID+prot_LLR
Train1Val_Test,mean,bio_core_dna_prot_spliceai_geom,nt_v2_500m,esm1b_650m,Pure_XGBoost_Concat,0.9237,0.9233,0.7847,0.9757,0.8484,0.8026,0.9699,0.9322,dna_LVD_L2+dna_LID+prot_LLR+prot_LVD_L2
Train1Val_Test,mean,bio_core_dna_prot_spliceai_geom,nt_v2_500m,esm1b_650m,Pure_XGBoost_Concat,0.9237,0.9227,0.7853,0.9754,0.8485,0.8026,0.9692,0.9314,dna_LVD_L2+dna_LVD_Cosine+dna_LID+prot_LLR+prot_LVD_L2+prot_LVD_Cosine
Train1Val_Test,mean,bio_core_dna_prot_spliceai_geom,nt_v2_500m,esm1b_650m,Pure_XGBoost_Concat,0.9237,0.9227,0.7853,0.9754,0.8485,0.8026,0.9707,0.9348,dna_LLR+dna_LVD_L2+dna_LVD_Cosine+dna_LID+prot_LLR+prot_LVD_L2+prot_LVD_Cosine
Train1Val_Test,mean,bio_core_dna_prot_spliceai,nt_v1_500m,esm1v_650m,Pure_XGBoost_Concat,0.9224,0.8678,0.8432,0.952,0.8553,0.8025,0.9679,0.9271,
Train1Val_Test,mean,bio_core_dna_prot_spliceai,nt_v2_500m,esm1v_650m,PyTorch_Gating,0.9232,0.8899,0.8191,0.9621,0.853,0.8024,0.9691,0.9258,
Train1Val_Test,center,bio_core_dna_prot_spliceai,nt_v2_500m,esm1b_650m,PyTorch_Gating,0.9234,0.9021,0.8058,0.9673,0.8512,0.8022,0.9697,0.9333,
Train1Val_Test,cls,bio_core_dna_prot_spliceai,nt_v1_500m,esm1b_650m,PyTorch_Transformer,0.9235,0.9133,0.7943,0.9718,0.8497,0.8022,0.9686,0.927,
Train1Val_Test,mean,bio_core_dna_prot_spliceai_geom,nt_v2_500m,esm1b_650m,Pure_XGBoost_Concat,0.9235,0.9288,0.7786,0.9777,0.8471,0.8022,0.9709,0.9345,dna_LLR+dna_LVD_L2+prot_LLR+prot_LVD_Cosine+prot_LID
Train1Val_Test,mean,bio_core_dna_prot_spliceai_geom,nt_v2_500m,esm1b_650m,Pure_XGBoost_Concat,0.9235,0.9275,0.7799,0.9772,0.8473,0.8022,0.9709,0.9329,dna_LLR+dna_LVD_Cosine+prot_LLR+prot_LVD_L2+prot_LID
Train1Val_Test,mean,bio_core_dna_prot_spliceai_geom,nt_v2_500m,esm1b_650m,Pure_XGBoost_Concat,0.9235,0.9331,0.7744,0.9793,0.8464,0.8022,0.9705,0.9336,dna_LLR+dna_LVD_L2+dna_LVD_Cosine+prot_LLR+prot_LVD_Cosine+prot_LID
Train1Val_Test,mean,bio_core_dna_prot_spliceai,nt_v3_650m,esm2_650m,Hybrid_Gating_XGBoost,0.9214,0.8524,0.8601,0.9443,0.8562,0.8021,0.9689,0.9308,
Train1Val_Test,mean,bio_core_dna_prot,nt_v3_650m,esm1v_650m,Hybrid_CrossAttn_XGBoost,0.9214,0.8524,0.8601,0.9443,0.8562,0.8021,0.9688,0.9253,
Train1Val_Test,mean,bio_core_dna_prot_spliceai_geom,nt_v2_500m,esm1b_650m,Pure_XGBoost_Concat,0.9235,0.9221,0.7853,0.9752,0.8482,0.8021,0.9699,0.9327,dna_LVD_Cosine+dna_LID+prot_LLR+prot_LVD_Cosine
Train1Val_Test,mean,bio_core_dna_prot_spliceai_geom,nt_v2_500m,esm1b_650m,Pure_XGBoost_Concat,0.9235,0.9221,0.7853,0.9752,0.8482,0.8021,0.9698,0.9326,dna_LLR+dna_LVD_Cosine+dna_LID+prot_LLR+prot_LVD_Cosine
Train1Val_Test,center,bio_core_dna_prot,nt_v1_500m,esm1v_650m,PyTorch_Concat,0.9234,0.9087,0.7986,0.97,0.8501,0.8019,0.9704,0.9314,
Train1Val_Test,mean,bio_dna_geom_prot,nt_v3_650m,esm1b_650m,Pure_XGBoost_Concat,0.9234,0.9318,0.775,0.9788,0.8462,0.8018,0.9697,0.9308,
Train1Val_Test,mean,bio_core_dna_prot_spliceai,nt_v1_500m,esmc_600m,Hybrid_Transformer_XGBoost,0.9216,0.8576,0.8534,0.947,0.8555,0.8017,0.965,0.9282,
Train1Val_Test,mean,bio_core_dna_prot_spliceai_geom,nt_v2_500m,esm1b_650m,Pure_XGBoost_Concat,0.9234,0.9214,0.7853,0.975,0.8479,0.8017,0.9701,0.9329,dna_LVD_L2+dna_LID+prot_LLR+prot_LVD_Cosine
Train1Val_Test,cls,bio_core_dna_prot_spliceai,nt_v2_500m,esm1b_650m,PyTorch_Gating,0.9231,0.9003,0.8064,0.9666,0.8508,0.8014,0.9654,0.9222,
Train1Val_Test,cls,bio_core_dna_prot,nt_v1_500m,esm1v_650m,Hybrid_CrossAttn_XGBoost,0.9212,0.854,0.8571,0.9452,0.8555,0.8014,0.966,0.923,
Train1Val_Test,mean,bio_core_dna_prot_spliceai,nt_v3_650m,esm1b_650m,PyTorch_Transformer,0.9231,0.8987,0.8082,0.966,0.8511,0.8014,0.9703,0.9326,
Train1Val_Test,cls,bio_core_dna_prot_spliceai,nt_v3_650m,esm1b_650m,PyTorch_CrossAttn,0.9227,0.8871,0.8203,0.961,0.8524,0.8013,0.9675,0.9237,
Train1Val_Test,mean,bio_core_dna_prot_spliceai_geom,nt_v2_500m,esm1b_650m,Pure_XGBoost_Concat,0.9232,0.9202,0.7859,0.9745,0.8478,0.8013,0.9693,0.9314,dna_LID+prot_LLR
Train1Val_Test,mean,bio_core_dna_prot_spliceai_geom,nt_v2_500m,esm1b_650m,Pure_XGBoost_Concat,0.9232,0.9318,0.7744,0.9788,0.8458,0.8013,0.9701,0.9333,dna_LVD_L2+prot_LLR+prot_LID
Train1Val_Test,mean,bio_core_dna_prot_spliceai_geom,nt_v2_500m,esm1b_650m,Pure_XGBoost_Concat,0.9232,0.9184,0.7877,0.9739,0.8481,0.8013,0.9693,0.9314,dna_LLR+dna_LID+prot_LLR+prot_LVD_L2+prot_LVD_Cosine
Train1Val_Test,mean,bio_core_dna_prot_spliceai_geom,nt_v2_500m,esm1b_650m,Pure_XGBoost_Concat,0.9232,0.9268,0.7793,0.977,0.8467,0.8013,0.97,0.9329,dna_LLR+dna_LVD_L2+dna_LVD_Cosine+prot_LLR+prot_LVD_L2+prot_LID
Train1Val_Test,cls,bio_core_dna_prot_spliceai,nt_v2_500m,esm1b_650m,Hybrid_Transformer_XGBoost,0.9214,0.8575,0.8528,0.947,0.8552,0.8012,0.965,0.9213,
Train1Val_Test,cls,bio_core_dna_prot,nt_v2_500m,esm1v_650m,Hybrid_CrossAttn_XGBoost,0.9211,0.8522,0.8589,0.9443,0.8555,0.8012,0.9651,0.9195,
Train1Val_Test,mean,bio_core_dna_prot_spliceai,nt_v2_500m,esm2_650m,PyTorch_Transformer,0.9229,0.896,0.8106,0.9648,0.8512,0.8011,0.9701,0.9348,
Train1Val_Test,center,bio_core_dna_prot,nt_v2_500m,esm1v_650m,PyTorch_Concat,0.9229,0.8976,0.8088,0.9655,0.8509,0.801,0.9673,0.9299,
Train1Val_Test,mean,bio_core_dna_prot,nt_v3_650m,esm1v_650m,PyTorch_Concat,0.9229,0.8987,0.8076,0.966,0.8507,0.801,0.9694,0.9269,
Train1Val_Test,mean,bio_core_dna_prot,nt_v3_650m,esm1v_650m,PyTorch_Transformer,0.9229,0.9008,0.8052,0.9669,0.8503,0.8009,0.9696,0.9264,
Train1Val_Test,cls,bio_core_dna_prot,nt_v2_500m,esm1v_650m,PyTorch_CrossAttn,0.9222,0.8776,0.8299,0.9567,0.8531,0.8008,0.9664,0.9215,
Train1Val_Test,mean,bio_core_dna_prot,nt_v2_500m,esm1v_650m,Pure_XGBoost_Concat,0.9217,0.8665,0.842,0.9515,0.8541,0.8008,0.9687,0.927,
Train1Val_Test,mean,bio_core_dna_prot_spliceai_geom,nt_v2_500m,esm1b_650m,Pure_XGBoost_Concat,0.9231,0.9195,0.7859,0.9743,0.8475,0.8008,0.9701,0.9327,dna_LVD_Cosine+dna_LID+prot_LLR+prot_LVD_L2
Train1Val_Test,mean,bio_core_dna_prot_spliceai_geom,nt_v2_500m,esm1b_650m,Pure_XGBoost_Concat,0.9231,0.9256,0.7799,0.9766,0.8465,0.8008,0.9698,0.9322,dna_LLR+dna_LVD_L2+prot_LLR+prot_LVD_L2+prot_LVD_Cosine+prot_LID
Train1Val_Test,center,bio_core_dna_prot_spliceai,nt_v1_500m,esm1v_650m,Hybrid_Concat_XGBoost,0.9212,0.8587,0.8504,0.9477,0.8545,0.8006,0.9697,0.9263,
Train1Val_Test,mean,bio_core_dna_prot,nt_v3_650m,esm1v_650m,PyTorch_CrossAttn,0.9227,0.8975,0.8082,0.9655,0.8505,0.8006,0.9686,0.9225,
Train1Val_Test,mean,bio_core_dna_prot_spliceai,nt_v3_650m,esmc_600m,Hybrid_CrossAttn_XGBoost,0.9209,0.8538,0.8559,0.9452,0.8548,0.8005,0.9663,0.9286,
Train1Val_Test,mean,bio_core_dna_prot_spliceai,nt_v3_650m,esmc_600m,Hybrid_Gating_XGBoost,0.9211,0.8565,0.8528,0.9466,0.8546,0.8005,0.9659,0.9257,
Train1Val_Test,mean,bio_core_prot_spliceai,,esm1v_650m,PyTorch_Concat,0.9227,0.9013,0.804,0.9671,0.8499,0.8004,0.9685,0.9228,
Train1Val_Test,mean,bio_core_dna_prot_spliceai,nt_v1_500m,esm2_650m,Hybrid_Concat_XGBoost,0.9212,0.8596,0.8492,0.9482,0.8544,0.8004,0.9683,0.9323,
Train1Val_Test,mean,bio_core_dna_prot_spliceai_geom,nt_v2_500m,esm1b_650m,Pure_XGBoost_Concat,0.9229,0.9183,0.7865,0.9739,0.8473,0.8004,0.9693,0.9311,dna_LLR+dna_LID+prot_LLR+prot_LVD_Cosine
Train1Val_Test,mean,bio_core_dna_prot_spliceai_geom,nt_v2_500m,esm1b_650m,Pure_XGBoost_Concat,0.9229,0.9231,0.7817,0.9757,0.8465,0.8004,0.97,0.9312,dna_LLR+dna_LVD_Cosine+dna_LID+prot_LLR+prot_LVD_L2
Train1Val_Test,cls,bio_core_dna_prot_spliceai,nt_v2_500m,esm1b_650m,Hybrid_Concat_XGBoost,0.9211,0.8578,0.851,0.9473,0.8544,0.8003,0.9651,0.9225,
Train1Val_Test,center,bio_core_dna_prot_spliceai,nt_v1_500m,esm1v_650m,PyTorch_CrossAttn,0.9226,0.8959,0.8094,0.9648,0.8504,0.8002,0.9685,0.9293,
Train1Val_Test,cls,bio_core_dna_prot,nt_v1_500m,esm1v_650m,PyTorch_CrossAttn,0.9226,0.8975,0.8076,0.9655,0.8502,0.8002,0.9666,0.9241,
Train1Val_Test,mean,bio_core_prot_spliceai,,esm1v_650m,Pure_XGBoost_Concat,0.9216,0.8688,0.8384,0.9527,0.8533,0.8,0.969,0.9288,
Train1Val_Test,mean,bio_core_dna_prot_spliceai_geom,nt_v2_500m,esm1b_650m,Pure_XGBoost_Concat,0.9227,0.9224,0.7817,0.9754,0.8462,0.8,0.9694,0.932,dna_LLR+dna_LVD_Cosine+dna_LID+prot_LLR
Train1Val_Test,mean,bio_core_dna_prot_spliceai_geom,nt_v2_500m,esm1b_650m,Pure_XGBoost_Concat,0.9227,0.9165,0.7877,0.9732,0.8472,0.8,0.9687,0.9308,dna_LVD_L2+dna_LID+prot_LLR+prot_LVD_L2+prot_LVD_Cosine
Train1Val_Test,mean,bio_core_dna_prot_spliceai_geom,nt_v2_500m,esm1b_650m,Pure_XGBoost_Concat,0.9227,0.9194,0.7847,0.9743,0.8467,0.8,0.9692,0.9312,dna_LVD_Cosine+dna_LID+prot_LLR+prot_LVD_L2+prot_LVD_Cosine
Train1Val_Test,mean,bio_core_dna_prot_spliceai,nt_v3_650m,esm1v_650m,Pure_XGBoost_Concat,0.9216,0.8706,0.8359,0.9536,0.8529,0.7998,0.9685,0.9265,
Train1Val_Test,cls,bio_core_dna_prot_spliceai,nt_v3_650m,esm1b_650m,PyTorch_Concat,0.9226,0.9107,0.7931,0.9709,0.8478,0.7997,0.968,0.9272,
Train1Val_Test,mean,bio_core_dna_prot_spliceai,nt_v2_500m,esm1v_650m,Hybrid_Concat_XGBoost,0.9206,0.8528,0.8559,0.9448,0.8543,0.7997,0.9676,0.9208,
Train1Val_Test,mean,bio_core_dna_prot_spliceai_geom,nt_v2_500m,esm1b_650m,Pure_XGBoost_Concat,0.9226,0.9164,0.7871,0.9732,0.8469,0.7996,0.9685,0.9303,dna_LVD_L2+dna_LID+prot_LLR
Train1Val_Test,mean,bio_core_dna_prot_spliceai_geom,nt_v2_500m,esm1b_650m,Pure_XGBoost_Concat,0.9226,0.9218,0.7817,0.9752,0.846,0.7995,0.9695,0.931,dna_LLR+dna_LID+prot_LLR
Train1Val_Test,mean,bio_core_dna_prot_spliceai_geom,nt_v2_500m,esm1b_650m,Pure_XGBoost_Concat,0.9226,0.9206,0.7829,0.9748,0.8462,0.7995,0.9686,0.9311,dna_LVD_Cosine+dna_LID+prot_LLR
Train1Val_Test,mean,bio_core_dna_prot_spliceai_geom,nt_v2_500m,esm1b_650m,Pure_XGBoost_Concat,0.9226,0.9212,0.7823,0.975,0.8461,0.7995,0.9697,0.931,dna_LVD_L2+dna_LVD_Cosine+dna_LID+prot_LLR+prot_LVD_L2
Train1Val_Test,mean,bio_core_dna_prot_spliceai_geom,nt_v2_500m,esm1b_650m,Pure_XGBoost_Concat,0.9226,0.923,0.7805,0.9757,0.8458,0.7995,0.9696,0.9323,dna_LLR+dna_LVD_L2+dna_LVD_Cosine+dna_LID+prot_LLR+prot_LVD_L2
Train1Val_Test,mean,bio_core_dna_prot_spliceai,nt_v1_500m,esm2_650m,PyTorch_Concat,0.9224,0.9106,0.7925,0.9709,0.8475,0.7992,0.9693,0.9325,
Train1Val_Test,mean,bio_core_dna_prot_spliceai_geom,nt_v2_500m,esm1b_650m,Pure_XGBoost_Concat,0.9224,0.929,0.7738,0.9779,0.8444,0.7991,0.9708,0.9342,dna_LLR+dna_LVD_L2+prot_LLR+prot_LID
Train1Val_Test,mean,bio_core_dna_prot_spliceai_geom,nt_v2_500m,esm1b_650m,Pure_XGBoost_Concat,0.9224,0.929,0.7738,0.9779,0.8444,0.7991,0.9705,0.9331,dna_LLR+dna_LVD_L2+prot_LLR+prot_LVD_L2+prot_LID
Train1Val_Test,mean,bio_core_dna_prot_spliceai_geom,nt_v2_500m,esm1b_650m,Pure_XGBoost_Concat,0.9224,0.917,0.7859,0.9734,0.8464,0.7991,0.9695,0.9317,dna_LLR+dna_LVD_L2+dna_LVD_Cosine+dna_LID+prot_LLR+prot_LVD_Cosine
Train1Val_Test,mean,bio_core_dna_prot_spliceai_geom,nt_v2_500m,esm1b_650m,Pure_XGBoost_Concat,0.9224,0.9241,0.7786,0.9761,0.8452,0.7991,0.9698,0.9323,dna_LVD_L2+dna_LVD_Cosine+prot_LLR+prot_LVD_L2+prot_LVD_Cosine+prot_LID
Train1Val_Test,mean,bio_core_dna_prot_spliceai_geom,nt_v2_500m,esm1b_650m,Pure_XGBoost_Concat,0.9224,0.929,0.7738,0.9779,0.8444,0.7991,0.9689,0.9312,dna_LVD_L2+dna_LVD_Cosine+dna_LID+prot_LLR+prot_LVD_L2+prot_LVD_Cosine+prot_LID
Train1Val_Test,cls,bio_core_dna_prot,nt_v3_650m,esm1v_650m,Hybrid_CrossAttn_XGBoost,0.9204,0.8544,0.8528,0.9457,0.8536,0.799,0.9642,0.9199,
Train1Val_Test,cls,bio_core_dna_prot,nt_v3_650m,esm1v_650m,Hybrid_Gating_XGBoost,0.9204,0.8544,0.8528,0.9457,0.8536,0.799,0.9667,0.924,
Train1Val_Test,center,bio_core_dna_prot_spliceai,nt_v2_500m,esm1v_650m,PyTorch_Concat,0.9221,0.8999,0.8028,0.9666,0.8486,0.7987,0.9679,0.9284,
Train1Val_Test,mean,bio_core_dna_prot,nt_v3_650m,esm1v_650m,PyTorch_Gating,0.9219,0.8919,0.8112,0.9633,0.8497,0.7987,0.9694,0.9271,
Train1Val_Test,mean,bio_core_dna_prot_spliceai_geom,nt_v2_500m,esm1b_650m,Pure_XGBoost_Concat,0.9222,0.9277,0.7744,0.9775,0.8442,0.7987,0.9688,0.9303,dna_LLR+dna_LID+prot_LLR+prot_LID
Train1Val_Test,mean,bio_core_dna_prot_spliceai_geom,nt_v2_500m,esm1b_650m,Pure_XGBoost_Concat,0.9222,0.9315,0.7708,0.9788,0.8436,0.7987,0.9705,0.9333,dna_LVD_L2+prot_LLR+prot_LVD_Cosine+prot_LID
Train1Val_Test,mean,bio_core_dna_prot_spliceai_geom,nt_v2_500m,esm1b_650m,Pure_XGBoost_Concat,0.9222,0.9271,0.775,0.9772,0.8443,0.7987,0.9688,0.9314,dna_LLR+dna_LID+prot_LLR+prot_LVD_Cosine+prot_LID
Train1Val_Test,mean,bio_core_dna_prot_spliceai_geom,nt_v2_500m,esm1b_650m,Pure_XGBoost_Concat,0.9222,0.914,0.7883,0.9723,0.8465,0.7987,0.9687,0.9281,dna_LLR+dna_LVD_L2+dna_LID+prot_LLR+prot_LVD_L2+prot_LVD_Cosine
Train1Val_Test,mean,bio_core_dna_prot_spliceai_geom,nt_v2_500m,esm1b_650m,Pure_XGBoost_Concat,0.9222,0.9199,0.7823,0.9745,0.8455,0.7986,0.9695,0.9309,dna_LLR+dna_LVD_L2+dna_LID+prot_LLR+prot_LVD_L2
Train1Val_Test,mean,bio_core_dna_prot_spliceai_geom,nt_v2_500m,esm1b_650m,Pure_XGBoost_Concat,0.9222,0.9253,0.7768,0.9766,0.8446,0.7986,0.9695,0.9316,dna_LLR+dna_LVD_L2+dna_LVD_Cosine+dna_LID+prot_LLR+prot_LID
Train1Val_Test,cls,bio_core_dna_prot_spliceai,nt_v1_500m,esm1b_650m,Hybrid_Gating_XGBoost,0.9199,0.8495,0.8577,0.9432,0.8535,0.7985,0.9662,0.9249,
Train1Val_Test,mean,bio_core_dna_prot,nt_v1_500m,esm1v_650m,PyTorch_Concat,0.9217,0.8882,0.8148,0.9617,0.85,0.7985,0.9683,0.9236,
Train1Val_Test,center,bio_core_dna_prot_spliceai,nt_v1_500m,esm2_650m,PyTorch_Transformer,0.9219,0.9015,0.8004,0.9673,0.8479,0.7982,0.9711,0.9317,
Train1Val_Test,mean,bio_core_dna_prot_spliceai_geom,nt_v2_500m,esm1b_650m,Pure_XGBoost_Concat,0.9221,0.9246,0.7768,0.9763,0.8443,0.7982,0.97,0.9324,dna_LLR+dna_LVD_L2+dna_LVD_Cosine+prot_LLR+prot_LID
Train1Val_Test,mean,bio_core_dna_prot_spliceai,nt_v2_500m,esm2_650m,PyTorch_CrossAttn,0.9219,0.9042,0.7973,0.9684,0.8474,0.7981,0.9697,0.9331,
Train1Val_Test,cls,bio_core_prot_spliceai,,esm1v_650m,Hybrid_Concat_XGBoost,0.9199,0.8524,0.8534,0.9448,0.8529,0.7979,0.9651,0.9185,
Train1Val_Test,cls,bio_core_dna_prot_spliceai,nt_v1_500m,esm1b_650m,Hybrid_Transformer_XGBoost,0.9189,0.8388,0.8691,0.9376,0.8537,0.7979,0.966,0.9255,
Train1Val_Test,mean,bio_core_prot_spliceai,,esm1v_650m,Hybrid_Concat_XGBoost,0.9203,0.8582,0.8468,0.9477,0.8525,0.7979,0.9655,0.9191,
Train1Val_Test,mean,bio_core_dna_prot_spliceai_geom,nt_v2_500m,esm1b_650m,Pure_XGBoost_Concat,0.9219,0.9252,0.7756,0.9766,0.8438,0.7978,0.9703,0.9329,dna_LVD_Cosine+prot_LLR+prot_LID
Train1Val_Test,mean,bio_core_dna_prot_spliceai_geom,nt_v2_500m,esm1b_650m,Pure_XGBoost_Concat,0.9219,0.9264,0.7744,0.977,0.8436,0.7978,0.9699,0.9329,dna_LVD_Cosine+prot_LLR+prot_LVD_Cosine+prot_LID
Train1Val_Test,mean,bio_core_dna_prot_spliceai_geom,nt_v2_500m,esm1b_650m,Pure_XGBoost_Concat,0.9219,0.9246,0.7762,0.9763,0.8439,0.7978,0.9703,0.9332,dna_LVD_L2+prot_LLR+prot_LVD_L2+prot_LVD_Cosine+prot_LID
Train1Val_Test,mean,bio_core_dna_prot_spliceai,nt_v2_500m,esm1v_650m,Pure_XGBoost_Concat,0.9204,0.8623,0.842,0.9497,0.852,0.7977,0.9674,0.9262,
Train1Val_Test,cls,bio_core_dna_prot_spliceai,nt_v3_650m,esm1b_650m,Hybrid_Transformer_XGBoost,0.9199,0.8554,0.8492,0.9464,0.8523,0.7974,0.9668,0.9272,
Train1Val_Test,mean,bio_core_dna_prot_spliceai,nt_v2_500m,esm1v_650m,PyTorch_CrossAttn,0.9216,0.9019,0.7986,0.9675,0.8471,0.7973,0.9691,0.9249,
Train1Val_Test,mean,bio_core_dna_prot_spliceai_geom,nt_v2_500m,esm1b_650m,Pure_XGBoost_Concat,0.9217,0.9257,0.7744,0.9768,0.8433,0.7973,0.9705,0.9332,dna_LVD_L2+prot_LLR+prot_LVD_L2+prot_LID
Train1Val_Test,mean,bio_core_dna_prot_spliceai_geom,nt_v2_500m,esm1b_650m,Pure_XGBoost_Concat,0.9217,0.9197,0.7805,0.9745,0.8444,0.7973,0.9689,0.9299,dna_LLR+dna_LVD_L2+dna_LVD_Cosine+dna_LID+prot_LLR
Train1Val_Test,mean,bio_core_dna_prot_spliceai_geom,nt_v2_500m,esm1b_650m,Pure_XGBoost_Concat,0.9217,0.9209,0.7793,0.975,0.8442,0.7973,0.9698,0.9336,dna_LVD_L2+dna_LVD_Cosine+prot_LLR+prot_LVD_L2+prot_LID
Train1Val_Test,mean,bio_core_dna_prot_spliceai_geom,nt_v2_500m,esm1b_650m,Pure_XGBoost_Concat,0.9217,0.9257,0.7744,0.9768,0.8433,0.7973,0.9696,0.9316,dna_LLR+dna_LVD_Cosine+prot_LLR+prot_LVD_L2+prot_LVD_Cosine+prot_LID
Train1Val_Test,center,bio_core_dna_prot_spliceai,nt_v1_500m,esm1b_650m,PyTorch_Concat,0.9214,0.8959,0.8046,0.9651,0.8478,0.7971,0.9664,0.9252,
Train1Val_Test,center,bio_core_dna_prot_spliceai,nt_v1_500m,esm2_650m,PyTorch_Gating,0.9214,0.8954,0.8052,0.9648,0.8479,0.7971,0.9705,0.9302,
Train1Val_Test,mean,bio_core_dna_prot,nt_v1_500m,esm1v_650m,PyTorch_Transformer,0.9214,0.8959,0.8046,0.9651,0.8478,0.7971,0.9684,0.9246,
Train1Val_Test,cls,bio_core_prot_spliceai,,esm1b_650m,PyTorch_Concat,0.9214,0.9002,0.7998,0.9669,0.847,0.7969,0.9671,0.9229,
Train1Val_Test,center,bio_core_dna_prot_spliceai,nt_v1_500m,esm1b_650m,PyTorch_Gating,0.9214,0.9018,0.7979,0.9675,0.8467,0.7968,0.9703,0.9334,
Train1Val_Test,center,bio_core_dna_prot_spliceai,nt_v2_500m,esm2_650m,PyTorch_CrossAttn,0.9214,0.9029,0.7967,0.968,0.8465,0.7968,0.9689,0.9291,
Train1Val_Test,mean,bio_core_dna_prot,nt_v2_500m,esm1v_650m,PyTorch_Transformer,0.9214,0.9029,0.7967,0.968,0.8465,0.7968,0.9695,0.926,
Train1Val_Test,mean,bio_core_dna_prot_spliceai,nt_v3_650m,esm1v_650m,PyTorch_CrossAttn,0.9211,0.8879,0.8124,0.9617,0.8485,0.7967,0.9678,0.9206,
Train1Val_Test,mean,bio_core_dna_prot_spliceai,nt_v1_500m,esmc_600m,PyTorch_CrossAttn,0.9212,0.898,0.8016,0.966,0.847,0.7966,0.966,0.9278,
Train1Val_Test,mean,bio_core_dna_prot_spliceai,nt_v1_500m,esm2_650m,PyTorch_Transformer,0.9214,0.9172,0.7817,0.9736,0.844,0.7965,0.9668,0.9281,
Train1Val_Test,mean,bio_core_dna_prot_spliceai_geom,nt_v2_500m,esm1b_650m,Pure_XGBoost_Concat,0.9214,0.9256,0.7732,0.9768,0.8426,0.7965,0.9689,0.9315,dna_LVD_L2+dna_LID+prot_LLR+prot_LID
Train1Val_Test,mean,bio_core_dna_prot_spliceai_geom,nt_v2_500m,esm1b_650m,Pure_XGBoost_Concat,0.9214,0.925,0.7738,0.9766,0.8427,0.7965,0.969,0.9312,dna_LVD_Cosine+dna_LID+prot_LLR+prot_LID
Train1Val_Test,mean,bio_core_dna_prot_spliceai_geom,nt_v2_500m,esm1b_650m,Pure_XGBoost_Concat,0.9214,0.9256,0.7732,0.9768,0.8426,0.7965,0.9687,0.9317,dna_LVD_Cosine+dna_LID+prot_LLR+prot_LVD_L2+prot_LVD_Cosine+prot_LID
Train1Val_Test,mean,bio_core_dna_prot_spliceai_geom,nt_v2_500m,esm1b_650m,Pure_XGBoost_Concat,0.9214,0.9319,0.7672,0.979,0.8415,0.7965,0.9694,0.931,dna_LLR+dna_LVD_L2+dna_LID+prot_LLR+prot_LVD_L2+prot_LVD_Cosine+prot_LID
Train1Val_Test,cls,bio_core_dna_prot,nt_v3_650m,esm1v_650m,Hybrid_Concat_XGBoost,0.9193,0.8504,0.8534,0.9439,0.8519,0.7964,0.967,0.9245,
Train1Val_Test,cls,bio_core_dna_prot_spliceai,nt_v1_500m,esmc_600m,Hybrid_Concat_XGBoost,0.9196,0.8578,0.8444,0.9477,0.8511,0.7961,0.9625,0.9226,
Train1Val_Test,mean,bio_core_dna_prot_spliceai_geom,nt_v2_500m,esm1b_650m,Pure_XGBoost_Concat,0.9212,0.9219,0.7762,0.9754,0.8428,0.796,0.9699,0.9333,dna_LLR+prot_LLR+prot_LID
Train1Val_Test,mean,bio_core_dna_prot_spliceai_geom,nt_v2_500m,esm1b_650m,Pure_XGBoost_Concat,0.9212,0.9244,0.7738,0.9763,0.8424,0.796,0.9699,0.9328,dna_LLR+dna_LVD_Cosine+prot_LLR+prot_LID
Train1Val_Test,mean,bio_core_dna_prot_spliceai_geom,nt_v2_500m,esm1b_650m,Pure_XGBoost_Concat,0.9212,0.9231,0.775,0.9759,0.8426,0.796,0.9699,0.9327,dna_LLR+prot_LLR+prot_LVD_Cosine+prot_LID
Train1Val_Test,mean,bio_core_dna_prot_spliceai_geom,nt_v2_500m,esm1b_650m,Pure_XGBoost_Concat,0.9212,0.9225,0.7756,0.9757,0.8427,0.796,0.9689,0.9308,dna_LID+prot_LLR+prot_LVD_L2+prot_LID
Train1Val_Test,mean,bio_core_dna_prot_spliceai_geom,nt_v2_500m,esm1b_650m,Pure_XGBoost_Concat,0.9212,0.9262,0.772,0.977,0.8421,0.796,0.9699,0.9309,dna_LVD_Cosine+prot_LLR+prot_LVD_L2+prot_LVD_Cosine+prot_LID
Train1Val_Test,cls,bio_core_prot_spliceai,,esm1v_650m,Pure_XGBoost_Concat,0.9196,0.8592,0.8426,0.9484,0.8508,0.7959,0.9685,0.9252,
Train1Val_Test,mean,bio_core_dna_prot_spliceai_geom,nt_v2_500m,esm1b_650m,Pure_XGBoost_Concat,0.9211,0.928,0.7696,0.9777,0.8414,0.7956,0.9709,0.933,dna_LVD_Cosine+prot_LLR+prot_LVD_L2+prot_LID
Train1Val_Test,mean,bio_core_dna_prot_spliceai_geom,nt_v2_500m,esm1b_650m,Pure_XGBoost_Concat,0.9211,0.9268,0.7708,0.9772,0.8416,0.7956,0.97,0.9335,dna_LLR+dna_LVD_Cosine+prot_LLR+prot_LVD_Cosine+prot_LID
Train1Val_Test,cls,bio_core_dna_prot_spliceai,nt_v1_500m,esm2_650m,Pure_XGBoost_Concat,0.9193,0.8564,0.845,0.947,0.8506,0.7954,0.965,0.9213,
Train1Val_Test,mean,bio_core_dna_prot_spliceai_geom,nt_v2_500m,esm1b_650m,Pure_XGBoost_Concat,0.9209,0.9279,0.769,0.9777,0.841,0.7952,0.9704,0.9338,prot_LLR+prot_LVD_L2+prot_LID
Train1Val_Test,mean,bio_core_dna_prot_spliceai_geom,nt_v2_500m,esm1b_650m,Pure_XGBoost_Concat,0.9209,0.9255,0.7714,0.9768,0.8414,0.7952,0.9705,0.9328,dna_LLR+prot_LLR+prot_LVD_L2+prot_LID
Train1Val_Test,mean,bio_core_dna_prot_spliceai_geom,nt_v2_500m,esm1b_650m,Pure_XGBoost_Concat,0.9209,0.9286,0.7684,0.9779,0.8409,0.7952,0.9697,0.9308,dna_LID+prot_LLR+prot_LVD_Cosine+prot_LID
Train1Val_Test,cls,bio_core_prot_spliceai,,esm2_650m,Pure_XGBoost_Concat,0.9196,0.8645,0.8353,0.9511,0.8497,0.7951,0.9649,0.9214,
Train1Val_Test,mean,bio_core_dna_prot_spliceai,nt_v2_500m,esm1v_650m,PyTorch_Concat,0.9206,0.8919,0.8058,0.9635,0.8466,0.7951,0.9649,0.9209,
Train1Val_Test,mean,bio_core_dna_prot_spliceai_geom,nt_v2_500m,esm1b_650m,Pure_XGBoost_Concat,0.9209,0.9249,0.772,0.9766,0.8416,0.7951,0.9708,0.9339,dna_LVD_L2+dna_LVD_Cosine+prot_LLR+prot_LID
Train1Val_Test,mean,bio_core_dna_prot_spliceai_geom,nt_v2_500m,esm1b_650m,Pure_XGBoost_Concat,0.9209,0.9236,0.7732,0.9761,0.8418,0.7951,0.9697,0.9319,dna_LVD_L2+dna_LVD_Cosine+prot_LLR+prot_LVD_Cosine+prot_LID
Train1Val_Test,mean,bio_core_dna_prot_spliceai_geom,nt_v2_500m,esm1b_650m,Pure_XGBoost_Concat,0.9209,0.9206,0.7762,0.975,0.8423,0.7951,0.9698,0.9325,dna_LLR+dna_LVD_L2+dna_LVD_Cosine+prot_LLR+prot_LVD_L2+prot_LVD_Cosine+prot_LID
Train1Val_Test,cls,bio_core_dna_prot_spliceai,nt_v1_500m,esm1v_650m,Pure_XGBoost_Concat,0.9198,0.8688,0.8305,0.9531,0.8492,0.795,0.9684,0.9259,
Train1Val_Test,cls,bio_core_dna_prot,nt_v1_500m,esm1v_650m,Hybrid_Transformer_XGBoost,0.9186,0.8479,0.854,0.9428,0.851,0.795,0.9654,0.9218,
Train1Val_Test,mean,bio_core_dna_prot_spliceai,nt_v1_500m,esm2_650m,PyTorch_CrossAttn,0.9208,0.9094,0.7871,0.9707,0.8438,0.7948,0.9703,0.9356,
Train1Val_Test,cls,bio_core_dna_prot_spliceai,nt_v3_650m,esm1v_650m,Hybrid_Transformer_XGBoost,0.9183,0.8448,0.8571,0.9412,0.8509,0.7947,0.9646,0.9183,
Train1Val_Test,mean,bio_core_dna_prot_spliceai_geom,nt_v2_500m,esm1b_650m,Pure_XGBoost_Concat,0.9208,0.9236,0.7726,0.9761,0.8414,0.7947,0.9696,0.9325,prot_LLR+prot_LVD_Cosine+prot_LID
Train1Val_Test,mean,bio_core_dna_prot_spliceai_geom,nt_v2_500m,esm1b_650m,Pure_XGBoost_Concat,0.9208,0.9273,0.769,0.9775,0.8408,0.7947,0.9695,0.9321,dna_LLR+dna_LID+prot_LLR+prot_LVD_L2+prot_LID
Train1Val_Test,mean,bio_core_dna_prot_spliceai_geom,nt_v2_500m,esm1b_650m,Pure_XGBoost_Concat,0.9208,0.923,0.7732,0.9759,0.8415,0.7947,0.9687,0.9306,dna_LVD_L2+dna_LVD_Cosine+dna_LID+prot_LLR+prot_LID
Train1Val_Test,mean,bio_core_dna_prot_spliceai_geom,nt_v2_500m,esm1b_650m,Pure_XGBoost_Concat,0.9208,0.9242,0.772,0.9763,0.8413,0.7947,0.9693,0.9325,dna_LVD_Cosine+dna_LID+prot_LLR+prot_LVD_L2+prot_LID
Train1Val_Test,cls,bio_core_dna_prot_spliceai,nt_v3_650m,esmc_600m,PyTorch_Gating,0.9206,0.9015,0.7949,0.9675,0.8449,0.7946,0.9643,0.9259,
Train1Val_Test,cls,bio_core_dna_prot_spliceai,nt_v2_500m,esm1v_650m,Hybrid_Transformer_XGBoost,0.9181,0.8427,0.8595,0.94,0.851,0.7946,0.9656,0.9194,
Train1Val_Test,mean,bio_core_dna_prot,nt_v2_500m,esm1v_650m,PyTorch_Concat,0.9203,0.8886,0.8082,0.9621,0.8465,0.7944,0.9663,0.9213,
Train1Val_Test,mean,bio_core_dna_prot_spliceai_geom,nt_v2_500m,esm1b_650m,Pure_XGBoost_Concat,0.9206,0.9241,0.7714,0.9763,0.8409,0.7943,0.9682,0.9298,dna_LID+prot_LLR+prot_LID
Train1Val_Test,mean,bio_core_dna_prot_spliceai_geom,nt_v2_500m,esm1b_650m,Pure_XGBoost_Concat,0.9206,0.9205,0.775,0.975,0.8415,0.7943,0.969,0.9314,prot_LLR+prot_LVD_L2+prot_LVD_Cosine+prot_LID
Train1Val_Test,mean,bio_core_dna_prot_spliceai_geom,nt_v2_500m,esm1b_650m,Pure_XGBoost_Concat,0.9206,0.926,0.7696,0.977,0.8406,0.7943,0.9707,0.933,dna_LLR+prot_LLR+prot_LVD_L2+prot_LVD_Cosine+prot_LID
Train1Val_Test,mean,bio_core_dna_prot_spliceai_geom,nt_v2_500m,esm1b_650m,Pure_XGBoost_Concat,0.9206,0.9217,0.7738,0.9754,0.8413,0.7943,0.9686,0.9301,dna_LLR+dna_LVD_L2+dna_LID+prot_LLR+prot_LVD_Cosine+prot_LID
Train1Val_Test,cls,bio_core_dna_prot_spliceai,nt_v3_650m,esm1b_650m,Hybrid_Gating_XGBoost,0.9186,0.8534,0.8462,0.9457,0.8498,0.794,0.9658,0.922,
Train1Val_Test,mean,bio_core_dna_prot_spliceai,nt_v1_500m,esm1v_650m,Hybrid_Transformer_XGBoost,0.9181,0.8464,0.854,0.9421,0.8502,0.7939,0.9677,0.9223,
Train1Val_Test,mean,bio_geom_prot,nt_v3_650m,esm1b_650m,Pure_XGBoost_Concat,0.9204,0.9204,0.7744,0.975,0.8411,0.7938,0.9695,0.931,
Train1Val_Test,mean,bio_core_dna_prot_spliceai_geom,nt_v2_500m,esm1b_650m,Pure_XGBoost_Concat,0.9204,0.9247,0.7702,0.9766,0.8404,0.7938,0.9689,0.9315,dna_LVD_L2+dna_LID+prot_LLR+prot_LVD_L2+prot_LVD_Cosine+prot_LID
Train1Val_Test,cls,bio_dna_geom_prot,nt_v3_650m,esm1b_650m,Pure_XGBoost_Concat,0.9203,0.9115,0.7829,0.9716,0.8423,0.7935,0.968,0.9266,
Train1Val_Test,mean,bio_core_dna_prot_spliceai_geom,nt_v2_500m,esm1b_650m,Pure_XGBoost_Concat,0.9203,0.9259,0.7684,0.977,0.8398,0.7934,0.9684,0.9299,dna_LLR+dna_LVD_L2+dna_LID+prot_LLR+prot_LID
Train1Val_Test,center,bio_core_dna_prot_spliceai,nt_v1_500m,esm1b_650m,PyTorch_CrossAttn,0.9201,0.9035,0.7907,0.9684,0.8434,0.7932,0.969,0.9305,
Train1Val_Test,cls,bio_core_dna_prot,nt_v1_500m,esm1v_650m,PyTorch_Gating,0.9198,0.8899,0.8046,0.9628,0.8451,0.793,0.9687,0.9262,
Train1Val_Test,mean,bio_core_dna_prot_spliceai_geom,nt_v2_500m,esm1b_650m,Pure_XGBoost_Concat,0.9201,0.915,0.7786,0.973,0.8413,0.793,0.9693,0.9314,dna_LVD_L2+dna_LVD_Cosine+dna_LID+prot_LLR
Train1Val_Test,mean,bio_core_dna_prot_spliceai_geom,nt_v2_500m,esm1b_650m,Pure_XGBoost_Concat,0.9201,0.924,0.7696,0.9763,0.8397,0.793,0.9692,0.9299,dna_LVD_L2+dna_LID+prot_LLR+prot_LVD_Cosine+prot_LID
Train1Val_Test,mean,bio_core_dna_prot_spliceai_geom,nt_v2_500m,esm1b_650m,Pure_XGBoost_Concat,0.9201,0.924,0.7696,0.9763,0.8397,0.793,0.9688,0.931,dna_LLR+dna_LVD_L2+dna_LVD_Cosine+dna_LID+prot_LLR+prot_LVD_L2+prot_LID
Train1Val_Test,mean,bio_core_dna_prot_spliceai_geom,nt_v2_500m,esm1b_650m,Pure_XGBoost_Concat,0.9201,0.9161,0.7774,0.9734,0.8411,0.793,0.9662,0.9277,dna_LLR+dna_LVD_L2+dna_LVD_Cosine+dna_LID+prot_LLR+prot_LVD_Cosine+prot_LID
Train1Val_Test,mean,bio_core_dna_prot_spliceai_geom,nt_v2_500m,esm1b_650m,Pure_XGBoost_Concat,0.9201,0.9234,0.7702,0.9761,0.8399,0.7929,0.9689,0.9292,dna_LLR+dna_LVD_L2+dna_LID+prot_LLR+prot_LVD_L2+prot_LID
Train1Val_Test,mean,bio_core_dna_prot_spliceai_geom,nt_v2_500m,esm1b_650m,Pure_XGBoost_Concat,0.9201,0.9215,0.772,0.9754,0.8402,0.7929,0.968,0.9301,dna_LLR+dna_LVD_Cosine+dna_LID+prot_LLR+prot_LVD_L2+prot_LVD_Cosine+prot_LID
Train1Val_Test,cls,bio_core_dna_prot_spliceai,nt_v2_500m,esm1b_650m,Hybrid_CrossAttn_XGBoost,0.918,0.8505,0.8474,0.9443,0.8489,0.7926,0.9645,0.917,
Train1Val_Test,cls,bio_core_dna_prot,nt_v1_500m,esm1v_650m,Hybrid_Gating_XGBoost,0.9175,0.8435,0.8552,0.9407,0.8494,0.7926,0.9667,0.9217,
Train1Val_Test,mean,bio_core_dna_prot_spliceai_geom,nt_v2_500m,esm1b_650m,Pure_XGBoost_Concat,0.9199,0.9251,0.7678,0.9768,0.8392,0.7925,0.9696,0.9306,prot_LLR+prot_LID
Train1Val_Test,mean,bio_core_dna_prot_spliceai_geom,nt_v2_500m,esm1b_650m,Pure_XGBoost_Concat,0.9199,0.9245,0.7684,0.9766,0.8393,0.7925,0.9691,0.9318,dna_LVD_L2+dna_LID+prot_LLR+prot_LVD_L2+prot_LID
Train1Val_Test,mean,bio_core_dna_prot_spliceai_geom,nt_v2_500m,esm1b_650m,Pure_XGBoost_Concat,0.9199,0.927,0.766,0.9775,0.8388,0.7925,0.9687,0.9307,dna_LLR+dna_LVD_Cosine+dna_LID+prot_LLR+prot_LVD_Cosine+prot_LID
Train1Val_Test,cls,bio_core_dna_prot_spliceai,nt_v1_500m,esm1v_650m,Hybrid_Concat_XGBoost,0.918,0.8526,0.8444,0.9455,0.8485,0.7923,0.9643,0.919,
Train1Val_Test,cls,bio_core_dna_prot_spliceai,nt_v2_500m,esm2_650m,Pure_XGBoost_Concat,0.9185,0.8617,0.8341,0.95,0.8477,0.7922,0.9667,0.9243,
Train1Val_Test,cls,bio_core_dna_prot_spliceai,nt_v3_650m,esm1v_650m,Hybrid_Gating_XGBoost,0.9176,0.8482,0.8492,0.9432,0.8487,0.7921,0.9644,0.9185,
Train1Val_Test,mean,bio_core_dna_prot_spliceai_geom,nt_v2_500m,esm1b_650m,Pure_XGBoost_Concat,0.9198,0.9148,0.7774,0.973,0.8406,0.7921,0.9693,0.9314,dna_LLR+dna_LVD_L2+dna_LID+prot_LLR+prot_LVD_Cosine
Train1Val_Test,mean,bio_core_dna_prot_spliceai,nt_v1_500m,esm1v_650m,PyTorch_Gating,0.9196,0.9005,0.7919,0.9673,0.8427,0.792,0.969,0.9242,
Train1Val_Test,mean,bio_core_dna_prot_spliceai,nt_v1_500m,esmc_600m,PyTorch_Gating,0.9194,0.8951,0.7973,0.9651,0.8434,0.7918,0.9645,0.9265,
Train1Val_Test,cls,bio_core_dna_prot_spliceai,nt_v2_500m,esm1b_650m,PyTorch_Concat,0.9193,0.8908,0.8016,0.9633,0.8438,0.7916,0.9671,0.9229,
Train1Val_Test,cls,bio_core_dna_prot_spliceai,nt_v3_650m,esm1v_650m,Hybrid_CrossAttn_XGBoost,0.9173,0.8463,0.8504,0.9423,0.8484,0.7915,0.9641,0.9178,
Train1Val_Test,mean,bio_core_dna_prot,nt_v2_500m,esm1v_650m,PyTorch_Gating,0.9194,0.9049,0.7865,0.9691,0.8416,0.7914,0.9679,0.9225,
Train1Val_Test,cls,bio_core_dna_prot_spliceai,nt_v1_500m,esmc_600m,Hybrid_CrossAttn_XGBoost,0.9178,0.8556,0.8396,0.947,0.8475,0.7913,0.9616,0.9159,
Train1Val_Test,mean,bio_core_dna_prot_spliceai,nt_v1_500m,esm1v_650m,PyTorch_Transformer,0.9194,0.9066,0.7847,0.9698,0.8413,0.7913,0.9694,0.9237,
Train1Val_Test,mean,bio_core_dna_prot_spliceai_geom,nt_v2_500m,esm1b_650m,Pure_XGBoost_Concat,0.9194,0.9124,0.7786,0.9721,0.8402,0.7912,0.9659,0.9241,dna_LID+prot_LLR+prot_LVD_L2+prot_LVD_Cosine+prot_LID
Train1Val_Test,mean,bio_core_dna_prot_spliceai_geom,nt_v2_500m,esm1b_650m,Pure_XGBoost_Concat,0.9194,0.9183,0.7726,0.9743,0.8392,0.7912,0.9688,0.9296,dna_LVD_L2+dna_LVD_Cosine+dna_LID+prot_LLR+prot_LVD_Cosine+prot_LID
Train1Val_Test,mean,bio_core_dna_prot_spliceai_geom,nt_v2_500m,esm1b_650m,Pure_XGBoost_Concat,0.9194,0.9244,0.7666,0.9766,0.8381,0.7912,0.9694,0.9315,dna_LLR+dna_LVD_L2+dna_LVD_Cosine+dna_LID+prot_LLR+prot_LVD_L2+prot_LVD_Cosine+prot_LID
Train1Val_Test,cls,bio_core_dna_prot_spliceai,nt_v3_650m,esm2_650m,Pure_XGBoost_Concat,0.9175,0.8523,0.8426,0.9455,0.8474,0.7909,0.9655,0.9236,
Train1Val_Test,cls,bio_core_dna_prot,nt_v1_500m,esm1v_650m,Pure_XGBoost_Concat,0.918,0.8614,0.8323,0.95,0.8466,0.7909,0.9675,0.9248,
Train1Val_Test,cls,bio_core_dna_prot,nt_v3_650m,esm1v_650m,Pure_XGBoost_Concat,0.9178,0.8591,0.8347,0.9488,0.8467,0.7908,0.9675,0.9232,
Train1Val_Test,mean,bio_core_dna_prot_spliceai,nt_v1_500m,esm1v_650m,Hybrid_Gating_XGBoost,0.917,0.8453,0.8504,0.9419,0.8479,0.7908,0.9659,0.922,
Train1Val_Test,mean,bio_core_dna_prot_spliceai_geom,nt_v2_500m,esm1b_650m,Pure_XGBoost_Concat,0.9193,0.9129,0.7774,0.9723,0.8397,0.7908,0.9665,0.9262,dna_LLR+dna_LVD_Cosine+dna_LID+prot_LLR+prot_LID
Train1Val_Test,cls,bio_core_dna_prot_spliceai,nt_v3_650m,esm2_650m,PyTorch_Gating,0.9188,0.8843,0.807,0.9606,0.8439,0.7907,0.9642,0.9215,
Train1Val_Test,cls,bio_core_dna_prot_spliceai,nt_v3_650m,esmc_600m,Hybrid_Transformer_XGBoost,0.9167,0.8414,0.8546,0.9398,0.848,0.7906,0.9607,0.9155,
Train1Val_Test,cls,bio_core_dna_prot_spliceai,nt_v2_500m,esm1v_650m,Hybrid_Concat_XGBoost,0.9171,0.8488,0.8462,0.9437,0.8475,0.7906,0.9632,0.9134,
Train1Val_Test,cls,bio_core_dna_prot,nt_v1_500m,esm1v_650m,PyTorch_Concat,0.9188,0.8874,0.8034,0.9619,0.8433,0.7905,0.9642,0.9206,
Train1Val_Test,cls,bio_core_dna_prot_spliceai,nt_v2_500m,esm1v_650m,Pure_XGBoost_Concat,0.9176,0.8586,0.8347,0.9486,0.8465,0.7904,0.9676,0.9243,
Train1Val_Test,cls,bio_core_dna_prot,nt_v2_500m,esm1v_650m,Hybrid_Concat_XGBoost,0.9173,0.8527,0.8414,0.9457,0.847,0.7904,0.9663,0.9208,
Train1Val_Test,cls,bio_core_dna_prot_spliceai,nt_v3_650m,esmc_600m,PyTorch_Concat,0.9189,0.8986,0.7913,0.9666,0.8416,0.7903,0.9657,0.9229,
Train1Val_Test,mean,bio_core_dna_prot_spliceai_geom,nt_v2_500m,esm1b_650m,Pure_XGBoost_Concat,0.9191,0.9188,0.7708,0.9745,0.8383,0.7903,0.9665,0.9276,dna_LVD_Cosine+dna_LID+prot_LLR+prot_LVD_Cosine+prot_LID
Train1Val_Test,cls,bio_core_dna_prot,nt_v3_650m,esm1v_650m,Hybrid_Transformer_XGBoost,0.9165,0.8414,0.854,0.9398,0.8477,0.7902,0.9659,0.9209,
Train1Val_Test,mean,bio_core_dna_prot_spliceai,nt_v1_500m,esm1v_650m,PyTorch_Concat,0.9188,0.8911,0.7992,0.9635,0.8426,0.7902,0.9675,0.9205,
Train1Val_Test,mean,bio_core_dna_prot_spliceai,nt_v3_650m,esm1v_650m,PyTorch_Gating,0.9189,0.9003,0.7895,0.9673,0.8413,0.7902,0.9692,0.9241,
Train1Val_Test,cls,bio_dna_geom,nt_v3_650m,esm1b_650m,Pure_XGBoost_Concat,0.9188,0.9013,0.7877,0.9678,0.8407,0.7897,0.9658,0.9232,
Train1Val_Test,cls,bio_core_dna_prot_spliceai,nt_v2_500m,esm1b_650m,PyTorch_Transformer,0.9188,0.9035,0.7853,0.9687,0.8403,0.7897,0.9648,0.9195,
Train1Val_Test,cls,bio_core_dna_prot_spliceai,nt_v3_650m,esmc_600m,Hybrid_Gating_XGBoost,0.9168,0.8494,0.8438,0.9441,0.8466,0.7895,0.9605,0.9163,
Train1Val_Test,cls,bio_core_dna_prot_spliceai,nt_v1_500m,esm1v_650m,PyTorch_Gating,0.9185,0.8957,0.7925,0.9655,0.841,0.7891,0.9663,0.9226,
Train1Val_Test,mean,bio_dna_geom,nt_v3_650m,esm1b_650m,Pure_XGBoost_Concat,0.9186,0.915,0.7726,0.9732,0.8378,0.789,0.967,0.9234,
Train1Val_Test,mean,bio_core_dna_prot_spliceai,nt_v1_500m,esmc_600m,PyTorch_Transformer,0.9186,0.9162,0.7714,0.9736,0.8376,0.789,0.9667,0.9299,
Train1Val_Test,cls,bio_core_dna_prot_spliceai,nt_v3_650m,esm1v_650m,PyTorch_Concat,0.9181,0.8845,0.804,0.9608,0.8423,0.7889,0.967,0.9222,
Train1Val_Test,cls,bio_core_dna_prot_spliceai,nt_v2_500m,esmc_600m,Hybrid_CrossAttn_XGBoost,0.9165,0.8475,0.845,0.9432,0.8463,0.7889,0.9604,0.9122,
Train1Val_Test,cls,bio_core_dna_prot_spliceai,nt_v1_500m,esmc_600m,Hybrid_Transformer_XGBoost,0.9165,0.8497,0.842,0.9443,0.8458,0.7886,0.9606,0.9158,
Train1Val_Test,cls,bio_geom,nt_v3_650m,esm1b_650m,Pure_XGBoost_Concat,0.9183,0.9045,0.7823,0.9691,0.8389,0.7883,0.9663,0.9249,
Train1Val_Test,cls,bio_core_dna_prot_spliceai,nt_v1_500m,esm1v_650m,Hybrid_CrossAttn_XGBoost,0.916,0.8435,0.8486,0.9412,0.8461,0.7883,0.9637,0.9164,
Train1Val_Test,cls,bio_core_dna_prot_spliceai,nt_v1_500m,esm1v_650m,Hybrid_Transformer_XGBoost,0.9153,0.8371,0.8552,0.9378,0.8461,0.7878,0.966,0.9217,
Train1Val_Test,cls,bio_core_dna_prot_spliceai,nt_v2_500m,esm1v_650m,PyTorch_CrossAttn,0.9171,0.8679,0.8203,0.9533,0.8434,0.7877,0.9651,0.9177,
Train1Val_Test,mean,bio_core_dna_prot_spliceai_geom,nt_v2_500m,esm1b_650m,Pure_XGBoost_Concat,0.9181,0.916,0.7696,0.9736,0.8364,0.7877,0.9659,0.927,dna_LLR+dna_LID+prot_LLR+prot_LVD_L2+prot_LVD_Cosine+prot_LID
Train1Val_Test,mean,bio_core_dna_prot_spliceai_geom,nt_v2_500m,esm1b_650m,Pure_XGBoost_Concat,0.9181,0.9119,0.7738,0.9721,0.8372,0.7877,0.9667,0.9274,dna_LVD_L2+dna_LVD_Cosine+dna_LID+prot_LLR+prot_LVD_L2+prot_LID
Train1Val_Test,cls,bio_core_dna_prot_spliceai,nt_v1_500m,esm2_650m,Hybrid_CrossAttn_XGBoost,0.9163,0.8543,0.8347,0.9468,0.8444,0.7873,0.9587,0.9127,
Train1Val_Test,mean,bio_core_dna_prot_spliceai,nt_v1_500m,esmc_600m,PyTorch_Concat,0.918,0.9083,0.7768,0.9707,0.8375,0.7873,0.9643,0.9269,
Train1Val_Test,cls,bio_core_dna_prot_spliceai,nt_v3_650m,esmc_600m,PyTorch_Transformer,0.9178,0.8976,0.7877,0.9664,0.8391,0.7872,0.9634,0.9223,
Train1Val_Test,cls,bio_core_dna_prot_spliceai,nt_v2_500m,esm1v_650m,Hybrid_Gating_XGBoost,0.9157,0.8454,0.8444,0.9423,0.8449,0.787,0.9629,0.9141,
Train1Val_Test,cls,bio_geom_prot,nt_v3_650m,esm1b_650m,Pure_XGBoost_Concat,0.9178,0.9054,0.7793,0.9696,0.8376,0.7869,0.9678,0.9244,
Train1Val_Test,center,bio_core_dna_prot_spliceai,nt_v1_500m,esm2_650m,PyTorch_CrossAttn,0.9178,0.9165,0.7678,0.9739,0.8356,0.7868,0.9703,0.9305,
Train1Val_Test,cls,bio_core_dna_prot,nt_v3_650m,esm1v_650m,PyTorch_Gating,0.9176,0.8959,0.7889,0.9657,0.839,0.7868,0.967,0.9221,
Train1Val_Test,mean,bio_core_dna_prot_spliceai,nt_v3_650m,esm1v_650m,PyTorch_Concat,0.9176,0.8997,0.7847,0.9673,0.8383,0.7867,0.9678,0.9234,
Train1Val_Test,mean,bio_core_dna_prot_spliceai,nt_v2_500m,esm1v_650m,PyTorch_Transformer,0.916,0.8537,0.8341,0.9466,0.8438,0.7865,0.963,0.9101,
Train1Val_Test,cls,bio_core_prot_spliceai,,esm2_650m,Hybrid_Concat_XGBoost,0.916,0.8541,0.8335,0.9468,0.8437,0.7864,0.9611,0.9137,
Train1Val_Test,mean,bio_core_dna_prot,nt_v1_500m,esm1v_650m,PyTorch_CrossAttn,0.9175,0.8953,0.7889,0.9655,0.8387,0.7864,0.9667,0.9198,
Train1Val_Test,cls,bio_core_dna_prot_spliceai,nt_v3_650m,esmc_600m,Hybrid_Concat_XGBoost,0.916,0.8546,0.8329,0.947,0.8436,0.7863,0.9611,0.9184,
Train1Val_Test,cls,bio_core_dna_prot,nt_v3_650m,esm1v_650m,PyTorch_Transformer,0.9173,0.8893,0.7949,0.963,0.8395,0.7863,0.9661,0.9206,
Train1Val_Test,mean,bio_core_dna_prot_spliceai,nt_v3_650m,esm1v_650m,PyTorch_Transformer,0.9173,0.8915,0.7925,0.9639,0.8391,0.7862,0.9672,0.924,
Train1Val_Test,mean,bio_geom,nt_v3_650m,esm1b_650m,Pure_XGBoost_Concat,0.9175,0.9047,0.7786,0.9693,0.837,0.7861,0.9663,0.9239,
Train1Val_Test,cls,bio_core_dna_prot_spliceai,nt_v3_650m,esm2_650m,PyTorch_Transformer,0.9163,0.8651,0.8203,0.9522,0.8421,0.7858,0.9615,0.9151,
Train1Val_Test,cls,bio_core_dna_prot_spliceai,nt_v3_650m,esm1v_650m,PyTorch_CrossAttn,0.9165,0.8728,0.8112,0.9558,0.8409,0.7853,0.9646,0.9198,
Train1Val_Test,cls,bio_core_dna_prot,nt_v2_500m,esm1v_650m,Hybrid_Gating_XGBoost,0.9145,0.8374,0.851,0.9382,0.8442,0.7853,0.9646,0.9193,
Train1Val_Test,center,bio_core_dna_prot_spliceai,nt_v1_500m,esm2_650m,PyTorch_Concat,0.9171,0.9063,0.7756,0.97,0.8359,0.7851,0.9693,0.93,
Train1Val_Test,cls,bio_core_dna_prot_spliceai,nt_v3_650m,esm2_650m,Hybrid_Concat_XGBoost,0.9158,0.8594,0.8257,0.9495,0.8422,0.7851,0.9595,0.9139,
Train1Val_Test,cls,bio_core_dna_prot_spliceai,nt_v1_500m,esm1v_650m,Hybrid_Gating_XGBoost,0.9144,0.8369,0.851,0.938,0.8439,0.7849,0.9638,0.9151,
Train1Val_Test,cls,bio_core_dna_prot,nt_v2_500m,esm1v_650m,Pure_XGBoost_Concat,0.9157,0.8584,0.8263,0.9491,0.842,0.7848,0.9674,0.9249,
Train1Val_Test,cls,bio_core_dna_prot_spliceai,nt_v2_500m,esm1v_650m,Hybrid_CrossAttn_XGBoost,0.9142,0.836,0.8516,0.9376,0.8437,0.7847,0.9637,0.9133,
Train1Val_Test,cls,bio_core_dna_prot_spliceai,nt_v1_500m,esmc_600m,Hybrid_Gating_XGBoost,0.9145,0.8431,0.8426,0.9414,0.8428,0.7841,0.96,0.9122,
Train1Val_Test,cls,bio_core_dna_prot_spliceai,nt_v2_500m,esmc_600m,Hybrid_Concat_XGBoost,0.9147,0.8465,0.8384,0.9432,0.8424,0.784,0.9611,0.9162,
Train1Val_Test,cls,bio_core_dna_prot_spliceai,nt_v3_650m,esm1v_650m,Pure_XGBoost_Concat,0.9147,0.8487,0.8353,0.9443,0.8419,0.7836,0.9667,0.9229,
Train1Val_Test,cls,bio_core_dna_prot_spliceai,nt_v1_500m,esm2_650m,Hybrid_Concat_XGBoost,0.9137,0.8353,0.8504,0.9373,0.8428,0.7834,0.9593,0.913,
Train1Val_Test,cls,bio_core_dna_prot_spliceai,nt_v1_500m,esm2_650m,Hybrid_Transformer_XGBoost,0.9147,0.8499,0.8335,0.945,0.8417,0.7833,0.9609,0.9134,
Train1Val_Test,cls,bio_core_dna_prot,nt_v2_500m,esm1v_650m,PyTorch_Gating,0.916,0.8861,0.7931,0.9619,0.837,0.7829,0.9653,0.9168,
Train1Val_Test,mean,bio_core_dna_prot_spliceai_geom,nt_v2_500m,esm1b_650m,Pure_XGBoost_Concat,0.9163,0.9106,0.7678,0.9718,0.8331,0.7829,0.9658,0.9254,dna_LLR+dna_LVD_Cosine+dna_LID+prot_LLR+prot_LVD_L2+prot_LID
Train1Val_Test,cls,bio_core_dna_prot_spliceai,nt_v2_500m,esm2_650m,Hybrid_Concat_XGBoost,0.914,0.8432,0.8402,0.9416,0.8417,0.7827,0.9585,0.9109,
Train1Val_Test,mean,bio_core_dna_prot_spliceai_geom,nt_v2_500m,esm1b_650m,Pure_XGBoost_Concat,0.916,0.9213,0.7557,0.9759,0.8304,0.782,0.9663,0.9238,dna_LVD_L2+dna_LVD_Cosine+dna_LID+prot_LVD_L2+prot_LVD_Cosine
Train1Val_Test,cls,bio_core_dna_prot_spliceai,nt_v3_650m,esm2_650m,PyTorch_CrossAttn,0.915,0.8682,0.8106,0.954,0.8384,0.7817,0.9601,0.9105,
Train1Val_Test,cls,bio_core_dna_prot_spliceai,nt_v3_650m,esmc_600m,Hybrid_CrossAttn_XGBoost,0.913,0.8353,0.8474,0.9376,0.8413,0.7815,0.9616,0.9163,
Train1Val_Test,mean,bio_core_dna_prot_spliceai_geom,nt_v2_500m,esm1b_650m,Pure_XGBoost_Concat,0.9158,0.917,0.7593,0.9743,0.8307,0.7815,0.9655,0.9218,dna_LLR+dna_LVD_Cosine+dna_LID+prot_LVD_L2
Train1Val_Test,cls,bio_core_dna_prot_spliceai,nt_v1_500m,esmc_600m,PyTorch_Gating,0.9153,0.8922,0.7835,0.9646,0.8343,0.7807,0.9615,0.9185,
Train1Val_Test,mean,bio_core_dna_prot_spliceai_geom,nt_v2_500m,esm1b_650m,Pure_XGBoost_Concat,0.9155,0.9156,0.7593,0.9739,0.8302,0.7806,0.9659,0.9224,dna_LVD_L2+dna_LVD_Cosine+dna_LID
Train1Val_Test,mean,bio_core_dna_prot_spliceai_geom,nt_v2_500m,esm1b_650m,Pure_XGBoost_Concat,0.9155,0.9168,0.7581,0.9743,0.83,0.7806,0.9647,0.9214,dna_LLR+dna_LVD_L2+dna_LVD_Cosine+dna_LID
Train1Val_Test,cls,bio_core_dna_prot_spliceai,nt_v3_650m,esm1v_650m,PyTorch_Gating,0.9152,0.8873,0.7883,0.9626,0.8349,0.7805,0.9629,0.9117,
Train1Val_Test,cls,bio_core_dna_prot_spliceai,nt_v2_500m,esmc_600m,PyTorch_CrossAttn,0.9148,0.8754,0.801,0.9574,0.8365,0.7805,0.9562,0.9079,
Train1Val_Test,mean,bio_core_dna_prot_spliceai_geom,nt_v2_500m,esm1b_650m,Pure_XGBoost_Concat,0.9153,0.9156,0.7587,0.9739,0.8298,0.7802,0.9647,0.9215,dna_LLR+dna_LVD_Cosine+dna_LID
Train1Val_Test,cls,bio_core_dna_prot,nt_v2_500m,esm1v_650m,PyTorch_Concat,0.9147,0.8783,0.7967,0.9588,0.8355,0.7798,0.9649,0.9172,
Train1Val_Test,mean,bio_core_dna_prot_spliceai_geom,nt_v2_500m,esm1b_650m,Pure_XGBoost_Concat,0.9152,0.9149,0.7587,0.9736,0.8295,0.7797,0.9653,0.9233,dna_LID+prot_LVD_L2+prot_LVD_Cosine
Train1Val_Test,cls,bio_core_prot_spliceai,,esm1v_650m,PyTorch_Concat,0.9145,0.8833,0.7901,0.961,0.8341,0.779,0.9634,0.92,
Train1Val_Test,mean,bio_core_dna_prot_spliceai_geom,nt_v2_500m,esm1b_650m,Pure_XGBoost_Concat,0.9148,0.9136,0.7587,0.9732,0.829,0.7789,0.9655,0.923,dna_LID+prot_LVD_L2
Train1Val_Test,cls,bio_core_dna_prot_spliceai,nt_v2_500m,esmc_600m,Hybrid_Gating_XGBoost,0.9117,0.8306,0.8486,0.9353,0.8395,0.7787,0.9586,0.9111,
Train1Val_Test,cls,bio_core_dna_prot_spliceai,nt_v1_500m,esm1v_650m,PyTorch_Concat,0.9144,0.8864,0.7859,0.9624,0.8331,0.7783,0.9624,0.9152,
Train1Val_Test,cls,bio_core_dna_prot_spliceai,nt_v1_500m,esm2_650m,Hybrid_Gating_XGBoost,0.9116,0.8309,0.8474,0.9355,0.8391,0.7782,0.9586,0.9125,
Train1Val_Test,cls,bio_core_dna_prot_spliceai,nt_v1_500m,esm1v_650m,PyTorch_Transformer,0.9144,0.8917,0.7799,0.9646,0.832,0.7781,0.9662,0.9206,
Train1Val_Test,cls,bio_core_dna_prot_spliceai,nt_v2_500m,esmc_600m,Hybrid_Transformer_XGBoost,0.9126,0.8449,0.8311,0.943,0.8379,0.7781,0.9586,0.9118,
Train1Val_Test,mean,bio_core_dna_prot_spliceai_geom,nt_v2_500m,esm1b_650m,Pure_XGBoost_Concat,0.9145,0.9105,0.7606,0.9721,0.8288,0.778,0.9655,0.9213,dna_LVD_L2+dna_LID+prot_LVD_L2
Train1Val_Test,cls,bio_core_dna_prot,nt_v3_650m,esm1v_650m,PyTorch_CrossAttn,0.9135,0.8684,0.804,0.9545,0.835,0.7776,0.9608,0.9161,
Train1Val_Test,mean,bio_core_dna_prot_spliceai_geom,nt_v2_500m,esm1b_650m,Pure_XGBoost_Concat,0.9144,0.917,0.7533,0.9745,0.8272,0.7775,0.9654,0.921,dna_LLR+dna_LID
Train1Val_Test,mean,bio_core_dna_prot_spliceai_geom,nt_v2_500m,esm1b_650m,Pure_XGBoost_Concat,0.9144,0.9164,0.7539,0.9743,0.8273,0.7775,0.9661,0.9243,dna_LLR+dna_LVD_L2+dna_LID
Train1Val_Test,cls,bio_core_dna_prot_spliceai,nt_v3_650m,esm2_650m,PyTorch_Concat,0.9142,0.9045,0.7654,0.9698,0.8291,0.7772,0.9627,0.9169,
Train1Val_Test,cls,bio_core_dna_prot_spliceai,nt_v3_650m,esm2_650m,Hybrid_CrossAttn_XGBoost,0.9119,0.8399,0.8353,0.9405,0.8376,0.7772,0.9592,0.912,
Train1Val_Test,cls,bio_core_dna_prot_spliceai,nt_v1_500m,esm2_650m,PyTorch_Gating,0.9142,0.9068,0.763,0.9707,0.8287,0.7771,0.9635,0.9197,
Train1Val_Test,mean,bio_core_dna_prot_spliceai_geom,nt_v2_500m,esm1b_650m,Pure_XGBoost_Concat,0.9142,0.9164,0.7533,0.9743,0.8269,0.7771,0.9668,0.9244,dna_LVD_Cosine+dna_LID
Train1Val_Test,mean,bio_core_dna_prot_spliceai_geom,nt_v2_500m,esm1b_650m,Pure_XGBoost_Concat,0.9142,0.9133,0.7563,0.9732,0.8274,0.7771,0.9655,0.9231,dna_LVD_Cosine+dna_LID+prot_LVD_L2
Train1Val_Test,mean,bio_core_dna_prot_spliceai_geom,nt_v2_500m,esm1b_650m,Pure_XGBoost_Concat,0.9142,0.9109,0.7587,0.9723,0.8279,0.7771,0.9648,0.9208,dna_LVD_Cosine+dna_LID+prot_LVD_Cosine
Train1Val_Test,mean,bio_core_dna_prot_spliceai_geom,nt_v2_500m,esm1b_650m,Pure_XGBoost_Concat,0.9142,0.9158,0.7539,0.9741,0.827,0.7771,0.9654,0.9229,dna_LVD_Cosine+dna_LID+prot_LVD_L2+prot_LVD_Cosine
Train1Val_Test,cls,bio_core_dna_prot_spliceai,nt_v3_650m,esm2_650m,Hybrid_Transformer_XGBoost,0.9119,0.8407,0.8341,0.941,0.8374,0.777,0.9591,0.9113,
Train1Val_Test,cls,bio_core_dna_prot_spliceai,nt_v1_500m,esm2_650m,PyTorch_CrossAttn,0.9137,0.8877,0.7817,0.963,0.8313,0.7765,0.9616,0.9175,
Train1Val_Test,mean,bio_core_dna_prot_spliceai_geom,nt_v2_500m,esm1b_650m,Pure_XGBoost_Concat,0.9139,0.9067,0.7618,0.9707,0.8279,0.7763,0.9651,0.9224,dna_LLR+dna_LVD_Cosine+dna_LID+prot_LVD_L2+prot_LVD_Cosine
Train1Val_Test,cls,bio_core_dna_prot,nt_v2_500m,esm1v_650m,PyTorch_Transformer,0.9137,0.8931,0.7756,0.9653,0.8302,0.7762,0.965,0.9172,
Train1Val_Test,mean,bio_core_dna_prot_spliceai_geom,nt_v2_500m,esm1b_650m,Pure_XGBoost_Concat,0.9139,0.9126,0.7557,0.973,0.8268,0.7762,0.9648,0.9224,dna_LLR+dna_LID+prot_LVD_L2
Train1Val_Test,mean,bio_core_dna_prot_spliceai_geom,nt_v2_500m,esm1b_650m,Pure_XGBoost_Concat,0.9139,0.9144,0.7539,0.9736,0.8264,0.7762,0.9654,0.9211,dna_LLR+dna_LVD_L2+dna_LID+prot_LVD_L2
Train1Val_Test,mean,bio_core_dna_prot_spliceai_geom,nt_v2_500m,esm1b_650m,Pure_XGBoost_Concat,0.9137,0.9125,0.7551,0.973,0.8264,0.7758,0.9645,0.9213,dna_LLR+dna_LVD_L2+dna_LVD_Cosine+dna_LID+prot_LVD_L2
Train1Val_Test,cls,bio_core_dna_prot_spliceai,nt_v2_500m,esm2_650m,Hybrid_CrossAttn_XGBoost,0.9111,0.8366,0.8366,0.9389,0.8366,0.7755,0.9558,0.906,
Train1Val_Test,mean,bio_core_dna_prot_spliceai_geom,nt_v2_500m,esm1b_650m,Pure_XGBoost_Concat,0.9135,0.9113,0.7557,0.9725,0.8262,0.7753,0.9644,0.9199,dna_LVD_L2+dna_LID
Train1Val_Test,mean,bio_core_dna_prot_spliceai_geom,nt_v2_500m,esm1b_650m,Pure_XGBoost_Concat,0.9135,0.9143,0.7527,0.9736,0.8257,0.7753,0.9651,0.9209,dna_LVD_L2+dna_LID+prot_LVD_Cosine
Train1Val_Test,mean,bio_core_dna_prot_spliceai_geom,nt_v2_500m,esm1b_650m,Pure_XGBoost_Concat,0.9135,0.9101,0.7569,0.9721,0.8265,0.7753,0.9647,0.9208,dna_LLR+dna_LVD_Cosine+dna_LID+prot_LVD_Cosine
Train1Val_Test,mean,bio_core_dna_prot_spliceai_geom,nt_v2_500m,esm1b_650m,Pure_XGBoost_Concat,0.9134,0.9167,0.7497,0.9745,0.8248,0.7749,0.9657,0.9227,dna_LLR+dna_LID+prot_LVD_Cosine
Train1Val_Test,mean,bio_core_dna_prot_spliceai_geom,nt_v2_500m,esm1b_650m,Pure_XGBoost_Concat,0.9134,0.9154,0.7509,0.9741,0.825,0.7749,0.9654,0.922,dna_LLR+dna_LVD_L2+dna_LID+prot_LVD_Cosine
Train1Val_Test,mean,bio_core_dna_prot_spliceai_geom,nt_v2_500m,esm1b_650m,Pure_XGBoost_Concat,0.9134,0.91,0.7563,0.9721,0.8261,0.7749,0.9662,0.9238,dna_LLR+dna_LID+prot_LVD_L2+prot_LVD_Cosine
Train1Val_Test,mean,bio_core_dna_prot_spliceai_geom,nt_v2_500m,esm1b_650m,Pure_XGBoost_Concat,0.9134,0.913,0.7533,0.9732,0.8255,0.7749,0.9644,0.9207,dna_LVD_L2+dna_LID+prot_LVD_L2+prot_LVD_Cosine
Train1Val_Test,cls,bio_core_dna_prot_spliceai,nt_v2_500m,esm2_650m,Hybrid_Transformer_XGBoost,0.9112,0.8437,0.8269,0.9428,0.8352,0.7746,0.9568,0.9075,
Train1Val_Test,mean,bio_core_dna_prot_spliceai_geom,nt_v2_500m,esm1b_650m,Pure_XGBoost_Concat,0.9132,0.921,0.7449,0.9761,0.8236,0.7745,0.9645,0.921,dna_LLR+dna_LVD_Cosine+prot_LVD_Cosine+prot_LID
Train1Val_Test,cls,bio_core_dna_prot_spliceai,nt_v3_650m,esm2_650m,Hybrid_Gating_XGBoost,0.9109,0.8401,0.8305,0.941,0.8353,0.7743,0.9584,0.9127,
Train1Val_Test,cls,bio_core_dna_prot_spliceai,nt_v1_500m,esm1v_650m,PyTorch_CrossAttn,0.9119,0.8591,0.8088,0.9504,0.8332,0.774,0.9632,0.9166,
Train1Val_Test,mean,bio_core_dna_prot_spliceai_geom,nt_v2_500m,esm1b_650m,Pure_XGBoost_Concat,0.913,0.9105,0.7545,0.9723,0.8252,0.774,0.9648,0.9215,dna_LLR+dna_LVD_L2+dna_LVD_Cosine+dna_LID+prot_LVD_Cosine
Train1Val_Test,center,bio_core_dna_spliceai,nt_v3_650m,,Pure_XGBoost_Concat,0.9099,0.8291,0.8426,0.9351,0.8358,0.7738,0.9618,0.9094,
Train1Val_Test,cls,bio_core_dna_prot_spliceai,nt_v1_500m,esm2_650m,PyTorch_Concat,0.9127,0.8965,0.7678,0.9669,0.8272,0.7734,0.963,0.9171,
Train1Val_Test,mean,bio_core_dna_prot_spliceai_geom,nt_v2_500m,esm1b_650m,Pure_XGBoost_Concat,0.9127,0.9259,0.7382,0.9779,0.8215,0.7733,0.9643,0.9213,dna_LLR+dna_LVD_L2+dna_LID+prot_LVD_L2+prot_LID
Train1Val_Test,mean,bio_core_dna_prot_spliceai_geom,nt_v2_500m,esm1b_650m,Pure_XGBoost_Concat,0.9127,0.908,0.7557,0.9714,0.8249,0.7731,0.9636,0.9185,dna_LVD_L2+dna_LVD_Cosine+dna_LID+prot_LVD_L2
Train1Val_Test,mean,bio_core_dna_prot_spliceai_geom,nt_v2_500m,esm1b_650m,Pure_XGBoost_Concat,0.9127,0.9103,0.7533,0.9723,0.8244,0.7731,0.9648,0.9201,dna_LVD_L2+dna_LVD_Cosine+dna_LID+prot_LVD_Cosine
Train1Val_Test,mean,bio_core_dna_prot_spliceai_geom,nt_v2_500m,esm1b_650m,Pure_XGBoost_Concat,0.9126,0.9109,0.7521,0.9725,0.8239,0.7727,0.9649,0.9215,dna_LID
Train1Val_Test,mean,bio_dna,nt_v3_650m,,Pure_XGBoost_Concat,0.9098,0.8333,0.8353,0.9376,0.8343,0.7723,0.9601,0.9035,
Train1Val_Test,mean,bio_core_dna_prot_spliceai_geom,nt_v2_500m,esm1b_650m,Pure_XGBoost_Concat,0.9124,0.9194,0.7431,0.9757,0.8219,0.7723,0.9647,0.9218,dna_LLR+dna_LVD_L2+dna_LVD_Cosine+prot_LVD_Cosine+prot_LID
Train1Val_Test,mean,bio_core_dna_prot_spliceai_geom,nt_v2_500m,esm1b_650m,Pure_XGBoost_Concat,0.9124,0.9114,0.7509,0.9727,0.8234,0.7722,0.9652,0.9226,dna_LLR+dna_LVD_L2+dna_LVD_Cosine+dna_LID+prot_LVD_L2+prot_LVD_Cosine
Train1Val_Test,cls,bio_core_dna_prot_spliceai,nt_v2_500m,esm1v_650m,PyTorch_Transformer,0.9121,0.8869,0.7756,0.963,0.8275,0.772,0.9632,0.914,
Train1Val_Test,mean,bio_core_dna_prot_spliceai_geom,nt_v2_500m,esm1b_650m,Pure_XGBoost_Concat,0.9122,0.9231,0.7388,0.977,0.8208,0.7719,0.9648,0.9219,dna_LVD_Cosine+prot_LVD_L2+prot_LID
Train1Val_Test,mean,bio_core_dna_prot_spliceai_geom,nt_v2_500m,esm1b_650m,Pure_XGBoost_Concat,0.9122,0.9238,0.7382,0.9772,0.8207,0.7719,0.9656,0.923,dna_LVD_L2+dna_LVD_Cosine+prot_LVD_L2+prot_LID
Train1Val_Test,mean,bio_core_dna_prot_spliceai_geom,nt_v2_500m,esm1b_650m,Pure_XGBoost_Concat,0.9121,0.9309,0.731,0.9797,0.8189,0.7717,0.9646,0.9202,dna_LVD_Cosine+dna_LID+prot_LVD_Cosine+prot_LID
Train1Val_Test,cls,bio_core_dna_prot_spliceai,nt_v1_500m,esmc_600m,PyTorch_Concat,0.9121,0.8956,0.766,0.9666,0.8257,0.7716,0.9603,0.9168,
Train1Val_Test,cls,bio_core_dna_prot,nt_v3_650m,esm1v_650m,PyTorch_Concat,0.9121,0.9013,0.76,0.9689,0.8246,0.7715,0.9603,0.9117,
Train1Val_Test,mean,bio_core_dna_prot_spliceai_geom,nt_v2_500m,esm1b_650m,Pure_XGBoost_Concat,0.9121,0.9231,0.7382,0.977,0.8204,0.7715,0.9636,0.9191,dna_LID+prot_LVD_L2+prot_LID
Train1Val_Test,cls,bio_core_dna_prot_spliceai,nt_v1_500m,esmc_600m,PyTorch_CrossAttn,0.9119,0.89,0.7714,0.9644,0.8265,0.7714,0.9602,0.9145,
Train1Val_Test,mean,bio_core_dna_prot_spliceai_geom,nt_v2_500m,esm1b_650m,Pure_XGBoost_Concat,0.9121,0.9187,0.7425,0.9754,0.8212,0.7714,0.9641,0.9194,dna_LVD_Cosine+prot_LID
Train1Val_Test,mean,bio_core_dna_prot_spliceai_geom,nt_v2_500m,esm1b_650m,Pure_XGBoost_Concat,0.9119,0.9211,0.7394,0.9763,0.8203,0.771,0.9656,0.9234,prot_LVD_Cosine+prot_LID
Train1Val_Test,mean,bio_core_dna_prot_spliceai_geom,nt_v2_500m,esm1b_650m,Pure_XGBoost_Concat,0.9119,0.9199,0.7407,0.9759,0.8206,0.771,0.9648,0.9219,dna_LLR+prot_LVD_Cosine+prot_LID
Train1Val_Test,mean,bio_core_dna_prot_spliceai_geom,nt_v2_500m,esm1b_650m,Pure_XGBoost_Concat,0.9119,0.9205,0.74,0.9761,0.8205,0.771,0.9644,0.9212,dna_LLR+dna_LVD_L2+prot_LVD_Cosine+prot_LID
Train1Val_Test,mean,bio_core_dna_prot_spliceai_geom,nt_v2_500m,esm1b_650m,Pure_XGBoost_Concat,0.9119,0.9205,0.74,0.9761,0.8205,0.771,0.9649,0.9216,dna_LVD_L2+dna_LVD_Cosine+prot_LVD_Cosine+prot_LID
Train1Val_Test,mean,bio_core_dna_prot_spliceai_geom,nt_v2_500m,esm1b_650m,Pure_XGBoost_Concat,0.9119,0.9186,0.7419,0.9754,0.8208,0.7709,0.9646,0.9205,dna_LLR+dna_LVD_Cosine+prot_LVD_L2+prot_LID
Train1Val_Test,center,bio_dna,nt_v3_650m,,Pure_XGBoost_Concat,0.9089,0.832,0.8335,0.9371,0.8328,0.7702,0.9619,0.9092,
Train1Val_Test,center,bio_dna,nt_v3_650m,,Pure_XGBoost_Concat,0.9089,0.832,0.8335,0.9371,0.8328,0.7702,0.9619,0.9092,
Train1Val_Test,mean,bio_core_dna_prot_spliceai_geom,nt_v2_500m,esm1b_650m,Pure_XGBoost_Concat,0.9116,0.9274,0.7322,0.9786,0.8183,0.7702,0.9639,0.9203,dna_LLR+dna_LID+prot_LID
Train1Val_Test,mean,bio_core_dna_prot_spliceai_geom,nt_v2_500m,esm1b_650m,Pure_XGBoost_Concat,0.9116,0.9261,0.7334,0.9781,0.8186,0.7702,0.9634,0.9186,dna_LVD_Cosine+dna_LID+prot_LID
Train1Val_Test,mean,bio_core_dna_prot_spliceai_geom,nt_v2_500m,esm1b_650m,Pure_XGBoost_Concat,0.9114,0.9057,0.7527,0.9707,0.8221,0.7696,0.9646,0.9205,dna_LID+prot_LVD_Cosine
Train1Val_Test,mean,bio_core_dna_prot_spliceai_geom,nt_v2_500m,esm1b_650m,Pure_XGBoost_Concat,0.9114,0.9178,0.7407,0.9752,0.8198,0.7696,0.9647,0.9208,dna_LLR+dna_LVD_Cosine+prot_LID
Train1Val_Test,cls,bio_core_dna_prot_spliceai,nt_v2_500m,esm1v_650m,PyTorch_Gating,0.9111,0.8854,0.7732,0.9626,0.8255,0.7694,0.9626,0.9128,
Train1Val_Test,mean,bio_core_dna_prot_spliceai_geom,nt_v2_500m,esm1b_650m,Pure_XGBoost_Concat,0.9112,0.9165,0.7413,0.9748,0.8196,0.7692,0.9646,0.9211,dna_LLR+dna_LVD_L2+prot_LVD_L2+prot_LVD_Cosine+prot_LID
Train1Val_Test,mean,bio_core_dna_prot_spliceai_geom,nt_v2_500m,esm1b_650m,Pure_XGBoost_Concat,0.9112,0.9116,0.7461,0.973,0.8206,0.7691,0.9624,0.9171,prot_LID
Train1Val_Test,mean,bio_core_dna_prot_spliceai_geom,nt_v2_500m,esm1b_650m,Pure_XGBoost_Concat,0.9112,0.911,0.7467,0.9727,0.8207,0.7691,0.9631,0.9176,dna_LVD_L2+prot_LVD_L2+prot_LVD_Cosine+prot_LID
Train1Val_Test,cls,bio_core_prot_spliceai,,esm2_650m,PyTorch_Concat,0.9111,0.893,0.7648,0.9657,0.8239,0.769,0.96,0.9142,
Train1Val_Test,mean,bio_core_dna_prot_spliceai_geom,nt_v2_500m,esm1b_650m,Pure_XGBoost_Concat,0.9111,0.926,0.7316,0.9781,0.8174,0.7689,0.9642,0.9201,dna_LLR+dna_LVD_Cosine+dna_LID+prot_LVD_Cosine+prot_LID
Train1Val_Test,mean,bio_core_dna_prot_spliceai_geom,nt_v2_500m,esm1b_650m,Pure_XGBoost_Concat,0.9111,0.9208,0.7364,0.9763,0.8184,0.7688,0.9637,0.9184,dna_LLR+prot_LID
Train1Val_Test,mean,bio_core_dna_prot_spliceai_geom,nt_v2_500m,esm1b_650m,Pure_XGBoost_Concat,0.9111,0.9183,0.7388,0.9754,0.8189,0.7687,0.9637,0.9196,prot_LVD_L2+prot_LVD_Cosine+prot_LID
Train1Val_Test,mean,bio_core_dna_prot_spliceai_geom,nt_v2_500m,esm1b_650m,Pure_XGBoost_Concat,0.9111,0.9032,0.7539,0.9698,0.8218,0.7687,0.9649,0.9207,dna_LLR+dna_LVD_L2+dna_LID+prot_LVD_L2+prot_LVD_Cosine
Train1Val_Test,mean,bio_core_dna_spliceai,nt_v3_650m,,Pure_XGBoost_Concat,0.9081,0.8287,0.8347,0.9355,0.8317,0.7686,0.9597,0.9029,
Train1Val_Test,mean,bio_core_dna_prot_spliceai_geom,nt_v2_500m,esm1b_650m,Pure_XGBoost_Concat,0.9109,0.9189,0.7376,0.9757,0.8183,0.7683,0.9649,0.9207,dna_LLR+dna_LVD_L2+prot_LID
Train1Val_Test,cls,bio_core_dna_prot_spliceai,nt_v2_500m,esm2_650m,PyTorch_CrossAttn,0.9103,0.8701,0.7877,0.9561,0.8268,0.7682,0.9599,0.913,
Train1Val_Test,cls,bio_core_dna_prot_spliceai,nt_v2_500m,esm2_650m,PyTorch_Concat,0.9107,0.8962,0.76,0.9671,0.8225,0.768,0.9601,0.9128,
Train1Val_Test,cls,bio_core_dna_prot_spliceai,nt_v2_500m,esm2_650m,Hybrid_Gating_XGBoost,0.9083,0.834,0.8275,0.9385,0.8308,0.7679,0.9565,0.9063,
Train1Val_Test,mean,bio_core_dna_prot_spliceai_geom,nt_v2_500m,esm1b_650m,Pure_XGBoost_Concat,0.9107,0.9213,0.7346,0.9766,0.8174,0.7679,0.9645,0.9194,dna_LLR+dna_LID+prot_LVD_Cosine+prot_LID
Train1Val_Test,mean,bio_core_dna_prot_spliceai_geom,nt_v2_500m,esm1b_650m,Pure_XGBoost_Concat,0.9107,0.9207,0.7352,0.9763,0.8176,0.7679,0.964,0.9188,dna_LVD_L2+dna_LVD_Cosine+dna_LID+prot_LID
Train1Val_Test,mean,bio_core_dna_prot_spliceai_geom,nt_v2_500m,esm1b_650m,Pure_XGBoost_Concat,0.9107,0.9188,0.737,0.9757,0.8179,0.7679,0.9643,0.9207,dna_LVD_Cosine+prot_LVD_L2+prot_LVD_Cosine+prot_LID
Train1Val_Test,mean,bio_core_dna_prot_spliceai_geom,nt_v2_500m,esm1b_650m,Pure_XGBoost_Concat,0.9107,0.9188,0.737,0.9757,0.8179,0.7679,0.9627,0.9168,dna_LLR+dna_LID+prot_LVD_L2+prot_LVD_Cosine+prot_LID
Train1Val_Test,cls,bio_core_dna_prot_spliceai,nt_v2_500m,esmc_600m,PyTorch_Transformer,0.9104,0.8824,0.7738,0.9615,0.8246,0.7677,0.9549,0.9039,
Train1Val_Test,mean,bio_core_dna_prot_spliceai_geom,nt_v2_500m,esm1b_650m,Pure_XGBoost_Concat,0.9106,0.9245,0.731,0.9777,0.8164,0.7675,0.9642,0.9206,dna_LVD_L2+dna_LID+prot_LVD_L2+prot_LVD_Cosine+prot_LID
Train1Val_Test,mean,bio_core_dna_prot_spliceai_geom,nt_v2_500m,esm1b_650m,Pure_XGBoost_Concat,0.9106,0.9175,0.7376,0.9752,0.8178,0.7674,0.9646,0.9204,dna_LVD_L2+prot_LVD_L2+prot_LID
Train1Val_Test,mean,bio_core_dna_prot_spliceai_geom,nt_v2_500m,esm1b_650m,Pure_XGBoost_Concat,0.9103,0.9343,0.7207,0.9811,0.8138,0.767,0.9654,0.9237,dna_LLR+dna_LVD_L2+dna_LVD_Cosine+dna_LID+prot_LVD_Cosine+prot_LID
Train1Val_Test,mean,bio_core_dna_prot_spliceai_geom,nt_v2_500m,esm1b_650m,Pure_XGBoost_Concat,0.9104,0.9143,0.74,0.9741,0.818,0.7669,0.9642,0.9201,dna_LLR+dna_LVD_L2+dna_LVD_Cosine+prot_LVD_L2+prot_LVD_Cosine+prot_LID
Train1Val_Test,mean,bio_core_dna_prot_spliceai_geom,nt_v2_500m,esm1b_650m,Pure_XGBoost_Concat,0.9103,0.9257,0.7286,0.9781,0.8154,0.7667,0.964,0.9198,dna_LLR+dna_LVD_L2+dna_LID+prot_LID
Train1Val_Test,mean,bio_core_dna_prot_spliceai_geom,nt_v2_500m,esm1b_650m,Pure_XGBoost_Concat,0.9103,0.9174,0.7364,0.9752,0.817,0.7665,0.9651,0.9207,dna_LLR+prot_LVD_L2+prot_LID
Train1Val_Test,mean,bio_core_dna_prot_spliceai_geom,nt_v2_500m,esm1b_650m,Pure_XGBoost_Concat,0.9101,0.9243,0.7292,0.9777,0.8152,0.7662,0.9642,0.9208,dna_LVD_L2+dna_LID+prot_LVD_L2+prot_LID
Train1Val_Test,mean,bio_core_dna_prot_spliceai_geom,nt_v2_500m,esm1b_650m,Pure_XGBoost_Concat,0.9101,0.925,0.7286,0.9779,0.8151,0.7662,0.9637,0.9195,dna_LLR+dna_LVD_L2+dna_LVD_Cosine+dna_LID+prot_LVD_L2+prot_LID
Train1Val_Test,mean,bio_core_dna_prot_spliceai_geom,nt_v2_500m,esm1b_650m,Pure_XGBoost_Concat,0.9101,0.923,0.7304,0.9772,0.8155,0.7662,0.9641,0.9196,dna_LVD_L2+dna_LVD_Cosine+dna_LID+prot_LVD_L2+prot_LVD_Cosine+prot_LID
Train1Val_Test,mean,bio_core_dna_prot_spliceai_geom,nt_v2_500m,esm1b_650m,Pure_XGBoost_Concat,0.9101,0.916,0.737,0.9748,0.8168,0.7661,0.9629,0.9175,dna_LVD_Cosine+dna_LID+prot_LVD_L2+prot_LVD_Cosine+prot_LID
Train1Val_Test,cls,bio_core_dna_prot_spliceai,nt_v2_500m,esmc_600m,PyTorch_Gating,0.9101,0.9051,0.7479,0.9707,0.819,0.766,0.9564,0.9076,
Train1Val_Test,mean,bio_core_dna_prot_spliceai_geom,nt_v2_500m,esm1b_650m,Pure_XGBoost_Concat,0.9101,0.9136,0.7394,0.9739,0.8173,0.766,0.961,0.9154,dna_LLR+dna_LVD_Cosine+dna_LID+prot_LID
Train1Val_Test,mean,bio_core_dna_prot_spliceai_geom,nt_v2_500m,esm1b_650m,Pure_XGBoost_Concat,0.9101,0.9129,0.74,0.9736,0.8175,0.766,0.9639,0.9197,dna_LLR+dna_LVD_Cosine+prot_LVD_L2+prot_LVD_Cosine+prot_LID
Train1Val_Test,cls,bio_core_dna_prot,nt_v1_500m,esm1v_650m,PyTorch_Transformer,0.9098,0.8831,0.7702,0.9619,0.8228,0.7659,0.9601,0.9109,
Train1Val_Test,mean,bio_core_dna_prot_spliceai_geom,nt_v2_500m,esm1b_650m,Pure_XGBoost_Concat,0.9099,0.9243,0.7286,0.9777,0.8148,0.7658,0.963,0.919,dna_LVD_L2+dna_LID+prot_LVD_Cosine+prot_LID
Train1Val_Test,cls,bio_core_dna_prot_spliceai,nt_v3_650m,esm1v_650m,PyTorch_Transformer,0.9098,0.889,0.7636,0.9644,0.8215,0.7656,0.9629,0.9141,
Train1Val_Test,mean,bio_core_dna_prot_spliceai_geom,nt_v2_500m,esm1b_650m,Pure_XGBoost_Concat,0.9099,0.916,0.7364,0.9748,0.8164,0.7656,0.9654,0.9224,dna_LVD_L2+prot_LVD_Cosine+prot_LID
Train1Val_Test,mean,bio_core_dna_prot_spliceai_geom,nt_v2_500m,esm1b_650m,Pure_XGBoost_Concat,0.9099,0.9185,0.734,0.9757,0.816,0.7656,0.9639,0.9198,dna_LLR+dna_LVD_L2+dna_LVD_Cosine+prot_LID
Train1Val_Test,mean,bio_core_dna_prot_spliceai_geom,nt_v2_500m,esm1b_650m,Pure_XGBoost_Concat,0.9099,0.9129,0.7394,0.9736,0.8171,0.7656,0.9626,0.9177,dna_LLR+dna_LVD_L2+prot_LVD_L2+prot_LID
Train1Val_Test,mean,bio_core_dna_prot_spliceai_geom,nt_v2_500m,esm1b_650m,Pure_XGBoost_Concat,0.9098,0.9165,0.7352,0.975,0.8159,0.7652,0.9646,0.9218,prot_LVD_L2+prot_LID
Train1Val_Test,mean,bio_core_dna_prot_spliceai_geom,nt_v2_500m,esm1b_650m,Pure_XGBoost_Concat,0.9098,0.9184,0.7334,0.9757,0.8156,0.7652,0.964,0.9195,dna_LVD_L2+dna_LVD_Cosine+prot_LID
Train1Val_Test,cls,bio_core_dna_prot_spliceai,nt_v1_500m,esm2_650m,PyTorch_Transformer,0.9094,0.8835,0.7684,0.9621,0.8219,0.7649,0.9614,0.9173,
Train1Val_Test,mean,bio_core_dna_prot_spliceai_geom,nt_v2_500m,esm1b_650m,Pure_XGBoost_Concat,0.9096,0.9184,0.7328,0.9757,0.8152,0.7648,0.9621,0.9162,dna_LID+prot_LVD_Cosine+prot_LID
Train1Val_Test,mean,bio_core_dna_prot_spliceai_geom,nt_v2_500m,esm1b_650m,Pure_XGBoost_Concat,0.9096,0.919,0.7322,0.9759,0.815,0.7648,0.9632,0.9185,dna_LVD_L2+dna_LVD_Cosine+dna_LID+prot_LVD_Cosine+prot_LID
Train1Val_Test,cls,bio_core_dna_prot_spliceai,nt_v1_500m,esmc_600m,PyTorch_Transformer,0.9096,0.9109,0.74,0.973,0.8166,0.7647,0.9628,0.9196,
Train1Val_Test,cls,bio_core_dna_prot_spliceai,nt_v2_500m,esm2_650m,PyTorch_Gating,0.9091,0.874,0.778,0.9581,0.8232,0.7647,0.9578,0.9082,
Train1Val_Test,cls,bio_core_dna_prot_spliceai,nt_v2_500m,esm1v_650m,PyTorch_Concat,0.9094,0.9048,0.7455,0.9707,0.8175,0.7643,0.964,0.9144,
Train1Val_Test,mean,bio_core_dna_prot_spliceai_geom,nt_v2_500m,esm1b_650m,Pure_XGBoost_Concat,0.9094,0.9152,0.7352,0.9745,0.8154,0.7643,0.9637,0.9194,dna_LVD_L2+prot_LID
Train1Val_Test,mean,bio_core_dna_prot_spliceai_geom,nt_v2_500m,esm1b_650m,Pure_XGBoost_Concat,0.9094,0.9139,0.7364,0.9741,0.8156,0.7643,0.9627,0.9183,dna_LLR+dna_LVD_Cosine+dna_LID+prot_LVD_L2+prot_LID
Train1Val_Test,mean,bio_core_dna_prot_spliceai_geom,nt_v2_500m,esm1b_650m,Pure_XGBoost_Concat,0.9093,0.9234,0.7268,0.9775,0.8134,0.764,0.9631,0.9176,dna_LID+prot_LVD_L2+prot_LVD_Cosine+prot_LID
Train1Val_Test,mean,bio_core_dna_prot_spliceai_geom,nt_v2_500m,esm1b_650m,Pure_XGBoost_Concat,0.9093,0.9157,0.734,0.9748,0.8149,0.7638,0.9641,0.9202,dna_LLR+prot_LVD_L2+prot_LVD_Cosine+prot_LID
Train1Val_Test,mean,bio_core_dna_prot_spliceai_geom,nt_v2_500m,esm1b_650m,Pure_XGBoost_Concat,0.9093,0.9132,0.7364,0.9739,0.8154,0.7638,0.9634,0.9191,dna_LLR+dna_LVD_L2+dna_LVD_Cosine+prot_LVD_L2+prot_LID
Train1Val_Test,mean,bio_core_dna_prot_spliceai_geom,nt_v2_500m,esm1b_650m,Pure_XGBoost_Concat,0.9089,0.9144,0.734,0.9743,0.8143,0.7629,0.9639,0.9199,dna_LVD_L2+dna_LVD_Cosine+prot_LVD_L2+prot_LVD_Cosine+prot_LID
Train1Val_Test,mean,bio_core_dna_prot_spliceai_geom,nt_v2_500m,esm1b_650m,Pure_XGBoost_Concat,0.9088,0.9232,0.725,0.9775,0.8122,0.7627,0.9638,0.9188,dna_LVD_Cosine+dna_LID+prot_LVD_L2+prot_LID
Train1Val_Test,mean,bio_core_dna_prot_spliceai_geom,nt_v2_500m,esm1b_650m,Pure_XGBoost_Concat,0.9088,0.9193,0.7286,0.9761,0.8129,0.7626,0.9615,0.9162,dna_LLR+dna_LVD_L2+dna_LID+prot_LVD_L2+prot_LVD_Cosine+prot_LID
Train1Val_Test,mean,bio_core_dna_prot_spliceai_geom,nt_v2_500m,esm1b_650m,Pure_XGBoost_Concat,0.9088,0.9162,0.7316,0.975,0.8135,0.7625,0.9632,0.9188,dna_LID+prot_LID
Train1Val_Test,mean,bio_core_dna_prot_spliceai_geom,nt_v2_500m,esm1b_650m,Pure_XGBoost_Concat,0.9088,0.9155,0.7322,0.9748,0.8137,0.7625,0.9639,0.9184,dna_LLR+dna_LID+prot_LVD_L2+prot_LID
Train1Val_Test,mean,bio_core_dna_prot_spliceai_geom,nt_v2_500m,esm1b_650m,Pure_XGBoost_Concat,0.9088,0.913,0.7346,0.9739,0.8142,0.7625,0.9634,0.9182,dna_LLR+dna_LVD_L2+dna_LVD_Cosine+dna_LID+prot_LVD_L2+prot_LVD_Cosine+prot_LID
Train1Val_Test,mean,bio_core_dna_prot_spliceai_geom,nt_v2_500m,esm1b_650m,Pure_XGBoost_Concat,0.9086,0.9136,0.7334,0.9741,0.8137,0.7621,0.9613,0.9152,dna_LLR+dna_LVD_Cosine+dna_LID+prot_LVD_L2+prot_LVD_Cosine+prot_LID
Train1Val_Test,mean,bio_core_dna_prot_spliceai_geom,nt_v2_500m,esm1b_650m,Pure_XGBoost_Concat,0.9086,0.9099,0.737,0.9727,0.8144,0.762,0.9628,0.9169,dna_LVD_Cosine+prot_LVD_Cosine+prot_LID
Train1Val_Test,mean,bio_core_dna_prot_spliceai_geom,nt_v2_500m,esm1b_650m,Pure_XGBoost_Concat,0.9084,0.9192,0.7274,0.9761,0.8121,0.7617,0.9633,0.9187,dna_LLR+dna_LVD_L2+dna_LVD_Cosine+dna_LID+prot_LID
Train1Val_Test,mean,bio_core_dna_prot_spliceai_geom,nt_v2_500m,esm1b_650m,Pure_XGBoost_Concat,0.9084,0.9117,0.7346,0.9734,0.8136,0.7616,0.9616,0.9161,dna_LVD_L2+dna_LID+prot_LID
Train1Val_Test,cls,bio_core_dna_prot_spliceai,nt_v2_500m,esmc_600m,PyTorch_Concat,0.9068,0.8516,0.7961,0.9482,0.8229,0.7606,0.9496,0.8991,
Train1Val_Test,mean,bio_core_dna_prot_spliceai_geom,nt_v2_500m,esm1b_650m,Pure_XGBoost_Concat,0.908,0.9133,0.731,0.9741,0.8121,0.7603,0.9625,0.9158,dna_LLR+dna_LVD_L2+dna_LID+prot_LVD_Cosine+prot_LID
Train1Val_Test,mean,bio_core_dna_prot_spliceai_geom,nt_v2_500m,esm1b_650m,Pure_XGBoost_Concat,0.9076,0.917,0.7262,0.9754,0.8105,0.7594,0.9636,0.9199,dna_LVD_L2+dna_LVD_Cosine+dna_LID+prot_LVD_L2+prot_LID
Train1Val_Test,mean,bio_core_dna_spliceai,nt_v3_650m,,PyTorch_Concat,0.9065,0.8726,0.7684,0.9581,0.8172,0.7575,0.9561,0.8952,
Train1Val_Test,cls,bio_core_dna_prot_spliceai,nt_v2_500m,esm2_650m,PyTorch_Transformer,0.9062,0.8958,0.7413,0.9678,0.8112,0.7555,0.9597,0.9121,
Train1Val_Test,center,bio_dna,nt_v3_650m,,Hybrid_Concat_XGBoost,0.9011,0.8069,0.8366,0.9252,0.8214,0.7533,0.9554,0.8957,
Train1Val_Test,center,bio_dna,nt_v3_650m,,Hybrid_Concat_XGBoost,0.9011,0.8069,0.8366,0.9252,0.8214,0.7533,0.9554,0.8957,
Train1Val_Test,center,bio_core_dna_spliceai,nt_v3_650m,,Hybrid_Concat_XGBoost,0.9011,0.8123,0.8275,0.9286,0.8198,0.7517,0.9553,0.8921,
Train1Val_Test,mean,bio_dna,nt_v3_650m,,PyTorch_Concat,0.9037,0.8737,0.7551,0.9592,0.8101,0.7496,0.956,0.8962,
Train1Val_Test,center,bio_core_dna_spliceai,nt_v3_650m,,PyTorch_Concat,0.9022,0.8859,0.7352,0.9646,0.8036,0.7449,0.9536,0.8891,
Train1Val_Test,center,bio_core_dna_spliceai,nt_v2_500m,,Pure_XGBoost_Concat,0.8965,0.7929,0.8384,0.9182,0.815,0.7438,0.9516,0.8888,
Train1Val_Test,center,bio_dna,nt_v3_650m,,PyTorch_Concat,0.9006,0.8648,0.7521,0.9561,0.8045,0.7415,0.9528,0.8886,
Train1Val_Test,center,bio_dna,nt_v3_650m,,PyTorch_Concat,0.9006,0.8648,0.7521,0.9561,0.8045,0.7415,0.9528,0.8886,
Train1Val_Test,center,bio_core_dna_spliceai,nt_v2_500m,,Hybrid_Concat_XGBoost,0.897,0.8076,0.8154,0.9274,0.8115,0.7406,0.9465,0.8765,
Train1Val_Test,center,bio_core_spliceai,,,Pure_XGBoost_Concat,0.8883,0.7639,0.8528,0.9015,0.8059,0.73,0.9471,0.8812,
Train1Val_Test,mean,bio_core_dna_spliceai,nt_v1_500m,,Pure_XGBoost_Concat,0.8925,0.7994,0.8076,0.9243,0.8035,0.7295,0.9462,0.8771,
Train1Val_Test,mean,bio_core_dna_spliceai,nt_v2_500m,,Pure_XGBoost_Concat,0.8914,0.7943,0.8106,0.9216,0.8024,0.7276,0.9472,0.8802,
Train1Val_Test,mean,bio_core_dna_spliceai,nt_v3_650m,,Hybrid_Concat_XGBoost,0.8907,0.7884,0.8179,0.918,0.8028,0.7275,0.9465,0.8734,
Train1Val_Test,cls,bio_core_dna_spliceai,nt_v3_650m,,Pure_XGBoost_Concat,0.8891,0.779,0.8269,0.9123,0.8022,0.7259,0.948,0.8833,
Train1Val_Test,mean,bio_core_dna_spliceai,nt_v2_500m,,Hybrid_Concat_XGBoost,0.8899,0.7861,0.8179,0.9168,0.8017,0.7258,0.9421,0.8667,
Train1Val_Test,mean,bio_core_dna_spliceai,nt_v1_500m,,Hybrid_Concat_XGBoost,0.8894,0.7841,0.8191,0.9157,0.8012,0.725,0.9417,0.864,
Train1Val_Test,mean,bio_dna,nt_v3_650m,,Hybrid_Concat_XGBoost,0.8889,0.7804,0.8233,0.9135,0.8013,0.7248,0.9479,0.8822,
Train1Val_Test,center,bio_core_dna_spliceai,nt_v1_500m,,Pure_XGBoost_Concat,0.8901,0.7944,0.804,0.9222,0.7992,0.7235,0.9454,0.8764,
Train1Val_Test,cls,bio_core_dna_spliceai,nt_v1_500m,,Pure_XGBoost_Concat,0.8886,0.7881,0.8076,0.9189,0.7977,0.721,0.9466,0.8772,
Train1Val_Test,cls,bio_dna,nt_v3_650m,,Pure_XGBoost_Concat,0.8889,0.7918,0.8028,0.9211,0.7972,0.7208,0.9454,0.8785,
Train1Val_Test,cls,bio_dna,nt_v3_650m,,Pure_XGBoost_Concat,0.8889,0.7918,0.8028,0.9211,0.7972,0.7208,0.9454,0.8785,
Train1Val_Test,center,dna_prot,nt_v3_650m,esm1b_650m,Hybrid_Concat_XGBoost,0.8916,0.8265,0.7612,0.9403,0.7925,0.7203,0.9301,0.861,
Train1Val_Test,center,dna_prot_spliceai,nt_v3_650m,esmc_600m,Hybrid_CrossAttn_XGBoost,0.8902,0.8104,0.7786,0.9319,0.7942,0.7197,0.9277,0.867,
Train1Val_Test,mean,bio_core_dna_spliceai,nt_v2_500m,,PyTorch_Concat,0.892,0.8439,0.74,0.9488,0.7886,0.7193,0.9452,0.8698,
Train1Val_Test,center,dna_prot,nt_v3_650m,esmc_600m,PyTorch_Concat,0.8924,0.8636,0.7177,0.9576,0.7839,0.7185,0.9338,0.875,
Train1Val_Test,center,dna_prot_spliceai,nt_v1_500m,esmc_600m,Hybrid_CrossAttn_XGBoost,0.8894,0.8071,0.7799,0.9304,0.7933,0.718,0.93,0.8691,
Train1Val_Test,center,bio_core_spliceai,,,PyTorch_Concat,0.8919,0.8654,0.7135,0.9585,0.7821,0.717,0.9428,0.8694,
Train1Val_Test,center,bio_core_dna_spliceai,nt_v2_500m,,PyTorch_Concat,0.8906,0.8337,0.7467,0.9443,0.7878,0.7163,0.946,0.876,
Train1Val_Test,cls,bio_core_dna_spliceai,nt_v2_500m,,Pure_XGBoost_Concat,0.886,0.7785,0.8118,0.9137,0.7948,0.7162,0.9428,0.8739,
Train1Val_Test,center,dna_prot,nt_v2_500m,esmc_600m,Hybrid_CrossAttn_XGBoost,0.8884,0.8052,0.778,0.9297,0.7914,0.7155,0.9309,0.8687,
Train1Val_Test,center,dna_prot_spliceai,nt_v1_500m,esmc_600m,PyTorch_CrossAttn,0.8909,0.8494,0.728,0.9518,0.784,0.7154,0.934,0.8746,
Train1Val_Test,center,dna_prot_spliceai,nt_v3_650m,esm1b_650m,Hybrid_Gating_XGBoost,0.8896,0.8225,0.7575,0.9389,0.7887,0.7152,0.9285,0.8567,
Train1Val_Test,center,dna_prot,nt_v3_650m,esmc_600m,Hybrid_Concat_XGBoost,0.8894,0.8237,0.7551,0.9396,0.7879,0.7146,0.9278,0.8674,
Train1Val_Test,center,dna_prot_spliceai,nt_v2_500m,esm1b_650m,Hybrid_Transformer_XGBoost,0.8891,0.8188,0.7606,0.9371,0.7886,0.7145,0.9303,0.8636,
Train1Val_Test,center,dna_prot,nt_v2_500m,esmc_600m,Hybrid_Concat_XGBoost,0.8891,0.8209,0.7575,0.9382,0.788,0.7141,0.9317,0.8683,
Train1Val_Test,center,dna_prot_spliceai,nt_v3_650m,esmc_600m,Pure_XGBoost_Concat,0.8899,0.8392,0.7364,0.9473,0.7845,0.7137,0.9284,0.8675,
Train1Val_Test,center,dna_prot_spliceai,nt_v3_650m,esmc_600m,PyTorch_Concat,0.8906,0.8619,0.7117,0.9574,0.7796,0.7135,0.9317,0.8719,
Train1Val_Test,center,dna_prot,nt_v2_500m,esm1b_650m,Hybrid_Transformer_XGBoost,0.8886,0.8181,0.7593,0.9369,0.7876,0.7132,0.9261,0.862,
Train1Val_Test,center,dna_prot,nt_v3_650m,esmc_600m,Hybrid_CrossAttn_XGBoost,0.8871,0.799,0.7817,0.9265,0.7902,0.7131,0.9297,0.8727,
Train1Val_Test,center,bio,,,Pure_XGBoost_Concat,0.8814,0.7528,0.8396,0.897,0.7938,0.713,0.9443,0.8775,
Train1Val_Test,mean,bio,,,Pure_XGBoost_Concat,0.8806,0.7479,0.8462,0.8934,0.794,0.713,0.9447,0.8768,
Train1Val_Test,center,bio,,,Pure_XGBoost_Concat,0.8814,0.7528,0.8396,0.897,0.7938,0.713,0.9443,0.8775,
Train1Val_Test,center,dna_prot_spliceai,nt_v2_500m,esmc_600m,PyTorch_Concat,0.8906,0.8723,0.7002,0.9617,0.7768,0.713,0.9366,0.8779,
Train1Val_Test,center,dna_prot_spliceai,nt_v3_650m,esm1b_650m,PyTorch_CrossAttn,0.8899,0.8584,0.7129,0.9561,0.7789,0.7119,0.9325,0.8653,
Train1Val_Test,center,dna_prot,nt_v3_650m,esm1b_650m,PyTorch_CrossAttn,0.8899,0.8669,0.7033,0.9597,0.7766,0.7114,0.9291,0.8614,
Train1Val_Test,center,dna_prot,nt_v2_500m,esmc_600m,PyTorch_Concat,0.8899,0.8691,0.7008,0.9606,0.776,0.7113,0.9352,0.8767,
Train1Val_Test,center,dna_prot,nt_v2_500m,esmc_600m,Hybrid_Transformer_XGBoost,0.8868,0.8021,0.775,0.9286,0.7883,0.7113,0.9324,0.8701,
Train1Val_Test,center,prot,,esmc_600m,Hybrid_Concat_XGBoost,0.8878,0.8166,0.7575,0.9364,0.786,0.711,0.9318,0.8698,
Train1Val_Test,center,prot,,esmc_600m,Hybrid_Concat_XGBoost,0.8878,0.8166,0.7575,0.9364,0.786,0.711,0.9318,0.8698,
Train1Val_Test,center,prot,,esmc_600m,Hybrid_Concat_XGBoost,0.8878,0.8166,0.7575,0.9364,0.786,0.711,0.9318,0.8698,
Train1Val_Test,center,prot,,esmc_600m,Hybrid_Concat_XGBoost,0.8878,0.8166,0.7575,0.9364,0.786,0.711,0.9318,0.8698,
Train1Val_Test,center,prot,,esmc_600m,Hybrid_Concat_XGBoost,0.8878,0.8166,0.7575,0.9364,0.786,0.711,0.9318,0.8698,
Train1Val_Test,center,dna_prot_spliceai,nt_v2_500m,esmc_600m,Hybrid_CrossAttn_XGBoost,0.8871,0.8074,0.7684,0.9315,0.7874,0.711,0.9302,0.8709,
Train1Val_Test,center,dna_prot,nt_v3_650m,esmc_600m,PyTorch_Gating,0.8897,0.8712,0.6978,0.9615,0.7749,0.7107,0.9345,0.8762,
Train1Val_Test,center,dna_prot_spliceai,nt_v3_650m,esm1b_650m,Hybrid_CrossAttn_XGBoost,0.8876,0.8157,0.7581,0.936,0.7859,0.7107,0.9307,0.8638,
Train1Val_Test,center,dna_prot_spliceai,nt_v2_500m,esmc_600m,Hybrid_Transformer_XGBoost,0.8865,0.8007,0.7756,0.9279,0.788,0.7107,0.9325,0.8705,
Train1Val_Test,center,dna_prot,nt_v1_500m,esm1b_650m,Hybrid_Concat_XGBoost,0.8883,0.8272,0.7449,0.9419,0.7839,0.7106,0.9226,0.8534,
Train1Val_Test,center,dna_prot,nt_v3_650m,esm1b_650m,Hybrid_Transformer_XGBoost,0.8874,0.8135,0.7606,0.9349,0.7862,0.7106,0.9292,0.8603,
Train1Val_Test,center,dna_prot_spliceai,nt_v3_650m,esmc_600m,Hybrid_Concat_XGBoost,0.8879,0.8231,0.7491,0.9398,0.7843,0.7103,0.9313,0.8705,
Train1Val_Test,center,dna_prot,nt_v2_500m,esm1b_650m,Hybrid_Gating_XGBoost,0.8878,0.8212,0.7509,0.9389,0.7845,0.7101,0.9253,0.8563,
Train1Val_Test,center,prot_spliceai,,esm1b_650m,Hybrid_Concat_XGBoost,0.8876,0.8186,0.7539,0.9376,0.7849,0.7101,0.9285,0.8609,
Train1Val_Test,center,dna_prot_spliceai,nt_v3_650m,esm1b_650m,PyTorch_Gating,0.8893,0.8569,0.7117,0.9556,0.7776,0.7101,0.9298,0.8625,
Train1Val_Test,cls,bio,,,Hybrid_Concat_XGBoost,0.8812,0.7577,0.8281,0.9011,0.7914,0.7099,0.9382,0.8642,
Train1Val_Test,center,bio_core_spliceai,,,Hybrid_Concat_XGBoost,0.8842,0.78,0.7998,0.9157,0.7898,0.7099,0.9353,0.8561,
Train1Val_Test,cls,bio,,,Hybrid_Concat_XGBoost,0.8812,0.7577,0.8281,0.9011,0.7914,0.7099,0.9382,0.8642,
Train1Val_Test,center,dna_prot,nt_v2_500m,esm1b_650m,Hybrid_CrossAttn_XGBoost,0.8866,0.8062,0.7678,0.931,0.7865,0.7098,0.9298,0.861,
Train1Val_Test,center,dna_prot_spliceai,nt_v2_500m,esm1b_650m,Hybrid_Gating_XGBoost,0.8881,0.8293,0.7413,0.943,0.7828,0.7098,0.9275,0.8594,
Train1Val_Test,center,dna_prot_spliceai,nt_v1_500m,esmc_600m,Hybrid_Concat_XGBoost,0.8876,0.8215,0.7497,0.9391,0.784,0.7096,0.9285,0.8673,
Train1Val_Test,center,dna_prot_spliceai,nt_v2_500m,esm1b_650m,Hybrid_CrossAttn_XGBoost,0.8873,0.8175,0.7539,0.9371,0.7844,0.7094,0.9272,0.8616,
Train1Val_Test,center,dna_prot_spliceai,nt_v3_650m,esmc_600m,Hybrid_Transformer_XGBoost,0.8861,0.8031,0.7702,0.9295,0.7863,0.7091,0.9305,0.8686,
Train1Val_Test,center,dna_prot,nt_v3_650m,esmc_600m,Hybrid_Transformer_XGBoost,0.8868,0.8119,0.76,0.9342,0.785,0.709,0.9271,0.8665,
Train1Val_Test,cls,bio_core_dna_spliceai,nt_v1_500m,,Hybrid_Concat_XGBoost,0.883,0.773,0.807,0.9114,0.7896,0.709,0.9383,0.855,
Train1Val_Test,center,dna_prot_spliceai,nt_v2_500m,esm1b_650m,PyTorch_CrossAttn,0.8886,0.8504,0.7165,0.9529,0.7777,0.7087,0.9307,0.8611,
Train1Val_Test,center,dna_prot,nt_v3_650m,esm1b_650m,Hybrid_Gating_XGBoost,0.887,0.8165,0.7539,0.9367,0.7839,0.7086,0.9268,0.8581,
Train1Val_Test,cls,bio,,,Pure_XGBoost_Concat,0.8792,0.7481,0.8384,0.8945,0.7907,0.7085,0.9439,0.876,
Train1Val_Test,cls,bio,,,Pure_XGBoost_Concat,0.8792,0.7481,0.8384,0.8945,0.7907,0.7085,0.9439,0.876,
Train1Val_Test,center,dna_prot,nt_v2_500m,esm1b_650m,Hybrid_Concat_XGBoost,0.8871,0.822,0.7467,0.9396,0.7826,0.7081,0.9256,0.857,
Train1Val_Test,center,prot_spliceai,,esmc_600m,Hybrid_Concat_XGBoost,0.8871,0.8216,0.7473,0.9394,0.7827,0.7081,0.9326,0.8719,
Train1Val_Test,center,dna_prot_spliceai,nt_v2_500m,esmc_600m,PyTorch_Transformer,0.8888,0.8662,0.699,0.9597,0.7737,0.7081,0.936,0.8745,
Train1Val_Test,center,dna_prot,nt_v3_650m,esmc_600m,PyTorch_CrossAttn,0.8888,0.8701,0.6948,0.9612,0.7726,0.708,0.9355,0.8772,
Train1Val_Test,center,dna_prot_spliceai,nt_v1_500m,esmc_600m,Hybrid_Gating_XGBoost,0.8868,0.8168,0.7527,0.9369,0.7834,0.708,0.9272,0.8642,
Train1Val_Test,cls,bio_core_dna_spliceai,nt_v3_650m,,Hybrid_Concat_XGBoost,0.8827,0.773,0.8052,0.9117,0.7888,0.7079,0.9381,0.8655,
Train1Val_Test,center,bio,,,Hybrid_Concat_XGBoost,0.882,0.77,0.8076,0.9098,0.7883,0.707,0.9364,0.8625,
Train1Val_Test,center,bio,,,Hybrid_Concat_XGBoost,0.882,0.77,0.8076,0.9098,0.7883,0.707,0.9364,0.8625,
Train1Val_Test,center,dna_prot_spliceai,nt_v2_500m,esm1b_650m,Hybrid_Concat_XGBoost,0.8865,0.8224,0.7431,0.94,0.7807,0.7061,0.9268,0.8614,
Train1Val_Test,center,dna_prot_spliceai,nt_v2_500m,esmc_600m,PyTorch_Gating,0.8879,0.8625,0.6996,0.9583,0.7726,0.706,0.9332,0.8727,
Train1Val_Test,center,dna_prot_spliceai,nt_v1_500m,esmc_600m,PyTorch_Gating,0.8878,0.8618,0.6996,0.9581,0.7723,0.7056,0.9344,0.8738,
Train1Val_Test,center,dna_prot_spliceai,nt_v1_500m,esmc_600m,Hybrid_Transformer_XGBoost,0.885,0.8034,0.7642,0.9301,0.7833,0.7055,0.9279,0.863,
Train1Val_Test,center,dna_prot_spliceai,nt_v2_500m,esmc_600m,Hybrid_Gating_XGBoost,0.8858,0.8152,0.7503,0.9364,0.7814,0.7054,0.9289,0.8645,
Train1Val_Test,center,dna_prot_spliceai,nt_v3_650m,esmc_600m,Hybrid_Gating_XGBoost,0.8858,0.816,0.7491,0.9369,0.7811,0.7053,0.9262,0.8646,
Train1Val_Test,center,dna_prot_spliceai,nt_v3_650m,esmc_600m,PyTorch_Transformer,0.8878,0.8723,0.6882,0.9624,0.7694,0.7051,0.9345,0.8764,
Train1Val_Test,center,dna_prot,nt_v3_650m,esm1b_650m,Hybrid_CrossAttn_XGBoost,0.8848,0.8033,0.7636,0.9301,0.7829,0.705,0.9269,0.8577,
Train1Val_Test,mean,bio,,,Hybrid_Concat_XGBoost,0.8804,0.7632,0.8124,0.9058,0.787,0.7047,0.9379,0.8659,
Train1Val_Test,center,dna_prot,nt_v1_500m,esmc_600m,Hybrid_Transformer_XGBoost,0.8847,0.8036,0.7624,0.9304,0.7824,0.7045,0.9318,0.8706,
Train1Val_Test,center,dna_prot_spliceai,nt_v1_500m,esm1b_650m,Hybrid_Concat_XGBoost,0.8858,0.8207,0.7425,0.9394,0.7796,0.7044,0.9247,0.8567,
Train1Val_Test,center,dna_prot_spliceai,nt_v3_650m,esm1b_650m,PyTorch_Concat,0.8874,0.8676,0.6918,0.9606,0.7698,0.7044,0.9304,0.8635,
Train1Val_Test,center,dna_prot_spliceai,nt_v1_500m,esm1b_650m,Hybrid_Transformer_XGBoost,0.8852,0.8123,0.7515,0.9351,0.7807,0.704,0.9229,0.855,
Train1Val_Test,center,dna_prot,nt_v2_500m,esm1b_650m,PyTorch_Transformer,0.8868,0.8467,0.7129,0.9518,0.7741,0.7039,0.9304,0.8635,
Train1Val_Test,center,dna_prot_spliceai,nt_v3_650m,esm1b_650m,Hybrid_Transformer_XGBoost,0.8847,0.8059,0.7587,0.9317,0.7816,0.7039,0.9291,0.8575,
Train1Val_Test,center,dna_prot_spliceai,nt_v1_500m,esm1b_650m,Hybrid_Gating_XGBoost,0.8856,0.8214,0.7407,0.9398,0.7789,0.7038,0.9235,0.8542,
Train1Val_Test,center,dna_prot_spliceai,nt_v1_500m,esmc_600m,PyTorch_Transformer,0.8873,0.8698,0.6888,0.9615,0.7688,0.7038,0.9333,0.873,
Train1Val_Test,center,dna_prot,nt_v1_500m,esmc_600m,PyTorch_CrossAttn,0.887,0.8544,0.7045,0.9551,0.7722,0.7037,0.9333,0.8725,
Train1Val_Test,center,dna_prot,nt_v1_500m,esmc_600m,PyTorch_Transformer,0.8856,0.8244,0.7364,0.9414,0.778,0.7033,0.9297,0.8664,
Train1Val_Test,center,dna_prot,nt_v2_500m,esm1b_650m,PyTorch_CrossAttn,0.8866,0.8476,0.7111,0.9522,0.7734,0.7033,0.9289,0.864,
Train1Val_Test,center,bio_core_dna_spliceai,nt_v1_500m,,Hybrid_Concat_XGBoost,0.8812,0.7728,0.7979,0.9123,0.7852,0.7033,0.9364,0.8536,
Train1Val_Test,cls,bio_core_dna_spliceai,nt_v1_500m,,PyTorch_Concat,0.8861,0.8361,0.7232,0.947,0.7755,0.7031,0.9392,0.8618,
Train1Val_Test,center,dna_prot_spliceai,nt_v3_650m,esm1b_650m,PyTorch_Transformer,0.8863,0.8434,0.7147,0.9504,0.7738,0.7028,0.9314,0.8599,
Train1Val_Test,center,dna_prot_spliceai,nt_v3_650m,esmc_600m,PyTorch_CrossAttn,0.8868,0.8667,0.69,0.9603,0.7683,0.7026,0.9337,0.8743,
Train1Val_Test,center,dna_prot,nt_v1_500m,esmc_600m,Hybrid_Concat_XGBoost,0.8853,0.8238,0.7358,0.9412,0.7773,0.7024,0.9282,0.8666,
Train1Val_Test,center,dna_prot,nt_v1_500m,esmc_600m,Hybrid_Gating_XGBoost,0.8843,0.8084,0.7533,0.9333,0.7799,0.7024,0.9251,0.8625,
Train1Val_Test,center,dna_prot,nt_v1_500m,esmc_600m,Hybrid_CrossAttn_XGBoost,0.8832,0.7964,0.7666,0.9268,0.7812,0.7018,0.9274,0.865,
Train1Val_Test,center,dna_prot,nt_v2_500m,esmc_600m,Hybrid_Gating_XGBoost,0.8845,0.8142,0.7455,0.9364,0.7783,0.7017,0.9284,0.8644,
Train1Val_Test,mean,bio,,,PyTorch_Concat,0.886,0.8467,0.7093,0.952,0.7719,0.7015,0.9414,0.8694,
Train1Val_Test,center,dna_prot,nt_v3_650m,esm1b_650m,PyTorch_Transformer,0.8865,0.8762,0.6785,0.9642,0.7648,0.7014,0.9291,0.8629,
Train1Val_Test,center,dna_prot,nt_v3_650m,esmc_600m,PyTorch_Transformer,0.8863,0.8631,0.6918,0.959,0.768,0.7013,0.9356,0.8757,
Train1Val_Test,center,dna_prot,nt_v2_500m,esmc_600m,PyTorch_Transformer,0.8863,0.8642,0.6906,0.9594,0.7677,0.7013,0.9336,0.8721,
Train1Val_Test,center,dna_prot,nt_v3_650m,esm1b_650m,Pure_XGBoost_Concat,0.8847,0.8194,0.7388,0.9391,0.777,0.7012,0.9247,0.8525,
Train1Val_Test,cls,bio,,,PyTorch_Concat,0.8863,0.8664,0.6882,0.9603,0.7671,0.7012,0.9424,0.8705,
Train1Val_Test,center,dna_prot_spliceai,nt_v2_500m,esmc_600m,Hybrid_Concat_XGBoost,0.8843,0.8141,0.7449,0.9364,0.778,0.7012,0.9314,0.8713,
Train1Val_Test,cls,bio,,,PyTorch_Concat,0.8863,0.8664,0.6882,0.9603,0.7671,0.7012,0.9424,0.8705,
Train1Val_Test,center,dna_prot_spliceai,nt_v3_650m,esm1b_650m,Pure_XGBoost_Concat,0.8845,0.8172,0.7413,0.938,0.7774,0.7011,0.9279,0.8601,
Train1Val_Test,center,prot_spliceai,,esmc_600m,Pure_XGBoost_Concat,0.8848,0.8234,0.734,0.9412,0.7761,0.701,0.9258,0.862,
Train1Val_Test,center,dna_prot_spliceai,nt_v3_650m,esmc_600m,PyTorch_Gating,0.8863,0.8857,0.6683,0.9678,0.7618,0.7008,0.9321,0.873,
Train1Val_Test,cls,bio_dna,nt_v3_650m,,Hybrid_Concat_XGBoost,0.8791,0.7624,0.807,0.906,0.7841,0.7007,0.9407,0.8698,
Train1Val_Test,cls,bio_dna,nt_v3_650m,,Hybrid_Concat_XGBoost,0.8791,0.7624,0.807,0.906,0.7841,0.7007,0.9407,0.8698,
Train1Val_Test,center,dna_prot,nt_v3_650m,esmc_600m,Pure_XGBoost_Concat,0.8848,0.8274,0.7286,0.9432,0.7749,0.7004,0.9282,0.8659,
Train1Val_Test,center,dna_prot_spliceai,nt_v2_500m,esmc_600m,PyTorch_CrossAttn,0.8852,0.835,0.7201,0.9468,0.7733,0.7004,0.9328,0.8712,
Train1Val_Test,center,dna_prot,nt_v3_650m,esmc_600m,Hybrid_Gating_XGBoost,0.8837,0.8091,0.7491,0.934,0.778,0.7003,0.9261,0.863,
Train1Val_Test,center,dna_prot,nt_v2_500m,esm1b_650m,PyTorch_Gating,0.8858,0.8574,0.696,0.9567,0.7683,0.7003,0.9287,0.8603,
Train1Val_Test,center,prot_spliceai,,esmc_600m,PyTorch_Concat,0.8856,0.8546,0.6984,0.9556,0.7687,0.7,0.9342,0.8761,
Train1Val_Test,center,dna_prot,nt_v2_500m,esmc_600m,Pure_XGBoost_Concat,0.8847,0.8332,0.7201,0.9461,0.7726,0.6992,0.9244,0.8599,
Train1Val_Test,center,dna_prot_spliceai,nt_v2_500m,esmc_600m,Pure_XGBoost_Concat,0.8843,0.8266,0.7274,0.943,0.7738,0.6991,0.9243,0.8614,
Train1Val_Test,center,dna_prot_spliceai,nt_v1_500m,esmc_600m,Pure_XGBoost_Concat,0.8843,0.827,0.7268,0.9432,0.7737,0.699,0.928,0.8627,
Train1Val_Test,center,dna_prot,nt_v1_500m,esmc_600m,PyTorch_Concat,0.8853,0.8586,0.6924,0.9574,0.7666,0.6988,0.9341,0.8702,
Train1Val_Test,cls,bio_core_dna_spliceai,nt_v2_500m,,Hybrid_Concat_XGBoost,0.8792,0.7686,0.7955,0.9105,0.7819,0.6986,0.9363,0.8527,
Train1Val_Test,center,dna_prot,nt_v2_500m,esm1b_650m,PyTorch_Concat,0.8852,0.8585,0.6918,0.9574,0.7662,0.6983,0.9312,0.8653,
Train1Val_Test,center,dna_prot,nt_v3_650m,esm1b_650m,PyTorch_Gating,0.885,0.8537,0.6966,0.9554,0.7672,0.6982,0.9299,0.8634,
Train1Val_Test,center,prot_spliceai,,esm1b_650m,Pure_XGBoost_Concat,0.8827,0.806,0.7491,0.9326,0.7765,0.698,0.9234,0.8548,
Train1Val_Test,center,dna_prot,nt_v1_500m,esm1b_650m,Hybrid_Transformer_XGBoost,0.8825,0.8047,0.7503,0.9319,0.7765,0.6978,0.9241,0.8543,
Train1Val_Test,center,bio_core_dna_spliceai,nt_v1_500m,,PyTorch_Concat,0.8843,0.8377,0.7129,0.9484,0.7703,0.6977,0.9365,0.852,
Train1Val_Test,center,dna_prot_spliceai,nt_v2_500m,esm1b_650m,PyTorch_Concat,0.8847,0.8498,0.6996,0.9538,0.7674,0.6975,0.9318,0.8608,
Train1Val_Test,mean,dna_prot_spliceai,nt_v3_650m,esm1b_650m,Hybrid_Transformer_XGBoost,0.8814,0.7916,0.7654,0.9247,0.7783,0.6975,0.9232,0.8466,
Train1Val_Test,center,dna_prot,nt_v2_500m,esmc_600m,PyTorch_Gating,0.8845,0.8533,0.6948,0.9554,0.766,0.6968,0.9311,0.8668,
Train1Val_Test,mean,dna_prot,nt_v3_650m,esm1b_650m,Hybrid_Transformer_XGBoost,0.8812,0.7933,0.7618,0.9259,0.7772,0.6966,0.9212,0.8428,
Train1Val_Test,center,prot,,esmc_600m,Pure_XGBoost_Concat,0.883,0.8186,0.7322,0.9394,0.773,0.6965,0.9271,0.8631,
Train1Val_Test,center,prot,,esmc_600m,Pure_XGBoost_Concat,0.883,0.8186,0.7322,0.9394,0.773,0.6965,0.9271,0.8631,
Train1Val_Test,center,prot,,esmc_600m,Pure_XGBoost_Concat,0.883,0.8186,0.7322,0.9394,0.773,0.6965,0.9271,0.8631,
Train1Val_Test,center,prot,,esmc_600m,Pure_XGBoost_Concat,0.883,0.8186,0.7322,0.9394,0.773,0.6965,0.9271,0.8631,
Train1Val_Test,center,prot,,esmc_600m,Pure_XGBoost_Concat,0.883,0.8186,0.7322,0.9394,0.773,0.6965,0.9271,0.8631,
Train1Val_Test,center,dna_prot_spliceai,nt_v3_650m,esm1b_650m,Hybrid_Concat_XGBoost,0.8824,0.8081,0.7443,0.934,0.7749,0.6965,0.9281,0.8586,
Train1Val_Test,center,dna_prot_spliceai,nt_v1_500m,esm1b_650m,Hybrid_CrossAttn_XGBoost,0.8822,0.8068,0.7455,0.9333,0.7749,0.6963,0.9241,0.8538,
Train1Val_Test,cls,bio_dna,nt_v3_650m,,PyTorch_Concat,0.884,0.8453,0.7021,0.952,0.7671,0.696,0.9387,0.8661,
Train1Val_Test,cls,bio_dna,nt_v3_650m,,PyTorch_Concat,0.884,0.8453,0.7021,0.952,0.7671,0.696,0.9387,0.8661,
Train1Val_Test,center,dna_prot,nt_v1_500m,esm1b_650m,Hybrid_Gating_XGBoost,0.8825,0.814,0.7364,0.9371,0.7733,0.6959,0.9227,0.8516,
Train1Val_Test,mean,dna_prot_spliceai,nt_v3_650m,esm1b_650m,PyTorch_Concat,0.8827,0.8175,0.7322,0.9389,0.7725,0.6957,0.9248,0.8497,
Train1Val_Test,mean,bio_core_dna_spliceai,nt_v1_500m,,PyTorch_Concat,0.8842,0.8568,0.6894,0.957,0.764,0.6956,0.9411,0.8644,
Train1Val_Test,center,prot,,esmc_600m,PyTorch_Concat,0.8842,0.8808,0.6641,0.9664,0.7572,0.6949,0.936,0.8763,
Train1Val_Test,center,prot,,esmc_600m,PyTorch_Concat,0.8842,0.8808,0.6641,0.9664,0.7572,0.6949,0.936,0.8763,
Train1Val_Test,center,prot,,esmc_600m,PyTorch_Concat,0.8842,0.8808,0.6641,0.9664,0.7572,0.6949,0.936,0.8763,
Train1Val_Test,center,prot,,esmc_600m,PyTorch_Concat,0.8842,0.8808,0.6641,0.9664,0.7572,0.6949,0.936,0.8763,
Train1Val_Test,center,prot,,esmc_600m,PyTorch_Concat,0.8842,0.8808,0.6641,0.9664,0.7572,0.6949,0.936,0.8763,
Train1Val_Test,center,dna_prot_spliceai,nt_v3_650m,esm1v_650m,PyTorch_CrossAttn,0.8837,0.8497,0.6954,0.954,0.7648,0.6947,0.9248,0.8566,
Train1Val_Test,center,dna_prot,nt_v1_500m,esmc_600m,PyTorch_Gating,0.884,0.87,0.6743,0.9624,0.7598,0.6946,0.9327,0.8708,
Train1Val_Test,center,bio,,,PyTorch_Concat,0.8829,0.8278,0.7189,0.9441,0.7695,0.6946,0.9402,0.8679,
Train1Val_Test,center,bio,,,PyTorch_Concat,0.8829,0.8278,0.7189,0.9441,0.7695,0.6946,0.9402,0.8679,
Train1Val_Test,center,prot_spliceai,,esm1b_650m,PyTorch_Concat,0.8838,0.8659,0.6779,0.9608,0.7605,0.6943,0.9314,0.863,
Train1Val_Test,center,dna_prot,nt_v1_500m,esm1b_650m,Pure_XGBoost_Concat,0.8819,0.8127,0.7352,0.9367,0.772,0.6941,0.9209,0.8512,
Train1Val_Test,cls,bio_core_dna_spliceai,nt_v2_500m,,PyTorch_Concat,0.8833,0.8449,0.6996,0.952,0.7654,0.6941,0.9339,0.8523,
Train1Val_Test,center,dna_prot,nt_v3_650m,esm1b_650m,PyTorch_Concat,0.8837,0.8687,0.6743,0.9619,0.7593,0.6937,0.9274,0.8558,
Train1Val_Test,center,dna_prot,nt_v1_500m,esm1b_650m,Hybrid_CrossAttn_XGBoost,0.8811,0.8039,0.7443,0.9322,0.7729,0.6935,0.9239,0.8553,
Train1Val_Test,center,dna_prot,nt_v1_500m,esmc_600m,Pure_XGBoost_Concat,0.8822,0.8228,0.7226,0.9419,0.7694,0.6934,0.9258,0.8615,
Train1Val_Test,center,dna_prot,nt_v1_500m,esm1b_650m,PyTorch_Gating,0.8833,0.8601,0.6821,0.9585,0.7608,0.6931,0.9237,0.8534,
Train1Val_Test,center,dna_prot,nt_v1_500m,esm1b_650m,PyTorch_CrossAttn,0.8833,0.8623,0.6797,0.9594,0.7602,0.693,0.9262,0.8576,
Train1Val_Test,center,dna_prot,nt_v2_500m,esm1b_650m,Pure_XGBoost_Concat,0.8814,0.8119,0.734,0.9364,0.771,0.6928,0.9224,0.8533,
Train1Val_Test,center,dna_prot_spliceai,nt_v2_500m,esm1v_650m,Hybrid_CrossAttn_XGBoost,0.8794,0.7875,0.7624,0.9231,0.7747,0.6926,0.9276,0.8588,
Train1Val_Test,center,dna_prot_spliceai,nt_v2_500m,esm1b_650m,Pure_XGBoost_Concat,0.8812,0.8109,0.7346,0.936,0.7709,0.6925,0.9239,0.8528,
Train1Val_Test,center,dna_prot,nt_v2_500m,esmc_600m,PyTorch_CrossAttn,0.8832,0.8916,0.6496,0.9705,0.7516,0.6922,0.9345,0.8762,
Train1Val_Test,center,dna_prot_spliceai,nt_v1_500m,esm1b_650m,Pure_XGBoost_Concat,0.8807,0.8056,0.74,0.9333,0.7715,0.6921,0.9236,0.8524,
Train1Val_Test,center,dna_prot_spliceai,nt_v2_500m,esm1b_650m,PyTorch_Transformer,0.8825,0.8448,0.696,0.9522,0.7632,0.6918,0.9256,0.8526,
Train1Val_Test,mean,dna_prot,nt_v2_500m,esm1b_650m,Hybrid_Transformer_XGBoost,0.8792,0.7888,0.7593,0.924,0.7738,0.6917,0.9249,0.8471,
Train1Val_Test,center,dna_prot_spliceai,nt_v2_500m,esm1v_650m,Hybrid_Gating_XGBoost,0.8802,0.8009,0.7449,0.9308,0.7719,0.6917,0.9258,0.8556,
Train1Val_Test,mean,dna_prot_spliceai,nt_v3_650m,esm1b_650m,Hybrid_Concat_XGBoost,0.8799,0.7964,0.7503,0.9283,0.7727,0.6917,0.9234,0.8462,
Train1Val_Test,center,dna_prot_spliceai,nt_v2_500m,esm1v_650m,Hybrid_Transformer_XGBoost,0.8799,0.7968,0.7497,0.9286,0.7725,0.6916,0.923,0.8542,
Train1Val_Test,mean,dna_prot_spliceai,nt_v3_650m,esmc_600m,PyTorch_Gating,0.8817,0.8311,0.7093,0.9461,0.7654,0.6908,0.9243,0.8565,
Train1Val_Test,center,dna_prot,nt_v2_500m,esm1v_650m,Hybrid_Transformer_XGBoost,0.8788,0.7874,0.7593,0.9234,0.7731,0.6906,0.9239,0.852,
Train1Val_Test,center,dna_prot_spliceai,nt_v1_500m,esm1b_650m,PyTorch_CrossAttn,0.882,0.856,0.6809,0.9572,0.7585,0.6896,0.9277,0.8548,
Train1Val_Test,center,dna_prot,nt_v3_650m,esm1v_650m,Hybrid_Transformer_XGBoost,0.8788,0.7914,0.7527,0.9259,0.7716,0.6895,0.9226,0.8518,
Train1Val_Test,mean,dna_prot_spliceai,nt_v2_500m,esm1b_650m,PyTorch_CrossAttn,0.8804,0.8166,0.7226,0.9394,0.7667,0.689,0.9238,0.847,
Train1Val_Test,center,dna_prot,nt_v2_500m,esm1v_650m,Hybrid_CrossAttn_XGBoost,0.8774,0.781,0.7636,0.92,0.7722,0.6885,0.9234,0.8553,
Train1Val_Test,center,dna_prot,nt_v2_500m,esm1v_650m,Hybrid_Gating_XGBoost,0.8786,0.7931,0.7491,0.927,0.7705,0.6885,0.9199,0.8475,
Train1Val_Test,center,dna_prot,nt_v1_500m,esm1b_650m,PyTorch_Transformer,0.8817,0.8601,0.6749,0.959,0.7563,0.6884,0.9272,0.8601,
Train1Val_Test,mean,dna_prot,nt_v3_650m,esm1b_650m,Hybrid_CrossAttn_XGBoost,0.8776,0.7832,0.7606,0.9213,0.7717,0.6883,0.9216,0.8466,
Train1Val_Test,mean,dna_prot,nt_v3_650m,esmc_600m,PyTorch_Transformer,0.8811,0.8359,0.7002,0.9486,0.7621,0.6883,0.9244,0.8545,
Train1Val_Test,center,dna_prot_spliceai,nt_v1_500m,esm1b_650m,PyTorch_Gating,0.8815,0.8651,0.6689,0.961,0.7544,0.6878,0.9248,0.8557,
Train1Val_Test,mean,dna_prot_spliceai,nt_v2_500m,esm1b_650m,Hybrid_CrossAttn_XGBoost,0.8781,0.7908,0.7503,0.9259,0.77,0.6876,0.9206,0.8456,
Train1Val_Test,center,dna_prot,nt_v3_650m,esm1v_650m,PyTorch_Transformer,0.8812,0.8511,0.6828,0.9554,0.7577,0.6875,0.9243,0.853,
Train1Val_Test,center,dna_prot,nt_v3_650m,esm1v_650m,Hybrid_CrossAttn_XGBoost,0.8778,0.7876,0.7539,0.924,0.7704,0.6875,0.9243,0.8536,
Train1Val_Test,center,dna_prot_spliceai,nt_v2_500m,esm1b_650m,PyTorch_Gating,0.8814,0.8599,0.6737,0.959,0.7555,0.6875,0.9287,0.8604,
Train1Val_Test,center,dna_prot_spliceai,nt_v1_500m,esmc_600m,PyTorch_Concat,0.8814,0.8761,0.6568,0.9653,0.7508,0.6871,0.9323,0.872,
Train1Val_Test,mean,dna_prot,nt_v2_500m,esmc_600m,PyTorch_Concat,0.8812,0.862,0.6707,0.9599,0.7544,0.687,0.9224,0.8551,
Train1Val_Test,cls,bio_core_dna_spliceai,nt_v3_650m,,PyTorch_Concat,0.8812,0.8712,0.661,0.9635,0.7517,0.6867,0.9385,0.8609,
Train1Val_Test,center,prot_spliceai,,esm1v_650m,Hybrid_Concat_XGBoost,0.8774,0.7877,0.7521,0.9243,0.7695,0.6864,0.9259,0.8564,
Train1Val_Test,mean,dna_prot,nt_v3_650m,esmc_600m,PyTorch_Concat,0.8791,0.8097,0.7262,0.9362,0.7657,0.6863,0.9236,0.8544,
Train1Val_Test,mean,dna_prot_spliceai,nt_v1_500m,esm1b_650m,Hybrid_Transformer_XGBoost,0.8763,0.7766,0.7654,0.9177,0.771,0.6863,0.9224,0.8429,
Train1Val_Test,mean,dna_prot,nt_v1_500m,esm1b_650m,Hybrid_CrossAttn_XGBoost,0.8763,0.7776,0.7636,0.9184,0.7705,0.6859,0.9176,0.8428,
Train1Val_Test,mean,dna_prot,nt_v1_500m,esm1b_650m,Hybrid_Transformer_XGBoost,0.8768,0.7836,0.7557,0.922,0.7694,0.6856,0.9203,0.8399,
Train1Val_Test,center,dna_prot,nt_v1_500m,esm1b_650m,PyTorch_Concat,0.8807,0.8634,0.6671,0.9606,0.7526,0.6855,0.9253,0.8587,
Train1Val_Test,center,dna_prot_spliceai,nt_v1_500m,esm1b_650m,PyTorch_Concat,0.8807,0.8645,0.6659,0.961,0.7523,0.6855,0.9237,0.8536,
Train1Val_Test,center,dna_prot_spliceai,nt_v1_500m,esm1b_650m,PyTorch_Transformer,0.8804,0.8474,0.6834,0.954,0.7566,0.6854,0.9246,0.8572,
Train1Val_Test,center,dna_prot_spliceai,nt_v3_650m,esm1v_650m,Hybrid_Transformer_XGBoost,0.8768,0.7858,0.7521,0.9234,0.7686,0.685,0.9254,0.8545,
Train1Val_Test,mean,dna_prot,nt_v2_500m,esm1b_650m,Hybrid_CrossAttn_XGBoost,0.8769,0.7877,0.7497,0.9245,0.7682,0.6849,0.9199,0.8419,
Train1Val_Test,mean,dna_prot_spliceai,nt_v3_650m,esm1b_650m,Hybrid_Gating_XGBoost,0.8765,0.783,0.7551,0.9218,0.7688,0.6848,0.9203,0.8412,
Train1Val_Test,mean,dna_prot,nt_v2_500m,esm1b_650m,PyTorch_Gating,0.8802,0.8505,0.6791,0.9554,0.7552,0.6847,0.929,0.8587,
Train1Val_Test,center,dna_prot_spliceai,nt_v3_650m,esm1v_650m,Hybrid_Concat_XGBoost,0.8771,0.7904,0.7461,0.9261,0.7676,0.6847,0.927,0.8505,
Train1Val_Test,mean,dna_prot,nt_v2_500m,esmc_600m,PyTorch_CrossAttn,0.8801,0.8514,0.6773,0.9558,0.7545,0.6842,0.9202,0.8524,
Train1Val_Test,mean,dna_prot,nt_v3_650m,esm1b_650m,Hybrid_Concat_XGBoost,0.8766,0.7871,0.7491,0.9243,0.7676,0.6841,0.9199,0.8428,
Train1Val_Test,center,dna_prot_spliceai,nt_v3_650m,esm1v_650m,PyTorch_Gating,0.8797,0.8449,0.6834,0.9531,0.7556,0.6837,0.9225,0.8504,
Train1Val_Test,mean,dna_prot,nt_v3_650m,esm1b_650m,PyTorch_Transformer,0.8796,0.8417,0.6864,0.9518,0.7561,0.6835,0.9255,0.8455,
Train1Val_Test,mean,dna_prot_spliceai,nt_v3_650m,esm1b_650m,PyTorch_CrossAttn,0.8796,0.8427,0.6852,0.9522,0.7558,0.6834,0.926,0.8497,
Train1Val_Test,mean,dna_prot_spliceai,nt_v3_650m,esmc_600m,PyTorch_Concat,0.8797,0.8491,0.6785,0.9549,0.7543,0.6834,0.9251,0.8574,
Train1Val_Test,mean,dna_prot_spliceai,nt_v3_650m,esm1b_650m,Hybrid_CrossAttn_XGBoost,0.8753,0.7765,0.7606,0.9182,0.7684,0.6832,0.9191,0.8421,
Train1Val_Test,mean,dna_prot_spliceai,nt_v2_500m,esm1b_650m,Hybrid_Gating_XGBoost,0.8763,0.7868,0.7479,0.9243,0.7669,0.6831,0.9227,0.8438,
Train1Val_Test,center,dna_prot,nt_v3_650m,esm1v_650m,Hybrid_Concat_XGBoost,0.8763,0.7872,0.7473,0.9245,0.7667,0.683,0.9245,0.8546,
Train1Val_Test,mean,dna_prot,nt_v2_500m,esm1b_650m,Hybrid_Gating_XGBoost,0.8761,0.7859,0.7485,0.9238,0.7668,0.6829,0.9192,0.8393,
Train1Val_Test,mean,dna_prot,nt_v3_650m,esm1b_650m,PyTorch_Gating,0.8784,0.8195,0.7093,0.9416,0.7604,0.6827,0.9263,0.8474,
Train1Val_Test,center,dna_prot_spliceai,nt_v2_500m,esm1v_650m,PyTorch_CrossAttn,0.8794,0.8457,0.6809,0.9536,0.7544,0.6827,0.9285,0.8601,
Train1Val_Test,mean,dna_prot,nt_v1_500m,esm1b_650m,PyTorch_Concat,0.8789,0.8333,0.6936,0.9482,0.7571,0.6824,0.9256,0.8499,
Train1Val_Test,center,dna_prot_spliceai,nt_v3_650m,esm1v_650m,Hybrid_CrossAttn_XGBoost,0.8755,0.7811,0.7533,0.9211,0.767,0.6822,0.9234,0.8539,
Train1Val_Test,center,dna_prot_spliceai,nt_v1_500m,esm1v_650m,Hybrid_Gating_XGBoost,0.8763,0.7909,0.7413,0.9268,0.7653,0.6821,0.9206,0.8488,
Train1Val_Test,mean,dna_prot_spliceai,nt_v1_500m,esm1b_650m,PyTorch_Concat,0.8786,0.8326,0.693,0.9479,0.7564,0.6815,0.9257,0.8494,
Train1Val_Test,center,dna_prot,nt_v3_650m,esm2_650m,Hybrid_CrossAttn_XGBoost,0.8771,0.8044,0.7244,0.9342,0.7623,0.6814,0.9178,0.8382,
Train1Val_Test,center,dna_prot_spliceai,nt_v3_650m,esm1v_650m,PyTorch_Transformer,0.8789,0.8438,0.6809,0.9529,0.7537,0.6814,0.9245,0.8523,
Train1Val_Test,center,dna_prot_spliceai,nt_v1_500m,esm1v_650m,Hybrid_CrossAttn_XGBoost,0.8745,0.7744,0.76,0.9173,0.7671,0.6813,0.9229,0.8484,
Train1Val_Test,mean,dna_prot,nt_v2_500m,esm1b_650m,PyTorch_CrossAttn,0.8774,0.8118,0.7153,0.938,0.7605,0.681,0.9207,0.8369,
Train1Val_Test,mean,dna_prot_spliceai,nt_v3_650m,esm1b_650m,PyTorch_Transformer,0.8788,0.8427,0.6815,0.9524,0.7536,0.681,0.9277,0.8536,
Train1Val_Test,center,dna_prot_spliceai,nt_v2_500m,esm1v_650m,Hybrid_Concat_XGBoost,0.8763,0.7954,0.734,0.9295,0.7635,0.6809,0.9239,0.8534,
Train1Val_Test,mean,dna_prot,nt_v1_500m,esm1b_650m,PyTorch_CrossAttn,0.8784,0.8344,0.69,0.9488,0.7554,0.6808,0.9263,0.8506,
Train1Val_Test,center,dna_prot_spliceai,nt_v3_650m,esm1v_650m,PyTorch_Concat,0.8783,0.8309,0.6936,0.9473,0.7561,0.6807,0.9259,0.8541,
Train1Val_Test,mean,dna_prot_spliceai,nt_v1_500m,esm1b_650m,PyTorch_Transformer,0.8781,0.828,0.6966,0.9459,0.7566,0.6806,0.9224,0.8419,
Train1Val_Test,mean,dna_prot_spliceai,nt_v1_500m,esm1b_650m,Hybrid_Gating_XGBoost,0.8751,0.7837,0.7473,0.9229,0.7651,0.6805,0.9215,0.8415,
Train1Val_Test,mean,prot,,esm1b_650m,PyTorch_Concat,0.8783,0.8373,0.6858,0.9502,0.754,0.6801,0.9268,0.8512,
Train1Val_Test,mean,prot,,esm1b_650m,PyTorch_Concat,0.8783,0.8373,0.6858,0.9502,0.754,0.6801,0.9268,0.8512,
Train1Val_Test,mean,prot,,esm1b_650m,PyTorch_Concat,0.8783,0.8373,0.6858,0.9502,0.754,0.6801,0.9268,0.8512,
Train1Val_Test,mean,prot,,esm1b_650m,PyTorch_Concat,0.8783,0.8373,0.6858,0.9502,0.754,0.6801,0.9268,0.8512,
Train1Val_Test,center,dna_prot_spliceai,nt_v3_650m,esm1v_650m,Pure_XGBoost_Concat,0.8766,0.8036,0.7232,0.934,0.7613,0.6801,0.9212,0.8449,
Train1Val_Test,center,dna_prot,nt_v1_500m,esm1v_650m,PyTorch_Transformer,0.8778,0.8254,0.6984,0.9448,0.7566,0.68,0.92,0.8478,
Train1Val_Test,center,dna_prot,nt_v2_500m,esm1v_650m,PyTorch_Transformer,0.8769,0.8097,0.7159,0.9371,0.7599,0.6799,0.9219,0.8507,
Train1Val_Test,center,dna_prot_spliceai,nt_v3_650m,esm1v_650m,Hybrid_Gating_XGBoost,0.8751,0.7869,0.7419,0.9249,0.7637,0.6795,0.9221,0.8537,
Train1Val_Test,mean,dna_prot,nt_v2_500m,esmc_600m,PyTorch_Transformer,0.8779,0.8365,0.6852,0.95,0.7533,0.6792,0.9239,0.855,
Train1Val_Test,mean,dna_prot,nt_v3_650m,esmc_600m,PyTorch_CrossAttn,0.8779,0.839,0.6821,0.9511,0.7525,0.679,0.9216,0.8509,
Train1Val_Test,mean,dna_prot_spliceai,nt_v3_650m,esmc_600m,PyTorch_CrossAttn,0.8779,0.839,0.6821,0.9511,0.7525,0.679,0.9216,0.8497,
Train1Val_Test,mean,dna_prot,nt_v1_500m,esm1b_650m,PyTorch_Gating,0.8774,0.8275,0.6942,0.9459,0.755,0.6787,0.9252,0.8496,
Train1Val_Test,mean,dna_prot_spliceai,nt_v2_500m,esm1b_650m,Hybrid_Transformer_XGBoost,0.8742,0.7793,0.7497,0.9207,0.7642,0.6787,0.9208,0.841,
Train1Val_Test,mean,prot_spliceai,,esm1b_650m,Hybrid_Concat_XGBoost,0.8743,0.7812,0.7473,0.9218,0.7639,0.6786,0.9196,0.8388,
Train1Val_Test,center,dna_prot_spliceai,nt_v1_500m,esm1v_650m,PyTorch_Transformer,0.8771,0.8226,0.699,0.9437,0.7558,0.6784,0.9222,0.8467,
Train1Val_Test,mean,dna_prot_spliceai,nt_v2_500m,esm1b_650m,Hybrid_Concat_XGBoost,0.8745,0.7842,0.7431,0.9236,0.7631,0.6783,0.9197,0.8397,
Train1Val_Test,mean,dna_prot,nt_v3_650m,esmc_600m,PyTorch_Gating,0.8778,0.844,0.6755,0.9533,0.7504,0.6781,0.9215,0.8501,
Train1Val_Test,mean,dna_prot_spliceai,nt_v1_500m,esm1b_650m,PyTorch_CrossAttn,0.8771,0.8253,0.6954,0.945,0.7548,0.678,0.9242,0.85,
Train1Val_Test,mean,dna_prot_spliceai,nt_v2_500m,esmc_600m,PyTorch_Transformer,0.8779,0.8521,0.6671,0.9567,0.7483,0.678,0.9217,0.8538,
Train1Val_Test,mean,dna_prot_spliceai,nt_v2_500m,esm1b_650m,PyTorch_Gating,0.8778,0.8477,0.6713,0.9549,0.7492,0.6778,0.9254,0.8484,
Train1Val_Test,mean,dna_prot,nt_v2_500m,esm1b_650m,PyTorch_Concat,0.8761,0.8086,0.7135,0.9369,0.7581,0.6777,0.9209,0.8373,
Train1Val_Test,center,dna_prot,nt_v1_500m,esm1v_650m,Hybrid_Gating_XGBoost,0.8745,0.7883,0.7364,0.9261,0.7615,0.6772,0.9198,0.8448,
Train1Val_Test,center,dna_prot_spliceai,nt_v2_500m,esm1v_650m,PyTorch_Transformer,0.8778,0.8609,0.6568,0.9603,0.7451,0.6772,0.9239,0.8576,
Train1Val_Test,mean,dna_prot_spliceai,nt_v1_500m,esm1b_650m,Hybrid_CrossAttn_XGBoost,0.874,0.7824,0.7437,0.9227,0.7625,0.6772,0.9199,0.8378,
Train1Val_Test,center,dna_prot,nt_v3_650m,esm1v_650m,Hybrid_Gating_XGBoost,0.8738,0.7833,0.7413,0.9234,0.7617,0.6765,0.9209,0.8484,
Train1Val_Test,mean,dna_prot_spliceai,nt_v1_500m,esm1b_650m,Hybrid_Concat_XGBoost,0.8745,0.7909,0.7322,0.9277,0.7604,0.6765,0.9192,0.8368,
Train1Val_Test,mean,dna_prot_spliceai,nt_v3_650m,esmc_600m,PyTorch_Transformer,0.8773,0.8457,0.6713,0.9542,0.7485,0.6765,0.9216,0.8499,
Train1Val_Test,mean,dna_prot,nt_v1_500m,esm1b_650m,PyTorch_Transformer,0.8769,0.8383,0.6785,0.9511,0.75,0.6762,0.9254,0.8508,
Train1Val_Test,center,dna_prot,nt_v1_500m,esm1v_650m,Hybrid_Transformer_XGBoost,0.8733,0.779,0.7461,0.9209,0.7622,0.6762,0.9188,0.8435,
Train1Val_Test,center,dna_prot,nt_v2_500m,esm1v_650m,Hybrid_Concat_XGBoost,0.8748,0.7966,0.725,0.9308,0.7591,0.6761,0.9229,0.8497,
Train1Val_Test,center,dna_prot_spliceai,nt_v1_500m,esm1v_650m,PyTorch_Concat,0.8769,0.8429,0.6731,0.9531,0.7485,0.6758,0.9237,0.854,
Train1Val_Test,mean,dna_prot_spliceai,nt_v2_500m,esm1b_650m,PyTorch_Transformer,0.8761,0.82,0.6978,0.9428,0.754,0.6758,0.924,0.8434,
Train1Val_Test,center,dna_prot_spliceai,nt_v1_500m,esm1v_650m,PyTorch_CrossAttn,0.8771,0.8537,0.6616,0.9576,0.7455,0.6756,0.9231,0.8528,
Train1Val_Test,center,dna_prot_spliceai,nt_v1_500m,esm1v_650m,Hybrid_Concat_XGBoost,0.8743,0.7923,0.7292,0.9286,0.7594,0.6756,0.9218,0.8463,
Train1Val_Test,center,dna_prot_spliceai,nt_v2_500m,esm1v_650m,Pure_XGBoost_Concat,0.8751,0.8037,0.7159,0.9346,0.7573,0.6756,0.9182,0.844,
Train1Val_Test,mean,prot_spliceai,,esmc_600m,PyTorch_Concat,0.8765,0.8296,0.687,0.9473,0.7516,0.6756,0.922,0.8537,
Train1Val_Test,center,dna_prot_spliceai,nt_v3_650m,esm2_650m,Hybrid_CrossAttn_XGBoost,0.8735,0.7834,0.7394,0.9236,0.7608,0.6754,0.9176,0.8369,
Train1Val_Test,mean,dna_prot,nt_v2_500m,esmc_600m,PyTorch_Gating,0.8769,0.8503,0.6647,0.9563,0.7461,0.6753,0.922,0.8546,
Train1Val_Test,mean,prot_spliceai,,esm1b_650m,PyTorch_Concat,0.8761,0.8246,0.6918,0.945,0.7524,0.6752,0.9254,0.8466,
Train1Val_Test,mean,dna_prot_spliceai,nt_v1_500m,esmc_600m,PyTorch_Concat,0.8769,0.8552,0.6592,0.9583,0.7446,0.6751,0.9163,0.8469,
Train1Val_Test,mean,prot,,esm1b_650m,Hybrid_Concat_XGBoost,0.8728,0.7782,0.7449,0.9207,0.7612,0.6749,0.9193,0.8409,
Train1Val_Test,mean,prot,,esm1b_650m,Hybrid_Concat_XGBoost,0.8728,0.7782,0.7449,0.9207,0.7612,0.6749,0.9193,0.8409,
Train1Val_Test,mean,prot,,esm1b_650m,Hybrid_Concat_XGBoost,0.8728,0.7782,0.7449,0.9207,0.7612,0.6749,0.9193,0.8409,
Train1Val_Test,mean,prot,,esm1b_650m,Hybrid_Concat_XGBoost,0.8728,0.7782,0.7449,0.9207,0.7612,0.6749,0.9193,0.8409,
Train1Val_Test,center,dna_prot,nt_v3_650m,esm2_650m,Hybrid_Concat_XGBoost,0.8751,0.8082,0.7093,0.9371,0.7555,0.6748,0.9175,0.839,
Train1Val_Test,center,dna_prot,nt_v3_650m,esm1v_650m,PyTorch_Gating,0.8769,0.8609,0.6532,0.9606,0.7428,0.6748,0.9195,0.8496,
Train1Val_Test,mean,dna_prot,nt_v3_650m,esm1b_650m,PyTorch_CrossAttn,0.8765,0.8457,0.6677,0.9545,0.7462,0.6742,0.9248,0.8461,
Train1Val_Test,mean,dna_prot,nt_v3_650m,esmc_600m,Pure_XGBoost_Concat,0.8755,0.8177,0.6978,0.9419,0.753,0.6742,0.9138,0.8416,
Train1Val_Test,mean,dna_prot,nt_v1_500m,esmc_600m,PyTorch_Transformer,0.8766,0.859,0.6538,0.9599,0.7425,0.674,0.9124,0.8447,
Train1Val_Test,mean,dna_prot_spliceai,nt_v2_500m,esmc_600m,PyTorch_CrossAttn,0.8756,0.8247,0.6894,0.9452,0.751,0.6738,0.9211,0.8544,
Train1Val_Test,center,dna_prot,nt_v2_500m,esm1v_650m,Pure_XGBoost_Concat,0.8747,0.8057,0.7105,0.936,0.7551,0.6737,0.9166,0.8399,
Train1Val_Test,mean,dna_prot,nt_v3_650m,esm1b_650m,Hybrid_Gating_XGBoost,0.8724,0.7774,0.7437,0.9204,0.7602,0.6736,0.9181,0.8409,
Train1Val_Test,mean,dna_prot_spliceai,nt_v1_500m,esmc_600m,PyTorch_Transformer,0.8765,0.8577,0.6544,0.9594,0.7424,0.6735,0.9126,0.8439,
Train1Val_Test,mean,dna_prot,nt_v2_500m,esm1b_650m,Hybrid_Concat_XGBoost,0.8727,0.7816,0.7382,0.9229,0.7593,0.6734,0.9186,0.8424,
Train1Val_Test,mean,dna_prot_spliceai,nt_v2_500m,esmc_600m,PyTorch_Concat,0.8763,0.8509,0.661,0.9567,0.7441,0.6734,0.9237,0.8557,
Train1Val_Test,center,dna_prot,nt_v3_650m,esm1v_650m,PyTorch_Concat,0.8756,0.8299,0.6828,0.9477,0.7492,0.6732,0.9229,0.847,
Train1Val_Test,center,dna_prot,nt_v3_650m,esm1v_650m,Pure_XGBoost_Concat,0.8738,0.7969,0.7195,0.9315,0.7563,0.673,0.919,0.8415,
Train1Val_Test,center,dna_prot,nt_v2_500m,esm1v_650m,PyTorch_Concat,0.8758,0.8369,0.6749,0.9509,0.7472,0.6729,0.922,0.8482,
Train1Val_Test,mean,dna_prot,nt_v3_650m,esm1b_650m,PyTorch_Concat,0.8751,0.821,0.6918,0.9437,0.7509,0.6728,0.9225,0.8419,
Train1Val_Test,mean,dna_prot,nt_v1_500m,esm1b_650m,Hybrid_Gating_XGBoost,0.8709,0.7677,0.7533,0.9148,0.7604,0.6721,0.9179,0.8386,
Train1Val_Test,center,dna_prot,nt_v1_500m,esm1v_650m,Hybrid_Concat_XGBoost,0.8727,0.7882,0.7274,0.927,0.7566,0.6716,0.9166,0.8456,
Train1Val_Test,mean,dna_prot_spliceai,nt_v2_500m,esmc_600m,PyTorch_Gating,0.8753,0.8396,0.6695,0.9522,0.745,0.6713,0.9143,0.8459,
Train1Val_Test,mean,dna_prot,nt_v1_500m,esm1b_650m,Hybrid_Concat_XGBoost,0.872,0.7821,0.734,0.9236,0.7573,0.6712,0.9198,0.8411,
Train1Val_Test,cls,dna_prot,nt_v3_650m,esm1b_650m,PyTorch_CrossAttn,0.8745,0.8201,0.69,0.9434,0.7494,0.671,0.9188,0.8315,
Train1Val_Test,center,dna_prot_spliceai,nt_v2_500m,esm2_650m,PyTorch_Transformer,0.8735,0.8023,0.7099,0.9346,0.7533,0.6709,0.9158,0.8352,
Train1Val_Test,center,dna_prot_spliceai,nt_v1_500m,esm1v_650m,Pure_XGBoost_Concat,0.8732,0.7988,0.7135,0.9328,0.7537,0.6706,0.9164,0.8401,
Train1Val_Test,mean,dna_prot_spliceai,nt_v3_650m,esmc_600m,Pure_XGBoost_Concat,0.874,0.8134,0.6966,0.9403,0.7505,0.6705,0.9118,0.8391,
Train1Val_Test,center,dna_prot_spliceai,nt_v1_500m,esm1v_650m,Hybrid_Transformer_XGBoost,0.8702,0.7668,0.7515,0.9146,0.7591,0.6703,0.9195,0.8452,
Train1Val_Test,mean,dna_prot_spliceai,nt_v3_650m,esm1b_650m,Pure_XGBoost_Concat,0.8722,0.7874,0.7262,0.9268,0.7556,0.6702,0.9143,0.8292,
Train1Val_Test,center,dna_prot,nt_v1_500m,esm1v_650m,Hybrid_CrossAttn_XGBoost,0.8704,0.7692,0.7479,0.9162,0.7584,0.67,0.9191,0.8476,
Train1Val_Test,center,dna_prot,nt_v2_500m,esm1v_650m,PyTorch_CrossAttn,0.875,0.8533,0.6526,0.9581,0.7396,0.6695,0.9268,0.8548,
Train1Val_Test,mean,dna_prot_spliceai,nt_v1_500m,esm1b_650m,PyTorch_Gating,0.8745,0.8355,0.6707,0.9506,0.7441,0.6692,0.9247,0.8472,
Train1Val_Test,center,dna_prot_spliceai,nt_v1_500m,esm1v_650m,PyTorch_Gating,0.8748,0.8521,0.6532,0.9576,0.7395,0.6691,0.9193,0.8459,
Train1Val_Test,mean,dna_prot_spliceai,nt_v3_650m,esm1b_650m,PyTorch_Gating,0.8745,0.8385,0.6671,0.952,0.743,0.669,0.9239,0.8494,
Train1Val_Test,center,dna_prot,nt_v3_650m,esm1v_650m,PyTorch_CrossAttn,0.8748,0.8571,0.6478,0.9597,0.7379,0.6689,0.9227,0.8532,
Train1Val_Test,mean,prot_spliceai,,esmc_600m,Pure_XGBoost_Concat,0.873,0.8048,0.7039,0.9362,0.751,0.6689,0.9079,0.8362,
Train1Val_Test,center,prot_spliceai,,esm1v_650m,Pure_XGBoost_Concat,0.872,0.7919,0.7183,0.9295,0.7533,0.6686,0.917,0.8407,
Train1Val_Test,center,dna_prot,nt_v1_500m,esm1v_650m,PyTorch_Concat,0.8745,0.8513,0.6526,0.9574,0.7388,0.6682,0.9203,0.8477,
Train1Val_Test,center,dna_prot,nt_v3_650m,esm2_650m,Pure_XGBoost_Concat,0.8725,0.8036,0.7033,0.9358,0.7501,0.6677,0.9171,0.8337,
Train1Val_Test,center,dna_prot_spliceai,nt_v2_500m,esm1v_650m,PyTorch_Concat,0.8735,0.8235,0.6809,0.9455,0.7455,0.6676,0.9216,0.8471,
Train1Val_Test,center,dna_prot_spliceai,nt_v2_500m,esm1v_650m,PyTorch_Gating,0.8743,0.8597,0.6429,0.9608,0.7357,0.6674,0.9211,0.8494,
Train1Val_Test,center,dna_prot_spliceai,nt_v2_500m,esm2_650m,Hybrid_Gating_XGBoost,0.8727,0.808,0.6978,0.938,0.7489,0.6674,0.9148,0.8298,
Train1Val_Test,center,dna_prot,nt_v2_500m,esm2_650m,Hybrid_Gating_XGBoost,0.8728,0.8125,0.6924,0.9403,0.7476,0.6672,0.9119,0.8307,
Train1Val_Test,center,dna_prot_spliceai,nt_v2_500m,esm2_650m,Hybrid_Transformer_XGBoost,0.8725,0.8061,0.6996,0.9371,0.7491,0.6672,0.9128,0.8268,
Train1Val_Test,cls,dna_prot,nt_v1_500m,esm1b_650m,PyTorch_Concat,0.8733,0.8234,0.6803,0.9455,0.745,0.6671,0.9117,0.8241,
Train1Val_Test,center,dna_prot_spliceai,nt_v3_650m,esm2_650m,Hybrid_Concat_XGBoost,0.8722,0.8016,0.7045,0.9349,0.7499,0.6671,0.9171,0.8316,
Train1Val_Test,mean,dna_prot_spliceai,nt_v1_500m,esmc_600m,PyTorch_Gating,0.874,0.846,0.6562,0.9554,0.7391,0.667,0.9137,0.8439,
Train1Val_Test,mean,prot,,esm1b_650m,Pure_XGBoost_Concat,0.8709,0.7848,0.7238,0.9259,0.7531,0.6668,0.9068,0.8233,
Train1Val_Test,mean,prot,,esm1b_650m,Pure_XGBoost_Concat,0.8709,0.7848,0.7238,0.9259,0.7531,0.6668,0.9068,0.8233,
Train1Val_Test,mean,prot,,esm1b_650m,Pure_XGBoost_Concat,0.8709,0.7848,0.7238,0.9259,0.7531,0.6668,0.9068,0.8233,
Train1Val_Test,mean,prot,,esm1b_650m,Pure_XGBoost_Concat,0.8709,0.7848,0.7238,0.9259,0.7531,0.6668,0.9068,0.8233,
Train1Val_Test,center,dna_prot_spliceai,nt_v3_650m,esm2_650m,Pure_XGBoost_Concat,0.8724,0.806,0.699,0.9371,0.7487,0.6668,0.9172,0.8325,
Train1Val_Test,mean,dna_prot_spliceai,nt_v2_500m,esmc_600m,Pure_XGBoost_Concat,0.8727,0.8114,0.693,0.9398,0.7476,0.6668,0.9113,0.839,
Train1Val_Test,center,dna_prot,nt_v1_500m,esm1v_650m,PyTorch_Gating,0.8738,0.8514,0.6496,0.9576,0.7369,0.6663,0.9182,0.8459,
Train1Val_Test,center,dna_prot,nt_v1_500m,esm1v_650m,Pure_XGBoost_Concat,0.8717,0.798,0.7075,0.9331,0.75,0.6663,0.9147,0.8373,
Train1Val_Test,cls,dna_prot,nt_v1_500m,esm1b_650m,PyTorch_CrossAttn,0.8733,0.8336,0.6677,0.9502,0.7415,0.6661,0.9162,0.8299,
Train1Val_Test,center,dna_prot,nt_v2_500m,esm1v_650m,PyTorch_Gating,0.8737,0.8469,0.6538,0.9558,0.7379,0.666,0.9214,0.85,
Train1Val_Test,mean,dna_prot,nt_v2_500m,esmc_600m,Hybrid_Concat_XGBoost,0.8714,0.7953,0.7099,0.9317,0.7502,0.6659,0.9062,0.8351,
Train1Val_Test,mean,dna_prot,nt_v1_500m,esmc_600m,PyTorch_Concat,0.8737,0.8563,0.6435,0.9597,0.7348,0.6656,0.9124,0.8429,
Train1Val_Test,cls,dna_prot_spliceai,nt_v1_500m,esm1b_650m,PyTorch_Transformer,0.8725,0.8167,0.6852,0.9425,0.7452,0.6656,0.9171,0.8317,
Train1Val_Test,mean,dna_prot,nt_v1_500m,esmc_600m,Pure_XGBoost_Concat,0.8724,0.8134,0.6888,0.941,0.7459,0.6655,0.9096,0.8391,
Train1Val_Test,mean,dna_prot_spliceai,nt_v1_500m,esmc_600m,Pure_XGBoost_Concat,0.8722,0.8106,0.6918,0.9396,0.7465,0.6655,0.9096,0.8367,
Train1Val_Test,center,dna_prot,nt_v1_500m,esm1v_650m,PyTorch_CrossAttn,0.8732,0.8386,0.661,0.9524,0.7393,0.6652,0.9198,0.8438,
Train1Val_Test,cls,dna_prot_spliceai,nt_v3_650m,esm1b_650m,PyTorch_Transformer,0.872,0.8092,0.693,0.9389,0.7466,0.6652,0.9108,0.8123,
Train1Val_Test,mean,dna_prot_spliceai,nt_v2_500m,esm1b_650m,Pure_XGBoost_Concat,0.8704,0.7852,0.7207,0.9263,0.7516,0.6652,0.9106,0.8274,
Train1Val_Test,mean,dna_prot,nt_v2_500m,esmc_600m,Hybrid_Gating_XGBoost,0.8709,0.7921,0.7123,0.9301,0.7501,0.6651,0.9082,0.8345,
Train1Val_Test,mean,dna_prot_spliceai,nt_v1_500m,esmc_600m,PyTorch_CrossAttn,0.8735,0.8693,0.6297,0.9646,0.7303,0.6649,0.8922,0.8274,
Train1Val_Test,mean,dna_prot,nt_v3_650m,esm1b_650m,Pure_XGBoost_Concat,0.8702,0.7846,0.7207,0.9261,0.7513,0.6648,0.9134,0.8291,
Train1Val_Test,mean,dna_prot,nt_v3_650m,esmc_600m,Hybrid_Transformer_XGBoost,0.8702,0.7846,0.7207,0.9261,0.7513,0.6648,0.9032,0.8307,
Train1Val_Test,mean,dna_prot,nt_v3_650m,esmc_600m,Hybrid_Concat_XGBoost,0.8705,0.7899,0.7141,0.929,0.7501,0.6646,0.9052,0.8337,
Train1Val_Test,cls,dna_prot,nt_v1_500m,esm1b_650m,PyTorch_Transformer,0.8727,0.8306,0.6683,0.9491,0.7406,0.6644,0.9159,0.8267,
Train1Val_Test,center,dna_prot,nt_v2_500m,esm2_650m,Hybrid_CrossAttn_XGBoost,0.8707,0.7931,0.7099,0.9308,0.7492,0.6643,0.913,0.8304,
Train1Val_Test,cls,dna_prot_spliceai,nt_v1_500m,esm1b_650m,PyTorch_CrossAttn,0.8724,0.824,0.6749,0.9461,0.742,0.6641,0.9164,0.8268,
Train1Val_Test,mean,dna_prot_spliceai,nt_v3_650m,esmc_600m,Hybrid_Concat_XGBoost,0.8701,0.7883,0.7141,0.9283,0.7494,0.6634,0.9086,0.8371,
Train1Val_Test,center,prot_spliceai,,esm1v_650m,PyTorch_Concat,0.8724,0.8328,0.6641,0.9502,0.7389,0.6632,0.9254,0.8524,
Train1Val_Test,mean,prot_spliceai,,esm1b_650m,Pure_XGBoost_Concat,0.8689,0.7762,0.728,0.9216,0.7513,0.6631,0.9089,0.8226,
Train1Val_Test,mean,dna_prot_spliceai,nt_v2_500m,esmc_600m,Hybrid_Concat_XGBoost,0.8704,0.794,0.7069,0.9315,0.7479,0.6631,0.9102,0.8376,
Train1Val_Test,center,dna_prot_spliceai,nt_v3_650m,esm2_650m,Hybrid_Transformer_XGBoost,0.8697,0.7857,0.7165,0.927,0.7495,0.663,0.9179,0.8355,
Train1Val_Test,mean,prot_spliceai,,esmc_600m,Hybrid_Concat_XGBoost,0.8701,0.7906,0.7105,0.9297,0.7484,0.6629,0.9113,0.8371,
Train1Val_Test,mean,dna_prot_spliceai,nt_v1_500m,esmc_600m,Hybrid_Concat_XGBoost,0.8702,0.7939,0.7063,0.9315,0.7475,0.6626,0.9069,0.8366,
Train1Val_Test,mean,dna_prot,nt_v1_500m,esm1b_650m,Pure_XGBoost_Concat,0.8696,0.7863,0.7147,0.9274,0.7488,0.6624,0.9084,0.8226,
Train1Val_Test,mean,dna_prot,nt_v1_500m,esmc_600m,PyTorch_CrossAttn,0.8725,0.8567,0.6381,0.9601,0.7314,0.6623,0.9034,0.8346,
Train1Val_Test,mean,dna_prot,nt_v3_650m,esmc_600m,Hybrid_Gating_XGBoost,0.8692,0.7827,0.7189,0.9254,0.7494,0.6623,0.9056,0.8333,
Train1Val_Test,center,dna_prot,nt_v2_500m,esm2_650m,Hybrid_Transformer_XGBoost,0.8701,0.7942,0.7051,0.9317,0.747,0.6621,0.9121,0.823,
Train1Val_Test,mean,dna_prot,nt_v2_500m,esm1b_650m,Pure_XGBoost_Concat,0.8692,0.7834,0.7177,0.9259,0.7491,0.6621,0.9118,0.8277,
Train1Val_Test,mean,dna_prot_spliceai,nt_v1_500m,esm1b_650m,Pure_XGBoost_Concat,0.8686,0.7759,0.7268,0.9216,0.7505,0.6621,0.9094,0.8201,
Train1Val_Test,mean,dna_prot_spliceai,nt_v1_500m,esmc_600m,Hybrid_Gating_XGBoost,0.8697,0.7899,0.7099,0.9295,0.7478,0.662,0.9,0.8278,
Train1Val_Test,mean,dna_prot,nt_v1_500m,esmc_600m,PyTorch_Gating,0.8724,0.856,0.6381,0.9599,0.7312,0.6618,0.9124,0.8409,
Train1Val_Test,mean,dna_prot,nt_v1_500m,esmc_600m,Hybrid_CrossAttn_XGBoost,0.8699,0.7944,0.7039,0.9319,0.7464,0.6615,0.8985,0.8313,
Train1Val_Test,mean,dna_prot,nt_v2_500m,esm1b_650m,PyTorch_Transformer,0.8715,0.8282,0.6659,0.9484,0.7382,0.6613,0.9241,0.8424,
Train1Val_Test,mean,dna_prot,nt_v1_500m,esmc_600m,Hybrid_Concat_XGBoost,0.8697,0.7951,0.7021,0.9324,0.7457,0.6609,0.9055,0.8326,
Train1Val_Test,cls,dna_prot_spliceai,nt_v1_500m,esm1b_650m,PyTorch_Concat,0.8699,0.7981,0.6984,0.934,0.7449,0.6608,0.9145,0.8275,
Train1Val_Test,cls,dna_prot_spliceai,nt_v2_500m,esm1b_650m,Hybrid_CrossAttn_XGBoost,0.8674,0.7697,0.7316,0.9182,0.7502,0.6604,0.9068,0.8191,
Train1Val_Test,center,dna_prot_spliceai,nt_v3_650m,esm2_650m,Hybrid_Gating_XGBoost,0.8692,0.7907,0.7063,0.9301,0.7461,0.6603,0.9139,0.8277,
Train1Val_Test,mean,dna_prot,nt_v2_500m,esmc_600m,Hybrid_Transformer_XGBoost,0.8689,0.7873,0.7099,0.9283,0.7466,0.6601,0.9029,0.832,
Train1Val_Test,mean,dna_prot,nt_v1_500m,esmc_600m,Hybrid_Gating_XGBoost,0.8684,0.7816,0.7165,0.9252,0.7476,0.66,0.8998,0.8298,
Train1Val_Test,cls,dna_prot_spliceai,nt_v2_500m,esm1b_650m,Hybrid_Transformer_XGBoost,0.8671,0.768,0.7328,0.9173,0.75,0.6599,0.912,0.8243,
Train1Val_Test,mean,dna_prot,nt_v1_500m,esmc_600m,Hybrid_Transformer_XGBoost,0.8689,0.7892,0.7069,0.9295,0.7458,0.6596,0.9022,0.8299,
Train1Val_Test,center,dna_prot_spliceai,nt_v3_650m,esm2_650m,PyTorch_Concat,0.8712,0.8397,0.6508,0.9536,0.7333,0.6593,0.915,0.835,
Train1Val_Test,center,dna_prot,nt_v3_650m,esm2_650m,Hybrid_Gating_XGBoost,0.8689,0.792,0.7027,0.931,0.7446,0.659,0.9138,0.8294,
Train1Val_Test,mean,dna_prot_spliceai,nt_v1_500m,esmc_600m,Hybrid_Transformer_XGBoost,0.8681,0.7839,0.7111,0.9268,0.7457,0.6584,0.8997,0.8293,
Train1Val_Test,cls,dna_prot,nt_v3_650m,esm1b_650m,PyTorch_Concat,0.8701,0.817,0.6731,0.9437,0.7381,0.6582,0.9119,0.8209,
Train1Val_Test,mean,dna_prot_spliceai,nt_v3_650m,esmc_600m,Hybrid_CrossAttn_XGBoost,0.8676,0.7787,0.7171,0.9238,0.7466,0.6582,0.895,0.825,
Train1Val_Test,mean,dna_prot,nt_v2_500m,esmc_600m,Pure_XGBoost_Concat,0.8696,0.8076,0.6834,0.9391,0.7403,0.6581,0.9063,0.8331,
Train1Val_Test,center,dna_prot_spliceai,nt_v2_500m,esm2_650m,Hybrid_CrossAttn_XGBoost,0.8686,0.7929,0.6996,0.9317,0.7434,0.6578,0.9154,0.8272,
Train1Val_Test,cls,dna_prot,nt_v3_650m,esm1b_650m,Hybrid_Concat_XGBoost,0.8671,0.775,0.7207,0.9218,0.7469,0.6577,0.9067,0.8166,
Train1Val_Test,mean,dna_prot_spliceai,nt_v3_650m,esmc_600m,Hybrid_Transformer_XGBoost,0.8673,0.7769,0.7183,0.9229,0.7465,0.6577,0.9038,0.8339,
Train1Val_Test,mean,dna_prot_spliceai,nt_v3_650m,esmc_600m,Hybrid_Gating_XGBoost,0.8678,0.7825,0.7117,0.9261,0.7454,0.6577,0.9038,0.8332,
Train1Val_Test,mean,dna_prot_spliceai,nt_v2_500m,esmc_600m,Hybrid_CrossAttn_XGBoost,0.8683,0.789,0.7039,0.9297,0.744,0.6577,0.8998,0.8302,
Train1Val_Test,cls,dna_prot_spliceai,nt_v1_500m,esm1b_650m,Hybrid_CrossAttn_XGBoost,0.8666,0.7703,0.7262,0.9191,0.7476,0.6576,0.9093,0.817,
Train1Val_Test,cls,dna_prot,nt_v3_650m,esm1b_650m,Hybrid_Gating_XGBoost,0.8663,0.7676,0.7292,0.9175,0.7479,0.6574,0.9093,0.8209,
Train1Val_Test,center,dna_prot,nt_v3_650m,esm2_650m,Hybrid_Transformer_XGBoost,0.8679,0.786,0.7069,0.9281,0.7444,0.6573,0.9157,0.8339,
Train1Val_Test,mean,dna_prot_spliceai,nt_v2_500m,esmc_600m,Hybrid_Gating_XGBoost,0.8673,0.7791,0.7147,0.9243,0.7455,0.6571,0.9029,0.8315,
Train1Val_Test,cls,dna_prot_spliceai,nt_v1_500m,esm1b_650m,PyTorch_Gating,0.8702,0.8322,0.655,0.9506,0.733,0.657,0.9161,0.8304,
Train1Val_Test,cls,dna_prot,nt_v1_500m,esm1b_650m,PyTorch_Gating,0.8696,0.8161,0.6719,0.9434,0.737,0.6568,0.9137,0.8297,
Train1Val_Test,cls,dna_prot_spliceai,nt_v3_650m,esm1b_650m,Hybrid_Transformer_XGBoost,0.8658,0.7648,0.7316,0.9159,0.7478,0.6568,0.9116,0.8243,
Train1Val_Test,cls,prot,,esm1b_650m,Hybrid_Concat_XGBoost,0.8663,0.7697,0.7256,0.9189,0.747,0.6567,0.909,0.8227,
Train1Val_Test,mean,dna_prot,nt_v3_650m,esmc_600m,Hybrid_CrossAttn_XGBoost,0.8671,0.7786,0.7147,0.924,0.7453,0.6567,0.8956,0.8267,
Train1Val_Test,cls,prot,,esm1b_650m,Hybrid_Concat_XGBoost,0.8663,0.7697,0.7256,0.9189,0.747,0.6567,0.909,0.8227,
Train1Val_Test,cls,prot,,esm1b_650m,Hybrid_Concat_XGBoost,0.8663,0.7697,0.7256,0.9189,0.747,0.6567,0.909,0.8227,
Train1Val_Test,cls,prot,,esm1b_650m,Hybrid_Concat_XGBoost,0.8663,0.7697,0.7256,0.9189,0.747,0.6567,0.909,0.8227,
Train1Val_Test,cls,prot,,esm1b_650m,Hybrid_Concat_XGBoost,0.8663,0.7697,0.7256,0.9189,0.747,0.6567,0.909,0.8227,
Train1Val_Test,cls,dna_prot_spliceai,nt_v2_500m,esm1b_650m,PyTorch_Concat,0.8702,0.8368,0.6496,0.9527,0.7314,0.6567,0.9133,0.8245,
Train1Val_Test,mean,dna_prot_spliceai,nt_v2_500m,esm1b_650m,PyTorch_Concat,0.8694,0.8151,0.6725,0.943,0.7369,0.6565,0.9217,0.8442,
Train1Val_Test,cls,dna_prot_spliceai,nt_v1_500m,esm1b_650m,Hybrid_Transformer_XGBoost,0.8658,0.7658,0.7298,0.9166,0.7474,0.6564,0.9128,0.8256,
Train1Val_Test,cls,prot_spliceai,,esm1b_650m,PyTorch_Concat,0.8699,0.8294,0.6568,0.9495,0.7331,0.6563,0.918,0.8303,
Train1Val_Test,cls,dna_prot_spliceai,nt_v3_650m,esm1b_650m,PyTorch_CrossAttn,0.8694,0.8169,0.6701,0.9439,0.7362,0.6562,0.9169,0.8307,
Train1Val_Test,cls,prot_spliceai,,esmc_600m,PyTorch_Concat,0.8696,0.8242,0.6616,0.9473,0.734,0.6559,0.9083,0.8343,
Train1Val_Test,cls,dna_prot,nt_v3_650m,esm1b_650m,Hybrid_Transformer_XGBoost,0.8658,0.7679,0.7262,0.918,0.7464,0.6557,0.9135,0.8241,
Train1Val_Test,center,dna_prot_spliceai,nt_v1_500m,esm2_650m,Hybrid_Gating_XGBoost,0.8687,0.8069,0.6803,0.9391,0.7382,0.6557,0.9135,0.8253,
Train1Val_Test,mean,dna_prot_spliceai,nt_v1_500m,esmc_600m,Hybrid_CrossAttn_XGBoost,0.8671,0.7834,0.7069,0.927,0.7432,0.6554,0.893,0.825,
Train1Val_Test,mean,dna_prot,nt_v2_500m,esmc_600m,Hybrid_CrossAttn_XGBoost,0.8674,0.7887,0.7002,0.9299,0.7419,0.6552,0.8961,0.825,
Train1Val_Test,cls,dna_prot,nt_v3_650m,esm1b_650m,PyTorch_Transformer,0.8689,0.8147,0.6707,0.943,0.7357,0.655,0.9178,0.8346,
Train1Val_Test,cls,dna_prot,nt_v3_650m,esmc_600m,PyTorch_CrossAttn,0.8691,0.819,0.6659,0.945,0.7345,0.655,0.9005,0.823,
Train1Val_Test,cls,dna_prot_spliceai,nt_v2_500m,esm1b_650m,PyTorch_Transformer,0.8696,0.8363,0.6472,0.9527,0.7297,0.6548,0.9147,0.8268,
Train1Val_Test,center,dna_prot,nt_v1_500m,esm2_650m,Hybrid_Transformer_XGBoost,0.8676,0.7937,0.6936,0.9326,0.7403,0.6546,0.9124,0.8222,
Train1Val_Test,center,dna_prot,nt_v2_500m,esm2_650m,Hybrid_Concat_XGBoost,0.8681,0.8033,0.6821,0.9376,0.7378,0.6543,0.9121,0.8287,
Train1Val_Test,cls,dna_prot,nt_v1_500m,esm1b_650m,Hybrid_Concat_XGBoost,0.8658,0.7734,0.7165,0.9216,0.7439,0.654,0.9076,0.8216,
Train1Val_Test,center,dna_prot_spliceai,nt_v2_500m,esm2_650m,PyTorch_Concat,0.8689,0.8237,0.6592,0.9473,0.7323,0.654,0.9153,0.8321,
Train1Val_Test,center,prot_spliceai,,esm2_650m,Hybrid_Concat_XGBoost,0.8669,0.7895,0.6966,0.9306,0.7401,0.6535,0.913,0.8244,
Train1Val_Test,cls,dna_prot_spliceai,nt_v2_500m,esm1b_650m,Hybrid_Concat_XGBoost,0.8651,0.7686,0.7214,0.9189,0.7442,0.6534,0.9091,0.8158,
Train1Val_Test,mean,dna_prot_spliceai,nt_v2_500m,esm1v_650m,PyTorch_CrossAttn,0.8676,0.7999,0.6846,0.936,0.7377,0.6534,0.9146,0.8231,
Train1Val_Test,cls,dna_prot_spliceai,nt_v3_650m,esm1b_650m,PyTorch_Gating,0.8687,0.8255,0.6562,0.9482,0.7312,0.6533,0.9154,0.8284,
Train1Val_Test,cls,dna_prot_spliceai,nt_v2_500m,esm1b_650m,PyTorch_CrossAttn,0.8687,0.826,0.6556,0.9484,0.731,0.6532,0.9161,0.8318,
Train1Val_Test,cls,dna_prot_spliceai,nt_v3_650m,esm1b_650m,Hybrid_Gating_XGBoost,0.864,0.7595,0.7316,0.9135,0.7453,0.6528,0.9068,0.8149,
Train1Val_Test,mean,dna_prot_spliceai,nt_v2_500m,esm1v_650m,Hybrid_Gating_XGBoost,0.8645,0.7643,0.7256,0.9164,0.7444,0.6527,0.9086,0.8202,
Train1Val_Test,cls,dna_prot,nt_v1_500m,esm1b_650m,Hybrid_CrossAttn_XGBoost,0.8643,0.7631,0.7268,0.9157,0.7445,0.6526,0.9087,0.826,
Train1Val_Test,cls,prot_spliceai,,esm1b_650m,Hybrid_Concat_XGBoost,0.8645,0.7653,0.7238,0.9171,0.744,0.6524,0.9066,0.818,
Train1Val_Test,mean,dna_prot,nt_v3_650m,esm1v_650m,Hybrid_CrossAttn_XGBoost,0.8628,0.7515,0.7407,0.9085,0.7461,0.6521,0.9047,0.8128,
Train1Val_Test,mean,dna_prot_spliceai,nt_v2_500m,esmc_600m,Hybrid_Transformer_XGBoost,0.8658,0.7804,0.7051,0.9259,0.7408,0.6521,0.9042,0.8322,
Train1Val_Test,cls,dna_prot,nt_v3_650m,esm1b_650m,Hybrid_CrossAttn_XGBoost,0.864,0.7618,0.7274,0.915,0.7442,0.652,0.9094,0.8215,
Train1Val_Test,cls,dna_prot_spliceai,nt_v3_650m,esm1b_650m,Hybrid_Concat_XGBoost,0.8642,0.7633,0.7256,0.9159,0.744,0.652,0.9089,0.8195,
Train1Val_Test,cls,dna_prot,nt_v2_500m,esm1b_650m,PyTorch_Gating,0.8681,0.8211,0.6586,0.9464,0.7309,0.6518,0.9137,0.8278,
Train1Val_Test,center,dna_prot_spliceai,nt_v3_650m,esm2_650m,PyTorch_Transformer,0.8687,0.8454,0.6333,0.9567,0.7241,0.6518,0.9141,0.8319,
Train1Val_Test,mean,dna_prot_spliceai,nt_v1_500m,esm1v_650m,Hybrid_Gating_XGBoost,0.8615,0.7423,0.7521,0.9024,0.7472,0.6518,0.9105,0.816,
Train1Val_Test,cls,dna_prot,nt_v1_500m,esm1b_650m,Hybrid_Transformer_XGBoost,0.8638,0.7617,0.7268,0.915,0.7438,0.6515,0.9069,0.8177,
Train1Val_Test,cls,dna_prot_spliceai,nt_v1_500m,esm1b_650m,Hybrid_Concat_XGBoost,0.8645,0.768,0.7189,0.9189,0.7427,0.6515,0.9099,0.8202,
Train1Val_Test,cls,dna_prot,nt_v2_500m,esm1b_650m,PyTorch_Concat,0.8674,0.8089,0.6713,0.9407,0.7337,0.6514,0.9117,0.8225,
Train1Val_Test,center,dna_prot_spliceai,nt_v2_500m,esm2_650m,Hybrid_Concat_XGBoost,0.8669,0.8001,0.6809,0.9364,0.7357,0.6514,0.9152,0.8279,
Train1Val_Test,mean,dna_prot_spliceai,nt_v1_500m,esm1v_650m,Hybrid_CrossAttn_XGBoost,0.8633,0.7586,0.7298,0.9132,0.7439,0.651,0.906,0.8154,
Train1Val_Test,cls,dna_prot,nt_v3_650m,esm1b_650m,PyTorch_Gating,0.8681,0.8336,0.6435,0.952,0.7263,0.6506,0.9163,0.8324,
Train1Val_Test,center,dna_prot_spliceai,nt_v2_500m,esm2_650m,PyTorch_CrossAttn,0.8683,0.8439,0.6327,0.9563,0.7232,0.6505,0.9148,0.8335,
Train1Val_Test,center,dna_prot_spliceai,nt_v1_500m,esm2_650m,Pure_XGBoost_Concat,0.8664,0.7984,0.6809,0.9358,0.735,0.6502,0.9102,0.8212,
Train1Val_Test,center,dna_prot,nt_v1_500m,esm2_650m,Hybrid_CrossAttn_XGBoost,0.8651,0.7805,0.7014,0.9263,0.7389,0.65,0.9097,0.8222,
Train1Val_Test,mean,dna_prot_spliceai,nt_v2_500m,esm1v_650m,Hybrid_Transformer_XGBoost,0.8615,0.7467,0.7431,0.9058,0.7449,0.6498,0.9088,0.817,
Train1Val_Test,cls,dna_prot,nt_v2_500m,esm1b_650m,Hybrid_CrossAttn_XGBoost,0.8637,0.7663,0.7177,0.9182,0.7412,0.6494,0.9072,0.8125,
Train1Val_Test,cls,prot_spliceai,,esmc_600m,Pure_XGBoost_Concat,0.8656,0.7919,0.6864,0.9326,0.7354,0.6489,0.8969,0.8178,
Train1Val_Test,mean,dna_prot,nt_v2_500m,esm1v_650m,Hybrid_Transformer_XGBoost,0.8619,0.7519,0.7346,0.9094,0.7431,0.6488,0.91,0.8149,
Train1Val_Test,cls,dna_prot,nt_v1_500m,esm1b_650m,Hybrid_Gating_XGBoost,0.8628,0.7605,0.7238,0.9148,0.7417,0.6487,0.9072,0.8227,
Train1Val_Test,cls,prot,,esm1b_650m,Pure_XGBoost_Concat,0.8635,0.7682,0.7135,0.9195,0.7398,0.6483,0.9023,0.8083,
Train1Val_Test,cls,prot,,esm1b_650m,Pure_XGBoost_Concat,0.8635,0.7682,0.7135,0.9195,0.7398,0.6483,0.9023,0.8083,
Train1Val_Test,cls,prot,,esm1b_650m,Pure_XGBoost_Concat,0.8635,0.7682,0.7135,0.9195,0.7398,0.6483,0.9023,0.8083,
Train1Val_Test,cls,prot,,esm1b_650m,Pure_XGBoost_Concat,0.8635,0.7682,0.7135,0.9195,0.7398,0.6483,0.9023,0.8083,
Train1Val_Test,cls,prot,,esm1b_650m,Pure_XGBoost_Concat,0.8635,0.7682,0.7135,0.9195,0.7398,0.6483,0.9023,0.8083,
Train1Val_Test,center,dna_prot,nt_v2_500m,esm2_650m,PyTorch_Concat,0.8671,0.8287,0.6448,0.9502,0.7252,0.6481,0.9165,0.8311,
Train1Val_Test,cls,dna_prot_spliceai,nt_v3_650m,esm1b_650m,Hybrid_CrossAttn_XGBoost,0.8623,0.758,0.7256,0.9135,0.7414,0.648,0.9068,0.8159,
Train1Val_Test,cls,dna_prot_spliceai,nt_v3_650m,esm1b_650m,PyTorch_Concat,0.8668,0.8279,0.6441,0.95,0.7246,0.6472,0.9163,0.8299,
Train1Val_Test,mean,dna_prot,nt_v1_500m,esm1v_650m,PyTorch_Gating,0.8661,0.8109,0.6622,0.9423,0.7291,0.6472,0.9111,0.8226,
Train1Val_Test,cls,prot,,esm1b_650m,PyTorch_Concat,0.8669,0.8358,0.6357,0.9533,0.7222,0.6471,0.9142,0.8299,
Train1Val_Test,cls,prot,,esm1b_650m,PyTorch_Concat,0.8669,0.8358,0.6357,0.9533,0.7222,0.6471,0.9142,0.8299,
Train1Val_Test,cls,prot,,esm1b_650m,PyTorch_Concat,0.8669,0.8358,0.6357,0.9533,0.7222,0.6471,0.9142,0.8299,
Train1Val_Test,cls,prot,,esm1b_650m,PyTorch_Concat,0.8669,0.8358,0.6357,0.9533,0.7222,0.6471,0.9142,0.8299,
Train1Val_Test,cls,prot,,esm1b_650m,PyTorch_Concat,0.8669,0.8358,0.6357,0.9533,0.7222,0.6471,0.9142,0.8299,
Train1Val_Test,cls,dna_prot,nt_v2_500m,esm1b_650m,PyTorch_Transformer,0.8664,0.8261,0.6448,0.9493,0.7243,0.6464,0.9116,0.8163,
Train1Val_Test,cls,dna_prot,nt_v2_500m,esm1b_650m,Hybrid_Concat_XGBoost,0.863,0.7691,0.7093,0.9204,0.738,0.6464,0.903,0.8123,
Train1Val_Test,cls,dna_prot_spliceai,nt_v3_650m,esmc_600m,PyTorch_Concat,0.8658,0.8097,0.6622,0.9419,0.7286,0.6464,0.8908,0.811,
Train1Val_Test,mean,dna_prot,nt_v1_500m,esm1v_650m,Hybrid_CrossAttn_XGBoost,0.86,0.7432,0.7419,0.9042,0.7425,0.6464,0.9072,0.8168,
Train1Val_Test,center,dna_prot,nt_v3_650m,esm2_650m,PyTorch_Concat,0.8668,0.8549,0.6146,0.961,0.7151,0.6458,0.916,0.8352,
Train1Val_Test,mean,dna_prot,nt_v2_500m,esm1v_650m,PyTorch_CrossAttn,0.866,0.8178,0.6526,0.9457,0.7259,0.6458,0.9118,0.8252,
Train1Val_Test,cls,dna_prot_spliceai,nt_v3_650m,esmc_600m,PyTorch_Transformer,0.8664,0.8381,0.6309,0.9545,0.7199,0.6455,0.8915,0.8157,
Train1Val_Test,center,dna_prot_spliceai,nt_v1_500m,esm2_650m,Hybrid_Transformer_XGBoost,0.8642,0.7882,0.6846,0.9313,0.7327,0.6451,0.9108,0.8209,
Train1Val_Test,cls,dna_prot_spliceai,nt_v2_500m,esm1b_650m,Hybrid_Gating_XGBoost,0.8614,0.7578,0.7207,0.9139,0.7388,0.6449,0.9023,0.8099,
Train1Val_Test,center,dna_prot,nt_v1_500m,esm2_650m,Hybrid_Concat_XGBoost,0.8646,0.7977,0.6731,0.9362,0.7301,0.6448,0.9123,0.8257,
Train1Val_Test,cls,dna_prot,nt_v3_650m,esm1b_650m,Pure_XGBoost_Concat,0.8622,0.767,0.7087,0.9195,0.7367,0.6445,0.902,0.8085,
Train1Val_Test,center,dna_prot_spliceai,nt_v1_500m,esm2_650m,PyTorch_CrossAttn,0.8658,0.8261,0.6417,0.9495,0.7223,0.6445,0.9125,0.8307,
Train1Val_Test,center,dna_prot_spliceai,nt_v3_650m,esm2_650m,PyTorch_Gating,0.8663,0.8587,0.6086,0.9626,0.7123,0.6443,0.9206,0.8406,
Train1Val_Test,center,dna_prot_spliceai,nt_v2_500m,esm2_650m,Pure_XGBoost_Concat,0.8642,0.7927,0.6779,0.9337,0.7308,0.6442,0.9077,0.8217,
Train1Val_Test,cls,dna_prot_spliceai,nt_v2_500m,esmc_600m,Pure_XGBoost_Concat,0.8646,0.802,0.6671,0.9385,0.7284,0.644,0.8883,0.8077,
Train1Val_Test,center,dna_prot,nt_v1_500m,esm2_650m,Pure_XGBoost_Concat,0.8643,0.7978,0.6713,0.9364,0.7291,0.6437,0.9055,0.8145,
Train1Val_Test,mean,dna_prot,nt_v1_500m,esm1v_650m,PyTorch_Transformer,0.8655,0.8273,0.6387,0.9502,0.7209,0.6434,0.9147,0.8285,
Train1Val_Test,center,dna_prot_spliceai,nt_v1_500m,esm2_650m,Hybrid_Concat_XGBoost,0.8642,0.7986,0.6695,0.9369,0.7283,0.6431,0.9149,0.8277,
Train1Val_Test,cls,dna_prot_spliceai,nt_v2_500m,esm1b_650m,PyTorch_Gating,0.8656,0.8453,0.6194,0.9576,0.7149,0.6428,0.9141,0.8225,
Train1Val_Test,mean,dna_prot_spliceai,nt_v3_650m,esm1v_650m,Hybrid_Concat_XGBoost,0.8605,0.756,0.7195,0.9132,0.7373,0.6428,0.9059,0.8157,
Train1Val_Test,cls,dna_prot,nt_v3_650m,esmc_600m,PyTorch_Gating,0.8655,0.8379,0.6267,0.9547,0.717,0.6427,0.8771,0.8044,
Train1Val_Test,cls,dna_prot_spliceai,nt_v3_650m,esmc_600m,PyTorch_Gating,0.8651,0.824,0.6411,0.9488,0.7212,0.6427,0.8958,0.8192,
Train1Val_Test,cls,dna_prot_spliceai,nt_v3_650m,esmc_600m,Pure_XGBoost_Concat,0.8642,0.8012,0.6659,0.9382,0.7273,0.6427,0.8923,0.81,
Train1Val_Test,cls,dna_prot,nt_v2_500m,esm1b_650m,Hybrid_Gating_XGBoost,0.8609,0.7596,0.7147,0.9155,0.7365,0.6426,0.9021,0.8095,
Train1Val_Test,cls,dna_prot,nt_v2_500m,esm1b_650m,PyTorch_CrossAttn,0.8655,0.8407,0.6236,0.9558,0.7161,0.6425,0.9138,0.8265,
Train1Val_Test,cls,dna_prot_spliceai,nt_v1_500m,esmc_600m,Pure_XGBoost_Concat,0.8635,0.7917,0.6761,0.9335,0.7293,0.6424,0.8945,0.8122,
Train1Val_Test,mean,dna_prot_spliceai,nt_v1_500m,esm1v_650m,Hybrid_Transformer_XGBoost,0.8594,0.7483,0.728,0.9085,0.738,0.6421,0.9072,0.8131,
Train1Val_Test,cls,dna_prot_spliceai,nt_v1_500m,esm1b_650m,Hybrid_Gating_XGBoost,0.8604,0.7568,0.7171,0.9139,0.7365,0.642,0.9067,0.8199,
Train1Val_Test,mean,dna_prot,nt_v1_500m,esm1v_650m,Hybrid_Gating_XGBoost,0.8602,0.7554,0.7189,0.913,0.7367,0.642,0.9071,0.8165,
Train1Val_Test,cls,dna_prot,nt_v3_650m,esmc_600m,PyTorch_Concat,0.8651,0.8376,0.6255,0.9547,0.7162,0.6417,0.8893,0.8141,
Train1Val_Test,center,dna_prot,nt_v1_500m,esm2_650m,Hybrid_Gating_XGBoost,0.8633,0.7932,0.6731,0.9344,0.7282,0.6416,0.9105,0.8199,
Train1Val_Test,cls,dna_prot,nt_v1_500m,esmc_600m,Pure_XGBoost_Concat,0.8635,0.7963,0.6695,0.936,0.7274,0.6415,0.8961,0.8111,
Train1Val_Test,cls,dna_prot,nt_v3_650m,esmc_600m,PyTorch_Transformer,0.8648,0.8294,0.6333,0.9513,0.7182,0.6413,0.9006,0.8208,
Train1Val_Test,mean,dna_prot_spliceai,nt_v3_650m,esm1v_650m,Hybrid_Gating_XGBoost,0.8591,0.748,0.7268,0.9085,0.7372,0.6411,0.9072,0.8167,
Train1Val_Test,mean,dna_prot_spliceai,nt_v3_650m,esm1v_650m,Hybrid_Transformer_XGBoost,0.8578,0.7387,0.7382,0.9024,0.7385,0.6408,0.9089,0.8184,
Train1Val_Test,mean,dna_prot,nt_v3_650m,esm1v_650m,Hybrid_Gating_XGBoost,0.8587,0.7464,0.728,0.9076,0.7371,0.6406,0.9043,0.8117,
Train1Val_Test,center,dna_prot,nt_v2_500m,esm2_650m,PyTorch_Gating,0.8648,0.8441,0.617,0.9574,0.7129,0.6404,0.9142,0.8316,
Train1Val_Test,mean,dna_prot_spliceai,nt_v1_500m,esm1v_650m,Hybrid_Concat_XGBoost,0.8589,0.7484,0.725,0.9089,0.7365,0.6404,0.9074,0.8163,
Train1Val_Test,mean,dna_prot_spliceai,nt_v2_500m,esm1v_650m,Hybrid_CrossAttn_XGBoost,0.8594,0.7524,0.7201,0.9114,0.7359,0.6404,0.9068,0.8133,
Train1Val_Test,center,prot_spliceai,,esm2_650m,Pure_XGBoost_Concat,0.8623,0.7858,0.6791,0.9308,0.7286,0.6401,0.9045,0.8153,
Train1Val_Test,mean,dna_prot,nt_v2_500m,esm1v_650m,Hybrid_Concat_XGBoost,0.8599,0.7577,0.7129,0.9148,0.7346,0.6401,0.9106,0.8234,
Train1Val_Test,center,dna_prot_spliceai,nt_v3_650m,esm2_650m,PyTorch_CrossAttn,0.8648,0.8658,0.5953,0.9655,0.7055,0.64,0.9169,0.8368,
Train1Val_Test,center,dna_prot,nt_v3_650m,esm2_650m,PyTorch_Gating,0.8638,0.8136,0.6478,0.9446,0.7213,0.6399,0.9047,0.8168,
Train1Val_Test,mean,dna_prot_spliceai,nt_v1_500m,esm1v_650m,PyTorch_Transformer,0.863,0.7967,0.6665,0.9364,0.7258,0.6399,0.9129,0.8248,
Train1Val_Test,mean,dna_prot_spliceai,nt_v1_500m,esm2_650m,PyTorch_Transformer,0.864,0.8181,0.6429,0.9466,0.72,0.6399,0.9149,0.8211,
Train1Val_Test,mean,dna_prot_spliceai,nt_v3_650m,esm2_650m,Hybrid_CrossAttn_XGBoost,0.8597,0.7569,0.7135,0.9144,0.7346,0.6399,0.9052,0.8148,
Train1Val_Test,mean,dna_prot_spliceai,nt_v3_650m,esm1v_650m,Hybrid_CrossAttn_XGBoost,0.8581,0.744,0.7292,0.9062,0.7365,0.6395,0.906,0.8116,
Train1Val_Test,mean,dna_prot,nt_v3_650m,esm1v_650m,Hybrid_Concat_XGBoost,0.8586,0.7481,0.7238,0.9089,0.7357,0.6394,0.9046,0.813,
Train1Val_Test,cls,dna_prot_spliceai,nt_v1_500m,esm1b_650m,Pure_XGBoost_Concat,0.8604,0.7653,0.7021,0.9195,0.7323,0.6392,0.9029,0.8053,
Train1Val_Test,cls,dna_prot_spliceai,nt_v2_500m,esm1b_650m,Pure_XGBoost_Concat,0.8602,0.7637,0.7039,0.9186,0.7326,0.6391,0.9012,0.8063,
Train1Val_Test,mean,dna_prot,nt_v3_650m,esm1v_650m,PyTorch_Transformer,0.8627,0.7968,0.6647,0.9367,0.7248,0.6389,0.9113,0.8248,
Train1Val_Test,mean,dna_prot,nt_v3_650m,esm1v_650m,Hybrid_Transformer_XGBoost,0.8579,0.7447,0.7268,0.9069,0.7357,0.6386,0.9074,0.8155,
Train1Val_Test,mean,dna_prot_spliceai,nt_v3_650m,esm1v_650m,PyTorch_CrossAttn,0.8623,0.794,0.6671,0.9353,0.725,0.6384,0.9104,0.8181,
Train1Val_Test,cls,dna_prot_spliceai,nt_v3_650m,esmc_600m,Hybrid_Concat_XGBoost,0.8614,0.7798,0.6834,0.9279,0.7284,0.6383,0.8857,0.8076,
Train1Val_Test,mean,dna_prot,nt_v2_500m,esm1v_650m,Hybrid_CrossAttn_XGBoost,0.8576,0.7429,0.7286,0.9058,0.7357,0.6383,0.9044,0.8142,
Train1Val_Test,cls,prot_spliceai,,esm1b_650m,Pure_XGBoost_Concat,0.8591,0.7556,0.7123,0.9139,0.7333,0.6382,0.9017,0.8084,
Train1Val_Test,mean,dna_prot_spliceai,nt_v2_500m,esm1v_650m,Hybrid_Concat_XGBoost,0.8591,0.7556,0.7123,0.9139,0.7333,0.6382,0.9086,0.8114,
Train1Val_Test,mean,dna_prot,nt_v1_500m,esm1v_650m,Hybrid_Transformer_XGBoost,0.8582,0.7487,0.7207,0.9096,0.7345,0.6381,0.9055,0.8126,
Train1Val_Test,mean,dna_prot,nt_v3_650m,esm1v_650m,PyTorch_Concat,0.8632,0.8126,0.646,0.9443,0.7198,0.6381,0.9133,0.8235,
Train1Val_Test,cls,dna_prot_spliceai,nt_v3_650m,esmc_600m,PyTorch_CrossAttn,0.8638,0.835,0.6224,0.954,0.7132,0.638,0.8957,0.8172,
Train1Val_Test,center,dna_prot,nt_v2_500m,esm2_650m,Pure_XGBoost_Concat,0.862,0.7912,0.6695,0.934,0.7253,0.6379,0.9056,0.8204,
Train1Val_Test,cls,dna_prot,nt_v2_500m,esm1b_650m,Pure_XGBoost_Concat,0.8596,0.7611,0.7051,0.9173,0.732,0.6379,0.8976,0.7997,
Train1Val_Test,center,dna_prot,nt_v2_500m,esm2_650m,PyTorch_CrossAttn,0.8638,0.8382,0.6188,0.9554,0.712,0.6378,0.9171,0.8357,
Train1Val_Test,mean,dna_prot,nt_v3_650m,esm2_650m,Hybrid_CrossAttn_XGBoost,0.8592,0.7584,0.7081,0.9157,0.7324,0.6377,0.9044,0.8136,
Train1Val_Test,mean,dna_prot_spliceai,nt_v1_500m,esm1v_650m,PyTorch_CrossAttn,0.8633,0.821,0.6363,0.9482,0.717,0.6376,0.9098,0.8209,
Train1Val_Test,cls,prot_spliceai,,esmc_600m,Hybrid_Concat_XGBoost,0.8605,0.7733,0.6894,0.9245,0.729,0.6374,0.8901,0.8141,
Train1Val_Test,center,geom,nt_v3_650m,esmc_600m,Pure_XGBoost_Concat,0.8628,0.9211,0.5422,0.9826,0.6826,0.6369,0.8823,0.8056,
Train1Val_Test,center,dna_prot,nt_v1_500m,esm2_650m,PyTorch_Transformer,0.8635,0.8465,0.6086,0.9588,0.7081,0.6365,0.9174,0.8347,
Train1Val_Test,center,dna_prot,nt_v3_650m,esm2_650m,PyTorch_Transformer,0.8635,0.8518,0.6031,0.9608,0.7062,0.6363,0.9157,0.8354,
Train1Val_Test,mean,dna_prot,nt_v1_500m,esm1v_650m,Hybrid_Concat_XGBoost,0.8574,0.7476,0.7183,0.9094,0.7327,0.6358,0.911,0.819,
Train1Val_Test,center,dna_prot_spliceai,nt_v1_500m,esm2_650m,Hybrid_CrossAttn_XGBoost,0.8602,0.7756,0.684,0.9261,0.7269,0.6357,0.9115,0.8241,
Train1Val_Test,mean,dna_prot,nt_v1_500m,esm1v_650m,PyTorch_CrossAttn,0.8623,0.8119,0.6429,0.9443,0.7176,0.6357,0.9099,0.8191,
Train1Val_Test,cls,dna_prot,nt_v1_500m,esm1b_650m,Pure_XGBoost_Concat,0.8586,0.7584,0.7045,0.9162,0.7305,0.6356,0.9004,0.8048,
Train1Val_Test,center,dna_prot,nt_v1_500m,esm2_650m,PyTorch_Gating,0.8632,0.8521,0.6013,0.961,0.7051,0.6354,0.913,0.8285,
Train1Val_Test,center,dna_prot,nt_v2_500m,esm2_650m,PyTorch_Transformer,0.8627,0.8292,0.6236,0.952,0.7119,0.635,0.9129,0.8281,
Train1Val_Test,mean,dna_prot_spliceai,nt_v2_500m,esm1v_650m,PyTorch_Transformer,0.8617,0.8025,0.652,0.94,0.7195,0.635,0.9127,0.8201,
Train1Val_Test,mean,dna_prot_spliceai,nt_v1_500m,esm1v_650m,PyTorch_Concat,0.8627,0.8308,0.6218,0.9527,0.7113,0.6349,0.9151,0.8264,
Train1Val_Test,mean,dna_prot,nt_v2_500m,esm1v_650m,Hybrid_Gating_XGBoost,0.8568,0.7449,0.7201,0.9078,0.7323,0.6347,0.905,0.8115,
Train1Val_Test,mean,dna_prot,nt_v3_650m,esm2_650m,Hybrid_Concat_XGBoost,0.8584,0.7603,0.7002,0.9175,0.729,0.6344,0.9054,0.814,
Train1Val_Test,center,dna_prot_spliceai,nt_v1_500m,esm2_650m,PyTorch_Transformer,0.8625,0.8312,0.6206,0.9529,0.7106,0.6344,0.9124,0.8255,
Train1Val_Test,mean,dna_prot_spliceai,nt_v3_650m,esm1v_650m,PyTorch_Gating,0.8605,0.7861,0.6695,0.9319,0.7231,0.6344,0.9084,0.8124,
Train1Val_Test,center,prot_spliceai,,esm2_650m,PyTorch_Concat,0.8627,0.8458,0.6055,0.9588,0.7058,0.6341,0.9117,0.8267,
Train1Val_Test,mean,dna_prot_spliceai,nt_v1_500m,esm1v_650m,PyTorch_Gating,0.8614,0.8013,0.652,0.9396,0.719,0.6341,0.9122,0.8218,
Train1Val_Test,cls,dna_prot_spliceai,nt_v3_650m,esm1b_650m,Pure_XGBoost_Concat,0.8584,0.7617,0.6978,0.9184,0.7284,0.634,0.9016,0.8021,
Train1Val_Test,mean,dna_prot_spliceai,nt_v1_500m,esm2_650m,PyTorch_CrossAttn,0.862,0.8199,0.6315,0.9482,0.7135,0.6338,0.9088,0.8178,
Train1Val_Test,mean,dna_prot_spliceai,nt_v2_500m,esm1v_650m,PyTorch_Concat,0.8622,0.8256,0.6255,0.9506,0.7117,0.6338,0.9131,0.8202,
Train1Val_Test,mean,dna_prot_spliceai,nt_v2_500m,esm1v_650m,PyTorch_Gating,0.8617,0.8123,0.6393,0.9448,0.7155,0.6337,0.9118,0.818,
Train1Val_Test,mean,prot_spliceai,,esm1v_650m,Hybrid_Concat_XGBoost,0.8564,0.7451,0.7177,0.9083,0.7312,0.6335,0.9032,0.8104,
Train1Val_Test,mean,dna_prot_spliceai,nt_v2_500m,esm2_650m,PyTorch_CrossAttn,0.8587,0.7666,0.6912,0.9213,0.7269,0.6335,0.9077,0.8188,
Train1Val_Test,mean,dna_prot,nt_v3_650m,esm2_650m,Hybrid_Transformer_XGBoost,0.8576,0.7555,0.7045,0.9148,0.7291,0.6334,0.905,0.8171,
Train1Val_Test,mean,dna_prot,nt_v2_500m,esm2_650m,Hybrid_Transformer_XGBoost,0.8584,0.7641,0.6936,0.92,0.7272,0.6332,0.9023,0.8114,
Train1Val_Test,cls,dna_prot,nt_v1_500m,esmc_600m,PyTorch_Transformer,0.862,0.8297,0.62,0.9524,0.7097,0.633,0.8778,0.8048,
Train1Val_Test,cls,dna_prot,nt_v1_500m,esmc_600m,PyTorch_Gating,0.8622,0.8538,0.5953,0.9619,0.7015,0.6325,0.8832,0.8093,
Train1Val_Test,mean,dna_prot,nt_v1_500m,esm2_650m,Hybrid_Concat_XGBoost,0.8586,0.7682,0.6876,0.9225,0.7257,0.6325,0.903,0.8125,
Train1Val_Test,mean,dna_prot_spliceai,nt_v1_500m,esm2_650m,Hybrid_Transformer_XGBoost,0.8578,0.7607,0.696,0.9182,0.7269,0.6322,0.9054,0.813,
Train1Val_Test,cls,dna_prot,nt_v2_500m,esm1b_650m,Hybrid_Transformer_XGBoost,0.8569,0.7532,0.7051,0.9137,0.7283,0.632,0.9047,0.8127,
Train1Val_Test,center,dna_prot_spliceai,nt_v2_500m,esm2_650m,PyTorch_Gating,0.862,0.8593,0.5893,0.9639,0.6991,0.632,0.9163,0.8349,
Train1Val_Test,center,bio_dna_geom_prot,nt_v3_650m,esmc_600m,PyTorch_Concat,0.8594,0.9662,0.5006,0.9935,0.6595,0.6319,0.9613,0.9185,
Train1Val_Test,cls,dna_prot,nt_v2_500m,esmc_600m,Pure_XGBoost_Concat,0.86,0.791,0.6598,0.9349,0.7195,0.6319,0.8924,0.8138,
Train1Val_Test,mean,dna_prot_spliceai,nt_v2_500m,esm2_650m,Hybrid_Transformer_XGBoost,0.8571,0.755,0.7027,0.9148,0.7279,0.6319,0.904,0.8126,
Train1Val_Test,mean,dna_prot,nt_v3_650m,esm1v_650m,PyTorch_Gating,0.8615,0.8266,0.6212,0.9513,0.7094,0.6318,0.9152,0.8277,
Train1Val_Test,cls,dna_prot,nt_v1_500m,esmc_600m,PyTorch_Concat,0.8615,0.8304,0.617,0.9529,0.708,0.6315,0.876,0.805,
Train1Val_Test,mean,dna_prot,nt_v1_500m,esm2_650m,Hybrid_CrossAttn_XGBoost,0.8571,0.7564,0.7002,0.9157,0.7272,0.6315,0.903,0.8118,
Train1Val_Test,mean,dna_prot,nt_v2_500m,esm2_650m,Hybrid_CrossAttn_XGBoost,0.8569,0.7552,0.7014,0.915,0.7273,0.6313,0.9008,0.8063,
Train1Val_Test,mean,dna_prot,nt_v2_500m,esm1v_650m,PyTorch_Concat,0.8599,0.7922,0.6574,0.9355,0.7185,0.6311,0.9118,0.8199,
Train1Val_Test,mean,dna_prot_spliceai,nt_v1_500m,esm2_650m,Hybrid_CrossAttn_XGBoost,0.8574,0.7621,0.6918,0.9193,0.7253,0.6306,0.9007,0.8077,
Train1Val_Test,cls,dna_prot_spliceai,nt_v1_500m,esmc_600m,Hybrid_Concat_XGBoost,0.8591,0.7835,0.6659,0.9313,0.7199,0.6303,0.88,0.8038,
Train1Val_Test,mean,dna_prot_spliceai,nt_v3_650m,esm1v_650m,PyTorch_Concat,0.8609,0.8204,0.6255,0.9488,0.7098,0.6303,0.9151,0.824,
Train1Val_Test,mean,dna_prot_spliceai,nt_v3_650m,esm1v_650m,Pure_XGBoost_Concat,0.8571,0.7597,0.6942,0.918,0.7255,0.6303,0.901,0.8083,
Train1Val_Test,mean,dna_prot,nt_v1_500m,esm2_650m,PyTorch_CrossAttn,0.8609,0.8225,0.623,0.9497,0.709,0.6302,0.9108,0.8185,
Train1Val_Test,cls,dna_prot,nt_v3_650m,esmc_600m,Pure_XGBoost_Concat,0.8592,0.7869,0.6616,0.9331,0.7189,0.6301,0.8941,0.8121,
Train1Val_Test,mean,dna_prot_spliceai,nt_v1_500m,esm2_650m,Hybrid_Gating_XGBoost,0.8573,0.7634,0.6888,0.9202,0.7242,0.6297,0.9032,0.8106,
Train1Val_Test,cls,dna_prot_spliceai,nt_v1_500m,esmc_600m,PyTorch_Transformer,0.861,0.8399,0.6043,0.957,0.7029,0.6295,0.8695,0.798,
Train1Val_Test,mean,prot_spliceai,,esm1v_650m,PyTorch_Concat,0.86,0.8056,0.6399,0.9423,0.7133,0.6295,0.9122,0.8226,
Train1Val_Test,mean,dna_prot,nt_v1_500m,esm2_650m,PyTorch_Transformer,0.8579,0.7727,0.6767,0.9256,0.7215,0.6292,0.906,0.809,
Train1Val_Test,cls,dna_prot_spliceai,nt_v3_650m,esmc_600m,Hybrid_Transformer_XGBoost,0.8579,0.7727,0.6767,0.9256,0.7215,0.6292,0.8739,0.7949,
Train1Val_Test,mean,dna_prot_spliceai,nt_v3_650m,esm2_650m,PyTorch_Transformer,0.86,0.8084,0.6363,0.9437,0.7121,0.6292,0.9091,0.8162,
Train1Val_Test,cls,dna_prot,nt_v3_650m,esmc_600m,Hybrid_Concat_XGBoost,0.8578,0.7711,0.6785,0.9247,0.7218,0.6291,0.8803,0.8024,
Train1Val_Test,mean,dna_prot_spliceai,nt_v3_650m,esm2_650m,PyTorch_CrossAttn,0.8609,0.8415,0.6019,0.9576,0.7018,0.629,0.9107,0.8235,
Train1Val_Test,mean,dna_prot,nt_v1_500m,esm2_650m,Hybrid_Transformer_XGBoost,0.8556,0.75,0.7039,0.9123,0.7262,0.6289,0.9044,0.8102,
Train1Val_Test,cls,dna_prot_spliceai,nt_v3_650m,esmc_600m,Hybrid_Gating_XGBoost,0.8576,0.7698,0.6797,0.924,0.722,0.6289,0.8694,0.7946,
Train1Val_Test,mean,dna_prot_spliceai,nt_v3_650m,esm2_650m,Hybrid_Transformer_XGBoost,0.8548,0.7435,0.7117,0.9083,0.7273,0.6287,0.9079,0.8121,
Train1Val_Test,mean,dna_prot_spliceai,nt_v3_650m,esm2_650m,PyTorch_Concat,0.8597,0.8058,0.6381,0.9425,0.7122,0.6285,0.9088,0.82,
Train1Val_Test,cls,dna_prot_spliceai,nt_v2_500m,esmc_600m,PyTorch_Concat,0.8604,0.831,0.611,0.9536,0.7042,0.6281,0.8758,0.7998,
Train1Val_Test,mean,dna_prot_spliceai,nt_v3_650m,esm1v_650m,PyTorch_Transformer,0.8605,0.8435,0.5983,0.9585,0.7001,0.628,0.916,0.8276,
Train1Val_Test,mean,dna_prot,nt_v2_500m,esm1v_650m,PyTorch_Gating,0.8594,0.8032,0.6399,0.9414,0.7123,0.6279,0.9118,0.8151,
Train1Val_Test,cls,dna_prot,nt_v1_500m,esmc_600m,Hybrid_Concat_XGBoost,0.8581,0.781,0.6647,0.9304,0.7181,0.6278,0.8812,0.8051,
Train1Val_Test,cls,dna_prot_spliceai,nt_v1_500m,esmc_600m,PyTorch_Concat,0.8602,0.8342,0.6068,0.9549,0.7025,0.6274,0.8779,0.8056,
Train1Val_Test,cls,dna_prot_spliceai,nt_v1_500m,esmc_600m,Hybrid_Gating_XGBoost,0.8573,0.7717,0.6749,0.9254,0.7201,0.6274,0.8714,0.7953,
Train1Val_Test,mean,dna_prot,nt_v3_650m,esm1v_650m,PyTorch_CrossAttn,0.8582,0.7852,0.6592,0.9326,0.7167,0.6274,0.9105,0.8171,
Train1Val_Test,mean,dna_prot_spliceai,nt_v1_500m,esm2_650m,PyTorch_Concat,0.8597,0.8174,0.6236,0.9479,0.7075,0.6272,0.9086,0.8131,
Train1Val_Test,mean,dna_prot,nt_v3_650m,esm2_650m,PyTorch_CrossAttn,0.8591,0.802,0.6399,0.941,0.7118,0.627,0.9085,0.8192,
Train1Val_Test,center,dna_prot,nt_v1_500m,esm2_650m,PyTorch_Concat,0.8602,0.8474,0.5929,0.9601,0.6977,0.6269,0.9154,0.8299,
Train1Val_Test,mean,dna_prot,nt_v2_500m,esm1v_650m,PyTorch_Transformer,0.8596,0.8157,0.6248,0.9473,0.7077,0.6269,0.9114,0.8219,
Train1Val_Test,mean,dna_prot,nt_v3_650m,esm2_650m,PyTorch_Transformer,0.8594,0.8156,0.6242,0.9473,0.7072,0.6264,0.9104,0.8201,
Train1Val_Test,cls,dna_prot,nt_v3_650m,esmc_600m,Hybrid_CrossAttn_XGBoost,0.8569,0.7725,0.6719,0.9261,0.7187,0.6261,0.8633,0.7903,
Train1Val_Test,mean,dna_prot,nt_v2_500m,esm2_650m,Hybrid_Concat_XGBoost,0.8556,0.758,0.6894,0.9177,0.722,0.6261,0.9037,0.8068,
Train1Val_Test,cls,dna_prot,nt_v3_650m,esmc_600m,Hybrid_Gating_XGBoost,0.8559,0.7617,0.6846,0.92,0.7211,0.626,0.8725,0.7968,
Train1Val_Test,mean,dna_prot,nt_v3_650m,esm2_650m,PyTorch_Gating,0.8594,0.8212,0.6176,0.9497,0.705,0.6259,0.9094,0.8183,
Train1Val_Test,cls,dna_prot_spliceai,nt_v2_500m,esmc_600m,PyTorch_Transformer,0.8597,0.8435,0.5947,0.9588,0.6976,0.6255,0.8639,0.7932,
Train1Val_Test,center,dna_prot,nt_v3_650m,esm2_650m,PyTorch_CrossAttn,0.8597,0.8687,0.5706,0.9678,0.6888,0.6254,0.9197,0.8407,
Train1Val_Test,cls,dna_prot_spliceai,nt_v2_500m,esmc_600m,Hybrid_Concat_XGBoost,0.8571,0.7777,0.6647,0.929,0.7167,0.6254,0.8731,0.7945,
Train1Val_Test,center,dna_geom,nt_v3_650m,esmc_600m,Pure_XGBoost_Concat,0.8586,0.9252,0.5223,0.9842,0.6677,0.6252,0.8657,0.7878,
Train1Val_Test,mean,dna_prot_spliceai,nt_v1_500m,esm2_650m,Hybrid_Concat_XGBoost,0.8555,0.7602,0.6846,0.9193,0.7204,0.6249,0.9006,0.8026,
Train1Val_Test,mean,dna_prot_spliceai,nt_v3_650m,esm2_650m,PyTorch_Gating,0.8589,0.8182,0.6188,0.9486,0.7047,0.6246,0.9086,0.8196,
Train1Val_Test,mean,dna_prot,nt_v3_650m,esm2_650m,Pure_XGBoost_Concat,0.8569,0.7795,0.661,0.9301,0.7154,0.6245,0.8938,0.7956,
Train1Val_Test,mean,dna_prot_spliceai,nt_v2_500m,esm2_650m,Hybrid_CrossAttn_XGBoost,0.8548,0.7548,0.6906,0.9162,0.7213,0.6245,0.9017,0.808,
Train1Val_Test,mean,dna_prot,nt_v1_500m,esm1v_650m,PyTorch_Concat,0.8571,0.7825,0.6574,0.9317,0.7145,0.6244,0.9088,0.8153,
Train1Val_Test,mean,prot_spliceai,,esm2_650m,PyTorch_Concat,0.8591,0.8371,0.5983,0.9565,0.6979,0.6239,0.9103,0.8234,
Train1Val_Test,mean,dna_prot_spliceai,nt_v2_500m,esm1v_650m,Pure_XGBoost_Concat,0.8541,0.7505,0.6948,0.9137,0.7216,0.6238,0.8946,0.7982,
Train1Val_Test,cls,dna_prot,nt_v1_500m,esmc_600m,PyTorch_CrossAttn,0.8591,0.8435,0.5917,0.959,0.6955,0.6236,0.8725,0.7977,
Train1Val_Test,cls,dna_prot,nt_v1_500m,esmc_600m,Hybrid_Transformer_XGBoost,0.8563,0.7746,0.6653,0.9277,0.7158,0.6235,0.868,0.7943,
Train1Val_Test,center,dna_prot_spliceai,nt_v1_500m,esm2_650m,PyTorch_Concat,0.8589,0.8399,0.5947,0.9576,0.6963,0.6233,0.916,0.8266,
Train1Val_Test,cls,dna_prot_spliceai,nt_v2_500m,esmc_600m,PyTorch_Gating,0.8589,0.8393,0.5953,0.9574,0.6965,0.6233,0.8672,0.7962,
Train1Val_Test,cls,dna_prot,nt_v2_500m,esmc_600m,PyTorch_Transformer,0.8587,0.8346,0.5995,0.9556,0.6978,0.623,0.8672,0.7896,
Train1Val_Test,mean,prot_spliceai,,esm1v_650m,Pure_XGBoost_Concat,0.853,0.7427,0.7033,0.9089,0.7224,0.623,0.8992,0.8045,
Train1Val_Test,cls,dna_prot,nt_v2_500m,esmc_600m,PyTorch_Gating,0.8584,0.8213,0.6128,0.9502,0.7019,0.6229,0.8607,0.7886,
Train1Val_Test,mean,dna_prot_spliceai,nt_v3_650m,esm2_650m,Hybrid_Concat_XGBoost,0.8543,0.7546,0.6882,0.9164,0.7199,0.6229,0.9014,0.8067,
Train1Val_Test,mean,dna_prot,nt_v1_500m,esm2_650m,PyTorch_Concat,0.8581,0.8129,0.6212,0.9466,0.7043,0.6227,0.9081,0.8177,
Train1Val_Test,mean,dna_prot_spliceai,nt_v2_500m,esm2_650m,Hybrid_Gating_XGBoost,0.854,0.752,0.6912,0.9148,0.7203,0.6227,0.9026,0.8093,
Train1Val_Test,mean,dna_prot_spliceai,nt_v2_500m,esm2_650m,Hybrid_Concat_XGBoost,0.8546,0.7594,0.6815,0.9193,0.7184,0.6224,0.9054,0.8121,
Train1Val_Test,center,dna_prot_spliceai,nt_v1_500m,esm2_650m,PyTorch_Gating,0.8586,0.8455,0.5875,0.9599,0.6932,0.6221,0.9063,0.8202,
Train1Val_Test,mean,dna_prot,nt_v3_650m,esm1v_650m,Pure_XGBoost_Concat,0.854,0.7543,0.687,0.9164,0.7191,0.6219,0.8992,0.8062,
Train1Val_Test,mean,dna_prot,nt_v2_500m,esm2_650m,PyTorch_Gating,0.8578,0.8131,0.6194,0.9468,0.7032,0.6217,0.9081,0.8187,
Train1Val_Test,mean,dna_prot_spliceai,nt_v2_500m,esm2_650m,PyTorch_Transformer,0.8581,0.8242,0.608,0.9515,0.6998,0.6217,0.9095,0.8191,
Train1Val_Test,center,dna_prot,nt_v1_500m,esm2_650m,PyTorch_CrossAttn,0.8584,0.8597,0.573,0.9651,0.6877,0.6215,0.916,0.8306,
Train1Val_Test,mean,dna_prot,nt_v1_500m,esm2_650m,PyTorch_Gating,0.8576,0.8135,0.6182,0.947,0.7025,0.6211,0.9081,0.8156,
Train1Val_Test,cls,dna_prot_spliceai,nt_v1_500m,esmc_600m,PyTorch_Gating,0.8582,0.8669,0.5657,0.9675,0.6847,0.6211,0.8796,0.8065,
Train1Val_Test,mean,dna_prot,nt_v2_500m,esm2_650m,PyTorch_Transformer,0.8563,0.7862,0.6478,0.9342,0.7103,0.621,0.9073,0.8097,
Train1Val_Test,cls,dna_prot,nt_v1_500m,esm1v_650m,PyTorch_Concat,0.8576,0.818,0.6128,0.9491,0.7007,0.6207,0.9058,0.81,
Train1Val_Test,mean,dna_prot,nt_v2_500m,esm2_650m,Hybrid_Gating_XGBoost,0.853,0.749,0.6912,0.9135,0.7189,0.6205,0.8982,0.8048,
Train1Val_Test,cls,dna_prot_spliceai,nt_v1_500m,esmc_600m,PyTorch_CrossAttn,0.8578,0.8277,0.6025,0.9531,0.6974,0.6205,0.8758,0.8021,
Train1Val_Test,cls,dna_prot,nt_v2_500m,esmc_600m,Hybrid_Transformer_XGBoost,0.8556,0.7795,0.6544,0.9308,0.7115,0.6204,0.8589,0.7845,
Train1Val_Test,center,geom_prot,nt_v3_650m,esmc_600m,Pure_XGBoost_Concat,0.8566,0.9317,0.5103,0.986,0.6594,0.6202,0.8669,0.7878,
Train1Val_Test,cls,dna_prot,nt_v2_500m,esm1v_650m,PyTorch_Concat,0.8551,0.7739,0.6604,0.9279,0.7127,0.6201,0.9003,0.7966,
Train1Val_Test,cls,dna_prot,nt_v1_500m,esmc_600m,Hybrid_Gating_XGBoost,0.8543,0.7655,0.6695,0.9234,0.7143,0.6196,0.8741,0.7968,
Train1Val_Test,mean,dna_prot,nt_v2_500m,esm2_650m,PyTorch_Concat,0.8573,0.8198,0.6092,0.95,0.699,0.6196,0.9109,0.8214,
Train1Val_Test,cls,dna_prot_spliceai,nt_v3_650m,esmc_600m,Hybrid_CrossAttn_XGBoost,0.8545,0.7675,0.6671,0.9245,0.7138,0.6196,0.8691,0.7907,
Train1Val_Test,mean,dna_prot,nt_v3_650m,esm2_650m,Hybrid_Gating_XGBoost,0.852,0.7432,0.6966,0.9101,0.7192,0.6195,0.8994,0.8061,
Train1Val_Test,cls,dna_prot,nt_v3_650m,esmc_600m,Hybrid_Transformer_XGBoost,0.8535,0.7579,0.6779,0.9191,0.7157,0.6192,0.8676,0.7945,
Train1Val_Test,mean,dna_prot_spliceai,nt_v1_500m,esm2_650m,PyTorch_Gating,0.8569,0.8211,0.6062,0.9506,0.6974,0.6185,0.9085,0.8189,
Train1Val_Test,mean,dna_prot,nt_v1_500m,esm2_650m,Hybrid_Gating_XGBoost,0.8525,0.7505,0.6858,0.9148,0.7167,0.6184,0.9021,0.8044,
Train1Val_Test,center,dna_geom_prot,nt_v3_650m,esmc_600m,Pure_XGBoost_Concat,0.8558,0.9333,0.506,0.9865,0.6562,0.6181,0.8624,0.7862,
Train1Val_Test,mean,dna_prot_spliceai,nt_v3_650m,esm2_650m,Hybrid_Gating_XGBoost,0.8517,0.7445,0.6924,0.9112,0.7175,0.6179,0.899,0.8058,
Train1Val_Test,cls,dna_prot,nt_v2_500m,esmc_600m,Hybrid_Concat_XGBoost,0.8537,0.766,0.6653,0.924,0.7121,0.6174,0.8692,0.7896,
Train1Val_Test,cls,dna_prot_spliceai,nt_v3_650m,esm1v_650m,PyTorch_CrossAttn,0.8545,0.7787,0.6496,0.931,0.7083,0.6169,0.9049,0.8026,
Train1Val_Test,cls,dna_prot,nt_v3_650m,esm1v_650m,Hybrid_CrossAttn_XGBoost,0.8476,0.7171,0.7262,0.8929,0.7216,0.6167,0.898,0.7956,
Train1Val_Test,cls,dna_prot_spliceai,nt_v1_500m,esmc_600m,Hybrid_Transformer_XGBoost,0.8535,0.7669,0.6628,0.9247,0.7111,0.6166,0.8719,0.7918,
Train1Val_Test,mean,dna_prot_spliceai,nt_v1_500m,esm1v_650m,Pure_XGBoost_Concat,0.8509,0.7415,0.6936,0.9096,0.7167,0.6163,0.8967,0.7964,
Train1Val_Test,mean,dna_prot,nt_v3_650m,esm2_650m,PyTorch_Concat,0.8563,0.8253,0.5983,0.9527,0.6937,0.6162,0.9077,0.8188,
Train1Val_Test,cls,dna_prot_spliceai,nt_v2_500m,esm1v_650m,PyTorch_CrossAttn,0.8538,0.7726,0.6556,0.9279,0.7093,0.6162,0.8999,0.7942,
Train1Val_Test,cls,dna_prot_spliceai,nt_v2_500m,esmc_600m,Hybrid_Gating_XGBoost,0.8538,0.7726,0.6556,0.9279,0.7093,0.6162,0.8568,0.7791,
Train1Val_Test,cls,dna_prot_spliceai,nt_v3_650m,esm1v_650m,Hybrid_Gating_XGBoost,0.8491,0.7289,0.7087,0.9015,0.7187,0.6157,0.899,0.7913,
Train1Val_Test,cls,dna_prot_spliceai,nt_v1_500m,esmc_600m,Hybrid_CrossAttn_XGBoost,0.8535,0.7734,0.6526,0.9286,0.7079,0.615,0.8658,0.7914,
Train1Val_Test,cls,dna_prot,nt_v1_500m,esm1v_650m,Hybrid_Concat_XGBoost,0.8497,0.736,0.6978,0.9065,0.7164,0.6147,0.8961,0.7965,
Train1Val_Test,mean,dna_prot,nt_v2_500m,esm2_650m,PyTorch_CrossAttn,0.855,0.8019,0.62,0.9428,0.6993,0.6145,0.9075,0.8115,
Train1Val_Test,cls,dna_prot,nt_v1_500m,esm1v_650m,PyTorch_Transformer,0.8538,0.7805,0.6435,0.9324,0.7055,0.6144,0.9041,0.8083,
Train1Val_Test,cls,dna_prot_spliceai,nt_v1_500m,esm1v_650m,PyTorch_Concat,0.853,0.7694,0.6562,0.9265,0.7083,0.6144,0.9001,0.7967,
Train1Val_Test,cls,dna_prot,nt_v3_650m,esm1v_650m,PyTorch_Concat,0.8546,0.7965,0.6255,0.9403,0.7007,0.6142,0.9052,0.8041,
Train1Val_Test,cls,dna_prot_spliceai,nt_v1_500m,esm1v_650m,PyTorch_Gating,0.8548,0.8003,0.6212,0.9421,0.6995,0.6142,0.902,0.8055,
Train1Val_Test,cls,dna_prot,nt_v1_500m,esm1v_650m,Hybrid_Gating_XGBoost,0.8482,0.7278,0.7063,0.9013,0.7169,0.6134,0.8977,0.7908,
Train1Val_Test,cls,dna_prot,nt_v1_500m,esm1v_650m,PyTorch_CrossAttn,0.8525,0.7674,0.6568,0.9256,0.7078,0.6133,0.9009,0.8043,
Train1Val_Test,cls,dna_prot,nt_v2_500m,esm1v_650m,Hybrid_CrossAttn_XGBoost,0.8476,0.7235,0.7117,0.8984,0.7175,0.6132,0.8962,0.7915,
Train1Val_Test,cls,dna_prot,nt_v2_500m,esmc_600m,PyTorch_Concat,0.8551,0.8254,0.5929,0.9531,0.6901,0.6128,0.8591,0.7853,
Train1Val_Test,cls,dna_prot_spliceai,nt_v2_500m,esmc_600m,Hybrid_Transformer_XGBoost,0.8527,0.7734,0.6484,0.929,0.7054,0.6124,0.8562,0.7782,
Train1Val_Test,cls,dna_prot_spliceai,nt_v1_500m,esm1v_650m,Hybrid_CrossAttn_XGBoost,0.8471,0.7219,0.7123,0.8975,0.7171,0.6123,0.8973,0.7947,
Train1Val_Test,mean,dna_prot_spliceai,nt_v2_500m,esm2_650m,PyTorch_Gating,0.8537,0.7915,0.6273,0.9382,0.6999,0.612,0.9025,0.8093,
Train1Val_Test,cls,dna_prot,nt_v1_500m,esmc_600m,Hybrid_CrossAttn_XGBoost,0.8523,0.7707,0.6508,0.9277,0.7057,0.6119,0.8597,0.7853,
Train1Val_Test,cls,dna_prot_spliceai,nt_v3_650m,esm1v_650m,PyTorch_Transformer,0.8525,0.7744,0.646,0.9297,0.7044,0.6116,0.9059,0.8051,
Train1Val_Test,cls,dna_prot,nt_v3_650m,esm1v_650m,PyTorch_CrossAttn,0.8532,0.7849,0.6339,0.9351,0.7014,0.6115,0.9065,0.8055,
Train1Val_Test,cls,dna_prot_spliceai,nt_v2_500m,esm1v_650m,PyTorch_Transformer,0.8535,0.7913,0.6267,0.9382,0.6994,0.6115,0.9036,0.8007,
Train1Val_Test,cls,dna_prot_spliceai,nt_v2_500m,esm1v_650m,Hybrid_Concat_XGBoost,0.8473,0.7245,0.7075,0.8995,0.7159,0.6115,0.8944,0.7876,
Train1Val_Test,mean,prot_spliceai,,esm2_650m,Hybrid_Concat_XGBoost,0.8499,0.7465,0.6785,0.9139,0.7109,0.6111,0.8981,0.7998,
Train1Val_Test,cls,dna_prot_spliceai,nt_v2_500m,esmc_600m,PyTorch_CrossAttn,0.8538,0.8032,0.6128,0.9439,0.6952,0.6108,0.8572,0.7814,
Train1Val_Test,cls,dna_prot,nt_v1_500m,esm1v_650m,Hybrid_CrossAttn_XGBoost,0.8471,0.7252,0.7051,0.9002,0.715,0.6106,0.894,0.7868,
Train1Val_Test,cls,dna_prot,nt_v1_500m,esm1v_650m,Hybrid_Transformer_XGBoost,0.8468,0.7229,0.7081,0.8986,0.7154,0.6106,0.9004,0.8003,
Train1Val_Test,mean,dna_prot_spliceai,nt_v3_650m,esm2_650m,Pure_XGBoost_Concat,0.8517,0.7681,0.6514,0.9265,0.705,0.6105,0.8934,0.7934,
Train1Val_Test,cls,dna_prot_spliceai,nt_v2_500m,esm1v_650m,Hybrid_CrossAttn_XGBoost,0.845,0.7126,0.7207,0.8914,0.7166,0.6099,0.8964,0.794,
Train1Val_Test,cls,dna_prot,nt_v3_650m,esm1v_650m,Hybrid_Concat_XGBoost,0.8474,0.7292,0.6984,0.9031,0.7135,0.6098,0.8943,0.789,
Train1Val_Test,mean,dna_prot_spliceai,nt_v2_500m,esm2_650m,PyTorch_Concat,0.8543,0.8348,0.579,0.9572,0.6838,0.6098,0.9067,0.8152,
Train1Val_Test,cls,dna_prot_spliceai,nt_v1_500m,esm1v_650m,PyTorch_Transformer,0.8527,0.7879,0.6273,0.9369,0.6985,0.6095,0.9037,0.8032,
Train1Val_Test,mean,dna_prot,nt_v1_500m,esm1v_650m,Pure_XGBoost_Concat,0.8486,0.7407,0.6821,0.9108,0.7102,0.6089,0.8936,0.7965,
Train1Val_Test,cls,dna_prot_spliceai,nt_v3_650m,esm1v_650m,Hybrid_Concat_XGBoost,0.8466,0.7258,0.7008,0.9011,0.7131,0.6086,0.8995,0.7906,
Train1Val_Test,cls,dna_prot,nt_v2_500m,esm1v_650m,PyTorch_Transformer,0.8525,0.7926,0.62,0.9394,0.6958,0.6082,0.904,0.8058,
Train1Val_Test,cls,dna_prot_spliceai,nt_v1_500m,esm1v_650m,Hybrid_Transformer_XGBoost,0.8453,0.7187,0.7087,0.8963,0.7136,0.6077,0.9002,0.7978,
Train1Val_Test,center,bio_geom_prot,nt_v3_650m,esmc_600m,PyTorch_Concat,0.8509,0.9641,0.4692,0.9935,0.6312,0.6075,0.9529,0.9065,
Train1Val_Test,cls,dna_prot,nt_v2_500m,esmc_600m,PyTorch_CrossAttn,0.8528,0.8137,0.5953,0.9491,0.6876,0.6067,0.8503,0.7748,
Train1Val_Test,cls,dna_prot,nt_v2_500m,esmc_600m,Hybrid_Gating_XGBoost,0.85,0.7623,0.652,0.924,0.7029,0.6067,0.8567,0.7769,
Train1Val_Test,cls,dna_prot_spliceai,nt_v1_500m,esm1v_650m,Hybrid_Concat_XGBoost,0.8473,0.7353,0.6852,0.9078,0.7093,0.6066,0.8986,0.7978,
Train1Val_Test,cls,dna_prot,nt_v3_650m,esm1v_650m,PyTorch_Transformer,0.8514,0.7814,0.6297,0.9342,0.6974,0.6065,0.905,0.8027,
Train1Val_Test,cls,dna_prot_spliceai,nt_v2_500m,esmc_600m,Hybrid_CrossAttn_XGBoost,0.8507,0.7714,0.6411,0.929,0.7003,0.6065,0.8523,0.771,
Train1Val_Test,cls,prot_spliceai,,esm1v_650m,Pure_XGBoost_Concat,0.8458,0.7247,0.6984,0.9008,0.7113,0.6063,0.8911,0.7817,
Train1Val_Test,center,bio_dna_geom_prot,nt_v3_650m,esmc_600m,PyTorch_CrossAttn,0.85,0.9721,0.462,0.995,0.6263,0.6062,0.9506,0.9022,
Train1Val_Test,cls,dna_prot,nt_v3_650m,esm1v_650m,PyTorch_Gating,0.8518,0.7933,0.6158,0.94,0.6934,0.6061,0.9047,0.8053,
Train1Val_Test,cls,dna_prot_spliceai,nt_v1_500m,esm1v_650m,PyTorch_CrossAttn,0.8505,0.7724,0.6387,0.9297,0.6992,0.6058,0.9044,0.8054,
Train1Val_Test,cls,dna_prot_spliceai,nt_v1_500m,esm1v_650m,Hybrid_Gating_XGBoost,0.8456,0.7256,0.6954,0.9017,0.7102,0.6053,0.8964,0.792,
Train1Val_Test,cls,dna_prot,nt_v2_500m,esm1v_650m,Hybrid_Concat_XGBoost,0.8464,0.7326,0.6858,0.9065,0.7084,0.6049,0.8945,0.7878,
Train1Val_Test,cls,dna_prot,nt_v1_500m,esm1v_650m,PyTorch_Gating,0.8518,0.8027,0.6037,0.9446,0.6892,0.6048,0.9062,0.8061,
Train1Val_Test,cls,dna_prot,nt_v2_500m,esm1v_650m,Hybrid_Gating_XGBoost,0.8453,0.7244,0.696,0.9011,0.7099,0.6047,0.8952,0.7894,
Train1Val_Test,cls,dna_prot_spliceai,nt_v3_650m,esm1v_650m,Hybrid_Transformer_XGBoost,0.8435,0.7131,0.7105,0.8932,0.7118,0.6044,0.8997,0.7925,
Train1Val_Test,cls,dna_prot,nt_v2_500m,esm1v_650m,PyTorch_CrossAttn,0.8514,0.8003,0.6043,0.9437,0.6887,0.6036,0.9027,0.7992,
Train1Val_Test,cls,dna_prot,nt_v3_650m,esm1v_650m,Hybrid_Gating_XGBoost,0.8438,0.7168,0.7039,0.8961,0.7103,0.6034,0.8976,0.7918,
Train1Val_Test,cls,dna_prot,nt_v2_500m,esmc_600m,Hybrid_CrossAttn_XGBoost,0.8489,0.7642,0.6429,0.9259,0.6983,0.6025,0.8468,0.7726,
Train1Val_Test,mean,dna_prot,nt_v2_500m,esm2_650m,Pure_XGBoost_Concat,0.8486,0.7601,0.6478,0.9236,0.6994,0.6025,0.882,0.7768,
Train1Val_Test,mean,dna_prot,nt_v2_500m,esm1v_650m,Pure_XGBoost_Concat,0.8461,0.7365,0.6761,0.9096,0.705,0.6022,0.8948,0.7987,
Train1Val_Test,cls,dna_prot_spliceai,nt_v2_500m,esm1v_650m,Hybrid_Transformer_XGBoost,0.8399,0.6967,0.7286,0.8815,0.7123,0.6017,0.8943,0.7864,
Train1Val_Test,mean,prot_spliceai,,esm2_650m,Pure_XGBoost_Concat,0.8481,0.7581,0.6484,0.9227,0.699,0.6015,0.883,0.7841,
Train1Val_Test,cls,dna_prot_spliceai,nt_v3_650m,esm1v_650m,Pure_XGBoost_Concat,0.8448,0.7282,0.6852,0.9044,0.706,0.6012,0.892,0.775,
Train1Val_Test,cls,dna_prot_spliceai,nt_v3_650m,esm1v_650m,Hybrid_CrossAttn_XGBoost,0.8417,0.7074,0.7129,0.8898,0.7101,0.6012,0.8944,0.7903,
Train1Val_Test,cls,dna_prot_spliceai,nt_v3_650m,esm1v_650m,PyTorch_Gating,0.8504,0.7979,0.6025,0.943,0.6866,0.6009,0.9017,0.7986,
Train1Val_Test,cls,dna_prot,nt_v2_500m,esm1v_650m,Hybrid_Transformer_XGBoost,0.8422,0.7112,0.7069,0.8927,0.709,0.6007,0.8936,0.7864,
Train1Val_Test,cls,dna_prot,nt_v3_650m,esm1v_650m,Pure_XGBoost_Concat,0.8441,0.7258,0.6864,0.9031,0.7055,0.6001,0.8875,0.7759,
Train1Val_Test,cls,dna_prot,nt_v3_650m,esm1v_650m,Hybrid_Transformer_XGBoost,0.8407,0.7036,0.7159,0.8873,0.7097,0.6,0.8965,0.7927,
Train1Val_Test,cls,dna_prot_spliceai,nt_v1_500m,esm1v_650m,Pure_XGBoost_Concat,0.8441,0.7278,0.6821,0.9047,0.7042,0.5991,0.8909,0.7803,
Train1Val_Test,cls,dna_prot_spliceai,nt_v2_500m,esm1v_650m,Hybrid_Gating_XGBoost,0.8413,0.7108,0.7027,0.8932,0.7067,0.598,0.8909,0.786,
Train1Val_Test,cls,dna_geom_prot,nt_v3_650m,esm1b_650m,Pure_XGBoost_Concat,0.8491,0.9222,0.4861,0.9847,0.6367,0.5978,0.8988,0.8257,
Train1Val_Test,cls,dna_prot,nt_v2_500m,esm1v_650m,PyTorch_Gating,0.8497,0.8149,0.579,0.9509,0.677,0.5972,0.9002,0.7971,
Train1Val_Test,cls,dna_prot_spliceai,nt_v3_650m,esm1v_650m,PyTorch_Concat,0.8499,0.8285,0.5651,0.9563,0.6719,0.5969,0.9034,0.7994,
Train1Val_Test,cls,dna_prot_spliceai,nt_v2_500m,esm1v_650m,PyTorch_Concat,0.8482,0.7852,0.6086,0.9378,0.6857,0.5961,0.902,0.7966,
Train1Val_Test,mean,dna_prot_spliceai,nt_v1_500m,esm2_650m,Pure_XGBoost_Concat,0.8458,0.7539,0.6429,0.9216,0.694,0.5951,0.8857,0.7787,
Train1Val_Test,mean,dna_prot_spliceai,nt_v2_500m,esm2_650m,Pure_XGBoost_Concat,0.8459,0.7562,0.6399,0.9229,0.6932,0.595,0.8858,0.7809,
Train1Val_Test,mean,dna_prot,nt_v1_500m,esm2_650m,Pure_XGBoost_Concat,0.8464,0.7627,0.6321,0.9265,0.6913,0.5949,0.8851,0.7808,
Train1Val_Test,cls,dna_prot,nt_v1_500m,esm1v_650m,Pure_XGBoost_Concat,0.8418,0.7224,0.6797,0.9024,0.7004,0.5936,0.8892,0.7744,
Train1Val_Test,mean,geom_prot,nt_v3_650m,esm1b_650m,Pure_XGBoost_Concat,0.8473,0.9232,0.4783,0.9851,0.6301,0.5927,0.8894,0.822,
Train1Val_Test,cls,dna_prot_spliceai,nt_v3_650m,esm2_650m,PyTorch_Transformer,0.8479,0.8053,0.5814,0.9475,0.6753,0.5925,0.8874,0.7807,
Train1Val_Test,cls,prot_spliceai,,esm1v_650m,PyTorch_Concat,0.8477,0.8017,0.585,0.9459,0.6764,0.5923,0.9037,0.7973,
Train1Val_Test,center,dna_geom_prot,nt_v3_650m,esmc_600m,PyTorch_Transformer,0.8461,0.9444,0.4614,0.9899,0.6199,0.5916,0.9328,0.8724,
Train1Val_Test,cls,dna_prot,nt_v2_500m,esm1v_650m,Pure_XGBoost_Concat,0.8407,0.7187,0.6809,0.9004,0.6993,0.5914,0.884,0.7738,
Train1Val_Test,cls,dna_prot_spliceai,nt_v2_500m,esm1v_650m,Pure_XGBoost_Concat,0.8399,0.7137,0.687,0.897,0.7001,0.5911,0.8868,0.774,
Train1Val_Test,cls,prot_spliceai,,esm1v_650m,Hybrid_Concat_XGBoost,0.8402,0.7162,0.6834,0.8988,0.6994,0.5909,0.8908,0.7832,
Train1Val_Test,mean,dna_geom_prot,nt_v3_650m,esm1b_650m,Pure_XGBoost_Concat,0.8461,0.9286,0.4704,0.9865,0.6245,0.5899,0.8944,0.8201,
Train1Val_Test,center,dna_geom_prot,nt_v3_650m,esmc_600m,PyTorch_CrossAttn,0.844,0.9492,0.4505,0.991,0.611,0.5859,0.9256,0.8658,
Train1Val_Test,cls,dna_prot,nt_v3_650m,esm2_650m,PyTorch_Transformer,0.8454,0.8179,0.5555,0.9538,0.6616,0.584,0.887,0.7787,
Train1Val_Test,cls,dna_prot_spliceai,nt_v2_500m,esm1v_650m,PyTorch_Gating,0.8448,0.7967,0.5766,0.945,0.669,0.5837,0.8989,0.7944,
Train1Val_Test,cls,geom_prot,nt_v3_650m,esm1b_650m,Pure_XGBoost_Concat,0.8441,0.9214,0.4668,0.9851,0.6197,0.5835,0.8943,0.8198,
Train1Val_Test,cls,dna_prot_spliceai,nt_v3_650m,esm2_650m,PyTorch_Concat,0.844,0.783,0.5899,0.9389,0.6729,0.583,0.8797,0.767,
Train1Val_Test,center,dna_geom_prot,nt_v3_650m,esmc_600m,Hybrid_CrossAttn_XGBoost,0.843,0.9476,0.4475,0.9908,0.6079,0.5829,0.9247,0.8589,
Train1Val_Test,cls,dna_prot,nt_v3_650m,esm2_650m,PyTorch_Concat,0.8446,0.8099,0.5603,0.9509,0.6624,0.582,0.8826,0.775,
Train1Val_Test,center,bio_dna_geom_prot,nt_v3_650m,esmc_600m,Hybrid_CrossAttn_XGBoost,0.8415,0.974,0.4288,0.9957,0.5955,0.5819,0.9609,0.9146,
Train1Val_Test,cls,dna_prot,nt_v3_650m,esm2_650m,PyTorch_CrossAttn,0.8435,0.7904,0.5778,0.9428,0.6676,0.5804,0.8854,0.7778,
Train1Val_Test,cls,dna_prot,nt_v1_500m,esm2_650m,PyTorch_Gating,0.8423,0.7746,0.5929,0.9355,0.6717,0.5792,0.885,0.7748,
Train1Val_Test,cls,dna_prot,nt_v2_500m,esm2_650m,PyTorch_Transformer,0.8438,0.8233,0.5422,0.9565,0.6538,0.5787,0.883,0.7711,
Train1Val_Test,cls,dna_prot,nt_v1_500m,esm2_650m,PyTorch_Concat,0.8417,0.7676,0.5995,0.9322,0.6732,0.5784,0.8866,0.7725,
Train1Val_Test,cls,dna_prot_spliceai,nt_v1_500m,esm2_650m,PyTorch_CrossAttn,0.841,0.7588,0.6092,0.9277,0.6758,0.5782,0.8834,0.7646,
Train1Val_Test,cls,dna_prot_spliceai,nt_v1_500m,esm2_650m,PyTorch_Concat,0.8423,0.7873,0.576,0.9419,0.6653,0.5772,0.8833,0.7748,
Train1Val_Test,cls,dna_prot_spliceai,nt_v1_500m,esm2_650m,PyTorch_Gating,0.8415,0.7729,0.5911,0.9351,0.6699,0.5768,0.8802,0.7702,
Train1Val_Test,center,bio_dna_geom_prot,nt_v3_650m,esmc_600m,PyTorch_Transformer,0.8392,0.9815,0.4168,0.9971,0.5851,0.5762,0.9635,0.9225,
Train1Val_Test,mean,dna_geom,nt_v3_650m,esm1b_650m,Pure_XGBoost_Concat,0.8407,0.9332,0.4463,0.9881,0.6038,0.5746,0.8781,0.8081,
Train1Val_Test,cls,bio_dna_geom_prot,nt_v3_650m,esm1b_650m,Hybrid_Gating_XGBoost,0.8392,0.9669,0.4234,0.9946,0.5889,0.5742,0.9519,0.8997,
Train1Val_Test,cls,dna_prot_spliceai,nt_v2_500m,esm2_650m,Hybrid_Transformer_XGBoost,0.8369,0.7277,0.6399,0.9105,0.681,0.5742,0.8672,0.7549,
Train1Val_Test,cls,dna_geom,nt_v3_650m,esm1b_650m,Pure_XGBoost_Concat,0.8407,0.9257,0.4505,0.9865,0.6061,0.5738,0.8883,0.8145,
Train1Val_Test,cls,dna_prot_spliceai,nt_v1_500m,esm2_650m,PyTorch_Transformer,0.8404,0.7703,0.5887,0.9344,0.6674,0.5736,0.8844,0.777,
Train1Val_Test,cls,dna_prot_spliceai,nt_v3_650m,esm2_650m,PyTorch_CrossAttn,0.8399,0.7631,0.5965,0.9308,0.6696,0.5735,0.8804,0.7678,
Train1Val_Test,cls,dna_prot_spliceai,nt_v3_650m,esm2_650m,PyTorch_Gating,0.8407,0.786,0.5694,0.9421,0.6604,0.5722,0.8849,0.774,
Train1Val_Test,cls,dna_prot,nt_v3_650m,esm2_650m,PyTorch_Gating,0.8402,0.7923,0.5591,0.9452,0.6556,0.5699,0.8844,0.7756,
Train1Val_Test,cls,prot_spliceai,,esm2_650m,PyTorch_Concat,0.84,0.7901,0.5609,0.9443,0.6561,0.5696,0.8857,0.7727,
Train1Val_Test,cls,dna_prot_spliceai,nt_v2_500m,esm2_650m,PyTorch_Transformer,0.8397,0.7864,0.5639,0.9428,0.6568,0.569,0.878,0.7664,
Train1Val_Test,cls,dna_prot_spliceai,nt_v2_500m,esm2_650m,PyTorch_CrossAttn,0.8384,0.7623,0.5899,0.9313,0.6651,0.5689,0.8786,0.7674,
Train1Val_Test,cls,dna_prot,nt_v1_500m,esm2_650m,Hybrid_Transformer_XGBoost,0.8349,0.7242,0.6351,0.9096,0.6767,0.5688,0.872,0.7613,
Train1Val_Test,center,bio_dna_geom_prot,nt_v3_650m,esmc_600m,PyTorch_Gating,0.8361,0.9911,0.4011,0.9986,0.5711,0.5683,0.965,0.9283,
Train1Val_Test,cls,dna_prot_spliceai,nt_v2_500m,esm2_650m,Hybrid_CrossAttn_XGBoost,0.8336,0.7193,0.6369,0.9071,0.6756,0.5662,0.8664,0.7497,
Train1Val_Test,cls,dna_prot,nt_v1_500m,esm2_650m,Hybrid_CrossAttn_XGBoost,0.833,0.7145,0.6429,0.904,0.6768,0.5661,0.8693,0.7574,
Train1Val_Test,cls,dna_prot,nt_v1_500m,esm2_650m,PyTorch_CrossAttn,0.8384,0.7821,0.5627,0.9414,0.6545,0.5654,0.8824,0.7689,
Train1Val_Test,cls,dna_prot,nt_v3_650m,esm2_650m,Hybrid_Gating_XGBoost,0.832,0.7091,0.6484,0.9006,0.6774,0.5651,0.8708,0.7519,
Train1Val_Test,cls,dna_prot_spliceai,nt_v2_500m,esm2_650m,PyTorch_Gating,0.8382,0.7819,0.5621,0.9414,0.654,0.5649,0.8775,0.7674,
Train1Val_Test,cls,dna_prot,nt_v1_500m,esm2_650m,Hybrid_Concat_XGBoost,0.8335,0.7225,0.6297,0.9096,0.6729,0.5643,0.8758,0.7589,
Train1Val_Test,cls,dna_prot,nt_v1_500m,esm2_650m,PyTorch_Transformer,0.8389,0.8256,0.5169,0.9592,0.6358,0.5636,0.8833,0.7746,
Train1Val_Test,cls,dna_prot,nt_v3_650m,esm2_650m,Hybrid_Concat_XGBoost,0.8323,0.7149,0.6381,0.9049,0.6743,0.5635,0.8745,0.762,
Train1Val_Test,cls,dna_prot,nt_v2_500m,esm2_650m,Hybrid_CrossAttn_XGBoost,0.8315,0.7122,0.6387,0.9035,0.6734,0.5619,0.8655,0.7464,
Train1Val_Test,cls,dna_prot_spliceai,nt_v1_500m,esm2_650m,Hybrid_Concat_XGBoost,0.833,0.7241,0.6236,0.9112,0.6701,0.5619,0.8753,0.7614,
Train1Val_Test,mean,geom,nt_v3_650m,esm1b_650m,Pure_XGBoost_Concat,0.8359,0.9434,0.4222,0.9905,0.5833,0.5617,0.8882,0.819,
Train1Val_Test,cls,dna_prot_spliceai,nt_v1_500m,esm2_650m,Hybrid_Gating_XGBoost,0.8318,0.7163,0.6321,0.9065,0.6716,0.5611,0.8666,0.7556,
Train1Val_Test,center,bio_geom,nt_v3_650m,esmc_600m,Hybrid_Concat_XGBoost,0.8343,0.9765,0.4005,0.9964,0.568,0.561,0.9623,0.9194,
Train1Val_Test,center,bio_geom,nt_v3_650m,esmc_600m,PyTorch_Concat,0.8341,0.9793,0.3987,0.9968,0.5667,0.5609,0.9627,0.9201,
Train1Val_Test,center,bio_dna_geom,nt_v3_650m,esmc_600m,Hybrid_Concat_XGBoost,0.8346,0.9683,0.4053,0.995,0.5714,0.5609,0.9497,0.8994,
Train1Val_Test,cls,dna_prot_spliceai,nt_v1_500m,esm2_650m,Hybrid_Transformer_XGBoost,0.8308,0.7105,0.6381,0.9029,0.6724,0.5603,0.8723,0.7576,
Train1Val_Test,cls,dna_prot,nt_v2_500m,esm2_650m,PyTorch_CrossAttn,0.8369,0.7882,0.5476,0.945,0.6463,0.56,0.8732,0.7573,
Train1Val_Test,cls,dna_prot,nt_v2_500m,esm2_650m,Hybrid_Gating_XGBoost,0.8305,0.7093,0.6387,0.9022,0.6722,0.5597,0.8649,0.7471,
Train1Val_Test,cls,prot_spliceai,,esm2_650m,Pure_XGBoost_Concat,0.8318,0.7203,0.6242,0.9094,0.6688,0.5594,0.8673,0.75,
Train1Val_Test,cls,dna_prot_spliceai,nt_v3_650m,esm2_650m,Hybrid_Concat_XGBoost,0.8308,0.7131,0.6327,0.9049,0.6705,0.5591,0.8747,0.7598,
Train1Val_Test,cls,dna_prot_spliceai,nt_v2_500m,esm2_650m,PyTorch_Concat,0.8361,0.7748,0.5603,0.9391,0.6503,0.5591,0.8788,0.7676,
Train1Val_Test,cls,dna_prot,nt_v1_500m,esm2_650m,Hybrid_Gating_XGBoost,0.8304,0.7102,0.6357,0.9031,0.6709,0.5587,0.8686,0.7513,
Train1Val_Test,cls,dna_prot,nt_v2_500m,esm2_650m,PyTorch_Gating,0.8371,0.811,0.5229,0.9545,0.6359,0.5586,0.8793,0.7645,
Train1Val_Test,cls,dna_prot,nt_v3_650m,esm2_650m,Hybrid_Transformer_XGBoost,0.8299,0.7074,0.6387,0.9013,0.6713,0.5583,0.8698,0.7574,
Train1Val_Test,cls,dna_prot_spliceai,nt_v2_500m,esm2_650m,Hybrid_Concat_XGBoost,0.8307,0.7135,0.6309,0.9053,0.6697,0.5583,0.866,0.7509,
Train1Val_Test,cls,dna_prot_spliceai,nt_v2_500m,esm2_650m,Hybrid_Gating_XGBoost,0.8308,0.7149,0.6291,0.9062,0.6692,0.5583,0.8664,0.7544,
Train1Val_Test,cls,dna_prot_spliceai,nt_v1_500m,esm2_650m,Pure_XGBoost_Concat,0.832,0.7248,0.6164,0.9126,0.6662,0.5582,0.865,0.7493,
Train1Val_Test,cls,dna_prot_spliceai,nt_v3_650m,esm2_650m,Hybrid_CrossAttn_XGBoost,0.8297,0.7075,0.6375,0.9015,0.6707,0.5576,0.8689,0.7563,
Train1Val_Test,cls,dna_prot_spliceai,nt_v3_650m,esm2_650m,Hybrid_Transformer_XGBoost,0.8289,0.7027,0.6429,0.8984,0.6715,0.5571,0.8739,0.7609,
Train1Val_Test,cls,dna_prot_spliceai,nt_v1_500m,esm2_650m,Hybrid_CrossAttn_XGBoost,0.8297,0.7097,0.6327,0.9033,0.669,0.5565,0.8703,0.7551,
Train1Val_Test,center,bio_dna_geom_prot,nt_v3_650m,esmc_600m,Hybrid_Gating_XGBoost,0.8325,0.9789,0.3926,0.9968,0.5605,0.5559,0.9489,0.9007,
Train1Val_Test,cls,dna_prot,nt_v3_650m,esm2_650m,Pure_XGBoost_Concat,0.8317,0.729,0.6068,0.9157,0.6623,0.5555,0.866,0.7472,
Train1Val_Test,cls,dna_prot_spliceai,nt_v2_500m,esm2_650m,Pure_XGBoost_Concat,0.8307,0.7223,0.6134,0.9119,0.6634,0.5546,0.8631,0.7464,
Train1Val_Test,cls,dna_prot,nt_v2_500m,esm2_650m,PyTorch_Concat,0.8345,0.7706,0.5573,0.938,0.6468,0.5545,0.8771,0.7604,
Train1Val_Test,cls,prot_spliceai,,esm2_650m,Hybrid_Concat_XGBoost,0.829,0.7107,0.6267,0.9047,0.666,0.5537,0.8677,0.7551,
Train1Val_Test,cls,dna_prot_spliceai,nt_v3_650m,esm2_650m,Pure_XGBoost_Concat,0.8295,0.7184,0.614,0.9101,0.6621,0.5521,0.8657,0.7469,
Train1Val_Test,cls,dna_prot,nt_v2_500m,esm2_650m,Hybrid_Transformer_XGBoost,0.8276,0.7055,0.6285,0.902,0.6648,0.5509,0.8656,0.75,
Train1Val_Test,cls,dna_prot,nt_v2_500m,esm2_650m,Pure_XGBoost_Concat,0.83,0.7267,0.6013,0.9155,0.6581,0.5507,0.8602,0.7419,
Train1Val_Test,cls,dna_prot,nt_v3_650m,esm2_650m,Hybrid_CrossAttn_XGBoost,0.8264,0.6984,0.6369,0.8972,0.6662,0.5504,0.8705,0.7575,
Train1Val_Test,cls,dna_prot,nt_v1_500m,esm2_650m,Pure_XGBoost_Concat,0.8287,0.719,0.608,0.9112,0.6588,0.549,0.8616,0.7461,
Train1Val_Test,cls,dna_prot_spliceai,nt_v3_650m,esm2_650m,Hybrid_Gating_XGBoost,0.8253,0.6986,0.6291,0.8986,0.662,0.546,0.8663,0.7508,
Train1Val_Test,cls,dna_prot,nt_v2_500m,esm2_650m,Hybrid_Concat_XGBoost,0.8254,0.7065,0.6128,0.9049,0.6563,0.5426,0.8654,0.7464,
Train1Val_Test,center,dna_geom_prot,nt_v3_650m,esmc_600m,PyTorch_Concat,0.8285,0.9637,0.3842,0.9946,0.5494,0.5421,0.9235,0.8636,
Train1Val_Test,center,bio_geom_prot,nt_v3_650m,esmc_600m,Hybrid_Concat_XGBoost,0.8251,0.9852,0.3625,0.998,0.53,0.5345,0.9609,0.9167,
Train1Val_Test,mean,bio_dna_geom_prot,nt_v3_650m,esm1b_650m,PyTorch_Gating,0.8251,0.9821,0.3637,0.9975,0.5308,0.5341,0.9522,0.9023,
Train1Val_Test,center,bio_dna_geom,nt_v3_650m,esmc_600m,PyTorch_Concat,0.8251,0.9774,0.3655,0.9968,0.532,0.5334,0.9351,0.8841,
Train1Val_Test,cls,bio_geom,nt_v3_650m,esm1b_650m,PyTorch_Concat,0.8231,0.9833,0.3559,0.9977,0.5226,0.5282,0.9614,0.9128,
Train1Val_Test,mean,bio_geom,nt_v3_650m,esm1b_650m,PyTorch_Concat,0.8223,0.9768,0.3552,0.9968,0.521,0.5248,0.96,0.911,
Train1Val_Test,center,geom_prot,nt_v3_650m,esmc_600m,PyTorch_Concat,0.8223,0.9615,0.3613,0.9946,0.5252,0.5228,0.9251,0.8624,
Train1Val_Test,center,dna_geom_prot,nt_v3_650m,esmc_600m,Hybrid_Transformer_XGBoost,0.8226,0.9529,0.3661,0.9932,0.529,0.5227,0.9271,0.8578,
Train1Val_Test,center,bio_dna_geom_prot,nt_v3_650m,esmc_600m,Hybrid_Concat_XGBoost,0.82,0.9828,0.3444,0.9977,0.51,0.5185,0.9569,0.9106,
Train1Val_Test,center,bio_dna_geom_prot,nt_v3_650m,esmc_600m,Hybrid_Transformer_XGBoost,0.8197,0.9861,0.342,0.9982,0.5078,0.5179,0.9551,0.9049,
Train1Val_Test,cls,geom,nt_v3_650m,esm1b_650m,Pure_XGBoost_Concat,0.8202,0.9336,0.3649,0.9903,0.5247,0.5128,0.8974,0.8226,
Train1Val_Test,cls,bio_dna_geom_prot,nt_v3_650m,esm1b_650m,Hybrid_CrossAttn_XGBoost,0.818,0.9708,0.3414,0.9962,0.5051,0.5107,0.9489,0.8942,
Train1Val_Test,center,dna_geom_prot,nt_v3_650m,esmc_600m,PyTorch_Gating,0.8184,0.9584,0.3474,0.9944,0.51,0.5101,0.9276,0.8629,
Train1Val_Test,center,dna,nt_v3_650m,,PyTorch_Concat,0.8199,0.7532,0.5024,0.9385,0.6027,0.5091,0.8551,0.7257,
Train1Val_Test,center,dna,nt_v3_650m,,PyTorch_Concat,0.8199,0.7532,0.5024,0.9385,0.6027,0.5091,0.8551,0.7257,
Train1Val_Test,center,dna,nt_v3_650m,,PyTorch_Concat,0.8199,0.7532,0.5024,0.9385,0.6027,0.5091,0.8551,0.7257,
Train1Val_Test,center,dna,nt_v3_650m,,PyTorch_Concat,0.8199,0.7532,0.5024,0.9385,0.6027,0.5091,0.8551,0.7257,
Train1Val_Test,center,dna,nt_v3_650m,,PyTorch_Concat,0.8199,0.7532,0.5024,0.9385,0.6027,0.5091,0.8551,0.7257,
Train1Val_Test,mean,bio_dna_geom_prot,nt_v3_650m,esm1b_650m,Hybrid_Transformer_XGBoost,0.8153,0.9872,0.3251,0.9984,0.4891,0.5041,0.9285,0.8769,
Train1Val_Test,mean,bio_geom,nt_v3_650m,esm1b_650m,Hybrid_Concat_XGBoost,0.8151,0.9716,0.3299,0.9964,0.4926,0.5015,0.9438,0.8815,
Train1Val_Test,center,dna_spliceai,nt_v3_650m,,PyTorch_Concat,0.8169,0.7446,0.4976,0.9362,0.5965,0.5005,0.8446,0.7132,
Train1Val_Test,mean,bio_dna_geom_prot,nt_v3_650m,esm1b_650m,PyTorch_Transformer,0.8139,0.9888,0.3197,0.9986,0.4831,0.5002,0.9509,0.9069,
Train1Val_Test,center,dna_spliceai,nt_v3_650m,,Pure_XGBoost_Concat,0.8049,0.6573,0.5911,0.8848,0.6224,0.4927,0.8342,0.6955,
Train1Val_Test,center,dna,nt_v3_650m,,Pure_XGBoost_Concat,0.8015,0.6509,0.5826,0.8833,0.6149,0.4831,0.8306,0.6941,
Train1Val_Test,center,dna,nt_v3_650m,,Pure_XGBoost_Concat,0.8015,0.6509,0.5826,0.8833,0.6149,0.4831,0.8306,0.6941,
Train1Val_Test,center,dna,nt_v3_650m,,Pure_XGBoost_Concat,0.8015,0.6509,0.5826,0.8833,0.6149,0.4831,0.8306,0.6941,
Train1Val_Test,center,dna,nt_v3_650m,,Pure_XGBoost_Concat,0.8015,0.6509,0.5826,0.8833,0.6149,0.4831,0.8306,0.6941,
Train1Val_Test,center,dna,nt_v3_650m,,Pure_XGBoost_Concat,0.8015,0.6509,0.5826,0.8833,0.6149,0.4831,0.8306,0.6941,
Train1Val_Test,cls,bio_dna_geom_prot,nt_v3_650m,esm1b_650m,PyTorch_CrossAttn,0.8064,0.9858,0.2925,0.9984,0.4512,0.4753,0.9659,0.9246,
Train1Val_Test,center,dna_spliceai,nt_v3_650m,,Hybrid_Concat_XGBoost,0.7989,0.6467,0.5742,0.8828,0.6083,0.4751,0.8221,0.6793,
Train1Val_Test,mean,dna_spliceai,nt_v3_650m,,PyTorch_Concat,0.8066,0.7052,0.4964,0.9225,0.5827,0.4737,0.8345,0.6809,
Train1Val_Test,cls,bio_dna_geom_prot,nt_v3_650m,esm1b_650m,Hybrid_Concat_XGBoost,0.8044,0.9834,0.2859,0.9982,0.443,0.4684,0.9489,0.8966,
Train1Val_Test,mean,bio_geom_prot,nt_v3_650m,esm1b_650m,PyTorch_Concat,0.8031,0.9751,0.2835,0.9973,0.4393,0.463,0.9505,0.9007,
Train1Val_Test,center,dna,nt_v3_650m,,Hybrid_Concat_XGBoost,0.791,0.6247,0.5802,0.8697,0.6016,0.4608,0.8205,0.6787,
Train1Val_Test,center,dna,nt_v3_650m,,Hybrid_Concat_XGBoost,0.7908,0.6243,0.5802,0.8695,0.6014,0.4605,0.8205,0.6787,
Train1Val_Test,center,dna,nt_v3_650m,,Hybrid_Concat_XGBoost,0.7908,0.6243,0.5802,0.8695,0.6014,0.4605,0.8205,0.6787,
Train1Val_Test,center,dna,nt_v3_650m,,Hybrid_Concat_XGBoost,0.7908,0.6243,0.5802,0.8695,0.6014,0.4605,0.8205,0.6787,
Train1Val_Test,center,dna,nt_v3_650m,,Hybrid_Concat_XGBoost,0.7908,0.6243,0.5802,0.8695,0.6014,0.4605,0.8205,0.6787,
Train1Val_Test,mean,dna,nt_v3_650m,,PyTorch_Concat,0.803,0.7142,0.4596,0.9313,0.5593,0.4577,0.8387,0.6828,
Train1Val_Test,mean,dna,nt_v3_650m,,PyTorch_Concat,0.803,0.7142,0.4596,0.9313,0.5593,0.4577,0.8387,0.6828,
Train1Val_Test,mean,dna,nt_v3_650m,,PyTorch_Concat,0.803,0.7142,0.4596,0.9313,0.5593,0.4577,0.8387,0.6828,
Train1Val_Test,mean,dna,nt_v3_650m,,PyTorch_Concat,0.803,0.7142,0.4596,0.9313,0.5593,0.4577,0.8387,0.6828,
Train1Val_Test,cls,bio_geom,nt_v3_650m,esm1b_650m,Hybrid_Concat_XGBoost,0.8002,0.9762,0.272,0.9975,0.4255,0.4532,0.9518,0.9006,
Train1Val_Test,cls,bio_dna_geom_prot,nt_v3_650m,esm1b_650m,PyTorch_Gating,0.7998,0.9761,0.2708,0.9975,0.424,0.452,0.953,0.9033,
Train1Val_Test,cls,bio_dna_geom_prot,nt_v3_650m,esm1b_650m,Hybrid_Transformer_XGBoost,0.7982,0.9777,0.2642,0.9977,0.416,0.4466,0.9482,0.8937,
Train1Val_Test,cls,bio_dna_geom_prot,nt_v3_650m,esm1b_650m,PyTorch_Concat,0.7979,0.9841,0.2612,0.9984,0.4128,0.4463,0.9546,0.9031,
Train1Val_Test,center,dna_geom_prot,nt_v3_650m,esmc_600m,Hybrid_Concat_XGBoost,0.7977,0.9712,0.2642,0.9971,0.4154,0.4441,0.9252,0.8584,
Train1Val_Test,mean,bio_dna_geom_prot,nt_v3_650m,esm1b_650m,PyTorch_CrossAttn,0.7966,0.986,0.2557,0.9986,0.4061,0.4421,0.9615,0.9193,
Train1Val_Test,cls,bio_geom_prot,nt_v3_650m,esm1b_650m,PyTorch_Concat,0.7964,0.9728,0.2587,0.9973,0.4088,0.4398,0.9538,0.8978,
Train1Val_Test,mean,dna_spliceai,nt_v3_650m,,Pure_XGBoost_Concat,0.7874,0.6331,0.5193,0.8875,0.5706,0.4348,0.8055,0.6386,
Train1Val_Test,mean,dna,nt_v3_650m,,Pure_XGBoost_Concat,0.7856,0.6299,0.5133,0.8873,0.5656,0.4292,0.8046,0.6311,
Train1Val_Test,mean,dna,nt_v3_650m,,Pure_XGBoost_Concat,0.7856,0.6299,0.5133,0.8873,0.5656,0.4292,0.8046,0.6311,
Train1Val_Test,mean,dna,nt_v3_650m,,Pure_XGBoost_Concat,0.7856,0.6299,0.5133,0.8873,0.5656,0.4292,0.8046,0.6311,
Train1Val_Test,mean,dna,nt_v3_650m,,Pure_XGBoost_Concat,0.7856,0.6299,0.5133,0.8873,0.5656,0.4292,0.8046,0.6311,
Train1Val_Test,mean,bio_dna_geom_prot,nt_v3_650m,esm1b_650m,PyTorch_Concat,0.7928,0.9853,0.2419,0.9986,0.3884,0.4287,0.9411,0.8889,
Train1Val_Test,cls,bio_dna_geom_prot,nt_v3_650m,esm1b_650m,PyTorch_Transformer,0.7918,0.9802,0.2394,0.9982,0.3849,0.4246,0.9347,0.8652,
Train1Val_Test,mean,dna_geom_prot,nt_v3_650m,esm1b_650m,Hybrid_CrossAttn_XGBoost,0.7898,0.9748,0.2334,0.9977,0.3766,0.4169,0.9192,0.8459,
Train1Val_Test,center,dna_geom_prot,nt_v3_650m,esmc_600m,Hybrid_Gating_XGBoost,0.7849,0.978,0.2141,0.9982,0.3513,0.3992,0.9197,0.8543,
Train1Val_Test,mean,bio_geom_prot,nt_v3_650m,esm1b_650m,Hybrid_Concat_XGBoost,0.7821,0.9825,0.2027,0.9986,0.336,0.3892,0.9461,0.8895,
Train1Val_Test,mean,bio_dna_geom_prot,nt_v3_650m,esm1b_650m,Hybrid_CrossAttn_XGBoost,0.782,0.9853,0.2014,0.9989,0.3345,0.389,0.9465,0.8914,
Train1Val_Test,mean,dna_geom_prot,nt_v3_650m,esm1b_650m,PyTorch_Transformer,0.7828,0.9304,0.2177,0.9939,0.3529,0.3858,0.8883,0.7868,
Train1Val_Test,mean,geom_prot,nt_v3_650m,esm1b_650m,PyTorch_Concat,0.7774,0.9718,0.187,0.998,0.3136,0.3695,0.9295,0.8586,
Train1Val_Test,mean,dna_geom_prot,nt_v3_650m,esm1b_650m,PyTorch_CrossAttn,0.7765,0.9485,0.1888,0.9962,0.3149,0.3637,0.8984,0.8032,
Train1Val_Test,mean,bio_dna_geom_prot,nt_v3_650m,esm1b_650m,Hybrid_Concat_XGBoost,0.7734,0.9894,0.1689,0.9993,0.2885,0.3557,0.9553,0.9043,
Train1Val_Test,cls,bio_geom_prot,nt_v3_650m,esm1b_650m,Hybrid_Concat_XGBoost,0.7716,0.975,0.1647,0.9984,0.2817,0.3466,0.938,0.8727,
Train1Val_Test,mean,dna,nt_v3_650m,,Hybrid_Concat_XGBoost,0.7495,0.5444,0.4843,0.8485,0.5126,0.3459,0.7397,0.5572,
Train1Val_Test,mean,dna,nt_v3_650m,,Hybrid_Concat_XGBoost,0.7495,0.5444,0.4843,0.8485,0.5126,0.3459,0.7397,0.5572,
Train1Val_Test,mean,dna,nt_v3_650m,,Hybrid_Concat_XGBoost,0.7495,0.5444,0.4843,0.8485,0.5126,0.3459,0.7397,0.5572,
Train1Val_Test,mean,dna,nt_v3_650m,,Hybrid_Concat_XGBoost,0.7495,0.5444,0.4843,0.8485,0.5126,0.3459,0.7397,0.5572,
Train1Val_Test,center,geom_prot,nt_v3_650m,esmc_600m,Hybrid_Concat_XGBoost,0.7696,0.9847,0.1556,0.9991,0.2687,0.3394,0.9044,0.8318,
Train1Val_Test,mean,dna_geom_prot,nt_v3_650m,esm1b_650m,PyTorch_Concat,0.7688,0.977,0.1538,0.9986,0.2658,0.3351,0.9251,0.8541,
Train1Val_Test,mean,dna_spliceai,nt_v3_650m,,Hybrid_Concat_XGBoost,0.7449,0.5354,0.4698,0.8476,0.5005,0.3314,0.7408,0.5569,
Train1Val_Test,mean,bio_dna_geom,nt_v3_650m,esm1b_650m,PyTorch_Concat,0.7654,0.9914,0.1387,0.9995,0.2434,0.3216,0.9585,0.9116,
Train1Val_Test,cls,bio_dna_geom,nt_v3_650m,esm1b_650m,PyTorch_Concat,0.7641,0.9867,0.1345,0.9993,0.2367,0.3152,0.9574,0.9089,
Train1Val_Test,cls,dna_geom_prot,nt_v3_650m,esm1b_650m,Hybrid_Transformer_XGBoost,0.7637,0.9698,0.1357,0.9984,0.2381,0.3119,0.8885,0.8098,
Train1Val_Test,cls,dna_geom_prot,nt_v3_650m,esm1b_650m,PyTorch_Concat,0.7636,0.9255,0.1423,0.9957,0.2467,0.3068,0.8705,0.7578,
Train1Val_Test,center,dna_geom,nt_v3_650m,esmc_600m,Hybrid_Concat_XGBoost,0.7618,0.9813,0.1267,0.9991,0.2244,0.304,0.8668,0.7823,
Train1Val_Test,cls,dna_geom_prot,nt_v3_650m,esm1b_650m,PyTorch_Transformer,0.7596,0.9707,0.12,0.9986,0.2136,0.2929,0.8901,0.7923,
Train1Val_Test,cls,dna_geom_prot,nt_v3_650m,esm1b_650m,Hybrid_CrossAttn_XGBoost,0.759,0.9896,0.1152,0.9995,0.2064,0.2916,0.8789,0.7943,
Train1Val_Test,mean,bio_dna_geom,nt_v3_650m,esm1b_650m,Hybrid_Concat_XGBoost,0.7587,0.9795,0.1152,0.9991,0.2062,0.289,0.9367,0.8652,
Train1Val_Test,cls,geom_prot,nt_v3_650m,esm1b_650m,PyTorch_Concat,0.7577,0.9502,0.1152,0.9977,0.2055,0.2815,0.8992,0.8047,
Train1Val_Test,cls,dna_geom_prot,nt_v3_650m,esm1b_650m,PyTorch_Gating,0.7567,0.9534,0.111,0.998,0.1988,0.2769,0.8671,0.7558,
Train1Val_Test,cls,bio_dna_geom,nt_v3_650m,esm1b_650m,Hybrid_Concat_XGBoost,0.7555,0.9719,0.1043,0.9989,0.1885,0.2728,0.9282,0.8708,
Train1Val_Test,mean,bio_dna_geom_prot,nt_v3_650m,esm1b_650m,Hybrid_Gating_XGBoost,0.7554,0.9771,0.1031,0.9991,0.1866,0.2724,0.9388,0.8769,
Train1Val_Test,cls,dna_geom_prot,nt_v3_650m,esm1b_650m,PyTorch_CrossAttn,0.755,0.9609,0.1037,0.9984,0.1873,0.2693,0.8747,0.775,
Train1Val_Test,mean,dna_geom_prot,nt_v3_650m,esm1b_650m,PyTorch_Gating,0.7544,0.9879,0.0983,0.9995,0.1788,0.2683,0.9033,0.8316,
Train1Val_Test,mean,dna_geom_prot,nt_v3_650m,esm1b_650m,Hybrid_Transformer_XGBoost,0.7541,0.9877,0.0971,0.9995,0.1768,0.2666,0.9102,0.8307,
Train1Val_Test,cls,dna_geom_prot,nt_v3_650m,esm1b_650m,Hybrid_Gating_XGBoost,0.7526,0.987,0.0917,0.9995,0.1678,0.2587,0.8708,0.773,
Train1Val_Test,cls,geom,nt_v3_650m,esm1b_650m,Hybrid_Concat_XGBoost,0.7508,0.9929,0.0844,0.9998,0.1556,0.2493,0.849,0.7454,
Train1Val_Test,mean,geom_prot,nt_v3_650m,esm1b_650m,Hybrid_Concat_XGBoost,0.7509,0.9795,0.0862,0.9993,0.1585,0.249,0.8955,0.821,
Train1Val_Test,center,dna_geom,nt_v3_650m,esmc_600m,PyTorch_Concat,0.7511,0.9669,0.0881,0.9989,0.1614,0.2489,0.803,0.7246,
Train1Val_Test,cls,dna_geom_prot,nt_v3_650m,esm1b_650m,Hybrid_Concat_XGBoost,0.7488,0.9922,0.0772,0.9998,0.1433,0.238,0.8855,0.7986,
Train1Val_Test,mean,dna_geom,nt_v3_650m,esm1b_650m,Hybrid_Concat_XGBoost,0.7485,0.9771,0.0772,0.9993,0.1431,0.2348,0.5991,0.4271,
Train1Val_Test,center,dna_spliceai,nt_v2_500m,,Hybrid_Concat_XGBoost,0.7047,0.4515,0.3987,0.819,0.4234,0.2268,0.6676,0.431,
Train1Val_Test,center,dna_spliceai,nt_v2_500m,,PyTorch_Concat,0.7419,0.5667,0.2177,0.9378,0.3146,0.2262,0.6882,0.4558,
Train1Val_Test,center,dna_spliceai,nt_v2_500m,,Pure_XGBoost_Concat,0.6911,0.4302,0.418,0.7931,0.424,0.213,0.6537,0.4145,
Train1Val_Test,mean,dna_spliceai,nt_v1_500m,,Hybrid_Concat_XGBoost,0.6935,0.4313,0.3975,0.8041,0.4137,0.207,0.6543,0.4197,
Train1Val_Test,mean,dna_geom_prot,nt_v3_650m,esm1b_650m,Hybrid_Gating_XGBoost,0.7434,0.9896,0.0573,0.9998,0.1083,0.204,0.8506,0.7367,
Train1Val_Test,mean,dna_spliceai,nt_v1_500m,,PyTorch_Concat,0.7276,0.4986,0.2105,0.9209,0.296,0.1834,0.6585,0.4155,
Train1Val_Test,mean,dna_spliceai,nt_v2_500m,,PyTorch_Concat,0.7354,0.5492,0.1514,0.9536,0.2374,0.1774,0.6986,0.4536,
Train1Val_Test,cls,geom_prot,nt_v3_650m,esm1b_650m,Hybrid_Concat_XGBoost,0.7395,1.0,0.0422,1.0,0.081,0.1763,0.8723,0.7781,
Train1Val_Test,mean,dna_spliceai,nt_v2_500m,,Pure_XGBoost_Concat,0.6966,0.4245,0.3239,0.8359,0.3674,0.1754,0.6222,0.3953,
Train1Val_Test,mean,dna_geom,nt_v3_650m,esm1b_650m,PyTorch_Concat,0.7396,0.9383,0.0458,0.9989,0.0874,0.1738,0.8877,0.8062,
Train1Val_Test,mean,dna_spliceai,nt_v2_500m,,Hybrid_Concat_XGBoost,0.6855,0.41,0.3559,0.8087,0.381,0.1724,0.6388,0.3927,
Train1Val_Test,center,dna_spliceai,nt_v1_500m,,PyTorch_Concat,0.7258,0.49,0.1912,0.9256,0.2751,0.1688,0.6566,0.4055,
Train1Val_Test,mean,dna_geom_prot,nt_v3_650m,esm1b_650m,Hybrid_Concat_XGBoost,0.7378,0.9839,0.0368,0.9998,0.0709,0.1622,0.8608,0.7689,
Train1Val_Test,cls,dna_spliceai,nt_v1_500m,,PyTorch_Concat,0.7329,0.5357,0.1357,0.9561,0.2166,0.1612,0.6648,0.4251,
Train1Val_Test,cls,dna_spliceai,nt_v1_500m,,Hybrid_Concat_XGBoost,0.6792,0.3946,0.3353,0.8078,0.3626,0.151,0.6077,0.37,
Train1Val_Test,center,dna_spliceai,nt_v1_500m,,Pure_XGBoost_Concat,0.6789,0.3928,0.3305,0.8091,0.359,0.1479,0.6106,0.3644,
Train1Val_Test,center,dna_spliceai,nt_v1_500m,,Hybrid_Concat_XGBoost,0.6802,0.3929,0.3221,0.8141,0.354,0.1455,0.622,0.3782,
Train1Val_Test,mean,dna_spliceai,nt_v1_500m,,Pure_XGBoost_Concat,0.6807,0.3922,0.316,0.817,0.35,0.1431,0.6003,0.3699,
Train1Val_Test,center,geom,nt_v3_650m,esmc_600m,Hybrid_Concat_XGBoost,0.7354,0.9787,0.0277,0.9998,0.054,0.14,0.8097,0.709,
Train1Val_Test,mean,geom,nt_v3_650m,esm1b_650m,Hybrid_Concat_XGBoost,0.7354,0.9787,0.0277,0.9998,0.054,0.14,0.86,0.7641,
Train1Val_Test,cls,dna_spliceai,nt_v3_650m,,Pure_XGBoost_Concat,0.6792,0.3768,0.2738,0.8307,0.3171,0.1168,0.6041,0.3587,
Train1Val_Test,cls,dna,nt_v3_650m,,Pure_XGBoost_Concat,0.6789,0.3706,0.2581,0.8362,0.3043,0.1071,0.5949,0.3453,
Train1Val_Test,cls,dna,nt_v3_650m,,Pure_XGBoost_Concat,0.6789,0.3706,0.2581,0.8362,0.3043,0.1071,0.5949,0.3453,
Train1Val_Test,cls,dna,nt_v3_650m,,Pure_XGBoost_Concat,0.6789,0.3706,0.2581,0.8362,0.3043,0.1071,0.5949,0.3453,
Train1Val_Test,cls,dna,nt_v3_650m,,Pure_XGBoost_Concat,0.6789,0.3706,0.2581,0.8362,0.3043,0.1071,0.5949,0.3453,
Train1Val_Test,cls,dna,nt_v3_650m,,Pure_XGBoost_Concat,0.6789,0.3706,0.2581,0.8362,0.3043,0.1071,0.5949,0.3453,
Train1Val_Test,cls,dna_spliceai,nt_v1_500m,,Pure_XGBoost_Concat,0.6709,0.3623,0.2762,0.8183,0.3135,0.1038,0.5809,0.3406,
Train1Val_Test,cls,dna_geom,nt_v3_650m,esm1b_650m,Hybrid_Concat_XGBoost,0.7316,1.0,0.0133,1.0,0.0262,0.0985,0.8265,0.6964,
Train1Val_Test,center,geom,nt_v3_650m,esmc_600m,PyTorch_Concat,0.7308,1.0,0.0103,1.0,0.0203,0.0865,0.8698,0.7836,
Train1Val_Test,cls,dna_spliceai,nt_v3_650m,,PyTorch_Concat,0.7162,0.4022,0.0893,0.9504,0.1461,0.0741,0.6201,0.359,
Train1Val_Test,cls,dna_spliceai,nt_v3_650m,,Hybrid_Concat_XGBoost,0.6459,0.3281,0.2877,0.7798,0.3066,0.0705,0.5677,0.3218,
Train1Val_Test,cls,dna,nt_v3_650m,,Hybrid_Concat_XGBoost,0.6418,0.3256,0.2955,0.7712,0.3098,0.0689,0.5635,0.3251,
Train1Val_Test,cls,dna,nt_v3_650m,,Hybrid_Concat_XGBoost,0.6417,0.3254,0.2955,0.771,0.3097,0.0687,0.5635,0.3251,
Train1Val_Test,cls,dna,nt_v3_650m,,Hybrid_Concat_XGBoost,0.6417,0.3254,0.2955,0.771,0.3097,0.0687,0.5635,0.3251,
Train1Val_Test,cls,dna,nt_v3_650m,,Hybrid_Concat_XGBoost,0.6417,0.3254,0.2955,0.771,0.3097,0.0687,0.5635,0.3251,
Train1Val_Test,cls,dna,nt_v3_650m,,Hybrid_Concat_XGBoost,0.6417,0.3254,0.2955,0.771,0.3097,0.0687,0.5635,0.3251,
Train1Val_Test,cls,dna,nt_v3_650m,,PyTorch_Concat,0.7175,0.3961,0.0736,0.9581,0.1241,0.0643,0.6085,0.3472,
Train1Val_Test,cls,dna,nt_v3_650m,,PyTorch_Concat,0.7175,0.3961,0.0736,0.9581,0.1241,0.0643,0.6085,0.3472,
Train1Val_Test,cls,dna,nt_v3_650m,,PyTorch_Concat,0.7175,0.3961,0.0736,0.9581,0.1241,0.0643,0.6085,0.3472,
Train1Val_Test,cls,dna,nt_v3_650m,,PyTorch_Concat,0.7175,0.3961,0.0736,0.9581,0.1241,0.0643,0.6085,0.3472,
Train1Val_Test,cls,dna,nt_v3_650m,,PyTorch_Concat,0.7175,0.3961,0.0736,0.9581,0.1241,0.0643,0.6085,0.3472,
Train1Val_Test,cls,dna_geom,nt_v3_650m,esm1b_650m,PyTorch_Concat,0.7291,1.0,0.0042,1.0,0.0084,0.0555,0.8773,0.7938,
Train1Val_Test,cls,dna_spliceai,nt_v2_500m,,PyTorch_Concat,0.6998,0.3436,0.114,0.9186,0.1712,0.0507,0.5152,0.2953,
Train1Val_Test,cls,geom,nt_v3_650m,esm1b_650m,PyTorch_Concat,0.7288,1.0,0.003,1.0,0.006,0.0469,0.907,0.8332,
Train1Val_Test,cls,dna_spliceai,nt_v2_500m,,Hybrid_Concat_XGBoost,0.6541,0.3077,0.2171,0.8174,0.2546,0.0391,0.5186,0.2948,
Train1Val_Test,mean,geom,nt_v3_650m,esm1b_650m,PyTorch_Concat,0.7283,1.0,0.0012,1.0,0.0024,0.0296,0.8949,0.8097,
Train1Val_Test,cls,dna_spliceai,nt_v2_500m,,Pure_XGBoost_Concat,0.6533,0.2963,0.1996,0.8229,0.2386,0.0259,0.513,0.2929,
Train1Val_UniProt,center,bio_dna_prot,nt_v3_650m,esmc_600m,Hybrid_CrossAttn_XGBoost,0.7622,0.7525,0.7786,0.7459,0.7654,0.5247,0.8065,0.7836,
Train1Val_UniProt,center,bio_core_dna_prot,nt_v3_650m,esm1v_650m,PyTorch_Transformer,0.7614,0.7845,0.7184,0.8042,0.75,0.5246,0.8144,0.8037,
Train1Val_UniProt,center,bio_core_dna_prot_spliceai,nt_v3_650m,esm1v_650m,PyTorch_Transformer,0.7584,0.7714,0.7319,0.7848,0.7512,0.5175,0.8147,0.7991,
Train1Val_UniProt,center,bio_dna_prot,nt_v3_650m,esmc_600m,PyTorch_CrossAttn,0.7547,0.7832,0.7018,0.8072,0.7403,0.5119,0.8026,0.7847,
Train1Val_UniProt,mean,bio_dna_prot,nt_v3_650m,esm1b_650m,PyTorch_Transformer,0.7554,0.7691,0.7274,0.7833,0.7477,0.5115,0.8186,0.8028,
Train1Val_UniProt,center,bio_core_dna_prot,nt_v2_500m,esm1v_650m,PyTorch_Concat,0.7547,0.7794,0.7078,0.8012,0.7419,0.5113,0.8123,0.7889,
Train1Val_UniProt,center,bio_core_dna_prot,nt_v3_650m,esm1v_650m,Hybrid_Transformer_XGBoost,0.7539,0.7471,0.7651,0.7429,0.756,0.5081,0.8063,0.7828,
Train1Val_UniProt,center,bio_core_dna_prot_spliceai,nt_v3_650m,esmc_600m,Hybrid_CrossAttn_XGBoost,0.7539,0.7485,0.762,0.7459,0.7552,0.508,0.8052,0.782,
Train1Val_UniProt,center,bio_core_dna_prot,nt_v3_650m,esm1v_650m,Hybrid_Gating_XGBoost,0.7539,0.7507,0.7575,0.7504,0.7541,0.5079,0.8078,0.7919,
Train1Val_UniProt,center,bio_dna_prot,nt_v3_650m,esmc_600m,PyTorch_Gating,0.7532,0.7741,0.7123,0.7937,0.742,0.5078,0.8103,0.7936,
Train1Val_UniProt,center,bio_core_dna_prot_spliceai,nt_v3_650m,esmc_600m,PyTorch_Concat,0.7532,0.7638,0.7304,0.7758,0.7467,0.5068,0.8053,0.7866,
Train1Val_UniProt,center,bio_dna_prot,nt_v3_650m,esmc_600m,PyTorch_Concat,0.7517,0.7846,0.6913,0.8117,0.735,0.5067,0.8106,0.7983,
Train1Val_UniProt,center,bio_core_dna_prot,nt_v2_500m,esm1v_650m,Hybrid_Transformer_XGBoost,0.7532,0.7452,0.7666,0.7399,0.7558,0.5066,0.8108,0.7894,
Train1Val_UniProt,mean,bio_core_dna_prot_spliceai,nt_v3_650m,esm1v_650m,Hybrid_Transformer_XGBoost,0.7532,0.7452,0.7666,0.7399,0.7558,0.5066,0.7955,0.7646,
Train1Val_UniProt,center,bio_core_dna_prot,nt_v2_500m,esm1v_650m,Hybrid_Concat_XGBoost,0.7532,0.7489,0.759,0.7474,0.7539,0.5064,0.8066,0.7844,
Train1Val_UniProt,center,bio_core_dna_prot,nt_v2_500m,esm1v_650m,Hybrid_CrossAttn_XGBoost,0.7524,0.7359,0.7846,0.7205,0.7595,0.5061,0.811,0.7951,
Train1Val_UniProt,center,bio_core_dna_prot_spliceai,nt_v3_650m,esmc_600m,Hybrid_Transformer_XGBoost,0.7524,0.7413,0.7726,0.7324,0.7566,0.5054,0.8061,0.7851,
Train1Val_UniProt,center,bio_core_prot_spliceai,,esm1v_650m,PyTorch_Concat,0.7517,0.7761,0.7048,0.7982,0.7388,0.5053,0.8083,0.7877,
Train1Val_UniProt,center,bio_core_dna_prot_spliceai,nt_v2_500m,esm1v_650m,Hybrid_CrossAttn_XGBoost,0.7524,0.7427,0.7696,0.7354,0.7559,0.5053,0.8075,0.7846,
Train1Val_UniProt,center,bio_core_dna_prot,nt_v3_650m,esm1v_650m,PyTorch_Gating,0.7517,0.7761,0.7048,0.7982,0.7388,0.5053,0.8127,0.7998,
Train1Val_UniProt,center,bio_core_dna_prot_spliceai,nt_v3_650m,esm1v_650m,PyTorch_Gating,0.7517,0.7716,0.7123,0.7907,0.7408,0.5047,0.8099,0.8033,
Train1Val_UniProt,center,bio_core_prot_spliceai,,esm1v_650m,Hybrid_Concat_XGBoost,0.7517,0.7438,0.7651,0.7384,0.7543,0.5036,0.8085,0.7864,
Train1Val_UniProt,center,bio_core_dna_prot_spliceai,nt_v3_650m,esm1v_650m,Hybrid_Transformer_XGBoost,0.7517,0.7438,0.7651,0.7384,0.7543,0.5036,0.8057,0.7871,
Train1Val_UniProt,center,bio_core_dna_prot_spliceai,nt_v2_500m,esmc_600m,Hybrid_Concat_XGBoost,0.7517,0.7452,0.762,0.7414,0.7535,0.5035,0.8057,0.7806,
Train1Val_UniProt,center,bio_core_dna_prot_spliceai,nt_v2_500m,esmc_600m,Hybrid_Gating_XGBoost,0.7517,0.7474,0.7575,0.7459,0.7524,0.5034,0.8021,0.7857,
Train1Val_UniProt,center,bio_core_prot_spliceai,,esmc_600m,PyTorch_Concat,0.7509,0.7695,0.7139,0.7877,0.7406,0.503,0.8049,0.7902,
Train1Val_UniProt,center,bio_core_dna_prot_spliceai,nt_v2_500m,esm2_650m,PyTorch_CrossAttn,0.7494,0.7825,0.6883,0.8102,0.7324,0.5023,0.8061,0.7861,
Train1Val_UniProt,center,bio_core_dna_prot,nt_v3_650m,esm1v_650m,Hybrid_CrossAttn_XGBoost,0.7509,0.742,0.7666,0.7354,0.7541,0.5022,0.8113,0.7935,
Train1Val_UniProt,center,bio_core_dna_prot_spliceai,nt_v3_650m,esm1b_650m,Hybrid_Concat_XGBoost,0.7509,0.7456,0.759,0.7429,0.7522,0.502,0.8046,0.7868,
Train1Val_UniProt,mean,bio_core_dna_prot_spliceai_geom,nt_v2_500m,esm1b_650m,Pure_XGBoost_Concat,0.7509,0.7523,0.7455,0.7564,0.7489,0.5019,0.807,0.7844,dna_LLR+dna_LVD_Cosine+prot_LLR+prot_LVD_Cosine
Train1Val_UniProt,center,bio_core_dna_prot_spliceai,nt_v1_500m,esm2_650m,PyTorch_CrossAttn,0.7487,0.7871,0.6792,0.8176,0.7292,0.5018,0.8068,0.785,
Train1Val_UniProt,center,bio_core_dna_prot_spliceai,nt_v1_500m,esm1b_650m,PyTorch_Concat,0.7494,0.7759,0.6988,0.7997,0.7353,0.5011,0.8025,0.797,
Train1Val_UniProt,center,bio_core_dna_prot,nt_v2_500m,esm1v_650m,PyTorch_CrossAttn,0.7502,0.7648,0.7199,0.7803,0.7417,0.5011,0.8044,0.7877,
Train1Val_UniProt,center,bio_core_dna_prot_spliceai,nt_v1_500m,esmc_600m,PyTorch_CrossAttn,0.7487,0.7831,0.6852,0.8117,0.7309,0.501,0.8034,0.7878,
Train1Val_UniProt,center,bio_core_dna_prot_spliceai,nt_v2_500m,esm1v_650m,Hybrid_Gating_XGBoost,0.7502,0.7445,0.759,0.7414,0.7517,0.5005,0.8041,0.7822,
Train1Val_UniProt,mean,bio_core_dna_prot_spliceai_geom,nt_v2_500m,esm1b_650m,Pure_XGBoost_Concat,0.7502,0.755,0.738,0.7623,0.7464,0.5005,0.8066,0.7834,dna_LVD_L2+prot_LLR+prot_LVD_L2+prot_LVD_Cosine
Train1Val_UniProt,center,bio_core_prot_spliceai,,esm1b_650m,Pure_XGBoost_Concat,0.7502,0.7489,0.75,0.7504,0.7494,0.5004,0.8088,0.7924,
Train1Val_UniProt,center,bio_core_prot_spliceai,,esm2_650m,Pure_XGBoost_Concat,0.7502,0.7459,0.756,0.7444,0.7509,0.5004,0.8111,0.7917,
Train1Val_UniProt,center,bio_core_dna_prot_spliceai,nt_v2_500m,esm1v_650m,Hybrid_Transformer_XGBoost,0.7502,0.7496,0.7485,0.7519,0.7491,0.5004,0.8051,0.7857,
Train1Val_UniProt,center,bio_core_dna_prot_spliceai,nt_v3_650m,esm1b_650m,PyTorch_Transformer,0.7487,0.7755,0.6973,0.7997,0.7343,0.4997,0.8069,0.7925,
Train1Val_UniProt,center,bio_core_dna_prot,nt_v2_500m,esm1v_650m,PyTorch_Transformer,0.7487,0.7746,0.6988,0.7982,0.7348,0.4996,0.8096,0.7885,
Train1Val_UniProt,center,bio_core_dna_prot_spliceai,nt_v1_500m,esmc_600m,Hybrid_Transformer_XGBoost,0.7494,0.7378,0.7711,0.728,0.7541,0.4995,0.8001,0.7752,
Train1Val_UniProt,center,bio_core_dna_prot,nt_v3_650m,esm1v_650m,PyTorch_CrossAttn,0.7494,0.7586,0.7289,0.7698,0.7435,0.4992,0.8106,0.7943,
Train1Val_UniProt,center,bio_dna_prot,nt_v3_650m,esmc_600m,Hybrid_Transformer_XGBoost,0.7494,0.7434,0.759,0.7399,0.7511,0.499,0.804,0.7793,
Train1Val_UniProt,mean,bio_core_dna_prot_spliceai_geom,nt_v2_500m,esm1b_650m,Pure_XGBoost_Concat,0.7494,0.7523,0.741,0.7578,0.7466,0.4989,0.7972,0.7709,dna_LVD_L2
Train1Val_UniProt,mean,bio_core_dna_prot_spliceai_geom,nt_v2_500m,esm1b_650m,Pure_XGBoost_Concat,0.7494,0.7485,0.7485,0.7504,0.7485,0.4989,0.8068,0.7815,dna_LLR+dna_LVD_L2+prot_LLR
Train1Val_UniProt,mean,bio_core_dna_prot_spliceai_geom,nt_v2_500m,esm1b_650m,Pure_XGBoost_Concat,0.7494,0.75,0.7455,0.7534,0.7477,0.4989,0.808,0.7827,dna_LLR+dna_LVD_Cosine+prot_LLR
Train1Val_UniProt,center,bio_core_dna_prot_spliceai,nt_v1_500m,esm1v_650m,PyTorch_CrossAttn,0.7487,0.7684,0.7093,0.7877,0.7377,0.4987,0.8045,0.783,
Train1Val_UniProt,center,bio_core_dna_prot_spliceai,nt_v2_500m,esm1v_650m,PyTorch_Gating,0.7479,0.777,0.6928,0.8027,0.7325,0.4986,0.8064,0.7903,
Train1Val_UniProt,center,bio_core_dna_prot_spliceai,nt_v3_650m,esmc_600m,Hybrid_Gating_XGBoost,0.7487,0.7367,0.7711,0.7265,0.7535,0.498,0.8051,0.7863,
Train1Val_UniProt,center,bio_core_dna_prot_spliceai,nt_v2_500m,esm1v_650m,PyTorch_CrossAttn,0.7479,0.7724,0.7003,0.7952,0.7346,0.4979,0.8089,0.7912,
Train1Val_UniProt,center,bio_core_dna_prot_spliceai,nt_v2_500m,esmc_600m,PyTorch_Transformer,0.7487,0.7599,0.7244,0.7728,0.7417,0.4978,0.8048,0.7901,
Train1Val_UniProt,center,bio_core_dna_prot_spliceai,nt_v1_500m,esmc_600m,PyTorch_Concat,0.7479,0.7697,0.7048,0.7907,0.7358,0.4975,0.8,0.7844,
Train1Val_UniProt,center,bio_core_dna_prot_spliceai,nt_v3_650m,esm1v_650m,Hybrid_Gating_XGBoost,0.7487,0.7423,0.759,0.7384,0.7506,0.4975,0.8084,0.7927,
Train1Val_UniProt,center,bio_core_dna_prot_spliceai,nt_v2_500m,esm1b_650m,Hybrid_Transformer_XGBoost,0.7487,0.743,0.7575,0.7399,0.7502,0.4975,0.8034,0.7872,
Train1Val_UniProt,mean,bio_core_prot_spliceai,,esmc_600m,Pure_XGBoost_Concat,0.7487,0.7535,0.7364,0.7608,0.7449,0.4975,0.8062,0.7875,
Train1Val_UniProt,mean,bio_dna_prot,nt_v3_650m,esm1b_650m,PyTorch_CrossAttn,0.7487,0.7481,0.747,0.7504,0.7476,0.4974,0.8079,0.7886,
Train1Val_UniProt,center,bio_core_dna_prot,nt_v1_500m,esm1v_650m,Hybrid_Transformer_XGBoost,0.7487,0.7466,0.75,0.7474,0.7483,0.4974,0.8033,0.7886,
Train1Val_UniProt,mean,bio_core_dna_prot_spliceai_geom,nt_v2_500m,esm1b_650m,Pure_XGBoost_Concat,0.7487,0.7444,0.7545,0.7429,0.7494,0.4974,0.8067,0.7878,prot_LLR
Train1Val_UniProt,mean,bio_core_dna_prot_spliceai_geom,nt_v2_500m,esm1b_650m,Pure_XGBoost_Concat,0.7487,0.7489,0.7455,0.7519,0.7472,0.4974,0.8048,0.7771,dna_LLR+dna_LVD_L2+dna_LVD_Cosine+prot_LLR
Train1Val_UniProt,center,bio_core_dna_prot_spliceai,nt_v2_500m,esm1b_650m,PyTorch_Concat,0.7479,0.7662,0.7108,0.7848,0.7375,0.497,0.8033,0.7907,
Train1Val_UniProt,center,bio_core_dna_prot_spliceai,nt_v2_500m,esmc_600m,PyTorch_Concat,0.7464,0.781,0.6822,0.8102,0.7283,0.4966,0.8041,0.7883,
Train1Val_UniProt,center,bio_core_dna_prot,nt_v1_500m,esm1v_650m,PyTorch_CrossAttn,0.7472,0.773,0.6973,0.7967,0.7332,0.4966,0.8074,0.7923,
Train1Val_UniProt,center,bio_dna_prot,nt_v3_650m,esmc_600m,Hybrid_Concat_XGBoost,0.7479,0.7419,0.7575,0.7384,0.7496,0.496,0.8061,0.7861,
Train1Val_UniProt,center,bio_core_dna_prot_spliceai,nt_v1_500m,esm2_650m,Hybrid_CrossAttn_XGBoost,0.7479,0.7419,0.7575,0.7384,0.7496,0.496,0.8022,0.7828,
Train1Val_UniProt,center,bio_core_dna_prot_spliceai,nt_v3_650m,esm1b_650m,Hybrid_CrossAttn_XGBoost,0.7479,0.7419,0.7575,0.7384,0.7496,0.496,0.8091,0.7981,
Train1Val_UniProt,center,bio_prot,,esmc_600m,PyTorch_Concat,0.7479,0.7515,0.738,0.7578,0.7447,0.4959,0.8067,0.7919,
Train1Val_UniProt,center,bio_prot,,esmc_600m,PyTorch_Concat,0.7479,0.7515,0.738,0.7578,0.7447,0.4959,0.8067,0.7919,
Train1Val_UniProt,mean,bio_core_dna_prot_spliceai_geom,nt_v2_500m,esm1b_650m,Pure_XGBoost_Concat,0.7479,0.75,0.741,0.7549,0.7455,0.4959,0.8043,0.7787,prot_LLR+prot_LVD_Cosine
Train1Val_UniProt,mean,bio_core_dna_prot_spliceai_geom,nt_v2_500m,esm1b_650m,Pure_XGBoost_Concat,0.7479,0.7508,0.7395,0.7564,0.7451,0.4959,0.8038,0.7858,prot_LLR+prot_LVD_L2+prot_LVD_Cosine
Train1Val_UniProt,mean,bio_core_dna_prot_spliceai_geom,nt_v2_500m,esm1b_650m,Pure_XGBoost_Concat,0.7479,0.7485,0.744,0.7519,0.7462,0.4959,0.8097,0.7846,dna_LVD_L2+dna_LVD_Cosine+prot_LLR+prot_LVD_L2
Train1Val_UniProt,mean,bio_core_dna_prot_spliceai_geom,nt_v2_500m,esm1b_650m,Pure_XGBoost_Concat,0.7479,0.7508,0.7395,0.7564,0.7451,0.4959,0.8074,0.7805,dna_LLR+dna_LVD_Cosine+prot_LLR+prot_LVD_L2+prot_LVD_Cosine
Train1Val_UniProt,mean,bio_core_dna_prot_spliceai_geom,nt_v2_500m,esm1b_650m,Pure_XGBoost_Concat,0.7479,0.7508,0.7395,0.7564,0.7451,0.4959,0.8075,0.7889,dna_LLR+dna_LVD_L2+dna_LVD_Cosine+prot_LLR+prot_LVD_L2+prot_LVD_Cosine
Train1Val_UniProt,center,bio_core_dna_prot_spliceai,nt_v1_500m,esm1v_650m,PyTorch_Concat,0.7472,0.765,0.7108,0.7833,0.7369,0.4955,0.806,0.79,
Train1Val_UniProt,center,bio_core_dna_prot,nt_v3_650m,esm1v_650m,PyTorch_Concat,0.7464,0.7744,0.6928,0.7997,0.7313,0.4954,0.8129,0.7991,
Train1Val_UniProt,mean,bio_dna_prot,nt_v3_650m,esm1b_650m,PyTorch_Gating,0.7457,0.7787,0.6837,0.8072,0.7281,0.4948,0.8103,0.7884,
Train1Val_UniProt,center,bio_core_dna_prot_spliceai,nt_v2_500m,esm1b_650m,PyTorch_Gating,0.7449,0.7852,0.6717,0.8176,0.724,0.4948,0.8045,0.792,
Train1Val_UniProt,center,bio_core_dna_prot_spliceai,nt_v2_500m,esmc_600m,PyTorch_Gating,0.7464,0.7708,0.6988,0.7937,0.733,0.4948,0.8065,0.7871,
Train1Val_UniProt,center,bio_dna_prot,nt_v3_650m,esmc_600m,Hybrid_Gating_XGBoost,0.7472,0.7394,0.7605,0.7339,0.7498,0.4946,0.8082,0.7877,
Train1Val_UniProt,center,bio_prot,,esmc_600m,Pure_XGBoost_Concat,0.7472,0.7474,0.744,0.7504,0.7457,0.4944,0.804,0.7743,
Train1Val_UniProt,center,bio_prot,,esmc_600m,Hybrid_Concat_XGBoost,0.7472,0.7429,0.753,0.7414,0.7479,0.4944,0.8026,0.7934,
Train1Val_UniProt,center,bio_prot,,esmc_600m,Pure_XGBoost_Concat,0.7472,0.7474,0.744,0.7504,0.7457,0.4944,0.804,0.7743,
Train1Val_UniProt,center,bio_prot,,esmc_600m,Hybrid_Concat_XGBoost,0.7472,0.7429,0.753,0.7414,0.7479,0.4944,0.8026,0.7934,
Train1Val_UniProt,center,bio_core_prot_spliceai,,esmc_600m,Hybrid_Concat_XGBoost,0.7472,0.7459,0.747,0.7474,0.7464,0.4944,0.808,0.7898,
Train1Val_UniProt,center,bio_core_dna_prot_spliceai,nt_v3_650m,esm1b_650m,Pure_XGBoost_Concat,0.7472,0.7489,0.741,0.7534,0.7449,0.4944,0.8047,0.7889,
Train1Val_UniProt,mean,bio_core_dna_prot_spliceai_geom,nt_v2_500m,esm1b_650m,Pure_XGBoost_Concat,0.7472,0.7496,0.7395,0.7549,0.7445,0.4944,0.8079,0.7889,dna_LVD_L2+prot_LLR
Train1Val_UniProt,mean,bio_core_dna_prot_spliceai_geom,nt_v2_500m,esm1b_650m,Pure_XGBoost_Concat,0.7472,0.7489,0.741,0.7534,0.7449,0.4944,0.8089,0.7847,dna_LLR+dna_LVD_L2+prot_LLR+prot_LVD_L2
Train1Val_UniProt,mean,bio_core_dna_prot_spliceai_geom,nt_v2_500m,esm1b_650m,Pure_XGBoost_Concat,0.7472,0.7512,0.7364,0.7578,0.7437,0.4944,0.8072,0.7827,dna_LLR+dna_LVD_L2+prot_LLR+prot_LVD_L2+prot_LVD_Cosine
Train1Val_UniProt,center,bio_core_prot_spliceai,,esm2_650m,PyTorch_Concat,0.7464,0.7655,0.7078,0.7848,0.7355,0.4941,0.8074,0.7855,
Train1Val_UniProt,center,bio_core_dna_prot_spliceai,nt_v3_650m,esmc_600m,PyTorch_CrossAttn,0.7464,0.7646,0.7093,0.7833,0.7359,0.494,0.8019,0.7877,
Train1Val_UniProt,center,bio_core_dna_prot_spliceai,nt_v2_500m,esm1v_650m,PyTorch_Transformer,0.7464,0.7612,0.7154,0.7773,0.7376,0.4936,0.8087,0.7908,
Train1Val_UniProt,mean,bio_core_dna_prot_spliceai_geom,nt_v2_500m,esm1b_650m,Pure_XGBoost_Concat,0.7464,0.7515,0.7334,0.7593,0.7424,0.493,0.8078,0.7823,dna_LLR+dna_LVD_Cosine+prot_LLR+prot_LVD_L2
Train1Val_UniProt,center,bio_core_dna_prot_spliceai,nt_v1_500m,esm1b_650m,Hybrid_Gating_XGBoost,0.7464,0.7492,0.738,0.7549,0.7436,0.4929,0.8001,0.7872,
Train1Val_UniProt,center,bio_core_dna_prot_spliceai,nt_v2_500m,esm2_650m,Hybrid_Gating_XGBoost,0.7464,0.747,0.7425,0.7504,0.7447,0.4929,0.8079,0.7847,
Train1Val_UniProt,mean,bio_core_dna_prot_spliceai_geom,nt_v2_500m,esm1b_650m,Pure_XGBoost_Concat,0.7464,0.7492,0.738,0.7549,0.7436,0.4929,0.81,0.7946,dna_LLR+prot_LLR
Train1Val_UniProt,mean,bio_core_dna_prot_spliceai_geom,nt_v2_500m,esm1b_650m,Pure_XGBoost_Concat,0.7464,0.75,0.7364,0.7564,0.7432,0.4929,0.8071,0.7887,dna_LVD_Cosine+prot_LLR
Train1Val_UniProt,mean,bio_core_dna_prot_spliceai_geom,nt_v2_500m,esm1b_650m,Pure_XGBoost_Concat,0.7464,0.75,0.7364,0.7564,0.7432,0.4929,0.8067,0.7854,dna_LVD_Cosine+prot_LLR+prot_LVD_L2
Train1Val_UniProt,center,bio_core_dna_prot,nt_v1_500m,esm1v_650m,PyTorch_Transformer,0.7457,0.7651,0.7063,0.7848,0.7345,0.4927,0.8063,0.7917,
Train1Val_UniProt,center,bio_core_dna_prot_spliceai,nt_v3_650m,esm1b_650m,PyTorch_CrossAttn,0.7457,0.7617,0.7123,0.7788,0.7362,0.4923,0.803,0.7914,
Train1Val_UniProt,center,bio_core_dna_prot_spliceai,nt_v3_650m,esmc_600m,PyTorch_Transformer,0.7449,0.7709,0.6943,0.7952,0.7306,0.4921,0.8026,0.7867,
Train1Val_UniProt,center,bio_dna_prot,nt_v3_650m,esmc_600m,PyTorch_Transformer,0.7449,0.77,0.6958,0.7937,0.731,0.492,0.8019,0.7824,
Train1Val_UniProt,center,bio_core_dna_prot_spliceai,nt_v1_500m,esm2_650m,Pure_XGBoost_Concat,0.7457,0.7422,0.75,0.7414,0.7461,0.4914,0.8038,0.7782,
Train1Val_UniProt,cls,bio_core_prot_spliceai,,esmc_600m,Pure_XGBoost_Concat,0.7457,0.7473,0.7395,0.7519,0.7434,0.4914,0.8021,0.7792,
Train1Val_UniProt,mean,bio_core_dna_prot_spliceai,nt_v3_650m,esm1b_650m,Hybrid_Gating_XGBoost,0.7457,0.7489,0.7364,0.7549,0.7426,0.4914,0.8073,0.792,
Train1Val_UniProt,center,bio_core_dna_prot_spliceai,nt_v2_500m,esm2_650m,PyTorch_Concat,0.7449,0.763,0.7078,0.7818,0.7344,0.491,0.8046,0.7771,
Train1Val_UniProt,mean,bio_core_dna_prot_spliceai,nt_v3_650m,esm1b_650m,PyTorch_CrossAttn,0.7442,0.7687,0.6958,0.7922,0.7304,0.4904,0.8033,0.7824,
Train1Val_UniProt,mean,bio_core_dna_prot_spliceai,nt_v1_500m,esm1b_650m,PyTorch_Concat,0.7449,0.7555,0.7214,0.7683,0.7381,0.4903,0.8094,0.7857,
Train1Val_UniProt,center,bio_core_dna_prot_spliceai,nt_v3_650m,esm1v_650m,PyTorch_Concat,0.7442,0.7678,0.6973,0.7907,0.7309,0.4902,0.8116,0.8006,
Train1Val_UniProt,mean,bio_core_dna_prot_spliceai,nt_v1_500m,esm1b_650m,Hybrid_CrossAttn_XGBoost,0.7449,0.7362,0.7605,0.7294,0.7481,0.4902,0.8043,0.7812,
Train1Val_UniProt,center,bio_core_dna_prot,nt_v1_500m,esm1v_650m,Hybrid_CrossAttn_XGBoost,0.7449,0.7382,0.756,0.7339,0.747,0.4901,0.8045,0.7866,
Train1Val_UniProt,cls,bio_prot,,esm1b_650m,Pure_XGBoost_Concat,0.7449,0.744,0.744,0.7459,0.744,0.4899,0.794,0.7664,
Train1Val_UniProt,center,bio_core_dna_prot_spliceai,nt_v2_500m,esm1b_650m,Hybrid_Concat_XGBoost,0.7449,0.7455,0.741,0.7489,0.7432,0.4899,0.804,0.7912,
Train1Val_UniProt,cls,bio_prot,,esm1b_650m,Pure_XGBoost_Concat,0.7449,0.744,0.744,0.7459,0.744,0.4899,0.794,0.7664,
Train1Val_UniProt,mean,bio_core_dna_prot_spliceai_geom,nt_v2_500m,esm1b_650m,Pure_XGBoost_Concat,0.7449,0.747,0.738,0.7519,0.7424,0.4899,0.8063,0.7882,dna_LVD_L2+prot_LLR+prot_LVD_Cosine
Train1Val_UniProt,mean,bio_core_dna_prot_spliceai_geom,nt_v2_500m,esm1b_650m,Pure_XGBoost_Concat,0.7449,0.7447,0.7425,0.7474,0.7436,0.4899,0.8052,0.784,dna_LLR+dna_LVD_L2+prot_LLR+prot_LVD_Cosine
Train1Val_UniProt,mean,bio_core_dna_prot_spliceai_geom,nt_v2_500m,esm1b_650m,Pure_XGBoost_Concat,0.7449,0.7485,0.7349,0.7549,0.7416,0.4899,0.8053,0.7853,dna_LVD_Cosine+prot_LLR+prot_LVD_L2+prot_LVD_Cosine
Train1Val_UniProt,center,bio_core_dna_prot_spliceai,nt_v3_650m,esmc_600m,PyTorch_Gating,0.7442,0.7618,0.7078,0.7803,0.7338,0.4894,0.8038,0.7867,
Train1Val_UniProt,center,bio_core_dna_prot_spliceai,nt_v1_500m,esmc_600m,Hybrid_CrossAttn_XGBoost,0.7442,0.7297,0.7726,0.716,0.7505,0.4893,0.8045,0.7888,
Train1Val_UniProt,center,bio_core_dna_prot_spliceai,nt_v1_500m,esm1b_650m,PyTorch_Gating,0.7419,0.7837,0.6657,0.8176,0.7199,0.4891,0.8015,0.7869,
Train1Val_UniProt,center,bio_core_dna_prot_spliceai,nt_v2_500m,esm2_650m,Hybrid_Transformer_XGBoost,0.7442,0.7351,0.7605,0.728,0.7476,0.4887,0.8066,0.7768,
Train1Val_UniProt,center,bio_core_dna_prot_spliceai,nt_v3_650m,esm2_650m,PyTorch_CrossAttn,0.7442,0.752,0.7259,0.7623,0.7387,0.4886,0.8079,0.7814,
Train1Val_UniProt,mean,bio_prot,,esm1b_650m,Hybrid_Concat_XGBoost,0.7442,0.7393,0.7515,0.7369,0.7453,0.4885,0.8007,0.7804,
Train1Val_UniProt,center,bio_core_dna_prot_spliceai,nt_v1_500m,esm1b_650m,Hybrid_CrossAttn_XGBoost,0.7442,0.7393,0.7515,0.7369,0.7453,0.4885,0.7999,0.7834,
Train1Val_UniProt,center,bio_core_dna_prot_spliceai,nt_v3_650m,esm1v_650m,Hybrid_Concat_XGBoost,0.7442,0.7386,0.753,0.7354,0.7457,0.4885,0.8024,0.7847,
Train1Val_UniProt,center,bio_core_dna_prot_spliceai,nt_v3_650m,esm2_650m,Hybrid_Transformer_XGBoost,0.7442,0.7378,0.7545,0.7339,0.7461,0.4885,0.8058,0.7773,
Train1Val_UniProt,mean,bio_core_dna_prot,nt_v2_500m,esm1v_650m,Hybrid_Gating_XGBoost,0.7442,0.7393,0.7515,0.7369,0.7453,0.4885,0.796,0.7581,
Train1Val_UniProt,center,bio_core_dna_prot_spliceai,nt_v1_500m,esmc_600m,Pure_XGBoost_Concat,0.7442,0.7488,0.7319,0.7564,0.7403,0.4884,0.8009,0.7711,
Train1Val_UniProt,center,bio_core_dna_prot_spliceai,nt_v3_650m,esm1b_650m,Hybrid_Transformer_XGBoost,0.7442,0.7429,0.744,0.7444,0.7434,0.4884,0.8051,0.7913,
Train1Val_UniProt,center,bio_core_dna_prot,nt_v2_500m,esm1v_650m,Hybrid_Gating_XGBoost,0.7442,0.7407,0.7485,0.7399,0.7446,0.4884,0.8045,0.791,
Train1Val_UniProt,mean,dna_prot_spliceai,nt_v2_500m,esm1b_650m,PyTorch_CrossAttn,0.7389,0.8015,0.6325,0.8445,0.7071,0.4884,0.8014,0.7881,
Train1Val_UniProt,center,bio_core_dna_prot_spliceai,nt_v3_650m,esm1v_650m,PyTorch_CrossAttn,0.7427,0.7725,0.6852,0.7997,0.7263,0.4883,0.8096,0.7911,
Train1Val_UniProt,center,bio_core_dna_prot_spliceai,nt_v3_650m,esm2_650m,Hybrid_CrossAttn_XGBoost,0.7434,0.7368,0.7545,0.7324,0.7455,0.4871,0.8078,0.7816,
Train1Val_UniProt,center,bio_core_dna_prot,nt_v3_650m,esm1v_650m,Hybrid_Concat_XGBoost,0.7434,0.7382,0.7515,0.7354,0.7448,0.487,0.7993,0.7808,
Train1Val_UniProt,mean,bio_core_dna_prot_spliceai,nt_v2_500m,esm1b_650m,PyTorch_Transformer,0.7419,0.773,0.6822,0.8012,0.7248,0.487,0.8103,0.7904,
Train1Val_UniProt,mean,bio_dna_prot,nt_v3_650m,esm1b_650m,Hybrid_Concat_XGBoost,0.7434,0.7389,0.75,0.7369,0.7444,0.4869,0.8057,0.7915,
Train1Val_UniProt,center,bio_core_dna_prot_spliceai,nt_v1_500m,esm1v_650m,Hybrid_Transformer_XGBoost,0.7434,0.7396,0.7485,0.7384,0.744,0.4869,0.7982,0.7796,
Train1Val_UniProt,center,bio_core_dna_prot_spliceai,nt_v1_500m,esm2_650m,Hybrid_Gating_XGBoost,0.7434,0.741,0.7455,0.7414,0.7432,0.4869,0.802,0.7827,
Train1Val_UniProt,center,bio_core_dna_prot_spliceai,nt_v2_500m,esm2_650m,Pure_XGBoost_Concat,0.7434,0.741,0.7455,0.7414,0.7432,0.4869,0.8058,0.7828,
Train1Val_UniProt,center,bio_core_dna_prot,nt_v1_500m,esm1v_650m,Hybrid_Concat_XGBoost,0.7434,0.7396,0.7485,0.7384,0.744,0.4869,0.8045,0.7848,
Train1Val_UniProt,mean,bio_core_dna_prot_spliceai,nt_v3_650m,esm1b_650m,Hybrid_Concat_XGBoost,0.7434,0.7447,0.738,0.7489,0.7413,0.4869,0.7999,0.7806,
Train1Val_UniProt,mean,bio_core_dna_prot_spliceai_geom,nt_v2_500m,esm1b_650m,Pure_XGBoost_Concat,0.7434,0.7403,0.747,0.7399,0.7436,0.4869,0.8068,0.7822,dna_LLR+prot_LLR+prot_LVD_L2
Train1Val_UniProt,mean,bio_core_dna_prot_spliceai,nt_v2_500m,esmc_600m,PyTorch_CrossAttn,0.7427,0.761,0.7048,0.7803,0.7318,0.4865,0.7915,0.7746,
Train1Val_UniProt,mean,bio_core_dna_prot_spliceai,nt_v3_650m,esm1b_650m,PyTorch_Concat,0.7419,0.7694,0.6883,0.7952,0.7266,0.4864,0.8121,0.7965,
Train1Val_UniProt,mean,bio_core_dna_prot,nt_v1_500m,esm1v_650m,Hybrid_Transformer_XGBoost,0.7427,0.7323,0.762,0.7235,0.7469,0.4858,0.7935,0.7504,
Train1Val_UniProt,mean,bio_dna_prot,nt_v3_650m,esm1b_650m,PyTorch_Concat,0.7427,0.752,0.7214,0.7638,0.7364,0.4857,0.8134,0.7955,
Train1Val_UniProt,mean,bio_core_dna_prot_spliceai,nt_v2_500m,esm1b_650m,Hybrid_Transformer_XGBoost,0.7427,0.7336,0.759,0.7265,0.7461,0.4857,0.8048,0.7899,
Train1Val_UniProt,cls,bio_prot,,esm1b_650m,PyTorch_Concat,0.7427,0.7481,0.7289,0.7564,0.7384,0.4855,0.8,0.7766,
Train1Val_UniProt,center,bio_core_dna_prot_spliceai,nt_v2_500m,esm1b_650m,Pure_XGBoost_Concat,0.7427,0.7481,0.7289,0.7564,0.7384,0.4855,0.8077,0.7963,
Train1Val_UniProt,cls,bio_prot,,esm1b_650m,PyTorch_Concat,0.7427,0.7481,0.7289,0.7564,0.7384,0.4855,0.8,0.7766,
Train1Val_UniProt,mean,bio_core_dna_prot_spliceai,nt_v2_500m,esmc_600m,PyTorch_Transformer,0.7427,0.7488,0.7274,0.7578,0.738,0.4855,0.789,0.7669,
Train1Val_UniProt,mean,bio_core_dna_prot,nt_v2_500m,esm1v_650m,Hybrid_Concat_XGBoost,0.7427,0.7371,0.7515,0.7339,0.7442,0.4855,0.7943,0.7722,
Train1Val_UniProt,cls,bio_dna_prot,nt_v3_650m,esm1b_650m,Pure_XGBoost_Concat,0.7427,0.7392,0.747,0.7384,0.7431,0.4854,0.7938,0.7737,
Train1Val_UniProt,center,bio_core_dna_prot_spliceai,nt_v3_650m,esm1b_650m,PyTorch_Gating,0.7419,0.7632,0.6988,0.7848,0.7296,0.4854,0.8067,0.7914,
Train1Val_UniProt,center,bio_core_dna_prot,nt_v2_500m,esm1v_650m,Pure_XGBoost_Concat,0.7427,0.7399,0.7455,0.7399,0.7427,0.4854,0.8,0.7808,
Train1Val_UniProt,mean,bio_core_dna_prot_spliceai,nt_v3_650m,esm2_650m,Pure_XGBoost_Concat,0.7427,0.7421,0.741,0.7444,0.7415,0.4854,0.7967,0.7765,
Train1Val_UniProt,mean,bio_core_dna_prot_spliceai_geom,nt_v2_500m,esm1b_650m,Pure_XGBoost_Concat,0.7427,0.7473,0.7304,0.7549,0.7388,0.4854,0.8054,0.7752,dna_LLR+prot_LLR+prot_LVD_Cosine
Train1Val_UniProt,mean,bio_core_dna_prot_spliceai_geom,nt_v2_500m,esm1b_650m,Pure_XGBoost_Concat,0.7427,0.7399,0.7455,0.7399,0.7427,0.4854,0.805,0.7871,dna_LVD_L2+dna_LVD_Cosine+prot_LLR+prot_LVD_L2+prot_LVD_Cosine
Train1Val_UniProt,center,bio_geom_prot,nt_v3_650m,esmc_600m,Pure_XGBoost_Concat,0.7397,0.7835,0.6596,0.8191,0.7163,0.4851,0.8107,0.7857,
Train1Val_UniProt,center,bio_core_dna_prot_spliceai,nt_v2_500m,esm2_650m,PyTorch_Gating,0.7419,0.7597,0.7048,0.7788,0.7312,0.485,0.802,0.7756,
Train1Val_UniProt,mean,bio_core_dna_prot_spliceai,nt_v1_500m,esm1b_650m,PyTorch_Transformer,0.7404,0.776,0.6732,0.8072,0.721,0.4849,0.8094,0.7871,
Train1Val_UniProt,center,bio_core_dna_prot_spliceai,nt_v1_500m,esm1v_650m,Hybrid_CrossAttn_XGBoost,0.7419,0.7299,0.7651,0.719,0.7471,0.4845,0.8015,0.7846,
Train1Val_UniProt,cls,bio_core_dna_prot_spliceai,nt_v3_650m,esm1b_650m,PyTorch_CrossAttn,0.7419,0.7532,0.7169,0.7668,0.7346,0.4843,0.7963,0.7734,
Train1Val_UniProt,mean,bio_core_dna_prot_spliceai,nt_v2_500m,esm1b_650m,PyTorch_Gating,0.7419,0.7524,0.7184,0.7653,0.735,0.4843,0.8089,0.7871,
Train1Val_UniProt,center,bio_core_dna_prot_spliceai,nt_v1_500m,esm2_650m,PyTorch_Concat,0.7397,0.7786,0.6672,0.8117,0.7186,0.484,0.7995,0.7788,
Train1Val_UniProt,center,bio_core_dna_prot_spliceai,nt_v1_500m,esmc_600m,PyTorch_Transformer,0.7412,0.7628,0.6973,0.7848,0.7286,0.484,0.8048,0.7925,
Train1Val_UniProt,mean,bio_core_dna_prot_spliceai_geom,nt_v2_500m,esm1b_650m,Pure_XGBoost_Concat,0.7419,0.7469,0.7289,0.7549,0.7378,0.484,0.7982,0.767,dna_LVD_Cosine
Train1Val_UniProt,center,bio_core_dna_prot_spliceai,nt_v2_500m,esm1b_650m,Hybrid_CrossAttn_XGBoost,0.7419,0.7381,0.747,0.7369,0.7425,0.4839,0.8038,0.789,
Train1Val_UniProt,mean,bio_core_dna_prot_spliceai_geom,nt_v2_500m,esm1b_650m,Pure_XGBoost_Concat,0.7419,0.7381,0.747,0.7369,0.7425,0.4839,0.7991,0.7737,dna_LLR+dna_LVD_Cosine
Train1Val_UniProt,mean,bio_core_dna_prot_spliceai_geom,nt_v2_500m,esm1b_650m,Pure_XGBoost_Concat,0.7419,0.7402,0.7425,0.7414,0.7414,0.4839,0.7973,0.7707,dna_LVD_L2+prot_LVD_L2
Train1Val_UniProt,mean,bio_core_dna_prot_spliceai_geom,nt_v2_500m,esm1b_650m,Pure_XGBoost_Concat,0.7419,0.7381,0.747,0.7369,0.7425,0.4839,0.796,0.7697,dna_LVD_L2+dna_LVD_Cosine+prot_LVD_L2
Train1Val_UniProt,center,bio_core_dna_prot_spliceai,nt_v3_650m,esm2_650m,PyTorch_Transformer,0.7397,0.7776,0.6687,0.8102,0.719,0.4838,0.8071,0.7815,
Train1Val_UniProt,center,bio_dna_geom,nt_v3_650m,esmc_600m,Pure_XGBoost_Concat,0.7397,0.7766,0.6702,0.8087,0.7195,0.4836,0.8012,0.7741,
Train1Val_UniProt,center,bio_dna_geom_prot,nt_v3_650m,esmc_600m,Pure_XGBoost_Concat,0.7397,0.7737,0.6747,0.8042,0.7208,0.4831,0.8098,0.7864,
Train1Val_UniProt,cls,bio_dna_prot,nt_v3_650m,esm1b_650m,PyTorch_Transformer,0.7404,0.7641,0.6928,0.7877,0.7267,0.4828,0.8,0.7767,
Train1Val_UniProt,mean,bio_core_dna_prot,nt_v3_650m,esm1v_650m,Hybrid_CrossAttn_XGBoost,0.7412,0.7308,0.7605,0.722,0.7454,0.4828,0.7915,0.7572,
Train1Val_UniProt,cls,bio_core_dna_prot_spliceai,nt_v2_500m,esm1b_650m,PyTorch_CrossAttn,0.7412,0.7504,0.7199,0.7623,0.7348,0.4827,0.7884,0.7679,
Train1Val_UniProt,center,bio_core_dna_prot_spliceai,nt_v1_500m,esmc_600m,Hybrid_Concat_XGBoost,0.7412,0.7363,0.7485,0.7339,0.7423,0.4825,0.8057,0.789,
Train1Val_UniProt,center,bio_core_dna_prot_spliceai,nt_v2_500m,esm2_650m,Hybrid_CrossAttn_XGBoost,0.7412,0.7356,0.75,0.7324,0.7427,0.4825,0.8047,0.78,
Train1Val_UniProt,mean,bio_core_dna_prot_spliceai_geom,nt_v2_500m,esm1b_650m,Pure_XGBoost_Concat,0.7352,0.8031,0.6205,0.849,0.7001,0.4825,0.8033,0.7791,dna_LLR+dna_LVD_L2+dna_LID
Train1Val_UniProt,center,bio_geom,nt_v3_650m,esmc_600m,Pure_XGBoost_Concat,0.7397,0.77,0.6807,0.7982,0.7226,0.4824,0.8058,0.7764,
Train1Val_UniProt,mean,bio_dna_prot,nt_v3_650m,esm1b_650m,Hybrid_Gating_XGBoost,0.7412,0.7428,0.7349,0.7474,0.7388,0.4824,0.8008,0.7764,
Train1Val_UniProt,center,bio_core_prot_spliceai,,esm1v_650m,Pure_XGBoost_Concat,0.7412,0.7406,0.7395,0.7429,0.74,0.4824,0.8039,0.7823,
Train1Val_UniProt,center,bio_core_dna_prot_spliceai,nt_v1_500m,esm2_650m,Hybrid_Concat_XGBoost,0.7412,0.7413,0.738,0.7444,0.7396,0.4824,0.8043,0.7809,
Train1Val_UniProt,center,bio_core_dna_prot_spliceai,nt_v2_500m,esm1v_650m,Hybrid_Concat_XGBoost,0.7412,0.7377,0.7455,0.7369,0.7416,0.4824,0.8012,0.777,
Train1Val_UniProt,center,bio_core_dna_prot_spliceai,nt_v2_500m,esm2_650m,Hybrid_Concat_XGBoost,0.7412,0.7384,0.744,0.7384,0.7412,0.4824,0.8062,0.7784,
Train1Val_UniProt,mean,bio_core_dna_prot_spliceai,nt_v1_500m,esm1b_650m,Hybrid_Concat_XGBoost,0.7412,0.742,0.7364,0.7459,0.7392,0.4824,0.7999,0.7789,
Train1Val_UniProt,mean,bio_core_dna_prot_spliceai,nt_v2_500m,esm1b_650m,Pure_XGBoost_Concat,0.7412,0.7377,0.7455,0.7369,0.7416,0.4824,0.8023,0.7718,
Train1Val_UniProt,mean,bio_core_dna_prot_spliceai_geom,nt_v2_500m,esm1b_650m,Pure_XGBoost_Concat,0.7412,0.7435,0.7334,0.7489,0.7384,0.4824,0.7993,0.7703,dna_LLR
Train1Val_UniProt,mean,bio_core_dna_prot_spliceai_geom,nt_v2_500m,esm1b_650m,Pure_XGBoost_Concat,0.7412,0.7428,0.7349,0.7474,0.7388,0.4824,0.7975,0.7701,dna_LLR+dna_LVD_L2+prot_LVD_Cosine
Train1Val_UniProt,center,bio_core_dna_prot,nt_v1_500m,esm1v_650m,PyTorch_Concat,0.7397,0.7691,0.6822,0.7967,0.7231,0.4822,0.8068,0.7911,
Train1Val_UniProt,center,bio_core_prot_spliceai,,esm1b_650m,PyTorch_Concat,0.7397,0.7664,0.6867,0.7922,0.7244,0.4818,0.8074,0.7947,
Train1Val_UniProt,center,bio_core_dna_prot_spliceai,nt_v2_500m,esm1v_650m,PyTorch_Concat,0.7397,0.7655,0.6883,0.7907,0.7248,0.4816,0.7979,0.7778,
Train1Val_UniProt,center,bio_core_dna_prot,nt_v2_500m,esm1v_650m,PyTorch_Gating,0.7404,0.7532,0.7123,0.7683,0.7322,0.4815,0.8068,0.7872,
Train1Val_UniProt,cls,bio_core_dna_prot_spliceai,nt_v3_650m,esm1b_650m,PyTorch_Transformer,0.7404,0.754,0.7108,0.7698,0.7318,0.4815,0.8021,0.7802,
Train1Val_UniProt,cls,bio_dna_prot,nt_v3_650m,esm1b_650m,PyTorch_CrossAttn,0.7404,0.7492,0.7199,0.7608,0.7343,0.4812,0.7977,0.7737,
Train1Val_UniProt,center,bio_core_dna_prot_spliceai,nt_v2_500m,esmc_600m,PyTorch_CrossAttn,0.7397,0.7629,0.6928,0.7862,0.7261,0.4812,0.8057,0.7938,
Train1Val_UniProt,cls,bio_core_dna_prot,nt_v2_500m,esm1v_650m,Hybrid_CrossAttn_XGBoost,0.7404,0.7352,0.7485,0.7324,0.7418,0.481,0.7845,0.7531,
Train1Val_UniProt,mean,bio_core_dna_prot_spliceai,nt_v1_500m,esm1b_650m,Hybrid_Transformer_XGBoost,0.7404,0.7338,0.7515,0.7294,0.7426,0.481,0.8058,0.7872,
Train1Val_UniProt,mean,bio_core_dna_prot_spliceai,nt_v3_650m,esm1b_650m,Pure_XGBoost_Concat,0.7404,0.7461,0.7259,0.7549,0.7359,0.481,0.7995,0.7775,
Train1Val_UniProt,mean,bio_core_dna_prot_spliceai_geom,nt_v2_500m,esm1b_650m,Pure_XGBoost_Concat,0.7404,0.7454,0.7274,0.7534,0.7363,0.481,0.8043,0.7781,dna_LVD_L2+prot_LLR+prot_LVD_L2
Train1Val_UniProt,center,bio_core_prot_spliceai,,esmc_600m,Pure_XGBoost_Concat,0.7404,0.7373,0.744,0.7369,0.7406,0.4809,0.8015,0.778,
Train1Val_UniProt,center,bio_core_dna_prot_spliceai,nt_v3_650m,esm1b_650m,Hybrid_Gating_XGBoost,0.7404,0.7387,0.741,0.7399,0.7398,0.4809,0.806,0.7903,
Train1Val_UniProt,cls,bio_core_dna_prot_spliceai,nt_v1_500m,esmc_600m,Pure_XGBoost_Concat,0.7404,0.7431,0.7319,0.7489,0.7375,0.4809,0.7963,0.7721,
Train1Val_UniProt,mean,bio_core_dna_prot_spliceai,nt_v1_500m,esm1b_650m,Hybrid_Gating_XGBoost,0.7404,0.7402,0.738,0.7429,0.7391,0.4809,0.8028,0.7772,
Train1Val_UniProt,mean,bio_core_dna_prot_spliceai,nt_v2_500m,esm1b_650m,Hybrid_CrossAttn_XGBoost,0.7404,0.7359,0.747,0.7339,0.7414,0.4809,0.8074,0.7915,
Train1Val_UniProt,mean,bio_core_dna_prot_spliceai,nt_v2_500m,esmc_600m,Pure_XGBoost_Concat,0.7404,0.7387,0.741,0.7399,0.7398,0.4809,0.799,0.7819,
Train1Val_UniProt,mean,bio_core_dna_prot_spliceai_geom,nt_v2_500m,esm1b_650m,Pure_XGBoost_Concat,0.7404,0.7409,0.7364,0.7444,0.7387,0.4809,0.7991,0.7709,dna_LLR+dna_LVD_L2+prot_LVD_L2
Train1Val_UniProt,mean,bio_core_dna_prot_spliceai_geom,nt_v2_500m,esm1b_650m,Pure_XGBoost_Concat,0.7404,0.7387,0.741,0.7399,0.7398,0.4809,0.7988,0.7705,dna_LVD_Cosine+prot_LVD_L2+prot_LVD_Cosine
Train1Val_UniProt,mean,bio_core_dna_prot_spliceai_geom,nt_v2_500m,esm1b_650m,Pure_XGBoost_Concat,0.7404,0.7402,0.738,0.7429,0.7391,0.4809,0.8033,0.7792,dna_LVD_L2+dna_LVD_Cosine+prot_LLR+prot_LVD_Cosine
Train1Val_UniProt,mean,bio_core_dna_prot_spliceai_geom,nt_v2_500m,esm1b_650m,Pure_XGBoost_Concat,0.7404,0.7409,0.7364,0.7444,0.7387,0.4809,0.8052,0.7797,dna_LLR+dna_LVD_L2+dna_LVD_Cosine+prot_LLR+prot_LVD_L2
Train1Val_UniProt,mean,dna_prot,nt_v3_650m,esm1b_650m,Hybrid_Transformer_XGBoost,0.7382,0.7749,0.6687,0.8072,0.7179,0.4806,0.7977,0.7776,
Train1Val_UniProt,center,bio_core_dna_prot,nt_v1_500m,esm1v_650m,PyTorch_Gating,0.7397,0.7586,0.7003,0.7788,0.7283,0.4806,0.8045,0.7935,
Train1Val_UniProt,mean,bio_core_prot_spliceai,,esm1v_650m,PyTorch_Concat,0.7397,0.7586,0.7003,0.7788,0.7283,0.4806,0.7917,0.7637,
Train1Val_UniProt,center,bio_core_dna_prot_spliceai,nt_v1_500m,esmc_600m,PyTorch_Gating,0.7382,0.7739,0.6702,0.8057,0.7183,0.4804,0.804,0.7895,
Train1Val_UniProt,cls,bio_core_dna_prot_spliceai,nt_v1_500m,esm1b_650m,PyTorch_CrossAttn,0.7389,0.766,0.6852,0.7922,0.7234,0.4803,0.795,0.7706,
Train1Val_UniProt,mean,bio_core_dna_prot,nt_v1_500m,esm1v_650m,Hybrid_CrossAttn_XGBoost,0.7397,0.7255,0.7681,0.7115,0.7462,0.4803,0.7893,0.7505,
Train1Val_UniProt,mean,bio_core_dna_prot,nt_v2_500m,esm1v_650m,Hybrid_Transformer_XGBoost,0.7397,0.7255,0.7681,0.7115,0.7462,0.4803,0.7933,0.7552,
Train1Val_UniProt,center,bio_core_dna_prot_spliceai,nt_v3_650m,esmc_600m,Hybrid_Concat_XGBoost,0.7397,0.7281,0.762,0.7175,0.7447,0.48,0.7999,0.7841,
Train1Val_UniProt,mean,bio_core_dna_prot_spliceai,nt_v1_500m,esm1b_650m,PyTorch_Gating,0.7382,0.7711,0.6747,0.8012,0.7197,0.4799,0.8009,0.7796,
Train1Val_UniProt,center,bio_core_dna_prot_spliceai,nt_v1_500m,esm1b_650m,PyTorch_Transformer,0.7397,0.7496,0.7169,0.7623,0.7329,0.4797,0.7934,0.7792,
Train1Val_UniProt,center,bio_core_dna_prot_spliceai,nt_v1_500m,esm2_650m,Hybrid_Transformer_XGBoost,0.7397,0.7314,0.7545,0.725,0.7428,0.4797,0.7986,0.7793,
Train1Val_UniProt,center,bio_core_dna_prot_spliceai,nt_v2_500m,esmc_600m,Hybrid_Transformer_XGBoost,0.7397,0.7307,0.756,0.7235,0.7432,0.4797,0.7997,0.7831,
Train1Val_UniProt,mean,bio_core_dna_prot_spliceai,nt_v1_500m,esm1b_650m,PyTorch_CrossAttn,0.7382,0.7702,0.6762,0.7997,0.7201,0.4797,0.8042,0.7834,
Train1Val_UniProt,center,bio_core_dna_prot_spliceai,nt_v1_500m,esmc_600m,Hybrid_Gating_XGBoost,0.7397,0.7398,0.7364,0.7429,0.7381,0.4794,0.7976,0.7837,
Train1Val_UniProt,center,bio_core_dna_prot_spliceai,nt_v2_500m,esmc_600m,Pure_XGBoost_Concat,0.7397,0.7383,0.7395,0.7399,0.7389,0.4794,0.798,0.7788,
Train1Val_UniProt,cls,bio_core_dna_prot_spliceai,nt_v2_500m,esmc_600m,Pure_XGBoost_Concat,0.7397,0.7355,0.7455,0.7339,0.7405,0.4794,0.8017,0.7761,
Train1Val_UniProt,mean,bio_core_dna_prot_spliceai,nt_v3_650m,esm1b_650m,Hybrid_CrossAttn_XGBoost,0.7397,0.7369,0.7425,0.7369,0.7397,0.4794,0.8048,0.7838,
Train1Val_UniProt,mean,bio_core_dna_prot_spliceai_geom,nt_v2_500m,esm1b_650m,Pure_XGBoost_Concat,0.7397,0.7435,0.7289,0.7504,0.7361,0.4794,0.8014,0.7722,prot_LVD_L2+prot_LVD_Cosine
Train1Val_UniProt,mean,bio_core_dna_prot_spliceai_geom,nt_v2_500m,esm1b_650m,Pure_XGBoost_Concat,0.7397,0.7376,0.741,0.7384,0.7393,0.4794,0.8039,0.7872,dna_LVD_Cosine+prot_LLR+prot_LVD_Cosine
Train1Val_UniProt,mean,bio_core_dna_prot_spliceai_geom,nt_v2_500m,esm1b_650m,Pure_XGBoost_Concat,0.7397,0.7442,0.7274,0.7519,0.7357,0.4794,0.807,0.7809,dna_LLR+prot_LLR+prot_LVD_L2+prot_LVD_Cosine
Train1Val_UniProt,center,bio_core_dna_prot_spliceai,nt_v1_500m,esm1b_650m,PyTorch_CrossAttn,0.7374,0.7735,0.6687,0.8057,0.7173,0.479,0.7975,0.7883,
Train1Val_UniProt,mean,bio_geom,nt_v3_650m,esm1b_650m,Pure_XGBoost_Concat,0.7352,0.7896,0.6386,0.8311,0.7061,0.4788,0.8052,0.7885,
Train1Val_UniProt,center,bio_core_dna_prot_spliceai,nt_v3_650m,esm1v_650m,Hybrid_CrossAttn_XGBoost,0.7389,0.727,0.762,0.716,0.7441,0.4785,0.8024,0.7852,
Train1Val_UniProt,mean,bio_prot,,esm1b_650m,PyTorch_Concat,0.7382,0.7621,0.6898,0.7862,0.7241,0.4783,0.8039,0.7838,
Train1Val_UniProt,center,bio_core_dna_prot_spliceai,nt_v2_500m,esm1b_650m,PyTorch_Transformer,0.7389,0.7492,0.7154,0.7623,0.7319,0.4783,0.8048,0.7859,
Train1Val_UniProt,mean,bio_core_dna_prot_spliceai,nt_v3_650m,esm2_650m,PyTorch_CrossAttn,0.7389,0.7453,0.7229,0.7549,0.7339,0.478,0.8029,0.7758,
Train1Val_UniProt,mean,bio_core_dna_prot_spliceai_geom,nt_v2_500m,esm1b_650m,Pure_XGBoost_Concat,0.7389,0.7438,0.7259,0.7519,0.7348,0.478,0.7958,0.7709,dna_LLR+dna_LVD_Cosine+prot_LVD_L2
Train1Val_UniProt,center,bio_core_dna_prot_spliceai,nt_v1_500m,esm1b_650m,Pure_XGBoost_Concat,0.7389,0.7394,0.7349,0.7429,0.7372,0.4779,0.8031,0.7821,
Train1Val_UniProt,center,bio_core_dna_prot_spliceai,nt_v1_500m,esm1v_650m,Hybrid_Gating_XGBoost,0.7389,0.7358,0.7425,0.7354,0.7391,0.4779,0.7946,0.7787,
Train1Val_UniProt,center,bio_core_dna_prot_spliceai,nt_v3_650m,esm2_650m,Pure_XGBoost_Concat,0.7389,0.7358,0.7425,0.7354,0.7391,0.4779,0.8009,0.7787,
Train1Val_UniProt,center,bio_core_dna_prot_spliceai,nt_v2_500m,esm1v_650m,Pure_XGBoost_Concat,0.7389,0.7365,0.741,0.7369,0.7387,0.4779,0.8041,0.7841,
Train1Val_UniProt,mean,bio_core_prot_spliceai,,esm2_650m,Pure_XGBoost_Concat,0.7389,0.7394,0.7349,0.7429,0.7372,0.4779,0.7988,0.7746,
Train1Val_UniProt,mean,bio_core_dna_prot_spliceai_geom,nt_v2_500m,esm1b_650m,Pure_XGBoost_Concat,0.7389,0.7387,0.7364,0.7414,0.7376,0.4779,0.8048,0.7836,prot_LLR+prot_LVD_L2
Train1Val_UniProt,mean,bio_core_dna_prot_spliceai_geom,nt_v2_500m,esm1b_650m,Pure_XGBoost_Concat,0.7389,0.7401,0.7334,0.7444,0.7368,0.4779,0.803,0.7709,dna_LVD_L2+dna_LVD_Cosine+prot_LLR
Train1Val_UniProt,mean,bio_core_dna_prot_spliceai_geom,nt_v2_500m,esm1b_650m,Pure_XGBoost_Concat,0.7389,0.738,0.738,0.7399,0.738,0.4779,0.7941,0.7715,dna_LLR+dna_LVD_L2+dna_LVD_Cosine+prot_LVD_L2
Train1Val_UniProt,mean,bio_core_dna_prot_spliceai_geom,nt_v2_500m,esm1b_650m,Pure_XGBoost_Concat,0.7389,0.7409,0.7319,0.7459,0.7364,0.4779,0.8073,0.7861,dna_LLR+dna_LVD_L2+dna_LVD_Cosine+prot_LLR+prot_LVD_Cosine
Train1Val_UniProt,mean,bio_core_dna_prot_spliceai_geom,nt_v2_500m,esm1b_650m,Pure_XGBoost_Concat,0.7344,0.7914,0.634,0.8341,0.704,0.4779,0.8093,0.7865,dna_LLR+dna_LVD_L2+dna_LVD_Cosine+prot_LLR+prot_LID
Train1Val_UniProt,center,bio_core_dna_prot_spliceai,nt_v1_500m,esm2_650m,PyTorch_Transformer,0.7382,0.7536,0.7048,0.7713,0.7284,0.4772,0.8017,0.7803,
Train1Val_UniProt,center,prot_spliceai,,esm1b_650m,Pure_XGBoost_Concat,0.7359,0.7766,0.6596,0.8117,0.7134,0.477,0.7856,0.7745,
Train1Val_UniProt,mean,bio_core_dna_prot_spliceai_geom,nt_v2_500m,esm1b_650m,Pure_XGBoost_Concat,0.7329,0.7973,0.622,0.843,0.6988,0.477,0.8012,0.7812,dna_LLR+dna_LVD_Cosine+dna_LID+prot_LVD_L2
Train1Val_UniProt,mean,bio_core_dna_prot_spliceai,nt_v2_500m,esm1b_650m,PyTorch_Concat,0.7367,0.7694,0.6732,0.7997,0.7181,0.4768,0.8052,0.7827,
Train1Val_UniProt,cls,bio_core_dna_prot_spliceai,nt_v1_500m,esm1b_650m,Pure_XGBoost_Concat,0.7382,0.7376,0.7364,0.7399,0.737,0.4764,0.7913,0.7662,
Train1Val_UniProt,cls,bio_core_dna_prot_spliceai,nt_v1_500m,esm1b_650m,Hybrid_CrossAttn_XGBoost,0.7382,0.7368,0.738,0.7384,0.7374,0.4764,0.7877,0.7728,
Train1Val_UniProt,mean,bio_core_dna_prot_spliceai,nt_v3_650m,esm1v_650m,Hybrid_Concat_XGBoost,0.7382,0.739,0.7334,0.7429,0.7362,0.4764,0.792,0.7687,
Train1Val_UniProt,mean,bio_core_dna_prot_spliceai,nt_v2_500m,esm1b_650m,Hybrid_Gating_XGBoost,0.7382,0.7376,0.7364,0.7399,0.737,0.4764,0.8003,0.7859,
Train1Val_UniProt,mean,bio_core_dna_prot_spliceai_geom,nt_v2_500m,esm1b_650m,Pure_XGBoost_Concat,0.7329,0.795,0.625,0.8401,0.6998,0.4764,0.8081,0.777,dna_LLR+dna_LID+prot_LLR+prot_LVD_L2+prot_LID
Train1Val_UniProt,mean,bio_core_dna_prot,nt_v3_650m,esm1v_650m,Hybrid_Transformer_XGBoost,0.7374,0.7224,0.7681,0.707,0.7445,0.4759,0.7914,0.762,
Train1Val_UniProt,cls,bio_core_dna_prot_spliceai,nt_v1_500m,esm1b_650m,PyTorch_Gating,0.7374,0.7516,0.7063,0.7683,0.7283,0.4756,0.8007,0.7836,
Train1Val_UniProt,center,bio_core_dna_prot_spliceai,nt_v2_500m,esmc_600m,Hybrid_CrossAttn_XGBoost,0.7374,0.7269,0.7575,0.7175,0.7419,0.4754,0.8054,0.7882,
Train1Val_UniProt,mean,bio_core_dna_prot_spliceai,nt_v2_500m,esm1b_650m,PyTorch_CrossAttn,0.7359,0.769,0.6717,0.7997,0.717,0.4754,0.8041,0.7787,
Train1Val_UniProt,mean,dna_prot,nt_v3_650m,esm1b_650m,PyTorch_Concat,0.7307,0.8044,0.6069,0.8535,0.6918,0.4753,0.7982,0.7887,
Train1Val_UniProt,mean,bio_core_dna_prot_spliceai,nt_v3_650m,esmc_600m,PyTorch_Concat,0.7374,0.7438,0.7214,0.7534,0.7324,0.475,0.8036,0.789,
Train1Val_UniProt,center,bio_core_dna_prot_spliceai,nt_v1_500m,esm1v_650m,Hybrid_Concat_XGBoost,0.7374,0.7401,0.7289,0.7459,0.7344,0.4749,0.8013,0.7929,
Train1Val_UniProt,center,bio_core_dna_prot_spliceai,nt_v3_650m,esmc_600m,Pure_XGBoost_Concat,0.7374,0.7372,0.7349,0.7399,0.736,0.4749,0.7965,0.7744,
Train1Val_UniProt,mean,bio_core_dna_prot_spliceai,nt_v1_500m,esmc_600m,Pure_XGBoost_Concat,0.7374,0.7408,0.7274,0.7474,0.734,0.4749,0.8,0.7806,
Train1Val_UniProt,mean,bio_core_dna_prot,nt_v1_500m,esm1v_650m,PyTorch_Gating,0.7367,0.7578,0.6928,0.7803,0.7238,0.4749,0.7923,0.7462,
Train1Val_UniProt,mean,bio_core_dna_prot_spliceai_geom,nt_v2_500m,esm1b_650m,Pure_XGBoost_Concat,0.7374,0.7372,0.7349,0.7399,0.736,0.4749,0.7987,0.7738,dna_LVD_Cosine+prot_LVD_L2
Train1Val_UniProt,mean,bio_core_dna_prot_spliceai_geom,nt_v2_500m,esm1b_650m,Pure_XGBoost_Concat,0.7374,0.7379,0.7334,0.7414,0.7356,0.4749,0.7992,0.7783,dna_LLR+dna_LVD_L2+dna_LVD_Cosine
Train1Val_UniProt,mean,bio_core_dna_prot_spliceai_geom,nt_v2_500m,esm1b_650m,Pure_XGBoost_Concat,0.7374,0.7415,0.7259,0.7489,0.7336,0.4749,0.7976,0.7722,dna_LLR+dna_LVD_Cosine+prot_LVD_Cosine
Train1Val_UniProt,mean,bio_core_dna_prot_spliceai,nt_v2_500m,esm2_650m,PyTorch_CrossAttn,0.7367,0.757,0.6943,0.7788,0.7243,0.4748,0.7935,0.7611,
Train1Val_UniProt,cls,bio_core_dna_prot,nt_v1_500m,esm1v_650m,PyTorch_Concat,0.7367,0.7553,0.6973,0.7758,0.7251,0.4746,0.7902,0.7599,
Train1Val_UniProt,mean,dna_prot_spliceai,nt_v3_650m,esm1b_650m,PyTorch_Concat,0.7329,0.7884,0.634,0.8311,0.7028,0.4746,0.7997,0.7801,
Train1Val_UniProt,mean,bio_geom_prot,nt_v3_650m,esm1b_650m,Pure_XGBoost_Concat,0.7322,0.7924,0.6265,0.8371,0.6997,0.4744,0.8085,0.787,
Train1Val_UniProt,mean,bio_core_dna_prot_spliceai,nt_v3_650m,esmc_600m,PyTorch_Gating,0.7367,0.7536,0.7003,0.7728,0.726,0.4744,0.8033,0.7809,
Train1Val_UniProt,center,bio_core_dna_prot_spliceai,nt_v3_650m,esm2_650m,PyTorch_Gating,0.7359,0.76,0.6867,0.7848,0.7215,0.4739,0.8061,0.7813,
Train1Val_UniProt,mean,bio_core_dna_prot_spliceai,nt_v3_650m,esm1b_650m,PyTorch_Transformer,0.7359,0.7591,0.6883,0.7833,0.722,0.4737,0.808,0.7917,
Train1Val_UniProt,center,bio_dna_prot,nt_v3_650m,esmc_600m,Pure_XGBoost_Concat,0.7367,0.7298,0.7485,0.725,0.739,0.4736,0.7994,0.7728,
Train1Val_UniProt,mean,bio_core_dna_prot_spliceai,nt_v3_650m,esmc_600m,PyTorch_CrossAttn,0.7367,0.7441,0.7184,0.7549,0.731,0.4736,0.7934,0.7726,
Train1Val_UniProt,mean,dna_prot,nt_v3_650m,esm1b_650m,Hybrid_CrossAttn_XGBoost,0.7344,0.7729,0.6611,0.8072,0.7127,0.4735,0.7942,0.7861,
Train1Val_UniProt,mean,bio_dna_prot,nt_v3_650m,esm1b_650m,Hybrid_CrossAttn_XGBoost,0.7367,0.7305,0.747,0.7265,0.7386,0.4735,0.8041,0.7889,
Train1Val_UniProt,mean,bio_core_prot_spliceai,,esm1v_650m,Hybrid_Concat_XGBoost,0.7367,0.7312,0.7455,0.728,0.7383,0.4735,0.7891,0.7602,
Train1Val_UniProt,mean,bio_core_dna_prot_spliceai,nt_v2_500m,esmc_600m,PyTorch_Gating,0.7367,0.7434,0.7199,0.7534,0.7314,0.4735,0.7963,0.7752,
Train1Val_UniProt,mean,bio_core_dna_prot,nt_v3_650m,esm1v_650m,PyTorch_Gating,0.7359,0.7574,0.6913,0.7803,0.7228,0.4735,0.7981,0.7678,
Train1Val_UniProt,center,bio_core_dna_prot_spliceai,nt_v3_650m,esm2_650m,PyTorch_Concat,0.7359,0.7566,0.6928,0.7788,0.7233,0.4734,0.8101,0.7894,
Train1Val_UniProt,cls,bio_core_dna_prot_spliceai,nt_v3_650m,esm1v_650m,Hybrid_Gating_XGBoost,0.7367,0.7339,0.7395,0.7339,0.7367,0.4734,0.7896,0.7571,
Train1Val_UniProt,mean,bio_core_prot_spliceai,,esm1b_650m,Pure_XGBoost_Concat,0.7367,0.7382,0.7304,0.7429,0.7343,0.4734,0.7959,0.7666,
Train1Val_UniProt,mean,bio_core_prot_spliceai,,esmc_600m,Hybrid_Concat_XGBoost,0.7367,0.7332,0.741,0.7324,0.7371,0.4734,0.7941,0.772,
Train1Val_UniProt,mean,bio_core_dna_prot_spliceai,nt_v3_650m,esmc_600m,PyTorch_Transformer,0.7367,0.7389,0.7289,0.7444,0.7339,0.4734,0.8026,0.7859,
Train1Val_UniProt,mean,bio_core_dna_prot_spliceai_geom,nt_v2_500m,esm1b_650m,Pure_XGBoost_Concat,0.7367,0.7411,0.7244,0.7489,0.7327,0.4734,0.7968,0.7713,prot_LVD_L2
Train1Val_UniProt,mean,bio_core_dna_prot_spliceai_geom,nt_v2_500m,esm1b_650m,Pure_XGBoost_Concat,0.7367,0.7368,0.7334,0.7399,0.7351,0.4734,0.7945,0.7658,dna_LLR+dna_LVD_L2+dna_LVD_Cosine+prot_LVD_Cosine
Train1Val_UniProt,mean,bio_core_dna_prot_spliceai_geom,nt_v2_500m,esm1b_650m,Pure_XGBoost_Concat,0.7322,0.788,0.6325,0.8311,0.7018,0.4732,0.8106,0.7847,dna_LLR+dna_LVD_L2+prot_LLR+prot_LVD_Cosine+prot_LID
Train1Val_UniProt,center,dna_prot_spliceai,nt_v1_500m,esmc_600m,Hybrid_Gating_XGBoost,0.7352,0.7631,0.6792,0.7907,0.7187,0.473,0.7863,0.7732,
Train1Val_UniProt,mean,bio_core_dna_prot_spliceai_geom,nt_v2_500m,esm1b_650m,Pure_XGBoost_Concat,0.7314,0.792,0.625,0.8371,0.6987,0.473,0.8092,0.7844,dna_LLR+dna_LVD_L2+dna_LID+prot_LLR+prot_LVD_Cosine+prot_LID
Train1Val_UniProt,mean,bio_core_dna_prot_spliceai,nt_v2_500m,esm1v_650m,Hybrid_CrossAttn_XGBoost,0.7359,0.7229,0.762,0.71,0.7419,0.4727,0.7893,0.7496,
Train1Val_UniProt,cls,bio_core_dna_prot,nt_v2_500m,esm1v_650m,PyTorch_CrossAttn,0.7359,0.7461,0.7123,0.7593,0.7288,0.4723,0.7854,0.7567,
Train1Val_UniProt,cls,bio_core_dna_prot_spliceai,nt_v3_650m,esm1v_650m,Hybrid_Transformer_XGBoost,0.7359,0.7267,0.753,0.719,0.7396,0.4722,0.785,0.7512,
Train1Val_UniProt,cls,bio_core_dna_prot,nt_v1_500m,esm1v_650m,Hybrid_Transformer_XGBoost,0.7359,0.7281,0.75,0.722,0.7389,0.4721,0.785,0.7539,
Train1Val_UniProt,center,bio_core_dna_prot,nt_v1_500m,esm1v_650m,Hybrid_Gating_XGBoost,0.7359,0.7294,0.747,0.725,0.7381,0.472,0.8009,0.7862,
Train1Val_UniProt,mean,bio_core_dna_prot_spliceai,nt_v3_650m,esm1b_650m,Hybrid_Transformer_XGBoost,0.7359,0.7294,0.747,0.725,0.7381,0.472,0.8008,0.7841,
Train1Val_UniProt,center,bio_core_prot_spliceai,,esm2_650m,Hybrid_Concat_XGBoost,0.7359,0.7335,0.738,0.7339,0.7357,0.4719,0.8036,0.7831,
Train1Val_UniProt,center,bio_core_dna_prot_spliceai,nt_v1_500m,esm1v_650m,Pure_XGBoost_Concat,0.7359,0.7364,0.7319,0.7399,0.7341,0.4719,0.8017,0.7853,
Train1Val_UniProt,cls,bio_core_dna_prot,nt_v3_650m,esm1v_650m,PyTorch_Transformer,0.7344,0.7645,0.6747,0.7937,0.7168,0.4719,0.7986,0.7665,
Train1Val_UniProt,mean,bio_core_prot_spliceai,,esm1b_650m,Hybrid_Concat_XGBoost,0.7359,0.7356,0.7334,0.7384,0.7345,0.4719,0.802,0.7818,
Train1Val_UniProt,mean,bio_core_dna_prot_spliceai,nt_v2_500m,esm1v_650m,Hybrid_Gating_XGBoost,0.7359,0.7321,0.741,0.7309,0.7365,0.4719,0.7916,0.7597,
Train1Val_UniProt,mean,bio_core_dna_prot_spliceai,nt_v2_500m,esm2_650m,Pure_XGBoost_Concat,0.7359,0.7378,0.7289,0.7429,0.7333,0.4719,0.7944,0.7656,
Train1Val_UniProt,mean,bio_core_dna_prot_spliceai_geom,nt_v2_500m,esm1b_650m,Pure_XGBoost_Concat,0.7359,0.7349,0.7349,0.7369,0.7349,0.4719,0.7953,0.7666,dna_LVD_Cosine+prot_LVD_Cosine
Train1Val_UniProt,mean,bio_core_dna_prot_spliceai_geom,nt_v2_500m,esm1b_650m,Pure_XGBoost_Concat,0.7359,0.7349,0.7349,0.7369,0.7349,0.4719,0.7979,0.7669,dna_LVD_L2+dna_LVD_Cosine+prot_LVD_Cosine
Train1Val_UniProt,mean,bio_core_dna_prot,nt_v2_500m,esm1v_650m,PyTorch_Transformer,0.7344,0.7636,0.6762,0.7922,0.7173,0.4717,0.7962,0.7587,
Train1Val_UniProt,mean,bio_core_dna_prot_spliceai_geom,nt_v2_500m,esm1b_650m,Pure_XGBoost_Concat,0.7314,0.7865,0.6325,0.8296,0.7012,0.4715,0.8081,0.7803,dna_LLR+dna_LVD_L2+dna_LVD_Cosine+dna_LID+prot_LLR+prot_LVD_L2
Train1Val_UniProt,center,dna_prot,nt_v3_650m,esmc_600m,PyTorch_Concat,0.7307,0.7905,0.625,0.8356,0.6981,0.4713,0.7926,0.7915,
Train1Val_UniProt,center,dna_prot,nt_v2_500m,esm1v_650m,Hybrid_Gating_XGBoost,0.7337,0.7678,0.6672,0.7997,0.7139,0.4711,0.7839,0.7747,
Train1Val_UniProt,mean,dna_prot_spliceai,nt_v1_500m,esm1b_650m,Hybrid_Gating_XGBoost,0.7329,0.774,0.6551,0.8102,0.7096,0.4711,0.793,0.7853,
Train1Val_UniProt,center,bio_core_dna_prot_spliceai,nt_v1_500m,esm1v_650m,PyTorch_Transformer,0.7352,0.7472,0.7078,0.7623,0.727,0.4709,0.8018,0.7843,
Train1Val_UniProt,mean,bio_core_dna_prot_spliceai,nt_v3_650m,esm1v_650m,Hybrid_CrossAttn_XGBoost,0.7352,0.7244,0.756,0.7145,0.7399,0.4709,0.7935,0.7554,
Train1Val_UniProt,mean,bio_core_dna_prot_spliceai_geom,nt_v2_500m,esm1b_650m,Pure_XGBoost_Concat,0.7299,0.7934,0.619,0.8401,0.6954,0.4709,0.7993,0.7774,dna_LVD_L2+dna_LVD_Cosine+dna_LID
Train1Val_UniProt,center,dna_prot_spliceai,nt_v2_500m,esm1v_650m,Hybrid_CrossAttn_XGBoost,0.7344,0.7575,0.6867,0.7818,0.7204,0.4707,0.793,0.7776,
Train1Val_UniProt,cls,bio_core_dna_prot_spliceai,nt_v2_500m,esm1v_650m,Hybrid_Transformer_XGBoost,0.7352,0.7263,0.7515,0.719,0.7387,0.4707,0.7848,0.7495,
Train1Val_UniProt,cls,bio_core_dna_prot,nt_v1_500m,esm1v_650m,Hybrid_Concat_XGBoost,0.7352,0.727,0.75,0.7205,0.7383,0.4707,0.7919,0.7628,
Train1Val_UniProt,mean,bio_core_prot_spliceai,,esm1b_650m,PyTorch_Concat,0.7329,0.7711,0.6596,0.8057,0.711,0.4705,0.8062,0.7903,
Train1Val_UniProt,cls,bio_dna_prot,nt_v3_650m,esm1b_650m,Hybrid_Concat_XGBoost,0.7352,0.736,0.7304,0.7399,0.7332,0.4704,0.7929,0.7721,
Train1Val_UniProt,mean,bio_dna_prot,nt_v3_650m,esm1b_650m,Pure_XGBoost_Concat,0.7352,0.7381,0.7259,0.7444,0.732,0.4704,0.7975,0.769,
Train1Val_UniProt,center,bio_core_dna_prot_spliceai,nt_v3_650m,esm1v_650m,Pure_XGBoost_Concat,0.7352,0.7324,0.738,0.7324,0.7352,0.4704,0.8015,0.7825,
Train1Val_UniProt,cls,bio_core_prot_spliceai,,esm1v_650m,Pure_XGBoost_Concat,0.7352,0.7345,0.7334,0.7369,0.734,0.4704,0.7922,0.7701,
Train1Val_UniProt,cls,bio_core_dna_prot_spliceai,nt_v3_650m,esmc_600m,Pure_XGBoost_Concat,0.7352,0.7381,0.7259,0.7444,0.732,0.4704,0.7996,0.7817,
Train1Val_UniProt,mean,bio_core_dna_prot_spliceai,nt_v1_500m,esm2_650m,Pure_XGBoost_Concat,0.7352,0.7374,0.7274,0.7429,0.7324,0.4704,0.7945,0.7658,
Train1Val_UniProt,mean,dna_prot_spliceai,nt_v3_650m,esm1b_650m,Hybrid_Concat_XGBoost,0.7322,0.7766,0.6491,0.8146,0.7071,0.4704,0.792,0.7853,
Train1Val_UniProt,mean,bio_core_dna_prot_spliceai,nt_v2_500m,esm1b_650m,Hybrid_Concat_XGBoost,0.7352,0.7389,0.7244,0.7459,0.7316,0.4704,0.7997,0.7836,
Train1Val_UniProt,mean,bio_core_dna_prot_spliceai_geom,nt_v2_500m,esm1b_650m,Pure_XGBoost_Concat,0.7352,0.7352,0.7319,0.7384,0.7336,0.4704,0.7961,0.7673,dna_LVD_L2+dna_LVD_Cosine
Train1Val_UniProt,mean,bio_core_dna_prot_spliceai_geom,nt_v2_500m,esm1b_650m,Pure_XGBoost_Concat,0.7352,0.7389,0.7244,0.7459,0.7316,0.4704,0.7951,0.7677,dna_LLR+prot_LVD_L2+prot_LVD_Cosine
Train1Val_UniProt,mean,bio_core_dna_prot_spliceai_geom,nt_v2_500m,esm1b_650m,Pure_XGBoost_Concat,0.7307,0.7872,0.6295,0.8311,0.6996,0.4704,0.7998,0.7756,dna_LID+prot_LVD_L2+prot_LVD_Cosine
Train1Val_UniProt,mean,bio_core_dna_prot_spliceai_geom,nt_v2_500m,esm1b_650m,Pure_XGBoost_Concat,0.7352,0.7381,0.7259,0.7444,0.732,0.4704,0.7948,0.7725,dna_LLR+dna_LVD_L2+prot_LVD_L2+prot_LVD_Cosine
Train1Val_UniProt,mean,bio_core_dna_prot_spliceai_geom,nt_v2_500m,esm1b_650m,Pure_XGBoost_Concat,0.7299,0.7912,0.622,0.8371,0.6965,0.4702,0.7992,0.7768,dna_LLR+dna_LVD_Cosine+dna_LID
Train1Val_UniProt,mean,bio_core_dna_prot_spliceai_geom,nt_v2_500m,esm1b_650m,Pure_XGBoost_Concat,0.7299,0.7901,0.6235,0.8356,0.697,0.4699,0.8103,0.7802,dna_LLR+dna_LID+prot_LLR+prot_LVD_Cosine+prot_LID
Train1Val_UniProt,mean,bio_core_dna_prot,nt_v3_650m,esm1v_650m,PyTorch_Transformer,0.7337,0.7588,0.6822,0.7848,0.7185,0.4695,0.7917,0.764,
Train1Val_UniProt,mean,bio_core_dna_prot_spliceai,nt_v3_650m,esm2_650m,Hybrid_CrossAttn_XGBoost,0.7344,0.7233,0.756,0.713,0.7393,0.4694,0.7968,0.7654,
Train1Val_UniProt,cls,bio_core_dna_prot,nt_v3_650m,esm1v_650m,Hybrid_CrossAttn_XGBoost,0.7344,0.7259,0.75,0.719,0.7378,0.4692,0.7806,0.7494,
Train1Val_UniProt,mean,bio_core_dna_prot,nt_v3_650m,esm1v_650m,Hybrid_Gating_XGBoost,0.7344,0.7259,0.75,0.719,0.7378,0.4692,0.7886,0.764,
Train1Val_UniProt,cls,bio_core_dna_prot,nt_v2_500m,esm1v_650m,PyTorch_Transformer,0.7322,0.7707,0.6581,0.8057,0.71,0.4691,0.7925,0.7528,
Train1Val_UniProt,mean,bio_core_dna_prot,nt_v2_500m,esm1v_650m,Hybrid_CrossAttn_XGBoost,0.7344,0.7266,0.7485,0.7205,0.7374,0.4691,0.7907,0.7616,
Train1Val_UniProt,cls,bio_dna_prot,nt_v3_650m,esm1b_650m,Hybrid_Transformer_XGBoost,0.7344,0.7286,0.744,0.725,0.7362,0.469,0.7916,0.7703,
Train1Val_UniProt,mean,bio_core_dna_prot_spliceai,nt_v3_650m,esmc_600m,Hybrid_Concat_XGBoost,0.7344,0.7286,0.744,0.725,0.7362,0.469,0.7998,0.7817,
Train1Val_UniProt,mean,bio_core_dna_prot_spliceai_geom,nt_v2_500m,esm1b_650m,Pure_XGBoost_Concat,0.7299,0.7868,0.628,0.8311,0.6985,0.469,0.8079,0.7798,dna_LVD_L2+dna_LVD_Cosine+prot_LLR+prot_LVD_L2+prot_LID
Train1Val_UniProt,center,bio_core_prot_spliceai,,esm1b_650m,Hybrid_Concat_XGBoost,0.7344,0.7327,0.7349,0.7339,0.7338,0.4689,0.7985,0.7865,
Train1Val_UniProt,center,bio_core_dna_prot_spliceai,nt_v1_500m,esm1b_650m,Hybrid_Concat_XGBoost,0.7344,0.7348,0.7304,0.7384,0.7326,0.4689,0.8016,0.7971,
Train1Val_UniProt,center,bio_core_dna_prot_spliceai,nt_v1_500m,esm1b_650m,Hybrid_Transformer_XGBoost,0.7344,0.7307,0.7395,0.7294,0.735,0.4689,0.8038,0.7886,
Train1Val_UniProt,center,bio_core_dna_prot_spliceai,nt_v2_500m,esm1b_650m,Hybrid_Gating_XGBoost,0.7344,0.7363,0.7274,0.7414,0.7318,0.4689,0.7935,0.7751,
Train1Val_UniProt,center,bio_core_dna_prot,nt_v1_500m,esm1v_650m,Pure_XGBoost_Concat,0.7344,0.7313,0.738,0.7309,0.7346,0.4689,0.8023,0.7812,
Train1Val_UniProt,mean,bio_core_dna_prot_spliceai,nt_v3_650m,esm2_650m,Hybrid_Concat_XGBoost,0.7344,0.7348,0.7304,0.7384,0.7326,0.4689,0.7901,0.765,
Train1Val_UniProt,mean,bio_core_dna_prot,nt_v3_650m,esm1v_650m,Hybrid_Concat_XGBoost,0.7344,0.7307,0.7395,0.7294,0.735,0.4689,0.793,0.7706,
Train1Val_UniProt,mean,bio_core_dna_prot_spliceai_geom,nt_v2_500m,esm1b_650m,Pure_XGBoost_Concat,0.7344,0.7356,0.7289,0.7399,0.7322,0.4689,0.7965,0.7669,dna_LVD_L2+prot_LVD_Cosine
Train1Val_UniProt,mean,bio_core_dna_prot_spliceai_geom,nt_v2_500m,esm1b_650m,Pure_XGBoost_Concat,0.7344,0.7334,0.7334,0.7354,0.7334,0.4689,0.7963,0.7692,dna_LVD_L2+dna_LVD_Cosine+prot_LVD_L2+prot_LVD_Cosine
Train1Val_UniProt,mean,bio_core_dna_prot_spliceai_geom,nt_v2_500m,esm1b_650m,Pure_XGBoost_Concat,0.7299,0.7857,0.6295,0.8296,0.699,0.4688,0.8114,0.7823,dna_LVD_Cosine+dna_LID+prot_LLR+prot_LID
Train1Val_UniProt,cls,bio_core_dna_prot_spliceai,nt_v1_500m,esm1v_650m,PyTorch_Concat,0.7329,0.7619,0.6747,0.7907,0.7157,0.4687,0.789,0.7583,
Train1Val_UniProt,cls,bio_core_dna_prot,nt_v1_500m,esm1v_650m,PyTorch_CrossAttn,0.7337,0.7529,0.6928,0.7743,0.7216,0.4687,0.7862,0.7547,
Train1Val_UniProt,mean,bio_core_dna_prot_spliceai,nt_v2_500m,esm2_650m,PyTorch_Transformer,0.7337,0.7529,0.6928,0.7743,0.7216,0.4687,0.7974,0.7711,
Train1Val_UniProt,center,dna_prot,nt_v3_650m,esm1b_650m,Hybrid_Concat_XGBoost,0.7322,0.7679,0.6627,0.8012,0.7114,0.4685,0.7869,0.7858,
Train1Val_UniProt,cls,bio_dna_prot,nt_v3_650m,esm1b_650m,PyTorch_Concat,0.7329,0.761,0.6762,0.7892,0.7161,0.4685,0.7963,0.7756,
Train1Val_UniProt,mean,bio_core_dna_prot_spliceai_geom,nt_v2_500m,esm1b_650m,Pure_XGBoost_Concat,0.7284,0.7938,0.6145,0.8416,0.6927,0.4684,0.7992,0.7764,dna_LID+prot_LVD_L2
Train1Val_UniProt,mean,bio_core_dna_prot_spliceai,nt_v2_500m,esm1v_650m,PyTorch_Gating,0.7337,0.7464,0.7048,0.7623,0.725,0.468,0.7954,0.759,
Train1Val_UniProt,mean,bio_core_dna_prot,nt_v3_650m,esm1v_650m,PyTorch_Concat,0.7329,0.7575,0.6822,0.7833,0.7179,0.468,0.7902,0.7518,
Train1Val_UniProt,cls,bio_core_dna_prot_spliceai,nt_v2_500m,esm1v_650m,Hybrid_CrossAttn_XGBoost,0.7337,0.7242,0.7515,0.716,0.7376,0.4678,0.7766,0.7375,
Train1Val_UniProt,mean,bio_core_dna_prot,nt_v3_650m,esm1v_650m,PyTorch_CrossAttn,0.7329,0.7558,0.6852,0.7803,0.7188,0.4677,0.7915,0.7555,
Train1Val_UniProt,center,bio_core_dna_prot_spliceai,nt_v2_500m,esm2_650m,PyTorch_Transformer,0.7329,0.7541,0.6883,0.7773,0.7197,0.4675,0.8027,0.7783,
Train1Val_UniProt,mean,bio_core_dna_prot_spliceai,nt_v3_650m,esm1v_650m,Hybrid_Gating_XGBoost,0.7337,0.7275,0.744,0.7235,0.7357,0.4675,0.7943,0.7573,
Train1Val_UniProt,mean,bio_dna_prot,nt_v3_650m,esm1b_650m,Hybrid_Transformer_XGBoost,0.7337,0.7323,0.7334,0.7339,0.7329,0.4674,0.8065,0.7894,
Train1Val_UniProt,center,bio_core_dna_prot,nt_v3_650m,esm1v_650m,Pure_XGBoost_Concat,0.7337,0.7337,0.7304,0.7369,0.7321,0.4674,0.8001,0.7801,
Train1Val_UniProt,cls,bio_core_prot_spliceai,,esmc_600m,PyTorch_Concat,0.7337,0.7337,0.7304,0.7369,0.7321,0.4674,0.7986,0.7814,
Train1Val_UniProt,mean,bio_core_dna_prot_spliceai,nt_v3_650m,esmc_600m,Pure_XGBoost_Concat,0.7337,0.7352,0.7274,0.7399,0.7313,0.4674,0.8039,0.7949,
Train1Val_UniProt,mean,bio_core_dna_prot_spliceai_geom,nt_v2_500m,esm1b_650m,Pure_XGBoost_Concat,0.7337,0.7303,0.738,0.7294,0.7341,0.4674,0.7944,0.7651,dna_LVD_L2+prot_LVD_L2+prot_LVD_Cosine
Train1Val_UniProt,mean,bio_core_dna_prot_spliceai_geom,nt_v2_500m,esm1b_650m,Pure_XGBoost_Concat,0.7292,0.7853,0.628,0.8296,0.6979,0.4674,0.8051,0.781,prot_LLR+prot_LVD_L2+prot_LVD_Cosine+prot_LID
Train1Val_UniProt,mean,bio_core_dna_prot_spliceai_geom,nt_v2_500m,esm1b_650m,Pure_XGBoost_Concat,0.7292,0.7853,0.628,0.8296,0.6979,0.4674,0.8065,0.7807,dna_LLR+dna_LVD_L2+dna_LVD_Cosine+prot_LLR+prot_LVD_L2+prot_LVD_Cosine+prot_LID
Train1Val_UniProt,center,prot_spliceai,,esmc_600m,Hybrid_Concat_XGBoost,0.7314,0.7684,0.6596,0.8027,0.7099,0.4672,0.7853,0.7804,
Train1Val_UniProt,mean,bio_core_dna_prot_spliceai_geom,nt_v2_500m,esm1b_650m,Pure_XGBoost_Concat,0.7299,0.7794,0.6386,0.8206,0.702,0.4671,0.8063,0.7795,dna_LVD_Cosine+dna_LID+prot_LLR
Train1Val_UniProt,mean,bio_core_dna_prot_spliceai_geom,nt_v2_500m,esm1b_650m,Pure_XGBoost_Concat,0.7299,0.7794,0.6386,0.8206,0.702,0.4671,0.8071,0.7806,dna_LVD_Cosine+dna_LID+prot_LLR+prot_LVD_L2
Train1Val_UniProt,cls,bio_core_dna_prot_spliceai,nt_v2_500m,esm1b_650m,PyTorch_Concat,0.7322,0.7597,0.6762,0.7877,0.7155,0.467,0.7867,0.769,
Train1Val_UniProt,center,dna_prot,nt_v2_500m,esm1b_650m,Pure_XGBoost_Concat,0.7299,0.7784,0.6401,0.8191,0.7025,0.4669,0.7817,0.7736,
Train1Val_UniProt,mean,bio_core_dna_prot_spliceai_geom,nt_v2_500m,esm1b_650m,Pure_XGBoost_Concat,0.7284,0.7882,0.622,0.8341,0.6953,0.4669,0.8069,0.7754,dna_LVD_L2+prot_LLR+prot_LID
Train1Val_UniProt,mean,bio_core_dna_prot_spliceai_geom,nt_v2_500m,esm1b_650m,Pure_XGBoost_Concat,0.7284,0.7882,0.622,0.8341,0.6953,0.4669,0.806,0.7817,dna_LVD_Cosine+prot_LLR+prot_LVD_L2+prot_LVD_Cosine+prot_LID
Train1Val_UniProt,mean,bio_core_dna_prot,nt_v2_500m,esm1v_650m,PyTorch_CrossAttn,0.7329,0.7492,0.6973,0.7683,0.7223,0.4668,0.7901,0.7473,
Train1Val_UniProt,center,dna_prot,nt_v1_500m,esmc_600m,PyTorch_Transformer,0.7307,0.7718,0.6521,0.8087,0.7069,0.4667,0.7884,0.7837,
Train1Val_UniProt,cls,bio_core_dna_prot_spliceai,nt_v1_500m,esm1v_650m,PyTorch_Gating,0.7322,0.758,0.6792,0.7848,0.7164,0.4667,0.7831,0.7466,
Train1Val_UniProt,mean,bio_core_dna_prot_spliceai,nt_v3_650m,esm2_650m,PyTorch_Transformer,0.7329,0.746,0.7033,0.7623,0.724,0.4665,0.7943,0.7692,
Train1Val_UniProt,center,dna_prot_spliceai,nt_v3_650m,esm1b_650m,PyTorch_Gating,0.7269,0.7953,0.6084,0.8445,0.6894,0.4664,0.7978,0.7928,
Train1Val_UniProt,mean,bio_core_dna_prot_spliceai,nt_v1_500m,esm2_650m,Hybrid_Gating_XGBoost,0.7329,0.7219,0.7545,0.7115,0.7378,0.4664,0.7915,0.7538,
Train1Val_UniProt,mean,bio_core_dna_prot_spliceai,nt_v2_500m,esm2_650m,PyTorch_Concat,0.7329,0.7452,0.7048,0.7608,0.7245,0.4664,0.7986,0.7699,
Train1Val_UniProt,mean,bio_core_prot_spliceai,,esmc_600m,PyTorch_Concat,0.7329,0.7414,0.7123,0.7534,0.7266,0.4661,0.797,0.7791,
Train1Val_UniProt,mean,bio_core_dna_prot_spliceai,nt_v2_500m,esmc_600m,PyTorch_Concat,0.7329,0.7391,0.7169,0.7489,0.7278,0.466,0.7931,0.78,
Train1Val_UniProt,mean,bio_core_dna_prot_spliceai_geom,nt_v2_500m,esm1b_650m,Pure_XGBoost_Concat,0.7329,0.7384,0.7184,0.7474,0.7282,0.466,0.7941,0.7676,prot_LVD_Cosine
Train1Val_UniProt,mean,bio_core_dna_prot_spliceai_geom,nt_v2_500m,esm1b_650m,Pure_XGBoost_Concat,0.7292,0.78,0.6355,0.8221,0.7004,0.466,0.8086,0.7776,dna_LID+prot_LLR
Train1Val_UniProt,mean,bio_core_dna_prot_spliceai_geom,nt_v2_500m,esm1b_650m,Pure_XGBoost_Concat,0.7284,0.7849,0.6265,0.8296,0.6968,0.466,0.8097,0.7822,dna_LLR+dna_LVD_Cosine+prot_LLR+prot_LVD_L2+prot_LVD_Cosine+prot_LID
Train1Val_UniProt,center,bio_core_dna_prot_spliceai,nt_v3_650m,esm2_650m,Hybrid_Gating_XGBoost,0.7329,0.7292,0.738,0.728,0.7335,0.4659,0.8045,0.7803,
Train1Val_UniProt,center,dna_prot_spliceai,nt_v3_650m,esmc_600m,Hybrid_CrossAttn_XGBoost,0.7322,0.7529,0.6883,0.7758,0.7191,0.4659,0.7853,0.7793,
Train1Val_UniProt,center,dna_prot_spliceai,nt_v3_650m,esmc_600m,Hybrid_Transformer_XGBoost,0.7322,0.7529,0.6883,0.7758,0.7191,0.4659,0.7949,0.7902,
Train1Val_UniProt,mean,bio_core_prot_spliceai,,esm2_650m,Hybrid_Concat_XGBoost,0.7329,0.7319,0.7319,0.7339,0.7319,0.4659,0.7912,0.7598,
Train1Val_UniProt,mean,bio_core_dna_prot_spliceai,nt_v1_500m,esm1b_650m,Pure_XGBoost_Concat,0.7329,0.7355,0.7244,0.7414,0.7299,0.4659,0.7956,0.7722,
Train1Val_UniProt,mean,bio_core_dna_prot_spliceai,nt_v2_500m,esmc_600m,Hybrid_Transformer_XGBoost,0.7329,0.7285,0.7395,0.7265,0.7339,0.4659,0.7953,0.7703,
Train1Val_UniProt,mean,bio_core_dna_prot_spliceai_geom,nt_v2_500m,esm1b_650m,Pure_XGBoost_Concat,0.7329,0.7312,0.7334,0.7324,0.7323,0.4659,0.7977,0.7726,dna_LLR+prot_LVD_Cosine
Train1Val_UniProt,mean,dna_prot,nt_v1_500m,esm1b_650m,Hybrid_Gating_XGBoost,0.7307,0.768,0.6581,0.8027,0.7088,0.4658,0.7888,0.779,
Train1Val_UniProt,mean,bio_core_dna_prot,nt_v2_500m,esm1v_650m,PyTorch_Concat,0.7322,0.7521,0.6898,0.7743,0.7196,0.4658,0.7902,0.7424,
Train1Val_UniProt,mean,bio_core_dna_prot_spliceai_geom,nt_v2_500m,esm1b_650m,Pure_XGBoost_Concat,0.7284,0.7838,0.628,0.8281,0.6973,0.4657,0.8078,0.7789,dna_LID+prot_LLR+prot_LVD_L2+prot_LID
Train1Val_UniProt,mean,bio_core_dna_prot_spliceai_geom,nt_v2_500m,esm1b_650m,Pure_XGBoost_Concat,0.7284,0.7838,0.628,0.8281,0.6973,0.4657,0.8093,0.7878,dna_LLR+dna_LVD_L2+prot_LLR+prot_LVD_L2+prot_LVD_Cosine+prot_LID
Train1Val_UniProt,mean,bio_core_dna_prot_spliceai_geom,nt_v2_500m,esm1b_650m,Pure_XGBoost_Concat,0.7277,0.7878,0.6205,0.8341,0.6942,0.4655,0.808,0.78,dna_LLR+dna_LVD_Cosine+dna_LID+prot_LLR+prot_LVD_L2+prot_LVD_Cosine+prot_LID
Train1Val_UniProt,center,dna_prot,nt_v1_500m,esmc_600m,Hybrid_CrossAttn_XGBoost,0.7322,0.7488,0.6958,0.7683,0.7213,0.4654,0.7834,0.7765,
Train1Val_UniProt,center,bio_core_dna_prot_spliceai,nt_v1_500m,esm1v_650m,PyTorch_Gating,0.7322,0.7472,0.6988,0.7653,0.7222,0.4652,0.7999,0.7903,
Train1Val_UniProt,cls,bio_core_dna_prot,nt_v2_500m,esm1v_650m,PyTorch_Gating,0.7314,0.7576,0.6777,0.7848,0.7154,0.4652,0.7905,0.753,
Train1Val_UniProt,mean,dna_prot_spliceai,nt_v3_650m,esmc_600m,PyTorch_CrossAttn,0.7247,0.8037,0.5919,0.8565,0.6817,0.4652,0.7889,0.7827,
Train1Val_UniProt,mean,bio_core_dna_prot_spliceai_geom,nt_v2_500m,esm1b_650m,Pure_XGBoost_Concat,0.7277,0.7867,0.622,0.8326,0.6947,0.4652,0.8097,0.7854,dna_LVD_L2+dna_LVD_Cosine+dna_LID+prot_LLR+prot_LID
Train1Val_UniProt,mean,bio_core_dna_prot_spliceai_geom,nt_v2_500m,esm1b_650m,Pure_XGBoost_Concat,0.7277,0.7867,0.622,0.8326,0.6947,0.4652,0.8113,0.7848,dna_LLR+dna_LVD_L2+dna_LVD_Cosine+dna_LID+prot_LLR+prot_LID
Train1Val_UniProt,mean,dna_prot,nt_v3_650m,esmc_600m,PyTorch_Concat,0.7284,0.7817,0.631,0.8251,0.6983,0.4651,0.7913,0.7857,
Train1Val_UniProt,mean,bio_core_dna_prot,nt_v1_500m,esm1v_650m,PyTorch_Concat,0.7322,0.7464,0.7003,0.7638,0.7226,0.4651,0.7919,0.7573,
Train1Val_UniProt,mean,bio_core_dna_prot_spliceai_geom,nt_v2_500m,esm1b_650m,Pure_XGBoost_Concat,0.7284,0.7817,0.631,0.8251,0.6983,0.4651,0.8064,0.7805,dna_LID+prot_LLR+prot_LVD_L2+prot_LVD_Cosine+prot_LID
Train1Val_UniProt,mean,bio_core_dna_prot_spliceai_geom,nt_v2_500m,esm1b_650m,Pure_XGBoost_Concat,0.7269,0.7907,0.6145,0.8386,0.6915,0.465,0.798,0.7745,dna_LLR+dna_LVD_L2+dna_LID+prot_LVD_L2+prot_LVD_Cosine
Train1Val_UniProt,mean,bio_core_dna_prot_spliceai_geom,nt_v2_500m,esm1b_650m,Pure_XGBoost_Concat,0.7269,0.7907,0.6145,0.8386,0.6915,0.465,0.8083,0.7778,dna_LLR+dna_LVD_Cosine+dna_LID+prot_LLR+prot_LVD_Cosine+prot_LID
Train1Val_UniProt,center,bio_core_dna_prot_spliceai,nt_v2_500m,esm1b_650m,PyTorch_CrossAttn,0.7314,0.7559,0.6807,0.7818,0.7163,0.4649,0.797,0.7827,
Train1Val_UniProt,center,dna_prot,nt_v2_500m,esm1b_650m,Hybrid_CrossAttn_XGBoost,0.7314,0.7542,0.6837,0.7788,0.7172,0.4647,0.7916,0.7842,
Train1Val_UniProt,cls,bio_core_dna_prot_spliceai,nt_v1_500m,esm1v_650m,Hybrid_Transformer_XGBoost,0.7322,0.7234,0.7485,0.716,0.7358,0.4647,0.7825,0.7476,
Train1Val_UniProt,mean,dna_prot,nt_v3_650m,esmc_600m,PyTorch_Transformer,0.7262,0.7937,0.6084,0.843,0.6888,0.4646,0.7927,0.7882,
Train1Val_UniProt,center,bio_core_dna_prot_spliceai,nt_v3_650m,esm2_650m,Hybrid_Concat_XGBoost,0.7322,0.7267,0.741,0.7235,0.7338,0.4645,0.8037,0.7737,
Train1Val_UniProt,cls,bio_core_dna_prot,nt_v3_650m,esm1v_650m,Hybrid_Gating_XGBoost,0.7322,0.7261,0.7425,0.722,0.7342,0.4645,0.7886,0.7544,
Train1Val_UniProt,mean,bio_core_dna_prot_spliceai,nt_v3_650m,esm1b_650m,PyTorch_Gating,0.7292,0.774,0.6446,0.8132,0.7034,0.4645,0.8067,0.7842,
Train1Val_UniProt,mean,bio_prot,,esm1b_650m,Pure_XGBoost_Concat,0.7322,0.7336,0.7259,0.7384,0.7298,0.4644,0.7959,0.7711,
Train1Val_UniProt,center,bio_core_dna_prot_spliceai,nt_v3_650m,esm1b_650m,PyTorch_Concat,0.7307,0.7607,0.6702,0.7907,0.7126,0.4644,0.8067,0.7978,
Train1Val_UniProt,cls,bio_core_prot_spliceai,,esm2_650m,Pure_XGBoost_Concat,0.7322,0.7365,0.7199,0.7444,0.7281,0.4644,0.7878,0.761,
Train1Val_UniProt,mean,bio_core_dna_prot_spliceai_geom,nt_v2_500m,esm1b_650m,Pure_XGBoost_Concat,0.7322,0.7308,0.7319,0.7324,0.7314,0.4644,0.7953,0.774,dna_LLR+prot_LVD_L2
Train1Val_UniProt,mean,bio_core_dna_prot_spliceai_geom,nt_v2_500m,esm1b_650m,Pure_XGBoost_Concat,0.7269,0.7885,0.6175,0.8356,0.6926,0.4644,0.8068,0.78,dna_LLR+dna_LVD_L2+dna_LVD_Cosine+prot_LLR+prot_LVD_Cosine+prot_LID
Train1Val_UniProt,mean,bio_core_dna_prot_spliceai_geom,nt_v2_500m,esm1b_650m,Pure_XGBoost_Concat,0.7284,0.7786,0.6355,0.8206,0.6998,0.4643,0.8055,0.7743,dna_LLR+dna_LVD_L2+dna_LVD_Cosine+dna_LID+prot_LLR
Train1Val_UniProt,mean,bio_core_dna_prot_spliceai_geom,nt_v2_500m,esm1b_650m,Pure_XGBoost_Concat,0.7284,0.7786,0.6355,0.8206,0.6998,0.4643,0.8025,0.7787,dna_LLR+dna_LVD_L2+dna_LID+prot_LLR+prot_LVD_L2+prot_LVD_Cosine
Train1Val_UniProt,center,dna_prot_spliceai,nt_v3_650m,esm1b_650m,Hybrid_CrossAttn_XGBoost,0.7307,0.7598,0.6717,0.7892,0.713,0.4642,0.7908,0.7873,
Train1Val_UniProt,mean,bio_core_dna_prot_spliceai_geom,nt_v2_500m,esm1b_650m,Pure_XGBoost_Concat,0.7284,0.7776,0.637,0.8191,0.7003,0.4641,0.8049,0.7711,dna_LLR+dna_LVD_L2+dna_LID+prot_LLR
Train1Val_UniProt,center,bio_core_dna_prot_spliceai,nt_v1_500m,esm2_650m,PyTorch_Gating,0.7314,0.7492,0.6928,0.7698,0.7199,0.464,0.7996,0.7741,
Train1Val_UniProt,center,dna_prot_spliceai,nt_v2_500m,esmc_600m,PyTorch_Transformer,0.7262,0.7914,0.6114,0.8401,0.6899,0.464,0.7926,0.7825,
Train1Val_UniProt,mean,bio_core_dna_prot_spliceai_geom,nt_v2_500m,esm1b_650m,Pure_XGBoost_Concat,0.7277,0.7824,0.628,0.8266,0.6967,0.464,0.8071,0.7798,prot_LLR+prot_LVD_Cosine+prot_LID
Train1Val_UniProt,center,dna_prot,nt_v3_650m,esm1b_650m,Hybrid_CrossAttn_XGBoost,0.7299,0.7648,0.6611,0.7982,0.7092,0.4638,0.79,0.7868,
Train1Val_UniProt,mean,bio_dna_geom,nt_v3_650m,esm1b_650m,Pure_XGBoost_Concat,0.7269,0.7863,0.6205,0.8326,0.6936,0.4638,0.8058,0.7865,
Train1Val_UniProt,cls,bio_core_dna_prot_spliceai,nt_v2_500m,esm1b_650m,PyTorch_Transformer,0.7299,0.7648,0.6611,0.7982,0.7092,0.4638,0.795,0.7725,
Train1Val_UniProt,mean,bio_core_dna_prot_spliceai_geom,nt_v2_500m,esm1b_650m,Pure_XGBoost_Concat,0.7284,0.7766,0.6386,0.8176,0.7008,0.4638,0.8074,0.7783,dna_LLR+dna_LVD_Cosine+dna_LID+prot_LLR+prot_LID
Train1Val_UniProt,center,dna_prot_spliceai,nt_v2_500m,esm1b_650m,Hybrid_Transformer_XGBoost,0.7299,0.7639,0.6627,0.7967,0.7097,0.4637,0.7875,0.7886,
Train1Val_UniProt,mean,bio_core_dna_prot_spliceai_geom,nt_v2_500m,esm1b_650m,Pure_XGBoost_Concat,0.7262,0.7903,0.613,0.8386,0.6904,0.4637,0.7959,0.7743,dna_LID
Train1Val_UniProt,mean,bio_core_dna_prot_spliceai_geom,nt_v2_500m,esm1b_650m,Pure_XGBoost_Concat,0.7277,0.7813,0.6295,0.8251,0.6972,0.4637,0.8094,0.7852,dna_LLR+dna_LVD_Cosine+prot_LLR+prot_LVD_L2+prot_LID
Train1Val_UniProt,cls,bio_core_dna_prot,nt_v3_650m,esm1v_650m,Hybrid_Transformer_XGBoost,0.7314,0.7198,0.7545,0.7085,0.7368,0.4635,0.791,0.7552,
Train1Val_UniProt,mean,bio_core_dna_prot_spliceai_geom,nt_v2_500m,esm1b_650m,Pure_XGBoost_Concat,0.7277,0.7803,0.631,0.8236,0.6978,0.4635,0.8095,0.7853,dna_LVD_Cosine+prot_LLR+prot_LID
Train1Val_UniProt,mean,bio_core_dna_prot_spliceai_geom,nt_v2_500m,esm1b_650m,Pure_XGBoost_Concat,0.7269,0.7852,0.622,0.8311,0.6941,0.4635,0.8068,0.781,dna_LVD_L2+dna_LID+prot_LLR+prot_LID
Train1Val_UniProt,mean,bio_core_dna_prot_spliceai_geom,nt_v2_500m,esm1b_650m,Pure_XGBoost_Concat,0.7269,0.7852,0.622,0.8311,0.6941,0.4635,0.8085,0.7805,dna_LLR+dna_LVD_L2+dna_LID+prot_LLR+prot_LVD_L2+prot_LID
Train1Val_UniProt,cls,bio_core_dna_prot_spliceai,nt_v1_500m,esm1b_650m,Hybrid_Transformer_XGBoost,0.7314,0.7205,0.753,0.71,0.7364,0.4634,0.7911,0.7695,
Train1Val_UniProt,mean,bio_core_dna_prot_spliceai_geom,nt_v2_500m,esm1b_650m,Pure_XGBoost_Concat,0.7269,0.7841,0.6235,0.8296,0.6946,0.4632,0.8081,0.7845,dna_LVD_L2+prot_LLR+prot_LVD_L2+prot_LID
Train1Val_UniProt,cls,bio_core_dna_prot_spliceai,nt_v3_650m,esm1v_650m,Hybrid_Concat_XGBoost,0.7314,0.7237,0.7455,0.7175,0.7344,0.4631,0.7828,0.7477,
Train1Val_UniProt,cls,bio_core_dna_prot_spliceai,nt_v1_500m,esm1b_650m,Hybrid_Gating_XGBoost,0.7314,0.725,0.7425,0.7205,0.7336,0.463,0.7882,0.7639,
Train1Val_UniProt,cls,bio_core_dna_prot,nt_v3_650m,esm1v_650m,Hybrid_Concat_XGBoost,0.7314,0.725,0.7425,0.7205,0.7336,0.463,0.7841,0.7552,
Train1Val_UniProt,mean,bio_core_dna_prot_spliceai,nt_v3_650m,esm1v_650m,Pure_XGBoost_Concat,0.7314,0.7383,0.7139,0.7489,0.7259,0.463,0.7899,0.7676,
Train1Val_UniProt,mean,bio_core_dna_prot_spliceai_geom,nt_v2_500m,esm1b_650m,Pure_XGBoost_Concat,0.7262,0.7881,0.616,0.8356,0.6915,0.463,0.808,0.7829,dna_LVD_L2+dna_LID+prot_LLR+prot_LVD_Cosine+prot_LID
Train1Val_UniProt,cls,bio_prot,,esm1b_650m,Hybrid_Concat_XGBoost,0.7314,0.7277,0.7364,0.7265,0.732,0.4629,0.7919,0.7725,
Train1Val_UniProt,cls,bio_prot,,esm1b_650m,Hybrid_Concat_XGBoost,0.7314,0.7277,0.7364,0.7265,0.732,0.4629,0.7919,0.7725,
Train1Val_UniProt,cls,bio_core_dna_prot_spliceai,nt_v2_500m,esmc_600m,Hybrid_CrossAttn_XGBoost,0.7314,0.7297,0.7319,0.7309,0.7308,0.4629,0.786,0.7603,
Train1Val_UniProt,mean,bio_core_dna_prot_spliceai,nt_v2_500m,esmc_600m,Hybrid_CrossAttn_XGBoost,0.7314,0.7332,0.7244,0.7384,0.7288,0.4629,0.792,0.7775,
Train1Val_UniProt,mean,bio_core_dna_prot_spliceai_geom,nt_v2_500m,esm1b_650m,Pure_XGBoost_Concat,0.7269,0.783,0.625,0.8281,0.6951,0.4629,0.8066,0.7827,dna_LLR+dna_LVD_L2+dna_LVD_Cosine+prot_LLR+prot_LVD_L2+prot_LID
Train1Val_UniProt,cls,bio_core_dna_prot,nt_v3_650m,esm1v_650m,PyTorch_CrossAttn,0.7307,0.7504,0.6883,0.7728,0.718,0.4628,0.7816,0.7475,
Train1Val_UniProt,mean,bio_dna_geom_prot,nt_v3_650m,esm1b_650m,Pure_XGBoost_Concat,0.7262,0.7869,0.6175,0.8341,0.692,0.4627,0.8098,0.7876,
Train1Val_UniProt,mean,bio_core_dna_prot_spliceai_geom,nt_v2_500m,esm1b_650m,Pure_XGBoost_Concat,0.7277,0.7772,0.6355,0.8191,0.6993,0.4627,0.8068,0.7729,dna_LVD_L2+dna_LID+prot_LLR+prot_LVD_L2
Train1Val_UniProt,mean,bio_core_dna_prot_spliceai_geom,nt_v2_500m,esm1b_650m,Pure_XGBoost_Concat,0.7262,0.7869,0.6175,0.8341,0.692,0.4627,0.8098,0.7866,dna_LVD_Cosine+prot_LLR+prot_LVD_L2+prot_LID
Train1Val_UniProt,center,dna_prot_spliceai,nt_v3_650m,esm1b_650m,PyTorch_CrossAttn,0.7254,0.791,0.6099,0.8401,0.6888,0.4626,0.7977,0.7888,
Train1Val_UniProt,mean,dna_prot_spliceai,nt_v1_500m,esm1b_650m,PyTorch_Transformer,0.7254,0.791,0.6099,0.8401,0.6888,0.4626,0.7929,0.777,
Train1Val_UniProt,mean,bio_core_dna_prot_spliceai_geom,nt_v2_500m,esm1b_650m,Pure_XGBoost_Concat,0.7269,0.782,0.6265,0.8266,0.6957,0.4626,0.8116,0.7853,dna_LVD_Cosine+dna_LID+prot_LLR+prot_LVD_L2+prot_LID
Train1Val_UniProt,mean,bio_core_dna_prot_spliceai_geom,nt_v2_500m,esm1b_650m,Pure_XGBoost_Concat,0.7262,0.7859,0.619,0.8326,0.6925,0.4624,0.8098,0.7845,dna_LLR+dna_LVD_Cosine+prot_LLR+prot_LID
Train1Val_UniProt,mean,bio_core_dna_prot_spliceai_geom,nt_v2_500m,esm1b_650m,Pure_XGBoost_Concat,0.7262,0.7859,0.619,0.8326,0.6925,0.4624,0.7999,0.776,dna_LLR+dna_LID+prot_LVD_L2+prot_LVD_Cosine
Train1Val_UniProt,mean,bio_core_dna_prot_spliceai_geom,nt_v2_500m,esm1b_650m,Pure_XGBoost_Concat,0.7262,0.7859,0.619,0.8326,0.6925,0.4624,0.8086,0.7813,dna_LVD_L2+dna_LVD_Cosine+dna_LID+prot_LLR+prot_LVD_Cosine+prot_LID
Train1Val_UniProt,mean,bio_core_dna_prot_spliceai_geom,nt_v2_500m,esm1b_650m,Pure_XGBoost_Concat,0.7269,0.7809,0.628,0.8251,0.6962,0.4623,0.807,0.7768,dna_LLR+dna_LVD_L2+dna_LVD_Cosine+dna_LID+prot_LLR+prot_LVD_L2+prot_LVD_Cosine
Train1Val_UniProt,center,dna_prot,nt_v3_650m,esmc_600m,Hybrid_Transformer_XGBoost,0.7299,0.755,0.6777,0.7818,0.7143,0.4621,0.786,0.7819,
Train1Val_UniProt,mean,bio_core_dna_prot_spliceai_geom,nt_v2_500m,esm1b_650m,Pure_XGBoost_Concat,0.7269,0.7799,0.6295,0.8236,0.6967,0.4621,0.806,0.7798,dna_LID+prot_LLR+prot_LVD_L2
Train1Val_UniProt,mean,bio_core_dna_prot_spliceai_geom,nt_v2_500m,esm1b_650m,Pure_XGBoost_Concat,0.7269,0.7799,0.6295,0.8236,0.6967,0.4621,0.8089,0.7849,dna_LLR+dna_LID+prot_LLR+prot_LID
Train1Val_UniProt,mean,bio_core_dna_prot_spliceai_geom,nt_v2_500m,esm1b_650m,Pure_XGBoost_Concat,0.7262,0.7848,0.6205,0.8311,0.693,0.4621,0.8104,0.7829,dna_LVD_L2+dna_LVD_Cosine+prot_LLR+prot_LID
Train1Val_UniProt,mean,bio_core_dna_prot_spliceai_geom,nt_v2_500m,esm1b_650m,Pure_XGBoost_Concat,0.7262,0.7848,0.6205,0.8311,0.693,0.4621,0.8088,0.7828,dna_LLR+dna_LVD_L2+prot_LLR+prot_LVD_L2+prot_LID
Train1Val_UniProt,cls,bio_core_dna_prot,nt_v2_500m,esm1v_650m,Hybrid_Transformer_XGBoost,0.7307,0.7194,0.753,0.7085,0.7358,0.462,0.7849,0.7551,
Train1Val_UniProt,mean,bio_core_dna_prot_spliceai_geom,nt_v2_500m,esm1b_650m,Pure_XGBoost_Concat,0.7277,0.7741,0.6401,0.8146,0.7007,0.4619,0.8048,0.7792,dna_LVD_L2+dna_LID+prot_LLR
Train1Val_UniProt,center,dna_prot_spliceai,nt_v1_500m,esm1b_650m,Pure_XGBoost_Concat,0.7277,0.7731,0.6416,0.8132,0.7012,0.4617,0.7881,0.7829,
Train1Val_UniProt,mean,dna_prot_spliceai,nt_v3_650m,esmc_600m,PyTorch_Concat,0.7232,0.8004,0.5919,0.8535,0.6805,0.4617,0.7908,0.7868,
Train1Val_UniProt,center,dna_prot,nt_v3_650m,esmc_600m,PyTorch_Gating,0.7247,0.7917,0.6069,0.8416,0.6871,0.4616,0.7884,0.781,
Train1Val_UniProt,mean,dna_prot,nt_v2_500m,esm1b_650m,PyTorch_Concat,0.7254,0.7876,0.6145,0.8356,0.6904,0.4616,0.7947,0.7811,
Train1Val_UniProt,mean,dna_prot,nt_v2_500m,esm1b_650m,Hybrid_Transformer_XGBoost,0.7284,0.7668,0.6536,0.8027,0.7057,0.4616,0.7964,0.7859,
Train1Val_UniProt,mean,bio_core_dna_prot_spliceai_geom,nt_v2_500m,esm1b_650m,Pure_XGBoost_Concat,0.7254,0.7876,0.6145,0.8356,0.6904,0.4616,0.7989,0.7762,dna_LLR+dna_LID+prot_LVD_L2
Train1Val_UniProt,mean,bio_core_dna_prot_spliceai_geom,nt_v2_500m,esm1b_650m,Pure_XGBoost_Concat,0.7254,0.7876,0.6145,0.8356,0.6904,0.4616,0.8002,0.7789,dna_LLR+dna_LVD_L2+dna_LVD_Cosine+dna_LID
Train1Val_UniProt,mean,bio_core_dna_prot_spliceai_geom,nt_v2_500m,esm1b_650m,Pure_XGBoost_Concat,0.7254,0.7876,0.6145,0.8356,0.6904,0.4616,0.8112,0.7803,dna_LVD_L2+dna_LID+prot_LLR+prot_LVD_L2+prot_LVD_Cosine+prot_LID
Train1Val_UniProt,mean,bio_core_dna_prot_spliceai,nt_v1_500m,esm1v_650m,Hybrid_Gating_XGBoost,0.7307,0.7253,0.7395,0.722,0.7323,0.4615,0.7859,0.755,
Train1Val_UniProt,mean,bio_core_dna_prot_spliceai,nt_v2_500m,esm2_650m,Hybrid_Transformer_XGBoost,0.7307,0.7253,0.7395,0.722,0.7323,0.4615,0.7956,0.766,
Train1Val_UniProt,mean,bio_core_dna_prot_spliceai_geom,nt_v2_500m,esm1b_650m,Pure_XGBoost_Concat,0.7269,0.7778,0.6325,0.8206,0.6977,0.4615,0.808,0.7798,dna_LLR+dna_LVD_Cosine+dna_LID+prot_LLR+prot_LVD_L2
Train1Val_UniProt,cls,bio_core_dna_prot_spliceai,nt_v1_500m,esm1b_650m,PyTorch_Transformer,0.7292,0.759,0.6687,0.7892,0.711,0.4614,0.7943,0.7775,
Train1Val_UniProt,cls,bio_core_dna_prot,nt_v1_500m,esm1v_650m,Hybrid_Gating_XGBoost,0.7307,0.7266,0.7364,0.725,0.7315,0.4614,0.7864,0.7564,
Train1Val_UniProt,cls,bio_core_dna_prot,nt_v2_500m,esm1v_650m,Pure_XGBoost_Concat,0.7307,0.735,0.7184,0.7429,0.7266,0.4614,0.7909,0.7594,
Train1Val_UniProt,mean,bio_core_dna_prot_spliceai,nt_v1_500m,esm1v_650m,PyTorch_CrossAttn,0.7307,0.73,0.7289,0.7324,0.7295,0.4614,0.7862,0.7498,
Train1Val_UniProt,mean,bio_core_dna_prot_spliceai,nt_v1_500m,esm2_650m,Hybrid_Concat_XGBoost,0.7307,0.7321,0.7244,0.7369,0.7282,0.4614,0.7934,0.7719,
Train1Val_UniProt,mean,bio_core_dna_prot_spliceai,nt_v1_500m,esmc_600m,Hybrid_Concat_XGBoost,0.7307,0.7266,0.7364,0.725,0.7315,0.4614,0.7945,0.778,
Train1Val_UniProt,mean,bio_core_dna_prot_spliceai_geom,nt_v2_500m,esm1b_650m,Pure_XGBoost_Concat,0.7307,0.7314,0.7259,0.7354,0.7286,0.4614,0.7957,0.771,dna_LLR+dna_LVD_Cosine+prot_LVD_L2+prot_LVD_Cosine
Train1Val_UniProt,center,dna_prot_spliceai,nt_v3_650m,esmc_600m,PyTorch_Concat,0.7254,0.7865,0.616,0.8341,0.6909,0.4613,0.7925,0.7889,
Train1Val_UniProt,mean,bio_core_dna_prot_spliceai_geom,nt_v2_500m,esm1b_650m,Pure_XGBoost_Concat,0.7254,0.7865,0.616,0.8341,0.6909,0.4613,0.7959,0.7737,dna_LVD_L2+dna_LID
Train1Val_UniProt,mean,bio_core_dna_prot_spliceai_geom,nt_v2_500m,esm1b_650m,Pure_XGBoost_Concat,0.7269,0.7768,0.634,0.8191,0.6982,0.4613,0.8086,0.7817,dna_LID+prot_LLR+prot_LVD_L2+prot_LVD_Cosine
Train1Val_UniProt,mean,prot_spliceai,,esmc_600m,PyTorch_Concat,0.7239,0.7948,0.6009,0.846,0.6844,0.4612,0.7924,0.7864,
Train1Val_UniProt,mean,dna_prot,nt_v1_500m,esm1b_650m,PyTorch_CrossAttn,0.7224,0.8025,0.5873,0.8565,0.6783,0.4611,0.8011,0.7908,
Train1Val_UniProt,mean,bio_core_dna_prot,nt_v1_500m,esm1v_650m,PyTorch_Transformer,0.7299,0.7484,0.6898,0.7698,0.7179,0.4611,0.7926,0.7517,
Train1Val_UniProt,mean,dna_prot_spliceai,nt_v3_650m,esm1b_650m,Hybrid_Gating_XGBoost,0.7284,0.764,0.6581,0.7982,0.7071,0.461,0.7932,0.7727,
Train1Val_UniProt,mean,bio_core_dna_prot_spliceai_geom,nt_v2_500m,esm1b_650m,Pure_XGBoost_Concat,0.7254,0.7854,0.6175,0.8326,0.6914,0.461,0.7991,0.775,dna_LLR+dna_LVD_Cosine+dna_LID+prot_LVD_L2+prot_LVD_Cosine
Train1Val_UniProt,mean,bio_core_dna_prot_spliceai_geom,nt_v2_500m,esm1b_650m,Pure_XGBoost_Concat,0.7269,0.7757,0.6355,0.8176,0.6987,0.461,0.8077,0.7792,dna_LVD_Cosine+dna_LID+prot_LLR+prot_LVD_L2+prot_LVD_Cosine
Train1Val_UniProt,mean,bio_core_dna_prot_spliceai_geom,nt_v2_500m,esm1b_650m,Pure_XGBoost_Concat,0.7254,0.7844,0.619,0.8311,0.6919,0.4607,0.8095,0.7848,dna_LLR+dna_LVD_Cosine+prot_LLR+prot_LVD_Cosine+prot_LID
Train1Val_UniProt,mean,bio_core_dna_prot_spliceai_geom,nt_v2_500m,esm1b_650m,Pure_XGBoost_Concat,0.7262,0.7794,0.628,0.8236,0.6956,0.4607,0.8079,0.7788,dna_LLR+dna_LVD_L2+dna_LVD_Cosine+dna_LID+prot_LLR+prot_LVD_Cosine+prot_LID
Train1Val_UniProt,center,dna_prot,nt_v3_650m,esm2_650m,Hybrid_Concat_XGBoost,0.7277,0.7673,0.6506,0.8042,0.7042,0.4604,0.7852,0.7748,
Train1Val_UniProt,mean,dna_prot_spliceai,nt_v3_650m,esm1b_650m,Hybrid_CrossAttn_XGBoost,0.7284,0.7612,0.6627,0.7937,0.7085,0.4604,0.7912,0.7782,
Train1Val_UniProt,mean,bio_core_dna_prot_spliceai_geom,nt_v2_500m,esm1b_650m,Pure_XGBoost_Concat,0.7262,0.7784,0.6295,0.8221,0.6961,0.4604,0.807,0.7759,dna_LVD_L2+dna_LID+prot_LLR+prot_LVD_Cosine
Train1Val_UniProt,mean,bio_core_dna_prot_spliceai_geom,nt_v2_500m,esm1b_650m,Pure_XGBoost_Concat,0.7254,0.7833,0.6205,0.8296,0.6924,0.4604,0.7963,0.7745,dna_LVD_Cosine+dna_LID+prot_LVD_L2+prot_LVD_Cosine
Train1Val_UniProt,cls,bio_core_dna_prot_spliceai,nt_v3_650m,esm1v_650m,PyTorch_CrossAttn,0.7299,0.739,0.7078,0.7519,0.7231,0.4602,0.7824,0.7446,
Train1Val_UniProt,cls,bio_core_dna_prot_spliceai,nt_v3_650m,esmc_600m,PyTorch_Gating,0.7292,0.7521,0.6807,0.7773,0.7146,0.4602,0.79,0.7719,
Train1Val_UniProt,mean,prot_spliceai,,esm1b_650m,Hybrid_Concat_XGBoost,0.7277,0.7664,0.6521,0.8027,0.7046,0.4602,0.7898,0.7764,
Train1Val_UniProt,mean,bio_core_dna_prot_spliceai,nt_v1_500m,esm1v_650m,Hybrid_Concat_XGBoost,0.7299,0.7209,0.747,0.713,0.7337,0.4602,0.7858,0.753,
Train1Val_UniProt,mean,bio_core_dna_prot_spliceai_geom,nt_v2_500m,esm1b_650m,Pure_XGBoost_Concat,0.7262,0.7774,0.631,0.8206,0.6966,0.4601,0.8064,0.7764,dna_LLR+dna_LID+prot_LLR
Train1Val_UniProt,mean,bio_core_dna_prot_spliceai_geom,nt_v2_500m,esm1b_650m,Pure_XGBoost_Concat,0.7262,0.7774,0.631,0.8206,0.6966,0.4601,0.8045,0.7777,dna_LVD_L2+dna_LVD_Cosine+dna_LID+prot_LLR+prot_LVD_Cosine
Train1Val_UniProt,cls,bio_core_dna_prot_spliceai,nt_v1_500m,esm1v_650m,Pure_XGBoost_Concat,0.7299,0.7353,0.7154,0.7444,0.7252,0.46,0.7859,0.7624,
Train1Val_UniProt,mean,bio_core_dna_prot_spliceai,nt_v2_500m,esm1v_650m,Hybrid_Concat_XGBoost,0.7299,0.7235,0.741,0.719,0.7321,0.46,0.7851,0.7509,
Train1Val_UniProt,center,prot_spliceai,,esm1b_650m,Hybrid_Concat_XGBoost,0.7284,0.7586,0.6672,0.7892,0.7099,0.4599,0.7873,0.7882,
Train1Val_UniProt,mean,bio_core_dna_prot_spliceai,nt_v1_500m,esm1v_650m,Pure_XGBoost_Concat,0.7299,0.731,0.7244,0.7354,0.7277,0.4599,0.7844,0.7579,
Train1Val_UniProt,mean,bio_core_dna_prot_spliceai,nt_v2_500m,esm1v_650m,PyTorch_Transformer,0.7299,0.7275,0.7319,0.728,0.7297,0.4599,0.7874,0.7543,
Train1Val_UniProt,mean,bio_core_dna_prot,nt_v3_650m,esm1v_650m,Pure_XGBoost_Concat,0.7299,0.731,0.7244,0.7354,0.7277,0.4599,0.7911,0.7683,
Train1Val_UniProt,mean,bio_core_dna_prot_spliceai_geom,nt_v2_500m,esm1b_650m,Pure_XGBoost_Concat,0.7262,0.7763,0.6325,0.8191,0.6971,0.4599,0.8081,0.7791,dna_LLR+dna_LID+prot_LLR+prot_LVD_L2+prot_LVD_Cosine
Train1Val_UniProt,center,dna_prot,nt_v3_650m,esmc_600m,Pure_XGBoost_Concat,0.7269,0.7698,0.6446,0.8087,0.7016,0.4596,0.7797,0.7738,
Train1Val_UniProt,mean,bio_core_dna_prot_spliceai_geom,nt_v2_500m,esm1b_650m,Pure_XGBoost_Concat,0.7262,0.7753,0.634,0.8176,0.6976,0.4596,0.8076,0.7814,dna_LLR+dna_LVD_Cosine+dna_LID+prot_LLR
Train1Val_UniProt,mean,bio_core_dna_prot_spliceai_geom,nt_v2_500m,esm1b_650m,Pure_XGBoost_Concat,0.7247,0.785,0.616,0.8326,0.6903,0.4596,0.8077,0.7822,dna_LLR+dna_LVD_L2+dna_LID+prot_LLR+prot_LID
Train1Val_UniProt,mean,bio_core_dna_prot_spliceai_geom,nt_v2_500m,esm1b_650m,Pure_XGBoost_Concat,0.7262,0.7753,0.634,0.8176,0.6976,0.4596,0.8041,0.7813,dna_LVD_L2+dna_LID+prot_LLR+prot_LVD_L2+prot_LVD_Cosine
Train1Val_UniProt,mean,bio_core_dna_prot_spliceai_geom,nt_v2_500m,esm1b_650m,Pure_XGBoost_Concat,0.7247,0.785,0.616,0.8326,0.6903,0.4596,0.8087,0.7807,dna_LVD_L2+dna_LVD_Cosine+dna_LID+prot_LLR+prot_LVD_L2+prot_LVD_Cosine+prot_LID
Train1Val_UniProt,center,dna_prot_spliceai,nt_v3_650m,esm2_650m,Hybrid_CrossAttn_XGBoost,0.7292,0.7463,0.6913,0.7668,0.7177,0.4595,0.7865,0.7719,
Train1Val_UniProt,cls,bio_core_prot_spliceai,,esm1b_650m,PyTorch_Concat,0.7284,0.7551,0.6732,0.7833,0.7118,0.4593,0.7954,0.7775,
Train1Val_UniProt,mean,bio_core_dna_prot_spliceai_geom,nt_v2_500m,esm1b_650m,Pure_XGBoost_Concat,0.7247,0.7839,0.6175,0.8311,0.6908,0.4593,0.7977,0.7691,dna_LLR+dna_LVD_Cosine+dna_LID+prot_LVD_Cosine
Train1Val_UniProt,mean,bio_core_dna_prot_spliceai_geom,nt_v2_500m,esm1b_650m,Pure_XGBoost_Concat,0.7254,0.779,0.6265,0.8236,0.6945,0.4593,0.8072,0.7847,dna_LLR+prot_LLR+prot_LVD_Cosine+prot_LID
Train1Val_UniProt,cls,bio_dna_prot,nt_v3_650m,esm1b_650m,PyTorch_Gating,0.7277,0.7617,0.6596,0.7952,0.707,0.4592,0.7927,0.7629,
Train1Val_UniProt,mean,bio_core_dna_prot_spliceai_geom,nt_v2_500m,esm1b_650m,Pure_XGBoost_Concat,0.7239,0.7879,0.6099,0.8371,0.6876,0.4592,0.7983,0.7725,dna_LVD_Cosine+dna_LID
Train1Val_UniProt,mean,bio_core_dna_prot_spliceai_geom,nt_v2_500m,esm1b_650m,Pure_XGBoost_Concat,0.7262,0.7733,0.637,0.8146,0.6986,0.4591,0.8057,0.7781,dna_LLR+dna_LVD_L2+dna_LVD_Cosine+dna_LID+prot_LLR+prot_LVD_Cosine
Train1Val_UniProt,mean,bio_core_dna_prot_spliceai_geom,nt_v2_500m,esm1b_650m,Pure_XGBoost_Concat,0.7247,0.7829,0.619,0.8296,0.6913,0.459,0.7991,0.7744,dna_LVD_L2+dna_LID+prot_LVD_Cosine
Train1Val_UniProt,mean,bio_core_dna_prot_spliceai_geom,nt_v2_500m,esm1b_650m,Pure_XGBoost_Concat,0.7254,0.778,0.628,0.8221,0.695,0.459,0.8056,0.7771,dna_LLR+dna_LVD_Cosine+dna_LID+prot_LLR+prot_LVD_Cosine
Train1Val_UniProt,center,dna_prot,nt_v3_650m,esm1v_650m,Hybrid_Concat_XGBoost,0.7284,0.7525,0.6777,0.7788,0.7132,0.4589,0.7924,0.7811,
Train1Val_UniProt,mean,bio_core_dna_prot_spliceai_geom,nt_v2_500m,esm1b_650m,Pure_XGBoost_Concat,0.7262,0.7723,0.6386,0.8132,0.6991,0.4589,0.8052,0.7786,dna_LLR+dna_LID+prot_LLR+prot_LVD_Cosine
Train1Val_UniProt,mean,bio_core_dna_prot_spliceai_geom,nt_v2_500m,esm1b_650m,Pure_XGBoost_Concat,0.7239,0.7868,0.6114,0.8356,0.6881,0.4589,0.7957,0.7742,dna_LVD_L2+dna_LVD_Cosine+dna_LID+prot_LVD_Cosine
Train1Val_UniProt,mean,dna_prot,nt_v1_500m,esm1b_650m,Hybrid_Transformer_XGBoost,0.7277,0.7599,0.6627,0.7922,0.708,0.4588,0.7936,0.781,
Train1Val_UniProt,mean,dna_prot,nt_v3_650m,esm1b_650m,Hybrid_Concat_XGBoost,0.7269,0.766,0.6506,0.8027,0.7036,0.4587,0.7894,0.7791,
Train1Val_UniProt,center,dna_prot_spliceai,nt_v3_650m,esm1v_650m,Hybrid_Transformer_XGBoost,0.7284,0.7508,0.6807,0.7758,0.7141,0.4587,0.7871,0.773,
Train1Val_UniProt,mean,bio_core_dna_prot_spliceai,nt_v3_650m,esm1v_650m,PyTorch_Transformer,0.7284,0.7508,0.6807,0.7758,0.7141,0.4587,0.7849,0.752,
Train1Val_UniProt,mean,bio_core_dna_prot_spliceai_geom,nt_v2_500m,esm1b_650m,Pure_XGBoost_Concat,0.7247,0.7818,0.6205,0.8281,0.6919,0.4587,0.806,0.7814,dna_LLR+dna_LVD_L2+prot_LLR+prot_LID
Train1Val_UniProt,cls,bio_core_dna_prot_spliceai,nt_v3_650m,esm2_650m,PyTorch_Transformer,0.7292,0.7363,0.7108,0.7474,0.7234,0.4586,0.7845,0.7592,
Train1Val_UniProt,cls,bio_core_dna_prot_spliceai,nt_v2_500m,esm1v_650m,Hybrid_Gating_XGBoost,0.7292,0.7218,0.7425,0.716,0.732,0.4586,0.7793,0.746,
Train1Val_UniProt,mean,dna_prot_spliceai,nt_v3_650m,esm1b_650m,PyTorch_CrossAttn,0.7202,0.8063,0.5768,0.8625,0.6725,0.4586,0.8041,0.7899,
Train1Val_UniProt,mean,dna_prot,nt_v1_500m,esm1b_650m,Hybrid_CrossAttn_XGBoost,0.7277,0.7581,0.6657,0.7892,0.7089,0.4585,0.7882,0.7801,
Train1Val_UniProt,cls,bio_core_dna_prot,nt_v3_650m,esm1v_650m,Pure_XGBoost_Concat,0.7292,0.7349,0.7139,0.7444,0.7242,0.4585,0.788,0.763,
Train1Val_UniProt,mean,bio_core_dna_prot_spliceai_geom,nt_v2_500m,esm1b_650m,Pure_XGBoost_Concat,0.7292,0.7342,0.7154,0.7429,0.7246,0.4585,0.7968,0.7764,dna_LLR+dna_LVD_L2
Train1Val_UniProt,cls,bio_core_prot_spliceai,,esm1b_650m,Hybrid_Concat_XGBoost,0.7292,0.732,0.7199,0.7384,0.7259,0.4584,0.7955,0.7717,
Train1Val_UniProt,cls,bio_core_dna_prot_spliceai,nt_v3_650m,esm1b_650m,Pure_XGBoost_Concat,0.7292,0.7313,0.7214,0.7369,0.7263,0.4584,0.7894,0.7654,
Train1Val_UniProt,cls,bio_core_dna_prot_spliceai,nt_v2_500m,esm1b_650m,Hybrid_Concat_XGBoost,0.7292,0.7306,0.7229,0.7354,0.7267,0.4584,0.7876,0.7652,
Train1Val_UniProt,mean,bio_core_dna_prot_spliceai,nt_v3_650m,esm2_650m,Hybrid_Transformer_XGBoost,0.7292,0.7271,0.7304,0.728,0.7288,0.4584,0.793,0.7651,
Train1Val_UniProt,mean,bio_core_dna_prot_spliceai,nt_v2_500m,esm1v_650m,Pure_XGBoost_Concat,0.7292,0.7278,0.7289,0.7294,0.7284,0.4584,0.7899,0.7711,
Train1Val_UniProt,center,dna_prot,nt_v3_650m,esmc_600m,Hybrid_Gating_XGBoost,0.7269,0.7641,0.6536,0.7997,0.7045,0.4583,0.7878,0.7814,
Train1Val_UniProt,mean,bio_core_dna_prot_spliceai_geom,nt_v2_500m,esm1b_650m,Pure_XGBoost_Concat,0.7239,0.7846,0.6145,0.8326,0.6892,0.4582,0.7999,0.7737,dna_LVD_Cosine+dna_LID+prot_LVD_L2
Train1Val_UniProt,mean,bio_core_dna_prot_spliceai,nt_v1_500m,esm1v_650m,PyTorch_Concat,0.7284,0.7467,0.6883,0.7683,0.7163,0.4581,0.7875,0.7489,
Train1Val_UniProt,center,dna_prot,nt_v2_500m,esmc_600m,Hybrid_Concat_XGBoost,0.7277,0.7555,0.6702,0.7848,0.7103,0.458,0.7845,0.7814,
Train1Val_UniProt,mean,dna_prot,nt_v1_500m,esm1b_650m,Hybrid_Concat_XGBoost,0.7262,0.7684,0.6446,0.8072,0.7011,0.458,0.7923,0.781,
Train1Val_UniProt,cls,bio_core_dna_prot_spliceai,nt_v3_650m,esm1b_650m,PyTorch_Concat,0.7269,0.7622,0.6566,0.7967,0.7055,0.458,0.7968,0.7722,
Train1Val_UniProt,mean,bio_core_dna_prot_spliceai_geom,nt_v2_500m,esm1b_650m,Pure_XGBoost_Concat,0.7254,0.7739,0.634,0.8161,0.697,0.458,0.806,0.7772,dna_LVD_Cosine+dna_LID+prot_LLR+prot_LVD_Cosine
Train1Val_UniProt,mean,bio_core_dna_prot_spliceai_geom,nt_v2_500m,esm1b_650m,Pure_XGBoost_Concat,0.7254,0.7739,0.634,0.8161,0.697,0.458,0.8074,0.7826,dna_LLR+dna_LVD_L2+dna_LID+prot_LLR+prot_LVD_L2
Train1Val_UniProt,cls,bio_core_dna_prot_spliceai,nt_v3_650m,esm1b_650m,PyTorch_Gating,0.7277,0.7547,0.6717,0.7833,0.7108,0.4579,0.7935,0.7637,
Train1Val_UniProt,mean,bio_core_dna_prot_spliceai_geom,nt_v2_500m,esm1b_650m,Pure_XGBoost_Concat,0.7247,0.7786,0.625,0.8236,0.6934,0.4579,0.8059,0.7795,dna_LVD_L2+dna_LVD_Cosine+prot_LLR+prot_LVD_L2+prot_LVD_Cosine+prot_LID
Train1Val_UniProt,center,dna_prot,nt_v3_650m,esm1b_650m,Hybrid_Gating_XGBoost,0.7269,0.7604,0.6596,0.7937,0.7065,0.4576,0.7914,0.7882,
Train1Val_UniProt,center,dna_prot_spliceai,nt_v3_650m,esm1v_650m,Hybrid_CrossAttn_XGBoost,0.7277,0.7529,0.6747,0.7803,0.7117,0.4576,0.7902,0.7791,
Train1Val_UniProt,mean,bio_core_dna_prot_spliceai_geom,nt_v2_500m,esm1b_650m,Pure_XGBoost_Concat,0.7239,0.7824,0.6175,0.8296,0.6902,0.4576,0.7963,0.7723,dna_LVD_Cosine+dna_LID+prot_LVD_Cosine
Train1Val_UniProt,mean,bio_core_dna_prot_spliceai_geom,nt_v2_500m,esm1b_650m,Pure_XGBoost_Concat,0.7239,0.7824,0.6175,0.8296,0.6902,0.4576,0.807,0.776,dna_LVD_L2+prot_LLR+prot_LVD_Cosine+prot_LID
Train1Val_UniProt,mean,bio_core_dna_prot_spliceai_geom,nt_v2_500m,esm1b_650m,Pure_XGBoost_Concat,0.7239,0.7824,0.6175,0.8296,0.6902,0.4576,0.8058,0.782,dna_LVD_Cosine+prot_LLR+prot_LVD_Cosine+prot_LID
Train1Val_UniProt,center,dna_prot_spliceai,nt_v3_650m,esm1v_650m,PyTorch_Concat,0.7232,0.7864,0.6099,0.8356,0.687,0.4575,0.7951,0.7838,
Train1Val_UniProt,mean,bio_core_dna_prot_spliceai_geom,nt_v2_500m,esm1b_650m,Pure_XGBoost_Concat,0.7239,0.7814,0.619,0.8281,0.6908,0.4574,0.7973,0.7732,dna_LLR+dna_LVD_L2+dna_LVD_Cosine+dna_LID+prot_LVD_L2
Train1Val_UniProt,mean,bio_core_dna_prot_spliceai_geom,nt_v2_500m,esm1b_650m,Pure_XGBoost_Concat,0.7247,0.7765,0.628,0.8206,0.6944,0.4574,0.8034,0.7779,dna_LVD_L2+dna_LVD_Cosine+dna_LID+prot_LLR+prot_LVD_L2
Train1Val_UniProt,mean,dna_prot,nt_v1_500m,esm1b_650m,PyTorch_Transformer,0.7194,0.8059,0.5753,0.8625,0.6714,0.4573,0.8013,0.7901,
Train1Val_UniProt,mean,bio_core_dna_prot_spliceai_geom,nt_v2_500m,esm1b_650m,Pure_XGBoost_Concat,0.7232,0.7853,0.6114,0.8341,0.6876,0.4572,0.8085,0.7842,dna_LID+prot_LLR+prot_LID
Train1Val_UniProt,mean,bio_core_dna_prot_spliceai_geom,nt_v2_500m,esm1b_650m,Pure_XGBoost_Concat,0.7232,0.7853,0.6114,0.8341,0.6876,0.4572,0.7982,0.7745,dna_LLR+dna_LVD_L2+dna_LID+prot_LVD_Cosine
Train1Val_UniProt,center,dna_prot_spliceai,nt_v2_500m,esm1v_650m,Hybrid_Transformer_XGBoost,0.7277,0.7496,0.6807,0.7743,0.7135,0.4571,0.7881,0.7777,
Train1Val_UniProt,mean,bio_core_dna_prot_spliceai,nt_v2_500m,esm2_650m,Hybrid_CrossAttn_XGBoost,0.7284,0.7208,0.7425,0.7145,0.7315,0.4571,0.7988,0.769,
Train1Val_UniProt,mean,bio_core_dna_prot,nt_v1_500m,esm1v_650m,Hybrid_Gating_XGBoost,0.7284,0.7214,0.741,0.716,0.7311,0.4571,0.7864,0.7538,
Train1Val_UniProt,mean,bio_core_dna_prot_spliceai_geom,nt_v2_500m,esm1b_650m,Pure_XGBoost_Concat,0.7247,0.7755,0.6295,0.8191,0.6949,0.4571,0.806,0.78,dna_LLR+dna_LVD_Cosine+dna_LID+prot_LLR+prot_LVD_L2+prot_LVD_Cosine
Train1Val_UniProt,mean,bio_core_dna_prot_spliceai_geom,nt_v2_500m,esm1b_650m,Pure_XGBoost_Concat,0.7239,0.7803,0.6205,0.8266,0.6913,0.4571,0.8099,0.7777,dna_LLR+dna_LVD_L2+dna_LVD_Cosine+dna_LID+prot_LLR+prot_LVD_L2+prot_LID
Train1Val_UniProt,cls,bio_core_dna_prot_spliceai,nt_v2_500m,esm2_650m,Pure_XGBoost_Concat,0.7284,0.7337,0.7139,0.7429,0.7237,0.457,0.788,0.7622,
Train1Val_UniProt,mean,bio_core_dna_prot_spliceai,nt_v2_500m,esm2_650m,Hybrid_Gating_XGBoost,0.7284,0.7227,0.738,0.719,0.7303,0.457,0.7908,0.7599,
Train1Val_UniProt,mean,bio_core_prot_spliceai,,esm1v_650m,Pure_XGBoost_Concat,0.7284,0.733,0.7154,0.7414,0.7241,0.4569,0.7896,0.7683,
Train1Val_UniProt,mean,bio_core_dna_prot_spliceai,nt_v2_500m,esm2_650m,Hybrid_Concat_XGBoost,0.7284,0.7274,0.7274,0.7294,0.7274,0.4569,0.7931,0.7606,
Train1Val_UniProt,mean,bio_core_dna_prot,nt_v1_500m,esm1v_650m,PyTorch_CrossAttn,0.7269,0.756,0.6672,0.7862,0.7088,0.4568,0.7883,0.7558,
Train1Val_UniProt,mean,bio_core_dna_prot_spliceai_geom,nt_v2_500m,esm1b_650m,Pure_XGBoost_Concat,0.7247,0.7745,0.631,0.8176,0.6954,0.4568,0.8081,0.7796,dna_LVD_L2+dna_LVD_Cosine+dna_LID+prot_LLR+prot_LVD_L2+prot_LID
Train1Val_UniProt,center,dna_prot,nt_v2_500m,esmc_600m,Hybrid_Transformer_XGBoost,0.7277,0.7471,0.6852,0.7698,0.7148,0.4567,0.792,0.7834,
Train1Val_UniProt,center,dna_prot,nt_v1_500m,esmc_600m,Hybrid_Gating_XGBoost,0.7269,0.7551,0.6687,0.7848,0.7093,0.4566,0.7799,0.7742,
Train1Val_UniProt,mean,dna_prot,nt_v2_500m,esm1b_650m,PyTorch_CrossAttn,0.7232,0.7831,0.6145,0.8311,0.6886,0.4566,0.7928,0.7634,
Train1Val_UniProt,mean,dna_prot_spliceai,nt_v3_650m,esmc_600m,PyTorch_Gating,0.7239,0.7782,0.6235,0.8236,0.6923,0.4565,0.7891,0.783,
Train1Val_UniProt,center,prot_spliceai,,esmc_600m,PyTorch_Concat,0.7224,0.7871,0.6069,0.8371,0.6854,0.4564,0.7899,0.7855,
Train1Val_UniProt,cls,bio_core_dna_prot_spliceai,nt_v3_650m,esmc_600m,PyTorch_CrossAttn,0.7277,0.7439,0.6913,0.7638,0.7166,0.4563,0.7916,0.7765,
Train1Val_UniProt,mean,dna_prot,nt_v3_650m,esm1b_650m,PyTorch_Transformer,0.7202,0.7988,0.5858,0.8535,0.6759,0.4562,0.7964,0.7824,
Train1Val_UniProt,mean,bio_core_dna_prot_spliceai,nt_v3_650m,esm1v_650m,PyTorch_Gating,0.7269,0.7525,0.6732,0.7803,0.7107,0.4562,0.7926,0.7608,
Train1Val_UniProt,mean,bio_core_dna_prot_spliceai_geom,nt_v2_500m,esm1b_650m,Pure_XGBoost_Concat,0.7239,0.7772,0.625,0.8221,0.6928,0.4562,0.8055,0.7772,dna_LVD_L2+dna_LVD_Cosine+dna_LID+prot_LLR+prot_LVD_L2+prot_LVD_Cosine
Train1Val_UniProt,center,dna_prot_spliceai,nt_v3_650m,esmc_600m,Pure_XGBoost_Concat,0.7254,0.7661,0.6461,0.8042,0.701,0.4561,0.7809,0.7779,
Train1Val_UniProt,mean,bio_core_dna_prot_spliceai_geom,nt_v2_500m,esm1b_650m,Pure_XGBoost_Concat,0.7224,0.786,0.6084,0.8356,0.6859,0.4561,0.8103,0.7815,dna_LLR+dna_LVD_L2+dna_LID+prot_LLR+prot_LVD_L2+prot_LVD_Cosine+prot_LID
Train1Val_UniProt,mean,bio_core_dna_prot_spliceai_geom,nt_v2_500m,esm1b_650m,Pure_XGBoost_Concat,0.7232,0.781,0.6175,0.8281,0.6897,0.456,0.8086,0.7817,dna_LLR+prot_LLR+prot_LID
Train1Val_UniProt,mean,bio_core_dna_prot_spliceai_geom,nt_v2_500m,esm1b_650m,Pure_XGBoost_Concat,0.7232,0.781,0.6175,0.8281,0.6897,0.456,0.7975,0.7751,dna_LVD_L2+dna_LID+prot_LVD_L2
Train1Val_UniProt,mean,bio_core_dna_prot_spliceai_geom,nt_v2_500m,esm1b_650m,Pure_XGBoost_Concat,0.7232,0.781,0.6175,0.8281,0.6897,0.456,0.8083,0.7802,dna_LLR+prot_LLR+prot_LVD_L2+prot_LID
Train1Val_UniProt,mean,bio_core_dna_prot_spliceai_geom,nt_v2_500m,esm1b_650m,Pure_XGBoost_Concat,0.7232,0.781,0.6175,0.8281,0.6897,0.456,0.8062,0.7782,dna_LVD_L2+dna_LID+prot_LLR+prot_LVD_L2+prot_LID
Train1Val_UniProt,mean,bio_core_dna_prot_spliceai_geom,nt_v2_500m,esm1b_650m,Pure_XGBoost_Concat,0.7232,0.781,0.6175,0.8281,0.6897,0.456,0.8108,0.7807,dna_LVD_Cosine+dna_LID+prot_LLR+prot_LVD_L2+prot_LVD_Cosine+prot_LID
Train1Val_UniProt,cls,bio_core_dna_prot,nt_v1_500m,esm1v_650m,PyTorch_Gating,0.7269,0.7508,0.6762,0.7773,0.7116,0.4559,0.7879,0.7562,
Train1Val_UniProt,mean,bio_core_dna_prot_spliceai,nt_v1_500m,esm2_650m,PyTorch_Concat,0.7262,0.7582,0.6611,0.7907,0.7064,0.4558,0.7946,0.7606,
Train1Val_UniProt,mean,bio_core_dna_prot_spliceai_geom,nt_v2_500m,esm1b_650m,Pure_XGBoost_Concat,0.7224,0.7849,0.6099,0.8341,0.6864,0.4558,0.8003,0.7756,dna_LLR+dna_LVD_L2+dna_LVD_Cosine+dna_LID+prot_LVD_Cosine
Train1Val_UniProt,mean,dna_prot_spliceai,nt_v3_650m,esm1b_650m,Hybrid_Transformer_XGBoost,0.7254,0.7642,0.6491,0.8012,0.702,0.4557,0.7915,0.7815,
Train1Val_UniProt,mean,bio_core_dna_prot_spliceai_geom,nt_v2_500m,esm1b_650m,Pure_XGBoost_Concat,0.7232,0.7799,0.619,0.8266,0.6902,0.4557,0.8072,0.7842,dna_LVD_L2+dna_LVD_Cosine+prot_LLR+prot_LVD_Cosine+prot_LID
Train1Val_UniProt,mean,dna_prot_spliceai,nt_v1_500m,esm1b_650m,Hybrid_Concat_XGBoost,0.7247,0.7695,0.6386,0.8102,0.6979,0.4556,0.7922,0.7792,
Train1Val_UniProt,mean,bio_core_dna_prot_spliceai,nt_v1_500m,esm2_650m,PyTorch_CrossAttn,0.7262,0.7573,0.6627,0.7892,0.7068,0.4556,0.8017,0.775,
Train1Val_UniProt,mean,bio_core_dna_prot_spliceai,nt_v1_500m,esmc_600m,Hybrid_Gating_XGBoost,0.7277,0.721,0.7395,0.716,0.7301,0.4556,0.7939,0.7731,
Train1Val_UniProt,mean,prot,,esm1b_650m,PyTorch_Concat,0.7187,0.8042,0.5753,0.861,0.6708,0.4555,0.8074,0.7887,
Train1Val_UniProt,mean,prot,,esm1b_650m,PyTorch_Concat,0.7187,0.8042,0.5753,0.861,0.6708,0.4555,0.8074,0.7887,
Train1Val_UniProt,mean,prot,,esm1b_650m,PyTorch_Concat,0.7187,0.8042,0.5753,0.861,0.6708,0.4555,0.8074,0.7887,
Train1Val_UniProt,mean,prot,,esm1b_650m,PyTorch_Concat,0.7187,0.8042,0.5753,0.861,0.6708,0.4555,0.8074,0.7887,
Train1Val_UniProt,mean,bio_core_dna_prot_spliceai,nt_v3_650m,esm2_650m,Hybrid_Gating_XGBoost,0.7277,0.723,0.7349,0.7205,0.7289,0.4555,0.794,0.7735,
Train1Val_UniProt,cls,bio_dna_geom,nt_v3_650m,esm1b_650m,Pure_XGBoost_Concat,0.7247,0.7685,0.6401,0.8087,0.6984,0.4554,0.8035,0.7826,
Train1Val_UniProt,cls,bio_core_prot_spliceai,,esm1b_650m,Pure_XGBoost_Concat,0.7277,0.727,0.7259,0.7294,0.7265,0.4554,0.7952,0.7716,
Train1Val_UniProt,cls,bio_core_dna_prot_spliceai,nt_v2_500m,esm1b_650m,Hybrid_Gating_XGBoost,0.7277,0.7256,0.7289,0.7265,0.7273,0.4554,0.7875,0.7678,
Train1Val_UniProt,cls,bio_core_dna_prot,nt_v2_500m,esm1v_650m,Hybrid_Concat_XGBoost,0.7277,0.727,0.7259,0.7294,0.7265,0.4554,0.7875,0.7543,
Train1Val_UniProt,mean,bio_core_dna_prot_spliceai,nt_v2_500m,esmc_600m,Hybrid_Gating_XGBoost,0.7277,0.7243,0.7319,0.7235,0.7281,0.4554,0.7902,0.7768,
Train1Val_UniProt,mean,bio_core_dna_prot_spliceai_geom,nt_v2_500m,esm1b_650m,Pure_XGBoost_Concat,0.7239,0.7741,0.6295,0.8176,0.6944,0.4554,0.8052,0.7786,dna_LVD_L2+dna_LVD_Cosine+dna_LID+prot_LLR
Train1Val_UniProt,mean,bio_core_dna_prot_spliceai_geom,nt_v2_500m,esm1b_650m,Pure_XGBoost_Concat,0.7277,0.7305,0.7184,0.7369,0.7244,0.4554,0.7975,0.7757,dna_LLR+dna_LVD_L2+dna_LVD_Cosine+prot_LVD_L2+prot_LVD_Cosine
Train1Val_UniProt,mean,bio_core_dna_prot_spliceai_geom,nt_v2_500m,esm1b_650m,Pure_XGBoost_Concat,0.7217,0.7867,0.6054,0.8371,0.6843,0.455,0.8005,0.7765,dna_LLR+dna_LID
Train1Val_UniProt,mean,bio_core_dna_prot_spliceai_geom,nt_v2_500m,esm1b_650m,Pure_XGBoost_Concat,0.7217,0.7867,0.6054,0.8371,0.6843,0.455,0.8005,0.7799,dna_LVD_L2+dna_LVD_Cosine+dna_LID+prot_LVD_L2+prot_LVD_Cosine
Train1Val_UniProt,cls,bio_core_dna_prot_spliceai,nt_v1_500m,esm1b_650m,PyTorch_Concat,0.7262,0.753,0.6702,0.7818,0.7092,0.4549,0.7878,0.7653,
Train1Val_UniProt,cls,bio_core_dna_prot,nt_v3_650m,esm1v_650m,PyTorch_Concat,0.7247,0.7666,0.6431,0.8057,0.6994,0.4549,0.7844,0.7523,
Train1Val_UniProt,mean,bio_core_dna_prot_spliceai_geom,nt_v2_500m,esm1b_650m,Pure_XGBoost_Concat,0.7224,0.7816,0.6145,0.8296,0.688,0.4549,0.8069,0.7812,prot_LLR+prot_LID
Train1Val_UniProt,mean,bio_core_dna_prot_spliceai_geom,nt_v2_500m,esm1b_650m,Pure_XGBoost_Concat,0.7224,0.7816,0.6145,0.8296,0.688,0.4549,0.807,0.7823,dna_LLR+dna_LVD_L2+dna_LVD_Cosine+dna_LID+prot_LLR+prot_LVD_L2+prot_LVD_Cosine+prot_LID
Train1Val_UniProt,mean,dna_prot,nt_v3_650m,esmc_600m,PyTorch_Gating,0.7194,0.7984,0.5843,0.8535,0.6748,0.4548,0.7927,0.7852,
Train1Val_UniProt,center,dna_prot_spliceai,nt_v2_500m,esm1b_650m,Hybrid_Gating_XGBoost,0.7254,0.7596,0.6566,0.7937,0.7044,0.4547,0.7882,0.7834,
Train1Val_UniProt,mean,bio_core_dna_prot_spliceai,nt_v1_500m,esm1v_650m,Hybrid_CrossAttn_XGBoost,0.7269,0.7155,0.75,0.704,0.7324,0.4545,0.7895,0.7535,
Train1Val_UniProt,mean,bio_core_dna_prot_spliceai,nt_v1_500m,esm2_650m,PyTorch_Gating,0.7269,0.7389,0.6988,0.7549,0.7183,0.4544,0.7933,0.7671,
Train1Val_UniProt,mean,bio_core_dna_prot_spliceai_geom,nt_v2_500m,esm1b_650m,Pure_XGBoost_Concat,0.7217,0.7845,0.6084,0.8341,0.6853,0.4544,0.7995,0.7731,dna_LLR+dna_LVD_L2+dna_LVD_Cosine+dna_LID+prot_LVD_L2+prot_LVD_Cosine
Train1Val_UniProt,mean,dna_prot,nt_v2_500m,esmc_600m,PyTorch_Transformer,0.7202,0.7928,0.5934,0.846,0.6787,0.4543,0.7844,0.767,
Train1Val_UniProt,mean,prot_spliceai,,esmc_600m,Hybrid_Concat_XGBoost,0.7239,0.7691,0.637,0.8102,0.6969,0.4542,0.7776,0.7732,
Train1Val_UniProt,mean,bio_core_dna_prot_spliceai,nt_v1_500m,esm1v_650m,Hybrid_Transformer_XGBoost,0.7269,0.718,0.744,0.71,0.7308,0.4542,0.7869,0.7473,
Train1Val_UniProt,center,dna_prot_spliceai,nt_v2_500m,esmc_600m,Hybrid_Concat_XGBoost,0.7254,0.756,0.6627,0.7877,0.7063,0.4541,0.785,0.7724,
Train1Val_UniProt,cls,bio_core_dna_prot,nt_v1_500m,esm1v_650m,Hybrid_CrossAttn_XGBoost,0.7269,0.7193,0.741,0.713,0.73,0.4541,0.786,0.7565,
Train1Val_UniProt,cls,bio_core_dna_prot_spliceai,nt_v3_650m,esm1b_650m,Hybrid_Concat_XGBoost,0.7269,0.7219,0.7349,0.719,0.7284,0.454,0.7871,0.7658,
Train1Val_UniProt,cls,bio_core_dna_prot_spliceai,nt_v2_500m,esm1b_650m,Hybrid_Transformer_XGBoost,0.7269,0.7219,0.7349,0.719,0.7284,0.454,0.7865,0.7645,
Train1Val_UniProt,mean,dna_prot,nt_v2_500m,esm1b_650m,Hybrid_Gating_XGBoost,0.7247,0.7619,0.6506,0.7982,0.7019,0.4539,0.7965,0.7799,
Train1Val_UniProt,center,dna_prot_spliceai,nt_v3_650m,esm1b_650m,PyTorch_Concat,0.7187,0.7992,0.5813,0.855,0.6731,0.4539,0.7931,0.7922,
Train1Val_UniProt,cls,bio_core_dna_prot,nt_v2_500m,esm1v_650m,Hybrid_Gating_XGBoost,0.7269,0.7239,0.7304,0.7235,0.7271,0.4539,0.7823,0.7495,
Train1Val_UniProt,mean,bio_core_dna_prot_spliceai,nt_v3_650m,esmc_600m,Hybrid_Transformer_XGBoost,0.7269,0.7232,0.7319,0.722,0.7275,0.4539,0.7945,0.7744,
Train1Val_UniProt,mean,bio_core_dna_prot_spliceai,nt_v3_650m,esmc_600m,Hybrid_Gating_XGBoost,0.7269,0.7301,0.7169,0.7369,0.7234,0.4539,0.7926,0.7776,
Train1Val_UniProt,center,dna_prot_spliceai,nt_v3_650m,esm1v_650m,Hybrid_Gating_XGBoost,0.7254,0.7543,0.6657,0.7848,0.7072,0.4537,0.7862,0.773,
Train1Val_UniProt,center,dna_prot_spliceai,nt_v2_500m,esmc_600m,Hybrid_Gating_XGBoost,0.7254,0.7543,0.6657,0.7848,0.7072,0.4537,0.7841,0.7751,
Train1Val_UniProt,mean,bio_core_dna_prot_spliceai_geom,nt_v2_500m,esm1b_650m,Pure_XGBoost_Concat,0.7232,0.7716,0.631,0.8146,0.6943,0.4535,0.8074,0.7779,dna_LLR+dna_LID+prot_LLR+prot_LVD_L2
Train1Val_UniProt,center,dna_prot,nt_v3_650m,esmc_600m,PyTorch_CrossAttn,0.7194,0.7935,0.5904,0.8475,0.677,0.4533,0.7916,0.7844,
Train1Val_UniProt,center,dna_prot,nt_v2_500m,esmc_600m,PyTorch_Gating,0.7209,0.7852,0.6054,0.8356,0.6837,0.4533,0.7936,0.7847,
Train1Val_UniProt,center,dna_prot_spliceai,nt_v2_500m,esm1b_650m,Hybrid_CrossAttn_XGBoost,0.7247,0.7592,0.6551,0.7937,0.7033,0.4533,0.7907,0.7919,
Train1Val_UniProt,mean,bio_core_dna_prot_spliceai,nt_v3_650m,esm2_650m,PyTorch_Concat,0.7262,0.7423,0.6898,0.7623,0.7151,0.4533,0.8006,0.7743,
Train1Val_UniProt,mean,bio_core_dna_prot_spliceai,nt_v3_650m,esm2_650m,PyTorch_Gating,0.7254,0.7517,0.6702,0.7803,0.7086,0.4533,0.796,0.7738,
Train1Val_UniProt,center,dna_prot,nt_v1_500m,esmc_600m,Hybrid_Concat_XGBoost,0.7247,0.7574,0.6581,0.7907,0.7043,0.453,0.7875,0.7753,
Train1Val_UniProt,center,dna_prot,nt_v3_650m,esm1b_650m,PyTorch_CrossAttn,0.7194,0.7923,0.5919,0.846,0.6776,0.453,0.7992,0.7971,
Train1Val_UniProt,center,dna_prot_spliceai,nt_v1_500m,esm2_650m,PyTorch_CrossAttn,0.7217,0.779,0.616,0.8266,0.688,0.4529,0.7767,0.7699,
Train1Val_UniProt,center,dna_prot_spliceai,nt_v3_650m,esm1b_650m,Hybrid_Gating_XGBoost,0.7254,0.7492,0.6747,0.7758,0.71,0.4529,0.7883,0.7828,
Train1Val_UniProt,mean,bio_core_dna_prot_spliceai_geom,nt_v2_500m,esm1b_650m,Pure_XGBoost_Concat,0.7217,0.779,0.616,0.8266,0.688,0.4529,0.7994,0.7742,dna_LID+prot_LVD_Cosine
Train1Val_UniProt,mean,bio_core_dna_prot_spliceai_geom,nt_v2_500m,esm1b_650m,Pure_XGBoost_Concat,0.7217,0.779,0.616,0.8266,0.688,0.4529,0.8085,0.7837,dna_LVD_L2+prot_LLR+prot_LVD_L2+prot_LVD_Cosine+prot_LID
Train1Val_UniProt,mean,dna_prot_spliceai,nt_v1_500m,esm1b_650m,Hybrid_Transformer_XGBoost,0.7247,0.7565,0.6596,0.7892,0.7047,0.4528,0.7963,0.7844,
Train1Val_UniProt,mean,bio_core_dna_prot_spliceai,nt_v3_650m,esm1v_650m,PyTorch_CrossAttn,0.7262,0.7362,0.7018,0.7504,0.7186,0.4527,0.7866,0.7456,
Train1Val_UniProt,cls,bio_core_prot_spliceai,,esm1v_650m,Hybrid_Concat_XGBoost,0.7262,0.7195,0.738,0.7145,0.7286,0.4526,0.7814,0.7525,
Train1Val_UniProt,mean,bio_dna,nt_v3_650m,,Pure_XGBoost_Concat,0.7262,0.7311,0.7123,0.7399,0.7216,0.4525,0.7765,0.7574,
Train1Val_UniProt,cls,bio_core_dna_prot_spliceai,nt_v2_500m,esm2_650m,Hybrid_Concat_XGBoost,0.7262,0.7255,0.7244,0.728,0.7249,0.4524,0.7727,0.7397,
Train1Val_UniProt,cls,bio_core_dna_prot,nt_v1_500m,esm1v_650m,Pure_XGBoost_Concat,0.7262,0.7289,0.7169,0.7354,0.7229,0.4524,0.7882,0.7628,
Train1Val_UniProt,center,dna_prot,nt_v3_650m,esmc_600m,Hybrid_Concat_XGBoost,0.7239,0.7606,0.6506,0.7967,0.7013,0.4523,0.784,0.7766,
Train1Val_UniProt,mean,prot,,esm1b_650m,Hybrid_Concat_XGBoost,0.7232,0.7658,0.6401,0.8057,0.6973,0.4521,0.7925,0.7864,
Train1Val_UniProt,mean,prot,,esm1b_650m,Hybrid_Concat_XGBoost,0.7232,0.7658,0.6401,0.8057,0.6973,0.4521,0.7925,0.7864,
Train1Val_UniProt,mean,prot,,esm1b_650m,Hybrid_Concat_XGBoost,0.7232,0.7658,0.6401,0.8057,0.6973,0.4521,0.7925,0.7864,
Train1Val_UniProt,mean,prot,,esm1b_650m,Hybrid_Concat_XGBoost,0.7232,0.7658,0.6401,0.8057,0.6973,0.4521,0.7925,0.7864,
Train1Val_UniProt,mean,dna_prot_spliceai,nt_v2_500m,esm1b_650m,PyTorch_Transformer,0.7194,0.7888,0.5964,0.8416,0.6792,0.4519,0.7924,0.7787,
Train1Val_UniProt,mean,dna_prot,nt_v3_650m,esm1b_650m,PyTorch_CrossAttn,0.7157,0.8078,0.5633,0.867,0.6637,0.4518,0.7992,0.7863,
Train1Val_UniProt,center,dna_prot_spliceai,nt_v1_500m,esmc_600m,PyTorch_Gating,0.7209,0.7797,0.613,0.8281,0.6863,0.4518,0.7861,0.7773,
Train1Val_UniProt,mean,bio_core_dna_prot_spliceai,nt_v2_500m,esm1v_650m,Hybrid_Transformer_XGBoost,0.7254,0.7116,0.7545,0.6966,0.7325,0.4518,0.7861,0.7513,
Train1Val_UniProt,mean,dna_prot_spliceai,nt_v2_500m,esm1b_650m,Hybrid_CrossAttn_XGBoost,0.7239,0.7578,0.6551,0.7922,0.7027,0.4517,0.7881,0.7818,
Train1Val_UniProt,cls,bio_core_dna_prot,nt_v2_500m,esm1v_650m,PyTorch_Concat,0.7247,0.7496,0.6717,0.7773,0.7085,0.4516,0.7827,0.7483,
Train1Val_UniProt,cls,bio_core_dna_prot_spliceai,nt_v3_650m,esm2_650m,PyTorch_CrossAttn,0.7254,0.7388,0.6943,0.7564,0.7158,0.4515,0.7781,0.74,
Train1Val_UniProt,mean,bio_core_dna_prot_spliceai,nt_v1_500m,esm1v_650m,PyTorch_Gating,0.7239,0.7561,0.6581,0.7892,0.7037,0.4514,0.7882,0.7466,
Train1Val_UniProt,center,dna_prot_spliceai,nt_v1_500m,esmc_600m,PyTorch_CrossAttn,0.7224,0.7673,0.6355,0.8087,0.6952,0.4512,0.7891,0.7807,
Train1Val_UniProt,center,dna_prot_spliceai,nt_v3_650m,esmc_600m,Hybrid_Gating_XGBoost,0.7239,0.7552,0.6596,0.7877,0.7042,0.4512,0.7844,0.7728,
Train1Val_UniProt,center,dna_prot_spliceai,nt_v2_500m,esmc_600m,PyTorch_Gating,0.7194,0.7866,0.5994,0.8386,0.6803,0.4512,0.7888,0.7816,
Train1Val_UniProt,cls,bio_core_dna_prot_spliceai,nt_v1_500m,esm1v_650m,PyTorch_Transformer,0.7239,0.7552,0.6596,0.7877,0.7042,0.4512,0.783,0.7515,
Train1Val_UniProt,cls,bio_core_dna_prot_spliceai,nt_v3_650m,esm1v_650m,Hybrid_CrossAttn_XGBoost,0.7254,0.7166,0.7425,0.7085,0.7293,0.4512,0.7786,0.7465,
Train1Val_UniProt,mean,bio_core_dna_prot_spliceai_geom,nt_v2_500m,esm1b_650m,Pure_XGBoost_Concat,0.7209,0.7776,0.616,0.8251,0.6874,0.4512,0.8049,0.7759,dna_LLR+dna_LVD_Cosine+dna_LID+prot_LLR+prot_LVD_L2+prot_LID
Train1Val_UniProt,center,prot_spliceai,,esm1b_650m,PyTorch_Concat,0.7172,0.7983,0.5783,0.855,0.6707,0.4511,0.7875,0.7835,
Train1Val_UniProt,cls,bio_core_dna_prot_spliceai,nt_v3_650m,esmc_600m,Hybrid_CrossAttn_XGBoost,0.7254,0.7178,0.7395,0.7115,0.7285,0.4511,0.7845,0.7633,
Train1Val_UniProt,mean,bio_core_dna_prot_spliceai,nt_v1_500m,esm2_650m,Hybrid_CrossAttn_XGBoost,0.7254,0.7185,0.738,0.713,0.7281,0.4511,0.7886,0.7592,
Train1Val_UniProt,center,dna_prot,nt_v1_500m,esm1v_650m,PyTorch_Transformer,0.7202,0.7814,0.6084,0.8311,0.6842,0.451,0.7861,0.7734,
Train1Val_UniProt,mean,bio_core_dna_prot,nt_v2_500m,esm1v_650m,PyTorch_Gating,0.7239,0.7543,0.6611,0.7862,0.7047,0.451,0.7948,0.7589,
Train1Val_UniProt,mean,bio_core_dna_prot_spliceai_geom,nt_v2_500m,esm1b_650m,Pure_XGBoost_Concat,0.7202,0.7814,0.6084,0.8311,0.6842,0.451,0.7984,0.7738,dna_LVD_L2+dna_LID+prot_LVD_L2+prot_LVD_Cosine
Train1Val_UniProt,mean,bio_core_dna_prot_spliceai_geom,nt_v2_500m,esm1b_650m,Pure_XGBoost_Concat,0.7202,0.7814,0.6084,0.8311,0.6842,0.451,0.8076,0.7803,dna_LID+prot_LLR+prot_LVD_Cosine+prot_LID
Train1Val_UniProt,center,dna_prot,nt_v3_650m,esmc_600m,PyTorch_Transformer,0.7187,0.7896,0.5934,0.843,0.6776,0.4509,0.7956,0.7895,
Train1Val_UniProt,cls,bio_core_prot_spliceai,,esmc_600m,Hybrid_Concat_XGBoost,0.7254,0.7211,0.7319,0.719,0.7265,0.4509,0.7892,0.7686,
Train1Val_UniProt,cls,bio_core_dna_prot_spliceai,nt_v1_500m,esm1v_650m,Hybrid_Concat_XGBoost,0.7254,0.7224,0.7289,0.722,0.7256,0.4509,0.7786,0.7502,
Train1Val_UniProt,cls,bio_core_dna_prot_spliceai,nt_v2_500m,esm1v_650m,Pure_XGBoost_Concat,0.7254,0.7258,0.7214,0.7294,0.7236,0.4509,0.7904,0.7666,
Train1Val_UniProt,mean,bio_core_dna_prot_spliceai,nt_v1_500m,esmc_600m,Hybrid_CrossAttn_XGBoost,0.7254,0.7264,0.7199,0.7309,0.7231,0.4509,0.7938,0.7792,
Train1Val_UniProt,mean,bio_core_dna_prot_spliceai,nt_v1_500m,esmc_600m,Hybrid_Transformer_XGBoost,0.7254,0.7224,0.7289,0.722,0.7256,0.4509,0.7899,0.7746,
Train1Val_UniProt,mean,bio_core_dna_prot_spliceai,nt_v3_650m,esmc_600m,Hybrid_CrossAttn_XGBoost,0.7254,0.7224,0.7289,0.722,0.7256,0.4509,0.796,0.7817,
Train1Val_UniProt,mean,bio_core_dna_prot_spliceai,nt_v2_500m,esm1v_650m,PyTorch_CrossAttn,0.7247,0.7446,0.6807,0.7683,0.7113,0.4508,0.782,0.7456,
Train1Val_UniProt,center,dna_prot,nt_v2_500m,esm2_650m,Hybrid_CrossAttn_XGBoost,0.7239,0.7526,0.6642,0.7833,0.7056,0.4507,0.7809,0.7638,
Train1Val_UniProt,center,dna_prot_spliceai,nt_v1_500m,esmc_600m,Hybrid_Concat_XGBoost,0.7239,0.7526,0.6642,0.7833,0.7056,0.4507,0.7819,0.7818,
Train1Val_UniProt,mean,bio_core_dna_prot_spliceai,nt_v1_500m,esm2_650m,PyTorch_Transformer,0.7239,0.7517,0.6657,0.7818,0.7061,0.4506,0.7938,0.7583,
Train1Val_UniProt,mean,bio_core_dna_prot_spliceai_geom,nt_v2_500m,esm1b_650m,Pure_XGBoost_Concat,0.7209,0.7755,0.619,0.8221,0.6884,0.4506,0.8076,0.7828,dna_LVD_Cosine+dna_LID+prot_LLR+prot_LVD_Cosine+prot_LID
Train1Val_UniProt,mean,bio_core_dna_prot_spliceai_geom,nt_v2_500m,esm1b_650m,Pure_XGBoost_Concat,0.7202,0.7793,0.6114,0.8281,0.6852,0.4504,0.796,0.7718,dna_LLR+dna_LVD_L2+dna_LID+prot_LVD_L2
Train1Val_UniProt,mean,bio_core_dna_prot_spliceai_geom,nt_v2_500m,esm1b_650m,Pure_XGBoost_Concat,0.7202,0.7793,0.6114,0.8281,0.6852,0.4504,0.7941,0.7701,dna_LVD_L2+prot_LVD_L2+prot_LVD_Cosine+prot_LID
Train1Val_UniProt,center,dna_prot_spliceai,nt_v3_650m,esmc_600m,Hybrid_Concat_XGBoost,0.7232,0.7574,0.6536,0.7922,0.7017,0.4503,0.786,0.7759,
Train1Val_UniProt,mean,dna_prot,nt_v3_650m,esm1b_650m,PyTorch_Gating,0.7187,0.7873,0.5964,0.8401,0.6787,0.4502,0.797,0.7755,
Train1Val_UniProt,cls,bio_core_dna_prot_spliceai,nt_v1_500m,esm1v_650m,PyTorch_CrossAttn,0.7247,0.7384,0.6928,0.7564,0.7148,0.4501,0.7829,0.747,
Train1Val_UniProt,center,dna_prot,nt_v3_650m,esm1v_650m,Hybrid_Gating_XGBoost,0.7239,0.7483,0.6717,0.7758,0.7079,0.45,0.7862,0.7685,
Train1Val_UniProt,mean,prot_spliceai,,esm1b_650m,Pure_XGBoost_Concat,0.7217,0.7678,0.6325,0.8102,0.6936,0.45,0.7857,0.7721,
Train1Val_UniProt,cls,bio_dna_prot,nt_v3_650m,esm1b_650m,Hybrid_CrossAttn_XGBoost,0.7247,0.7137,0.747,0.7025,0.7299,0.4499,0.7875,0.7596,
Train1Val_UniProt,cls,bio_core_dna_prot,nt_v1_500m,esm1v_650m,PyTorch_Transformer,0.7232,0.7547,0.6581,0.7877,0.7031,0.4498,0.7802,0.7438,
Train1Val_UniProt,mean,bio_core_dna_prot_spliceai_geom,nt_v2_500m,esm1b_650m,Pure_XGBoost_Concat,0.7202,0.7771,0.6145,0.8251,0.6863,0.4498,0.8061,0.7802,dna_LLR+prot_LLR+prot_LVD_L2+prot_LVD_Cosine+prot_LID
Train1Val_UniProt,center,prot_spliceai,,esm1v_650m,Hybrid_Concat_XGBoost,0.7239,0.7467,0.6747,0.7728,0.7089,0.4497,0.7917,0.7829,
Train1Val_UniProt,cls,bio_dna_geom_prot,nt_v3_650m,esm1b_650m,Pure_XGBoost_Concat,0.7209,0.7714,0.625,0.8161,0.6905,0.4496,0.8041,0.7833,
Train1Val_UniProt,cls,bio_core_dna_prot_spliceai,nt_v3_650m,esm1v_650m,PyTorch_Concat,0.7239,0.7458,0.6762,0.7713,0.7093,0.4496,0.7891,0.7521,
Train1Val_UniProt,mean,bio_core_dna_prot_spliceai_geom,nt_v2_500m,esm1b_650m,Pure_XGBoost_Concat,0.7194,0.781,0.6069,0.8311,0.6831,0.4496,0.7974,0.7722,dna_LLR+dna_LID+prot_LVD_Cosine
Train1Val_UniProt,cls,bio_core_dna_prot_spliceai,nt_v2_500m,esm1v_650m,Hybrid_Concat_XGBoost,0.7247,0.7194,0.7334,0.716,0.7263,0.4495,0.7819,0.746,
Train1Val_UniProt,cls,bio_core_dna_prot,nt_v3_650m,esm1v_650m,PyTorch_Gating,0.7232,0.753,0.6611,0.7848,0.7041,0.4494,0.7905,0.753,
Train1Val_UniProt,center,dna_prot_spliceai,nt_v3_650m,esm1b_650m,Hybrid_Transformer_XGBoost,0.7232,0.7521,0.6627,0.7833,0.7046,0.4493,0.7903,0.7865,
Train1Val_UniProt,mean,dna_prot,nt_v3_650m,esmc_600m,PyTorch_CrossAttn,0.7179,0.788,0.5934,0.8416,0.677,0.4492,0.7919,0.7798,
Train1Val_UniProt,mean,dna_prot_spliceai,nt_v1_500m,esm1b_650m,PyTorch_CrossAttn,0.7179,0.788,0.5934,0.8416,0.677,0.4492,0.8054,0.7969,
Train1Val_UniProt,center,dna_prot,nt_v3_650m,esm2_650m,Hybrid_Gating_XGBoost,0.7232,0.7513,0.6642,0.7818,0.705,0.4491,0.7782,0.7592,
Train1Val_UniProt,center,dna_prot_spliceai,nt_v2_500m,esm1v_650m,Hybrid_Concat_XGBoost,0.7224,0.757,0.6521,0.7922,0.7006,0.4489,0.7802,0.7666,
Train1Val_UniProt,center,dna_prot,nt_v2_500m,esm1b_650m,Hybrid_Concat_XGBoost,0.7217,0.763,0.6401,0.8027,0.6962,0.4488,0.7861,0.7783,
Train1Val_UniProt,mean,bio_core_dna_prot_spliceai,nt_v1_500m,esmc_600m,PyTorch_Transformer,0.7217,0.763,0.6401,0.8027,0.6962,0.4488,0.7912,0.7746,
Train1Val_UniProt,cls,bio_geom_prot,nt_v3_650m,esm1b_650m,Pure_XGBoost_Concat,0.7202,0.773,0.6205,0.8191,0.6884,0.4487,0.8051,0.7835,
Train1Val_UniProt,mean,bio_core_dna_prot_spliceai_geom,nt_v2_500m,esm1b_650m,Pure_XGBoost_Concat,0.7194,0.7778,0.6114,0.8266,0.6847,0.4487,0.806,0.7766,prot_LLR+prot_LVD_L2+prot_LID
Train1Val_UniProt,mean,bio_core_dna_prot_spliceai_geom,nt_v2_500m,esm1b_650m,Pure_XGBoost_Concat,0.7194,0.7778,0.6114,0.8266,0.6847,0.4487,0.8057,0.7806,dna_LLR+dna_LID+prot_LLR+prot_LVD_L2+prot_LVD_Cosine+prot_LID
Train1Val_UniProt,center,prot,,esmc_600m,Hybrid_Concat_XGBoost,0.7232,0.7479,0.6702,0.7758,0.7069,0.4486,0.7868,0.783,
Train1Val_UniProt,center,prot,,esmc_600m,Hybrid_Concat_XGBoost,0.7232,0.7479,0.6702,0.7758,0.7069,0.4486,0.7868,0.783,
Train1Val_UniProt,center,prot,,esmc_600m,Hybrid_Concat_XGBoost,0.7232,0.7479,0.6702,0.7758,0.7069,0.4486,0.7868,0.783,
Train1Val_UniProt,center,prot,,esmc_600m,Hybrid_Concat_XGBoost,0.7232,0.7479,0.6702,0.7758,0.7069,0.4486,0.7868,0.783,
Train1Val_UniProt,center,prot,,esmc_600m,Hybrid_Concat_XGBoost,0.7232,0.7479,0.6702,0.7758,0.7069,0.4486,0.7868,0.783,
Train1Val_UniProt,mean,bio_core_dna_prot_spliceai_geom,nt_v2_500m,esm1b_650m,Pure_XGBoost_Concat,0.7179,0.7857,0.5964,0.8386,0.6781,0.4485,0.7908,0.7697,dna_LLR+dna_LVD_L2+prot_LVD_Cosine+prot_LID
Train1Val_UniProt,center,dna_prot,nt_v3_650m,esm1v_650m,Hybrid_CrossAttn_XGBoost,0.7232,0.7462,0.6732,0.7728,0.7078,0.4483,0.7907,0.785,
Train1Val_UniProt,cls,bio_core_dna_prot_spliceai,nt_v1_500m,esmc_600m,Hybrid_Gating_XGBoost,0.7239,0.7139,0.744,0.704,0.7286,0.4483,0.7827,0.7578,
Train1Val_UniProt,cls,bio_core_dna_prot_spliceai,nt_v3_650m,esm1v_650m,PyTorch_Gating,0.7232,0.7462,0.6732,0.7728,0.7078,0.4483,0.7836,0.7485,
Train1Val_UniProt,center,dna_prot_spliceai,nt_v2_500m,esm1v_650m,Hybrid_Gating_XGBoost,0.7224,0.7534,0.6581,0.7862,0.7026,0.4482,0.7794,0.7675,
Train1Val_UniProt,mean,bio_core_dna_prot_spliceai_geom,nt_v2_500m,esm1b_650m,Pure_XGBoost_Concat,0.7164,0.793,0.5828,0.849,0.6719,0.4482,0.7984,0.7787,dna_LVD_Cosine+dna_LID+prot_LVD_Cosine+prot_LID
Train1Val_UniProt,cls,bio_core_dna_prot_spliceai,nt_v3_650m,esm1b_650m,Hybrid_CrossAttn_XGBoost,0.7239,0.717,0.7364,0.7115,0.7266,0.4481,0.7862,0.7634,
Train1Val_UniProt,center,dna_prot,nt_v1_500m,esmc_600m,PyTorch_CrossAttn,0.7194,0.7746,0.616,0.8221,0.6862,0.4479,0.786,0.7771,
Train1Val_UniProt,cls,bio_dna_prot,nt_v3_650m,esm1b_650m,Hybrid_Gating_XGBoost,0.7239,0.7222,0.7244,0.7235,0.7233,0.4479,0.7893,0.7741,
Train1Val_UniProt,cls,bio_core_dna_prot_spliceai,nt_v1_500m,esmc_600m,Hybrid_Concat_XGBoost,0.7239,0.7216,0.7259,0.722,0.7237,0.4479,0.7822,0.7557,
Train1Val_UniProt,mean,bio_core_dna_prot_spliceai,nt_v1_500m,esm2_650m,Hybrid_Transformer_XGBoost,0.7239,0.7216,0.7259,0.722,0.7237,0.4479,0.7926,0.7595,
Train1Val_UniProt,center,dna_prot_spliceai,nt_v2_500m,esm1b_650m,Hybrid_Concat_XGBoost,0.7217,0.7584,0.6476,0.7952,0.6986,0.4478,0.7893,0.784,
Train1Val_UniProt,cls,bio_core_dna_prot_spliceai,nt_v3_650m,esm1v_650m,Pure_XGBoost_Concat,0.7239,0.7242,0.7199,0.728,0.7221,0.4478,0.7875,0.7664,
Train1Val_UniProt,cls,bio_core_dna_prot_spliceai,nt_v2_500m,esm2_650m,PyTorch_CrossAttn,0.7232,0.743,0.6792,0.7668,0.7097,0.4478,0.7783,0.7495,
Train1Val_UniProt,center,dna_prot,nt_v1_500m,esmc_600m,Hybrid_Transformer_XGBoost,0.7232,0.7414,0.6822,0.7638,0.7106,0.4476,0.7897,0.7875,
Train1Val_UniProt,center,dna_prot,nt_v1_500m,esm1b_650m,Pure_XGBoost_Concat,0.7209,0.7626,0.6386,0.8027,0.6951,0.4474,0.7843,0.7758,
Train1Val_UniProt,center,dna_prot_spliceai,nt_v3_650m,esm2_650m,Pure_XGBoost_Concat,0.7217,0.7557,0.6521,0.7907,0.7001,0.4473,0.7809,0.7698,
Train1Val_UniProt,mean,bio_core_dna_prot_spliceai,nt_v1_500m,esm1v_650m,PyTorch_Transformer,0.7217,0.7557,0.6521,0.7907,0.7001,0.4473,0.7885,0.7519,
Train1Val_UniProt,center,dna_prot,nt_v3_650m,esm1v_650m,Hybrid_Transformer_XGBoost,0.7224,0.7475,0.6687,0.7758,0.7059,0.4471,0.7825,0.7723,
Train1Val_UniProt,mean,bio_core_dna_prot_spliceai_geom,nt_v2_500m,esm1b_650m,Pure_XGBoost_Concat,0.7172,0.7853,0.5949,0.8386,0.6769,0.4471,0.793,0.772,dna_LLR+dna_LVD_Cosine+prot_LID
Train1Val_UniProt,mean,bio_core_dna_prot_spliceai_geom,nt_v2_500m,esm1b_650m,Pure_XGBoost_Concat,0.7164,0.7895,0.5873,0.8445,0.6736,0.4471,0.7963,0.775,dna_LID+prot_LVD_L2+prot_LID
Train1Val_UniProt,mean,dna_prot,nt_v2_500m,esm1b_650m,PyTorch_Gating,0.7142,0.8004,0.5678,0.8595,0.6643,0.4469,0.7989,0.7806,
Train1Val_UniProt,mean,bio_core_dna_prot_spliceai_geom,nt_v2_500m,esm1b_650m,Pure_XGBoost_Concat,0.7164,0.7883,0.5889,0.843,0.6741,0.4468,0.7982,0.7751,dna_LVD_L2+dna_LVD_Cosine+dna_LID+prot_LVD_Cosine+prot_LID
Train1Val_UniProt,mean,bio_core_dna_prot,nt_v1_500m,esm1v_650m,Hybrid_Concat_XGBoost,0.7232,0.7166,0.7349,0.7115,0.7257,0.4466,0.7908,0.7627,
Train1Val_UniProt,cls,bio_core_dna_prot_spliceai,nt_v2_500m,esmc_600m,Hybrid_Gating_XGBoost,0.7232,0.7172,0.7334,0.713,0.7252,0.4465,0.7835,0.7606,
Train1Val_UniProt,mean,bio_core_dna_prot_spliceai_geom,nt_v2_500m,esm1b_650m,Pure_XGBoost_Concat,0.7179,0.7791,0.6054,0.8296,0.6814,0.4465,0.7938,0.7743,dna_LVD_L2+dna_LVD_Cosine+dna_LID+prot_LVD_L2
Train1Val_UniProt,cls,bio_core_dna_prot_spliceai,nt_v3_650m,esm2_650m,Pure_XGBoost_Concat,0.7232,0.7218,0.7229,0.7235,0.7223,0.4464,0.7851,0.7585,
Train1Val_UniProt,mean,bio_core_dna_prot_spliceai_geom,nt_v2_500m,esm1b_650m,Pure_XGBoost_Concat,0.7164,0.7871,0.5904,0.8416,0.6747,0.4464,0.7966,0.7725,dna_LLR+prot_LVD_Cosine+prot_LID
Train1Val_UniProt,center,dna_prot,nt_v2_500m,esmc_600m,Hybrid_Gating_XGBoost,0.7217,0.7504,0.6611,0.7818,0.703,0.4463,0.7839,0.7783,
Train1Val_UniProt,cls,bio_geom,nt_v3_650m,esm1b_650m,Pure_XGBoost_Concat,0.7194,0.7685,0.625,0.8132,0.6894,0.4463,0.8047,0.7883,
Train1Val_UniProt,center,dna_prot_spliceai,nt_v1_500m,esm1b_650m,Hybrid_Transformer_XGBoost,0.7217,0.7504,0.6611,0.7818,0.703,0.4463,0.78,0.7811,
Train1Val_UniProt,mean,dna_prot_spliceai,nt_v1_500m,esm1b_650m,Pure_XGBoost_Concat,0.7194,0.7685,0.625,0.8132,0.6894,0.4463,0.7811,0.765,
Train1Val_UniProt,center,dna_prot_spliceai,nt_v2_500m,esmc_600m,PyTorch_CrossAttn,0.7202,0.7631,0.6355,0.8042,0.6935,0.4462,0.7885,0.7797,
Train1Val_UniProt,mean,bio_core_dna_prot_spliceai_geom,nt_v2_500m,esm1b_650m,Pure_XGBoost_Concat,0.7187,0.7732,0.616,0.8206,0.6857,0.4462,0.8029,0.779,dna_LLR+dna_LVD_L2+dna_LID+prot_LLR+prot_LVD_Cosine
Train1Val_UniProt,center,dna_prot,nt_v3_650m,esm2_650m,Hybrid_Transformer_XGBoost,0.7217,0.7496,0.6627,0.7803,0.7034,0.4461,0.7861,0.7702,
Train1Val_UniProt,center,dna_prot_spliceai,nt_v3_650m,esm2_650m,Hybrid_Concat_XGBoost,0.7217,0.7496,0.6627,0.7803,0.7034,0.4461,0.7809,0.7694,
Train1Val_UniProt,center,dna_prot_spliceai,nt_v2_500m,esm2_650m,Hybrid_Gating_XGBoost,0.7217,0.7496,0.6627,0.7803,0.7034,0.4461,0.7776,0.7645,
Train1Val_UniProt,mean,bio_core_dna_prot_spliceai_geom,nt_v2_500m,esm1b_650m,Pure_XGBoost_Concat,0.7164,0.786,0.5919,0.8401,0.6753,0.4461,0.7954,0.774,dna_LVD_Cosine+prot_LVD_L2+prot_LID
Train1Val_UniProt,cls,bio_core_dna_prot_spliceai,nt_v2_500m,esm2_650m,PyTorch_Transformer,0.7202,0.7622,0.637,0.8027,0.694,0.446,0.78,0.7526,
Train1Val_UniProt,center,dna_prot,nt_v3_650m,esmc_600m,Hybrid_CrossAttn_XGBoost,0.7224,0.7386,0.6852,0.7593,0.7109,0.4459,0.7833,0.7791,
Train1Val_UniProt,cls,bio_core_dna_prot_spliceai,nt_v3_650m,esm1v_650m,PyTorch_Transformer,0.7202,0.7612,0.6386,0.8012,0.6945,0.4458,0.7849,0.7592,
Train1Val_UniProt,center,dna_prot_spliceai,nt_v2_500m,esm1b_650m,Pure_XGBoost_Concat,0.7202,0.7603,0.6401,0.7997,0.695,0.4456,0.7838,0.7761,
Train1Val_UniProt,cls,bio_core_dna_prot_spliceai,nt_v2_500m,esm1v_650m,PyTorch_Concat,0.7187,0.7711,0.619,0.8176,0.6867,0.4456,0.7888,0.7467,
Train1Val_UniProt,mean,dna_prot,nt_v1_500m,esm1b_650m,PyTorch_Gating,0.7157,0.7879,0.5873,0.843,0.673,0.4454,0.7998,0.7872,
Train1Val_UniProt,center,dna_prot_spliceai,nt_v1_500m,esm1b_650m,PyTorch_Transformer,0.7157,0.7879,0.5873,0.843,0.673,0.4454,0.7738,0.7768,
Train1Val_UniProt,cls,dna_prot,nt_v3_650m,esm1b_650m,PyTorch_CrossAttn,0.7172,0.7786,0.6039,0.8296,0.6802,0.4452,0.784,0.7601,
Train1Val_UniProt,center,dna_prot,nt_v1_500m,esmc_600m,PyTorch_Gating,0.7134,0.7987,0.5678,0.858,0.6637,0.4451,0.7841,0.776,
Train1Val_UniProt,center,dna_prot,nt_v3_650m,esm1b_650m,PyTorch_Gating,0.7149,0.791,0.5813,0.8475,0.6701,0.4451,0.7908,0.7871,
Train1Val_UniProt,center,dna_prot,nt_v2_500m,esmc_600m,PyTorch_CrossAttn,0.7112,0.8093,0.5497,0.8714,0.6547,0.4451,0.7886,0.7796,
Train1Val_UniProt,cls,bio_core_dna_prot_spliceai,nt_v1_500m,esm1v_650m,Hybrid_CrossAttn_XGBoost,0.7224,0.7162,0.7334,0.7115,0.7247,0.445,0.7778,0.7487,
Train1Val_UniProt,cls,bio_core_dna_prot_spliceai,nt_v3_650m,esmc_600m,Hybrid_Transformer_XGBoost,0.7224,0.7175,0.7304,0.7145,0.7239,0.445,0.7819,0.7626,
Train1Val_UniProt,cls,bio_core_dna_prot_spliceai,nt_v3_650m,esm1b_650m,Hybrid_Gating_XGBoost,0.7224,0.7214,0.7214,0.7235,0.7214,0.4449,0.7861,0.7656,
Train1Val_UniProt,cls,bio_core_dna_prot_spliceai,nt_v3_650m,esm2_650m,PyTorch_Gating,0.7217,0.7421,0.6762,0.7668,0.7076,0.4449,0.7874,0.7627,
Train1Val_UniProt,cls,bio_core_dna_prot_spliceai,nt_v3_650m,esmc_600m,Hybrid_Gating_XGBoost,0.7224,0.7214,0.7214,0.7235,0.7214,0.4449,0.7832,0.7607,
Train1Val_UniProt,mean,bio_core_dna_prot_spliceai,nt_v2_500m,esmc_600m,Hybrid_Concat_XGBoost,0.7224,0.7214,0.7214,0.7235,0.7214,0.4449,0.7958,0.7813,
Train1Val_UniProt,mean,bio_core_dna_prot,nt_v1_500m,esm1v_650m,Pure_XGBoost_Concat,0.7224,0.7255,0.7123,0.7324,0.7188,0.4449,0.7845,0.7625,
Train1Val_UniProt,center,dna_prot,nt_v2_500m,esm2_650m,Hybrid_Transformer_XGBoost,0.7217,0.7406,0.6792,0.7638,0.7086,0.4447,0.781,0.7653,
Train1Val_UniProt,center,dna_prot,nt_v2_500m,esm1v_650m,Hybrid_CrossAttn_XGBoost,0.7217,0.7406,0.6792,0.7638,0.7086,0.4447,0.7831,0.7666,
Train1Val_UniProt,center,dna_prot_spliceai,nt_v3_650m,esm1v_650m,PyTorch_Gating,0.7157,0.7856,0.5904,0.8401,0.6741,0.4447,0.7838,0.7793,
Train1Val_UniProt,center,dna_prot_spliceai,nt_v3_650m,esmc_600m,PyTorch_CrossAttn,0.7164,0.7815,0.5979,0.8341,0.6775,0.4447,0.7847,0.7801,
Train1Val_UniProt,center,dna_prot_spliceai,nt_v3_650m,esmc_600m,PyTorch_Transformer,0.7164,0.7815,0.5979,0.8341,0.6775,0.4447,0.7917,0.789,
Train1Val_UniProt,mean,bio_core_dna_prot_spliceai_geom,nt_v2_500m,esm1b_650m,Pure_XGBoost_Concat,0.7149,0.7898,0.5828,0.846,0.6707,0.4447,0.7947,0.7726,dna_LVD_L2+dna_LID+prot_LVD_Cosine+prot_LID
Train1Val_UniProt,mean,bio_core_dna_prot_spliceai_geom,nt_v2_500m,esm1b_650m,Pure_XGBoost_Concat,0.7157,0.7856,0.5904,0.8401,0.6741,0.4447,0.7967,0.772,dna_LLR+dna_LVD_Cosine+dna_LID+prot_LVD_L2+prot_LID
Train1Val_UniProt,center,dna_prot,nt_v3_650m,esm1b_650m,Hybrid_Transformer_XGBoost,0.7209,0.7483,0.6627,0.7788,0.7029,0.4445,0.7895,0.7808,
Train1Val_UniProt,mean,prot_spliceai,,esm1b_650m,PyTorch_Concat,0.7142,0.793,0.5768,0.8505,0.6678,0.4445,0.8021,0.7912,
Train1Val_UniProt,center,dna_prot,nt_v2_500m,esmc_600m,PyTorch_Transformer,0.7149,0.7886,0.5843,0.8445,0.6713,0.4444,0.7826,0.7636,
Train1Val_UniProt,mean,dna_prot_spliceai,nt_v3_650m,esm1b_650m,Pure_XGBoost_Concat,0.7187,0.7661,0.6265,0.8102,0.6893,0.4444,0.7834,0.7676,
Train1Val_UniProt,center,prot,,esmc_600m,PyTorch_Concat,0.7134,0.7962,0.5708,0.855,0.6649,0.4443,0.7901,0.7847,
Train1Val_UniProt,center,prot,,esmc_600m,PyTorch_Concat,0.7134,0.7962,0.5708,0.855,0.6649,0.4443,0.7901,0.7847,
Train1Val_UniProt,center,prot,,esmc_600m,PyTorch_Concat,0.7134,0.7962,0.5708,0.855,0.6649,0.4443,0.7901,0.7847,
Train1Val_UniProt,center,prot,,esmc_600m,PyTorch_Concat,0.7134,0.7962,0.5708,0.855,0.6649,0.4443,0.7901,0.7847,
Train1Val_UniProt,center,prot,,esmc_600m,PyTorch_Concat,0.7134,0.7962,0.5708,0.855,0.6649,0.4443,0.7901,0.7847,
Train1Val_UniProt,mean,dna_prot,nt_v3_650m,esm1b_650m,Hybrid_Gating_XGBoost,0.7194,0.7599,0.6386,0.7997,0.6939,0.4442,0.7902,0.7787,
Train1Val_UniProt,mean,bio_core_prot_spliceai,,esm2_650m,PyTorch_Concat,0.7217,0.7367,0.6867,0.7564,0.7108,0.4442,0.7988,0.7709,
Train1Val_UniProt,center,dna_prot,nt_v1_500m,esm1v_650m,Hybrid_Gating_XGBoost,0.7209,0.7458,0.6672,0.7743,0.7043,0.4441,0.7785,0.769,
Train1Val_UniProt,center,dna_prot_spliceai,nt_v1_500m,esm1v_650m,Hybrid_Gating_XGBoost,0.7202,0.753,0.6521,0.7877,0.699,0.4441,0.7844,0.7732,
Train1Val_UniProt,center,dna_prot,nt_v3_650m,esm1b_650m,Pure_XGBoost_Concat,0.7194,0.7589,0.6401,0.7982,0.6944,0.444,0.7791,0.7724,
Train1Val_UniProt,center,dna_prot,nt_v2_500m,esm2_650m,PyTorch_Gating,0.7157,0.7833,0.5934,0.8371,0.6752,0.444,0.7723,0.7615,
Train1Val_UniProt,cls,bio_core_dna_prot_spliceai,nt_v2_500m,esm1b_650m,PyTorch_Gating,0.7209,0.745,0.6687,0.7728,0.7048,0.444,0.7837,0.7549,
Train1Val_UniProt,center,dna_prot_spliceai,nt_v1_500m,esmc_600m,Hybrid_CrossAttn_XGBoost,0.7217,0.7329,0.6943,0.7489,0.7131,0.4439,0.7839,0.7734,
Train1Val_UniProt,mean,dna_prot_spliceai,nt_v2_500m,esm1b_650m,Pure_XGBoost_Concat,0.7187,0.7642,0.6295,0.8072,0.6903,0.4439,0.7798,0.7629,
Train1Val_UniProt,mean,bio_core_dna_prot_spliceai,nt_v2_500m,esm2_650m,PyTorch_Gating,0.7209,0.7425,0.6732,0.7683,0.7062,0.4436,0.7941,0.768,
Train1Val_UniProt,mean,bio_core_dna_prot_spliceai,nt_v3_650m,esm1v_650m,PyTorch_Concat,0.7202,0.7504,0.6566,0.7833,0.7004,0.4435,0.7938,0.7595,
Train1Val_UniProt,cls,bio_core_dna_prot_spliceai,nt_v1_500m,esmc_600m,Hybrid_Transformer_XGBoost,0.7217,0.719,0.7244,0.719,0.7217,0.4434,0.7796,0.7584,
Train1Val_UniProt,cls,bio_core_dna_prot_spliceai,nt_v3_650m,esm1b_650m,Hybrid_Transformer_XGBoost,0.7217,0.7177,0.7274,0.716,0.7225,0.4434,0.7845,0.7634,
Train1Val_UniProt,cls,bio_core_dna_prot_spliceai,nt_v2_500m,esm1b_650m,Pure_XGBoost_Concat,0.7217,0.723,0.7154,0.728,0.7192,0.4434,0.7937,0.764,
Train1Val_UniProt,mean,bio_core_dna_spliceai,nt_v3_650m,,Pure_XGBoost_Concat,0.7217,0.7264,0.7078,0.7354,0.717,0.4434,0.774,0.757,
Train1Val_UniProt,mean,dna_prot_spliceai,nt_v3_650m,esm1b_650m,PyTorch_Gating,0.7127,0.797,0.5678,0.8565,0.6631,0.4434,0.8007,0.7907,
Train1Val_UniProt,mean,dna_prot_spliceai,nt_v3_650m,esmc_600m,Hybrid_Transformer_XGBoost,0.7194,0.7562,0.6446,0.7937,0.6959,0.4434,0.7739,0.773,
Train1Val_UniProt,mean,bio_core_dna_prot,nt_v2_500m,esm1v_650m,Pure_XGBoost_Concat,0.7217,0.725,0.7108,0.7324,0.7179,0.4434,0.7881,0.7631,
Train1Val_UniProt,cls,bio_core_dna_prot_spliceai,nt_v1_500m,esm1b_650m,Hybrid_Concat_XGBoost,0.7217,0.7223,0.7169,0.7265,0.7196,0.4433,0.7915,0.7749,
Train1Val_UniProt,center,dna_prot,nt_v1_500m,esm1b_650m,PyTorch_CrossAttn,0.7134,0.7925,0.5753,0.8505,0.6667,0.4431,0.7726,0.7723,
Train1Val_UniProt,center,dna_prot_spliceai,nt_v1_500m,esmc_600m,PyTorch_Transformer,0.7149,0.784,0.5904,0.8386,0.6735,0.443,0.7898,0.7833,
Train1Val_UniProt,mean,dna_prot_spliceai,nt_v2_500m,esm1b_650m,Hybrid_Transformer_XGBoost,0.7194,0.7544,0.6476,0.7907,0.6969,0.443,0.79,0.7806,
Train1Val_UniProt,mean,bio_core_dna_prot_spliceai_geom,nt_v2_500m,esm1b_650m,Pure_XGBoost_Concat,0.7157,0.78,0.5979,0.8326,0.6769,0.443,0.7942,0.7737,dna_LLR+dna_LVD_L2+dna_LVD_Cosine+prot_LVD_Cosine+prot_LID
Train1Val_UniProt,mean,dna_prot,nt_v3_650m,esm1b_650m,Pure_XGBoost_Concat,0.7172,0.7702,0.616,0.8176,0.6845,0.4428,0.7875,0.7779,
Train1Val_UniProt,center,dna_prot_spliceai,nt_v2_500m,esmc_600m,Hybrid_Transformer_XGBoost,0.7209,0.7362,0.6852,0.7564,0.7098,0.4428,0.786,0.7726,
Train1Val_UniProt,center,dna_prot_spliceai,nt_v2_500m,esm1v_650m,PyTorch_CrossAttn,0.7149,0.7829,0.5919,0.8371,0.6741,0.4426,0.7888,0.778,
Train1Val_UniProt,cls,prot_spliceai,,esm1b_650m,PyTorch_Concat,0.7127,0.7945,0.5708,0.8535,0.6643,0.4426,0.7785,0.7515,
Train1Val_UniProt,mean,bio_core_dna_prot_spliceai_geom,nt_v2_500m,esm1b_650m,Pure_XGBoost_Concat,0.7142,0.787,0.5843,0.843,0.6707,0.4426,0.796,0.7728,dna_LVD_Cosine+dna_LID+prot_LID
Train1Val_UniProt,mean,bio_core_dna_prot_spliceai_geom,nt_v2_500m,esm1b_650m,Pure_XGBoost_Concat,0.7142,0.787,0.5843,0.843,0.6707,0.4426,0.7976,0.7736,dna_LVD_L2+dna_LID+prot_LVD_L2+prot_LVD_Cosine+prot_LID
Train1Val_UniProt,mean,dna_prot,nt_v1_500m,esm1b_650m,PyTorch_Concat,0.7134,0.7901,0.5783,0.8475,0.6678,0.4424,0.7924,0.7776,
Train1Val_UniProt,center,dna_prot_spliceai,nt_v1_500m,esm1v_650m,PyTorch_Concat,0.7134,0.7901,0.5783,0.8475,0.6678,0.4424,0.7816,0.7704,
Train1Val_UniProt,mean,dna_prot_spliceai,nt_v3_650m,esmc_600m,PyTorch_Transformer,0.7134,0.7901,0.5783,0.8475,0.6678,0.4424,0.7883,0.7846,
Train1Val_UniProt,mean,dna_prot_spliceai,nt_v2_500m,esmc_600m,PyTorch_Concat,0.7127,0.7933,0.5723,0.852,0.6649,0.4422,0.7893,0.7836,
Train1Val_UniProt,mean,dna_prot_spliceai,nt_v2_500m,esm1b_650m,Hybrid_Gating_XGBoost,0.7187,0.7567,0.6416,0.7952,0.6944,0.4421,0.7869,0.776,
Train1Val_UniProt,mean,bio_core_dna_prot_spliceai_geom,nt_v2_500m,esm1b_650m,Pure_XGBoost_Concat,0.7172,0.7672,0.6205,0.8132,0.6861,0.4421,0.8074,0.7813,dna_LID+prot_LLR+prot_LVD_Cosine
Train1Val_UniProt,cls,bio_core_dna_prot_spliceai,nt_v2_500m,esmc_600m,Hybrid_Transformer_XGBoost,0.7209,0.7226,0.7139,0.728,0.7182,0.4419,0.7778,0.759,
Train1Val_UniProt,center,dna_prot,nt_v2_500m,esmc_600m,Hybrid_CrossAttn_XGBoost,0.7202,0.7389,0.6777,0.7623,0.707,0.4417,0.7865,0.7738,
Train1Val_UniProt,center,dna_prot,nt_v2_500m,esmc_600m,Pure_XGBoost_Concat,0.7172,0.7652,0.6235,0.8102,0.6871,0.4416,0.7764,0.773,
Train1Val_UniProt,mean,dna_prot,nt_v3_650m,esmc_600m,Pure_XGBoost_Concat,0.7164,0.7698,0.6145,0.8176,0.6834,0.4415,0.7756,0.7678,
Train1Val_UniProt,center,dna_prot,nt_v3_650m,esm2_650m,Hybrid_CrossAttn_XGBoost,0.7194,0.7449,0.6642,0.7743,0.7022,0.4412,0.7845,0.7628,
Train1Val_UniProt,center,dna_prot,nt_v2_500m,esm1v_650m,Hybrid_Transformer_XGBoost,0.7194,0.7449,0.6642,0.7743,0.7022,0.4412,0.7803,0.767,
Train1Val_UniProt,mean,bio_core_dna_prot_spliceai_geom,nt_v2_500m,esm1b_650m,Pure_XGBoost_Concat,0.7142,0.7824,0.5904,0.8371,0.673,0.4412,0.796,0.7742,dna_LLR+dna_LVD_L2+prot_LID
Train1Val_UniProt,mean,bio_core_dna_prot_spliceai_geom,nt_v2_500m,esm1b_650m,Pure_XGBoost_Concat,0.7142,0.7824,0.5904,0.8371,0.673,0.4412,0.7944,0.7688,dna_LLR+dna_LVD_Cosine+dna_LID+prot_LID
Train1Val_UniProt,mean,dna_prot_spliceai,nt_v3_650m,esmc_600m,Hybrid_Concat_XGBoost,0.7179,0.7581,0.637,0.7982,0.6923,0.4411,0.7812,0.7794,
Train1Val_UniProt,mean,dna_prot_spliceai,nt_v2_500m,esm1b_650m,Hybrid_Concat_XGBoost,0.7179,0.7581,0.637,0.7982,0.6923,0.4411,0.7894,0.7763,
Train1Val_UniProt,mean,dna_prot_spliceai,nt_v3_650m,esm1b_650m,PyTorch_Transformer,0.7119,0.7929,0.5708,0.852,0.6637,0.4408,0.7995,0.7812,
Train1Val_UniProt,mean,dna_prot,nt_v3_650m,esm2_650m,Hybrid_CrossAttn_XGBoost,0.7187,0.7496,0.6536,0.7833,0.6983,0.4407,0.7782,0.7593,
Train1Val_UniProt,center,dna_prot_spliceai,nt_v2_500m,esm1b_650m,PyTorch_CrossAttn,0.7149,0.7763,0.6009,0.8281,0.6774,0.4407,0.7859,0.7796,
Train1Val_UniProt,mean,dna_prot_spliceai,nt_v1_500m,esm1b_650m,PyTorch_Concat,0.7134,0.7843,0.5858,0.8401,0.6707,0.4406,0.7924,0.775,
Train1Val_UniProt,cls,dna_prot,nt_v1_500m,esm1b_650m,Hybrid_Transformer_XGBoost,0.7179,0.7553,0.6416,0.7937,0.6938,0.4405,0.7674,0.748,
Train1Val_UniProt,cls,bio_core_prot_spliceai,,esm1v_650m,PyTorch_Concat,0.7187,0.7487,0.6551,0.7818,0.6988,0.4405,0.7845,0.7422,
Train1Val_UniProt,cls,bio_core_dna_prot_spliceai,nt_v3_650m,esmc_600m,PyTorch_Concat,0.7194,0.7401,0.6732,0.7653,0.705,0.4405,0.7919,0.7716,
Train1Val_UniProt,center,dna_prot_spliceai,nt_v1_500m,esm2_650m,PyTorch_Gating,0.7119,0.7917,0.5723,0.8505,0.6643,0.4404,0.7693,0.7533,
Train1Val_UniProt,mean,bio_core_dna_prot_spliceai_geom,nt_v2_500m,esm1b_650m,Pure_XGBoost_Concat,0.7134,0.7831,0.5873,0.8386,0.6713,0.4402,0.7952,0.7722,dna_LLR+dna_LID+prot_LVD_L2+prot_LVD_Cosine+prot_LID
Train1Val_UniProt,cls,dna_prot,nt_v3_650m,esm1b_650m,PyTorch_Concat,0.7127,0.7862,0.5813,0.843,0.6684,0.4399,0.7758,0.7497,
Train1Val_UniProt,center,dna_prot,nt_v2_500m,esm1v_650m,PyTorch_Concat,0.7127,0.7862,0.5813,0.843,0.6684,0.4399,0.7815,0.7639,
Train1Val_UniProt,center,dna_prot,nt_v2_500m,esm1v_650m,PyTorch_Transformer,0.7164,0.7638,0.6235,0.8087,0.6866,0.4399,0.7863,0.7686,
Train1Val_UniProt,mean,dna_prot,nt_v1_500m,esm2_650m,Hybrid_CrossAttn_XGBoost,0.7187,0.7445,0.6627,0.7743,0.7012,0.4398,0.7749,0.7613,
Train1Val_UniProt,mean,dna_prot_spliceai,nt_v1_500m,esm1b_650m,PyTorch_Gating,0.7112,0.7925,0.5693,0.852,0.6626,0.4394,0.7909,0.7777,
Train1Val_UniProt,mean,dna_prot,nt_v2_500m,esm1b_650m,Hybrid_CrossAttn_XGBoost,0.7179,0.7491,0.6521,0.7833,0.6973,0.4393,0.7902,0.7802,
Train1Val_UniProt,center,dna_prot_spliceai,nt_v1_500m,esmc_600m,Hybrid_Transformer_XGBoost,0.7187,0.7404,0.6702,0.7668,0.7036,0.4391,0.7764,0.769,
Train1Val_UniProt,center,prot_spliceai,,esm2_650m,Hybrid_Concat_XGBoost,0.7187,0.7396,0.6717,0.7653,0.704,0.439,0.7772,0.7705,
Train1Val_UniProt,center,dna_prot_spliceai,nt_v2_500m,esm1b_650m,PyTorch_Concat,0.7142,0.7748,0.6009,0.8266,0.6768,0.439,0.7838,0.7777,
Train1Val_UniProt,center,dna_prot_spliceai,nt_v3_650m,esmc_600m,PyTorch_Gating,0.7104,0.7945,0.5648,0.855,0.6602,0.4389,0.7829,0.7779,
Train1Val_UniProt,cls,bio_core_dna_prot_spliceai,nt_v1_500m,esmc_600m,Hybrid_CrossAttn_XGBoost,0.7194,0.7204,0.7139,0.725,0.7171,0.4389,0.7845,0.7634,
Train1Val_UniProt,mean,bio_core_dna_prot_spliceai_geom,nt_v2_500m,esm1b_650m,Pure_XGBoost_Concat,0.7134,0.7787,0.5934,0.8326,0.6735,0.4389,0.7917,0.7642,dna_LLR+dna_LVD_Cosine+prot_LVD_L2+prot_LVD_Cosine+prot_LID
Train1Val_UniProt,mean,bio_core_dna_prot_spliceai,nt_v2_500m,esm1v_650m,PyTorch_Concat,0.7187,0.7373,0.6762,0.7608,0.7054,0.4387,0.7804,0.7466,
Train1Val_UniProt,center,dna_prot_spliceai,nt_v3_650m,esm2_650m,PyTorch_Gating,0.7127,0.7816,0.5873,0.8371,0.6707,0.4385,0.7807,0.7668,
Train1Val_UniProt,mean,dna_prot_spliceai,nt_v3_650m,esm2_650m,Hybrid_CrossAttn_XGBoost,0.7179,0.7449,0.6596,0.7758,0.6997,0.4385,0.7724,0.7564,
Train1Val_UniProt,center,dna_prot,nt_v1_500m,esmc_600m,Pure_XGBoost_Concat,0.7157,0.7624,0.6235,0.8072,0.686,0.4383,0.7809,0.7739,
Train1Val_UniProt,center,dna_prot_spliceai,nt_v3_650m,esm1b_650m,Pure_XGBoost_Concat,0.7164,0.7572,0.634,0.7982,0.6902,0.4383,0.7859,0.7817,
Train1Val_UniProt,cls,bio_core_prot_spliceai,,esm2_650m,PyTorch_Concat,0.7172,0.7504,0.6476,0.7862,0.6952,0.4382,0.7832,0.7502,
Train1Val_UniProt,mean,bio_core_dna_prot_spliceai_geom,nt_v2_500m,esm1b_650m,Pure_XGBoost_Concat,0.7134,0.7765,0.5964,0.8296,0.6746,0.4382,0.7906,0.7707,prot_LID
Train1Val_UniProt,center,dna_prot_spliceai,nt_v1_500m,esm1b_650m,PyTorch_Gating,0.7104,0.792,0.5678,0.852,0.6614,0.4381,0.7816,0.782,
Train1Val_UniProt,center,dna_prot_spliceai,nt_v2_500m,esmc_600m,Hybrid_CrossAttn_XGBoost,0.7187,0.7305,0.6898,0.7474,0.7095,0.4379,0.7856,0.7684,
Train1Val_UniProt,mean,bio_core_dna_prot_spliceai_geom,nt_v2_500m,esm1b_650m,Pure_XGBoost_Concat,0.7112,0.7876,0.5753,0.846,0.6649,0.4379,0.7965,0.7722,dna_LLR+dna_LVD_L2+dna_LVD_Cosine+dna_LID+prot_LID
Train1Val_UniProt,cls,dna_prot_spliceai,nt_v3_650m,esm1b_650m,PyTorch_Transformer,0.7142,0.7706,0.6069,0.8206,0.679,0.4378,0.7783,0.7598,
Train1Val_UniProt,center,prot_spliceai,,esmc_600m,Pure_XGBoost_Concat,0.7164,0.7544,0.6386,0.7937,0.6917,0.4377,0.7813,0.7712,
Train1Val_UniProt,center,dna_prot,nt_v3_650m,esm1v_650m,Pure_XGBoost_Concat,0.7157,0.7596,0.628,0.8027,0.6876,0.4376,0.7697,0.7674,
Train1Val_UniProt,center,dna_prot_spliceai,nt_v1_500m,esm1b_650m,Hybrid_Concat_XGBoost,0.7164,0.7535,0.6401,0.7922,0.6922,0.4375,0.7821,0.7802,
Train1Val_UniProt,center,dna_prot_spliceai,nt_v2_500m,esmc_600m,PyTorch_Concat,0.7127,0.7782,0.5919,0.8326,0.6724,0.4375,0.7879,0.7828,
Train1Val_UniProt,cls,bio_core_dna_prot_spliceai,nt_v2_500m,esm1v_650m,PyTorch_CrossAttn,0.7187,0.7254,0.7003,0.7369,0.7126,0.4375,0.7781,0.7465,
Train1Val_UniProt,mean,bio_core_dna_prot_spliceai_geom,nt_v2_500m,esm1b_650m,Pure_XGBoost_Concat,0.7112,0.7864,0.5768,0.8445,0.6655,0.4375,0.7967,0.7749,dna_LVD_L2+dna_LID+prot_LVD_L2+prot_LID
Train1Val_UniProt,mean,bio_core_dna_prot_spliceai_geom,nt_v2_500m,esm1b_650m,Pure_XGBoost_Concat,0.7119,0.7823,0.5843,0.8386,0.669,0.4375,0.7968,0.7781,dna_LLR+dna_LVD_L2+dna_LID+prot_LVD_Cosine+prot_LID
Train1Val_UniProt,mean,bio_core_dna_prot_spliceai_geom,nt_v2_500m,esm1b_650m,Pure_XGBoost_Concat,0.7119,0.7823,0.5843,0.8386,0.669,0.4375,0.7977,0.778,dna_LLR+dna_LVD_L2+dna_LID+prot_LVD_L2+prot_LVD_Cosine+prot_LID
Train1Val_UniProt,center,dna_prot_spliceai,nt_v2_500m,esm2_650m,PyTorch_CrossAttn,0.7134,0.7733,0.6009,0.8251,0.6763,0.4373,0.7793,0.7645,
Train1Val_UniProt,cls,bio_core_dna_prot_spliceai,nt_v3_650m,esmc_600m,Hybrid_Concat_XGBoost,0.7187,0.7193,0.7139,0.7235,0.7166,0.4373,0.7847,0.7624,
Train1Val_UniProt,center,dna_prot,nt_v1_500m,esmc_600m,PyTorch_Concat,0.7119,0.7811,0.5858,0.8371,0.6695,0.4371,0.781,0.7762,
Train1Val_UniProt,cls,bio_core_dna_prot_spliceai,nt_v2_500m,esmc_600m,PyTorch_Transformer,0.7164,0.7518,0.6431,0.7892,0.6932,0.4371,0.778,0.757,
Train1Val_UniProt,mean,bio_core_dna_prot_spliceai_geom,nt_v2_500m,esm1b_650m,Pure_XGBoost_Concat,0.7119,0.7811,0.5858,0.8371,0.6695,0.4371,0.7951,0.7705,dna_LVD_L2+prot_LID
Train1Val_UniProt,mean,bio_core_dna_prot_spliceai_geom,nt_v2_500m,esm1b_650m,Pure_XGBoost_Concat,0.7119,0.7811,0.5858,0.8371,0.6695,0.4371,0.7967,0.7728,dna_LVD_L2+dna_LVD_Cosine+dna_LID+prot_LID
Train1Val_UniProt,mean,bio_core_dna_prot_spliceai_geom,nt_v2_500m,esm1b_650m,Pure_XGBoost_Concat,0.7119,0.7811,0.5858,0.8371,0.6695,0.4371,0.799,0.7769,dna_LLR+dna_LVD_L2+dna_LID+prot_LVD_L2+prot_LID
Train1Val_UniProt,mean,bio_core_dna_prot_spliceai_geom,nt_v2_500m,esm1b_650m,Pure_XGBoost_Concat,0.7112,0.7853,0.5783,0.843,0.6661,0.4371,0.7979,0.7745,dna_LLR+dna_LVD_Cosine+dna_LID+prot_LVD_Cosine+prot_LID
Train1Val_UniProt,center,dna_prot_spliceai,nt_v3_650m,esm1v_650m,PyTorch_CrossAttn,0.7142,0.7675,0.6114,0.8161,0.6806,0.437,0.7922,0.7872,
Train1Val_UniProt,mean,dna_prot,nt_v1_500m,esmc_600m,Hybrid_Transformer_XGBoost,0.7157,0.7568,0.6325,0.7982,0.6891,0.4369,0.7749,0.7656,
Train1Val_UniProt,center,dna_prot_spliceai,nt_v3_650m,esm1v_650m,Hybrid_Concat_XGBoost,0.7172,0.7436,0.6596,0.7743,0.6991,0.4369,0.7823,0.777,
Train1Val_UniProt,center,dna_prot,nt_v2_500m,esm2_650m,PyTorch_CrossAttn,0.7119,0.78,0.5873,0.8356,0.6701,0.4368,0.7819,0.7675,
Train1Val_UniProt,mean,bio_core_dna_prot_spliceai_geom,nt_v2_500m,esm1b_650m,Pure_XGBoost_Concat,0.7127,0.776,0.5949,0.8296,0.6735,0.4368,0.7946,0.7752,dna_LLR+dna_LVD_Cosine+prot_LVD_L2+prot_LID
Train1Val_UniProt,mean,bio_core_dna_prot_spliceai_geom,nt_v2_500m,esm1b_650m,Pure_XGBoost_Concat,0.7112,0.7841,0.5798,0.8416,0.6667,0.4368,0.7958,0.7724,dna_LVD_Cosine+dna_LID+prot_LVD_L2+prot_LVD_Cosine+prot_LID
Train1Val_UniProt,center,dna_prot,nt_v3_650m,esm2_650m,Pure_XGBoost_Concat,0.7157,0.7558,0.634,0.7967,0.6896,0.4367,0.7808,0.7695,
Train1Val_UniProt,center,dna_prot,nt_v2_500m,esm1b_650m,PyTorch_CrossAttn,0.7142,0.7665,0.613,0.8146,0.6812,0.4367,0.7867,0.7818,
Train1Val_UniProt,mean,dna_prot_spliceai,nt_v2_500m,esm1b_650m,PyTorch_Gating,0.7089,0.7949,0.5602,0.8565,0.6572,0.4366,0.7982,0.78,
Train1Val_UniProt,mean,prot,,esm1b_650m,Pure_XGBoost_Concat,0.7157,0.7549,0.6355,0.7952,0.6901,0.4365,0.7869,0.7763,
Train1Val_UniProt,mean,prot,,esm1b_650m,Pure_XGBoost_Concat,0.7157,0.7549,0.6355,0.7952,0.6901,0.4365,0.7869,0.7763,
Train1Val_UniProt,mean,prot,,esm1b_650m,Pure_XGBoost_Concat,0.7157,0.7549,0.6355,0.7952,0.6901,0.4365,0.7869,0.7763,
Train1Val_UniProt,mean,prot,,esm1b_650m,Pure_XGBoost_Concat,0.7157,0.7549,0.6355,0.7952,0.6901,0.4365,0.7869,0.7763,
Train1Val_UniProt,center,dna_prot_spliceai,nt_v1_500m,esmc_600m,Pure_XGBoost_Concat,0.7157,0.7549,0.6355,0.7952,0.6901,0.4365,0.7824,0.7665,
Train1Val_UniProt,center,dna_prot_spliceai,nt_v1_500m,esm1v_650m,Hybrid_Concat_XGBoost,0.7164,0.7474,0.6506,0.7818,0.6957,0.4362,0.7783,0.7665,
Train1Val_UniProt,cls,bio_core_dna_prot_spliceai,nt_v1_500m,esm1v_650m,Hybrid_Gating_XGBoost,0.7179,0.7093,0.7349,0.701,0.7219,0.4362,0.7773,0.7489,
Train1Val_UniProt,mean,bio_core_dna_prot_spliceai_geom,nt_v2_500m,esm1b_650m,Pure_XGBoost_Concat,0.7119,0.7778,0.5904,0.8326,0.6712,0.4361,0.7955,0.7745,dna_LVD_Cosine+prot_LVD_L2+prot_LVD_Cosine+prot_LID
Train1Val_UniProt,cls,bio_core_dna_prot_spliceai,nt_v1_500m,esm2_650m,Pure_XGBoost_Concat,0.7179,0.7124,0.7274,0.7085,0.7198,0.436,0.785,0.7559,
Train1Val_UniProt,cls,bio_core_dna_prot_spliceai,nt_v2_500m,esm1b_650m,Hybrid_CrossAttn_XGBoost,0.7179,0.713,0.7259,0.71,0.7194,0.436,0.7813,0.7546,
Train1Val_UniProt,mean,dna_prot,nt_v3_650m,esmc_600m,Hybrid_Concat_XGBoost,0.7149,0.7582,0.628,0.8012,0.687,0.4359,0.7735,0.7657,
Train1Val_UniProt,center,dna_prot,nt_v3_650m,esm1v_650m,PyTorch_Transformer,0.7119,0.7767,0.5919,0.8311,0.6718,0.4358,0.786,0.776,
Train1Val_UniProt,center,dna_prot_spliceai,nt_v1_500m,esm1v_650m,Hybrid_CrossAttn_XGBoost,0.7172,0.7356,0.6747,0.7593,0.7038,0.4357,0.7767,0.7704,
Train1Val_UniProt,mean,dna_prot,nt_v3_650m,esm2_650m,Hybrid_Concat_XGBoost,0.7157,0.7504,0.6431,0.7877,0.6926,0.4355,0.7787,0.7588,
Train1Val_UniProt,mean,bio_core_dna_prot_spliceai_geom,nt_v2_500m,esm1b_650m,Pure_XGBoost_Concat,0.7119,0.7756,0.5934,0.8296,0.6724,0.4355,0.7967,0.772,dna_LVD_L2+prot_LVD_L2+prot_LID
Train1Val_UniProt,mean,bio_core_dna_prot_spliceai_geom,nt_v2_500m,esm1b_650m,Pure_XGBoost_Concat,0.7119,0.7756,0.5934,0.8296,0.6724,0.4355,0.7946,0.7715,dna_LLR+prot_LVD_L2+prot_LVD_Cosine+prot_LID
Train1Val_UniProt,cls,dna_prot_spliceai,nt_v3_650m,esmc_600m,PyTorch_Gating,0.7104,0.7837,0.5783,0.8416,0.6655,0.4354,0.7605,0.7621,
Train1Val_UniProt,mean,dna_prot,nt_v2_500m,esm1b_650m,PyTorch_Transformer,0.7089,0.7911,0.5648,0.852,0.6591,0.4353,0.7915,0.7772,
Train1Val_UniProt,center,dna_prot_spliceai,nt_v2_500m,esmc_600m,Pure_XGBoost_Concat,0.7149,0.7554,0.6325,0.7967,0.6885,0.4353,0.7775,0.7749,
Train1Val_UniProt,mean,bio_core_dna_prot_spliceai_geom,nt_v2_500m,esm1b_650m,Pure_XGBoost_Concat,0.7112,0.7784,0.5873,0.8341,0.6695,0.4351,0.7928,0.7688,dna_LVD_L2+dna_LID+prot_LID
Train1Val_UniProt,mean,bio_core_dna_prot_spliceai_geom,nt_v2_500m,esm1b_650m,Pure_XGBoost_Concat,0.7119,0.7745,0.5949,0.8281,0.6729,0.4351,0.7949,0.7718,dna_LLR+dna_LVD_Cosine+prot_LVD_Cosine+prot_LID
Train1Val_UniProt,center,dna_prot_spliceai,nt_v1_500m,esmc_600m,PyTorch_Concat,0.7089,0.7899,0.5663,0.8505,0.6596,0.4349,0.7823,0.7837,
Train1Val_UniProt,mean,bio_core_dna_prot_spliceai_geom,nt_v2_500m,esm1b_650m,Pure_XGBoost_Concat,0.7097,0.7856,0.5738,0.8445,0.6632,0.4348,0.7985,0.7805,dna_LVD_L2+dna_LVD_Cosine+dna_LID+prot_LVD_L2+prot_LID
Train1Val_UniProt,mean,bio_core_dna_prot_spliceai_geom,nt_v2_500m,esm1b_650m,Pure_XGBoost_Concat,0.7112,0.7773,0.5889,0.8326,0.6701,0.4347,0.7964,0.7708,prot_LVD_Cosine+prot_LID
Train1Val_UniProt,cls,bio_core_dna_prot_spliceai,nt_v1_500m,esm2_650m,Hybrid_Concat_XGBoost,0.7172,0.7095,0.7319,0.7025,0.7205,0.4346,0.7744,0.7466,
Train1Val_UniProt,mean,bio_core_dna_prot_spliceai_geom,nt_v2_500m,esm1b_650m,Pure_XGBoost_Concat,0.7104,0.7802,0.5828,0.8371,0.6672,0.4344,0.7973,0.7769,dna_LLR+dna_LVD_L2+dna_LID+prot_LID
Train1Val_UniProt,cls,bio_core_dna_prot_spliceai,nt_v2_500m,esmc_600m,Hybrid_Concat_XGBoost,0.7172,0.7171,0.7139,0.7205,0.7155,0.4343,0.7826,0.7616,
Train1Val_UniProt,mean,dna_prot_spliceai,nt_v1_500m,esm1b_650m,Hybrid_CrossAttn_XGBoost,0.7142,0.7568,0.628,0.7997,0.6864,0.4343,0.7885,0.7836,
Train1Val_UniProt,center,dna_prot,nt_v2_500m,esmc_600m,PyTorch_Concat,0.7112,0.7751,0.5919,0.8296,0.6712,0.4341,0.7912,0.7775,
Train1Val_UniProt,center,dna_prot_spliceai,nt_v1_500m,esm1b_650m,PyTorch_CrossAttn,0.7112,0.7751,0.5919,0.8296,0.6712,0.4341,0.7834,0.7802,
Train1Val_UniProt,mean,dna_prot_spliceai,nt_v3_650m,esm2_650m,PyTorch_Transformer,0.7112,0.7751,0.5919,0.8296,0.6712,0.4341,0.7838,0.7716,
Train1Val_UniProt,mean,bio_core_dna_prot_spliceai_geom,nt_v2_500m,esm1b_650m,Pure_XGBoost_Concat,0.7112,0.7751,0.5919,0.8296,0.6712,0.4341,0.7945,0.7706,dna_LVD_L2+dna_LVD_Cosine+prot_LVD_Cosine+prot_LID
Train1Val_UniProt,mean,dna_prot_spliceai,nt_v2_500m,esm1b_650m,PyTorch_Concat,0.7082,0.7907,0.5633,0.852,0.6579,0.434,0.7903,0.7734,
Train1Val_UniProt,center,dna_prot,nt_v2_500m,esm2_650m,Hybrid_Concat_XGBoost,0.7149,0.7491,0.6431,0.7862,0.6921,0.4339,0.7736,0.7621,
Train1Val_UniProt,center,dna_prot,nt_v3_650m,esm1v_650m,PyTorch_Concat,0.7119,0.7703,0.6009,0.8221,0.6751,0.4339,0.7889,0.7802,
Train1Val_UniProt,mean,dna_prot_spliceai,nt_v1_500m,esmc_600m,PyTorch_CrossAttn,0.7052,0.8045,0.5392,0.87,0.6456,0.4338,0.756,0.768,
Train1Val_UniProt,mean,bio_core_dna_prot_spliceai_geom,nt_v2_500m,esm1b_650m,Pure_XGBoost_Concat,0.7104,0.778,0.5858,0.8341,0.6684,0.4337,0.7951,0.7724,dna_LLR+prot_LVD_L2+prot_LID
Train1Val_UniProt,center,dna_prot,nt_v2_500m,esm2_650m,Hybrid_Gating_XGBoost,0.7157,0.7403,0.6611,0.7698,0.6985,0.4336,0.7742,0.7616,
Train1Val_UniProt,mean,dna_prot_spliceai,nt_v1_500m,esm2_650m,Hybrid_Transformer_XGBoost,0.7157,0.7395,0.6627,0.7683,0.699,0.4335,0.7685,0.7502,
Train1Val_UniProt,mean,dna_prot_spliceai,nt_v2_500m,esm2_650m,Hybrid_Concat_XGBoost,0.7149,0.7474,0.6461,0.7833,0.6931,0.4335,0.7684,0.7521,
Train1Val_UniProt,mean,dna_prot,nt_v2_500m,esm2_650m,Hybrid_CrossAttn_XGBoost,0.7149,0.7465,0.6476,0.7818,0.6935,0.4334,0.7725,0.7583,
Train1Val_UniProt,mean,dna_prot,nt_v3_650m,esm2_650m,Hybrid_Transformer_XGBoost,0.7149,0.7457,0.6491,0.7803,0.694,0.4332,0.7759,0.7709,
Train1Val_UniProt,mean,dna_prot_spliceai,nt_v2_500m,esmc_600m,PyTorch_CrossAttn,0.7112,0.7719,0.5964,0.8251,0.6729,0.4331,0.7832,0.7709,
Train1Val_UniProt,mean,bio_core_dna_prot_spliceai_geom,nt_v2_500m,esm1b_650m,Pure_XGBoost_Concat,0.7104,0.7758,0.5889,0.8311,0.6695,0.433,0.7944,0.7722,dna_LLR+dna_LVD_L2+dna_LVD_Cosine+prot_LVD_L2+prot_LID
Train1Val_UniProt,center,dna_prot_spliceai,nt_v2_500m,esm2_650m,Hybrid_Concat_XGBoost,0.7149,0.744,0.6521,0.7773,0.695,0.4329,0.7734,0.7674,
Train1Val_UniProt,cls,bio_core_dna_prot_spliceai,nt_v1_500m,esm2_650m,Hybrid_CrossAttn_XGBoost,0.7164,0.7134,0.7199,0.713,0.7166,0.4329,0.7715,0.7406,
Train1Val_UniProt,cls,bio_core_dna_prot_spliceai,nt_v1_500m,esm2_650m,Hybrid_Gating_XGBoost,0.7164,0.7122,0.7229,0.71,0.7175,0.4329,0.7699,0.7412,
Train1Val_UniProt,cls,bio_core_dna_prot_spliceai,nt_v3_650m,esm2_650m,Hybrid_Transformer_XGBoost,0.7164,0.7134,0.7199,0.713,0.7166,0.4329,0.7714,0.7347,
Train1Val_UniProt,center,dna_prot,nt_v1_500m,esm1b_650m,Hybrid_Gating_XGBoost,0.7142,0.7504,0.6386,0.7892,0.69,0.4328,0.7814,0.7878,
Train1Val_UniProt,center,dna_prot_spliceai,nt_v3_650m,esm1b_650m,PyTorch_Transformer,0.7112,0.7709,0.5979,0.8236,0.6735,0.4328,0.7872,0.7831,
Train1Val_UniProt,mean,dna_prot_spliceai,nt_v2_500m,esmc_600m,PyTorch_Transformer,0.7082,0.7871,0.5678,0.8475,0.6597,0.4328,0.789,0.7815,
Train1Val_UniProt,center,dna_prot_spliceai,nt_v3_650m,esm2_650m,Hybrid_Gating_XGBoost,0.7149,0.7432,0.6536,0.7758,0.6955,0.4327,0.7766,0.7663,
Train1Val_UniProt,mean,bio_core_dna_prot_spliceai_geom,nt_v2_500m,esm1b_650m,Pure_XGBoost_Concat,0.7104,0.7747,0.5904,0.8296,0.6701,0.4327,0.7934,0.7665,dna_LLR+prot_LID
Train1Val_UniProt,center,dna_prot,nt_v1_500m,esm2_650m,PyTorch_CrossAttn,0.7074,0.7903,0.5617,0.852,0.6567,0.4326,0.7784,0.764,
Train1Val_UniProt,center,dna_prot,nt_v1_500m,esm1b_650m,Hybrid_CrossAttn_XGBoost,0.7142,0.7487,0.6416,0.7862,0.691,0.4325,0.7829,0.7841,
Train1Val_UniProt,center,dna_prot,nt_v3_650m,esm1b_650m,PyTorch_Transformer,0.7082,0.7859,0.5693,0.846,0.6603,0.4324,0.7895,0.789,
Train1Val_UniProt,mean,bio_core_dna_prot_spliceai_geom,nt_v2_500m,esm1b_650m,Pure_XGBoost_Concat,0.7104,0.7736,0.5919,0.8281,0.6706,0.4324,0.7907,0.7684,dna_LLR+dna_LVD_L2+prot_LVD_L2+prot_LID
Train1Val_UniProt,mean,bio_core_dna_prot_spliceai_geom,nt_v2_500m,esm1b_650m,Pure_XGBoost_Concat,0.7104,0.7736,0.5919,0.8281,0.6706,0.4324,0.7927,0.7666,dna_LLR+dna_LVD_L2+dna_LVD_Cosine+prot_LVD_L2+prot_LVD_Cosine+prot_LID
Train1Val_UniProt,center,dna_prot,nt_v3_650m,esm2_650m,PyTorch_Gating,0.7119,0.7642,0.6099,0.8132,0.6784,0.4323,0.7816,0.7702,
Train1Val_UniProt,mean,bio_core_dna_prot_spliceai_geom,nt_v2_500m,esm1b_650m,Pure_XGBoost_Concat,0.7097,0.7776,0.5843,0.8341,0.6672,0.4323,0.7931,0.7731,prot_LVD_L2+prot_LID
Train1Val_UniProt,mean,bio_core_dna_prot_spliceai_geom,nt_v2_500m,esm1b_650m,Pure_XGBoost_Concat,0.7097,0.7776,0.5843,0.8341,0.6672,0.4323,0.7949,0.7728,dna_LLR+dna_LVD_L2+dna_LVD_Cosine+prot_LID
Train1Val_UniProt,mean,dna_prot_spliceai,nt_v1_500m,esmc_600m,PyTorch_Gating,0.7074,0.789,0.5633,0.8505,0.6573,0.4322,0.7733,0.7722,
Train1Val_UniProt,center,dna_prot,nt_v1_500m,esm1b_650m,PyTorch_Transformer,0.7067,0.7923,0.5572,0.855,0.6543,0.432,0.7796,0.7827,
Train1Val_UniProt,center,dna_prot_spliceai,nt_v2_500m,esm2_650m,PyTorch_Transformer,0.7149,0.7391,0.6611,0.7683,0.6979,0.432,0.7821,0.7694,
Train1Val_UniProt,mean,dna_prot_spliceai,nt_v2_500m,esmc_600m,PyTorch_Gating,0.7097,0.7764,0.5858,0.8326,0.6678,0.432,0.7816,0.7802,
Train1Val_UniProt,mean,bio_core_dna_prot_spliceai_geom,nt_v2_500m,esm1b_650m,Pure_XGBoost_Concat,0.7089,0.7805,0.5783,0.8386,0.6644,0.4319,0.7963,0.7738,dna_LLR+dna_LID+prot_LVD_L2+prot_LID
Train1Val_UniProt,mean,dna_prot,nt_v2_500m,esmc_600m,PyTorch_Concat,0.7074,0.7878,0.5648,0.849,0.6579,0.4318,0.7854,0.7764,
Train1Val_UniProt,mean,dna_prot,nt_v2_500m,esmc_600m,PyTorch_Gating,0.7074,0.7878,0.5648,0.849,0.6579,0.4318,0.7831,0.7733,
Train1Val_UniProt,center,dna_prot_spliceai,nt_v1_500m,esm1v_650m,Pure_XGBoost_Concat,0.7134,0.7518,0.634,0.7922,0.6879,0.4318,0.7691,0.7565,
Train1Val_UniProt,center,dna_prot,nt_v3_650m,esm1b_650m,PyTorch_Concat,0.7067,0.791,0.5587,0.8535,0.6549,0.4316,0.7819,0.7826,
Train1Val_UniProt,mean,dna_prot_spliceai,nt_v1_500m,esmc_600m,Hybrid_Gating_XGBoost,0.7134,0.7509,0.6355,0.7907,0.6884,0.4316,0.7635,0.7703,
Train1Val_UniProt,cls,dna_prot_spliceai,nt_v3_650m,esm1b_650m,PyTorch_Concat,0.7074,0.7866,0.5663,0.8475,0.6585,0.4314,0.7747,0.7569,
Train1Val_UniProt,mean,dna_prot_spliceai,nt_v3_650m,esm2_650m,PyTorch_Concat,0.7104,0.7704,0.5964,0.8236,0.6723,0.4314,0.7773,0.766,
Train1Val_UniProt,mean,dna_prot_spliceai,nt_v3_650m,esm2_650m,Hybrid_Transformer_XGBoost,0.7142,0.7427,0.6521,0.7758,0.6945,0.4313,0.7782,0.7699,
Train1Val_UniProt,mean,dna_prot,nt_v1_500m,esm2_650m,PyTorch_Gating,0.7089,0.7782,0.5813,0.8356,0.6655,0.4312,0.7739,0.7566,
Train1Val_UniProt,mean,bio_core_dna_prot_spliceai_geom,nt_v2_500m,esm1b_650m,Pure_XGBoost_Concat,0.7074,0.7854,0.5678,0.846,0.6591,0.431,0.7998,0.7736,dna_LLR+dna_LVD_L2+dna_LVD_Cosine+dna_LID+prot_LVD_Cosine+prot_LID
Train1Val_UniProt,mean,bio_core_dna_prot_spliceai_geom,nt_v2_500m,esm1b_650m,Pure_XGBoost_Concat,0.7089,0.7771,0.5828,0.8341,0.6661,0.4309,0.7961,0.7752,dna_LLR+dna_LVD_L2+dna_LVD_Cosine+dna_LID+prot_LVD_L2+prot_LVD_Cosine+prot_LID
Train1Val_UniProt,mean,dna_prot,nt_v1_500m,esm2_650m,PyTorch_Transformer,0.7127,0.7532,0.6295,0.7952,0.6858,0.4308,0.7737,0.7593,
Train1Val_UniProt,center,prot,,esmc_600m,Pure_XGBoost_Concat,0.7119,0.7583,0.619,0.8042,0.6816,0.4307,0.782,0.7705,
Train1Val_UniProt,cls,dna_prot,nt_v3_650m,esmc_600m,PyTorch_CrossAttn,0.7097,0.7721,0.5919,0.8266,0.6701,0.4307,0.7673,0.7679,
Train1Val_UniProt,center,prot,,esmc_600m,Pure_XGBoost_Concat,0.7119,0.7583,0.619,0.8042,0.6816,0.4307,0.782,0.7705,
Train1Val_UniProt,center,prot,,esmc_600m,Pure_XGBoost_Concat,0.7119,0.7583,0.619,0.8042,0.6816,0.4307,0.782,0.7705,
Train1Val_UniProt,center,prot,,esmc_600m,Pure_XGBoost_Concat,0.7119,0.7583,0.619,0.8042,0.6816,0.4307,0.782,0.7705,
Train1Val_UniProt,center,prot,,esmc_600m,Pure_XGBoost_Concat,0.7119,0.7583,0.619,0.8042,0.6816,0.4307,0.782,0.7705,
Train1Val_UniProt,mean,dna_prot_spliceai,nt_v1_500m,esm2_650m,Hybrid_Concat_XGBoost,0.7134,0.7465,0.6431,0.7833,0.6909,0.4307,0.7651,0.7475,
Train1Val_UniProt,center,dna_prot_spliceai,nt_v2_500m,esm1v_650m,PyTorch_Concat,0.7089,0.776,0.5843,0.8326,0.6667,0.4306,0.7917,0.7723,
Train1Val_UniProt,cls,bio_core_dna_prot_spliceai,nt_v1_500m,esm2_650m,PyTorch_Transformer,0.7134,0.7448,0.6461,0.7803,0.6919,0.4303,0.7821,0.7599,
Train1Val_UniProt,mean,dna_prot_spliceai,nt_v2_500m,esmc_600m,Hybrid_Concat_XGBoost,0.7119,0.7564,0.622,0.8012,0.6826,0.4303,0.7783,0.7666,
Train1Val_UniProt,mean,bio_core_dna_prot_spliceai_geom,nt_v2_500m,esm1b_650m,Pure_XGBoost_Concat,0.7082,0.7789,0.5783,0.8371,0.6638,0.4302,0.7966,0.7748,dna_LID+prot_LID
Train1Val_UniProt,mean,bio_core_dna_prot_spliceai_geom,nt_v2_500m,esm1b_650m,Pure_XGBoost_Concat,0.7082,0.7789,0.5783,0.8371,0.6638,0.4302,0.7963,0.771,dna_LLR+dna_LID+prot_LID
Train1Val_UniProt,mean,bio_core_dna_prot_spliceai_geom,nt_v2_500m,esm1b_650m,Pure_XGBoost_Concat,0.7089,0.7749,0.5858,0.8311,0.6672,0.4302,0.7949,0.7724,dna_LVD_L2+prot_LVD_Cosine+prot_LID
Train1Val_UniProt,mean,bio_core_dna_prot_spliceai_geom,nt_v2_500m,esm1b_650m,Pure_XGBoost_Concat,0.7082,0.7789,0.5783,0.8371,0.6638,0.4302,0.7959,0.7713,dna_LID+prot_LVD_L2+prot_LVD_Cosine+prot_LID
Train1Val_UniProt,cls,dna_prot_spliceai,nt_v2_500m,esm1b_650m,Hybrid_Transformer_XGBoost,0.7134,0.7431,0.6491,0.7773,0.6929,0.43,0.7741,0.7529,
Train1Val_UniProt,center,dna_prot_spliceai,nt_v1_500m,esm2_650m,Hybrid_Transformer_XGBoost,0.7134,0.7423,0.6506,0.7758,0.6934,0.4299,0.7671,0.7482,
Train1Val_UniProt,mean,dna_prot_spliceai,nt_v1_500m,esmc_600m,PyTorch_Transformer,0.7059,0.7894,0.5587,0.852,0.6543,0.4299,0.7738,0.7717,
Train1Val_UniProt,mean,dna_prot,nt_v1_500m,esm1b_650m,Pure_XGBoost_Concat,0.7112,0.7598,0.6145,0.8072,0.6794,0.4298,0.7791,0.7681,
Train1Val_UniProt,center,dna_prot,nt_v1_500m,esm1v_650m,PyTorch_Concat,0.7067,0.785,0.5663,0.846,0.6579,0.4297,0.7784,0.7758,
Train1Val_UniProt,mean,bio_core_dna_prot_spliceai_geom,nt_v2_500m,esm1b_650m,Pure_XGBoost_Concat,0.7089,0.7727,0.5889,0.8281,0.6684,0.4296,0.7937,0.7682,dna_LLR+dna_LVD_L2+prot_LVD_L2+prot_LVD_Cosine+prot_LID
Train1Val_UniProt,mean,bio_core_dna_prot_spliceai_geom,nt_v2_500m,esm1b_650m,Pure_XGBoost_Concat,0.7082,0.7767,0.5813,0.8341,0.6649,0.4295,0.7927,0.7723,dna_LVD_L2+dna_LVD_Cosine+prot_LVD_L2+prot_LID
Train1Val_UniProt,center,dna_prot,nt_v2_500m,esm1b_650m,Hybrid_Transformer_XGBoost,0.7134,0.7398,0.6551,0.7713,0.6949,0.4294,0.7827,0.7786,
Train1Val_UniProt,mean,dna_prot_spliceai,nt_v1_500m,esmc_600m,Hybrid_Concat_XGBoost,0.7119,0.7527,0.628,0.7952,0.6847,0.4294,0.7653,0.7647,
Train1Val_UniProt,mean,dna_prot,nt_v1_500m,esmc_600m,PyTorch_Transformer,0.7052,0.7914,0.5542,0.855,0.6519,0.4293,0.7761,0.7703,
Train1Val_UniProt,mean,dna_prot,nt_v1_500m,esmc_600m,Hybrid_Concat_XGBoost,0.7112,0.7579,0.6175,0.8042,0.6805,0.4293,0.7661,0.7629,
Train1Val_UniProt,mean,bio_core_dna_prot_spliceai_geom,nt_v2_500m,esm1b_650m,Pure_XGBoost_Concat,0.7089,0.7717,0.5904,0.8266,0.6689,0.4293,0.7923,0.7712,dna_LVD_Cosine+prot_LID
Train1Val_UniProt,mean,bio_core_dna_prot_spliceai_geom,nt_v2_500m,esm1b_650m,Pure_XGBoost_Concat,0.7074,0.7796,0.5753,0.8386,0.662,0.4292,0.7925,0.7726,dna_LID+prot_LVD_Cosine+prot_LID
Train1Val_UniProt,mean,dna_prot,nt_v3_650m,esm2_650m,PyTorch_CrossAttn,0.7089,0.7706,0.5919,0.8251,0.6695,0.429,0.7777,0.7631,
Train1Val_UniProt,mean,dna_prot,nt_v3_650m,esmc_600m,Hybrid_Transformer_XGBoost,0.7119,0.7509,0.631,0.7922,0.6858,0.429,0.7747,0.7742,
Train1Val_UniProt,center,dna_prot_spliceai,nt_v3_650m,esm2_650m,Hybrid_Transformer_XGBoost,0.7134,0.7374,0.6596,0.7668,0.6963,0.429,0.7791,0.7584,
Train1Val_UniProt,cls,bio_core_dna_prot_spliceai,nt_v2_500m,esmc_600m,PyTorch_Concat,0.7142,0.7271,0.6822,0.7459,0.704,0.429,0.7714,0.7578,
Train1Val_UniProt,cls,bio_core_dna_prot_spliceai,nt_v2_500m,esm1v_650m,PyTorch_Transformer,0.7127,0.7435,0.6461,0.7788,0.6914,0.4287,0.7803,0.7413,
Train1Val_UniProt,center,dna_prot_spliceai,nt_v1_500m,esm1v_650m,PyTorch_CrossAttn,0.7067,0.7814,0.5708,0.8416,0.6597,0.4285,0.7828,0.7744,
Train1Val_UniProt,mean,dna_prot,nt_v2_500m,esm1b_650m,Pure_XGBoost_Concat,0.7112,0.7541,0.6235,0.7982,0.6826,0.4284,0.7832,0.7654,
Train1Val_UniProt,cls,bio_core_prot_spliceai,,esm2_650m,Hybrid_Concat_XGBoost,0.7142,0.7167,0.7048,0.7235,0.7107,0.4284,0.7748,0.7483,
Train1Val_UniProt,cls,dna_prot_spliceai,nt_v3_650m,esmc_600m,PyTorch_Concat,0.7089,0.7685,0.5949,0.8221,0.6706,0.4284,0.7557,0.7575,
Train1Val_UniProt,cls,bio_core_dna_prot_spliceai,nt_v2_500m,esm2_650m,Hybrid_CrossAttn_XGBoost,0.7142,0.7103,0.7199,0.7085,0.715,0.4284,0.7694,0.7388,
Train1Val_UniProt,center,dna_prot_spliceai,nt_v1_500m,esm2_650m,Hybrid_Gating_XGBoost,0.7127,0.741,0.6506,0.7743,0.6929,0.4283,0.7754,0.7544,
Train1Val_UniProt,cls,bio_core_dna_prot_spliceai,nt_v1_500m,esm2_650m,Hybrid_Transformer_XGBoost,0.7142,0.7141,0.7108,0.7175,0.7125,0.4283,0.7723,0.7388,
Train1Val_UniProt,cls,dna_prot,nt_v3_650m,esm1b_650m,PyTorch_Gating,0.7052,0.7877,0.5587,0.8505,0.6537,0.4281,0.7757,0.7582,
Train1Val_UniProt,mean,dna_prot,nt_v2_500m,esm1b_650m,Hybrid_Concat_XGBoost,0.7112,0.7523,0.6265,0.7952,0.6836,0.428,0.7895,0.7755,
Train1Val_UniProt,center,dna_prot_spliceai,nt_v1_500m,esm2_650m,PyTorch_Transformer,0.7082,0.7712,0.5889,0.8266,0.6678,0.4279,0.7766,0.7637,
Train1Val_UniProt,center,dna_prot_spliceai,nt_v3_650m,esm2_650m,PyTorch_Transformer,0.7082,0.7712,0.5889,0.8266,0.6678,0.4279,0.7758,0.7643,
Train1Val_UniProt,mean,bio_core_dna_prot_spliceai_geom,nt_v2_500m,esm1b_650m,Pure_XGBoost_Concat,0.7074,0.7751,0.5813,0.8326,0.6644,0.4278,0.7917,0.7686,dna_LVD_L2+dna_LVD_Cosine+prot_LVD_L2+prot_LVD_Cosine+prot_LID
Train1Val_UniProt,center,dna_prot,nt_v1_500m,esm2_650m,PyTorch_Gating,0.7059,0.7822,0.5678,0.843,0.6579,0.4275,0.7742,0.7598,
Train1Val_UniProt,mean,dna_prot,nt_v1_500m,esmc_600m,Hybrid_Gating_XGBoost,0.7112,0.7496,0.631,0.7907,0.6852,0.4273,0.767,0.7595,
Train1Val_UniProt,center,dna_prot_spliceai,nt_v3_650m,esm1v_650m,PyTorch_Transformer,0.7082,0.7691,0.5919,0.8236,0.6689,0.4273,0.7856,0.7805,
Train1Val_UniProt,mean,dna_prot_spliceai,nt_v2_500m,esmc_600m,Hybrid_Transformer_XGBoost,0.7112,0.7496,0.631,0.7907,0.6852,0.4273,0.7697,0.769,
Train1Val_UniProt,cls,dna_prot_spliceai,nt_v3_650m,esm1b_650m,PyTorch_Gating,0.7059,0.781,0.5693,0.8416,0.6585,0.4272,0.7835,0.7687,
Train1Val_UniProt,cls,dna_prot_spliceai,nt_v1_500m,esm1b_650m,PyTorch_Concat,0.7089,0.7634,0.6024,0.8146,0.6734,0.4269,0.7741,0.7528,
Train1Val_UniProt,cls,bio_core_dna_prot_spliceai,nt_v3_650m,esm2_650m,Hybrid_Concat_XGBoost,0.7134,0.7169,0.7018,0.725,0.7093,0.4269,0.7755,0.7432,
Train1Val_UniProt,cls,dna_prot_spliceai,nt_v1_500m,esm1b_650m,PyTorch_CrossAttn,0.7067,0.7758,0.5783,0.8341,0.6626,0.4268,0.7747,0.747,
Train1Val_UniProt,mean,bio_core_dna_prot_spliceai_geom,nt_v2_500m,esm1b_650m,Pure_XGBoost_Concat,0.7059,0.7798,0.5708,0.8401,0.6591,0.4268,0.7955,0.7741,dna_LVD_Cosine+dna_LID+prot_LVD_L2+prot_LID
Train1Val_UniProt,cls,dna_prot_spliceai,nt_v2_500m,esm1b_650m,Hybrid_Concat_XGBoost,0.7104,0.7518,0.625,0.7952,0.6826,0.4266,0.7642,0.7466,
Train1Val_UniProt,mean,bio_core_dna_prot_spliceai_geom,nt_v2_500m,esm1b_650m,Pure_XGBoost_Concat,0.7074,0.7708,0.5873,0.8266,0.6667,0.4265,0.7895,0.7667,dna_LVD_Cosine+prot_LVD_Cosine+prot_LID
Train1Val_UniProt,mean,bio_core_dna_prot_spliceai,nt_v1_500m,esmc_600m,PyTorch_CrossAttn,0.7119,0.7381,0.6536,0.7698,0.6933,0.4264,0.781,0.7578,
Train1Val_UniProt,mean,bio_core_dna_prot_spliceai_geom,nt_v2_500m,esm1b_650m,Pure_XGBoost_Concat,0.7059,0.7787,0.5723,0.8386,0.6597,0.4264,0.7944,0.7741,dna_LLR+dna_LVD_L2+dna_LVD_Cosine+dna_LID+prot_LVD_L2+prot_LID
Train1Val_UniProt,cls,dna_prot,nt_v3_650m,esmc_600m,PyTorch_Concat,0.7037,0.7892,0.5527,0.8535,0.6501,0.4262,0.7526,0.7628,
Train1Val_UniProt,mean,dna_prot,nt_v1_500m,esm2_650m,Hybrid_Concat_XGBoost,0.7112,0.7443,0.6401,0.7818,0.6883,0.4262,0.7747,0.7611,
Train1Val_UniProt,mean,bio_core_dna_prot_spliceai_geom,nt_v2_500m,esm1b_650m,Pure_XGBoost_Concat,0.7067,0.7735,0.5813,0.8311,0.6638,0.4261,0.7962,0.7733,dna_LVD_L2+dna_LVD_Cosine+prot_LID
Train1Val_UniProt,mean,dna_prot,nt_v1_500m,esmc_600m,PyTorch_Concat,0.7022,0.796,0.5407,0.8625,0.6439,0.426,0.7701,0.7714,
Train1Val_UniProt,cls,bio_core_dna_prot_spliceai,nt_v2_500m,esm1v_650m,PyTorch_Gating,0.7119,0.7357,0.6581,0.7653,0.6948,0.426,0.7799,0.7425,
Train1Val_UniProt,mean,dna_prot,nt_v2_500m,esmc_600m,Hybrid_Gating_XGBoost,0.7104,0.7491,0.6295,0.7907,0.6841,0.4259,0.7751,0.7655,
Train1Val_UniProt,cls,bio_core_dna_prot_spliceai,nt_v1_500m,esmc_600m,PyTorch_CrossAttn,0.7112,0.7426,0.6431,0.7788,0.6893,0.4259,0.7778,0.7596,
Train1Val_UniProt,center,dna_prot,nt_v1_500m,esm1v_650m,Pure_XGBoost_Concat,0.7097,0.7541,0.619,0.7997,0.6799,0.4258,0.7643,0.7517,
Train1Val_UniProt,mean,dna_prot,nt_v3_650m,esmc_600m,Hybrid_CrossAttn_XGBoost,0.7104,0.7482,0.631,0.7892,0.6846,0.4257,0.7724,0.7758,
Train1Val_UniProt,mean,bio_core_dna_prot_spliceai_geom,nt_v2_500m,esm1b_650m,Pure_XGBoost_Concat,0.7059,0.7764,0.5753,0.8356,0.6609,0.4257,0.7968,0.776,dna_LVD_L2+dna_LVD_Cosine+dna_LID+prot_LVD_L2+prot_LVD_Cosine+prot_LID
Train1Val_UniProt,cls,dna_prot,nt_v1_500m,esm1b_650m,PyTorch_Gating,0.7059,0.7753,0.5768,0.8341,0.6615,0.4254,0.7751,0.7509,
Train1Val_UniProt,cls,bio_core_dna_prot_spliceai,nt_v2_500m,esm2_650m,Hybrid_Transformer_XGBoost,0.7127,0.7158,0.7018,0.7235,0.7087,0.4254,0.7723,0.7429,
Train1Val_UniProt,cls,dna_prot_spliceai,nt_v1_500m,esm1b_650m,Hybrid_CrossAttn_XGBoost,0.7104,0.7456,0.6355,0.7848,0.6862,0.4252,0.7689,0.7536,
Train1Val_UniProt,mean,dna_prot,nt_v1_500m,esmc_600m,PyTorch_CrossAttn,0.7022,0.7934,0.5437,0.8595,0.6452,0.4251,0.7684,0.7703,
Train1Val_UniProt,center,dna_prot_spliceai,nt_v1_500m,esm1b_650m,PyTorch_Concat,0.7014,0.7969,0.5377,0.864,0.6421,0.4251,0.7807,0.7831,
Train1Val_UniProt,mean,bio_core_dna_prot_spliceai_geom,nt_v2_500m,esm1b_650m,Pure_XGBoost_Concat,0.7059,0.7742,0.5783,0.8326,0.6621,0.425,0.7936,0.7699,dna_LLR+dna_LVD_Cosine+dna_LID+prot_LVD_L2+prot_LVD_Cosine+prot_LID
Train1Val_UniProt,center,dna_prot,nt_v3_650m,esm1v_650m,PyTorch_CrossAttn,0.7037,0.7856,0.5572,0.849,0.652,0.4249,0.791,0.7869,
Train1Val_UniProt,center,dna_prot,nt_v1_500m,esm1b_650m,Hybrid_Concat_XGBoost,0.7104,0.7439,0.6386,0.7818,0.6872,0.4248,0.7767,0.7795,
Train1Val_UniProt,center,dna_prot_spliceai,nt_v1_500m,esm1v_650m,PyTorch_Gating,0.7044,0.7812,0.5648,0.843,0.6556,0.4248,0.7851,0.7799,
Train1Val_UniProt,center,dna_prot,nt_v2_500m,esm2_650m,Pure_XGBoost_Concat,0.7097,0.7495,0.6265,0.7922,0.6825,0.4247,0.7711,0.7602,
Train1Val_UniProt,cls,bio_core_dna_prot_spliceai,nt_v2_500m,esmc_600m,PyTorch_CrossAttn,0.7119,0.7265,0.6762,0.7474,0.7005,0.4247,0.7797,0.7623,
Train1Val_UniProt,center,dna_prot_spliceai,nt_v3_650m,esm1b_650m,Hybrid_Concat_XGBoost,0.7104,0.743,0.6401,0.7803,0.6877,0.4246,0.7856,0.7741,
Train1Val_UniProt,mean,dna_prot_spliceai,nt_v2_500m,esm2_650m,PyTorch_Gating,0.7067,0.7682,0.5889,0.8236,0.6667,0.4245,0.7752,0.7635,
Train1Val_UniProt,cls,prot_spliceai,,esmc_600m,PyTorch_Concat,0.7059,0.772,0.5813,0.8296,0.6632,0.4244,0.7718,0.7706,
Train1Val_UniProt,center,dna_prot,nt_v1_500m,esm1b_650m,Hybrid_Transformer_XGBoost,0.7104,0.7413,0.6431,0.7773,0.6887,0.4243,0.7739,0.7724,
Train1Val_UniProt,cls,prot,,esm1b_650m,PyTorch_Concat,0.7014,0.7942,0.5407,0.861,0.6434,0.4242,0.78,0.7591,
Train1Val_UniProt,cls,prot,,esm1b_650m,PyTorch_Concat,0.7014,0.7942,0.5407,0.861,0.6434,0.4242,0.78,0.7591,
Train1Val_UniProt,cls,prot,,esm1b_650m,PyTorch_Concat,0.7014,0.7942,0.5407,0.861,0.6434,0.4242,0.78,0.7591,
Train1Val_UniProt,cls,prot,,esm1b_650m,PyTorch_Concat,0.7014,0.7942,0.5407,0.861,0.6434,0.4242,0.78,0.7591,
Train1Val_UniProt,cls,prot,,esm1b_650m,PyTorch_Concat,0.7014,0.7942,0.5407,0.861,0.6434,0.4242,0.78,0.7591,
Train1Val_UniProt,mean,dna_prot,nt_v1_500m,esmc_600m,Pure_XGBoost_Concat,0.7074,0.7615,0.6009,0.8132,0.6717,0.4239,0.7754,0.7689,
Train1Val_UniProt,cls,bio_core_dna_prot_spliceai,nt_v3_650m,esmc_600m,PyTorch_Transformer,0.7104,0.7388,0.6476,0.7728,0.6902,0.4238,0.7851,0.769,
Train1Val_UniProt,cls,dna_prot,nt_v1_500m,esm1b_650m,Hybrid_Concat_XGBoost,0.7089,0.7509,0.622,0.7952,0.6804,0.4237,0.7627,0.7478,
Train1Val_UniProt,center,dna_prot,nt_v1_500m,esm1b_650m,PyTorch_Gating,0.7029,0.7851,0.5557,0.849,0.6508,0.4236,0.7801,0.7767,
Train1Val_UniProt,center,dna_prot,nt_v1_500m,esm1v_650m,Hybrid_Concat_XGBoost,0.7097,0.7443,0.6355,0.7833,0.6856,0.4235,0.7781,0.7692,
Train1Val_UniProt,center,dna_prot_spliceai,nt_v2_500m,esm2_650m,Pure_XGBoost_Concat,0.7097,0.7443,0.6355,0.7833,0.6856,0.4235,0.7737,0.7593,
Train1Val_UniProt,mean,dna_prot_spliceai,nt_v3_650m,esmc_600m,Pure_XGBoost_Concat,0.7082,0.7551,0.613,0.8027,0.6766,0.4235,0.7737,0.7641,
Train1Val_UniProt,center,dna_prot,nt_v1_500m,esm2_650m,PyTorch_Concat,0.7037,0.7808,0.5633,0.843,0.6544,0.4234,0.7783,0.7618,
Train1Val_UniProt,center,dna_prot,nt_v2_500m,esm2_650m,PyTorch_Transformer,0.7059,0.7688,0.5858,0.8251,0.665,0.4234,0.7793,0.7547,
Train1Val_UniProt,center,dna_prot,nt_v3_650m,esm2_650m,PyTorch_CrossAttn,0.7014,0.7917,0.5437,0.858,0.6446,0.4233,0.7844,0.7728,
Train1Val_UniProt,center,dna_prot,nt_v2_500m,esm1b_650m,PyTorch_Gating,0.7052,0.7726,0.5783,0.8311,0.6615,0.4233,0.79,0.7877,
Train1Val_UniProt,center,dna_prot_spliceai,nt_v2_500m,esm1v_650m,PyTorch_Transformer,0.7044,0.7766,0.5708,0.8371,0.658,0.4233,0.7786,0.7665,
Train1Val_UniProt,mean,dna_prot,nt_v2_500m,esm2_650m,Hybrid_Transformer_XGBoost,0.7104,0.7356,0.6536,0.7668,0.6922,0.4232,0.7711,0.7617,
Train1Val_UniProt,center,dna_prot,nt_v3_650m,esm1v_650m,PyTorch_Gating,0.7029,0.7839,0.5572,0.8475,0.6514,0.4232,0.7818,0.7749,
Train1Val_UniProt,mean,bio_core_dna_prot_spliceai,nt_v1_500m,esmc_600m,PyTorch_Concat,0.7097,0.7426,0.6386,0.7803,0.6866,0.4232,0.7864,0.7728,
Train1Val_UniProt,mean,dna_prot_spliceai,nt_v3_650m,esm2_650m,Hybrid_Gating_XGBoost,0.7097,0.7426,0.6386,0.7803,0.6866,0.4232,0.7729,0.7554,
Train1Val_UniProt,cls,dna_prot,nt_v3_650m,esmc_600m,PyTorch_Gating,0.7022,0.7871,0.5512,0.852,0.6484,0.423,0.7448,0.7573,
Train1Val_UniProt,mean,bio_core_dna_prot_spliceai_geom,nt_v2_500m,esm1b_650m,Pure_XGBoost_Concat,0.7052,0.7715,0.5798,0.8296,0.6621,0.423,0.7981,0.7769,dna_LLR+dna_LID+prot_LVD_Cosine+prot_LID
Train1Val_UniProt,center,prot_spliceai,,esm1v_650m,Pure_XGBoost_Concat,0.7097,0.7409,0.6416,0.7773,0.6877,0.4228,0.774,0.7649,
Train1Val_UniProt,mean,dna_prot_spliceai,nt_v1_500m,esmc_600m,PyTorch_Concat,0.7029,0.7827,0.5587,0.846,0.652,0.4228,0.772,0.7705,
Train1Val_UniProt,center,dna_prot,nt_v1_500m,esm2_650m,Hybrid_CrossAttn_XGBoost,0.7104,0.7317,0.6611,0.7593,0.6946,0.4226,0.7767,0.7556,
Train1Val_UniProt,center,dna_prot,nt_v2_500m,esm1v_650m,PyTorch_Gating,0.7044,0.7744,0.5738,0.8341,0.6592,0.4226,0.7829,0.7751,
Train1Val_UniProt,center,prot_spliceai,,esm2_650m,Pure_XGBoost_Concat,0.7089,0.7456,0.631,0.7862,0.6835,0.4225,0.7761,0.7658,
Train1Val_UniProt,cls,dna_prot_spliceai,nt_v3_650m,esm1b_650m,PyTorch_CrossAttn,0.7029,0.7815,0.5602,0.8445,0.6526,0.4224,0.7744,0.7492,
Train1Val_UniProt,cls,bio_core_dna_prot_spliceai,nt_v3_650m,esm2_650m,Hybrid_CrossAttn_XGBoost,0.7112,0.7079,0.7154,0.707,0.7116,0.4224,0.7718,0.7405,
Train1Val_UniProt,cls,dna_prot,nt_v1_500m,esm1b_650m,PyTorch_CrossAttn,0.7037,0.7773,0.5678,0.8386,0.6562,0.4223,0.7791,0.7572,
Train1Val_UniProt,cls,dna_prot_spliceai,nt_v3_650m,esm1b_650m,Hybrid_Concat_XGBoost,0.7089,0.7447,0.6325,0.7848,0.684,0.4223,0.7668,0.7506,
Train1Val_UniProt,mean,dna_prot_spliceai,nt_v2_500m,esm1v_650m,Hybrid_Gating_XGBoost,0.7097,0.7376,0.6476,0.7713,0.6897,0.4222,0.767,0.7493,
Train1Val_UniProt,cls,bio_core_dna_prot_spliceai,nt_v1_500m,esmc_600m,PyTorch_Transformer,0.7074,0.7546,0.6114,0.8027,0.6755,0.4221,0.7823,0.7696,
Train1Val_UniProt,mean,bio_core_dna_prot_spliceai_geom,nt_v2_500m,esm1b_650m,Pure_XGBoost_Concat,0.7052,0.7683,0.5843,0.8251,0.6638,0.422,0.7916,0.769,prot_LVD_L2+prot_LVD_Cosine+prot_LID
Train1Val_UniProt,cls,dna_prot,nt_v2_500m,esm1b_650m,Pure_XGBoost_Concat,0.7082,0.7486,0.6235,0.7922,0.6804,0.4219,0.7762,0.7591,
Train1Val_UniProt,center,dna_prot,nt_v1_500m,esm1v_650m,Hybrid_Transformer_XGBoost,0.7104,0.7264,0.6717,0.7489,0.698,0.4219,0.7769,0.7704,
Train1Val_UniProt,mean,dna_prot_spliceai,nt_v1_500m,esmc_600m,Pure_XGBoost_Concat,0.7074,0.7537,0.613,0.8012,0.6761,0.4218,0.7738,0.7684,
Train1Val_UniProt,mean,dna_prot_spliceai,nt_v1_500m,esmc_600m,Hybrid_Transformer_XGBoost,0.7089,0.7421,0.637,0.7803,0.6856,0.4218,0.7642,0.7676,
Train1Val_UniProt,mean,dna_prot_spliceai,nt_v3_650m,esmc_600m,Hybrid_Gating_XGBoost,0.7089,0.7421,0.637,0.7803,0.6856,0.4218,0.7737,0.7666,
Train1Val_UniProt,mean,dna_prot_spliceai,nt_v2_500m,esm2_650m,Hybrid_CrossAttn_XGBoost,0.7089,0.7421,0.637,0.7803,0.6856,0.4218,0.7743,0.7603,
Train1Val_UniProt,mean,dna_prot,nt_v1_500m,esm2_650m,PyTorch_Concat,0.7044,0.7711,0.5783,0.8296,0.6609,0.4216,0.7728,0.7577,
Train1Val_UniProt,cls,bio_core_dna_prot_spliceai,nt_v1_500m,esmc_600m,PyTorch_Concat,0.7089,0.7413,0.6386,0.7788,0.6861,0.4216,0.782,0.7689,
Train1Val_UniProt,cls,bio_core_dna_prot_spliceai,nt_v3_650m,esm2_650m,PyTorch_Concat,0.7089,0.7413,0.6386,0.7788,0.6861,0.4216,0.7721,0.7406,
Train1Val_UniProt,cls,dna_prot_spliceai,nt_v3_650m,esmc_600m,PyTorch_Transformer,0.7014,0.7866,0.5497,0.852,0.6472,0.4216,0.7594,0.7655,
Train1Val_UniProt,mean,dna_prot,nt_v3_650m,esm2_650m,Hybrid_Gating_XGBoost,0.7089,0.7404,0.6401,0.7773,0.6866,0.4214,0.7685,0.7492,
Train1Val_UniProt,mean,dna_prot,nt_v3_650m,esm2_650m,PyTorch_Gating,0.7029,0.778,0.5648,0.8401,0.6545,0.4213,0.7837,0.7691,
Train1Val_UniProt,cls,bio_core_dna_prot_spliceai,nt_v2_500m,esm2_650m,PyTorch_Gating,0.7097,0.732,0.6581,0.7608,0.6931,0.4213,0.7722,0.7479,
Train1Val_UniProt,cls,dna_prot_spliceai,nt_v3_650m,esm1b_650m,Hybrid_Transformer_XGBoost,0.7089,0.7396,0.6416,0.7758,0.6871,0.4212,0.7751,0.7625,
Train1Val_UniProt,center,dna_prot,nt_v2_500m,esm1b_650m,PyTorch_Transformer,0.7059,0.7605,0.5979,0.8132,0.6695,0.4211,0.7839,0.7779,
Train1Val_UniProt,center,dna_prot_spliceai,nt_v3_650m,esm1v_650m,Pure_XGBoost_Concat,0.7082,0.7442,0.631,0.7848,0.683,0.4209,0.7724,0.7671,
Train1Val_UniProt,center,dna_prot_spliceai,nt_v2_500m,esm2_650m,PyTorch_Concat,0.7067,0.7551,0.6084,0.8042,0.6739,0.4209,0.7755,0.7605,
Train1Val_UniProt,cls,prot_spliceai,,esm1b_650m,Hybrid_Concat_XGBoost,0.7082,0.7442,0.631,0.7848,0.683,0.4209,0.763,0.7463,
Train1Val_UniProt,cls,bio_core_dna_prot_spliceai,nt_v2_500m,esmc_600m,PyTorch_Gating,0.7074,0.75,0.619,0.7952,0.6782,0.4209,0.7807,0.7627,
Train1Val_UniProt,cls,dna_prot_spliceai,nt_v2_500m,esm1b_650m,Hybrid_CrossAttn_XGBoost,0.7082,0.7434,0.6325,0.7833,0.6835,0.4207,0.7687,0.747,
Train1Val_UniProt,mean,dna_prot_spliceai,nt_v3_650m,esm2_650m,Hybrid_Concat_XGBoost,0.7082,0.7434,0.6325,0.7833,0.6835,0.4207,0.7777,0.758,
Train1Val_UniProt,cls,dna_prot_spliceai,nt_v3_650m,esmc_600m,PyTorch_CrossAttn,0.6992,0.7942,0.5346,0.8625,0.6391,0.4206,0.7594,0.7627,
Train1Val_UniProt,center,dna_prot,nt_v1_500m,esm1b_650m,PyTorch_Concat,0.7014,0.783,0.5542,0.8475,0.649,0.4204,0.7782,0.7757,
Train1Val_UniProt,center,dna_prot,nt_v1_500m,esm1v_650m,PyTorch_Gating,0.7014,0.783,0.5542,0.8475,0.649,0.4204,0.7788,0.7747,
Train1Val_UniProt,mean,bio_core_dna_prot_spliceai,nt_v1_500m,esmc_600m,PyTorch_Gating,0.7097,0.7259,0.6702,0.7489,0.6969,0.4204,0.7835,0.7659,
Train1Val_UniProt,mean,dna_prot_spliceai,nt_v3_650m,esm2_650m,PyTorch_CrossAttn,0.7014,0.783,0.5542,0.8475,0.649,0.4204,0.7786,0.7674,
Train1Val_UniProt,center,dna_prot_spliceai,nt_v1_500m,esm1v_650m,Hybrid_Transformer_XGBoost,0.7097,0.7252,0.6717,0.7474,0.6974,0.4203,0.7702,0.7561,
Train1Val_UniProt,cls,dna_prot_spliceai,nt_v1_500m,esm1b_650m,PyTorch_Gating,0.7029,0.7735,0.5708,0.8341,0.6568,0.4199,0.7811,0.7641,
Train1Val_UniProt,cls,prot,,esm1b_650m,Pure_XGBoost_Concat,0.7067,0.7505,0.616,0.7967,0.6766,0.4197,0.7656,0.7537,
Train1Val_UniProt,mean,dna_prot,nt_v1_500m,esmc_600m,Hybrid_CrossAttn_XGBoost,0.7067,0.7505,0.616,0.7967,0.6766,0.4197,0.7644,0.7665,
Train1Val_UniProt,cls,prot,,esm1b_650m,Pure_XGBoost_Concat,0.7067,0.7505,0.616,0.7967,0.6766,0.4197,0.7656,0.7537,
Train1Val_UniProt,cls,prot,,esm1b_650m,Pure_XGBoost_Concat,0.7067,0.7505,0.616,0.7967,0.6766,0.4197,0.7656,0.7537,
Train1Val_UniProt,cls,prot,,esm1b_650m,Pure_XGBoost_Concat,0.7067,0.7505,0.616,0.7967,0.6766,0.4197,0.7656,0.7537,
Train1Val_UniProt,cls,prot,,esm1b_650m,Pure_XGBoost_Concat,0.7067,0.7505,0.616,0.7967,0.6766,0.4197,0.7656,0.7537,
Train1Val_UniProt,mean,dna_prot,nt_v3_650m,esmc_600m,Hybrid_Gating_XGBoost,0.7074,0.7438,0.6295,0.7848,0.6819,0.4195,0.7764,0.7741,
Train1Val_UniProt,mean,dna_prot,nt_v2_500m,esmc_600m,PyTorch_CrossAttn,0.7029,0.7724,0.5723,0.8326,0.6574,0.4195,0.7787,0.7712,
Train1Val_UniProt,mean,dna_prot_spliceai,nt_v2_500m,esm2_650m,PyTorch_CrossAttn,0.7082,0.7375,0.6431,0.7728,0.687,0.4195,0.7768,0.7689,
Train1Val_UniProt,center,dna_prot,nt_v3_650m,esm2_650m,PyTorch_Transformer,0.7014,0.7794,0.5587,0.843,0.6509,0.4193,0.7833,0.7743,
Train1Val_UniProt,center,dna_prot_spliceai,nt_v2_500m,esm1v_650m,PyTorch_Gating,0.6999,0.787,0.5452,0.8535,0.6441,0.4193,0.7792,0.7699,
Train1Val_UniProt,center,dna_prot,nt_v2_500m,esm1v_650m,PyTorch_CrossAttn,0.7022,0.7753,0.5663,0.8371,0.6545,0.4192,0.7903,0.7777,
Train1Val_UniProt,mean,dna_prot_spliceai,nt_v1_500m,esm2_650m,PyTorch_Transformer,0.7052,0.7581,0.5994,0.8102,0.6695,0.4191,0.7842,0.7653,
Train1Val_UniProt,mean,dna_prot,nt_v2_500m,esm2_650m,Hybrid_Concat_XGBoost,0.7074,0.7412,0.634,0.7803,0.6834,0.4189,0.7693,0.7529,
Train1Val_UniProt,cls,dna_prot,nt_v2_500m,esmc_600m,Pure_XGBoost_Concat,0.7029,0.7702,0.5753,0.8296,0.6586,0.4188,0.7602,0.7604,
Train1Val_UniProt,cls,prot,,esm1b_650m,Hybrid_Concat_XGBoost,0.7067,0.7468,0.622,0.7907,0.6787,0.4188,0.7719,0.7607,
Train1Val_UniProt,cls,prot,,esm1b_650m,Hybrid_Concat_XGBoost,0.7067,0.7468,0.622,0.7907,0.6787,0.4188,0.7719,0.7607,
Train1Val_UniProt,cls,prot,,esm1b_650m,Hybrid_Concat_XGBoost,0.7067,0.7468,0.622,0.7907,0.6787,0.4188,0.7719,0.7607,
Train1Val_UniProt,cls,prot,,esm1b_650m,Hybrid_Concat_XGBoost,0.7067,0.7468,0.622,0.7907,0.6787,0.4188,0.7719,0.7607,
Train1Val_UniProt,center,dna_prot_spliceai,nt_v2_500m,esm1v_650m,Pure_XGBoost_Concat,0.7067,0.7468,0.622,0.7907,0.6787,0.4188,0.7731,0.7633,
Train1Val_UniProt,cls,prot,,esm1b_650m,Hybrid_Concat_XGBoost,0.7067,0.7468,0.622,0.7907,0.6787,0.4188,0.7719,0.7607,
Train1Val_UniProt,cls,bio_core_dna_prot_spliceai,nt_v1_500m,esm2_650m,PyTorch_Gating,0.7074,0.7395,0.637,0.7773,0.6845,0.4186,0.7773,0.7476,
Train1Val_UniProt,cls,dna_prot,nt_v2_500m,esmc_600m,Hybrid_Concat_XGBoost,0.7044,0.7606,0.5934,0.8146,0.6667,0.4185,0.7476,0.7497,
Train1Val_UniProt,mean,prot_spliceai,,esm2_650m,PyTorch_Concat,0.7007,0.7801,0.5557,0.8445,0.6491,0.4183,0.784,0.7787,
Train1Val_UniProt,cls,dna_prot,nt_v1_500m,esm1b_650m,PyTorch_Transformer,0.7014,0.7759,0.5633,0.8386,0.6527,0.4182,0.7789,0.7536,
Train1Val_UniProt,mean,dna_prot,nt_v3_650m,esm2_650m,PyTorch_Transformer,0.7029,0.768,0.5783,0.8266,0.6598,0.4182,0.7781,0.7708,
Train1Val_UniProt,cls,dna_prot,nt_v1_500m,esm1b_650m,Hybrid_Gating_XGBoost,0.7067,0.7433,0.628,0.7848,0.6808,0.418,0.7703,0.7524,
Train1Val_UniProt,center,dna_prot_spliceai,nt_v1_500m,esm1b_650m,Hybrid_Gating_XGBoost,0.7067,0.7433,0.628,0.7848,0.6808,0.418,0.7744,0.7762,
Train1Val_UniProt,center,dna_prot_spliceai,nt_v3_650m,esm2_650m,PyTorch_Concat,0.7044,0.7586,0.5964,0.8117,0.6678,0.418,0.774,0.7583,
Train1Val_UniProt,center,dna_prot_spliceai,nt_v3_650m,esm2_650m,PyTorch_CrossAttn,0.7007,0.7789,0.5572,0.843,0.6497,0.4179,0.7822,0.7757,
Train1Val_UniProt,cls,dna_prot_spliceai,nt_v2_500m,esm1b_650m,PyTorch_Concat,0.7007,0.7789,0.5572,0.843,0.6497,0.4179,0.7706,0.747,
Train1Val_UniProt,mean,dna_prot_spliceai,nt_v1_500m,esm2_650m,PyTorch_Concat,0.7029,0.7669,0.5798,0.8251,0.6604,0.4179,0.777,0.7611,
Train1Val_UniProt,mean,dna_prot_spliceai,nt_v2_500m,esm2_650m,PyTorch_Transformer,0.7029,0.7669,0.5798,0.8251,0.6604,0.4179,0.7807,0.7703,
Train1Val_UniProt,center,dna_prot,nt_v1_500m,esm2_650m,PyTorch_Transformer,0.7022,0.7708,0.5723,0.8311,0.6569,0.4178,0.776,0.767,
Train1Val_UniProt,center,dna_prot_spliceai,nt_v1_500m,esm1v_650m,PyTorch_Transformer,0.7052,0.7523,0.6084,0.8012,0.6728,0.4176,0.7744,0.7687,
Train1Val_UniProt,center,prot_spliceai,,esm2_650m,PyTorch_Concat,0.7007,0.7778,0.5587,0.8416,0.6503,0.4175,0.7656,0.7481,
Train1Val_UniProt,mean,dna_prot,nt_v1_500m,esm2_650m,PyTorch_CrossAttn,0.7022,0.7697,0.5738,0.8296,0.6575,0.4174,0.7824,0.7651,
Train1Val_UniProt,cls,dna_prot,nt_v1_500m,esm1b_650m,Hybrid_CrossAttn_XGBoost,0.7067,0.7399,0.634,0.7788,0.6829,0.4173,0.7639,0.7453,
Train1Val_UniProt,mean,dna_prot,nt_v2_500m,esm2_650m,Hybrid_Gating_XGBoost,0.7074,0.733,0.6491,0.7653,0.6885,0.4173,0.7722,0.7648,
Train1Val_UniProt,center,dna_prot,nt_v3_650m,esm2_650m,PyTorch_Concat,0.7022,0.7686,0.5753,0.8281,0.6581,0.4171,0.7823,0.7699,
Train1Val_UniProt,center,dna_prot,nt_v2_500m,esm1b_650m,PyTorch_Concat,0.7029,0.7638,0.5843,0.8206,0.6621,0.4169,0.7827,0.779,
Train1Val_UniProt,center,dna_prot_spliceai,nt_v2_500m,esm1b_650m,PyTorch_Transformer,0.7029,0.7638,0.5843,0.8206,0.6621,0.4169,0.7878,0.7723,
Train1Val_UniProt,cls,bio_core_dna_prot_spliceai,nt_v1_500m,esmc_600m,PyTorch_Gating,0.7074,0.7299,0.6551,0.7593,0.6905,0.4168,0.7793,0.7657,
Train1Val_UniProt,center,prot_spliceai,,esm1v_650m,PyTorch_Concat,0.7022,0.7665,0.5783,0.8251,0.6592,0.4165,0.7895,0.779,
Train1Val_UniProt,center,dna_prot,nt_v1_500m,esm2_650m,Hybrid_Gating_XGBoost,0.7067,0.7341,0.6446,0.7683,0.6864,0.4162,0.7681,0.7572,
Train1Val_UniProt,center,dna_prot_spliceai,nt_v2_500m,esm2_650m,Hybrid_CrossAttn_XGBoost,0.7074,0.7261,0.6627,0.7519,0.6929,0.4162,0.7771,0.7629,
Train1Val_UniProt,cls,dna_prot_spliceai,nt_v1_500m,esm1b_650m,Hybrid_Transformer_XGBoost,0.7052,0.7459,0.619,0.7907,0.6765,0.416,0.7721,0.7511,
Train1Val_UniProt,cls,bio_core_dna_prot_spliceai,nt_v1_500m,esm2_650m,PyTorch_CrossAttn,0.7074,0.7246,0.6657,0.7489,0.6939,0.416,0.7719,0.7361,
Train1Val_UniProt,center,dna_prot_spliceai,nt_v2_500m,esm2_650m,Hybrid_Transformer_XGBoost,0.7074,0.7239,0.6672,0.7474,0.6944,0.4159,0.7716,0.7534,
Train1Val_UniProt,cls,dna_prot_spliceai,nt_v3_650m,esm1b_650m,Hybrid_Gating_XGBoost,0.7052,0.745,0.6205,0.7892,0.6771,0.4158,0.7652,0.7492,
Train1Val_UniProt,cls,dna_prot,nt_v2_500m,esm1b_650m,Hybrid_Transformer_XGBoost,0.7044,0.75,0.6099,0.7982,0.6728,0.4157,0.7659,0.7492,
Train1Val_UniProt,mean,dna_prot,nt_v1_500m,esm2_650m,Hybrid_Transformer_XGBoost,0.7067,0.731,0.6506,0.7623,0.6884,0.4156,0.7719,0.7547,
Train1Val_UniProt,center,dna_prot,nt_v1_500m,esm2_650m,Hybrid_Transformer_XGBoost,0.7067,0.7286,0.6551,0.7578,0.6899,0.4152,0.7727,0.7542,
Train1Val_UniProt,cls,dna_prot,nt_v2_500m,esm1b_650m,Hybrid_Concat_XGBoost,0.7044,0.7482,0.613,0.7952,0.6738,0.4152,0.7633,0.7495,
Train1Val_UniProt,center,dna_prot_spliceai,nt_v1_500m,esm1b_650m,Hybrid_CrossAttn_XGBoost,0.7059,0.7361,0.6386,0.7728,0.6839,0.4152,0.7706,0.7652,
Train1Val_UniProt,cls,dna_prot_spliceai,nt_v1_500m,esmc_600m,PyTorch_Concat,0.6977,0.7856,0.5407,0.8535,0.6405,0.4152,0.7458,0.759,
Train1Val_UniProt,center,dna_prot,nt_v2_500m,esm1v_650m,Hybrid_Concat_XGBoost,0.7067,0.7271,0.6581,0.7549,0.6909,0.415,0.7828,0.7745,
Train1Val_UniProt,center,dna_prot_spliceai,nt_v1_500m,esm2_650m,Hybrid_Concat_XGBoost,0.7059,0.7353,0.6401,0.7713,0.6844,0.415,0.7731,0.766,
Train1Val_UniProt,cls,dna_prot_spliceai,nt_v1_500m,esmc_600m,PyTorch_Gating,0.6924,0.8083,0.5015,0.8819,0.619,0.4149,0.7445,0.758,
Train1Val_UniProt,cls,bio_core_dna_prot_spliceai,nt_v3_650m,esm2_650m,Hybrid_Gating_XGBoost,0.7074,0.7045,0.7108,0.704,0.7076,0.4149,0.7698,0.7421,
Train1Val_UniProt,cls,dna_prot_spliceai,nt_v2_500m,esm1b_650m,PyTorch_Transformer,0.6984,0.7811,0.5482,0.8475,0.6442,0.4149,0.7708,0.7475,
Train1Val_UniProt,cls,bio_core_dna_prot_spliceai,nt_v2_500m,esm2_650m,Hybrid_Gating_XGBoost,0.7074,0.7076,0.7033,0.7115,0.7054,0.4148,0.7687,0.7456,
Train1Val_UniProt,mean,prot_spliceai,,esmc_600m,Pure_XGBoost_Concat,0.7037,0.7514,0.6054,0.8012,0.6706,0.4148,0.7771,0.7735,
Train1Val_UniProt,mean,dna_prot,nt_v3_650m,esm2_650m,Pure_XGBoost_Concat,0.7037,0.7495,0.6084,0.7982,0.6717,0.4143,0.7656,0.7413,
Train1Val_UniProt,center,dna_prot,nt_v2_500m,esm1b_650m,Hybrid_Gating_XGBoost,0.7059,0.7305,0.6491,0.7623,0.6874,0.4142,0.7838,0.7718,
Train1Val_UniProt,center,dna_prot,nt_v1_500m,esm1v_650m,PyTorch_CrossAttn,0.7014,0.7628,0.5813,0.8206,0.6598,0.4141,0.7693,0.76,
Train1Val_UniProt,cls,dna_prot,nt_v2_500m,esm1b_650m,PyTorch_Concat,0.6999,0.7705,0.5663,0.8326,0.6528,0.414,0.7737,0.7567,
Train1Val_UniProt,center,dna_prot,nt_v1_500m,esm1v_650m,Hybrid_CrossAttn_XGBoost,0.7059,0.729,0.6521,0.7593,0.6884,0.4139,0.7747,0.7637,
Train1Val_UniProt,mean,dna_prot_spliceai,nt_v1_500m,esm2_650m,Hybrid_CrossAttn_XGBoost,0.7059,0.729,0.6521,0.7593,0.6884,0.4139,0.7685,0.7556,
Train1Val_UniProt,cls,dna_prot,nt_v2_500m,esm1b_650m,PyTorch_CrossAttn,0.6962,0.7884,0.5331,0.858,0.6361,0.4138,0.7747,0.7569,
Train1Val_UniProt,mean,dna_prot,nt_v2_500m,esm2_650m,PyTorch_Gating,0.6999,0.7694,0.5678,0.8311,0.6534,0.4136,0.7844,0.7751,
Train1Val_UniProt,cls,dna_prot_spliceai,nt_v2_500m,esmc_600m,PyTorch_Gating,0.6932,0.8014,0.5105,0.8744,0.6237,0.4136,0.7417,0.7568,
Train1Val_UniProt,center,dna_prot_spliceai,nt_v1_500m,esm2_650m,Hybrid_CrossAttn_XGBoost,0.7052,0.7332,0.6416,0.7683,0.6843,0.4133,0.7724,0.7536,
Train1Val_UniProt,center,dna_prot_spliceai,nt_v2_500m,esm1b_650m,PyTorch_Gating,0.6992,0.7723,0.5617,0.8356,0.6504,0.4133,0.7881,0.7813,
Train1Val_UniProt,mean,dna_prot_spliceai,nt_v3_650m,esm2_650m,PyTorch_Gating,0.6999,0.7683,0.5693,0.8296,0.654,0.4133,0.7798,0.7685,
Train1Val_UniProt,center,dna_prot,nt_v1_500m,esm2_650m,Pure_XGBoost_Concat,0.7044,0.7385,0.6295,0.7788,0.6797,0.413,0.7728,0.7572,
Train1Val_UniProt,cls,dna_prot,nt_v1_500m,esm1b_650m,PyTorch_Concat,0.6999,0.7672,0.5708,0.8281,0.6546,0.413,0.7728,0.7428,
Train1Val_UniProt,cls,dna_prot,nt_v1_500m,esmc_600m,Pure_XGBoost_Concat,0.7014,0.7588,0.5873,0.8146,0.6621,0.413,0.7547,0.7554,
Train1Val_UniProt,cls,dna_prot_spliceai,nt_v1_500m,esmc_600m,Pure_XGBoost_Concat,0.7014,0.7588,0.5873,0.8146,0.6621,0.413,0.7591,0.7558,
Train1Val_UniProt,cls,dna_prot,nt_v3_650m,esm1b_650m,Hybrid_Gating_XGBoost,0.7044,0.7368,0.6325,0.7758,0.6807,0.4127,0.7653,0.7497,
Train1Val_UniProt,mean,dna_prot_spliceai,nt_v1_500m,esm2_650m,PyTorch_CrossAttn,0.7007,0.7613,0.5813,0.8191,0.6593,0.4124,0.7772,0.7674,
Train1Val_UniProt,mean,dna_prot_spliceai,nt_v2_500m,esmc_600m,Hybrid_Gating_XGBoost,0.7044,0.7352,0.6355,0.7728,0.6817,0.4123,0.7689,0.7691,
Train1Val_UniProt,center,dna_prot_spliceai,nt_v1_500m,esm2_650m,Pure_XGBoost_Concat,0.7044,0.7344,0.637,0.7713,0.6823,0.4122,0.7714,0.7603,
Train1Val_UniProt,cls,dna_prot_spliceai,nt_v2_500m,esm1b_650m,Hybrid_Gating_XGBoost,0.7029,0.7454,0.613,0.7922,0.6727,0.412,0.7636,0.7397,
Train1Val_UniProt,mean,dna_prot_spliceai,nt_v1_500m,esm2_650m,PyTorch_Gating,0.6984,0.7718,0.5602,0.8356,0.6492,0.4119,0.7736,0.7621,
Train1Val_UniProt,mean,dna_prot_spliceai,nt_v3_650m,esm1v_650m,PyTorch_CrossAttn,0.7007,0.7593,0.5843,0.8161,0.6604,0.4118,0.7667,0.7403,
Train1Val_UniProt,mean,dna_prot,nt_v2_500m,esm2_650m,PyTorch_Concat,0.6992,0.7667,0.5693,0.8281,0.6534,0.4116,0.7756,0.7602,
Train1Val_UniProt,cls,prot_spliceai,,esmc_600m,Pure_XGBoost_Concat,0.7022,0.7486,0.6054,0.7982,0.6694,0.4115,0.7658,0.7652,
Train1Val_UniProt,cls,dna_prot_spliceai,nt_v1_500m,esm1b_650m,PyTorch_Transformer,0.6999,0.7619,0.5783,0.8206,0.6575,0.4114,0.7771,0.7515,
Train1Val_UniProt,mean,dna_prot,nt_v3_650m,esm2_650m,PyTorch_Concat,0.6969,0.7766,0.5497,0.843,0.6437,0.411,0.7759,0.7617,
Train1Val_UniProt,mean,dna_prot,nt_v2_500m,esm2_650m,Pure_XGBoost_Concat,0.7022,0.7468,0.6084,0.7952,0.6705,0.411,0.7568,0.7372,
Train1Val_UniProt,cls,dna_prot,nt_v2_500m,esm1b_650m,PyTorch_Gating,0.6984,0.7684,0.5648,0.8311,0.651,0.4109,0.7754,0.7549,
Train1Val_UniProt,center,bio_dna_geom_prot,nt_v3_650m,esmc_600m,PyTorch_Concat,0.6729,0.8775,0.3991,0.9447,0.5487,0.4106,0.8105,0.7993,
Train1Val_UniProt,cls,dna_prot_spliceai,nt_v2_500m,esm1b_650m,PyTorch_CrossAttn,0.6977,0.7713,0.5587,0.8356,0.648,0.4105,0.774,0.7519,
Train1Val_UniProt,cls,dna_prot,nt_v3_650m,esmc_600m,PyTorch_Transformer,0.6962,0.7785,0.5452,0.846,0.6413,0.4104,0.7599,0.7607,
Train1Val_UniProt,center,bio_core_dna_spliceai,nt_v3_650m,,Pure_XGBoost_Concat,0.7052,0.7007,0.7123,0.6981,0.7065,0.4104,0.7681,0.7496,
Train1Val_UniProt,mean,dna_prot,nt_v1_500m,esm2_650m,Hybrid_Gating_XGBoost,0.7037,0.7315,0.6401,0.7668,0.6827,0.4103,0.7729,0.7528,
Train1Val_UniProt,center,dna_prot_spliceai,nt_v2_500m,esm2_650m,PyTorch_Gating,0.6969,0.7743,0.5527,0.8401,0.645,0.4103,0.7761,0.7559,
Train1Val_UniProt,mean,dna_prot_spliceai,nt_v2_500m,esmc_600m,Pure_XGBoost_Concat,0.7014,0.7491,0.6024,0.7997,0.6678,0.4103,0.7715,0.7656,
Train1Val_UniProt,cls,dna_prot_spliceai,nt_v3_650m,esm1b_650m,Pure_XGBoost_Concat,0.7014,0.7481,0.6039,0.7982,0.6683,0.4101,0.7564,0.7449,
Train1Val_UniProt,cls,dna_prot,nt_v3_650m,esm1b_650m,Hybrid_Concat_XGBoost,0.7022,0.7397,0.6205,0.7833,0.6749,0.4093,0.7639,0.7449,
Train1Val_UniProt,mean,dna_prot,nt_v2_500m,esmc_600m,Pure_XGBoost_Concat,0.6999,0.7548,0.5889,0.8102,0.6616,0.4093,0.7652,0.7636,
Train1Val_UniProt,mean,dna_prot,nt_v2_500m,esmc_600m,Hybrid_Transformer_XGBoost,0.7022,0.7388,0.622,0.7818,0.6754,0.4091,0.7676,0.7646,
Train1Val_UniProt,cls,dna_prot_spliceai,nt_v2_500m,esmc_600m,Pure_XGBoost_Concat,0.6992,0.7563,0.5843,0.8132,0.6593,0.4085,0.7596,0.7613,
Train1Val_UniProt,mean,bio_core_dna_spliceai,nt_v3_650m,,PyTorch_Concat,0.7022,0.7363,0.6265,0.7773,0.677,0.4085,0.7714,0.7475,
Train1Val_UniProt,center,dna_prot,nt_v2_500m,esm2_650m,PyTorch_Concat,0.7007,0.7458,0.6054,0.7952,0.6683,0.4082,0.7759,0.7465,
Train1Val_UniProt,mean,dna_prot_spliceai,nt_v3_650m,esmc_600m,Hybrid_CrossAttn_XGBoost,0.7022,0.7346,0.6295,0.7743,0.678,0.4082,0.7637,0.7664,
Train1Val_UniProt,cls,dna_prot,nt_v2_500m,esmc_600m,PyTorch_Transformer,0.6909,0.7958,0.5105,0.87,0.622,0.408,0.7385,0.7503,
Train1Val_UniProt,cls,dna_prot_spliceai,nt_v2_500m,esmc_600m,PyTorch_Concat,0.6932,0.7852,0.5286,0.8565,0.6319,0.4079,0.7478,0.7553,
Train1Val_UniProt,mean,dna_prot,nt_v1_500m,esm1v_650m,Hybrid_Concat_XGBoost,0.7022,0.7322,0.634,0.7698,0.6796,0.4077,0.7644,0.7416,
Train1Val_UniProt,cls,dna_prot_spliceai,nt_v1_500m,esm1b_650m,Hybrid_Concat_XGBoost,0.7014,0.7375,0.622,0.7803,0.6748,0.4075,0.7656,0.7446,
Train1Val_UniProt,cls,bio_core_dna_prot_spliceai,nt_v1_500m,esm2_650m,PyTorch_Concat,0.7022,0.7314,0.6355,0.7683,0.6801,0.4075,0.7717,0.7461,
Train1Val_UniProt,cls,bio_core_dna_prot_spliceai,nt_v2_500m,esm2_650m,PyTorch_Concat,0.7014,0.7375,0.622,0.7803,0.6748,0.4075,0.7733,0.7449,
Train1Val_UniProt,cls,dna_prot,nt_v1_500m,esmc_600m,PyTorch_Gating,0.6917,0.7908,0.5181,0.864,0.626,0.4074,0.7452,0.755,
Train1Val_UniProt,cls,dna_prot_spliceai,nt_v3_650m,esmc_600m,Pure_XGBoost_Concat,0.6984,0.7569,0.5813,0.8146,0.6576,0.4074,0.7578,0.7632,
Train1Val_UniProt,cls,dna_prot_spliceai,nt_v1_500m,esm1b_650m,Hybrid_Gating_XGBoost,0.7007,0.7413,0.613,0.7877,0.6711,0.4071,0.7569,0.7343,
Train1Val_UniProt,mean,dna_prot,nt_v1_500m,esmc_600m,PyTorch_Gating,0.6947,0.7752,0.5452,0.843,0.6401,0.4069,0.7651,0.768,
Train1Val_UniProt,mean,dna_prot,nt_v2_500m,esmc_600m,Hybrid_CrossAttn_XGBoost,0.7007,0.7405,0.6145,0.7862,0.6716,0.4069,0.7614,0.7646,
Train1Val_UniProt,center,dna_prot,nt_v2_500m,esm1v_650m,Pure_XGBoost_Concat,0.7007,0.7396,0.616,0.7848,0.6721,0.4067,0.7664,0.7553,
Train1Val_UniProt,cls,dna_prot_spliceai,nt_v3_650m,esm1v_650m,PyTorch_Transformer,0.6969,0.7632,0.5678,0.8251,0.6511,0.4067,0.7564,0.7417,
Train1Val_UniProt,center,dna_prot_spliceai,nt_v1_500m,esm2_650m,PyTorch_Concat,0.6962,0.7659,0.5617,0.8296,0.6481,0.4064,0.7758,0.7592,
Train1Val_UniProt,mean,dna_prot_spliceai,nt_v2_500m,esm2_650m,Hybrid_Transformer_XGBoost,0.7022,0.7251,0.6476,0.7564,0.6842,0.4064,0.7692,0.76,
Train1Val_UniProt,mean,prot_spliceai,,esm2_650m,Pure_XGBoost_Concat,0.6999,0.7418,0.6099,0.7892,0.6694,0.4059,0.7639,0.7376,
Train1Val_UniProt,cls,dna_prot,nt_v3_650m,esm1b_650m,PyTorch_Transformer,0.6969,0.76,0.5723,0.8206,0.6529,0.4058,0.7773,0.7572,
Train1Val_UniProt,mean,dna_prot_spliceai,nt_v2_500m,esm2_650m,Hybrid_Gating_XGBoost,0.7014,0.7293,0.637,0.7653,0.6801,0.4058,0.7693,0.7643,
Train1Val_UniProt,cls,dna_prot,nt_v3_650m,esm1b_650m,Pure_XGBoost_Concat,0.6999,0.7409,0.6114,0.7877,0.67,0.4056,0.7672,0.7582,
Train1Val_UniProt,cls,dna_prot,nt_v3_650m,esmc_600m,Pure_XGBoost_Concat,0.6977,0.7544,0.5828,0.8117,0.6576,0.4054,0.7577,0.757,
Train1Val_UniProt,cls,dna_prot,nt_v1_500m,esm1v_650m,Hybrid_Transformer_XGBoost,0.7007,0.7337,0.6265,0.7743,0.6759,0.4053,0.7525,0.725,
Train1Val_UniProt,mean,dna_prot_spliceai,nt_v1_500m,esm2_650m,Hybrid_Gating_XGBoost,0.7007,0.7337,0.6265,0.7743,0.6759,0.4053,0.7717,0.755,
Train1Val_UniProt,mean,dna_prot_spliceai,nt_v3_650m,esm1v_650m,Hybrid_Gating_XGBoost,0.7014,0.7262,0.6431,0.7593,0.6821,0.4052,0.7642,0.7516,
Train1Val_UniProt,cls,dna_prot,nt_v2_500m,esmc_600m,PyTorch_Gating,0.6917,0.783,0.5271,0.855,0.6301,0.4047,0.7336,0.7491,
Train1Val_UniProt,cls,dna_prot,nt_v3_650m,esm1b_650m,Hybrid_CrossAttn_XGBoost,0.7007,0.7296,0.634,0.7668,0.6785,0.4045,0.7707,0.7519,
Train1Val_UniProt,mean,dna_prot,nt_v2_500m,esm2_650m,PyTorch_Transformer,0.6984,0.7462,0.5979,0.7982,0.6639,0.4044,0.7783,0.7685,
Train1Val_UniProt,cls,dna_prot_spliceai,nt_v2_500m,esm1b_650m,Pure_XGBoost_Concat,0.6992,0.7413,0.6084,0.7892,0.6683,0.4044,0.7645,0.7575,
Train1Val_UniProt,mean,dna_prot_spliceai,nt_v2_500m,esm1v_650m,PyTorch_Transformer,0.6962,0.7595,0.5708,0.8206,0.6518,0.4044,0.7658,0.7423,
Train1Val_UniProt,mean,dna_prot,nt_v2_500m,esmc_600m,Hybrid_Concat_XGBoost,0.6992,0.7395,0.6114,0.7862,0.6694,0.404,0.7768,0.7716,
Train1Val_UniProt,center,geom_prot,nt_v3_650m,esmc_600m,Pure_XGBoost_Concat,0.6782,0.8386,0.4383,0.9163,0.5757,0.404,0.7509,0.7467,
Train1Val_UniProt,cls,dna_prot_spliceai,nt_v1_500m,esmc_600m,PyTorch_Transformer,0.6917,0.7792,0.5316,0.8505,0.6321,0.4034,0.7352,0.752,
Train1Val_UniProt,cls,dna_prot,nt_v1_500m,esm1v_650m,Hybrid_CrossAttn_XGBoost,0.6999,0.7284,0.634,0.7653,0.6779,0.4029,0.7498,0.7283,
Train1Val_UniProt,center,bio_dna,nt_v3_650m,,Pure_XGBoost_Concat,0.7014,0.7003,0.7003,0.7025,0.7003,0.4028,0.7689,0.753,
Train1Val_UniProt,center,bio_dna,nt_v3_650m,,Pure_XGBoost_Concat,0.7014,0.7003,0.7003,0.7025,0.7003,0.4028,0.7689,0.753,
Train1Val_UniProt,cls,dna_prot_spliceai,nt_v1_500m,esm1b_650m,Pure_XGBoost_Concat,0.6984,0.7399,0.6084,0.7877,0.6678,0.4028,0.7586,0.751,
Train1Val_UniProt,mean,dna_prot_spliceai,nt_v2_500m,esm1v_650m,Hybrid_Transformer_XGBoost,0.7007,0.7176,0.6581,0.7429,0.6866,0.4025,0.7613,0.7423,
Train1Val_UniProt,mean,dna_prot_spliceai,nt_v3_650m,esm1v_650m,Hybrid_Transformer_XGBoost,0.7007,0.7154,0.6627,0.7384,0.688,0.4023,0.77,0.7479,
Train1Val_UniProt,cls,dna_prot_spliceai,nt_v1_500m,esm1v_650m,Hybrid_Concat_XGBoost,0.6977,0.7412,0.6039,0.7907,0.6656,0.4018,0.7441,0.7213,
Train1Val_UniProt,cls,dna_prot_spliceai,nt_v3_650m,esmc_600m,Hybrid_Gating_XGBoost,0.6969,0.7462,0.5934,0.7997,0.6611,0.4018,0.7378,0.7478,
Train1Val_UniProt,mean,dna_prot,nt_v2_500m,esm2_650m,PyTorch_CrossAttn,0.6962,0.7505,0.5843,0.8072,0.6571,0.4017,0.7745,0.7563,
Train1Val_UniProt,mean,dna_prot_spliceai,nt_v1_500m,esm1v_650m,Hybrid_Concat_XGBoost,0.6984,0.7339,0.619,0.7773,0.6716,0.4014,0.756,0.7296,
Train1Val_UniProt,mean,dna_prot_spliceai,nt_v1_500m,esm1v_650m,Hybrid_Gating_XGBoost,0.6999,0.7193,0.6521,0.7474,0.684,0.4014,0.7553,0.7353,
Train1Val_UniProt,cls,prot_spliceai,,esm1b_650m,Pure_XGBoost_Concat,0.6984,0.7331,0.6205,0.7758,0.6721,0.4012,0.7654,0.7575,
Train1Val_UniProt,cls,dna_prot,nt_v3_650m,esmc_600m,Hybrid_Concat_XGBoost,0.6969,0.7434,0.5979,0.7952,0.6628,0.4011,0.745,0.7538,
Train1Val_UniProt,mean,dna_prot_spliceai,nt_v3_650m,esm1v_650m,Hybrid_CrossAttn_XGBoost,0.6999,0.7157,0.6596,0.7399,0.6865,0.4009,0.7654,0.7412,
Train1Val_UniProt,mean,dna_prot,nt_v1_500m,esm1v_650m,PyTorch_Transformer,0.6924,0.7679,0.5482,0.8356,0.6397,0.4008,0.7644,0.7412,
Train1Val_UniProt,mean,dna_prot_spliceai,nt_v2_500m,esm2_650m,PyTorch_Concat,0.6924,0.7679,0.5482,0.8356,0.6397,0.4008,0.7766,0.7674,
Train1Val_UniProt,center,dna_prot,nt_v1_500m,esm2_650m,Hybrid_Concat_XGBoost,0.6977,0.7343,0.616,0.7788,0.6699,0.4002,0.769,0.7548,
Train1Val_UniProt,cls,dna_prot_spliceai,nt_v1_500m,esmc_600m,PyTorch_CrossAttn,0.6902,0.777,0.5301,0.849,0.6303,0.4002,0.7322,0.7489,
Train1Val_UniProt,cls,dna_prot,nt_v2_500m,esm1b_650m,Hybrid_CrossAttn_XGBoost,0.6969,0.739,0.6054,0.7877,0.6656,0.4,0.7626,0.7443,
Train1Val_UniProt,cls,prot_spliceai,,esmc_600m,Hybrid_Concat_XGBoost,0.6969,0.739,0.6054,0.7877,0.6656,0.4,0.7623,0.7635,
Train1Val_UniProt,mean,dna_prot_spliceai,nt_v1_500m,esm1v_650m,Pure_XGBoost_Concat,0.6969,0.739,0.6054,0.7877,0.6656,0.4,0.7569,0.7469,
Train1Val_UniProt,mean,bio_dna,nt_v3_650m,,Hybrid_Concat_XGBoost,0.6999,0.6964,0.7048,0.6951,0.7006,0.3999,0.7606,0.7374,
Train1Val_UniProt,mean,dna_prot_spliceai,nt_v1_500m,esmc_600m,Hybrid_CrossAttn_XGBoost,0.6977,0.7326,0.619,0.7758,0.671,0.3998,0.752,0.7571,
Train1Val_UniProt,mean,dna_prot_spliceai,nt_v1_500m,esm1v_650m,Hybrid_CrossAttn_XGBoost,0.6984,0.7235,0.6386,0.7578,0.6784,0.3993,0.7527,0.7333,
Train1Val_UniProt,mean,dna_prot,nt_v3_650m,esm1v_650m,Hybrid_Concat_XGBoost,0.6984,0.722,0.6416,0.7549,0.6794,0.3991,0.7583,0.7395,
Train1Val_UniProt,cls,dna_prot_spliceai,nt_v2_500m,esmc_600m,PyTorch_Transformer,0.6864,0.7901,0.5045,0.867,0.6158,0.3988,0.7364,0.7493,
Train1Val_UniProt,mean,dna_prot,nt_v1_500m,esm1v_650m,Hybrid_CrossAttn_XGBoost,0.6992,0.7097,0.6702,0.728,0.6894,0.3988,0.7562,0.7286,
Train1Val_UniProt,mean,dna_prot_spliceai,nt_v2_500m,esm1v_650m,PyTorch_CrossAttn,0.6954,0.7443,0.5919,0.7982,0.6594,0.3988,0.7633,0.7401,
Train1Val_UniProt,cls,dna_prot,nt_v1_500m,esmc_600m,PyTorch_Transformer,0.6917,0.7652,0.5497,0.8326,0.6398,0.3987,0.7387,0.7478,
Train1Val_UniProt,mean,bio_dna,nt_v3_650m,,PyTorch_Concat,0.6962,0.7385,0.6039,0.7877,0.6645,0.3986,0.7716,0.7529,
Train1Val_UniProt,cls,dna_prot,nt_v1_500m,esmc_600m,PyTorch_Concat,0.6909,0.7681,0.5437,0.8371,0.6367,0.3985,0.7439,0.756,
Train1Val_UniProt,center,geom,nt_v3_650m,esmc_600m,Pure_XGBoost_Concat,0.6812,0.8104,0.4699,0.8909,0.5949,0.398,0.751,0.7571,
Train1Val_UniProt,cls,dna_prot_spliceai,nt_v1_500m,esm1v_650m,PyTorch_CrossAttn,0.6917,0.763,0.5527,0.8296,0.641,0.398,0.7521,0.7328,
Train1Val_UniProt,center,dna_geom,nt_v3_650m,esmc_600m,Pure_XGBoost_Concat,0.6782,0.8219,0.4518,0.9028,0.5831,0.3977,0.7457,0.7404,
Train1Val_UniProt,mean,dna_prot,nt_v1_500m,esm2_650m,Pure_XGBoost_Concat,0.6954,0.7398,0.5994,0.7907,0.6622,0.3976,0.7629,0.7439,
Train1Val_UniProt,cls,dna_prot_spliceai,nt_v3_650m,esmc_600m,Hybrid_Concat_XGBoost,0.6954,0.7398,0.5994,0.7907,0.6622,0.3976,0.7505,0.762,
Train1Val_UniProt,mean,dna_prot_spliceai,nt_v3_650m,esm2_650m,Pure_XGBoost_Concat,0.6954,0.7398,0.5994,0.7907,0.6622,0.3976,0.7654,0.7504,
Train1Val_UniProt,mean,prot_spliceai,,esm1v_650m,Hybrid_Concat_XGBoost,0.6969,0.7273,0.6265,0.7668,0.6731,0.3973,0.7587,0.7444,
Train1Val_UniProt,cls,dna_prot,nt_v3_650m,esm1v_650m,Hybrid_CrossAttn_XGBoost,0.6969,0.7265,0.628,0.7653,0.6737,0.3972,0.7484,0.725,
Train1Val_UniProt,cls,dna_prot_spliceai,nt_v3_650m,esm1v_650m,Hybrid_Concat_XGBoost,0.6962,0.7317,0.616,0.7758,0.6688,0.3969,0.7583,0.7344,
Train1Val_UniProt,cls,dna_prot_spliceai,nt_v3_650m,esm1b_650m,Hybrid_CrossAttn_XGBoost,0.6962,0.73,0.619,0.7728,0.6699,0.3966,0.7633,0.7399,
Train1Val_UniProt,cls,dna_prot,nt_v2_500m,esmc_600m,PyTorch_Concat,0.6872,0.78,0.5181,0.855,0.6226,0.3965,0.7381,0.7527,
Train1Val_UniProt,cls,dna_prot,nt_v1_500m,esm1v_650m,PyTorch_CrossAttn,0.6917,0.7576,0.5602,0.8221,0.6442,0.3963,0.7568,0.7302,
Train1Val_UniProt,mean,dna_prot,nt_v3_650m,esm1v_650m,Hybrid_CrossAttn_XGBoost,0.6969,0.7196,0.6416,0.7519,0.6783,0.3959,0.7658,0.7385,
Train1Val_UniProt,cls,dna_prot,nt_v1_500m,esmc_600m,Hybrid_Concat_XGBoost,0.6932,0.7466,0.5813,0.8042,0.6537,0.3956,0.7488,0.7524,
Train1Val_UniProt,center,bio_core_dna_spliceai,nt_v3_650m,,Hybrid_Concat_XGBoost,0.6977,0.6922,0.7078,0.6876,0.6999,0.3955,0.7598,0.7385,
Train1Val_UniProt,cls,dna_prot,nt_v1_500m,esm1b_650m,Pure_XGBoost_Concat,0.6954,0.7304,0.616,0.7743,0.6683,0.3953,0.7613,0.7531,
Train1Val_UniProt,mean,dna_prot_spliceai,nt_v2_500m,esm1v_650m,Hybrid_CrossAttn_XGBoost,0.6969,0.7159,0.6491,0.7444,0.6809,0.3953,0.7577,0.7298,
Train1Val_UniProt,cls,dna_prot,nt_v1_500m,esmc_600m,Hybrid_Gating_XGBoost,0.6939,0.7397,0.5949,0.7922,0.6594,0.395,0.7418,0.754,
Train1Val_UniProt,mean,dna_prot,nt_v1_500m,esm1v_650m,Hybrid_Transformer_XGBoost,0.6962,0.7206,0.637,0.7549,0.6763,0.3947,0.7566,0.7337,
Train1Val_UniProt,cls,dna_prot,nt_v3_650m,esm2_650m,Hybrid_Gating_XGBoost,0.6947,0.7324,0.6099,0.7788,0.6656,0.3945,0.7461,0.7308,
Train1Val_UniProt,mean,dna_prot_spliceai,nt_v3_650m,esm1v_650m,Pure_XGBoost_Concat,0.6939,0.737,0.5994,0.7877,0.6611,0.3943,0.7552,0.7439,
Train1Val_UniProt,mean,bio_core_dna_spliceai,nt_v3_650m,,Hybrid_Concat_XGBoost,0.6969,0.6988,0.6883,0.7055,0.6935,0.3939,0.7521,0.7339,
Train1Val_UniProt,mean,dna_prot,nt_v3_650m,esm1v_650m,PyTorch_CrossAttn,0.6917,0.7485,0.5738,0.8087,0.6496,0.3936,0.7639,0.742,
Train1Val_UniProt,cls,dna_prot,nt_v2_500m,esmc_600m,PyTorch_CrossAttn,0.6857,0.7778,0.5166,0.8535,0.6208,0.3933,0.7244,0.7326,
Train1Val_UniProt,mean,dna_prot_spliceai,nt_v1_500m,esm1v_650m,PyTorch_Transformer,0.6917,0.7476,0.5753,0.8072,0.6502,0.3933,0.7618,0.7373,
Train1Val_UniProt,cls,dna_prot,nt_v2_500m,esm1b_650m,Hybrid_Gating_XGBoost,0.6932,0.7374,0.5964,0.7892,0.6595,0.3931,0.756,0.7229,
Train1Val_UniProt,mean,dna_prot_spliceai,nt_v1_500m,esm2_650m,Pure_XGBoost_Concat,0.6932,0.7357,0.5994,0.7862,0.6606,0.3927,0.7608,0.7369,
Train1Val_UniProt,cls,dna_prot,nt_v2_500m,esmc_600m,Hybrid_Gating_XGBoost,0.6917,0.7437,0.5813,0.8012,0.6526,0.3922,0.7358,0.7474,
Train1Val_UniProt,cls,dna_prot_spliceai,nt_v2_500m,esmc_600m,PyTorch_CrossAttn,0.6864,0.7709,0.5271,0.8445,0.6261,0.3921,0.7289,0.7417,
Train1Val_UniProt,mean,prot_spliceai,,esm1v_650m,PyTorch_Concat,0.6887,0.7599,0.5482,0.8281,0.6369,0.3921,0.7625,0.7452,
Train1Val_UniProt,cls,dna_prot,nt_v1_500m,esmc_600m,PyTorch_CrossAttn,0.6857,0.774,0.5211,0.849,0.6229,0.392,0.7275,0.7449,
Train1Val_UniProt,cls,dna_prot,nt_v1_500m,esm1v_650m,Hybrid_Gating_XGBoost,0.6939,0.727,0.6175,0.7698,0.6678,0.3919,0.7517,0.7283,
Train1Val_UniProt,cls,dna_prot_spliceai,nt_v1_500m,esm1v_650m,PyTorch_Gating,0.6864,0.7697,0.5286,0.843,0.6268,0.3917,0.755,0.7294,
Train1Val_UniProt,mean,dna_prot,nt_v3_650m,esm1v_650m,PyTorch_Gating,0.6864,0.7697,0.5286,0.843,0.6268,0.3917,0.7683,0.7467,
Train1Val_UniProt,center,bio_dna,nt_v3_650m,,Hybrid_Concat_XGBoost,0.6954,0.6864,0.7154,0.6756,0.7006,0.3913,0.7543,0.7364,
Train1Val_UniProt,center,bio_dna,nt_v3_650m,,Hybrid_Concat_XGBoost,0.6954,0.6864,0.7154,0.6756,0.7006,0.3913,0.7543,0.7363,
Train1Val_UniProt,cls,dna_prot,nt_v2_500m,esm1b_650m,PyTorch_Transformer,0.6872,0.7645,0.5377,0.8356,0.6313,0.3912,0.7687,0.7513,
Train1Val_UniProt,mean,dna_prot_spliceai,nt_v1_500m,esm1v_650m,PyTorch_Concat,0.6872,0.7645,0.5377,0.8356,0.6313,0.3912,0.7674,0.7456,
Train1Val_UniProt,mean,dna_prot,nt_v2_500m,esm1v_650m,PyTorch_Concat,0.6902,0.7475,0.5708,0.8087,0.6473,0.3908,0.7585,0.7383,
Train1Val_UniProt,mean,dna_prot,nt_v2_500m,esm1v_650m,PyTorch_Gating,0.6879,0.7594,0.5467,0.8281,0.6357,0.3907,0.7591,0.737,
Train1Val_UniProt,mean,dna_prot,nt_v2_500m,esm1v_650m,Hybrid_Transformer_XGBoost,0.6947,0.711,0.6521,0.7369,0.6803,0.3905,0.7656,0.7458,
Train1Val_UniProt,cls,dna_prot,nt_v3_650m,esmc_600m,Hybrid_Gating_XGBoost,0.6924,0.7318,0.6039,0.7803,0.6617,0.3904,0.7391,0.7458,
Train1Val_UniProt,center,dna_geom_prot,nt_v3_650m,esmc_600m,Pure_XGBoost_Concat,0.6722,0.8271,0.4322,0.9103,0.5678,0.3903,0.7502,0.743,
Train1Val_UniProt,mean,dna_prot,nt_v2_500m,esm1v_650m,PyTorch_CrossAttn,0.6879,0.7573,0.5497,0.8251,0.637,0.3901,0.7617,0.7439,
Train1Val_UniProt,cls,dna_prot,nt_v3_650m,esm1v_650m,PyTorch_Transformer,0.6857,0.7681,0.5286,0.8416,0.6262,0.3899,0.7611,0.7374,
Train1Val_UniProt,mean,bio_core_dna_spliceai,nt_v2_500m,,Pure_XGBoost_Concat,0.6947,0.6956,0.6883,0.701,0.6919,0.3893,0.7532,0.7349,
Train1Val_UniProt,mean,dna_prot_spliceai,nt_v2_500m,esmc_600m,Hybrid_CrossAttn_XGBoost,0.6924,0.7268,0.613,0.7713,0.665,0.3893,0.7539,0.7575,
Train1Val_UniProt,cls,dna_prot,nt_v3_650m,esmc_600m,Hybrid_CrossAttn_XGBoost,0.6909,0.7368,0.5904,0.7907,0.6555,0.3891,0.7344,0.7434,
Train1Val_UniProt,center,bio_dna,nt_v3_650m,,PyTorch_Concat,0.6924,0.726,0.6145,0.7698,0.6656,0.3891,0.7716,0.7543,
Train1Val_UniProt,center,bio_dna,nt_v3_650m,,PyTorch_Concat,0.6924,0.726,0.6145,0.7698,0.6656,0.3891,0.7716,0.7543,
Train1Val_UniProt,cls,dna_prot,nt_v1_500m,esm1v_650m,PyTorch_Transformer,0.6879,0.7531,0.5557,0.8191,0.6395,0.3887,0.7534,0.7267,
Train1Val_UniProt,cls,dna_prot_spliceai,nt_v2_500m,esm1v_650m,Hybrid_Concat_XGBoost,0.6924,0.7244,0.6175,0.7668,0.6667,0.3887,0.7466,0.7306,
Train1Val_UniProt,cls,dna_prot_spliceai,nt_v2_500m,esmc_600m,Hybrid_Concat_XGBoost,0.6894,0.7441,0.5738,0.8042,0.648,0.3886,0.747,0.7502,
Train1Val_UniProt,mean,dna_prot_spliceai,nt_v3_650m,esm1v_650m,PyTorch_Gating,0.6894,0.7441,0.5738,0.8042,0.648,0.3886,0.7618,0.7403,
Train1Val_UniProt,mean,dna_prot,nt_v3_650m,esm1v_650m,PyTorch_Transformer,0.6894,0.7413,0.5783,0.7997,0.6497,0.3878,0.7643,0.7489,
Train1Val_UniProt,mean,dna_prot,nt_v2_500m,esm1v_650m,PyTorch_Transformer,0.6857,0.7612,0.5377,0.8326,0.6302,0.3876,0.7646,0.7454,
Train1Val_UniProt,cls,dna_prot_spliceai,nt_v2_500m,esm1b_650m,PyTorch_Gating,0.6834,0.7713,0.5181,0.8475,0.6198,0.3874,0.7722,0.7504,
Train1Val_UniProt,cls,dna_prot_spliceai,nt_v3_650m,esm1v_650m,PyTorch_CrossAttn,0.6872,0.7515,0.5557,0.8176,0.639,0.387,0.7564,0.7365,
Train1Val_UniProt,center,bio_core_dna_spliceai,nt_v3_650m,,PyTorch_Concat,0.6894,0.7367,0.5858,0.7922,0.6527,0.3865,0.7708,0.7495,
Train1Val_UniProt,cls,dna_prot,nt_v3_650m,esm2_650m,Pure_XGBoost_Concat,0.6879,0.7441,0.5693,0.8057,0.6451,0.386,0.7518,0.7301,
Train1Val_UniProt,mean,dna_prot_spliceai,nt_v3_650m,esm1v_650m,PyTorch_Concat,0.6842,0.7636,0.5301,0.8371,0.6258,0.386,0.7639,0.7452,
Train1Val_UniProt,mean,dna_prot_spliceai,nt_v3_650m,esm1v_650m,PyTorch_Transformer,0.6819,0.774,0.5105,0.852,0.6152,0.3859,0.766,0.7482,
Train1Val_UniProt,cls,dna_prot_spliceai,nt_v1_500m,esmc_600m,Hybrid_Gating_XGBoost,0.6887,0.738,0.5813,0.7952,0.6504,0.3856,0.7367,0.742,
Train1Val_UniProt,cls,dna_prot_spliceai,nt_v3_650m,esm1v_650m,PyTorch_Gating,0.6812,0.776,0.506,0.855,0.6126,0.3855,0.7582,0.7405,
Train1Val_UniProt,cls,dna_prot,nt_v3_650m,esmc_600m,Hybrid_Transformer_XGBoost,0.6894,0.7323,0.5934,0.7848,0.6556,0.3854,0.7358,0.7513,
Train1Val_UniProt,cls,dna_prot_spliceai,nt_v1_500m,esm1v_650m,Pure_XGBoost_Concat,0.6902,0.7269,0.6054,0.7743,0.6606,0.3853,0.7402,0.7257,
Train1Val_UniProt,mean,dna_prot,nt_v3_650m,esm1v_650m,PyTorch_Concat,0.6857,0.7536,0.5482,0.8221,0.6347,0.3852,0.7669,0.7483,
Train1Val_UniProt,mean,dna_prot_spliceai,nt_v1_500m,esm1v_650m,Hybrid_Transformer_XGBoost,0.6917,0.7119,0.6401,0.7429,0.6741,0.3851,0.755,0.737,
Train1Val_UniProt,cls,dna_prot,nt_v3_650m,esm1b_650m,Hybrid_Transformer_XGBoost,0.6902,0.7253,0.6084,0.7713,0.6618,0.385,0.7691,0.756,
Train1Val_UniProt,cls,dna_prot_spliceai,nt_v2_500m,esmc_600m,Hybrid_Gating_XGBoost,0.6879,0.7403,0.5753,0.7997,0.6475,0.3849,0.7374,0.7473,
Train1Val_UniProt,mean,dna_prot_spliceai,nt_v2_500m,esm1v_650m,PyTorch_Concat,0.6842,0.7602,0.5346,0.8326,0.6278,0.3849,0.7585,0.7366,
Train1Val_UniProt,mean,dna_prot,nt_v2_500m,esm1v_650m,Hybrid_CrossAttn_XGBoost,0.6917,0.7098,0.6446,0.7384,0.6756,0.3847,0.7518,0.7407,
Train1Val_UniProt,cls,dna_prot_spliceai,nt_v2_500m,esm1v_650m,PyTorch_CrossAttn,0.6857,0.7505,0.5527,0.8176,0.6366,0.3842,0.7531,0.7282,
Train1Val_UniProt,cls,dna_prot,nt_v2_500m,esm1v_650m,Hybrid_Transformer_XGBoost,0.6902,0.7198,0.619,0.7608,0.6656,0.3838,0.7439,0.7243,
Train1Val_UniProt,mean,prot_spliceai,,esm2_650m,Hybrid_Concat_XGBoost,0.6894,0.7248,0.6069,0.7713,0.6607,0.3835,0.7661,0.7551,
Train1Val_UniProt,cls,dna_prot,nt_v2_500m,esm1v_650m,PyTorch_Transformer,0.6819,0.7667,0.5196,0.843,0.6194,0.3834,0.7522,0.7338,
Train1Val_UniProt,cls,dna_prot_spliceai,nt_v1_500m,esmc_600m,Hybrid_Transformer_XGBoost,0.6872,0.7389,0.5753,0.7982,0.6469,0.3833,0.7386,0.7368,
Train1Val_UniProt,cls,dna_prot,nt_v1_500m,esmc_600m,Hybrid_CrossAttn_XGBoost,0.6857,0.7465,0.5587,0.8117,0.6391,0.383,0.7342,0.7423,
Train1Val_UniProt,mean,dna_prot_spliceai,nt_v2_500m,esm1v_650m,Pure_XGBoost_Concat,0.6887,0.7268,0.6009,0.7758,0.6579,0.3827,0.7455,0.7291,
Train1Val_UniProt,mean,dna_prot_spliceai,nt_v2_500m,esm1v_650m,Hybrid_Concat_XGBoost,0.6894,0.7208,0.6145,0.7638,0.6634,0.3827,0.7557,0.7347,
Train1Val_UniProt,cls,dna_prot_spliceai,nt_v3_650m,esm1v_650m,Hybrid_Transformer_XGBoost,0.6902,0.7124,0.634,0.7459,0.6709,0.3824,0.7495,0.7344,
Train1Val_UniProt,cls,dna_prot_spliceai,nt_v3_650m,esm1v_650m,Pure_XGBoost_Concat,0.6879,0.7305,0.5919,0.7833,0.6539,0.3823,0.744,0.7232,
Train1Val_UniProt,cls,dna_prot_spliceai,nt_v3_650m,esmc_600m,Hybrid_CrossAttn_XGBoost,0.6872,0.7335,0.5843,0.7892,0.6505,0.3818,0.7282,0.7384,
Train1Val_UniProt,mean,dna_prot_spliceai,nt_v2_500m,esm1v_650m,PyTorch_Gating,0.6842,0.7495,0.5497,0.8176,0.6342,0.3814,0.7608,0.7356,
Train1Val_UniProt,center,dna_geom_prot,nt_v3_650m,esmc_600m,PyTorch_Transformer,0.6594,0.8547,0.381,0.9357,0.5271,0.381,0.7954,0.7897,
Train1Val_UniProt,mean,dna_prot,nt_v1_500m,esm1v_650m,PyTorch_CrossAttn,0.6834,0.7521,0.5437,0.8221,0.6311,0.381,0.7591,0.7373,
Train1Val_UniProt,mean,dna_prot,nt_v1_500m,esm1v_650m,PyTorch_Gating,0.6849,0.744,0.5602,0.8087,0.6392,0.381,0.7637,0.7383,
Train1Val_UniProt,mean,dna_prot_spliceai,nt_v1_500m,esm1v_650m,PyTorch_CrossAttn,0.6834,0.7521,0.5437,0.8221,0.6311,0.381,0.76,0.7358,
Train1Val_UniProt,cls,dna_prot,nt_v2_500m,esm1v_650m,Hybrid_CrossAttn_XGBoost,0.6887,0.7188,0.616,0.7608,0.6634,0.3809,0.7483,0.7366,
Train1Val_UniProt,mean,dna_prot,nt_v3_650m,esm1v_650m,Hybrid_Gating_XGBoost,0.6894,0.7097,0.637,0.7414,0.6714,0.3806,0.7584,0.7464,
Train1Val_UniProt,cls,dna_prot,nt_v1_500m,esm1v_650m,PyTorch_Concat,0.6797,0.7687,0.5105,0.8475,0.6136,0.3805,0.757,0.7313,
Train1Val_UniProt,mean,dna_prot,nt_v3_650m,esm1v_650m,Hybrid_Transformer_XGBoost,0.6894,0.7083,0.6401,0.7384,0.6725,0.3804,0.7634,0.7392,
Train1Val_UniProt,center,dna_geom_prot,nt_v3_650m,esmc_600m,PyTorch_CrossAttn,0.6579,0.8586,0.375,0.9387,0.522,0.3802,0.7891,0.7816,
Train1Val_UniProt,cls,dna_prot,nt_v3_650m,esm1v_650m,Hybrid_Gating_XGBoost,0.6879,0.7175,0.616,0.7593,0.6629,0.3793,0.746,0.715,
Train1Val_UniProt,cls,dna_prot,nt_v1_500m,esm1v_650m,Hybrid_Concat_XGBoost,0.6872,0.7225,0.6039,0.7698,0.6579,0.3791,0.7432,0.7193,
Train1Val_UniProt,cls,prot_spliceai,,esm1v_650m,Pure_XGBoost_Concat,0.6864,0.7253,0.5964,0.7758,0.6545,0.3784,0.7472,0.7195,
Train1Val_UniProt,center,bio,,,Pure_XGBoost_Concat,0.6887,0.6781,0.7139,0.6637,0.6955,0.378,0.7527,0.7273,
Train1Val_UniProt,center,bio,,,Pure_XGBoost_Concat,0.6887,0.6781,0.7139,0.6637,0.6955,0.378,0.7527,0.7273,
Train1Val_UniProt,mean,dna_prot,nt_v1_500m,esm1v_650m,PyTorch_Concat,0.6842,0.7378,0.5678,0.7997,0.6417,0.3779,0.7593,0.7384,
Train1Val_UniProt,center,bio_core_spliceai,,,Pure_XGBoost_Concat,0.6879,0.6717,0.7304,0.6457,0.6999,0.3775,0.752,0.7313,
Train1Val_UniProt,cls,bio_core_dna_spliceai,nt_v2_500m,,Pure_XGBoost_Concat,0.6887,0.693,0.6732,0.704,0.683,0.3774,0.7478,0.7212,
Train1Val_UniProt,mean,bio_core_dna_spliceai,nt_v1_500m,,Pure_XGBoost_Concat,0.6887,0.6924,0.6747,0.7025,0.6834,0.3774,0.7475,0.7199,
Train1Val_UniProt,mean,prot_spliceai,,esm1v_650m,Pure_XGBoost_Concat,0.6864,0.7212,0.6039,0.7683,0.6574,0.3774,0.7545,0.744,
Train1Val_UniProt,cls,dna_prot_spliceai,nt_v1_500m,esmc_600m,Hybrid_Concat_XGBoost,0.6849,0.7302,0.5828,0.7862,0.6482,0.3771,0.7412,0.7443,
Train1Val_UniProt,cls,dna_prot,nt_v1_500m,esm2_650m,Hybrid_Concat_XGBoost,0.6849,0.7293,0.5843,0.7848,0.6488,0.3768,0.7412,0.7181,
Train1Val_UniProt,cls,bio,,,Pure_XGBoost_Concat,0.6879,0.6756,0.7184,0.6577,0.6964,0.3767,0.7496,0.7245,
Train1Val_UniProt,cls,bio,,,Pure_XGBoost_Concat,0.6879,0.6756,0.7184,0.6577,0.6964,0.3767,0.7496,0.7245,
Train1Val_UniProt,cls,dna_prot,nt_v3_650m,esm1v_650m,Hybrid_Concat_XGBoost,0.6857,0.7199,0.6039,0.7668,0.6568,0.3758,0.7468,0.7353,
Train1Val_UniProt,cls,dna_prot,nt_v3_650m,esm1v_650m,PyTorch_CrossAttn,0.6804,0.75,0.5377,0.8221,0.6263,0.3754,0.7584,0.7359,
Train1Val_UniProt,cls,dna_prot,nt_v1_500m,esm1v_650m,Pure_XGBoost_Concat,0.6849,0.7218,0.5979,0.7713,0.654,0.375,0.7423,0.7244,
Train1Val_UniProt,cls,dna_prot,nt_v2_500m,esmc_600m,Hybrid_CrossAttn_XGBoost,0.6827,0.7358,0.5663,0.7982,0.64,0.3748,0.727,0.7394,
Train1Val_UniProt,cls,dna_prot_spliceai,nt_v1_500m,esm1v_650m,Hybrid_CrossAttn_XGBoost,0.6864,0.7078,0.631,0.7414,0.6672,0.3748,0.7498,0.7339,
Train1Val_UniProt,cls,dna_prot_spliceai,nt_v1_500m,esm1v_650m,Hybrid_Transformer_XGBoost,0.6857,0.7153,0.613,0.7578,0.6602,0.3748,0.7538,0.7332,
Train1Val_UniProt,mean,dna_prot_spliceai,nt_v3_650m,esm1v_650m,Hybrid_Concat_XGBoost,0.6864,0.7064,0.634,0.7384,0.6683,0.3746,0.7546,0.7393,
Train1Val_UniProt,cls,dna_prot_spliceai,nt_v2_500m,esmc_600m,Hybrid_CrossAttn_XGBoost,0.6827,0.7349,0.5678,0.7967,0.6406,0.3745,0.7276,0.7389,
Train1Val_UniProt,cls,dna_prot,nt_v3_650m,esm2_650m,PyTorch_CrossAttn,0.6789,0.7543,0.5271,0.8296,0.6206,0.3744,0.7579,0.7347,
Train1Val_UniProt,cls,dna_prot_spliceai,nt_v3_650m,esm2_650m,Pure_XGBoost_Concat,0.6834,0.7292,0.5798,0.7862,0.646,0.3742,0.7423,0.735,
Train1Val_UniProt,cls,dna_prot_spliceai,nt_v2_500m,esm1v_650m,Hybrid_Gating_XGBoost,0.6857,0.7116,0.6205,0.7504,0.6629,0.3741,0.7452,0.7151,
Train1Val_UniProt,mean,dna_prot,nt_v2_500m,esm1v_650m,Hybrid_Gating_XGBoost,0.6857,0.7116,0.6205,0.7504,0.6629,0.3741,0.7558,0.7343,
Train1Val_UniProt,mean,dna_prot_spliceai,nt_v1_500m,esm1v_650m,PyTorch_Gating,0.6819,0.7372,0.5617,0.8012,0.6376,0.3739,0.7597,0.7386,
Train1Val_UniProt,center,bio_core_dna_spliceai,nt_v2_500m,,Pure_XGBoost_Concat,0.6864,0.6809,0.6973,0.6756,0.689,0.373,0.7455,0.7205,
Train1Val_UniProt,center,bio_core_dna_spliceai,nt_v1_500m,,Pure_XGBoost_Concat,0.6864,0.6887,0.6762,0.6966,0.6824,0.3729,0.7437,0.715,
Train1Val_UniProt,cls,dna_prot_spliceai,nt_v2_500m,esm2_650m,Pure_XGBoost_Concat,0.6819,0.7335,0.5678,0.7952,0.6401,0.3729,0.7483,0.7334,
Train1Val_UniProt,cls,prot_spliceai,,esm1v_650m,Hybrid_Concat_XGBoost,0.6834,0.7232,0.5904,0.7758,0.6501,0.3727,0.74,0.7141,
Train1Val_UniProt,mean,bio,,,Pure_XGBoost_Concat,0.6857,0.6723,0.7199,0.6517,0.6953,0.3724,0.7504,0.7266,
Train1Val_UniProt,mean,dna_prot_spliceai,nt_v2_500m,esm2_650m,Pure_XGBoost_Concat,0.6834,0.7208,0.5949,0.7713,0.6518,0.3721,0.7478,0.7297,
Train1Val_UniProt,center,bio_dna_geom_prot,nt_v3_650m,esmc_600m,Hybrid_CrossAttn_XGBoost,0.6512,0.8645,0.3554,0.9447,0.5037,0.3718,0.8133,0.7973,
Train1Val_UniProt,cls,dna_prot_spliceai,nt_v1_500m,esm2_650m,Pure_XGBoost_Concat,0.6819,0.729,0.5753,0.7877,0.6431,0.3716,0.7468,0.7343,
Train1Val_UniProt,cls,dna_prot_spliceai,nt_v3_650m,esm1v_650m,Hybrid_CrossAttn_XGBoost,0.6849,0.704,0.634,0.7354,0.6672,0.3714,0.7451,0.7295,
Train1Val_UniProt,cls,dna_prot_spliceai,nt_v1_500m,esm2_650m,PyTorch_Transformer,0.6789,0.7438,0.5422,0.8146,0.6272,0.371,0.7524,0.7239,
Train1Val_UniProt,cls,dna_prot,nt_v3_650m,esm1v_650m,Hybrid_Transformer_XGBoost,0.6849,0.7,0.6431,0.7265,0.6703,0.3709,0.7471,0.7302,
Train1Val_UniProt,cls,dna_prot_spliceai,nt_v2_500m,esm2_650m,PyTorch_Transformer,0.6774,0.7511,0.5271,0.8266,0.6195,0.3709,0.7446,0.7206,
Train1Val_UniProt,cls,dna_prot,nt_v1_500m,esmc_600m,Hybrid_Transformer_XGBoost,0.6819,0.7256,0.5813,0.7818,0.6455,0.3707,0.7344,0.7505,
Train1Val_UniProt,cls,dna_prot_spliceai,nt_v3_650m,esmc_600m,Hybrid_Transformer_XGBoost,0.6827,0.7203,0.5934,0.7713,0.6507,0.3707,0.7276,0.7423,
Train1Val_UniProt,cls,dna_prot,nt_v3_650m,esm1v_650m,PyTorch_Concat,0.6767,0.7538,0.5211,0.8311,0.6162,0.3706,0.759,0.7356,
Train1Val_UniProt,cls,dna_prot_spliceai,nt_v2_500m,esm2_650m,Hybrid_CrossAttn_XGBoost,0.6819,0.7247,0.5828,0.7803,0.6461,0.3705,0.7404,0.7153,
Train1Val_UniProt,cls,prot_spliceai,,esm1v_650m,PyTorch_Concat,0.6744,0.7638,0.5015,0.846,0.6055,0.3704,0.7543,0.732,
Train1Val_UniProt,cls,bio_dna,nt_v3_650m,,Pure_XGBoost_Concat,0.6849,0.6894,0.6687,0.701,0.6789,0.3699,0.7503,0.7271,
Train1Val_UniProt,cls,bio_dna,nt_v3_650m,,Pure_XGBoost_Concat,0.6849,0.6894,0.6687,0.701,0.6789,0.3699,0.7503,0.7271,
Train1Val_UniProt,cls,dna_prot,nt_v2_500m,esmc_600m,Hybrid_Transformer_XGBoost,0.6804,0.7297,0.5693,0.7907,0.6396,0.3693,0.7344,0.7395,
Train1Val_UniProt,center,dna_geom_prot,nt_v3_650m,esmc_600m,Hybrid_CrossAttn_XGBoost,0.6512,0.8566,0.3599,0.9402,0.5069,0.3689,0.7964,0.788,
Train1Val_UniProt,cls,dna_prot_spliceai,nt_v2_500m,esm1v_650m,PyTorch_Transformer,0.6767,0.7484,0.5286,0.8236,0.6196,0.3688,0.7484,0.7277,
Train1Val_UniProt,cls,dna_prot_spliceai,nt_v3_650m,esm1v_650m,Hybrid_Gating_XGBoost,0.6827,0.711,0.6114,0.7534,0.6575,0.3686,0.7465,0.7244,
Train1Val_UniProt,cls,dna_prot_spliceai,nt_v2_500m,esm1v_650m,Hybrid_CrossAttn_XGBoost,0.6834,0.7037,0.6295,0.7369,0.6645,0.3686,0.7437,0.7294,
Train1Val_UniProt,mean,dna_prot,nt_v2_500m,esm1v_650m,Hybrid_Concat_XGBoost,0.6827,0.7096,0.6145,0.7504,0.6586,0.3683,0.7558,0.7467,
Train1Val_UniProt,cls,dna_prot,nt_v3_650m,esm1v_650m,PyTorch_Gating,0.6737,0.7596,0.5045,0.8416,0.6063,0.3678,0.7564,0.738,
Train1Val_UniProt,cls,dna_prot,nt_v1_500m,esm2_650m,Hybrid_CrossAttn_XGBoost,0.6804,0.7228,0.5813,0.7788,0.6444,0.3674,0.7375,0.7102,
Train1Val_UniProt,mean,dna_prot,nt_v2_500m,esm1v_650m,Pure_XGBoost_Concat,0.6804,0.722,0.5828,0.7773,0.645,0.3672,0.743,0.728,
Train1Val_UniProt,cls,bio_core_dna_spliceai,nt_v1_500m,,Pure_XGBoost_Concat,0.6834,0.6867,0.6702,0.6966,0.6784,0.3669,0.7461,0.7201,
Train1Val_UniProt,cls,dna_prot_spliceai,nt_v1_500m,esm1v_650m,PyTorch_Transformer,0.6744,0.7533,0.5151,0.8326,0.6118,0.3668,0.7525,0.7278,
Train1Val_UniProt,cls,dna_prot_spliceai,nt_v2_500m,esm1v_650m,PyTorch_Concat,0.6744,0.7533,0.5151,0.8326,0.6118,0.3668,0.7508,0.7272,
Train1Val_UniProt,cls,dna_prot,nt_v2_500m,esm1v_650m,PyTorch_Concat,0.6782,0.7327,0.5572,0.7982,0.633,0.3664,0.7519,0.7266,
Train1Val_UniProt,cls,dna_prot_spliceai,nt_v1_500m,esm1v_650m,PyTorch_Concat,0.6782,0.7318,0.5587,0.7967,0.6336,0.3661,0.748,0.7265,
Train1Val_UniProt,cls,dna_prot,nt_v3_650m,esm2_650m,PyTorch_Transformer,0.6729,0.7579,0.5045,0.8401,0.6058,0.366,0.7556,0.7364,
Train1Val_UniProt,cls,prot_spliceai,,esm2_650m,Hybrid_Concat_XGBoost,0.6804,0.7172,0.5919,0.7683,0.6485,0.366,0.7415,0.732,
Train1Val_UniProt,cls,dna_prot_spliceai,nt_v1_500m,esmc_600m,Hybrid_CrossAttn_XGBoost,0.6789,0.7261,0.5708,0.7862,0.6391,0.3657,0.7332,0.7352,
Train1Val_UniProt,mean,geom_prot,nt_v3_650m,esm1b_650m,Pure_XGBoost_Concat,0.6497,0.853,0.3584,0.9387,0.5048,0.3652,0.7581,0.7579,
Train1Val_UniProt,cls,dna_prot,nt_v1_500m,esm2_650m,PyTorch_Gating,0.6752,0.7442,0.5301,0.8191,0.6192,0.365,0.75,0.7284,
Train1Val_UniProt,cls,dna_prot,nt_v1_500m,esm2_650m,Hybrid_Transformer_XGBoost,0.6789,0.7218,0.5783,0.7788,0.6421,0.3646,0.7359,0.7082,
Train1Val_UniProt,mean,dna_prot,nt_v1_500m,esm1v_650m,Pure_XGBoost_Concat,0.6789,0.7201,0.5813,0.7758,0.6433,0.3642,0.7487,0.7395,
Train1Val_UniProt,cls,dna_prot,nt_v2_500m,esm1v_650m,PyTorch_CrossAttn,0.6714,0.7592,0.4985,0.843,0.6018,0.364,0.7601,0.7347,
Train1Val_UniProt,cls,prot_spliceai,,esm2_650m,Pure_XGBoost_Concat,0.6774,0.7285,0.5617,0.7922,0.6344,0.3639,0.7461,0.7316,
Train1Val_UniProt,cls,dna_prot,nt_v2_500m,esm1v_650m,Hybrid_Gating_XGBoost,0.6797,0.7135,0.5964,0.7623,0.6497,0.3638,0.7383,0.7197,
Train1Val_UniProt,cls,dna_prot,nt_v2_500m,esm2_650m,Pure_XGBoost_Concat,0.6774,0.7276,0.5633,0.7907,0.635,0.3636,0.7393,0.718,
Train1Val_UniProt,cls,dna_prot_spliceai,nt_v2_500m,esm2_650m,PyTorch_CrossAttn,0.6759,0.7358,0.5452,0.8057,0.6263,0.3635,0.751,0.7305,
Train1Val_UniProt,cls,dna_prot,nt_v2_500m,esm1v_650m,Pure_XGBoost_Concat,0.6789,0.7169,0.5873,0.7698,0.6457,0.3633,0.744,0.7244,
Train1Val_UniProt,mean,dna_prot,nt_v3_650m,esm1v_650m,Pure_XGBoost_Concat,0.6782,0.7205,0.5783,0.7773,0.6416,0.3629,0.7479,0.7351,
Train1Val_UniProt,cls,dna_prot_spliceai,nt_v1_500m,esm1v_650m,Hybrid_Gating_XGBoost,0.6789,0.7145,0.5919,0.7653,0.6474,0.3628,0.7402,0.7202,
Train1Val_UniProt,cls,bio,,,Hybrid_Concat_XGBoost,0.6812,0.6734,0.6988,0.6637,0.6859,0.3627,0.7376,0.7172,
Train1Val_UniProt,cls,bio,,,Hybrid_Concat_XGBoost,0.6812,0.6734,0.6988,0.6637,0.6859,0.3627,0.7376,0.7172,
Train1Val_UniProt,cls,dna_prot,nt_v2_500m,esm1v_650m,Hybrid_Concat_XGBoost,0.6797,0.7068,0.6099,0.7489,0.6548,0.3624,0.7436,0.721,
Train1Val_UniProt,cls,dna_prot_spliceai,nt_v2_500m,esm1v_650m,Pure_XGBoost_Concat,0.6789,0.713,0.5949,0.7623,0.6486,0.3624,0.7447,0.7215,
Train1Val_UniProt,cls,dna_prot,nt_v1_500m,esm1v_650m,PyTorch_Gating,0.6707,0.7574,0.4985,0.8416,0.6013,0.3622,0.7536,0.7332,
Train1Val_UniProt,cls,dna_prot,nt_v2_500m,esm2_650m,Hybrid_Gating_XGBoost,0.6782,0.7172,0.5843,0.7713,0.644,0.3621,0.7397,0.7145,
Train1Val_UniProt,cls,dna_prot,nt_v1_500m,esm2_650m,PyTorch_Concat,0.6752,0.7343,0.5452,0.8042,0.6258,0.3618,0.7562,0.7329,
Train1Val_UniProt,cls,dna_prot,nt_v1_500m,esm2_650m,Pure_XGBoost_Concat,0.6767,0.7236,0.5678,0.7848,0.6363,0.3612,0.746,0.7392,
Train1Val_UniProt,cls,dna_prot_spliceai,nt_v1_500m,esm2_650m,PyTorch_Concat,0.6722,0.743,0.5226,0.8206,0.6136,0.3597,0.7465,0.7245,
Train1Val_UniProt,mean,dna_prot,nt_v1_500m,esm1v_650m,Hybrid_Gating_XGBoost,0.6782,0.7051,0.6084,0.7474,0.6532,0.3594,0.751,0.7337,
Train1Val_UniProt,mean,bio_core_dna_spliceai,nt_v2_500m,,Hybrid_Concat_XGBoost,0.6797,0.6761,0.6852,0.6741,0.6806,0.3594,0.7371,0.7109,
Train1Val_UniProt,cls,dna_prot_spliceai,nt_v2_500m,esm1v_650m,Hybrid_Transformer_XGBoost,0.6789,0.696,0.631,0.7265,0.6619,0.3592,0.7437,0.724,
Train1Val_UniProt,cls,dna_prot_spliceai,nt_v2_500m,esmc_600m,Hybrid_Transformer_XGBoost,0.6752,0.7251,0.5602,0.7892,0.6321,0.3591,0.7259,0.7415,
Train1Val_UniProt,center,dna_geom_prot,nt_v3_650m,esmc_600m,Hybrid_Transformer_XGBoost,0.6384,0.8824,0.3163,0.9581,0.4656,0.3583,0.7902,0.7888,
Train1Val_UniProt,cls,bio_core_dna_spliceai,nt_v3_650m,,Pure_XGBoost_Concat,0.6789,0.674,0.6883,0.6697,0.6811,0.358,0.7473,0.7238,
Train1Val_UniProt,cls,dna_prot_spliceai,nt_v2_500m,esm2_650m,PyTorch_Concat,0.6714,0.7415,0.5226,0.8191,0.6131,0.358,0.7493,0.7285,
Train1Val_UniProt,cls,dna_prot_spliceai,nt_v2_500m,esm2_650m,PyTorch_Gating,0.6714,0.7415,0.5226,0.8191,0.6131,0.358,0.7464,0.7347,
Train1Val_UniProt,cls,dna_prot_spliceai,nt_v3_650m,esm1v_650m,PyTorch_Concat,0.6654,0.7685,0.4699,0.8595,0.5832,0.3578,0.7559,0.7337,
Train1Val_UniProt,cls,dna_prot_spliceai,nt_v1_500m,esm2_650m,PyTorch_Gating,0.6722,0.735,0.5346,0.8087,0.619,0.3571,0.7508,0.728,
Train1Val_UniProt,cls,dna_prot,nt_v3_650m,esm2_650m,PyTorch_Gating,0.6707,0.7419,0.5196,0.8206,0.6112,0.3569,0.7476,0.7303,
Train1Val_UniProt,cls,dna_prot_spliceai,nt_v3_650m,esm2_650m,PyTorch_CrossAttn,0.6722,0.7331,0.5377,0.8057,0.6203,0.3565,0.7486,0.7303,
Train1Val_UniProt,cls,dna_prot_spliceai,nt_v3_650m,esm2_650m,Hybrid_Concat_XGBoost,0.6752,0.7135,0.5813,0.7683,0.6407,0.356,0.7483,0.7363,
Train1Val_UniProt,cls,dna_prot_spliceai,nt_v3_650m,esm2_650m,Hybrid_Transformer_XGBoost,0.6759,0.7079,0.5949,0.7564,0.6465,0.356,0.7425,0.7284,
Train1Val_UniProt,cls,dna_prot,nt_v2_500m,esm2_650m,PyTorch_Gating,0.6654,0.7633,0.4759,0.8535,0.5863,0.3559,0.7469,0.7305,
Train1Val_UniProt,center,bio_geom_prot,nt_v3_650m,esmc_600m,PyTorch_Concat,0.6459,0.8429,0.3554,0.9342,0.5,0.3555,0.7964,0.7824,
Train1Val_UniProt,cls,dna_prot,nt_v2_500m,esm2_650m,Hybrid_CrossAttn_XGBoost,0.6752,0.7112,0.5858,0.7638,0.6424,0.3554,0.7361,0.7117,
Train1Val_UniProt,cls,dna_prot,nt_v2_500m,esm2_650m,PyTorch_Concat,0.6692,0.744,0.512,0.8251,0.6066,0.3552,0.7463,0.7256,
Train1Val_UniProt,cls,dna_prot,nt_v2_500m,esm2_650m,Hybrid_Transformer_XGBoost,0.6744,0.7138,0.5783,0.7698,0.6389,0.3548,0.7396,0.7209,
Train1Val_UniProt,cls,dna_prot_spliceai,nt_v1_500m,esm2_650m,Hybrid_Transformer_XGBoost,0.6744,0.7138,0.5783,0.7698,0.6389,0.3548,0.7348,0.7144,
Train1Val_UniProt,center,bio_dna_geom_prot,nt_v3_650m,esmc_600m,PyTorch_CrossAttn,0.6444,0.8442,0.3509,0.9357,0.4957,0.3537,0.7982,0.7895,
Train1Val_UniProt,cls,dna_prot,nt_v3_650m,esm2_650m,Hybrid_Transformer_XGBoost,0.6737,0.714,0.5753,0.7713,0.6372,0.3535,0.7374,0.7203,
Train1Val_UniProt,cls,dna_prot_spliceai,nt_v3_650m,esm2_650m,PyTorch_Transformer,0.6699,0.7353,0.5271,0.8117,0.614,0.3535,0.7566,0.7412,
Train1Val_UniProt,cls,dna_prot_spliceai,nt_v3_650m,esm2_650m,PyTorch_Gating,0.6677,0.7439,0.5075,0.8266,0.6034,0.3527,0.7511,0.7347,
Train1Val_UniProt,cls,dna_prot_spliceai,nt_v1_500m,esm2_650m,Hybrid_Concat_XGBoost,0.6729,0.7151,0.5708,0.7743,0.6348,0.3525,0.7324,0.7102,
Train1Val_UniProt,cls,geom_prot,nt_v3_650m,esm1b_650m,Pure_XGBoost_Concat,0.6459,0.8333,0.3614,0.9283,0.5042,0.352,0.772,0.7633,
Train1Val_UniProt,cls,dna_prot_spliceai,nt_v2_500m,esm2_650m,Hybrid_Transformer_XGBoost,0.6737,0.7078,0.5873,0.7593,0.642,0.352,0.7349,0.7193,
Train1Val_UniProt,cls,dna_prot,nt_v3_650m,esm2_650m,Hybrid_Concat_XGBoost,0.6729,0.7096,0.5813,0.7638,0.6391,0.3511,0.7433,0.7317,
Train1Val_UniProt,cls,dna_prot_spliceai,nt_v3_650m,esm2_650m,PyTorch_Concat,0.6684,0.7352,0.5226,0.8132,0.6109,0.351,0.7481,0.7266,
Train1Val_UniProt,cls,dna_prot,nt_v2_500m,esm2_650m,PyTorch_Transformer,0.6647,0.7517,0.488,0.8401,0.5918,0.3506,0.7564,0.7273,
Train1Val_UniProt,cls,bio_core_dna_spliceai,nt_v3_650m,,Hybrid_Concat_XGBoost,0.6752,0.6742,0.6732,0.6771,0.6737,0.3503,0.7321,0.7091,
Train1Val_UniProt,cls,dna_prot_spliceai,nt_v1_500m,esm2_650m,Hybrid_Gating_XGBoost,0.6722,0.7106,0.5768,0.7668,0.6367,0.3501,0.7375,0.7154,
Train1Val_UniProt,mean,dna_geom_prot,nt_v3_650m,esm1b_650m,Pure_XGBoost_Concat,0.6407,0.8491,0.3389,0.9402,0.4844,0.3496,0.7647,0.7635,
Train1Val_UniProt,mean,bio,,,Hybrid_Concat_XGBoost,0.6744,0.6681,0.6883,0.6607,0.678,0.3491,0.7336,0.714,
Train1Val_UniProt,mean,dna_geom,nt_v3_650m,esm1b_650m,Pure_XGBoost_Concat,0.6377,0.8606,0.3253,0.9477,0.4721,0.3491,0.755,0.7575,
Train1Val_UniProt,cls,dna_prot_spliceai,nt_v2_500m,esm2_650m,Hybrid_Gating_XGBoost,0.6714,0.7116,0.5723,0.7698,0.6344,0.3491,0.7329,0.713,
Train1Val_UniProt,cls,dna_prot_spliceai,nt_v2_500m,esm2_650m,Hybrid_Concat_XGBoost,0.6722,0.706,0.5858,0.7578,0.6403,0.349,0.7411,0.7198,
Train1Val_UniProt,cls,dna_prot_spliceai,nt_v2_500m,esm1v_650m,PyTorch_Gating,0.6624,0.7536,0.4789,0.8445,0.5856,0.3477,0.7473,0.7171,
Train1Val_UniProt,cls,dna_prot,nt_v1_500m,esm2_650m,PyTorch_Transformer,0.6609,0.7598,0.4669,0.8535,0.5784,0.3476,0.7517,0.7275,
Train1Val_UniProt,cls,dna_prot,nt_v3_650m,esm1v_650m,Pure_XGBoost_Concat,0.6707,0.7111,0.5708,0.7698,0.6332,0.3476,0.7364,0.7143,
Train1Val_UniProt,cls,dna_geom_prot,nt_v3_650m,esm1b_650m,Pure_XGBoost_Concat,0.6444,0.8276,0.3614,0.9253,0.5031,0.3475,0.7719,0.7646,
Train1Val_UniProt,cls,dna_prot,nt_v3_650m,esm2_650m,PyTorch_Concat,0.6647,0.7416,0.5015,0.8266,0.5984,0.3471,0.7507,0.729,
Train1Val_UniProt,cls,dna_prot_spliceai,nt_v1_500m,esm2_650m,Hybrid_CrossAttn_XGBoost,0.6699,0.7121,0.5663,0.7728,0.6309,0.3466,0.7343,0.7142,
Train1Val_UniProt,center,bio_dna_geom_prot,nt_v3_650m,esmc_600m,PyTorch_Transformer,0.6324,0.875,0.3057,0.9567,0.4531,0.346,0.8165,0.8035,
Train1Val_UniProt,cls,dna_prot,nt_v2_500m,esm2_650m,PyTorch_CrossAttn,0.6639,0.7389,0.503,0.8236,0.5986,0.345,0.7373,0.7098,
Train1Val_UniProt,cls,dna_prot_spliceai,nt_v3_650m,esm2_650m,Hybrid_Gating_XGBoost,0.6707,0.6998,0.5934,0.7474,0.6422,0.3449,0.7386,0.7226,
Train1Val_UniProt,center,bio_core_dna_spliceai,nt_v1_500m,,Hybrid_Concat_XGBoost,0.6722,0.6702,0.6732,0.6712,0.6717,0.3443,0.7286,0.7094,
Train1Val_UniProt,cls,prot_spliceai,,esm2_650m,PyTorch_Concat,0.6639,0.7368,0.506,0.8206,0.6,0.3443,0.7465,0.7281,
Train1Val_UniProt,mean,bio_core_dna_spliceai,nt_v1_500m,,Hybrid_Concat_XGBoost,0.6714,0.6652,0.6852,0.6577,0.6751,0.3431,0.7397,0.7078,
Train1Val_UniProt,center,bio_core_spliceai,,,PyTorch_Concat,0.6669,0.7115,0.5572,0.7758,0.625,0.3414,0.7412,0.7104,
Train1Val_UniProt,center,dna_geom_prot,nt_v3_650m,esmc_600m,PyTorch_Concat,0.6339,0.8548,0.3193,0.9462,0.4649,0.3411,0.7851,0.7818,
Train1Val_UniProt,cls,bio_dna,nt_v3_650m,,Hybrid_Concat_XGBoost,0.6699,0.6633,0.6852,0.6547,0.6741,0.3401,0.7365,0.7207,
Train1Val_UniProt,cls,bio_dna,nt_v3_650m,,Hybrid_Concat_XGBoost,0.6699,0.6633,0.6852,0.6547,0.6741,0.3401,0.7365,0.7207,
Train1Val_UniProt,center,bio_core_spliceai,,,Hybrid_Concat_XGBoost,0.6699,0.6734,0.6551,0.6846,0.6641,0.3399,0.7316,0.6981,
Train1Val_UniProt,cls,dna_prot_spliceai,nt_v1_500m,esm2_650m,PyTorch_CrossAttn,0.6647,0.7132,0.5467,0.7818,0.6189,0.338,0.7455,0.7268,
Train1Val_UniProt,center,bio_dna_geom_prot,nt_v3_650m,esmc_600m,PyTorch_Gating,0.6287,0.869,0.2997,0.9552,0.4457,0.3378,0.8112,0.7963,
Train1Val_UniProt,cls,dna_prot,nt_v1_500m,esm2_650m,Hybrid_Gating_XGBoost,0.6662,0.7024,0.5723,0.7593,0.6307,0.3377,0.7315,0.7104,
Train1Val_UniProt,cls,dna_prot,nt_v3_650m,esm2_650m,Hybrid_CrossAttn_XGBoost,0.6669,0.6964,0.5873,0.7459,0.6373,0.3376,0.7378,0.7215,
Train1Val_UniProt,center,bio,,,Hybrid_Concat_XGBoost,0.6684,0.6647,0.6747,0.6622,0.6697,0.3369,0.7355,0.7157,
Train1Val_UniProt,center,bio,,,Hybrid_Concat_XGBoost,0.6684,0.6647,0.6747,0.6622,0.6697,0.3369,0.7355,0.7157,
Train1Val_UniProt,center,bio_core_dna_spliceai,nt_v2_500m,,Hybrid_Concat_XGBoost,0.6684,0.6692,0.6611,0.6756,0.6652,0.3368,0.7334,0.7077,
Train1Val_UniProt,cls,dna_geom,nt_v3_650m,esm1b_650m,Pure_XGBoost_Concat,0.6362,0.8327,0.3373,0.9327,0.4802,0.3365,0.7659,0.7664,
Train1Val_UniProt,cls,dna_prot,nt_v2_500m,esm1v_650m,PyTorch_Gating,0.6564,0.7407,0.4774,0.8341,0.5806,0.3336,0.7453,0.7253,
Train1Val_UniProt,cls,dna_prot_spliceai,nt_v3_650m,esm2_650m,Hybrid_CrossAttn_XGBoost,0.6639,0.6978,0.5738,0.7534,0.6298,0.3326,0.738,0.7185,
Train1Val_UniProt,cls,dna_prot,nt_v2_500m,esm2_650m,Hybrid_Concat_XGBoost,0.6632,0.6987,0.5693,0.7564,0.6274,0.3316,0.74,0.7196,
Train1Val_UniProt,center,geom_prot,nt_v3_650m,esmc_600m,PyTorch_Concat,0.6257,0.8603,0.2967,0.9522,0.4412,0.3299,0.7886,0.7871,
Train1Val_UniProt,mean,geom,nt_v3_650m,esm1b_650m,Pure_XGBoost_Concat,0.6264,0.8547,0.3012,0.9492,0.4454,0.3291,0.7573,0.761,
Train1Val_UniProt,cls,bio_core_dna_spliceai,nt_v1_500m,,Hybrid_Concat_XGBoost,0.6639,0.6561,0.6837,0.6442,0.6696,0.3282,0.727,0.6941,
Train1Val_UniProt,center,bio_dna_geom,nt_v3_650m,esmc_600m,Hybrid_Concat_XGBoost,0.6242,0.8622,0.2922,0.9537,0.4364,0.3281,0.7875,0.7827,
Train1Val_UniProt,cls,bio_core_dna_spliceai,nt_v2_500m,,Hybrid_Concat_XGBoost,0.6617,0.6621,0.6551,0.6682,0.6586,0.3233,0.7252,0.6877,
Train1Val_UniProt,cls,bio,,,PyTorch_Concat,0.6557,0.7105,0.5211,0.7892,0.6012,0.3222,0.7364,0.7133,
Train1Val_UniProt,cls,bio,,,PyTorch_Concat,0.6557,0.7105,0.5211,0.7892,0.6012,0.3222,0.7364,0.7133,
Train1Val_UniProt,cls,bio_core_dna_spliceai,nt_v1_500m,,PyTorch_Concat,0.6587,0.689,0.5738,0.7429,0.6261,0.3214,0.7271,0.7029,
Train1Val_UniProt,center,dna_geom_prot,nt_v3_650m,esmc_600m,PyTorch_Gating,0.6204,0.8591,0.2846,0.9537,0.4276,0.321,0.7937,0.7854,
Train1Val_UniProt,center,bio,,,PyTorch_Concat,0.6572,0.6872,0.5723,0.7414,0.6245,0.3183,0.7337,0.7066,
Train1Val_UniProt,center,bio,,,PyTorch_Concat,0.6572,0.6872,0.5723,0.7414,0.6245,0.3183,0.7337,0.7066,
Train1Val_UniProt,cls,dna_prot,nt_v1_500m,esm2_650m,PyTorch_CrossAttn,0.6512,0.7158,0.497,0.8042,0.5867,0.3166,0.7275,0.7066,
Train1Val_UniProt,center,bio_dna_geom_prot,nt_v3_650m,esmc_600m,Hybrid_Gating_XGBoost,0.6182,0.8539,0.2816,0.9522,0.4236,0.3155,0.792,0.7757,
Train1Val_UniProt,cls,geom,nt_v3_650m,esm1b_650m,Pure_XGBoost_Concat,0.6144,0.8676,0.2666,0.9596,0.4078,0.3142,0.7705,0.7703,
Train1Val_UniProt,center,bio_core_dna_spliceai,nt_v2_500m,,PyTorch_Concat,0.6549,0.6841,0.5708,0.7384,0.6223,0.3137,0.7269,0.6995,
Train1Val_UniProt,center,bio_geom,nt_v3_650m,esmc_600m,Hybrid_Concat_XGBoost,0.6182,0.8475,0.2846,0.9492,0.4262,0.3132,0.8007,0.7827,
Train1Val_UniProt,center,bio_dna_geom_prot,nt_v3_650m,esmc_600m,Hybrid_Concat_XGBoost,0.6137,0.867,0.2651,0.9596,0.406,0.3127,0.7897,0.7859,
Train1Val_UniProt,mean,bio_core_dna_spliceai,nt_v2_500m,,PyTorch_Concat,0.6542,0.6822,0.5723,0.7354,0.6224,0.312,0.732,0.7003,
Train1Val_UniProt,center,bio_dna_geom_prot,nt_v3_650m,esmc_600m,Hybrid_Transformer_XGBoost,0.6137,0.8634,0.2666,0.9581,0.4074,0.3115,0.8057,0.7854,
Train1Val_UniProt,mean,bio,,,PyTorch_Concat,0.6527,0.6907,0.5482,0.7564,0.6113,0.3114,0.7322,0.7073,
Train1Val_UniProt,mean,bio_dna_geom_prot,nt_v3_650m,esm1b_650m,PyTorch_Gating,0.6159,0.8519,0.2771,0.9522,0.4182,0.3111,0.7984,0.7839,
Train1Val_UniProt,cls,bio_dna_geom_prot,nt_v3_650m,esm1b_650m,Hybrid_Gating_XGBoost,0.6159,0.8486,0.2786,0.9507,0.4195,0.31,0.7772,0.7576,
Train1Val_UniProt,cls,bio_dna,nt_v3_650m,,PyTorch_Concat,0.6512,0.6925,0.5392,0.7623,0.6063,0.3094,0.7312,0.7039,
Train1Val_UniProt,cls,bio_dna,nt_v3_650m,,PyTorch_Concat,0.6512,0.6925,0.5392,0.7623,0.6063,0.3094,0.7312,0.7039,
Train1Val_UniProt,mean,bio_core_dna_spliceai,nt_v1_500m,,PyTorch_Concat,0.6497,0.699,0.5211,0.7773,0.5971,0.3088,0.7361,0.7075,
Train1Val_UniProt,center,bio_geom,nt_v3_650m,esmc_600m,PyTorch_Concat,0.6137,0.8498,0.2726,0.9522,0.4128,0.3067,0.8086,0.7919,
Train1Val_UniProt,center,bio_core_dna_spliceai,nt_v1_500m,,PyTorch_Concat,0.6497,0.6841,0.5512,0.7474,0.6105,0.3046,0.7212,0.6981,
Train1Val_UniProt,center,bio_geom_prot,nt_v3_650m,esmc_600m,Hybrid_Concat_XGBoost,0.6062,0.8601,0.25,0.9596,0.3874,0.2979,0.8,0.789,
Train1Val_UniProt,mean,bio_dna_geom_prot,nt_v3_650m,esm1b_650m,PyTorch_Transformer,0.6032,0.8534,0.2455,0.9581,0.3813,0.2906,0.7968,0.7794,
Train1Val_UniProt,center,dna_spliceai,nt_v3_650m,,PyTorch_Concat,0.6294,0.7225,0.4157,0.8416,0.5277,0.2844,0.7214,0.7098,
Train1Val_UniProt,center,dna,nt_v3_650m,,PyTorch_Concat,0.6294,0.7168,0.4232,0.8341,0.5322,0.2823,0.7249,0.7131,
Train1Val_UniProt,center,dna,nt_v3_650m,,PyTorch_Concat,0.6294,0.7168,0.4232,0.8341,0.5322,0.2823,0.7249,0.7131,
Train1Val_UniProt,center,dna,nt_v3_650m,,PyTorch_Concat,0.6294,0.7168,0.4232,0.8341,0.5322,0.2823,0.7249,0.7131,
Train1Val_UniProt,center,dna,nt_v3_650m,,PyTorch_Concat,0.6294,0.7168,0.4232,0.8341,0.5322,0.2823,0.7249,0.7131,
Train1Val_UniProt,center,dna,nt_v3_650m,,PyTorch_Concat,0.6294,0.7168,0.4232,0.8341,0.5322,0.2823,0.7249,0.7131,
Train1Val_UniProt,mean,dna,nt_v3_650m,,PyTorch_Concat,0.6242,0.7349,0.384,0.8625,0.5045,0.2809,0.7177,0.7056,
Train1Val_UniProt,mean,dna,nt_v3_650m,,PyTorch_Concat,0.6242,0.7349,0.384,0.8625,0.5045,0.2809,0.7177,0.7056,
Train1Val_UniProt,mean,dna,nt_v3_650m,,PyTorch_Concat,0.6242,0.7349,0.384,0.8625,0.5045,0.2809,0.7177,0.7056,
Train1Val_UniProt,mean,dna,nt_v3_650m,,PyTorch_Concat,0.6242,0.7349,0.384,0.8625,0.5045,0.2809,0.7177,0.7056,
Train1Val_UniProt,mean,bio_geom,nt_v3_650m,esm1b_650m,Hybrid_Concat_XGBoost,0.5964,0.858,0.2274,0.9626,0.3595,0.2807,0.7854,0.7802,
Train1Val_UniProt,cls,bio_core_dna_spliceai,nt_v3_650m,,PyTorch_Concat,0.6347,0.6863,0.491,0.7773,0.5724,0.2801,0.7269,0.6968,
Train1Val_UniProt,cls,bio_core_dna_spliceai,nt_v2_500m,,PyTorch_Concat,0.6362,0.6758,0.5181,0.7534,0.5865,0.2793,0.7189,0.6897,
Train1Val_UniProt,cls,bio_dna_geom_prot,nt_v3_650m,esm1b_650m,PyTorch_CrossAttn,0.5919,0.875,0.2108,0.9701,0.3398,0.2784,0.8041,0.7897,
Train1Val_UniProt,center,bio_dna_geom,nt_v3_650m,esmc_600m,PyTorch_Concat,0.5964,0.85,0.2304,0.9596,0.3626,0.2781,0.7853,0.776,
Train1Val_UniProt,mean,bio_dna_geom_prot,nt_v3_650m,esm1b_650m,Hybrid_Transformer_XGBoost,0.5926,0.858,0.2184,0.9641,0.3481,0.2742,0.7699,0.7641,
Train1Val_UniProt,cls,bio_geom,nt_v3_650m,esm1b_650m,PyTorch_Concat,0.5919,0.8614,0.2154,0.9656,0.3446,0.2741,0.8052,0.7923,
Train1Val_UniProt,center,dna_geom_prot,nt_v3_650m,esmc_600m,Hybrid_Concat_XGBoost,0.5911,0.8606,0.2139,0.9656,0.3426,0.2725,0.7846,0.7791,
Train1Val_UniProt,mean,dna_spliceai,nt_v3_650m,,PyTorch_Concat,0.6257,0.7057,0.4262,0.8236,0.5315,0.2724,0.6935,0.6855,
Train1Val_UniProt,cls,bio_dna_geom_prot,nt_v3_650m,esm1b_650m,Hybrid_Concat_XGBoost,0.5844,0.8986,0.1867,0.9791,0.3092,0.2722,0.7655,0.7675,
Train1Val_UniProt,center,dna_spliceai,nt_v3_650m,,Pure_XGBoost_Concat,0.6324,0.6706,0.5151,0.7489,0.5826,0.2715,0.6745,0.6813,
Train1Val_UniProt,mean,bio_geom_prot,nt_v3_650m,esm1b_650m,PyTorch_Concat,0.5911,0.8521,0.2169,0.9626,0.3457,0.2697,0.795,0.7814,
Train1Val_UniProt,cls,bio_dna_geom_prot,nt_v3_650m,esm1b_650m,Hybrid_CrossAttn_XGBoost,0.5941,0.8324,0.2319,0.9537,0.3628,0.2684,0.7871,0.7706,
Train1Val_UniProt,mean,dna_spliceai,nt_v3_650m,,Pure_XGBoost_Concat,0.6264,0.6861,0.4608,0.7907,0.5514,0.2666,0.6705,0.674,
Train1Val_UniProt,center,dna,nt_v3_650m,,Hybrid_Concat_XGBoost,0.6279,0.6585,0.5256,0.7294,0.5846,0.2606,0.6722,0.675,
Train1Val_UniProt,center,dna,nt_v3_650m,,Hybrid_Concat_XGBoost,0.6279,0.6585,0.5256,0.7294,0.5846,0.2606,0.6722,0.675,
Train1Val_UniProt,center,dna,nt_v3_650m,,Hybrid_Concat_XGBoost,0.6279,0.6585,0.5256,0.7294,0.5846,0.2606,0.6722,0.675,
Train1Val_UniProt,center,dna,nt_v3_650m,,Hybrid_Concat_XGBoost,0.6279,0.6585,0.5256,0.7294,0.5846,0.2606,0.6722,0.675,
Train1Val_UniProt,center,dna,nt_v3_650m,,Hybrid_Concat_XGBoost,0.6279,0.6585,0.5256,0.7294,0.5846,0.2606,0.6722,0.675,
Train1Val_UniProt,mean,bio_geom,nt_v3_650m,esm1b_650m,PyTorch_Concat,0.5851,0.8535,0.2018,0.9656,0.3264,0.2597,0.7998,0.7892,
Train1Val_UniProt,center,dna_geom_prot,nt_v3_650m,esmc_600m,Hybrid_Gating_XGBoost,0.5769,0.8846,0.1732,0.9776,0.2897,0.2541,0.7767,0.7814,
Train1Val_UniProt,cls,bio_dna_geom_prot,nt_v3_650m,esm1b_650m,PyTorch_Gating,0.5829,0.8462,0.1988,0.9641,0.322,0.2534,0.8078,0.7838,
Train1Val_UniProt,cls,bio_geom_prot,nt_v3_650m,esm1b_650m,PyTorch_Concat,0.5829,0.8375,0.2018,0.9611,0.3252,0.2507,0.8022,0.7741,
Train1Val_UniProt,cls,bio_dna_geom_prot,nt_v3_650m,esm1b_650m,PyTorch_Concat,0.5806,0.8431,0.1943,0.9641,0.3158,0.2485,0.7998,0.7768,
Train1Val_UniProt,mean,dna,nt_v3_650m,,Pure_XGBoost_Concat,0.6189,0.6674,0.4684,0.7683,0.5504,0.2482,0.6795,0.6733,
Train1Val_UniProt,mean,dna,nt_v3_650m,,Pure_XGBoost_Concat,0.6189,0.6674,0.4684,0.7683,0.5504,0.2482,0.6795,0.6733,
Train1Val_UniProt,mean,dna,nt_v3_650m,,Pure_XGBoost_Concat,0.6189,0.6674,0.4684,0.7683,0.5504,0.2482,0.6795,0.6733,
Train1Val_UniProt,mean,dna,nt_v3_650m,,Pure_XGBoost_Concat,0.6189,0.6674,0.4684,0.7683,0.5504,0.2482,0.6795,0.6733,
Train1Val_UniProt,cls,bio_geom,nt_v3_650m,esm1b_650m,Hybrid_Concat_XGBoost,0.5731,0.88,0.1657,0.9776,0.2788,0.2457,0.7842,0.7735,
Train1Val_UniProt,center,dna,nt_v3_650m,,Pure_XGBoost_Concat,0.6174,0.6598,0.4789,0.7549,0.555,0.2433,0.6735,0.6765,
Train1Val_UniProt,center,dna,nt_v3_650m,,Pure_XGBoost_Concat,0.6174,0.6598,0.4789,0.7549,0.555,0.2433,0.6735,0.6765,
Train1Val_UniProt,center,dna,nt_v3_650m,,Pure_XGBoost_Concat,0.6174,0.6598,0.4789,0.7549,0.555,0.2433,0.6735,0.6765,
Train1Val_UniProt,center,dna,nt_v3_650m,,Pure_XGBoost_Concat,0.6174,0.6598,0.4789,0.7549,0.555,0.2433,0.6735,0.6765,
Train1Val_UniProt,center,dna,nt_v3_650m,,Pure_XGBoost_Concat,0.6174,0.6598,0.4789,0.7549,0.555,0.2433,0.6735,0.6765,
Train1Val_UniProt,mean,bio_dna_geom_prot,nt_v3_650m,esm1b_650m,PyTorch_Concat,0.5761,0.8511,0.1807,0.9686,0.2981,0.2428,0.793,0.7784,
Train1Val_UniProt,mean,dna_geom_prot,nt_v3_650m,esm1b_650m,PyTorch_Transformer,0.5731,0.8626,0.1702,0.9731,0.2843,0.2406,0.763,0.7502,
Train1Val_UniProt,cls,bio_dna_geom_prot,nt_v3_650m,esm1b_650m,Hybrid_Transformer_XGBoost,0.5769,0.8378,0.1867,0.9641,0.3054,0.2401,0.7913,0.7685,
Train1Val_UniProt,mean,bio_dna_geom_prot,nt_v3_650m,esm1b_650m,PyTorch_CrossAttn,0.5761,0.8414,0.1837,0.9656,0.3016,0.2398,0.8083,0.7814,
Train1Val_UniProt,cls,bio_dna_geom_prot,nt_v3_650m,esm1b_650m,PyTorch_Transformer,0.5716,0.8207,0.1792,0.9611,0.2942,0.2254,0.7938,0.7696,
Train1Val_UniProt,center,dna_spliceai,nt_v3_650m,,Hybrid_Concat_XGBoost,0.6099,0.6385,0.5,0.719,0.5608,0.2245,0.6753,0.6807,
Train1Val_UniProt,center,dna_geom,nt_v3_650m,esmc_600m,Hybrid_Concat_XGBoost,0.5559,0.9186,0.119,0.9895,0.2107,0.2208,0.7473,0.7544,
Train1Val_UniProt,center,geom_prot,nt_v3_650m,esmc_600m,Hybrid_Concat_XGBoost,0.5574,0.9022,0.125,0.9865,0.2196,0.22,0.7702,0.7778,
Train1Val_UniProt,mean,dna_geom_prot,nt_v3_650m,esm1b_650m,Hybrid_CrossAttn_XGBoost,0.5611,0.8496,0.1446,0.9746,0.2471,0.2139,0.7915,0.7811,
Train1Val_UniProt,mean,bio_dna_geom_prot,nt_v3_650m,esm1b_650m,Hybrid_CrossAttn_XGBoost,0.5574,0.87,0.131,0.9806,0.2277,0.2118,0.7813,0.7764,
Train1Val_UniProt,mean,dna_geom_prot,nt_v3_650m,esm1b_650m,PyTorch_CrossAttn,0.5574,0.8558,0.134,0.9776,0.2318,0.2081,0.7731,0.7575,
Train1Val_UniProt,mean,bio_geom_prot,nt_v3_650m,esm1b_650m,Hybrid_Concat_XGBoost,0.5529,0.8696,0.1205,0.9821,0.2116,0.2023,0.781,0.7737,
Train1Val_UniProt,cls,bio_dna_geom,nt_v3_650m,esm1b_650m,PyTorch_Concat,0.5394,0.963,0.0783,0.997,0.1448,0.191,0.7834,0.7762,
Train1Val_UniProt,mean,geom_prot,nt_v3_650m,esm1b_650m,PyTorch_Concat,0.5506,0.8421,0.1205,0.9776,0.2108,0.1906,0.8011,0.7851,
Train1Val_UniProt,cls,dna_geom_prot,nt_v3_650m,esm1b_650m,Hybrid_Transformer_XGBoost,0.5394,0.9464,0.0798,0.9955,0.1472,0.1878,0.7566,0.7519,
Train1Val_UniProt,mean,bio_dna_geom_prot,nt_v3_650m,esm1b_650m,Hybrid_Concat_XGBoost,0.5461,0.8642,0.1054,0.9836,0.1879,0.1862,0.8032,0.7921,
Train1Val_UniProt,mean,dna,nt_v3_650m,,Hybrid_Concat_XGBoost,0.5881,0.6304,0.4187,0.7564,0.5032,0.186,0.6271,0.628,
Train1Val_UniProt,mean,dna,nt_v3_650m,,Hybrid_Concat_XGBoost,0.5881,0.6304,0.4187,0.7564,0.5032,0.186,0.6271,0.628,
Train1Val_UniProt,mean,dna,nt_v3_650m,,Hybrid_Concat_XGBoost,0.5881,0.6304,0.4187,0.7564,0.5032,0.186,0.6271,0.628,
Train1Val_UniProt,mean,dna,nt_v3_650m,,Hybrid_Concat_XGBoost,0.5881,0.6304,0.4187,0.7564,0.5032,0.186,0.6271,0.628,
Train1Val_UniProt,mean,bio_dna_geom,nt_v3_650m,esm1b_650m,PyTorch_Concat,0.5394,0.931,0.0813,0.994,0.1496,0.1847,0.7883,0.7733,
Train1Val_UniProt,cls,bio_geom_prot,nt_v3_650m,esm1b_650m,Hybrid_Concat_XGBoost,0.5454,0.8537,0.1054,0.9821,0.1877,0.1821,0.8019,0.777,
Train1Val_UniProt,mean,bio_dna_geom_prot,nt_v3_650m,esm1b_650m,Hybrid_Gating_XGBoost,0.5356,0.9592,0.0708,0.997,0.1318,0.1801,0.7789,0.7782,
Train1Val_UniProt,mean,dna_spliceai,nt_v3_650m,,Hybrid_Concat_XGBoost,0.5829,0.6233,0.4111,0.7534,0.4955,0.1751,0.6331,0.6354,
Train1Val_UniProt,mean,bio_dna_geom,nt_v3_650m,esm1b_650m,Hybrid_Concat_XGBoost,0.5379,0.9,0.0813,0.991,0.1492,0.1745,0.7635,0.7507,
Train1Val_UniProt,mean,dna_geom_prot,nt_v3_650m,esm1b_650m,PyTorch_Concat,0.5409,0.8611,0.0934,0.9851,0.1685,0.1735,0.7953,0.7835,
Train1Val_UniProt,cls,dna_geom_prot,nt_v3_650m,esm1b_650m,PyTorch_Concat,0.5431,0.7957,0.1114,0.9716,0.1955,0.163,0.7405,0.7246,
Train1Val_UniProt,cls,dna_geom_prot,nt_v3_650m,esm1b_650m,PyTorch_Transformer,0.5364,0.8594,0.0828,0.9865,0.1511,0.1623,0.7579,0.7387,
Train1Val_UniProt,cls,bio_dna_geom,nt_v3_650m,esm1b_650m,Hybrid_Concat_XGBoost,0.5296,0.9512,0.0587,0.997,0.1106,0.1614,0.7651,0.7585,
Train1Val_UniProt,cls,dna_geom_prot,nt_v3_650m,esm1b_650m,Hybrid_Gating_XGBoost,0.5289,0.95,0.0572,0.997,0.108,0.159,0.7338,0.7397,
Train1Val_UniProt,center,dna_geom,nt_v3_650m,esmc_600m,PyTorch_Concat,0.5274,0.9474,0.0542,0.997,0.1026,0.1539,0.7351,0.747,
Train1Val_UniProt,cls,geom,nt_v3_650m,esm1b_650m,Hybrid_Concat_XGBoost,0.5274,0.9474,0.0542,0.997,0.1026,0.1539,0.7265,0.7277,
Train1Val_UniProt,cls,dna_geom_prot,nt_v3_650m,esm1b_650m,Hybrid_CrossAttn_XGBoost,0.5304,0.8958,0.0648,0.9925,0.1208,0.1537,0.7574,0.7527,
Train1Val_UniProt,cls,geom_prot,nt_v3_650m,esm1b_650m,PyTorch_Concat,0.5334,0.85,0.0768,0.9865,0.1409,0.1528,0.7656,0.7443,
Train1Val_UniProt,mean,geom_prot,nt_v3_650m,esm1b_650m,Hybrid_Concat_XGBoost,0.5281,0.907,0.0587,0.994,0.1103,0.1493,0.7648,0.771,
Train1Val_UniProt,cls,dna_geom_prot,nt_v3_650m,esm1b_650m,PyTorch_CrossAttn,0.5319,0.8333,0.0753,0.9851,0.1381,0.1455,0.7427,0.7378,
Train1Val_UniProt,cls,dna_geom_prot,nt_v3_650m,esm1b_650m,Hybrid_Concat_XGBoost,0.5229,0.9667,0.0437,0.9985,0.0836,0.1422,0.7621,0.7659,
Train1Val_UniProt,cls,dna_geom_prot,nt_v3_650m,esm1b_650m,PyTorch_Gating,0.5334,0.8,0.0843,0.9791,0.1526,0.1421,0.7333,0.7194,
Train1Val_UniProt,mean,dna_geom_prot,nt_v3_650m,esm1b_650m,Hybrid_Transformer_XGBoost,0.5274,0.8696,0.0602,0.991,0.1127,0.1404,0.7777,0.7655,
Train1Val_UniProt,mean,dna_geom_prot,nt_v3_650m,esm1b_650m,PyTorch_Gating,0.5251,0.8974,0.0527,0.994,0.0996,0.1386,0.7777,0.7768,
Train1Val_UniProt,mean,dna_geom_prot,nt_v3_650m,esm1b_650m,Hybrid_Gating_XGBoost,0.5191,0.96,0.0361,0.9985,0.0697,0.1277,0.7282,0.7333,
Train1Val_UniProt,mean,dna_geom,nt_v3_650m,esm1b_650m,Hybrid_Concat_XGBoost,0.5176,0.92,0.0346,0.997,0.0668,0.1166,0.5521,0.5712,
Train1Val_UniProt,center,geom,nt_v3_650m,esmc_600m,Hybrid_Concat_XGBoost,0.5116,1.0,0.0196,1.0,0.0384,0.0996,0.7261,0.7277,
Train1Val_UniProt,cls,geom_prot,nt_v3_650m,esm1b_650m,Hybrid_Concat_XGBoost,0.5116,1.0,0.0196,1.0,0.0384,0.0996,0.7367,0.7343,
Train1Val_UniProt,mean,dna_geom_prot,nt_v3_650m,esm1b_650m,Hybrid_Concat_XGBoost,0.5101,1.0,0.0166,1.0,0.0326,0.0916,0.7488,0.7403,
Train1Val_UniProt,mean,dna_spliceai,nt_v1_500m,,Hybrid_Concat_XGBoost,0.5409,0.5594,0.369,0.7115,0.4446,0.0857,0.5636,0.5496,
Train1Val_UniProt,mean,dna_spliceai,nt_v2_500m,,Hybrid_Concat_XGBoost,0.5394,0.5616,0.3434,0.7339,0.4262,0.084,0.568,0.5488,
Train1Val_UniProt,cls,dna_geom,nt_v3_650m,esm1b_650m,Hybrid_Concat_XGBoost,0.5086,1.0,0.0136,1.0,0.0267,0.0828,0.7132,0.7165,
Train1Val_UniProt,mean,dna_geom,nt_v3_650m,esm1b_650m,PyTorch_Concat,0.5116,0.8421,0.0241,0.9955,0.0469,0.0827,0.7609,0.7561,
Train1Val_UniProt,mean,geom,nt_v3_650m,esm1b_650m,Hybrid_Concat_XGBoost,0.5079,1.0,0.012,1.0,0.0238,0.078,0.7377,0.737,
Train1Val_UniProt,center,geom,nt_v3_650m,esmc_600m,PyTorch_Concat,0.5086,0.9091,0.0151,0.9985,0.0296,0.075,0.7566,0.7664,
Train1Val_UniProt,mean,dna_spliceai,nt_v1_500m,,Pure_XGBoost_Concat,0.5296,0.5507,0.3027,0.7549,0.3907,0.0646,0.5253,0.5373,
Train1Val_UniProt,cls,dna,nt_v3_650m,,PyTorch_Concat,0.5161,0.6234,0.0723,0.9567,0.1296,0.062,0.544,0.5427,
Train1Val_UniProt,cls,dna,nt_v3_650m,,PyTorch_Concat,0.5161,0.6234,0.0723,0.9567,0.1296,0.062,0.544,0.5427,
Train1Val_UniProt,cls,dna,nt_v3_650m,,PyTorch_Concat,0.5161,0.6234,0.0723,0.9567,0.1296,0.062,0.544,0.5427,
Train1Val_UniProt,cls,dna,nt_v3_650m,,PyTorch_Concat,0.5161,0.6234,0.0723,0.9567,0.1296,0.062,0.544,0.5427,
Train1Val_UniProt,cls,dna,nt_v3_650m,,PyTorch_Concat,0.5161,0.6234,0.0723,0.9567,0.1296,0.062,0.544,0.5427,
Train1Val_UniProt,mean,dna_spliceai,nt_v1_500m,,PyTorch_Concat,0.5236,0.5662,0.1867,0.858,0.2809,0.0604,0.5682,0.5556,
Train1Val_UniProt,center,dna_spliceai,nt_v1_500m,,PyTorch_Concat,0.5191,0.5535,0.1792,0.8565,0.2708,0.0486,0.5179,0.5146,
Train1Val_UniProt,cls,dna_spliceai,nt_v3_650m,,PyTorch_Concat,0.5131,0.5773,0.0843,0.9387,0.1472,0.0444,0.5509,0.5547,
Train1Val_UniProt,mean,geom,nt_v3_650m,esm1b_650m,PyTorch_Concat,0.5034,1.0,0.003,1.0,0.006,0.0389,0.7585,0.7638,
Train1Val_UniProt,cls,dna_spliceai,nt_v3_650m,,Hybrid_Concat_XGBoost,0.5184,0.5278,0.3148,0.7205,0.3943,0.0386,0.5273,0.5341,
Train1Val_UniProt,center,dna_spliceai,nt_v1_500m,,Pure_XGBoost_Concat,0.5169,0.5258,0.3072,0.725,0.3878,0.0354,0.5253,0.5165,
Train1Val_UniProt,cls,dna,nt_v3_650m,,Pure_XGBoost_Concat,0.5154,0.5304,0.2364,0.7922,0.3271,0.0345,0.5286,0.5164,
Train1Val_UniProt,cls,dna,nt_v3_650m,,Pure_XGBoost_Concat,0.5154,0.5304,0.2364,0.7922,0.3271,0.0345,0.5286,0.5164,
Train1Val_UniProt,cls,dna,nt_v3_650m,,Pure_XGBoost_Concat,0.5154,0.5304,0.2364,0.7922,0.3271,0.0345,0.5286,0.5164,
Train1Val_UniProt,cls,dna,nt_v3_650m,,Pure_XGBoost_Concat,0.5154,0.5304,0.2364,0.7922,0.3271,0.0345,0.5286,0.5164,
Train1Val_UniProt,cls,dna,nt_v3_650m,,Pure_XGBoost_Concat,0.5154,0.5304,0.2364,0.7922,0.3271,0.0345,0.5286,0.5164,
Train1Val_UniProt,center,dna_spliceai,nt_v2_500m,,PyTorch_Concat,0.5131,0.5311,0.1928,0.8311,0.2829,0.031,0.5313,0.525,
Train1Val_UniProt,center,dna_spliceai,nt_v2_500m,,Pure_XGBoost_Concat,0.5154,0.5184,0.381,0.6487,0.4392,0.0309,0.5149,0.5108,
Train1Val_UniProt,cls,dna_spliceai,nt_v3_650m,,Pure_XGBoost_Concat,0.5131,0.5227,0.2605,0.7638,0.3477,0.0282,0.5229,0.5193,
Train1Val_UniProt,cls,geom,nt_v3_650m,esm1b_650m,PyTorch_Concat,0.5026,1.0,0.0015,1.0,0.003,0.0275,0.7725,0.7768,
Train1Val_UniProt,cls,dna_geom,nt_v3_650m,esm1b_650m,PyTorch_Concat,0.5026,1.0,0.0015,1.0,0.003,0.0275,0.7447,0.7596,
Train1Val_UniProt,center,dna_spliceai,nt_v2_500m,,Hybrid_Concat_XGBoost,0.5094,0.5105,0.3645,0.6532,0.4253,0.0185,0.5126,0.5011,
Train1Val_UniProt,cls,dna,nt_v3_650m,,Hybrid_Concat_XGBoost,0.5086,0.5113,0.3072,0.7085,0.3838,0.0172,0.4977,0.5143,
Train1Val_UniProt,cls,dna,nt_v3_650m,,Hybrid_Concat_XGBoost,0.5079,0.5101,0.3057,0.7085,0.3823,0.0156,0.4977,0.5143,
Train1Val_UniProt,cls,dna,nt_v3_650m,,Hybrid_Concat_XGBoost,0.5079,0.5101,0.3057,0.7085,0.3823,0.0156,0.4977,0.5143,
Train1Val_UniProt,cls,dna,nt_v3_650m,,Hybrid_Concat_XGBoost,0.5079,0.5101,0.3057,0.7085,0.3823,0.0156,0.4977,0.5143,
Train1Val_UniProt,cls,dna,nt_v3_650m,,Hybrid_Concat_XGBoost,0.5079,0.5101,0.3057,0.7085,0.3823,0.0156,0.4977,0.5143,
Train1Val_UniProt,mean,dna_spliceai,nt_v2_500m,,Pure_XGBoost_Concat,0.5079,0.5099,0.3117,0.7025,0.3869,0.0155,0.5176,0.5161,
Train1Val_UniProt,mean,dna_spliceai,nt_v2_500m,,PyTorch_Concat,0.5041,0.5092,0.125,0.8804,0.2007,0.0083,0.5542,0.5427,
Train1Val_UniProt,cls,dna_spliceai,nt_v2_500m,,PyTorch_Concat,0.5034,0.5065,0.1175,0.8864,0.1907,0.006,0.4964,0.5025,
Train1Val_UniProt,center,dna_spliceai,nt_v1_500m,,Hybrid_Concat_XGBoost,0.4996,0.4961,0.2892,0.7085,0.3654,-0.0026,0.4944,0.5035,
Train1Val_UniProt,cls,dna_spliceai,nt_v1_500m,,PyTorch_Concat,0.4989,0.4878,0.1205,0.8744,0.1932,-0.0077,0.5257,0.5065,
Train1Val_UniProt,cls,dna_spliceai,nt_v1_500m,,Hybrid_Concat_XGBoost,0.4959,0.4898,0.2907,0.6996,0.3648,-0.0107,0.509,0.5054,
Train1Val_UniProt,cls,dna_spliceai,nt_v2_500m,,Pure_XGBoost_Concat,0.4929,0.4769,0.1867,0.7967,0.2684,-0.0209,0.5129,0.5076,
Train1Val_UniProt,cls,dna_spliceai,nt_v2_500m,,Hybrid_Concat_XGBoost,0.4861,0.466,0.2169,0.7534,0.296,-0.0353,0.4806,0.4871,
Train1Val_UniProt,cls,dna_spliceai,nt_v1_500m,,Pure_XGBoost_Concat,0.4839,0.4665,0.2515,0.7145,0.3268,-0.0383,0.4881,0.4893,
